{
    "r2_high": 0.5766071848429856,
    "r2_low": -0.028980493666135088
}