{
    "r2_high": 0.551425506576056,
    "r2_low": -0.0016899296701682331
}