{
    "r2_high": 0.34131059399289165,
    "r2_low": 0.03256645547026249
}