{
    "r2_high": 0.6786893695360219,
    "r2_low": 0.14718011886969684
}