{
    "r2_high": 0.48924677149578366,
    "r2_low": 0.002327480007021321
}