{
    "r2_high": 0.35035642589220717,
    "r2_low": -0.04538232304846668
}