{
    "r2_high": 0.4669153270356271,
    "r2_low": 0.07838065456045828
}