{
    "r2_high": 0.4450387347148954,
    "r2_low": 0.0019258293053610043
}