{
    "r2_high": 0.38376828218303827,
    "r2_low": 0.09642371712859688
}