{
    "r2_high": -0.276411607903571,
    "r2_low": -0.02982529354009089
}