{
    "r2_high": 0.35479627333377917,
    "r2_low": 0.018586174650996323
}