{
    "r2_high": 0.6633888471262233,
    "r2_low": 0.042914207945378924
}