{
    "Respiration_Rate_mg_DO_per_L_per_H": 0.6615046862198376,
    "Respiration_Rate_mg_DO_per_L_per_H_high": -3.924784730621144,
    "Respiration_Rate_mg_DO_per_L_per_H_low": -0.6832237706325344
}