{
    "r2_high": 0.2655980944618438,
    "r2_low": 0.03991223272583588
}