{
    "r2_high": 0.20432749909284775,
    "r2_low": -0.006382320865793156
}