{
    "r2_high": 0.23736265619510655,
    "r2_low": -0.06280131954903778
}