{
    "r2_high": 0.5068985038173676,
    "r2_low": 0.03552417044587941
}