{
    "r2_high": 0.6262610379944946,
    "r2_low": 0.0225199226433207
}