{
    "r2_high": 0.5279640016160265,
    "r2_low": 0.0862434356838998
}