{
    "r2_high": 0.21747130178005847,
    "r2_low": 0.07656194473251432
}