{
    "r2_high": 0.03198379810498664,
    "r2_low": 0.0291675798335137
}