{
    "r2_high": 0.19864935786593463,
    "r2_low": 0.03717251024872614
}