{
    "r2_high": 0.6209693753726482,
    "r2_low": 0.08268740097178295
}