{
    "r2_high": 0.29859736777385704,
    "r2_low": 0.06328337554626595
}