{
    "Respiration_Rate_mg_DO_per_L_per_H": -0.03960022213873815,
    "Respiration_Rate_mg_DO_per_L_per_H_high": -3647.1450097531033,
    "Respiration_Rate_mg_DO_per_L_per_H_low": 0.019386312311470366
}