{
    "r2_high": 0.44731099181517175,
    "r2_low": 0.005453078286819291
}