{
    "r2_high": 0.5142884033048756,
    "r2_low": 0.0808754365299389
}