{
    "Respiration_Rate_mg_DO_per_L_per_H": 0.4488683156511175,
    "Respiration_Rate_mg_DO_per_L_per_H_high": -7.611231589257049,
    "Respiration_Rate_mg_DO_per_L_per_H_low": -0.6499015411772151
}