Sample_ID,Sample_Longitude,Sample_Latitude,Normalized_Respiration_Rate_mg_DO_per_H_per_L_sediment,mean.error,predict.error
300043,0.00215425132404,41.1354301927,-401.8247688634866,228.00280029881193,1316.9370036245286
300086,0.0929537798368,41.6807228018,-602.4160683633193,406.91821522355144,1359.3822966524804
300022,-0.122749631011,41.9274349592,-524.6600521689493,331.7480959074437,1338.8034186203986
300023,-0.131028213696,41.9189335585,-566.6366841590411,371.7866821119966,1349.2824506259979
300153,0.144292716085,41.1228657667,-468.59208741420167,281.1514617541386,1327.1714052894374
300243,0.15197278372,40.8773167223,-382.9941472118791,215.15696221003714,1314.7738638103904
300040,0.155988967052,42.0066463438,-377.5692583323947,211.68564854021344,1314.2102603348303
300156,0.164458586753,41.8933299794,-238.92150078948623,175.99767982296393,1308.9358188522913
300088,0.168800847112,41.9388674072,-400.2936463033351,226.91524560444142,1316.7491497089245
300012,-0.173455555206,40.9438135929,-394.5405158755609,222.89448866463601,1316.0622126816502
300145,0.20188731385,41.6397877024,-463.04087282226436,276.3826550117159,1326.169358175183
300087,-0.206099109907,41.8023187669,-365.9306307526384,204.6237673289361,1313.0912690012597
300152,-0.211163696326,40.9177701687,-227.62684230330507,178.56563297991735,1309.2835750336785
300101,0.234624198559,42.1529567829,-302.946228718642,177.80855502480014,1309.1805363705416
300064,0.243970624332,41.210952793,-426.68807018701534,246.59454820896082,1320.2827976527728
300046,-0.269155186124,40.8132822771,-246.19704104637967,174.7891073637076,1308.7738638223386
300021,0.276215703,41.369104296,-412.56731129421905,235.8285962806227,1318.3144243294694
300146,-0.280984065103,42.2299979563,-430.9183198604925,249.91637711108223,1320.9072602267656
300085,0.29385672446,41.5812781006,-371.47292166451473,207.91878726810316,1313.608776108964
300135,-0.326989446909,42.7815326509,-205.8080906632661,185.77900689484406,1310.2868517902048
300160,0.343430427561,41.4757787139,-453.2644144683751,268.114150490629,1324.4708348109305
300013,0.343444636563,41.52627697,-333.420746625614,188.11086623446997,1310.619507167101
300147,-0.348060849653,42.1437312781,-640.1374669426899,444.70237508008097,1371.1666554337285
300010,0.348226716958,42.2094408306,-333.10065679761146,187.97470224931448,1310.599970722253
300047,-0.35624070233,41.3268235755,-581.6074194966061,386.38999736088937,1353.3791134164883
300082,-0.397633200755,42.0980471594,-658.4915643728773,463.30900804924715,1377.3137011991962
300136,-0.401895620107,42.5981241067,-79.10425564373178,269.1043617032215,1324.671639335254
300019,0.42257930911,41.4559237712,-442.5483883161884,259.2576918663132,1322.7064471617655
300011,-0.448247656942,41.1773949232,-385.8581060568897,217.03298236557384,1315.0821685377484
300144,0.464663766592,41.9432695395,-485.3282822637731,295.8222148282102,1330.3565602338795
300076,0.477312372639,41.248146714,-481.9286222925598,292.8084557687722,1329.6896579056124
300113,0.494039085023,40.9225655421,-370.8869085986677,207.5644441884703,1313.5527370694792
300111,-0.498265448081,41.4391651338,-469.29795190341315,281.7614850466639,1327.300768110662
300155,-0.498271735081,42.4025079835,-321.9470948253724,183.58666852375586,1309.9778087552106
300083,0.513814205659,41.5395944221,-422.3904720927806,243.26401930673882,1319.6647974621135
300020,0.518770311069,40.8149286152,-485.9927169985044,296.413129257867,1330.4880825350872
300112,0.523215611437,40.981515866,-360.49406397436326,201.51747703856026,1312.610790799557
300051,0.528682410889,41.235617296,-572.7262793796119,377.70880838071,1350.9262520581306
300157,0.53147795512,40.7732811277,-596.4707562027905,401.02769490620204,1357.6306591460116
300126,-0.547902122188,42.6333827096,-101.76777481189347,250.60019451142594,1321.0368095025271
300162,0.551863990807,41.223708827,-646.4190072914573,451.05559561930437,1373.2403085079236
300014,-0.552115636536,42.5811851193,-187.19993977239832,194.0627681638021,1311.4870005298753
300059,0.573149736568,41.1899195902,-479.0609557922775,290.27922122050285,1329.134989699629
300042,0.576806259871,41.8780226341,-349.6040214983424,195.69389777094187,1311.7293532570793
300143,0.610354253647,41.7817638202,-472.39343932783277,284.44610967625675,1327.8732559553298
300018,0.631227983374,41.6149365674,-387.77664180215424,218.30597603748876,1315.2928547457147
300052,-0.648280148493,42.4061675578,-108.1788653937769,245.56941594473415,1320.091713714956
300077,-0.68933734489,41.5685435535,-461.3890920927417,274.9737460087267,1325.876448077091
300049,-0.693616038244,40.9894170896,-141.4051373986772,221.25198493814426,1315.785026290587
300242,0.724716805109,42.7403664075,50.19912971983615,388.4913616682029,1353.9805510649944
300073,0.727088136305,41.6972472602,-330.68276891341185,186.96424757501853,1310.4554263471705
300241,-0.75253902912,42.1846956765,-532.3508767527004,338.96975480605863,1340.6111625839653
300075,-0.776665461116,41.8768378421,-381.07181106995824,213.91439442481362,1314.5710945831672
300097,-0.777174265158,41.9375237311,-603.2203158446373,407.71652528659934,1359.621476574723
300098,-0.789325116163,41.8190158943,-617.9885784479767,422.43506739092015,1364.1074667096516
300041,0.810744995227,41.8025211859,-479.4053099157745,290.5823000679116,1329.2012141448747
300036,-0.839474585313,41.6731914002,-424.6142444247031,244.98171464275873,1319.9825131723367
300062,0.885146125383,41.9107119519,-179.31955770677394,198.1010480400355,1312.090629417805
300080,-0.885270192102,41.6499643553,-416.72287864675985,238.9430033324551,1318.875109103582
300159,-0.914512004521,41.6144976853,-522.6931443925332,329.9104300789392,1338.3492393416311
300009,-0.914526750522,41.6694686299,-575.8831241412421,380.7887028175792,1351.790601670594
300134,-0.93141728692,42.2069805554,-264.6278370614358,173.34155341795557,1308.581326747712
300096,-0.947740310271,41.5774309223,-550.0687533153687,355.8101885344095,1344.9679121958054
300008,-0.956457198992,41.7102368563,-535.4907994954482,341.93411677088466,1341.363759307421
300054,0.977183815998,42.2531089052,-171.84484924875693,202.19856176374898,1312.7155262854099
300063,-0.9940287921,42.6063891984,-414.47566908420606,237.2530254957689,1318.5699801976184
102171,-100.017947584,37.7479231284,-358.2715700773122,200.28486934560135,1312.422120912413
102323,-100.180657326,33.0102132144,-89.10840316952277,260.80600480419395,1323.010796143923
301459,10.0187117201,48.4105934837,-697.7652100235239,503.5174753426591,1391.3546070455573
102224,-100.194220496,34.5683416663,-289.81003260945613,175.15748195327205,1308.8231118282038
102225,-100.222925096,34.9562559834,-371.15138777100015,207.72419472404766,1313.577989936344
102324,-100.235424988,33.3354223653,-489.275783515538,299.3418448461262,1331.1436190912436
101951,-100.368759484,44.3770907509,-445.7171458060807,261.8528205401585,1323.2175536155376
102194,-100.369857014,35.9354228095,-479.40429147704924,290.5814034443627,1329.2010181304959
102010,-100.37252051,41.0189846951,-426.72737600717824,246.62521746137625,1320.288526216646
102197,-100.519232917,36.8227629849,-461.7565830248301,275.2867947356268,1325.9414066719792
104043,-100.623046957,41.0851394965,-286.5172624978127,174.6730493325751,1308.7583691173065
313265,10.0688057842,50.9562196233,-640.1162691154791,444.6809624294938,1371.1597109449622
101965,-100.756678008,41.1563933674,-295.9426168270198,176.25355041644184,1308.97024741048
102008,-100.761028311,41.1187569343,-402.9761973726347,228.82537391896489,1317.0796658974755
102334,-100.764591705,32.0562554455,-131.94016546014325,227.84995102851195,1316.9105492610904
101945,-100.818759801,45.6562575488,-274.6375646483576,173.53997134205912,1308.6076250063861
101946,-100.843487998,45.260129149,-311.0497815827858,180.00058551510537,1309.4800515308482
301375,10.089530472,47.9390890206,-535.7909708145677,342.2179752670209,1341.4361472568537
101944,-100.935426618,46.3770909634,-326.994620703794,185.48538728100414,1310.2452531744718
101623,-100.960427116,48.9967674342,-529.0413473770926,335.85517897489115,1339.8270395150669
101943,-100.973297864,46.8354673043,-234.70754440938265,176.85866039923906,1309.051863116838
102391,-101.001758837,29.6766518496,-592.9000125498924,397.4993263720032,1356.5926098271539
102333,-101.013093652,32.1979221272,-131.71277484048886,228.01192974112038,1316.938584245948
301380,10.101711937,49.03075569,-433.5467396872447,252.0013395184631,1321.303322364154
301397,10.102317215,48.8690742826,-465.1330950530843,278.1739411254886,1326.5438311992327
102029,-101.03089702,42.3983641352,-317.16471307007987,181.9249080675838,1309.745955041225
300239,-1.01065689748,42.6397117372,-272.6445951978664,173.44507761891853,1308.5950441300336
102223,-101.418754189,34.8389546627,-267.014131613586,173.32574832001058,1308.5792332152237
101941,-101.431260283,47.5022316915,-383.35624639154463,215.39252542168,1314.81243323106
102390,-101.443953398,29.802283315,74.32869176184414,412.34758514607813,1361.0173862031497
102196,-101.489320042,36.7189463133,-445.05220266883134,261.3065535055819,1323.1095606473475
101950,-101.493759808,44.6020906935,-268.71748374351154,173.3386433649769,1308.5809412699937
101942,-101.62129171,47.2854243476,-288.1684844041925,174.9068224807437,1308.7895900876358
102384,-101.756258492,29.7770883199,-310.64622512474466,179.88166282425811,1309.4637097651357
304008,10.1965314968,51.1228334521,-443.4333503378675,259.9803828413576,1322.8482883663532
102170,-102.01048068,38.0308437008,-323.421907055061,184.12625620269208,1310.0535381405873
102007,-102.252092838,40.9812568119,-452.2968324506323,267.3052981333393,1324.307334791137
101949,-102.564645499,44.3687572462,-299.6956903929172,177.0470924673617,1309.077334431621
101964,-102.635426329,41.4937568574,-188.22670227821055,193.55882798089513,1311.412526423623
101939,-102.768997299,47.7894401763,-611.4363928478141,415.8913583146266,1362.0952303316521
301340,10.2774166655,48.5773252515,-541.0123878210851,347.16846011185356,1342.7076130967184
102193,-103.043704761,35.3938102936,1.6427465775223027,341.65267677490334,1341.292043560577
101940,-103.251991799,47.5895909077,-362.5807685685545,202.69464086024666,1312.7920292281317
102005,-103.527093074,40.3562566352,-387.5356983590476,218.1453976046397,1315.2662122428062
101947,-103.827093639,44.0145904349,-138.64147421765668,223.14875491692626,1316.1053002675835
102003,-103.918558176,40.3189248751,-299.44709173499604,176.99167819735084,1309.0698410407929
301489,10.3980964645,48.8399104622,-535.9852291800446,342.40171997641625,1341.483034709817
102389,-104.001812299,30.6143737422,-256.01524875080156,173.72691889936488,1308.632430028279
102388,-104.039592477,32.0770886432,-179.49911234988744,198.00575175792937,1312.0762448503801
313460,10.4145713649,53.8145929048,-621.4156768106243,425.8659932376278,1365.1738492835714
313268,10.4146886429,50.5766381389,-510.8169845652868,318.8997693268526,1335.677677229118
101938,-104.156261024,47.677090838,-407.00027662915676,231.73128612737696,1317.587637898026
102192,-104.377082418,35.6562662694,-127.46543202863033,231.06608279409343,1317.4708077180528
102387,-104.385426059,34.6020890471,125.69048492411756,464.0712975974687,1377.5703117537232
101912,-104.472927859,48.1229241899,-445.5325458156768,261.701077645204,1323.1875334252939
102001,-104.564593328,40.4145899051,-337.50873432139406,189.89837371959902,1310.8772585230092
102000,-104.589593337,40.4437565735,-646.7003311013278,451.34049824982105,1373.333914214547
103917,-104.594136472,40.4766050332,-434.79792814135453,252.99933550674302,1321.4940250861164
101998,-104.63920595,40.4152104071,-316.367275233124,181.66107459663692,1309.7093343925808
103928,-104.648541277,40.5526015865,-358.7307427114505,200.5377211821703,1312.4607316748145
103929,-104.656277006,40.5522029004,-364.5777823089374,203.838910439525,1312.9691907964268
102386,-104.7605826,35.060083714,-222.53271902540465,179.99107531598932,1309.4787442966986
103894,-104.781201916,40.3398099909,-314.17226827725995,180.95470420695656,1309.611545285883
101993,-104.784979359,40.3479443965,-291.6863353382132,175.466180189999,1308.86446011874
103623,-104.852180655,39.6018993478,-544.9690543563242,350.93556205478507,1343.6865569343765
101971,-104.864617579,39.6563259203,-125.02846533775377,232.84244187118168,1317.783516860029
101981,-104.868760009,39.9229231494,-387.800564014365,218.32193017583757,1315.2955028308866
101999,-104.868760126,40.8979232831,-387.453260119036,218.09050245499026,1315.2571086416988
101989,-104.881260051,40.2577383991,-332.87671166480243,187.87976897772347,1310.5863581475944
103699,-104.947883704,39.8106580281,-294.36173459248266,175.94705369639132,1308.9290126954527
103704,-104.948201056,39.8225577451,-406.4421582011678,231.32540134834193,1317.5163133261096
101980,-104.958878425,39.8283258586,-281.98364089760264,174.12648242269452,1308.68553382864
101948,-104.968760626,44.293757044,-722.1207825512075,528.6799718317665,1400.6570983604406
101973,-105.002093351,39.7395897812,2.4170690155233956,342.38487610593353,1341.4787355592066
101974,-105.002093353,39.7562564506,-213.54944652458786,182.89408319437493,1309.8809259772288
103926,-105.010486451,40.5607716882,-350.62934896935303,196.21856606695943,1311.8077299058828
102169,-105.01556621,38.3895895885,-244.06389497247199,175.10663653943362,1308.8163082463502
103669,-105.017770119,39.7397155792,-256.11814824386835,173.71928751410778,1308.631416948967
101968,-105.018625731,39.6188952852,-204.97792641474297,186.1087261790875,1310.3336416849925
101997,-105.018908236,40.5563823418,-316.5256737394779,181.71317635560655,1309.7165620975768
101996,-105.027026468,40.5689408458,-346.5450443594513,194.15888268226954,1311.5012261892396
101992,-105.029870927,40.3854036056,-444.9681520396023,261.237567508957,1323.095938036788
103702,-105.031461259,39.8229480471,-412.8372911503417,236.02950829828845,1318.3503795876813
103667,-105.034732247,39.7358397789,-408.24951024297366,232.6430478980167,1317.7483000583725
103644,-105.036121131,39.6852842157,-329.18533108855513,186.35463606123096,1310.3685912570422
103821,-105.03976113,40.1564567137,-603.119438648605,407.61637386253994,1359.5914470208677
103933,-105.043895871,40.5648744845,-352.14590472087656,197.00380961348532,1311.9254154004632
101967,-105.052069125,39.5601887464,-210.89280110886642,183.84502368724588,1310.0140408812479
101991,-105.060300871,40.3810015823,-407.63297781488535,232.1925042709013,1317.6688330574734
103716,-105.063756705,39.8854549663,135.6305379560598,474.202844629454,1381.0163403906986
103619,-105.064518601,39.5981323605,-245.77408767211608,174.8496232370435,1308.7819472003684
101995,-105.069710289,40.5891556375,-324.0705172689721,184.36755638081053,1310.087474337986
103923,-105.072645848,40.5142164663,-369.50041757654975,206.73161798558837,1313.4213933259923
103640,-105.094572811,39.665014459,-322.2957120439641,183.7130740827617,1309.9955298245832
103688,-105.122561414,39.7770682913,-193.84363432050375,190.89608620438173,1311.0221623983334
103810,-105.122820558,40.135484434,-461.3913173636054,274.9756409095316,1325.8768410621929
103683,-105.130843384,39.7647286653,-252.23920874559536,174.05736198311155,1308.67633883706
103700,-105.1313219,39.8234787672,-280.7322233907905,174.00034200352104,1308.6687562514794
103725,-105.148898964,39.9316731311,-254.9556165326099,173.80974907421142,1308.6434286866274
103813,-105.151398989,40.1486176051,-826.8717327114424,638.3414942091896,1445.6201637361983
103800,-105.160332804,40.1021619892,-185.27683593486918,195.02063313225312,1311.6290793965939
103737,-105.167787859,39.9519509108,-193.7098630393469,190.95762221421128,1311.0311239833925
101911,-105.172928047,48.172924131,-468.2532330576605,280.8589040749748,1327.1094599051157
103773,-105.211131312,40.0356614907,-353.54375608153094,197.73722281557198,1312.0357479345853
101994,-105.222926846,40.6645898927,-162.57589272405858,207.61729642800486,1313.561089689979
103751,-105.231100203,40.002536768,-183.47924668999772,195.93228298772908,1311.7649385801694
101979,-105.235197562,39.7520897672,-72.15916523555882,274.975531405658,1325.87681835202
103988,-105.247612894,40.7019953428,384.74141295609763,735.3554840966013,1491.001503205949
101986,-105.259998817,40.2180474378,-263.4224425373688,173.36456021873195,1308.5843745480404
101935,-105.314594412,46.4479239323,-203.1799676259456,186.83604794127922,1310.437142094869
101934,-105.352094156,44.9312570888,-253.49280969779528,173.93679220569368,1308.660308198525
103804,-105.364703751,40.1102451549,-86.73499693441684,262.7569743244239,1323.3967742621928
103670,-105.3977815,39.7479841249,-22.60377966006955,319.0190952428709,1335.706171918447
101978,-105.435147311,39.7483204449,4.300181640999654,344.16779388104675,1341.9348959306476
101977,-105.497868426,39.7441539326,-54.1277491732741,290.59752657602814,1329.204542959268
101990,-105.513034654,40.377353138,-172.8450873314332,201.63575272348297,1312.6289541785284
101985,-105.528343115,40.2188801729,-103.21742740954267,249.45418517714666,1320.8198912318992
103902,-105.585496873,40.3565654343,-77.68138409396866,270.300114278822,1324.915071372726
102383,-105.606259441,31.0812550748,-401.0945160781538,227.4832044889667,1316.8471448486423
101976,-105.626122503,39.7658273164,30.76543449437264,369.53641124043315,1348.664136767902
102365,-105.652402359,36.6852170405,-150.05414251542297,215.48370672989427,1314.8273736264798
102385,-105.656259776,35.7770891624,-53.909615415075464,290.7896101545312,1329.246550473341
102366,-105.668628824,36.377178688,-363.87096543151614,203.43195038278515,1312.9060716624
102362,-105.735174166,37.3226702872,-311.0648259794584,180.0050384250286,1309.4806636334297
102398,-105.751500431,39.8442153079,-88.36054773694208,261.41952490915753,1323.1318764866867
102364,-105.752093248,37.0812560193,-193.11402785719324,191.23283886246733,1311.0712388084983
102367,-105.756259845,36.3187559052,-74.16332556619565,273.2724241731449,1325.5246555175497
102399,-105.786129271,39.9277710858,-213.6873202056175,182.845864250054,1309.8741942052302
101932,-105.802170063,46.3438327617,-277.83039789243713,173.74922408123118,1308.6353913295643
103386,-105.818872414,37.3645397477,-131.82403839425322,227.93265289505055,1316.9248607370232
102400,-105.826648719,39.9897739309,-311.0440162861379,179.99887944777947,1309.4798170166302
103648,-105.827082693,39.6934534954,-61.57602769705694,284.08173498128195,1327.7952503008237
103620,-105.857243467,39.5991598966,-149.64787445252168,215.74877360467423,1314.8708407609367
102397,-105.860426954,40.3270898018,-121.18835354331131,235.6759437086718,1318.2871254072174
103621,-105.885939218,39.6020229008,-85.01189056366522,264.18043584575014,1323.6801340411143
102368,-105.910624507,36.2106890972,-186.11776072795175,194.5995498138666,1311.5665363828139
103593,-105.959948295,39.4772865635,-90.68979298390843,259.5124382813769,1322.7564024393143
103796,-105.96881836,40.0977422438,-291.1673447380792,175.3784314574287,1308.8526994249278
103599,-105.977248717,39.4855489202,-88.12965326822604,261.60917338189716,1323.1693595942324
103622,-105.996703881,39.6016660728,-106.4451009037853,246.9202543038841,1320.343669866655
103598,-106.02275523,39.4812748468,-70.44833686396021,276.43489899348026,1326.180247158352
102403,-106.031202606,39.4564508488,-100.784481324262,251.38027926435961,1321.185013302255
102401,-106.031256526,39.797900568,3.4241130511883,343.33794421807136,1341.7223030535579
103607,-106.035405744,39.5392478556,-189.43493176545073,192.9725557650978,1311.3261233766243
102404,-106.039593563,39.4895896755,-190.98183104839075,192.23267748267307,1311.2174483523352
103587,-106.043522392,39.4272436494,-179.30568127765355,198.10841901598596,1312.0917423170015
103601,-106.04367156,39.4938251609,-150.92132686168023,214.91991554789786,1314.7350929638135
103594,-106.04784479,39.4804884848,-142.48478481709213,220.5178844228098,1315.6617847766818
103604,-106.047945675,39.5149741126,-145.8543219840845,218.25223061479758,1315.2839354070231
102405,-106.051678542,39.5686101231,-155.95663445027265,211.70105331562422,1314.2127417379563
102407,-106.064651566,39.6228890346,-229.91797125113592,177.97800557087552,1309.2035613450028
102406,-106.110586747,39.5775830478,-75.2789312696583,272.32747192603796,1325.3301651049367
102369,-106.110671147,36.0731670909,286.0876428597837,630.7087078230812,1442.266018699502
103660,-106.114383034,39.7151136752,-79.08148020385921,269.1234722849268,1324.6755217433995
102370,-106.139593227,35.881255817,-183.771283136364,195.78311413302882,1311.7426662082307
102402,-106.180969095,40.0020890899,-250.49231640843055,174.24333411993146,1308.701086595668
102408,-106.222813576,39.8319364219,-84.06640239456432,264.9639846878885,1323.8367375749683
102372,-106.228139533,35.5479224284,-246.34183263091325,174.76866882925484,1308.7711343759847
103617,-106.239604361,39.5896129278,-68.107678005981,278.4396210265443,1326.5995692479542
102371,-106.268561237,35.7768904503,-107.98695246484777,245.71858330130613,1320.119470635538
102411,-106.277472953,39.6271603119,14.205610597082995,353.59683520575885,1344.3840658230743
102361,-106.289593475,38.1645894749,-156.90773329420077,211.1037699365671,1314.1166600621432
102373,-106.323193072,35.6186039192,-375.9467365805153,210.66895961695946,1314.0468808674764
101908,-106.356261647,48.0437573413,-416.8179219632186,239.01477605570804,1318.8881141872544
101910,-106.364594999,48.1312573485,-347.942469490401,194.85445188778806,1311.6043808984255
102168,-106.38973204,39.1727845093,-133.12606252685066,227.00776118767303,1316.7650960634137
313461,10.6396724195,53.8484403236,-608.1341367097889,412.60148757578327,1361.0943325578876
102409,-106.402277819,39.5524428757,-59.13784885800695,286.20532198657617,1328.2512115202046
102410,-106.410839686,39.5689632761,-81.95603767390523,266.7191374676027,1324.1891454255747
102423,-106.423086416,38.3977789502,-179.71234756884476,197.8927749524862,1312.0592002458757
102412,-106.443760335,39.6104229975,-56.35441451616602,288.6408097587685,1328.7781273145827
102360,-106.468760133,37.6812560609,-278.8955457536441,173.83467190336816,1308.6467390885914
102375,-106.535254648,35.3897254313,207.0274560168753,547.8464372972403,1408.0033783449283
102382,-106.539593022,31.8020884895,21.465198763082242,360.5586140202413,1346.231892623128
102381,-106.635519043,31.9395562678,-219.03792185262037,181.0622557296872,1309.6264104779555
102376,-106.677093267,34.9229223097,-350.1523415328498,195.9738493867499,1311.771147805482
101928,-106.693761379,46.2645904571,-341.59188268066026,191.77181406532566,1311.1499621482499
101963,-106.693852795,42.5728313426,-271.62413785278216,173.40713743359552,1308.5900159654152
102415,-106.797191856,39.2065397291,-113.8360495102943,241.21336939313983,1319.2883248727105
103487,-106.799392104,38.5227774585,-221.33083810740052,180.35098617296393,1309.5282634540624
102414,-106.801636462,39.1767848046,-122.39452317712914,234.78149117772858,1318.1275140027576
101961,-106.823038182,41.0230340804,-173.64021926973257,201.19149707531727,1312.5607845227053
101909,-106.838393982,48.9690056739,-373.0878447651113,208.90240397250486,1313.7648225450944
102422,-106.848105372,38.6685314106,-238.32635642435224,176.11217620181725,1308.951218792355
102377,-106.856563874,34.4102225793,-389.1264181061721,219.20926093606855,1315.44307921384
102421,-106.872927007,38.7839384291,-162.31564874394132,207.77457855695712,1313.5859583848987
103558,-106.880648376,39.2603857586,-230.71996509126933,177.7802460039498,1309.1766918337178
103518,-106.902363189,38.818996157,-252.66622323992522,174.01508143859246,1308.670716085422
103514,-106.906152253,38.8146299287,-224.58424843040538,179.39744642937217,1309.3972805672202
102424,-106.93112887,38.5227943605,-243.68937105794737,175.1655523306613,1308.8241918969704
101930,-106.985456957,44.8874970072,-497.0035023186307,306.2920771421808,1332.7237639854416
103522,-106.993196996,38.8898840319,-156.0252587610832,211.65784202876497,1314.205781703811
102379,-106.994209658,33.6813115459,-411.1594874448082,234.78419667869858,1318.127995902338
103485,-106.995908529,38.5226299555,-255.12935291872037,173.79563826521064,1308.6415546097655
103526,-107.035261467,38.9109377127,-37.629791035352426,305.31344646267485,1332.4991914302868
303001,10.7055308849,53.3687859089,-601.1434350319059,405.6556869579724,1359.0049046757692
102420,-107.055891045,38.8563877661,-126.06708260510732,232.08326862164245,1317.6495885270701
101962,-107.056196326,41.8729876817,-250.2550047160457,174.27020818907704,1308.7046649392353
102413,-107.077637674,39.6437562913,-74.11097543813983,273.31682066307576,1325.533809085541
102416,-107.081363102,39.3770594352,-195.3263818172308,190.2202559424256,1310.9239262223623
102380,-107.206259919,33.1479220078,-191.79417955316947,191.84900010406298,1311.1612537794047
103595,-107.285694622,39.4778129316,-125.86045388763485,232.2340555116801,1317.676155628102
103436,-107.301732227,37.948614783,-101.92765852579922,250.47356192116416,1321.0127931980549
101929,-107.306261271,44.8479235799,-34.57003194545008,308.0822839265151,1333.1363352038793
103446,-107.318513604,38.0271380195,-51.70460258727556,292.7351973976859,1329.6735277378857
102417,-107.331383769,39.543450231,-4.67374350878498,335.7004168532869,1339.7882535859621
101927,-107.464594873,46.1479237084,-318.1988398149276,182.27273297420643,1309.7943135306925
102442,-107.544200226,37.476649424,-107.56303571874378,246.04839706883803,1320.1808998283516
102425,-107.647927151,38.5312561032,-7.393549211694932,333.1490691956518,1339.1512598946324
103438,-107.664749535,37.9567125117,-316.11176016816984,181.57734733184336,1309.697723765114
103445,-107.673035471,38.0230633522,-97.50826483053493,253.9951909665736,1321.6850425141376
103443,-107.697871499,37.9980323731,-29.015096222194117,313.138420466318,1334.3138554866289
103450,-107.697995785,38.0772523957,-99.00258515810664,252.79951805037967,1321.4557846927592
300045,-1.07723877899,41.4260490298,-459.253238899572,273.1589835517371,1325.501273053508
102427,-107.743760468,38.1812560493,-221.45976980140637,180.31194962548037,1309.522887829454
101907,-107.889595135,46.9937570914,-277.6398943585822,173.73476543884172,1308.6334717152627
102395,-107.972913447,32.8523015884,-157.42637399187902,210.77952966884874,1314.0646120715955
102426,-107.997850935,38.7857116103,-386.00634960890443,217.1308844255763,1315.098329229752
101925,-108.008633982,45.4770902549,-330.0799808802378,186.7173525764022,1310.4202243267584
102438,-108.027182994,40.5021785323,-236.4947486083566,176.47923459526055,1309.0006550093015
102428,-108.047746462,38.6477419689,-390.3803111976449,220.05398269717583,1315.584109767346
300164,-1.08156701634,41.4681081502,-530.1215677052826,336.87063224606953,1340.081944300914
101921,-108.177094573,43.4270900113,-60.72576993017992,284.82123254551317,1327.9536622488743
101922,-108.181261459,44.7604234956,-250.164745261884,174.2805304777889,1308.7060395195979
102443,-108.202093756,36.7229224856,-278.8578970369487,173.83151850771029,1308.6463202096083
104185,-108.205955979,44.8601765109,-286.06355096913813,174.61205024032841,1308.7502292876904
102419,-108.26554118,39.2395894888,-67.66910960098171,278.81627152267185,1326.6786754287025
102418,-108.317874301,39.3770895032,-144.5128981893677,219.14953311824164,1315.4331273148762
101920,-108.406261227,43.0020899432,-323.65341655358094,184.21210480127658,1310.0656068024869
102439,-108.422927558,40.5476230751,-148.05413117555753,216.79431631751166,1315.0428016452654
101924,-108.451907037,44.8516428752,-333.9295557024115,188.32845464887825,1310.6507549312616
102429,-108.460427378,38.9812561085,-271.5463481834105,173.40454128708774,1308.5896719409172
101918,-108.468897368,45.7977879225,-381.50868089576363,214.19559051623062,1314.6168816685902
102456,-108.648113093,33.1647748042,-186.67987755479626,194.32000909814545,1311.5250895455088
102457,-108.672926872,32.727088539,-198.01888706883182,189.02262546450322,1310.7506809111126
101906,-108.688797062,47.6312570792,-263.33416076034894,173.3666413894231,1308.5846502684112
102444,-108.731260543,36.7979224628,-363.37898914752,203.14995317966833,1312.8624063657064
102430,-108.802621135,39.2113753135,-369.3190163738566,206.62323512491258,1313.4043382998766
101917,-108.843761733,45.4645901789,-462.1265206607337,275.6021640199392,1326.0069183016826
410207,-1.08887625195,9.68960497987,-502.9566043520181,311.697747735149,1333.9764917398716
102431,-109.027094185,39.1291717377,-153.34466548931553,213.3589913730076,1314.480830507299
102432,-109.102094196,39.0895894124,-211.20767282373097,183.730158869961,1309.9979258952408
104156,-109.164365688,43.931357568,-27.590321686597306,314.44118377483056,1334.6201904006878
102433,-109.19376085,38.7979227003,-115.70032312960575,239.79571658085405,1319.0298632942229
102434,-109.293054528,38.8145893627,-139.22481345322825,222.746304719275,1316.037123654779
102437,-109.422414775,40.909825292,-56.20951079915676,288.7679210785667,1328.8057445749885
102436,-109.452252557,41.5146985531,-246.17122088113948,174.7927670045748,1308.774352578995
102483,-109.585624156,31.3522273962,-473.83262184074556,285.6994211223589,1328.142294259581
102440,-109.63542776,40.0645894971,-265.64386650149004,173.329992211302,1308.5797953397498
313267,10.9737393611,51.3488383458,-340.23810483940235,191.141076247274,1311.0578574572587
313410,10.9855953501,52.5775859444,-441.84198665961776,258.6819847353927,1322.593725903043
313273,10.9859513801,51.1519125025,-652.5821937595817,457.3042233701242,1375.3054014594738
102445,-109.864594151,37.1479224398,-397.3078213108686,224.81537382999562,1316.3889041167783
101923,-109.972926084,44.5144389543,-22.754268187001784,318.88052756814346,1335.6730832930598
101913,-109.997928576,45.0020900276,-47.10328644258982,296.8175584877065,1330.5782418174645
103325,-110.106135376,31.4397651895,-358.0719983991511,200.1752670523444,1312.4053992996712
103326,-110.134686082,31.5492367015,-229.07444890902516,178.19045469667503,1309.2324593884998
102441,-110.147927741,38.9854226588,-273.79828387382014,173.49665865003448,1308.601881831972
102435,-110.164695335,42.1936558663,-355.75275202573164,198.91480444789556,1312.213737925341
102459,-110.17263302,31.626794209,-316.091865377449,181.57084473343565,1309.6968222564583
102458,-110.218760559,33.1895885333,-359.92257637775907,201.1984269014131,1312.5618467558224
101905,-110.260429226,48.0062569622,-422.33441055769975,243.22087538508802,1319.6568450906243
313274,11.0351759752,51.1477028041,-636.6181233810153,441.1499161481657,1370.01862873794
101915,-110.564595475,45.5979233699,-193.15375924305584,191.21442972470584,1311.0685537783277
101903,-110.66453046,47.8185388237,-422.07522082518875,243.02151045457555,1319.6201154556093
102810,-110.668761901,44.1020898752,-221.9446343563509,180.16606557070193,1309.5028086089308
102812,-110.702095134,43.4520898024,-87.92644811451083,261.776167886708,1323.2023868799895
102811,-110.714571703,43.6520167099,-237.9914648762588,176.1776348484981,1308.9600274997945
110137,-110.722233144,50.0437570918,-427.4981050498491,247.22734659355297,1320.401134305458
102460,-110.723195803,32.8518326743,-277.883139404071,173.75327120733294,1308.6359286779118
102461,-110.772580003,32.9773319307,-405.38366730726744,230.55812903075164,1317.3818145980354
101914,-110.793762104,45.1145899679,-174.91104262389308,200.4872973809039,1312.453028105216
102484,-110.852332001,40.9648982986,-276.19109047516395,173.6329950333074,1308.619964518228
102814,-110.888257694,43.1978825264,218.4964040686189,559.7944798981217,1412.6951738771745
102466,-110.9229274,33.6187552268,-165.95782292302772,205.59848011116208,1313.2435149641788
102485,-110.960481774,41.2768199074,-231.27797854113376,177.6450883927619,1309.1583448924443
102488,-110.972849004,41.9357739169,-338.7217269340978,190.4458492483444,1310.9566797066084
102489,-110.973254666,42.1266084277,-167.2730706951237,204.8261245450458,1313.1228182723785
102462,-110.97709404,33.102088483,-69.5523924493375,277.2011589912637,1326.340181521148
104052,-111.006172182,41.3186141609,-325.4142007469055,184.8751512071085,1310.159004130912
102487,-111.014758272,41.5061974594,-127.93101202687049,230.72867863305981,1317.41167359152
102486,-111.018441467,41.4345554935,-754.0431692485606,561.8771069650725,1413.5217288400243
102463,-111.039593956,31.6145882639,-269.0092384649151,173.34287205586648,1308.581501422066
102815,-111.039595147,43.0770897334,-278.3198180896503,173.78751598018752,1308.6404759451755
102490,-111.056261684,42.1979229706,-234.98563982464282,176.79824588269258,1309.0437022187796
104111,-111.072754133,42.2106694917,-440.0501913870274,257.22638695196565,1322.309800582229
104085,-111.076612517,41.7768510398,-516.9230145011904,324.5421601587286,1337.0360534749786
101904,-111.085691962,48.3019899167,-465.2595890932074,278.2824778849898,1326.5665954143658
102464,-111.093760679,32.35208837,-344.0193462203378,192.9262508366022,1311.3193100207588
104073,-111.139178292,41.6691729049,-231.8192243919895,177.51591005653276,1309.1408224078305
102491,-111.168646429,42.1942116953,-116.6728806977415,239.05975891670636,1318.8962669235082
102818,-111.241400907,44.0686175994,-294.1027124265087,175.89841423724005,1308.9224754364284
102502,-111.247783032,40.7350473446,26.645389054618278,365.5512880180537,1347.5776559230676
103962,-111.260322145,40.6396954757,-130.2097752955186,229.0865209293079,1317.1250618840058
110162,-111.306263056,49.1479236237,-469.21329997267753,281.6882844357019,1327.2852308979336
102492,-111.318284719,42.1221644823,-460.7228393000745,274.4067949429136,1325.7589840096477
102493,-111.347811257,42.214720134,-449.0093650783416,264.5704652986976,1323.7580313938877
102494,-111.356261778,42.4020896345,-316.94574471533656,181.85208117214756,1309.735841304686
104007,-111.368706717,40.752305141,-142.32017163895387,220.62955939149512,1315.680507208622
102504,-111.397928239,40.8979227971,-372.69601143396187,208.66279064065466,1313.7267428081827
110154,-111.406001283,56.7190100111,-397.3942500537697,224.875762672801,1316.3992187817212
102503,-111.406352916,40.8058098514,-242.51725470201825,175.35602750226144,1308.8496976172723
102447,-111.411016453,35.8778676467,-456.9644919794282,271.22329632178855,1325.103720860789
101901,-111.418762433,46.1479233454,-329.80533796240877,186.6055305624379,1310.4042958598468
104006,-111.472788178,40.7435424143,-243.0335299185475,175.27099338850067,1308.8383076968842
313269,11.1474168285,50.2980845218,-480.2979349349255,291.36874441490386,1329.3733635790095
101902,-111.481262728,47.5270901326,-416.6016688084801,238.8515054773277,1318.8585353404046
102825,-111.506678538,42.8152841117,-274.06764114197046,173.51002828295242,1308.6036544676933
102817,-111.51053996,44.0689992874,-403.4043425266452,229.13226064286687,1317.1330181264009
110155,-111.522932882,58.3819217617,-469.3987842412755,281.8486923641669,1327.3192833522921
103814,-111.546584305,40.1524178994,-82.12074748943523,266.58184382541504,1324.1614984694313
102467,-111.573165691,33.5521596723,-5.274091852421975,335.136639077183,1339.6471033161688
104011,-111.581208927,40.7686565944,-34.826570851714905,307.8496878909331,1333.0826024316711
102446,-111.581261144,36.8645889613,183.59759062112826,523.5298788228423,1398.7213191310525
102495,-111.583567909,42.613816568,-194.8261307007175,190.44698392847863,1310.9568445448178
110142,-111.591123343,50.0479236671,-413.3084464970017,236.38060953236058,1318.4132838887592
103828,-111.602720273,40.1654963865,-143.14788709364026,220.06895667199583,1315.5866145040213
104128,-111.614545392,42.6481823909,-305.3742691414111,178.42171424407275,1309.2639545505122
104129,-111.617789648,42.6561174185,-407.9313644370458,232.41041971597298,1317.7072504027617
102819,-111.618762073,43.9229231073,-419.0709041638984,240.72308781520385,1319.1987718227824
102472,-111.652094227,33.8062552153,-146.16390718498965,218.0460292355483,1315.2497350073259
103889,-111.65612266,40.3138949317,64.70834391566842,402.7971152685685,1358.1543765861568
102816,-111.660428698,43.6145897388,-256.9982207606046,173.6570013894386,1308.6231499950716
103879,-111.664437313,40.281394927,97.95713415866095,436.0005111167947,1368.3691900454196
103865,-111.67319922,40.2482852173,-375.3436871079505,210.29366899705587,1313.9867662163479
102469,-111.692197953,34.539588647,-27.35856184438485,314.65332070336297,1334.670186525909
102470,-111.694035088,34.1606533266,-62.69059930320783,283.114082564198,1327.5885576177654
102496,-111.697986001,42.6441533065,-249.14859635497515,174.40057566465936,1308.72203135869
104014,-111.706424594,40.8020222951,-123.49801039519708,233.96674224306003,1317.9826368534914
102471,-111.714485016,34.0730311584,-173.67441089229212,201.17245634560976,1312.557866062894
104118,-111.726673629,42.4068253269,-277.22510225846224,173.70414932778507,1308.6294074584835
102823,-111.727029041,43.4439851217,-35.74227972943319,307.02010868421263,1332.891271525145
104119,-111.735206102,42.4105520412,-338.1722620459385,190.19689430366338,1310.9205365597911
104113,-111.755994662,42.2567789205,-56.83627438077261,288.2183435705677,1328.686422050746
104110,-111.776400723,42.1938951333,-232.2033048474854,177.4253901144719,1309.1285512235704
102820,-111.77778987,43.8350064171,-404.4036126624505,229.8506584705569,1317.2581826547141
104125,-111.793668663,42.5356087656,-267.18489624796774,173.32613277961948,1308.5792841382556
104008,-111.797485004,40.752697486,-126.14922320187534,232.02336096530377,1317.6390380544617
103985,-111.804456074,40.6944505202,-406.3438215413876,231.25398132971628,1317.5037754983082
102509,-111.806261641,40.7812560854,-169.5922180907351,203.48202436005275,1312.9138314486281
104096,-111.818878409,42.0109530131,-434.1992911053029,252.52140109937295,1321.4026080588164
104108,-111.830653285,42.1683384832,-240.72035469607567,175.66590327396167,1308.891249930455
104005,-111.831206811,40.7436099343,-114.80266209902048,240.47719914112855,1319.1539250133826
103986,-111.833622747,40.6939278192,-334.26477857386124,188.47257604285392,1310.6714716097554
103975,-111.835258026,40.6644825637,-22.244690568651436,319.3498411147129,1335.7852056342906
102468,-111.835427651,34.5062553012,-234.42258517390349,176.92109020040246,1309.0602991188566
103998,-111.842957537,40.7194577753,-15.788857300064137,325.3201008519929,1337.2250979509033
102506,-111.843000824,40.6143984456,-339.8253674406946,190.95066059646666,1311.0301100103227
104077,-111.843373378,41.718760264,-392.88886219677465,221.75988758885933,1315.8705264253301
102498,-111.84790052,41.9229508309,-452.81982572881327,267.7422765460587,1324.3956060111036
104002,-111.847986563,40.7231162546,-126.95012558738895,231.4402638579213,1317.536485379466
313271,11.1855485056,51.3064549513,-534.7715963075475,341.2543305112439,1341.1906324844836
103957,-111.856955409,40.6271681867,-305.55984577758716,178.47012662754415,1309.270552891916
103978,-111.865010972,40.6684021661,-8.022541641073019,332.5600585129007,1339.0048495392225
103970,-111.872478256,40.6604708064,-353.1737877729047,197.5422177648447,1312.006372839288
102507,-111.877105424,40.6645169697,-318.78484135297634,182.47266822819148,1309.822151752583
103990,-111.877224137,40.7021543769,-348.50369762132215,195.1364945341623,1311.6463113471304
102499,-111.885328997,41.7230062933,-314.4374184162573,181.03847761478482,1309.6231232490247
104034,-111.89790435,41.0313092981,-293.32698313100644,175.7554138953329,1308.9032661296903
102821,-111.90209545,43.8229230711,-324.784740652995,184.6360729925228,1310.1252894366828
104044,-111.902367642,41.0933601342,-345.00757406658045,193.40475136308027,1311.3897942340661
104087,-111.910066163,41.7984743356,-294.72192815606087,176.0154311739494,1308.9382057923144
104107,-111.910133257,42.1392964718,-277.5192979374869,173.72574182830914,1308.6322737672522
104103,-111.918748712,42.0980628654,-236.8366601262442,176.40903580867507,1308.9911926695297
102497,-111.922560747,42.0147140865,-322.0345838499009,183.6183246107604,1309.9822455683566
102508,-111.922928325,40.7336181315,-422.6782141814251,243.48558440359244,1319.7056582374003
104041,-111.930634122,41.0854091106,-336.27405428235414,189.34908564073345,1310.7977993590139
104106,-111.931122966,42.1228474214,-306.9948569474556,178.85186558660843,1309.3226433523791
104051,-111.93517074,41.2396935633,35.11890718579673,373.7605221522336,1349.8276639967646
104033,-111.935539476,41.0149825367,-300.14638098403054,177.14858041342788,1309.0910641028547
104078,-111.943514191,41.719098373,-441.2858783504712,258.22949717551217,1322.505299718292
104086,-111.951833404,41.7858596315,-338.05632158447247,190.14456571520196,1310.9129454096005
104040,-111.952618096,41.0813949962,-345.7468939417813,193.76592312391062,1311.4431087681664
104038,-111.964610561,41.0641162568,-332.4001522398348,187.67865943054088,1310.5575431003008
104049,-111.968067292,41.235283901,-35.684045406169105,307.0728345148016,1332.9034174569463
102500,-112.055899188,41.8354809026,-131.5666620455109,228.11609448747828,1316.9566231033093
102822,-112.056404748,43.6058107741,-396.4820767097728,224.23961652362001,1316.2906974487482
110136,-112.08602259,49.9610160989,-395.5531504539881,223.59452828953798,1316.180955511997
102828,-112.089595297,42.6229229308,-249.19503493325587,174.3949359961165,1308.721279827199
102505,-112.091121997,41.2812561188,-300.7743017153832,177.2921788735253,1309.110503838837
102501,-112.097928477,41.5770894842,-384.8616704718885,216.37694432370992,1314.974059290265
102824,-112.135685317,43.4103566829,-478.9039602663487,290.1411017531648,1329.1048316434606
102465,-112.16908913,33.2314138527,-440.33504173862036,257.45733752438264,1322.3547463584027
102829,-112.226873555,42.6273942412,-337.2120889554226,189.76566424886238,1310.8580403305552
103335,-112.256236704,33.3854441485,-609.3792443280631,413.8412734645882,1361.4706732773366
102482,-112.34792618,31.9521093109,-483.071282907169,293.81957976700136,1329.9126813538958
102510,-112.393838404,39.4811790808,-302.14563166474045,177.61466912850716,1309.154217524078
102830,-112.394094776,42.7564040208,-127.02229553258661,231.38781216359368,1317.527272654842
102831,-112.468762275,42.8727030214,-287.0031556851713,174.73992322210268,1308.767296099317
110148,-112.474865225,53.9895905133,-428.7006234532057,248.16964357983812,1320.5778911393281
102826,-112.476835093,43.1313433598,-441.2537565935928,258.2033805267422,1322.5002004865214
102827,-112.518762131,43.1229229472,-378.85895940024966,212.50095147103644,1314.3418310879204
102832,-112.547624312,42.9437605553,-389.0421009057331,219.1526510836624,1315.4336467676542
303004,11.2604084688,53.12809043,-577.0842435999077,381.9622661121536,1352.1216540330174
102477,-112.727094404,33.3520884307,-633.6546762295363,438.16262346922554,1369.0596331704787
102478,-112.76876107,33.2270884114,-358.63563542782214,200.48527090036035,1312.45271854625
102511,-112.768761526,38.2520890541,-362.60581390147763,202.7088850206419,1312.794228597065
110141,-112.847930483,50.7770902545,-434.9713490677184,253.13793935393227,1321.520567721822
110150,-112.847931117,52.935423736,-566.9854572593163,372.1251711937015,1349.3757584925681
110135,-112.868763539,49.7020901715,-460.34080261782003,274.0820489371075,1325.6918058587428
410004,11.2895247222,3.43535075239,-403.1224880993166,228.93017039150004,1317.097876957872
110145,-112.906264076,51.6520903109,-526.3255445273517,333.3071489090849,1339.1905951302654
313411,11.3066924527,52.3977067566,-510.19950590044937,318.33145407276817,1335.5421031264923
110144,-113.081177076,52.3103364343,-551.6271052189813,357.3039663531128,1345.363861170322
313400,11.3189085247,52.0147403829,-505.0841644940285,313.6400399490187,1334.4316652532918
110153,-113.286125156,54.7229237929,-410.146160876569,234.03587813868378,1317.9949115332715
101576,-113.314355972,49.0018555966,-506.63203316634844,315.05645838943315,1334.7652851885025
313272,11.3362639431,50.7145553053,-389.4886239872494,219.4527201368796,1315.483671866332
110140,-113.416683957,50.8312568619,-378.3547620961332,212.18146604594276,1314.2902149467816
102835,-113.452094969,42.0646265476,-124.87440766802496,232.95531350639962,1317.803465112426
102836,-113.500290036,42.6727839289,-422.4052933193326,243.27542676792342,1319.6669003352954
102837,-113.519456673,42.4555616829,-209.95322695285373,184.19120293661973,1310.0626678944373
313412,11.3648770165,52.3318595541,-477.45176398001786,288.8652434440425,1328.8268974706364
101575,-113.656017451,48.7984186747,-115.64767470799214,239.83562785545146,1319.0371196294175
110149,-113.672931217,52.6604236233,-488.695406126642,298.8230401072834,1331.0270485119415
110147,-113.75209813,53.3687569909,-343.55097417076024,192.7011795835195,1311.2862155854198
102698,-113.814582731,46.8269766216,-138.40871642653374,223.3096455745793,1316.1325892090417
110134,-113.827097042,49.5562567254,-392.4556096829961,221.46375670415617,1315.8206527125835
110143,-113.864876138,52.2684785759,-544.2899916527563,350.2880908421315,1343.517599868821
102448,-113.922928274,36.8937554797,-313.880793645272,180.86310851989404,1309.5988922547738
102838,-113.935266025,42.1273243378,-100.18843298266977,251.85421975743807,1321.2752713121818
300142,1.13951636343,42.4105987322,-102.47643534929966,250.03936239740253,1320.930534630626
102839,-113.984931153,42.1649340159,-113.93275570185261,241.13960945491417,1319.2748408953762
102704,-114.010297931,48.4979843299,-395.1054510220964,223.28462055665963,1316.128343418142
102840,-114.022532258,42.2940848456,-78.49466574474206,269.6161919105263,1324.7757113986447
102872,-114.022929247,43.9979229015,-146.6249000550413,217.7396012824651,1315.198969182267
102454,-114.027094723,34.2645884822,-145.84433342781017,218.25888911632882,1315.2850403048553
110139,-114.052097485,51.0354234718,-441.5978665945918,258.4832723224051,1322.554874718607
102699,-114.060763606,46.83134484,-286.54924591865074,174.6774020275139,1308.7589500555607
102700,-114.131166303,46.8728194944,-348.0648303137803,194.9158128164379,1311.6134981988193
102880,-114.185179856,43.31467353,-172.57696725276767,201.78618599782712,1312.6520709734934
102705,-114.186268455,48.3605706165,-368.13450081132487,205.91883984320424,1313.293707886329
102845,-114.272459408,42.3269139813,58.399594738777154,396.56176517120576,1356.3181883935474
102449,-114.298051936,36.6725702364,-339.15036938665673,190.6411584723102,1310.985066991656
102876,-114.319286011,43.326929653,-208.88404397200188,184.5913453444135,1310.118986713616
313401,11.4357260063,51.955897433,-615.1419702676437,419.5895557925246,1363.2289572561244
102841,-114.360738579,42.589682886,-384.0903927716089,215.87157738950413,1314.8909964312952
300035,-1.14396607251,41.7480041774,-433.0321546557451,251.59191046683242,1321.2252964516695
102878,-114.397790326,43.3650061412,-273.20516573058626,173.46898943035615,1308.5982136872422
102450,-114.418786197,36.5229554071,-383.4219570499728,215.4353243022614,1314.8194452200164
102479,-114.419727233,32.7604671378,-395.59763465732607,223.6253567083198,1316.1861930343953
102846,-114.426401278,42.3316727047,-112.17646313143214,242.48290718005097,1319.5210323620995
110138,-114.46668428,51.1729234352,-306.5811926973289,178.74048508218692,1309.3074335612957
102455,-114.46876137,32.8832158339,-488.8368193164607,298.94940871896404,1331.0554246705394
110088,-114.477035602,49.0021821816,-315.09480390234967,181.2480225230047,1309.6521065687448
102703,-114.477097041,49.0020899476,-236.33413949333953,176.51247512096296,1309.005136905421
102855,-114.493762437,42.5604227216,-348.9120332806528,195.34266507106037,1311.676999633872
102856,-114.531087438,42.5935326314,-394.87362894792966,223.1244036105661,1316.101171665014
102480,-114.54002434,32.7187927953,-294.71832171409005,176.01474228009218,1308.938113155614
102879,-114.540308317,43.3311352044,-337.0429096722327,189.69018730401487,1310.8471160783333
102706,-114.584979947,47.3687408305,-120.30322680392501,236.33488043345184,1318.40508580669
102860,-114.622877029,42.564610704,-267.4141936696722,173.32696740228835,1308.5793946873555
102868,-114.68508573,41.94824099,-373.52391211187773,209.1697828073093,1313.807365107651
102867,-114.685363507,41.9399669533,-202.30171825559623,187.19784891464718,1310.4887749270204
102512,-114.689595343,39.2020890247,-94.96303255599926,256.0430482624299,1322.0801175174554
102863,-114.706262497,42.6687560466,-227.84109205567333,178.50926477250908,1309.2758884899215
102481,-114.718761406,32.7187549123,-212.06215283287105,183.4213602376607,1309.954651872684
102452,-114.739652747,36.01453092,128.65804632112955,467.0923907734007,1378.5909821589082
102864,-114.806258316,42.6270291501,-302.664982795083,177.73997356433395,1309.1712236274145
102881,-114.80626255,42.8854227255,-386.798852917591,217.6555780305506,1315.1850612059372
410001,11.4847156654,3.31858991073,-230.23761345732544,177.8986916114727,1309.1927814682317
102870,-114.852219858,42.697823876,-426.90312513607773,246.76239519718592,1320.3141574091007
102869,-114.864603095,42.4524020807,-112.79398168442813,242.00970094918355,1319.4341552063008
102882,-114.869469343,42.8646034728,-325.17266727033757,184.7831447715895,1310.1460243664178
102451,-114.91028175,36.1188669246,-244.1947243673975,175.08627845624497,1308.8135846923005
110146,-114.939658617,52.3764802028,-412.0077522191207,235.41282709220698,1318.2401123205884
313399,11.4975224925,51.2736876585,-547.7276020511479,353.5697190441229,1344.3769340465462
410002,11.5020282958,3.5104069246,-521.6412192583875,328.9292192095422,1338.107703371164
103087,-115.043761746,36.1437553197,-437.1666346612917,254.89824233323517,1321.858883737604
102702,-115.085547215,47.3018809799,-209.36979946440763,184.4087341586509,1310.0932698878535
102701,-115.12685177,47.2977202966,62.84308420587186,400.95121809548397,1357.6080707861545
110076,-115.164597228,49.1812565534,-265.9409291021035,173.3279656828328,1308.5795269142802
102884,-115.172862677,43.0022251762,-382.3390853307831,214.7320225013718,1314.7043911309422
102885,-115.201672802,43.0020893692,-346.4483259751795,194.1110966827202,1311.4941526468276
313402,11.5237813966,51.9310425489,-603.3135652631154,407.8091086390053,1359.6492428786153
102722,-115.352270461,47.0560349576,-135.1057562128287,225.61154565044762,1316.5251095601009
102515,-115.397928224,33.1104215957,-345.59402001954015,193.69101810244285,1311.4320436320795
104325,-115.401764485,47.3853463138,-199.8011801027726,188.25115517534516,1310.6396499405562
102516,-115.502094879,32.6645881998,-176.61452641574985,199.55472430736503,1312.3108940204834
110070,-115.547930727,49.52708987,-353.06160630398693,197.48321522142976,1311.9974904189585
313403,11.5563971753,51.8606314961,-584.3082403133947,389.0399687176898,1354.1380623227874
104326,-115.618863306,47.4187916666,-99.8560151421477,252.118887152834,1321.3257462982529
102713,-115.726337571,47.4646039074,-136.3789567989937,224.72010096528487,1316.372636584831
110066,-115.797930943,50.1520898847,-200.23151722205483,188.06745407078458,1310.6132770013123
102715,-115.801596103,47.5231366502,-113.37637122124069,241.56430508844244,1319.352533655927
313270,11.5807566853,51.073094977,-534.754753734509,341.2384166454332,1341.186583427576
303015,11.5813438284,53.0354990213,-586.8425540141518,391.53064185612067,1354.8557259294134
104329,-115.859345413,47.6269737738,-120.93559071454652,235.86389429111793,1318.320739122928
104331,-115.860459474,47.701599421,-128.88435535271344,230.03978748731026,1317.2911972675818
110071,-115.868810758,49.5978718849,-271.23176983660267,173.3944704074143,1308.5883374611435
104330,-115.88490258,47.6568774163,-44.76876914910804,298.9000472850013,1331.0443391707236
102716,-115.889549784,47.4897492505,-24.170430348509896,317.5777868833558,1335.3626643324958
110069,-115.94758614,50.976705662,-172.69792735003574,201.71828010711695,1312.6416339202506
102717,-115.956003859,47.4935011578,-95.83299258674032,255.3415047776923,1321.9444309930686
104328,-115.960180112,47.6179875971,-119.33319967557017,237.05948474684197,1318.535169754637
102711,-115.964972504,47.6565978513,-11.206827407223841,329.58419080202873,1338.2688569185489
110068,-115.969147248,50.9479251026,-63.889336003203624,282.07556846650357,1327.3674777156298
102710,-115.977683698,47.7071523285,-75.8090350970855,271.8792369588264,1325.238134850022
102886,-115.989336652,42.7808754019,-257.75001301706584,173.60802761507745,1308.6166519740796
110054,-115.997610531,50.8022314015,-176.77403459755845,199.4680744399892,1312.2977205239094
102529,-116.010224306,40.7274036339,-135.06977156946164,225.63681509992642,1316.5294401948975
110065,-116.03959786,50.8812565721,-317.6838676615905,182.0987237335761,1309.7701095065688
313414,11.6065052265,53.0024078096,-494.60722198938214,304.1286062595853,1332.2282100739535
313404,11.6070630805,51.8517929334,-583.5058246053009,388.25218871390734,1353.9119456643373
110161,-116.128077362,58.4020902664,-335.625879178281,189.06396803666058,1310.756643538845
313405,11.6180143684,51.8563214368,-514.475616282311,322.2757444717276,1336.4877291042583
102707,-116.181404936,48.1520123213,-237.0828224335289,176.3589720479323,1308.9844466582692
110074,-116.18150873,49.0025313706,-144.0251930156868,219.47730367349808,1315.487773185004
102723,-116.188931924,47.2730103955,-148.0812916317096,216.77642241460686,1315.0398518243956
313396,11.6194166545,51.5103610361,-501.0385974545941,309.95138884568576,1333.5695175051135
102718,-116.222690321,47.4770254724,-152.81599276570256,213.6976733867452,1314.5358459100155
102720,-116.239747256,47.5521979936,-232.77842938534178,177.29163043182064,1309.110429563765
102719,-116.239805566,47.5147243275,-155.4985259472868,211.98997371003867,1314.2593136535252
102712,-116.252103198,47.56928555,-136.31096786831026,224.76757417329864,1316.3807416439977
102721,-116.310181249,47.5646999937,-153.1310868082285,213.4956906963099,1314.5030256782775
102892,-116.32709669,45.7479228383,-298.5344881574471,176.79170993287784,1309.0428194953909
102696,-116.410430745,48.910423067,-404.26840694463,229.7532815446952,1317.2411946762095
303002,11.6438429126,53.0353745473,-565.3201927461012,370.5097820427924,1348.9311669469457
110052,-116.439598099,51.4229232259,-107.76917991815901,245.88795912685012,1320.1510076559498
102697,-116.502388799,49.0014626455,-418.705452034266,240.44508455581848,1319.14807101345
313406,11.6549558315,51.8559416017,-395.08381147796047,223.26965763833252,1316.1258050024662
104307,-116.560693699,46.964308192,-220.82613306539395,180.5047799275167,1309.549453112838
110073,-116.581264163,49.1145897289,-434.7972947151865,252.99882937417885,1321.4939281873967
104302,-116.639351248,46.9438366933,-133.90525393373875,226.45676445265502,1316.6702171530337
313413,11.6652609103,52.2482588992,-530.2428164787354,336.9846803272373,1340.1106183247343
102724,-116.65636337,47.822916695,-186.6536194289934,194.33303266111977,1311.5270192240491
102891,-116.697857582,45.2526434534,-122.61897686259643,234.6154913289816,1318.0979566568606
104298,-116.706026976,46.9273287169,-480.5477530974747,291.5890548133704,1329.4216680415611
303009,11.6813518667,52.0664303491,-560.8777002077611,366.2100560475829,1347.7565060951572
102894,-116.822930262,46.4520895116,-285.5580747486183,174.54573759804254,1308.7413835762572
103380,-116.831150949,34.1692270523,-96.32789967424253,254.9431397203101,1321.867542177317
313390,11.6841877309,51.7028102581,-574.6255834155522,379.56102483942414,1351.445287885753
313263,11.6936310317,51.073113426,-494.65047718624226,304.1675940991824,1332.2371109796998
102888,-116.964596443,43.7770892813,-315.4742022870247,181.37015216943075,1309.6690141670965
102453,-116.97245323,33.8187535463,-336.66376091911206,189.52158618694477,1310.8227287479672
102890,-116.977096528,44.2437559859,-481.69902815953407,292.60551739705755,1329.6449839647616
102725,-116.97724771,47.7023634901,-378.60308762061084,212.33869797081286,1314.3156079220057
102889,-116.98126313,43.8757779264,-462.55220727899416,275.96535126917877,1326.0824520641893
102898,-117.023031655,46.7312985287,-411.85927596119757,235.3026502126988,1318.2204412648787
102899,-117.036291124,46.7310043947,-575.1814767092317,380.1035890576328,1351.5977704132044
102726,-117.044102454,47.6985175617,-331.80086071470737,187.42751967041073,1310.5216021497904
103379,-117.056588064,34.1476537945,-83.40229805527532,265.51538338757365,1323.9472094411099
102887,-117.064358249,43.7768504593,-305.49374578860346,178.4528576482354,1309.2681990235128
313407,11.7067772298,51.8480247691,-544.1720452344598,350.17567101683306,1343.488293638445
102553,-117.068704755,34.1440296932,-23.738307707585406,317.97506185034433,1335.4572005609846
102895,-117.085739453,46.9143416859,-434.8372407576486,253.0307495945237,1321.5000396563817
102554,-117.097928604,34.1062549591,13.749864462277344,353.1611964957435,1344.2695508274214
102900,-117.135598754,46.7188917287,-402.9378285200428,228.79789878348546,1317.0748927297907
103371,-117.135949415,33.9855357391,-312.6885191542169,180.49384937680574,1309.5479465198318
102727,-117.155968218,47.6810978313,-384.2507046819989,215.97644364953106,1314.9082168664665
102901,-117.172726275,46.7313805227,-534.8110584101141,341.29161766568035,1341.2001203624716
110055,-117.177098265,51.4812564777,-327.8027213022739,185.80288828613357,1310.2902380262628
313382,11.7187094558,51.1278988725,-488.3926220014759,298.5525595269191,1330.966350202561
102728,-117.196331005,47.6726800326,-454.35104695709623,269.0246156692558,1324.6554413912484
104286,-117.222744332,46.7605229191,-357.8654562331783,200.06202564784795,1312.388131871731
102896,-117.234080637,46.976842315,-416.097489960104,238.47133391172991,1318.7897374748907
102513,-117.243762442,38.8895888029,-195.97198311829717,189.9295941992394,1310.881781597463
102556,-117.260540525,34.1854094287,-151.1816025686966,214.75123315730687,1314.707528963775
102517,-117.318762014,34.5729216677,-320.19896131432716,182.96354562525772,1309.8906265788826
102897,-117.318806071,46.9189109542,-373.95561286755276,209.43522401909232,1313.8496518366853
102559,-117.331216299,34.2101836067,-238.15130607232436,176.14629940907142,1308.955810318653
102708,-117.352097618,48.9979229713,-132.51165852022922,227.44355375617684,1316.8402958281201
103376,-117.360051164,34.0313361659,-416.618227422268,238.86400280606176,1318.8607987228925
102902,-117.360430455,46.8770894888,-465.5965746592565,278.5717553761541,1326.6273091809937
102552,-117.360539517,33.2186439047,-494.63148159945115,304.15047223295124,1332.2332019323715
102729,-117.373539251,47.6814006563,-424.6671541765454,245.02273249745372,1319.990126482759
102903,-117.380985085,46.8936722331,-365.31376438282683,204.26492842467675,1313.0353976781396
102560,-117.393486354,33.9898186885,-428.11681634172254,247.7117410777626,1320.4919163854158
300500,11.7423137327,58.6381515729,-374.65606301136177,209.867470870825,1313.9186237743827
103368,-117.431618056,33.9687482777,-621.1058019632557,425.5555442884224,1365.0770365975932
102909,-117.432143804,46.8101689132,-332.92981005087705,187.90225337284784,1310.589581598315
102561,-117.446960798,33.9687549237,-435.0177491211581,253.17503520849183,1321.5276739532444
102730,-117.447704196,47.6608827936,-456.5516561020147,270.8751484653547,1325.0325054984798
110056,-117.447764957,51.3852564398,-192.77322758189524,191.39108012944627,1311.094329224472
102731,-117.447874019,47.6524181689,-387.45933362532423,218.09454596004906,1315.257779125055
110057,-117.451805525,51.3898905422,-196.0770082667411,189.88251760144453,1310.874961642839
103360,-117.464049351,33.9607193071,-557.4275081820226,362.8807367980935,1346.8556803572455
102558,-117.468747774,34.2644731682,-113.39692719898252,241.54860029143072,1319.3496583067738
103365,-117.505823922,33.9689255757,-405.3195655792545,230.51176914952973,1317.373701835549
102732,-117.519078386,47.7397428601,-372.50498174747895,208.54619380938863,1313.708228460123
102906,-117.522930558,47.206256162,-479.3890766093889,290.56800860477705,1329.1980899008233
103359,-117.526654537,33.9649311914,-479.434646150886,290.60812805983824,1329.2068607503857
102563,-117.539455973,34.1856732717,-235.57712292034236,176.67143248874785,1309.0265809482548
103356,-117.559789811,33.948066667,-459.54298946949893,273.40470409866674,1325.5519328923824
313408,11.7571986649,51.8304642216,-497.24777862309656,306.5130291765052,1332.7745614418097
103354,-117.593755363,33.9310391966,-445.588825601231,261.7473328716651,1323.1966825974444
102565,-117.597682904,33.9817919828,-1124.1916885152848,956.3229372648349,1611.487311433228
103374,-117.597809273,34.0114653863,-593.2379969845063,397.83298847181055,1356.6904146812062
110060,-117.60209767,49.018756278,-151.68217944266132,214.4275091950796,1314.6546889853082
110064,-117.610431003,49.0062562759,-151.54645557339603,214.51519146742854,1314.6689932989823
103357,-117.614524166,33.947860708,-609.8947726549807,414.35483021218363,1361.6268651475775
104310,-117.618412569,46.9979816638,-344.0939705487082,192.96221285235026,1311.3246013708151
110159,-117.621778253,55.714589967,-422.7536195160463,243.54368178405466,1319.7163784345425
102564,-117.627132804,34.177204329,-226.9526831152579,178.74490119122345,1309.3080364350142
300110,-1.17630091818,41.8317713133,-485.7791171830704,296.2230974536171,1330.4457591485896
313416,11.7640486505,52.7979823457,-506.67222168081094,315.09327100423053,1334.7739748749962
102566,-117.643497183,33.8851808958,-369.69367393825655,206.84723211652448,1313.4395958725013
313392,11.7653615196,51.8620651892,-581.2229364349232,386.0131225811712,1353.2715637950566
110152,-117.655372408,53.3812329809,-289.4293318341471,175.0977329237161,1308.8151170606475
103358,-117.668684919,33.948134329,-498.5796236938323,307.7190186577278,1333.0524329579564
103369,-117.685640904,33.9731719921,-1326.4924706440902,1175.236419387309,1750.2909575341337
313395,11.7686529919,51.2101631113,-535.2301883741695,341.6877346303495,1341.3009738937312
110059,-117.702098291,51.2145897347,-191.06700783033807,192.19229001991096,1311.211527906367
103370,-117.710423024,33.9898334935,-485.2862834311285,295.78488387820164,1330.348259705816
110061,-117.714597732,49.1729229417,-136.5617745730984,224.59252167039617,1316.350863319396
110151,-117.721463808,53.3687920939,-290.7738429587638,175.3131026883001,1308.843947361812
102893,-117.727387179,45.6193877817,-149.39341714354225,215.9150952659471,1314.8981416578074
102709,-117.772931012,48.92292292,-150.77063237387208,215.01769209776904,1314.7510800476655
102905,-117.795685729,46.9437561163,-444.7938654573337,261.0945644593897,1323.0677103465605
102567,-117.79756792,33.8558538034,-421.978227254755,242.94694790513793,1319.6063860363338
102546,-117.802125725,41.7727579104,-585.8839722460995,390.58810791875294,1354.5836499157235
102904,-117.805888619,46.9437732193,-356.61751961451984,199.38192449666545,1312.2846285724168
313391,11.7813522619,51.8314003497,-550.5537333105028,356.2748645033751,1345.0909164990856
102733,-117.835430761,47.8354228401,-297.15845660845235,176.50050170874778,1309.003522407366
102545,-117.835560537,41.9684397276,-256.2725360017807,173.7079745136542,1308.6299152094484
102910,-117.893378628,46.8608054034,-362.58706363099043,202.6982208272006,1312.7925819785714
102908,-117.922975985,46.9186988802,-570.171267404997,375.22096385020495,1350.232782257981
410003,11.79380547,3.29845975306,-184.6195369307383,195.3521685648531,1311.6784149838109
110062,-117.943704078,49.0145841636,-126.8931694050784,231.48166921107267,1317.54375933105
300585,11.7948898301,59.5113724551,-221.49464402644355,180.30140839170917,1309.5214364184674
102911,-118.138864491,46.7604227341,-479.60871680440937,290.7614081229153,1329.2403812046457
313389,11.8149218437,51.581854561,-487.7789749233478,298.004763730375,1330.8435797558814
102514,-118.202157745,37.8314509863,-242.50105563248718,175.35872452475246,1308.8500589595433
102568,-118.206113305,33.8172274602,-1378.1012577165643,1231.2544563475612,1788.3862364844963
102569,-118.206262104,33.7979215286,-726.50277102735,533.2231745166526,1402.378247268927
110058,-118.218764995,51.0020896621,-462.3389543211741,275.78336910786777,1326.0445924809385
102518,-118.22709574,37.0562552132,-302.7595197687242,177.7629695040076,1309.1743458754204
104323,-118.272862253,47.2976520286,-785.3223920006601,594.6077217888688,1426.848323187297
110086,-118.3020978,49.0062561999,-95.03320484768221,255.98640009953547,1322.0691478161689
102530,-118.306262835,40.4645888722,-249.6810928448755,174.3367895348704,1308.7135327323463
110160,-118.308673675,55.1356610441,-409.7901616458971,233.7736666781608,1317.9483760009737
313383,11.8357329204,51.1657441706,-582.4157468743264,387.1826310189127,1353.6056236342174
102742,-118.364063462,47.3061226343,-548.909184286033,354.69993214093455,1344.6746210263045
102574,-118.423033637,35.7555810516,-209.9532120912889,184.19120845271541,1310.0626686699852
110085,-118.465855396,49.018756183,-257.40738216026864,173.62986350587704,1308.619549018171
102527,-118.602119047,39.4774492935,-285.26633193941694,174.50825461741468,1308.7363850298761
102570,-118.702446249,34.4022910086,-160.51364195765922,208.8711007892067,1313.759845373707
102528,-118.722929451,39.5588113623,-322.30228254844116,183.71546329714147,1309.9958648888687
110083,-118.760014551,49.0020061496,-156.5538777699777,211.3255843041894,1314.152311245907
303012,11.8761940988,51.9148995806,-562.6815882105468,367.9542502757595,1348.2314804466805
313409,11.8761940988,51.9148995816,-558.7072111533566,364.1145697065707,1347.1886335788513
110084,-118.77709789,49.0062561479,-154.27734317238492,212.76403206986032,1314.384391231909
110158,-118.802099824,55.0729231209,-474.33390900578985,286.13672283508095,1328.236431786996
102548,-118.868763284,42.7895890266,-390.2761602818347,219.98361444590026,1315.5723413009769
300240,-1.18971336029,42.2647248481,-565.722333167188,370.8996986793383,1349.0383171177443
102526,-118.993001503,39.4943576249,-286.6095151774319,174.68562305765903,1308.7600473251368
102807,-119.002257668,46.589617197,-379.77285637438365,213.08248158021954,1314.4359773407896
110034,-119.006265771,52.9854230042,-128.36924829407462,230.41167309923947,1317.356190888342
102912,-119.018763952,46.2187559393,-446.56597136875723,262.55144410530147,1323.3559821050535
110087,-119.018918482,49.0022443286,-143.99345272837485,219.49866349639518,1315.491337047932
300597,11.9041366331,59.6535747079,-222.59942517648986,179.97136151491594,1309.4760347318252
104314,-119.052130099,47.0145462351,-469.6730123772937,282.085948260814,1327.3696835387098
102808,-119.068713994,46.3851890921,-569.4654673474698,374.5345018096578,1350.042179940042
102809,-119.085430661,46.3635541513,-527.0019468790241,333.94109859760994,1339.3485177145008
102519,-119.096413596,39.1520886896,-372.43064635740507,208.50086177103094,1313.7010329335646
104315,-119.114238699,47.0355221609,-432.6986823202233,251.3269042923889,1321.1748587498353
102575,-119.139829731,36.873155655,-127.964862564992,230.70417210969023,1317.4073817920823
102747,-119.147681066,47.0062117215,-458.4276082046047,272.45963224986144,1325.3573275827093
104262,-119.185583802,46.3815584478,-448.4924298694703,264.1423313293512,1323.6725296581312
102750,-119.238920193,46.9193140723,-399.53630956687675,226.37998444994426,1316.657013778079
102525,-119.25602611,39.2937629243,-307.7182011762535,179.04922527899808,1309.3496170406363
102743,-119.264390049,47.1897767206,-684.9296765696411,490.3227940862884,1386.6341395523323
300468,11.9284912421,58.3530529333,-234.26711646972726,176.9553742854919,1309.0649330953643
104294,-119.298155494,46.9017842308,-491.4971605630634,301.33172738301687,1331.5925069251045
102524,-119.310723414,39.289804197,-219.0002126101256,181.0742218792183,1309.628064910269
110037,-119.318765113,50.6895895172,-390.38486297978466,220.05705889073388,1315.5846243169199
102542,-119.322726153,39.7358830519,-330.1339992190285,186.73939568206495,1310.42336535608
102576,-119.335415588,36.8313902746,-198.25146806521693,188.9209831745383,1310.7360269921192
102543,-119.339596251,39.7772046973,-267.9909524325833,173.33068026256305,1308.579886476838
313417,11.9357665337,51.9648112257,-528.3271775950409,335.1844395702694,1339.6590622622932
102544,-119.36046151,39.8313204488,-333.04496270058155,187.95106728016776,1310.5965810512425
102752,-119.368331305,46.819029547,-332.2778669276719,187.62725469023266,1310.5501826614825
102754,-119.455571643,46.819094614,-334.66125523168506,188.64381509602867,1310.6961064813752
102744,-119.455602524,47.2615341936,-759.089548794021,567.1450172411687,1415.623984380364
102806,-119.481612975,46.2562558944,-337.1001008044823,189.71568536969386,1310.8508060976062
102541,-119.485429581,39.5645886967,-266.12397980014856,173.3270219468917,1308.5794019120237
102577,-119.539355752,36.485522467,-306.6754814235576,178.76577741144234,1309.310886590717
102540,-119.551858893,39.556120724,-176.90107887515387,199.39914288030607,1312.287244757356
102584,-119.560236008,37.731301737,213.91223507874105,555.0154645218869,1410.8082649424398
103422,-119.560252212,37.7353400994,241.66786813265088,584.0148882368962,1422.4665845825011
313388,11.9560607094,51.5118957253,-560.1801201467832,365.53620036930624,1347.5735632431654
110081,-119.568764729,49.1145893999,-300.5063959382655,177.23059866324382,1309.1021654836507
102734,-119.573953182,47.943989038,-280.8938363293461,174.01602854087002,1308.670842022771
102523,-119.589536741,39.2314405202,-332.4271871129789,187.69003504419777,1310.5591721957248
102755,-119.605645468,46.843466475,-189.14466639783421,193.1127343497627,1311.3467591523965
110082,-119.606314824,49.4810260832,-46.218269098278924,297.60615355948363,1330.7543789925783
103424,-119.606334818,37.7359200914,-176.95042738430826,199.3723872530301,1312.2831795654563
103419,-119.639846387,37.7232773004,-203.51795338581627,186.69795005838824,1310.4174598682116
103418,-119.656202403,37.719022339,-141.1980887861001,221.39321226875455,1315.8087813242962
102585,-119.666304263,37.718504016,-146.9151528912268,217.54704798534132,1315.1671044618581
102520,-119.689596195,38.8770886189,-394.53502272137814,222.8907003170665,1316.061571074577
102522,-119.694882344,39.18138309,-331.02582382493534,187.10565667433605,1310.475608827187
102735,-119.7015693,48.28152506,-298.3386398214502,176.749505339538,1309.0371202564208
102579,-119.702095982,37.0020884407,-448.85628520104626,264.4436276383295,1323.7326870520237
110079,-119.710431411,49.0770893818,-131.03557409690185,228.49525738508896,1317.0223525889487
102803,-119.710547483,46.2570387635,-295.0215360311513,176.07296252039507,1308.945943384279
102758,-119.735918583,46.6400090992,-294.0608531135894,175.8905956642184,1308.921424767188
102536,-119.741910876,39.5185545489,-552.4049256250914,358.0502773269442,1345.5622600479523
102757,-119.83116917,46.831255896,10.464347427519158,350.0257180750148,1343.449216712482
102521,-119.834447683,38.7686643209,-229.22644156498768,178.15183769105235,1309.2272040574742
102535,-119.866485194,39.5105053293,-483.3367426433551,294.0547483134209,1329.96465726617
102740,-119.876937414,47.4688046937,-171.66891827571195,202.29800714937633,1312.7308476104538
102741,-119.896551189,46.9312558973,-321.425502982234,183.3988700295314,1309.9515029570982
102800,-119.918124387,46.2190095193,-358.09020975697655,200.1852610672562,1312.406923678787
102534,-119.972775825,39.5227100953,-239.60241472055253,175.86956341946004,1308.9185986564648
410210,-11.9978107056,13.6684454691,-598.6358688225425,403.17060565719765,1358.2651920142266
102798,-119.981487653,46.2894534722,-453.8084953393206,268.56974835144433,1324.563137151646
313387,11.9982744949,51.3855900028,-607.263506645091,411.7350521909694,1360.831932229014
102737,-119.985086838,48.0773698981,-152.92487793568688,213.62783379877825,1314.5244942354668
102531,-119.993197836,38.9240273897,-301.28850812226744,177.41167699051334,1309.126692762789
102799,-120.01889669,46.2520155451,-452.8597597529036,267.7756639606146,1324.4023560765058
102533,-120.035429655,39.4270886414,-109.20291557793841,244.77498038499948,1319.9441600287219
313394,12.0059472755,51.3893862351,-461.47600326432377,275.04776049590373,1325.8917999313758
110003,-120.060314433,56.1230423998,-301.49189867504185,177.45941614994692,1309.1331631853698
102791,-120.093353953,46.2731955348,-554.2686818320793,359.8404656988451,1346.0397302181736
110080,-120.097931553,49.3520893536,-68.14510476399909,278.4074931443346,1326.592826307441
102738,-120.10196656,47.3556350954,-126.32934717127961,231.8920594002084,1317.6159234709944
104251,-120.131264174,46.3395891673,-359.6715066682644,201.05871752878113,1312.540438411621
102796,-120.143137089,46.2771035921,-572.391755578934,377.38282771531806,1350.8351465763176
102736,-120.144320051,48.8234779448,-63.28901313524522,282.5953647724395,1327.478035510313
313386,12.0146314282,51.3561493184,-607.5090413525783,411.9793642842908,1360.9058715309961
102739,-120.147793222,47.2935778702,-186.1707255602605,194.57314416285766,1311.5626187875562
102786,-120.186710724,46.3437558276,-440.6036086613783,257.6752432490889,1322.3971890301827
102790,-120.198844204,46.3146893812,-361.0866449543396,201.84982646572325,1312.6618555498953
300048,1.20209739461,41.9315420686,-315.59504227266825,181.40923416829196,1309.6744270287093
313264,12.023536575,50.9352207445,-389.54451551244955,219.49032801071434,1315.4899462412102
102532,-120.235852423,39.4314832167,-181.4902121316701,196.9591119747742,1311.918704173907
102586,-120.330850272,37.5230836178,-427.71102270952883,247.39393862998512,1320.4323365634107
102795,-120.377825081,46.251885981,-230.52584398067603,177.82773432535615,1309.1831413773787
102793,-120.401337348,46.2478530997,-358.4850899003462,200.40233018581557,1312.440051398675
102913,-120.406264062,45.5854224219,-341.9656566681555,191.94761747599435,1311.1756870939007
102794,-120.406565051,46.2562583064,-283.40865944332825,174.28317552899435,1308.7063917639898
313415,12.0435834856,52.8437047805,-654.7876031139849,459.54372552620146,1376.0516815301496
102595,-120.460158165,37.6645737675,-471.7586338570338,283.89432094742295,1327.7551656979726
102780,-120.464597607,46.5395891448,-589.9862736379773,394.62559382789834,1355.7533528911051
102767,-120.47275901,47.0146535612,-350.51994258343416,196.1623415130248,1311.799321085098
102768,-120.472851286,46.9729241127,-349.8170770141283,195.80250400483322,1311.7455603683263
102782,-120.473411083,46.5359661905,-397.22947623305777,224.7606536767728,1316.3795600102053
102772,-120.481089456,46.8609262974,-91.9189088694308,258.5105976807248,1322.560215523171
102771,-120.497752496,46.9268758749,-319.874810737914,182.84997864270372,1309.8747685412866
102773,-120.497924497,46.8601458534,-196.0370851033829,189.90040594927538,1310.8775529206196
102769,-120.502078448,46.9310997312,-435.50887471661656,253.56797324824976,1321.6030083306698
110078,-120.506264987,49.4562559802,-262.52876426879493,173.388124064715,1308.5874965542553
102777,-120.522777498,46.6269981531,-326.90402190655135,185.45002143824738,1310.2402470626896
313385,12.0563181497,51.3113471727,-649.2260151362766,453.89969899088385,1374.1771106067322
102774,-120.606005975,46.7434994567,-255.70595808423406,173.75029635297196,1308.6355336969102
313384,12.0633694873,51.290659877,-597.345643595567,401.89329692960064,1357.8865993478232
103399,-120.639906007,37.5187805485,-166.7241752113778,205.14757356888293,1313.1729975569294
103396,-120.647790635,37.5055606454,-172.63081941240796,201.75594593568073,1312.6474226889156
102792,-120.648314122,46.0191209998,-59.60136858814826,285.8008971351436,1328.1641266706101
103381,-120.653262935,37.2557802077,-235.26026570301357,176.73908149602207,1309.035712843431
103394,-120.657790636,37.5025050891,71.44810119656262,409.4827589169457,1360.1521695831264
102776,-120.664176272,46.6311825674,-391.1994448871394,220.60869989850116,1315.677009391879
102547,-120.673042515,40.4184388354,-192.86927712947144,191.3464214907287,1311.0878107849067
103390,-120.71021254,37.4138315288,-160.48837865939748,208.8865655525264,1313.7623041630407
102596,-120.754940486,37.6354921181,-272.01088720918847,173.42066742068596,1308.5918089534598
103387,-120.801957313,37.3855283034,-186.6679674922575,194.32591585630203,1311.5259647238565
102580,-120.850363933,37.2938233549,-809.5113097117278,620.0361075663764,1437.630887695974
102581,-120.855959278,37.2479769641,-431.713799530564,250.54571180165289,1321.0264752356966
102914,-120.902097487,45.6187557077,-335.23723052624297,188.8940871981839,1310.7321506508822
313246,12.0944687388,50.4274510085,-435.13337742430497,253.26749843428814,1321.5453909475125
102766,-120.946643299,47.193873816,-354.05127546184474,198.0057696868692,1312.0762475560412
103423,-120.952829038,37.7394574947,-256.6823324225089,173.67874329375542,1308.6260353682214
102781,-120.956347835,46.493385387,-220.67940388460573,180.54978515321324,1309.5556572709397
103382,-120.960368146,37.2769312325,-878.753625533062,693.2840735512733,1470.70751722132
102587,-120.960429556,37.3479217203,-228.84338970236496,178.24944294024024,1309.2404891691815
103408,-120.984390808,37.6363245602,-479.8763891724408,290.9971972384046,1329.2919782245203
313248,12.0984683732,50.4777933887,-517.3403979947907,324.9293144338753,1337.130081162607
102597,-120.989089841,37.6270884094,-295.7657275404253,176.21843431698778,1308.9655194712284
102589,-121.014499195,37.4147918659,-247.08341057578542,174.66621534231507,1308.757457038339
300044,-1.210410747,42.6190666035,-253.58227490175128,173.928599954268,1308.659219374358
102603,-121.047424071,38.4980014735,-569.9459779586774,375.0018099226549,1350.1718972103956
110089,-121.060270867,49.0210058942,-219.132051738041,181.03242359097067,1309.622286372171
102592,-121.081603983,37.4982948788,-134.15399612714407,226.28126635702642,1316.6400442321321
102600,-121.110674157,37.731010543,-292.1472315995837,175.54561748450206,1308.8751118382024
102588,-121.126899962,37.3145006566,-640.9001519139173,445.4729119174635,1371.416752786576
102594,-121.151826704,37.5191300765,-262.9744755821089,173.37567949128425,1308.5858477037402
102687,-121.164774392,48.7313824702,-241.1485753317116,175.59009820230816,1308.8810783100764
300372,12.1192825839,57.3978567173,-310.75803768991466,179.91451129167103,1309.4682225792164
102915,-121.210430901,45.7604223524,-256.0769946529945,173.72233084881066,1308.6318209515596
103405,-121.210472833,37.6182973257,-227.01984232038967,178.72691348526658,1309.3055808998224
102601,-121.264596307,37.6770883946,-272.1349002448938,173.4252253697061,1308.5924130018427
102602,-121.302174026,38.1563327592,-360.5687532714418,201.55928131459203,1312.6172094161748
300432,12.1332185321,57.9647678462,-348.0260466185079,194.8963558379361,1311.6106068839026
110038,-121.339598735,50.4229226002,-106.77289432227276,246.66430177111127,1320.2958275855003
102655,-121.377040129,47.1769098546,-130.22070728157908,229.07868031264934,1317.123698194379
102620,-121.381263106,38.6437551365,-477.19791665154025,288.64254393885363,1328.77850401899
102656,-121.401945511,47.206383769,-127.997353973613,230.68065271775382,1317.403263283396
102619,-121.42292977,38.5687329863,-571.1179897314499,376.1422820759127,1350.4891006360351
110042,-121.452098466,49.3854225353,-195.35139705268978,190.2089527904628,1310.9222861379296
313393,12.1488441723,51.0562662526,-515.562718395825,323.28166613520597,1336.7306498433431
103801,-121.497486587,40.1023869892,-205.89853640278045,185.74331855670752,1310.2817921958278
102621,-121.502096436,38.455658983,-363.8955029118605,203.44604232904106,1312.9082552527432
102615,-121.52291321,39.1773820357,-443.47502017985425,260.0144517110617,1322.8549843690562
313398,12.1525972727,51.3690574704,-450.8378607332741,266.0890225211681,1324.0623710678142
103838,-121.531064128,40.1894996544,-146.67760624771216,217.70461413156664,1315.1931772882742
103531,-121.539938183,38.9733827668,-201.84196175947508,187.38894510970457,1310.5160858687618
102571,-121.547929564,36.5562549408,-221.77939680673362,180.2156185316349,1309.509627201798
102616,-121.577096533,39.1437551639,-443.8910460084382,260.35478603172675,1322.9219210448807
103792,-121.585085978,40.0853707528,-169.50430679831612,203.53255690245464,1312.9216641866728
102573,-121.596951514,36.9017832694,-316.7228370101791,181.77824008244139,1309.7255907780534
102618,-121.598066506,38.7730584812,-315.4758433893993,181.37068234139824,1309.669087588325
313250,12.1603771953,50.602470173,-471.2694516834589,283.4695457111247,1327.6644071139074
102617,-121.606263173,38.8895884739,-311.3704759238977,180.09580968251547,1309.4931444023114
102614,-121.635440527,38.7770777656,-203.68942752237785,186.62812981796753,1310.4075142530296
102572,-121.672929591,36.631254939,-403.4561783083575,229.16945301779435,1317.1394887284819
103665,-121.702024678,39.7309091095,-466.55231667471196,279.39322099789996,1326.8000476752452
313251,12.1722878623,50.6231291657,-475.131582811573,286.83337830418327,1328.3866837185785
313249,12.1733563214,50.5361445225,-515.4324664061594,323.16107394618064,1336.7014903431134
102613,-121.77266285,38.8146973617,-209.76835352523383,184.25992032056848,1310.0723311359543
102609,-121.777312596,39.7694105347,-294.104743435153,175.89879388945323,1308.9225264557165
102663,-121.847564901,47.3894605762,-111.21166447602855,243.22416812322112,1319.6574519664882
110033,-121.847933361,54.0812560238,-293.7142030277713,175.82629503619387,1308.9127857109527
313244,12.1855266744,50.3984339881,-452.46452866248586,267.4453576826742,1324.335612266568
102610,-121.863324612,39.7271106752,-291.0489943674336,175.3586738941944,1308.850052176101
300392,12.1891918257,57.6108735749,-241.88270931035592,175.46298875701518,1308.864032279517
300435,12.1924612,57.9861648199,-374.89289244816763,210.0140525896308,1313.9420447099528
102682,-121.939787693,47.7437591415,-282.14824996464415,174.1438731002912,1308.6878478498309
102608,-121.948331503,40.0140526599,-365.076654371772,204.12742746217572,1313.01401409649
104182,-121.99751066,44.777233838,-176.401254377597,199.6707611753597,1312.3285440162456
102612,-121.999380915,39.2145884708,-398.15550827098986,225.40868670039808,1316.490361002104
104175,-122.001868085,44.5022894313,-194.71785360705988,190.49623072699728,1310.9639996936014
104194,-122.00259398,45.018739029,1119.6577181324094,1530.5989076534515,2006.2579123037472
102917,-122.026691494,45.4811631943,-135.43437722289286,225.38096727640354,1316.4856151822923
102916,-122.027482215,45.6143012913,-393.6814805975704,222.3032557741277,1315.9622077017366
102685,-122.031041729,48.0020924759,-390.1662752499464,219.9094119394492,1315.559935552541
102683,-122.043571078,47.8315645777,-350.4482456272016,196.12552713113675,1311.7938164833365
104201,-122.043591859,45.0769700498,-201.9060922778794,187.36221971673814,1310.5122647074445
102671,-122.047912319,47.5479980393,-408.7167588279387,232.9852264921285,1317.8087533231217
102657,-122.056009041,47.2767040818,-433.54843739634134,252.0026912903905,1321.3035801771869
102684,-122.056370284,48.0185764952,-361.269816746068,201.95287109702772,1312.6777048140127
104195,-122.064423249,45.0273212937,-206.764941592169,185.4037917501786,1310.2337045606769
103731,-122.064721629,39.9407187689,-381.25905731160003,214.03483140268935,1314.5906981357466
102604,-122.118328745,41.0939581453,-134.65895218929188,225.92559269504082,1316.5789638324231
104164,-122.155933717,44.160710763,-155.12774361912366,212.22440230760034,1314.2971473400794
102659,-122.164245759,47.314842475,-466.7489642612466,279.5624289239875,1326.835689238623
102665,-122.18180369,47.568438625,-370.0525371057545,207.06232365256196,1313.4734867700413
103517,-122.185184876,38.8273070337,-426.22247186659524,246.2315383292275,1320.2150449981357
102607,-122.185541708,40.2894769487,-499.5564353307824,308.60492453036034,1333.2572122497
313261,12.2189422541,51.3773291901,-567.4837188851068,372.6088888993497,1349.5092362256212
102674,-122.210564575,47.8187940677,-465.9096777031979,278.84070164186625,1326.683809904824
102670,-122.214723781,47.7066329454,-543.1600846935867,349.21161013546185,1343.2373368935416
102673,-122.223245761,47.8313433277,-420.88986990522744,242.11191833966654,1319.4529076755884
110044,-122.231275987,49.0020782686,-423.8017196087406,244.35267781137958,1319.8659120247949
102622,-122.235790482,38.8899489709,-196.38337298092458,189.74552517435757,1310.8551250596474
102606,-122.238288433,40.3850817646,-433.50876525847474,251.97110472840856,1321.297556264109
102675,-122.239683102,47.7649534032,-485.6387264378542,296.0982315794677,1330.4179633919332
102921,-122.252650596,44.2140356514,-186.24049105077222,194.53838354061972,1311.55746242475
102661,-122.260330733,47.4811549548,-548.2995816758892,354.1166900343415,1344.5208904038382
102680,-122.277098176,47.6979223537,-500.2841875132831,309.2657127083194,1333.4103178048522
102690,-122.289598463,48.8395890792,-404.9283954909155,230.2291287555133,1317.3242753016339
102624,-122.306530764,38.3687270538,-391.89519471580553,221.08163635455213,1315.7563925380177
102651,-122.314618556,47.1767321476,-555.583730233443,361.1052291535468,1346.37839446921
102611,-122.322842917,39.8191128588,-483.94595975974596,294.59482698665533,1330.0841727720651
104165,-122.331747331,44.1887429703,-184.74652409968053,195.28795385070595,1311.6688528323934
102689,-122.333172448,48.4437557204,-504.15324430173473,312.78952590541667,1334.2320195856441
104212,-122.33580383,45.3770129487,-479.0034141391615,290.22859374755024,1329.123933724817
102650,-122.339781249,47.2146271447,-628.5332969245785,433.00897518427274,1367.4189435434869
104179,-122.343660846,44.5939655979,-171.21835101699733,202.55330704912143,1312.770214762655
104214,-122.359893007,45.4022701407,-474.54846257203826,286.32400887244563,1328.2767906683605
104217,-122.360471668,45.514527133,-685.0654983892078,490.46215885526044,1386.6834259629754
104218,-122.381519967,45.5316974655,-327.5304096094517,185.69548558636475,1310.2750123308494
110047,-122.406209474,49.0023046866,-385.709682768802,216.93503944657445,1315.0660081954588
104213,-122.406224876,45.3976477714,-563.5853187331844,368.8289645946278,1348.4704667494193
103995,-122.426453636,40.7143456129,-309.95489667614015,179.68028888842585,1309.4360621223475
313428,12.2437061342,52.8434350494,-486.81357329713603,297.14400273091803,1330.6511011269647
103947,-122.443619215,40.6079797391,-492.1345422849747,301.9038954214992,1331.7221018824187
102605,-122.443763533,40.6020885436,-457.4034222112279,271.59378838189014,1325.1796030950213
110041,-122.443766249,52.5270892243,-342.1078887213922,192.01470352909703,1311.1855097364441
102648,-122.447688044,47.1231122641,-545.8697037183854,351.79490580257414,1343.911250909112
102918,-122.451816495,43.5936130411,-154.00832117036066,212.9353086160421,1314.4121272366826
103956,-122.457359572,40.630929636,-220.82632511246635,180.50472110893074,1309.5494450054434
103955,-122.469105897,40.630867227,-185.54661816112267,194.8851663101574,1311.608944243363
313242,12.2474926035,50.3400379173,-290.5180891337614,175.27119956502165,1308.8383353067
313240,12.2481100476,50.2689809374,-242.40576698893182,175.37462496432713,1308.8521893830602
102926,-122.485213057,45.1647127531,-367.2459653738368,205.3942641998873,1313.2115588653887
104224,-122.493800558,45.7603154344,-427.37219796489865,247.12888478732194,1320.382702199509
102649,-122.518507317,47.2019523187,-493.3367563078702,302.984555030112,1331.9675052936716
110048,-122.518881928,49.0105431173,-489.74426207971516,299.7609533664978,1331.2379290474873
104225,-122.519557568,45.8559529083,-197.17348391094092,189.3945178086294,1310.8043629571175
102693,-122.527134611,48.9231926421,-391.1393936075445,220.56795624510866,1315.670178233738
102941,-122.562811277,45.9519573752,-331.93081125734824,187.48180974851422,1310.5293676823997
313241,12.2566528263,50.3065043945,-383.1802102860986,215.27794600008588,1314.7936676929455
102644,-122.575979945,47.4314914096,-166.4264204423602,205.32247541728555,1313.200332577986
102695,-122.577098505,48.8198931175,-642.8925151647998,447.48690564336556,1372.0722740780552
104221,-122.589534664,45.7230493973,-224.59609284080062,179.39409539164114,1309.3968214536176
110045,-122.589677913,49.152246692,-474.8589628216859,286.5951732485283,1328.3352693882694
313421,12.2605179436,51.8550826957,-541.501171421707,347.6331027161235,1342.8278254026054
104215,-122.610411868,45.4230934235,-505.42490132545475,313.95160064748376,1334.5049277243484
313253,12.2613197997,51.1572050399,-627.6651504201138,432.13650480432835,1367.1429162146703
102927,-122.627097632,44.9520888255,-148.96732294273886,216.19412480540512,1314.9439889865373
102939,-122.643728165,45.4520195679,-597.6410489096455,402.18566342964283,1357.9731596904976
102642,-122.644192521,47.7519634582,-286.6269811969644,174.68801011391477,1308.7603659375582
102940,-122.668764421,45.5163560322,-804.2735139659333,614.5220028968364,1435.2613304258537
102938,-122.67260893,45.4312358331,-422.1776208117036,243.10025482522977,1319.6346193047316
102937,-122.672931054,45.3520888456,-495.72162412164596,305.1338309107148,1332.4580478715645
104209,-122.698138252,45.2312898216,-280.02293848480053,173.93361686021166,1308.659886160467
102645,-122.698416167,47.3809360975,-197.5551207144072,189.22616383079284,1310.7800485396356
102643,-122.706134072,47.5271080406,-238.48361074307056,176.0816949336048,1308.9471180541032
104222,-122.714836285,45.7526209157,-376.2417228304516,210.85304839993142,1314.0764066792294
104206,-122.722606259,45.1937374055,-326.27016543693315,185.2038940160094,1310.2054331020554
300379,12.2734412747,57.4894740228,-177.16209309012964,199.25775301817905,1312.2657683218388
313260,12.2743288327,51.3809692274,-547.1574742324276,353.0247851302056,1344.2337198150028
102930,-122.747921926,45.2315797566,-411.8373001301791,235.28634823067398,1318.2175314549484
102936,-122.755963081,45.4023811678,-463.3567160935937,276.6525920454345,1326.2256411549693
110035,-122.7700168,53.9270058991,-632.9862405366327,437.48932799717073,1368.8442959967608
104220,-122.776976331,45.5973944719,-565.696097298827,370.8742568005114,1349.0313224416932
102641,-122.785266715,47.6398617679,-205.73092601108837,185.80949119859514,1310.2911743543618
104202,-122.789373214,45.0893618479,-138.02512433958765,223.57518190700594,1316.1776690615147
104205,-122.793779063,45.151817643,-310.9371664516397,179.96729772582063,1309.4754762202256
104207,-122.806235469,45.2184669985,-267.5996656480509,173.3279094984763,1308.5795194723794
104154,-122.810362255,43.869852736,-370.6498574601875,207.4215009644893,1313.5301571086268
102646,-122.814277494,47.4100679039,-256.5429706425398,173.6885541373075,1308.6273374837315
104204,-122.818558344,45.126838809,-297.23682817897145,176.51675371459382,1309.0057138581901
102929,-122.822444539,45.1019963459,-194.16355769229872,190.7492957836075,1311.0007964960944
102928,-122.835497985,45.0562814981,-319.23656010868086,182.62818283251917,1309.8438257044843
104191,-122.852090418,44.9690811159,-202.536475779449,187.10072171159496,1310.4749042375636
102935,-122.856212255,45.3766571036,-265.3688729016179,173.33241414057386,1308.5801161423976
300461,12.2871929678,58.2829507575,-665.878317107288,470.83282254082195,1379.8627980176902
102920,-122.873415992,43.7359618889,-222.59414301136778,179.97292155786485,1309.4762491414363
104223,-122.881088473,45.7609484344,-412.24022580048893,235.58545687188658,1318.270951686711
102933,-122.898436188,45.5311755824,-472.4257771721093,284.4742355085739,1327.87928112447
102934,-122.898685503,45.5190238524,-433.0151890693555,251.5784220332188,1321.2227280077254
104196,-122.90195694,45.0395171577,-241.8492782398257,175.46869877051057,1308.8647977616588
104197,-122.906548925,45.0438764091,-202.52020222281033,187.1074448325585,1310.4758641360856
102942,-122.914833786,46.1441837291,-565.484330178829,370.6689163617596,1348.9748849138196
102625,-122.927133674,38.5058792941,-225.2939381601768,179.1982119657353,1309.3699987945226
313255,12.2980162277,51.1931594269,-597.3374324961458,401.88517099078047,1357.8841943382877
104210,-122.984977608,45.2936338708,-255.85249414827416,173.73913837094727,1308.634052274864
313420,12.2986511017,51.7277984161,-570.4645658652075,375.506326663096,1350.3121105638738
104183,-122.989766781,44.8398105902,-314.1195553205054,180.93810078908507,1309.609251222903
104192,-123.023024889,45.0020218296,-292.0745478778116,175.53299584250433,1308.8734190902098
102919,-123.052044054,43.7190103405,-358.1181423282661,200.2005927857736,1312.4092623580598
104152,-123.068706807,43.7940130327,-382.39547384678644,214.76854033787717,1314.7103561204324
104208,-123.06893394,45.2188313546,-295.0056235693358,176.06989202414482,1308.94553035978
104151,-123.085098161,43.6484600396,-348.1098267610703,194.93839580421556,1311.616854393909
102924,-123.130652809,44.6190285069,-555.578267674277,361.099972716906,1346.3769846768778
104163,-123.17690937,44.0479807987,-469.46034808745424,281.9019454355537,1327.3305923588898
102640,-123.17709823,47.3104222356,-271.03187040968794,173.38842736264192,1308.58753674133
102943,-123.183986157,46.1855434286,-427.05925975621983,246.88432551957982,1320.3369512206757
104176,-123.202058947,44.5270719393,-390.1438927316384,219.89430263604228,1315.5574099609803
104147,-123.214530832,43.4148463803,-278.74050423845256,173.8217484999079,1308.6450224652276
104219,-123.222472657,45.5940147506,-147.21776781495416,217.34660863237647,1315.1339638437778
313429,12.3229373748,52.7981146967,-511.67810690607826,319.6930384724281,1335.8672963356746
313259,12.3230593468,51.3687067334,-545.0579016477783,351.02030454968053,1343.7086919334868
102925,-123.235028011,44.7816135034,-428.84919811143567,248.28630527163142,1320.5998197625536
104174,-123.260516671,44.3727418696,-606.6169137257659,411.0918284127889,1360.6374557387512
104177,-123.264610279,44.5523549414,-493.44598743274014,303.0828353090077,1331.9898646875656
104181,-123.277191902,44.668353213,-271.7316646229429,173.41079508633203,1308.5905006624212
104178,-123.282336078,44.5570712418,-515.9779619260031,323.66623527015884,1336.8237080578012
104169,-123.285286809,44.2475274152,-451.4186489144394,266.57271196820756,1324.1596600627645
102632,-123.314813441,46.939804144,-418.1118526057758,239.9942679152356,1319.0659737873696
300358,12.3318000005,57.2521000002,-372.47076821052275,208.52532659184953,1313.7049160301142
102638,-123.326893764,47.5143843585,-238.32801705221135,176.11185346026966,1308.9511753692966
104211,-123.339493168,45.3605974993,-180.95285556200022,197.23974298576834,1311.960864806776
102931,-123.372931223,45.6437554577,-170.8630178066589,202.7552684596651,1312.8013914753453
104170,-123.393800045,44.2648752576,-169.2722820297576,203.66608677604196,1312.9423709645894
313256,12.3395853281,51.3022701859,-585.3955012236509,390.1080286241502,1354.4452992160564
102947,-123.414366868,43.2231858194,-651.7840095056233,456.4941518511846,1375.036255975014
313419,12.3482951208,51.6481600885,-575.0468085816613,379.97213126923293,1351.5608070348646
313257,12.3520107542,51.3352373866,-530.9199664017792,337.62187076462305,1340.2709883415575
500002,123.54467898,66.8054046416,-637.1996928125931,441.736601573896,1370.207655700955
102948,-123.556264185,43.5895886508,-648.0421991311199,452.6998637823463,1373.7812639718181
102637,-123.585431807,48.0562555613,-219.58271155512506,180.89034644144192,1309.6026542456138
102635,-123.6229317,47.5979222014,-241.7994930748066,175.47721591534625,1308.8659396121716
102626,-123.631232218,39.7314475005,-152.11795354759033,214.14644110662448,1314.6088744604172
102631,-123.651880243,46.6519284961,-343.3942765031661,192.62612735211243,1311.275188322468
313424,12.3684236755,53.0144479556,-491.3705171043523,301.2181052576229,1331.5667994909022
102944,-123.760431297,45.7104220882,-194.25007838537314,190.7096890167699,1310.9950343370203
102945,-123.835233058,44.3814697273,-243.27152989406767,175.23239553073427,1308.8331394852787
102946,-123.881160918,44.064227562,-242.6465125628963,175.33457006840342,1308.8468229829355
300412,12.3900321003,57.8106337904,-239.941494517371,175.80691297788525,1308.910182259373
300469,12.3909848834,58.3626763351,-569.6443903606933,374.7084902083636,1350.0904588973597
102629,-124.002097237,41.5145884751,-326.63778020057396,185.3463615238778,1310.2255791662717
313425,12.4020279923,52.9686229448,-503.0719275407207,311.8028909972514,1334.0010634949642
300161,-1.24043890549,41.6725819382,-427.7243423752921,247.40436386448454,1320.4342898571826
102949,-124.060430751,42.5812552063,-244.83384336797195,174.98848417497607,1308.8005058699005
313426,12.4061581136,52.8851996229,-625.3109577393207,429.772291670707,1366.3974594748568
102630,-124.077097291,41.7895884868,-240.55085030532524,175.69624738633414,1308.8953227501013
102627,-124.097789875,40.4938956206,-448.89884845032,264.47888974963917,1323.7397318561732
313418,12.4188533167,51.6100543454,-547.4713071221852,353.32471680758897,1344.312519497834
300413,12.423140993,57.8186810501,-193.76842538944334,190.93067156235196,1311.027198769996
313201,12.4271008494,50.4481349122,-278.2620722243899,173.78291213262307,1308.6398645619606
300706,12.4303999996,60.9709999999,-278.6266702765539,173.812365251794,1308.6437761613643
102636,-124.31471178,47.5393028916,165.2765999626258,504.6110682105281,1391.7507408771235
313266,12.4357419031,50.9057670671,-438.9293702646037,256.3193265513098,1322.1336512377138
300766,12.4360725431,61.8148744417,-292.9599206659134,175.68914422348686,1308.89436929396
300433,12.4362000001,57.9779000003,-263.46447205545684,173.36358840346892,1308.5842457998563
300386,12.4405805525,57.5607756487,-206.1526595710413,185.64329293969874,1310.267616475713
313202,12.4595106781,50.4523356526,-284.6324728852857,174.4288123830282,1308.7257944889775
300349,12.4778081456,57.1519518719,-301.9886079189565,177.57712621932907,1309.1491245567738
313215,12.4936505409,50.7402004514,-491.31271500945394,301.1662533554467,1331.555070859485
300330,12.4980945362,56.9017514532,-592.6648051504553,397.26716572034985,1356.5246018893029
313238,12.4989854763,51.6021942937,-653.7693478219227,458.5095025878547,1375.7066397073227
313216,12.5019053506,50.7896434555,-491.1928987338358,301.05878514318493,1331.5307682075324
313213,12.5019743356,50.6856383149,-491.03289348172564,300.9152994196875,1331.49833345607
313203,12.5022861006,50.46887699,-201.00170594197937,187.74119213102344,1310.5664995696438
300617,12.5053990418,59.932677656,-205.04440395648578,186.0821804511553,1310.3298716174138
300511,12.5099512352,58.7753703152,-330.4819342715896,186.8817644063051,1310.4436609175784
313217,12.5182113079,50.8113428403,-494.59674849017364,304.1191663887634,1332.226055118443
300373,12.5191,57.4146999997,-335.31210232889396,188.92675122060078,1310.736858373267
110029,-125.297932598,50.0262160663,-244.9414430443767,174.9722907626676,1308.798340886092
313239,12.5302998819,51.6062510771,-629.3842271092979,433.86446913332446,1367.6900862943305
313454,12.5327023281,52.3892713859,-526.9482359839767,333.89074246531874,1339.3359632577233
410007,12.5359715964,3.89785788066,-514.2428218283017,322.06049967298486,1336.4358420893477
313205,12.543366408,50.4891601526,-225.06672170384354,179.2616556978233,1309.3786831069829
300467,12.5515970387,58.3338033027,-429.61122853921546,248.88547377031455,1320.7126006915078
313212,12.5687683821,50.6525684422,-433.65361762049406,252.08645194139862,1321.3195577996469
313448,12.5693599831,52.0476436806,-478.70531648806514,289.96639381088613,1329.0667041616616
313218,12.5775076398,50.856158928,-501.8624945739367,310.7010102933207,1333.7439455790386
313237,12.5814656691,51.5859662024,-572.0039640452911,377.0050338795741,1350.72965101903
313449,12.5940133232,52.0433316582,-504.75475906105373,313.33896968175156,1334.3609348645791
313453,12.6019111558,52.2772406066,-538.5742495829354,344.8538401688923,1342.111010926698
313219,12.6092820024,50.8693131331,-490.5141112781529,300.45031200358494,1331.3933245117698
110092,-126.095182693,59.4105386118,-281.782624863025,174.10549700072804,1308.682741789362
313236,12.6110575076,51.5273256015,-554.0625563687533,359.6423433390282,1345.9867791675515
313208,12.6232102716,50.5147984078,-216.45572651279568,181.9015669017009,1309.74271313596
313235,12.6433260143,51.460293796,-624.5172382254364,428.9757605252599,1366.1471361788513
303017,12.6471869506,51.8563201168,-534.165634352036,340.6819441985806,1341.045107993902
313450,12.652443493,52.0683542063,-473.933496064168,285.78738828197754,1328.1612198345822
300789,12.6550540252,62.1039128876,-293.0057454086689,175.69736841237636,1308.8954732286634
300342,12.6559979673,57.0694653781,-497.52813267456406,306.7667064369623,1332.8329252947024
300334,12.6607320267,56.9774100315,-232.15806697165448,177.4360021903523,1309.1299895139314
313220,12.6700812235,50.9031825779,-484.3373643263394,294.94208910814996,1330.16112952489
313211,12.6724824887,50.6353583607,-395.9042124007322,223.8379948414731,1316.2223377933165
313209,12.67670525,50.5564761952,-175.39454313233267,200.22127398097385,1312.412417316301
313233,12.676816704,51.4015519281,-606.0001037547441,410.47843509931914,1360.452255778584
313451,12.6852108387,52.0979281487,-492.90042030785247,302.5921182410366,1331.8782919595353
313210,12.6944634355,50.5815845793,-308.5850587950295,179.290080757096,1309.3825749678122
313452,12.6978760548,52.1275358762,-540.464240246548,346.64763105207743,1342.5730425885472
300378,12.7017131721,57.4746079136,-230.03936146390132,177.94780739066002,1309.1994564338142
313232,12.7230224939,51.3607108457,-603.4015361112063,407.89645537313766,1359.6754439488207
313229,12.7351062169,51.2395556807,-565.7321748384691,370.909242632844,1349.0409411288902
300353,12.7444592216,57.1728777317,-121.05613470905143,235.77423763860136,1318.3047013894457
313228,12.7482509419,51.2109906384,-542.6828755726158,348.7572901457908,1343.1192955211711
313221,12.7635519242,50.9435719672,-520.3404801987807,327.71747573575465,1337.810352207691
313231,12.7650591973,51.2896503429,-557.811262879271,363.25060661272863,1346.9553807665518
300148,-1.2768084965,41.6369109072,-379.0163896697083,212.60090378622215,1314.3579949397995
300029,-1.27689879351,42.6147841481,-310.4511507195743,179.82453947083718,1309.4558639249167
313222,12.7694023547,50.9813510034,-518.5346990818897,326.0381294072202,1337.399961267687
300028,-1.27714158853,41.9187626065,-385.542614918205,216.8248864934186,1315.047841705516
313230,12.773150468,51.2485722855,-636.350435471865,440.879921242098,1369.9317134535904
313227,12.7815900267,51.1815226609,-569.5431531192417,374.6100423399926,1350.063138669234
300329,12.7895248654,56.8773677642,-182.64810937373215,196.3590581404875,1311.8287518899983
313223,12.7901117394,51.0227415138,-531.976648854318,338.6170564746026,1340.5220272367687
313225,12.7941994067,51.1561921268,-604.8336059550763,409.31894310459955,1360.102860726246
313200,12.8061674567,51.1560987158,-536.0951315477336,342.50568925828355,1341.5095757189897
313224,12.8111751641,51.1185893017,-534.605156486821,341.09707958757025,1341.1506299721225
300698,12.8267858074,60.8724978228,-148.78077633354962,216.31649016617143,1314.9641130043294
110009,-128.411193402,54.6354218297,-271.32355602142775,173.39733795610243,1308.5887174287095
300357,12.8567271219,57.2312634705,-199.61801230760193,188.3296499191992,1310.6509266811436
313430,12.8603032532,52.0899241201,-399.0963071125136,226.06982479037953,1316.6037217979465
313422,12.869276506,51.8018242492,-504.45317316915987,313.0634377249805,1334.296260435303
313431,12.881863665,52.1098278607,-477.1063700090919,288.5622540928487,1328.7610654510454
313126,12.8978084513,51.6477752405,-524.5193757843308,331.6165351891091,1338.7708246680168
300595,12.9024877017,59.6728986815,-206.65785497010538,185.44552674208154,1310.239610895694
300315,12.9146891427,56.6516967025,-353.32234852191556,197.620445022355,1312.018153404245
300835,12.9166032229,62.8055937907,-224.01448911062144,179.5596798995782,1309.4195176554729
313199,12.9279175708,51.1649853996,-512.5327376143861,320.48113857363217,1336.0561196120855
313432,12.9352113414,52.173445655,-460.38171329716124,274.1168123685513,1325.6989935104225
300390,12.9355523114,57.6191461166,-196.43716772793263,189.72152182389982,1310.8516508036403
300403,12.9392517847,57.7145444115,-379.2775135162042,212.76689653277208,1314.3848549156519
300438,12.9480143505,58.0102422059,-245.5317585610245,174.88484064312064,1308.7866526131068
313433,12.9775533099,52.2308700127,-536.0019419592271,342.41752981430096,1341.4870701186724
300310,12.9808585862,56.573204635,-432.5925965093759,251.24265231033925,1321.1588340965616
300298,12.9865006587,56.4814601154,-265.84817890556644,173.32853264680753,1308.5796020116418
313434,12.9941575523,52.2309912468,-495.3191697172955,304.7706216974262,1332.3749196158292
110006,-129.972935417,55.9604216253,-340.91107017835935,191.45343724393797,1311.1034334498443
300388,13.002311895,57.5941636765,-171.54409286472216,202.36864696240795,1312.7417353938463
110007,-130.031122074,56.0521774959,-234.2022830539061,176.96971799284603,1309.0668721107868
110001,-130.077102127,56.0270882778,-349.5600448666823,195.67150768434212,1311.7260131181797
313198,13.0106575417,51.1481217342,-507.05677418032747,315.4456147404651,1334.8571947704525
300150,-1.30208879059,41.6275225414,-543.219810945671,349.2684852682512,1343.2521242763887
313197,13.0262153399,51.1356394031,-502.55251435377033,311.3294533468414,1333.8904839201361
300319,13.0691423895,56.706347531,-150.75192172416544,215.0298380728339,1314.7530664855208
110008,-130.693614285,56.3564298501,-174.5806868455914,200.66966330860126,1312.4808982777004
300809,13.0699150926,62.4784272386,-269.2964159535491,173.34761127056944,1308.5821292164524
300725,13.0717383067,61.4471760443,-285.9497626462793,174.5969711586609,1308.7482175381292
313435,13.0810885975,52.2105469641,-525.5357001293416,332.56744249254655,1339.0066834700585
300621,13.0930150105,59.9637736466,-207.6187748729268,185.07335656017662,1310.1869873723758
313437,13.0934339125,51.9900720168,-450.9715210419772,266.2002797086217,1324.0847342554782
313196,13.0980917949,51.1315121198,-534.0195522721702,340.544006503967,1341.0100726457
300095,-1.31027876127,40.9856853333,-424.98455593599886,245.26893991042644,1320.0358508223312
300441,13.1101082919,58.0387926143,-362.6125383791161,202.71270993077584,1312.7948192078343
300331,13.1103924239,56.9437474997,-128.1639526837085,230.56010660287603,1317.3821606990816
313438,13.1147993313,52.0105283585,-453.6498131783442,268.43681524016495,1324.5361898973295
313447,13.1196640427,52.3649125298,-526.5502432692425,333.5176955968796,1339.2430129919305
300475,13.1228901129,58.4962634461,-384.0263261167694,215.82969471464133,1314.8841210129763
300663,13.1238932,60.5356602369,-267.79795810007613,173.3291808228275,1308.5796878662622
313124,13.1311088306,51.4855268451,-659.0442892608489,463.87131415253543,1377.502954866178
313446,13.1316232177,52.3237047864,-523.3921918836094,330.5631016990477,1338.5102759322942
313195,13.1414099695,51.0890414883,-521.5241923307751,328.8201285464305,1338.0808912426567
313445,13.1434951496,52.306883081,-540.5697156339581,346.74782954828447,1342.5989169770314
313439,13.1560102917,52.0600688276,-547.4182435216876,353.2739979815074,1344.2991899950287
313444,13.1560264927,52.2811500969,-629.5301517000153,434.01120859846213,1367.7366426913295
313436,13.1562446747,52.2721569052,-657.1427391378093,461.937268493098,1376.852873256368
313194,13.1565400537,51.0722852839,-510.0026726328783,318.15038228212893,1335.4989555659402
300610,13.1572437378,59.8304470675,-428.92271459200583,248.34405012579498,1320.610677604999
313443,13.1646302474,52.2767797865,-598.0979219263888,402.637932066752,1358.1071750456376
110005,-131.672070062,56.7356235315,-218.7227547264958,181.16253274700432,1309.6402780316284
110091,-131.76,59.9319999999,-316.98951099475255,181.8666144091076,1309.7378592711148
110004,-131.764391158,56.8291644892,-393.73636597669264,222.34095835405347,1315.9685772590663
300109,-1.31869500896,41.8853857848,-442.438135623619,259.16776917594535,1322.688824762305
313442,13.1935958418,52.2563442289,-518.8016890269936,326.28621263156634,1337.4604618922024
313440,13.1981154372,52.1186842315,-495.86349063809655,305.2619125270027,1332.487384484782
313441,13.2061894368,52.2151733914,-565.5196200956541,370.70313309614926,1348.9842873283415
102951,-132.128270883,56.7064317341,-395.7709437922576,223.74552428622286,1316.2066153190267
313193,13.2144182545,51.0696061767,-511.1469429186339,319.20363087518075,1335.7502582950717
300833,13.2212000001,62.7756000002,-286.3926207312094,174.65615276257273,1308.7561141287076
300259,13.2344350932,56.0861317357,-503.44176410145155,312.1401878586698,1334.079941925482
303025,13.2344958632,52.5354476809,-555.4546902530974,360.9810644506361,1346.3450982060158
300574,13.244292105,59.3956983196,-358.14417636249084,200.21488559360665,1312.411442720884
313122,13.2482027253,51.3477561687,-574.0024592205583,378.9530846179642,1351.2746704178694
300026,-1.32733368968,40.885400149,-468.16711130293925,280.7845787157143,1327.09373226461
313192,13.2769307667,51.0648943243,-491.4833399116856,301.31932672460306,1331.5897007821966
300308,13.3021971808,56.5686326347,-167.98794369921302,204.40937520960242,1313.0578765785733
110114,-133.069324779,60.7856894906,-335.03158330045545,188.8045250346646,1310.7192465379521
313188,13.3108154845,50.9979109817,-479.30317288304224,290.4923872271537,1329.181560814166
313191,13.3186673621,51.0356044579,-485.52966658503595,296.00125086165275,1330.3963826931863
300710,13.3217133664,61.0961616173,-366.0468992239655,204.6915822148649,1313.101838549119
313190,13.3351611085,51.0187470725,-505.9839809432307,314.46310179961716,1334.625354533956
313187,13.3359233716,50.9602819216,-485.4583215762665,295.9378167753969,1330.382270615946
300128,-1.33554514136,42.831113444,-145.07576158983642,218.77226679590223,1315.3703278128442
110133,-133.627718273,64.7497033406,-269.97180324729226,173.36101242176193,1308.5839045316698
313186,13.3727229926,50.9434270922,-480.56019665503766,291.60003095626985,1329.4240755399117
313185,13.3858875077,50.9149504519,-489.80185863015987,299.8125005293321,1331.2495371060613
313184,13.389976166,50.8982228235,-491.93195138569627,301.72197460575353,1331.6808718801387
313183,13.3935176193,50.8568474411,-494.3033099818683,303.8547446391243,1332.1657180738284
313120,13.4069797564,51.2109404184,-475.9220561458425,287.52470660355704,1328.5361310400683
303019,13.4069797574,51.2109404194,-467.78173724705067,280.45213915663743,1327.0234349584734
313181,13.4271679711,50.8023524786,-354.40200697700357,198.19205548117176,1312.1043729167675
300337,13.4315412165,57.0228135872,-57.76697213866507,287.4033566127075,1328.5098734912372
300578,13.4345527167,59.4380561781,-306.88864434769204,178.82316424802477,1309.318723093475
313182,13.4567941516,50.7940633369,-335.02268213112023,188.80065358007,1310.7186888740518
110101,-134.891440602,60.1334859256,-247.86636042792776,174.56209434451404,1308.743565162173
300677,13.4964559338,60.6784595757,-209.98936235103014,184.17779451245178,1310.0607827741896
110102,-135.030826576,60.2796531527,-197.6795929793525,189.17142248387677,1310.7721471163572
300481,13.5130086812,58.5567465522,-360.92280193470185,201.7577803111064,1312.647704636517
300678,13.5134583713,60.6809994579,-152.9509079029736,213.6111445330829,1314.5217821094427
110105,-135.147255287,60.8381002679,-401.9727574335177,228.10829694325847,1316.9552724773175
110107,-135.184687603,61.4378636065,-335.9442670074362,189.20373950008744,1310.7768115176088
300686,13.5214999999,60.7349000004,-209.2943797421659,184.43699778536222,1310.0972485749023
300628,13.5287666075,60.066209004,-473.2743168937461,285.21283804552354,1328.0377093883417
102952,-135.294039948,59.4718471319,-287.14878069808407,174.76027730130934,1308.770013827442
313180,13.5313540537,50.7399771324,-333.39932825459516,188.10173762691073,1310.6181969855734
313117,13.5356708921,51.1272204504,-522.5310052392467,329.7591176533298,1338.311948032653
110112,-135.495296554,60.7210728492,-286.3206789379175,174.64644822730585,1308.7548190741707
300623,13.558551054,60.004743625,-362.00118436175575,202.36577264261788,1312.7412922997034
300299,13.5653557215,56.5066881785,-159.82191220879704,209.29545103852186,1313.827378462205
110124,-135.701730039,63.9142560554,-455.5584531592715,270.038844461063,1324.8617935804918
300870,13.5901552046,63.5244379542,-233.9177924502778,177.03298249187634,1309.0754261926318
300787,13.5904999996,62.0502000002,-226.98395785740604,178.73652111261728,1309.306892424726
313179,13.6275142917,50.722758035,-335.7473420342276,189.11722602926446,1310.7643265486195
300071,-1.36341382166,42.5311220962,-574.0863280218255,379.03489475477954,1351.2976156321815
300267,13.6349971203,56.210095335,-282.4224449548716,174.17325306070572,1308.6917576928497
313115,13.6440163001,51.097946042,-522.6253735264653,329.8471813437746,1338.3336495851418
300843,13.6486664204,62.8964394222,-197.3860309545826,189.3006597809786,1310.7908049589628
300269,13.6523346547,56.2304538917,-294.0596333189811,175.89036800285336,1308.9213941744672
110117,-136.592004025,62.8115633902,-371.2420776903816,207.7790381676665,1313.5866637848194
300266,13.6653425088,56.210763473,-270.4088870990542,173.37137176918753,1308.5852769768508
110126,-136.715857534,66.4492691982,-494.57894031381886,304.1031160228142,1332.2223912493878
300322,13.6769528248,56.7560947512,-204.51634991620458,186.29372508327333,1310.3599301630275
300859,13.6932603801,63.3313075232,-263.8251650021603,173.35575223789456,1308.5832076736344
110100,-137.016287732,60.1274352021,-258.04044282127086,173.5901535158452,1308.6142808211694
300721,13.7074864323,61.3138368873,-219.96401709513697,180.77110273882744,1309.5861888997085
300850,13.7268269699,63.0780858262,-215.87819486480635,182.09478585950464,1309.7695620255765
300384,13.7356999996,57.5686000004,-208.13945085893627,184.87389281600952,1310.1588265612672
300937,13.7386567529,64.645932645,-249.62782685870778,174.3430830748321,1308.714371124383
300830,13.7769424911,62.736287678,-297.29595103636285,176.52904080396883,1309.0073708037787
110099,-137.795030224,60.4913589032,-315.1087767988839,181.25250495913792,1309.652726918634
300856,13.7838999996,63.2912999999,-265.466965943064,173.3314899919935,1308.5799937314862
110098,-137.982474823,60.1194985125,-242.7468982392341,175.31798284824586,1308.8446010437713
110130,-138.264492792,65.3639127864,-424.83282500701057,245.1512119342735,1320.0139814730353
110132,-138.313230853,65.3641283344,-389.26351214269386,219.30135677794044,1315.4584294671183
300812,13.8375318831,62.5500109836,-273.8739719956122,173.50036473286028,1308.6023731958794
300800,13.8621756991,62.4331160059,-384.07203113337755,215.85957221862535,1314.889025541646
313112,13.8644256663,51.0102661428,-556.7232615457297,362.2022610087907,1346.673038436328
300350,13.8685669056,57.1811289213,-253.78195221589817,173.91051399572743,1308.6568157655809
300719,13.8773383324,61.2933876476,-418.2763378977148,240.11909630337513,1319.0886910973807
300726,13.8876000002,61.4548999999,-287.8117443074673,174.85475440480602,1308.7826327199703
300306,13.8946149708,56.5736382171,-49.189520937934475,294.96291791883607,1330.1657481376694
313110,13.9415117497,50.964771697,-423.98550203469756,244.49481498577182,1319.8922339063815
300571,13.9531747706,59.4029856022,-350.92620782755273,196.37141185942085,1311.8306010941787
110127,-139.761918674,67.5365632521,-493.2633854862419,302.9185486236474,1331.9524922727946
300311,13.9895291756,56.5943295368,-65.54247739734433,280.64718685076764,1327.064669885647
300072,1.39927619792,42.322980711,-172.9876661941064,201.55588550192996,1312.6166879755563
300724,14.0293999999,61.3877000004,-200.1109896144526,188.1188032342028,1310.620646373969
300394,14.0721543215,57.6683009256,-276.68794505116296,173.6662646363821,1308.6243792793275
313178,14.0725420785,51.4985242692,-447.2171632967181,263.0883818433211,1323.462614217866
300268,14.0725805205,56.2230317151,-413.1254902249191,236.2441996706411,1318.3888335576396
300421,14.0778170619,57.9150127241,-360.96929036104314,201.7838852685965,1312.6517172980584
300682,14.0798461361,60.7145124907,-214.57773718940945,182.5371670158346,1309.8311387020917
300422,14.102878003,57.9397153631,-373.1185914505727,208.9212319236358,1313.7678165185584
110002,-141.143489842,64.7923429321,-376.348168716539,210.91955932332922,1314.0870804770127
600679,141.156675097,-34.156294747,-495.07257808139843,304.5481784820219,1332.3240550212133
300364,14.1167205192,57.3732549592,-248.60262482144825,174.46798198645575,1308.7310156444976
300523,14.1168165602,58.9815419443,-358.03184115974705,200.1532348749031,1312.4020390118035
300417,14.1190152404,57.8767681439,-371.44381953442104,207.9011575091996,1313.6059857754594
300416,14.1190236474,57.8765886219,-356.56644288136147,199.35423946448262,1312.2804225332
300430,14.1191918674,57.99836194,-330.29166304032015,186.80382569993037,1310.4325483852963
600686,141.210655642,-34.1022101175,-503.5049026324418,312.19778746897526,1334.0934199193005
313170,14.1231213567,51.2519375127,-456.52231646220264,270.85041789078315,1325.027450071531
600422,141.285568059,-37.92725186,-466.8188605751027,279.622587515473,1326.8483658731695
300437,14.1353284347,58.02266033,-304.7593223406558,178.26285704642265,1309.2423155297895
313171,14.139253114,51.2981728826,-393.3092521091802,222.0478215220733,1315.919081712151
600421,141.406663674,-37.5855535817,-469.99703030387514,282.36643718919083,1327.429319934726
600428,141.427377302,-37.6232453968,-569.4541241828242,374.5234722263555,1350.0391201072425
601236,141.427854512,-37.4932182321,-483.6934610188031,294.3709198276634,1330.034598426536
601240,141.506695442,-37.6431454885,-531.521488873076,338.1882578894622,1340.413776542811
313172,14.1565852305,51.3280935151,-418.15425341127764,240.02643925207357,1319.0718275027639
601139,141.660500102,-38.2440416242,-392.2954890220554,221.35447114972732,1315.802263438328
300436,14.1725730728,58.0189457967,-290.06960448506925,175.19877940788604,1308.8286392333662
600298,141.768990178,-38.1520196436,-578.3716962084907,383.22122072306206,1352.4778366331648
600475,141.831236142,-37.710527715,-500.6908534849654,309.63524149848456,1333.4960732410414
601242,141.84,-37.673,-510.873391764002,318.9517066230624,1335.690078472254
600424,141.856778552,-37.1565216092,-392.8132702080351,221.7081751034981,1315.8618124556906
300007,-1.41877730424,41.1066590263,-376.6895817996358,211.1331798473441,1314.1213848818923
601499,141.902417509,-34.1103309962,-636.2638180240489,440.7925637741904,1369.9036020282867
600368,141.943600711,-38.2601960905,-596.6501949900604,401.20519439329513,1357.6831009405741
600427,141.959,-37.2349999997,-383.5658250261671,215.52908334671298,1314.8348110465154
601290,141.973756954,-36.4060556351,-474.07645157753893,285.9120793288907,1328.188055840596
313176,14.1984520669,51.4774337704,-443.862117045883,260.3311089049166,1322.9172615228495
300939,14.2075330637,64.6814423619,-153.79174659317616,213.0733906799939,1314.4345036506463
601431,142.086129464,-34.1682090409,-463.0458972987642,276.38694787020165,1326.170252842544
600732,142.181482538,-36.8086770564,-463.305690715218,276.6089714041052,1326.2165425120775
300898,14.2217961379,63.9024842245,-282.76592351117495,174.21078236869377,1308.6967529817457
601590,142.22314051,-32.5225868518,-506.6314583973426,315.0559319154838,1334.7651609202967
600841,142.227458273,-38.3185417273,-607.818260459407,412.2870879962902,1360.9990585962623
300279,14.222964356,56.3479852204,-219.96437207371807,180.77099214242932,1309.586173633339
600852,142.243756954,-34.3062708634,-455.8852284001457,270.313799092442,1324.9178633225688
601497,142.268654074,-33.7436911848,-528.6116707159813,335.4515734811816,1339.7259244795005
313175,14.2311625476,51.4105324999,-451.31955741298157,266.4901413863877,1324.1430398667617
313107,14.2314606847,50.8906495059,-198.5601141584766,188.78654680723434,1310.7166569578842
601239,142.336,-37.6310000005,-367.98265648688516,205.82896140807034,1313.2796183318221
600420,142.369007909,-37.310852624,-181.74223423772656,196.8279652520091,1311.899021448182
601500,142.377687917,-32.4354939026,-603.2749015737836,407.77072055582767,1359.6377293654625
600809,142.406849087,-37.2189948744,-299.2656232297076,176.95148204331048,1309.0644069597092
600854,142.410610963,-34.5600558404,-585.348396504818,390.0617408158824,1354.4319681031484
600763,142.48530203,-38.31469797,-522.6110518115191,329.83381586257286,1338.3303555766481
600551,142.506181955,-37.3687174948,-284.3763440590084,174.39748752606397,1308.7216198362644
600399,142.543992091,-37.1770079089,-175.68343325913008,200.06282792192602,1312.3882541715961
600836,142.585618071,-37.0275174625,-508.5127157805185,316.7811498531789,1335.1734312342176
600514,142.627510355,-38.3309792904,-639.3741081165174,443.93139683952444,1370.916802607417
601286,142.643876059,-36.9063336465,-636.5392034282982,441.0703129064101,1369.992998339338
313174,14.2649528734,51.3773670911,-449.4377281996474,264.92563772457476,1323.8290630195518
600176,142.656272436,-38.3480138058,-516.7413830011417,324.3737408982046,1336.9951826224908
300408,14.2692263258,57.7896810697,-480.1412314511475,291.23059680089364,1329.343091562316
600513,142.702734468,-38.2437551782,-593.0004025926735,397.5984257146935,1356.6216505357177
600515,142.727045178,-37.6935277156,-600.4259360779995,404.94427121071357,1358.7927205272433
601430,142.760555636,-34.5980732725,-507.71050868236,316.04498524316733,1334.9989615234933
601432,142.760645636,-34.5981932725,-518.0598371843842,325.59707835152585,1337.2925080185341
600608,142.781840407,-37.4851945184,-568.5735925693267,373.6675536494701,1349.8019244399643
601009,142.823039185,-36.5727579839,-544.2433386613037,350.2436224619249,1343.5060065540097
601223,142.868865562,-35.4437016575,-520.0353529330841,327.43347593626385,1337.740810372157
600832,142.881541726,-38.3058332993,-557.2557817949684,362.7152598137248,1346.811105639239
300459,14.2929809888,58.3030354562,-417.9057447134319,239.837951885261,1319.037542201119
600286,142.964370162,-38.4437606997,-540.17118597684,346.36928886662525,1342.5012025474775
601011,142.981048732,-36.4310832482,-612.9625452516036,417.4136460195546,1362.560804681681
600038,142.981194757,-36.6439784708,-502.8690921432335,311.6179710859915,1333.957853335405
601050,142.99,-38.4480000001,-521.2924573155176,328.6041499026228,1338.0278330082215
600034,143.168902436,-36.6985000003,-562.1839252602177,367.4728185960126,1348.100169489771
300383,14.3170309867,57.5653708111,-292.4774027996356,175.6033964742697,1308.8828623772072
600404,143.252428099,-38.6981322318,-248.56248165639337,174.4730182088057,1308.7316870368586
600557,143.255758678,-38.5893074377,-473.22658774021454,285.17126284780244,1328.0287812113343
600030,143.29839,-36.4392878679,-435.2412342330825,253.35377392918522,1321.5619279230211
600851,143.344228222,-34.8478570562,-475.62563469962424,287.26535207160055,1328.480025093442
600831,143.360517056,-37.6897411663,-575.5496106781327,380.4630079968267,1351.6988921447871
601498,143.38042,-31.5598600001,-577.5114993495281,382.3799458093854,1352.2397041681033
600027,143.402034163,-37.1896572519,-440.983807039318,257.9839832585226,1322.457383127859
600960,143.418711479,-38.3519803561,-509.97990290451526,318.1294386506573,1335.493966406301
600403,143.481602488,-38.5226024872,-230.9635187121838,177.72100776510754,1309.168648865568
601419,143.493552014,-34.664438949,-526.4060801994216,333.3826065937695,1339.2093775622645
600031,143.510916752,-35.909520812,-663.5208926725804,468.4295589834456,1379.0446136006176
600683,143.527177158,-38.6559114213,-153.38077186507866,213.33589854247253,1314.4770824089617
601538,143.53518,-34.6437600003,-467.2790121701339,280.0188336873224,1326.9319280924174
600862,143.564,-35.3279999999,-399.7716712921274,226.54613973417642,1316.6855919314635
600721,143.573597157,-38.4851960911,-253.26985485441446,173.95744719060212,1308.6630536561056
600012,143.581134439,-38.6685580123,-172.02613853133138,202.0962291593544,1312.6997678113155
601396,143.581393198,-35.0440655914,-672.9951852622617,478.0996317127704,1382.3592342135014
601301,143.585531269,-37.8100937053,-541.7373315612431,347.8576726180438,1342.8859798846265
601525,143.606192668,-34.6393944239,-620.5000592371873,424.94880946150016,1364.8880119754142
601400,143.62213,-34.99015,-660.505940943915,465.35883489122256,1378.0045862705856
601300,143.644085025,-38.0143870552,-669.0311156068672,474.0499288198933,1380.9638407958398
600408,143.655929243,-38.568568565,-141.12308498820835,221.4444074142018,1315.8173962014937
600202,143.677482537,-37.5226632495,-595.3759195586748,399.94508262368663,1357.3112626388686
601528,143.702536149,-34.5518764387,-690.6532319071148,496.20049359851697,1388.7234153779016
600118,143.709602488,-38.422796802,-230.30731085149733,177.88148442323447,1309.1904433931927
600070,143.731453147,-38.5279114207,-238.56126277751366,176.06670369054297,1308.9451014920012
601533,143.785296531,-34.3772294432,-445.1165774850931,261.3593999196537,1323.1199985253843
300798,14.3817720521,62.3718479018,-184.47550283927376,195.4250981715208,1311.68927858956
300489,14.3821117771,58.639647147,-181.76549086837332,196.81587818038656,1311.897208044658
600095,143.831620053,-38.2979114206,-614.9289888702504,419.37681486871804,1363.1634925499152
600068,143.83518741,-38.326822842,-541.5472504946288,347.67691656115227,1342.839168657558
601249,143.864629527,-37.9310557103,-676.0633526811614,481.23765387330354,1383.447676667583
601211,143.868557105,-37.0949114211,-555.8106015219659,361.32355996927316,1346.4369682834472
600706,143.868750051,-35.921916752,-394.6461598971914,222.96736509988003,1316.0745573374766
600711,143.890047882,-36.8354281766,-582.2637011879225,387.0335061626522,1353.5629758027544
601008,143.906453147,-38.3270885791,-511.09477519962013,319.15558110273,1335.7387766777128
600715,143.910404313,-35.7353744826,-226.79166132464928,178.7881450072804,1309.3139407210924
600710,143.910616059,-36.8147137929,-567.1181963805808,372.25401876154933,1349.4112972165215
600709,143.914131716,-35.7019403408,-274.28538774044074,173.5212031656064,1308.6051362116423
600667,143.918937692,-37.8102498473,-516.0760231152146,323.7570794481538,1336.845705780682
600056,143.931648368,-35.6022411546,-298.9955170257944,176.89205010053624,1309.0563746302992
300401,14.3934661221,57.7352539702,-354.45866322545805,198.22220122294166,1312.1089267393618
600066,143.936,-38.3009999999,-589.0177865045968,393.67150462976116,1355.475948930453
600285,143.948442436,-38.5725437564,-133.51824855882685,226.73019576084832,1316.7172727055736
600708,143.968944365,-36.98541665,-566.9863006445066,372.1259898141113,1349.3759842484908
300275,14.3980916084,56.3227660893,-214.22163697953235,182.66005878789315,1309.848270467938
600069,143.989411624,-38.2396472078,-599.5315932305748,404.05790341943026,1358.5288307162118
600065,143.989531269,-38.1521092876,-672.89967689745,478.0019985063389,1382.3254700494763
601313,143.997,-38.3080000005,-516.6644157697048,324.3023829536324,1336.9778719787607
313164,14.4020676988,51.5234830262,-568.1072040906959,373.21441924373494,1349.6765528462329
600817,144.039703768,-37.6436489345,-363.95845617369594,203.48220838976673,1312.9138599704966
601543,144.060708116,-35.0892593932,-621.9558693551311,426.40729398098745,1365.3428049144434
600716,144.060812385,-37.1100416244,-516.5177178844511,324.1663936372728,1336.9448924077788
313163,14.4061060551,51.5065003498,-451.1650768959557,266.36145387356083,1324.1171468873472
600550,144.098268876,-37.2063075503,-448.80732749605716,264.40307233083837,1323.7245858672559
313152,14.4105878265,51.1687320159,-506.4647976681367,314.90329099512445,1334.7291400321683
601395,144.127208165,-35.631143838,-230.27343704155555,177.88984343730883,1309.1915791699862
600489,144.127369694,-35.6562708631,-319.3551723983475,182.66921868613332,1309.849547859163
600067,144.189864466,-38.1395730975,-679.9326332710818,485.1993742091255,1384.8307576394952
300672,14.4247771117,60.6369923403,-298.5747703292969,176.80042170769917,1309.0439960854915
601264,144.248418709,-37.5977503227,-462.2087509576968,275.67229690936836,1326.0214967543848
313153,14.4271838459,51.1934519339,-522.5991838280067,329.82274043835395,1338.327626062362
600811,144.281755278,-38.0894900004,-549.9121470263437,355.66017895251184,1344.928235060884
600833,144.285206568,-36.1606197048,-628.7778867860783,433.25484391730595,1367.4968205993246
601534,144.302511848,-34.4770234885,-574.7835985848008,379.7152304183604,1351.4886054951112
300428,14.4317201482,57.9950147897,-440.05115682609835,257.2271694185479,1322.3099527941738
600064,144.348,-38.1639999996,-638.688513085778,443.2391637585545,1370.6927995947283
313148,14.4356436476,51.0806402676,-478.38070487526124,289.68102264452455,1329.0044730744246
600079,144.364084516,-36.6352233191,-437.52672233888666,255.18799075452918,1321.9147874189111
600948,144.398430599,-37.7311770507,-456.33182949565094,270.6898932846938,1324.994646365762
600949,144.415,-37.7185533627,-457.1880756635843,271.411975228478,1325.1423526809772
601263,144.427346083,-37.6809999996,-497.5261797774304,306.76493902502875,1332.832518505788
600039,144.431323089,-36.7724543774,-427.00202868356087,246.8396252138632,1320.3285936262882
102953,-144.434876462,61.4652593698,-213.07416351197577,183.061165556628,1309.9042655501214
600545,144.439239257,-37.3517289613,-320.79206930756277,183.1729469609582,1309.9198918520985
601420,144.447727694,-35.0438613014,-592.5289901138635,397.13312447871334,1356.485353083356
600214,144.45215787,-37.3855224461,-238.7730074424151,176.02602790420133,1308.9396307970746
601494,144.456583813,-29.2397662642,-552.19101113467,357.84498087307225,1345.507645800462
600864,144.464475277,-35.9396578105,-407.6938204127064,232.23691753185383,1317.67666004834
313150,14.4482389706,51.1065888757,-484.72377672279816,295.28513378390716,1330.237236287284
600688,144.485512534,-37.9562186644,-669.1744767446875,474.19629478916755,1381.0140913702608
600265,144.493572374,-36.9642560153,-570.9689947838308,375.99724474212917,1350.4487115863096
600690,144.506634401,-37.9770501381,-673.0685229132995,478.1746030058501,1382.3851654047992
300363,14.4522038139,57.3560946408,-261.247458111928,173.4315698146699,1308.5932538339912
601046,144.523063709,-37.468566934,-221.03738770742754,180.4402156699142,1309.5405553103183
600219,144.530897699,-36.8437007673,-503.3049400891855,312.01538319640565,1334.050746382105
600220,144.531401534,-36.85171816,-481.1298932841644,292.10278705713057,1329.5344421179902
600222,144.539661557,-37.0182152078,-471.59100437516315,283.7487193185667,1327.7240414658381
313147,14.4567756043,51.0441205066,-460.7619747445027,274.4400760212813,1325.7658729572197
600542,144.573104032,-37.4766645167,-506.3240938642049,314.77444848256096,1334.69874802854
601259,144.577,-37.7520000005,-526.6882012649208,333.64698905272985,1339.2752173752058
601199,144.581119286,-37.7272628574,-497.9346079056713,307.13467865835634,1332.9176664018012
601260,144.58534182,-37.818701083,-558.059039178428,363.48947697479514,1347.0198196176855
601265,144.585755715,-37.7769564265,-560.3577668474122,365.7077712882002,1347.6201128478433
600835,144.635528598,-36.5478511178,-545.2156585605795,351.1707892540424,1343.748011271741
601270,144.639947003,-37.8848703935,-466.79917456217726,279.6056432752291,1326.8447951146381
601278,144.665,-36.9479999999,-454.68279900174196,269.30302111931326,1324.7120108746055
601014,144.672861982,-37.4645690087,-311.5931426499777,180.1623007738657,1309.5022906400677
600849,144.673243811,-36.0977087236,-453.4898650709054,268.3028692215566,1324.5090502537048
601890,144.690072557,-41.1314085691,-44.96010112926115,298.72909139210356,1331.005959646839
600223,144.702087558,-36.3304646239,-282.067499210517,174.13531873922426,1308.686709569507
601532,144.714786394,-34.5227476663,-450.3549757245112,265.6873609160047,1323.9817099650443
600217,144.739385313,-36.1437102024,-414.977622112463,237.62933593706342,1318.6377424711236
102954,-144.741003728,60.6630252924,-253.12609133135317,173.9709467353759,1308.6648481866755
600544,144.744068756,-37.5813592623,-537.9092034288276,344.2233908821906,1341.9491560420183
600363,144.744214009,-37.4644305987,-566.3009216198059,371.4609007837244,1349.1927198819699
601987,144.752117789,-40.7771718168,-310.99889664682246,179.98553475353268,1309.4779827442565
600589,144.775331613,-37.7648374175,-525.9806549242367,332.98407717379797,1339.1102233284375
600313,144.801932028,-37.6315541465,-545.6806715947199,351.6144870738289,1343.8640340792083
600867,144.806742924,-36.1230283047,-512.2197343655362,320.1924083572587,1335.9868910064474
600312,144.815067972,-37.4269227186,-498.78414379960134,307.90440772864997,1333.095239984819
313155,14.4826666494,51.219265258,-488.78467548217554,298.90280917986695,1331.044959386071
600748,144.831261199,-37.7305033187,-532.7995206229316,339.3927591798262,1340.7181805119028
600749,144.83520212,-37.7400423985,-530.4349332336296,337.16541612559416,1340.1560776277504
600588,144.851851382,-37.8565881331,-538.8433170240489,345.10902112753473,1342.176602029352
600468,144.852319437,-36.1019102939,-483.79123523781044,294.45761192002476,1330.0537883067345
600746,144.852324379,-37.7685745608,-529.9747820543497,336.7325824659779,1340.04724792287
601881,144.877054847,-40.9144751111,-326.07609718395395,185.1289936998198,1310.1948476771536
600596,144.898000876,-37.2606802728,-432.3250850535817,251.0303121110753,1321.1184701494547
601883,144.910632908,-40.985268326,-79.92754490301508,268.4141977454808,1324.5316063132666
601880,144.914543625,-40.8561483413,-298.7182416708847,176.8315362757048,1309.0481988044128
600595,144.914865327,-37.2101642056,-450.85013440141495,266.0992375421875,1324.064423958285
601765,144.922642892,-40.8558880763,-123.27592082378527,234.130444825502,1318.0117069911175
601882,144.931156143,-40.7852936044,-339.3925501672009,190.75193112143734,1311.0011799376878
601767,144.943592622,-40.9067785395,-177.09005878146837,199.29674250938385,1312.2716891506511
601878,144.951647422,-41.0315939758,-133.5855608038903,226.68260415655087,1316.709078573793
600568,144.956051811,-37.3019292482,-470.77862604765085,283.0437250364968,1327.5735553459886
600567,144.956528135,-37.2979905299,-454.08916029503894,268.80498533736824,1324.6108540675916
600141,144.961,-35.9689999999,-461.7309061620298,275.2649141775404,1325.936864088415
601394,144.968671557,-35.5311649527,-481.157902297685,292.1275171130191,1329.5398756058687
601766,144.968884101,-40.9227860758,-169.95234957847646,203.2753625244821,1312.8818178270699
600594,144.969197217,-37.1515867448,-524.582230667703,331.6753147263846,1338.7853857023904
601764,144.980630092,-40.9020862071,-149.20448967547037,216.0387348970812,1314.9184497707008
600805,144.985019623,-37.1399950938,-513.06307735407,320.9705965040661,1336.17361087234
600340,144.985457383,-37.2930423415,-470.32332905153294,282.6490708688951,1327.4894695757482
600760,144.989357972,-37.7770306205,-627.7356501040492,432.20734305159874,1367.1653089364045
601879,144.990322077,-41.0522298155,-158.66245312204222,210.01096088160523,1313.941550550049
600593,144.994188208,-37.1435818401,-476.783052799949,288.27879370641585,1328.699536190285
600142,145.01,-36.0139999997,-562.1674191705107,367.4568539392277,1348.095817840248
601948,145.018421886,-41.0601908992,-248.82960910564756,174.43971169193418,1308.727247208759
601950,145.018578891,-41.0437679648,-185.48744449512913,194.9148490154396,1311.6133549709548
300369,14.5020774141,57.4023185796,-324.6281664717874,184.57695683780435,1310.11695949902
601345,145.027210139,-37.7894445626,-610.0773862632918,414.5367778488302,1361.6822444170818
601120,145.027591651,-37.1103431784,-521.3928028325165,328.6976659126334,1338.0508025287622
601123,145.031686355,-37.0857080793,-515.7168949801891,323.424432068394,1336.7651842527225
600339,145.035378216,-37.202011012,-439.2272692597903,256.56014894342457,1322.1803600860678
601746,145.042512264,-40.9774658373,-333.70064209099377,188.23038780130796,1310.6366672206614
601949,145.048143888,-41.0685365679,-183.43364206152913,195.95561432728368,1311.7684236776836
601131,145.051805386,-37.2064271703,-574.2048774045571,379.15054215808277,1351.3300589383114
601121,145.052253404,-37.0645476516,-541.718575855837,347.8398356508653,1342.881359553804
601135,145.056,-37.1389999997,-482.15415482644084,293.00787798528063,1329.7335865250936
601130,145.056259485,-37.1983782157,-514.5519978247429,322.34638060166486,1336.5047637993832
601134,145.056343178,-37.1020434477,-497.5214659885926,306.76067296918785,1332.8315366361799
601132,145.060324712,-37.2859999999,-357.93721335386243,200.1013462968735,1312.3941265341266
601403,145.062835632,-35.402066992,-532.4309717435575,339.0452587804672,1340.6302555413874
601777,145.064181228,-40.877087967,-424.2550550225483,244.703438101906,1319.9308948541
601133,145.064449194,-37.1801946142,-525.7570347778972,332.77466554409176,1339.058166249485
601743,145.064501723,-40.9558133616,-335.08189673094415,188.82641624434365,1310.7224000691886
601748,145.066654543,-41.0058004897,-275.39242978501613,173.58308884349762,1308.6133436977866
601402,145.069033393,-35.631140274,-453.5146928215252,268.3236576922993,1324.513261484696
601753,145.072799618,-40.9519609492,-442.09285862919,258.88632280781144,1322.6337069303813
601344,145.077506982,-37.7604930182,-593.6512889181349,398.2410840982691,1356.81013986306
300478,14.5083077256,58.5437231941,-381.22579688450776,214.01342881507728,1314.5872136471728
601122,145.085250501,-37.0352676532,-549.5704827673046,355.33297499554715,1344.8417444780027
601124,145.094371559,-37.0350738561,-566.9201510851767,372.0617841557801,1349.358279257453
601744,145.097298477,-40.9060589804,-562.1980932440808,367.48652199980353,1348.1039049060587
601757,145.0975329,-40.9653211893,-285.80687823236,174.57816083203164,1308.745708230192
601742,145.101433186,-40.852401809,-520.5469261075725,327.9096812665048,1337.8574489233717
601496,145.1022986,-30.51859732,-632.2727868026079,436.77089999876574,1368.614852198084
600963,145.106027928,-37.7310432947,-592.8915147806354,397.4909381235116,1356.5901519846593
600964,145.106298917,-37.601726544,-598.6631234505387,403.1975973709963,1358.2732041445843
601778,145.106330668,-40.8810098374,-482.9113720727245,293.6779645529207,1329.881401266819
601763,145.109224055,-41.0137088193,-260.4588388884465,173.4639656431152,1308.597547738833
600455,145.109942662,-37.0226394531,-514.0130938557418,321.8481476669607,1336.3846844109316
601755,145.110416204,-40.9686532116,-289.6667663159278,175.1348825935015,1308.820087587477
601747,145.11453992,-40.8816099244,-568.5930740237789,373.686484752216,1349.8071652861825
601722,145.118382497,-40.8560462343,-489.6663923203757,299.69126937570843,1331.22223971487
600452,145.118697523,-36.1771951662,-318.13284653517087,182.2503453050962,1309.7911982202652
601745,145.122833265,-41.0146207964,-144.19568844126752,219.36262668706317,1315.4686452205917
601835,145.131468406,-41.0050641686,-218.31408068108365,181.29345994515523,1309.658395609457
313145,14.513423429,51.0440651126,-488.98349059494404,299.0805046062388,1331.0848743814101
313161,14.51386555,51.364171722,-458.74996817186945,272.7325431355792,1325.413458003446
601754,145.138699493,-40.9813081187,-284.8627846857226,174.45736130458053,1308.7295998352024
601756,145.143416314,-40.9818375727,-272.4843926678791,173.438643890503,1308.5941914000796
600950,145.143856794,-38.060321832,-550.6345793579519,356.3523441755456,1345.1114406512415
300016,1.45156902125,42.3643735444,-47.13326819812244,296.7908621428604,1330.5722868085575
601731,145.159967086,-40.8476977486,-325.9179784028242,185.06812662660357,1310.1862486167881
600445,145.173005569,-36.7147473816,-572.5687700438586,377.55531218676794,1350.8833437169546
601544,145.181706337,-35.2938239061,-508.88145995763716,317.11978258415246,1335.25381522678
601889,145.184760002,-40.9016127501,-391.042328211814,220.50212490410044,1315.6591434177299
600292,145.185421904,-38.0230062509,-619.9685611113364,424.4165831604845,1364.7224005756893
313162,14.5188890954,51.4436707206,-566.6839152996899,371.8325155790235,1349.2950804821296
600776,145.193550277,-37.9896841461,-446.9560935292039,262.87301642507805,1323.4198190052432
600291,145.194157927,-37.9980191238,-716.0856153846514,522.4304845384787,1398.3101965395808
600459,145.201575472,-37.093573107,-449.9001178135227,265.3094231100327,1323.905919830571
600139,145.206451245,-36.0564634852,-400.4803448179424,227.04747119025248,1316.7719425721905
600290,145.206665022,-37.9937273285,-597.3993189500766,401.9464165202165,1357.9023220853903
601338,145.21,-37.7400000005,-352.951481600778,197.42535189259448,1311.988782018111
601732,145.213900614,-40.8940003324,-241.89175926896166,175.4614443138444,1308.8638252362819
600147,145.214390043,-36.0689877602,-491.92533121633727,301.71603079432555,1331.679525189801
600454,145.222466964,-36.6185825807,-502.81168125649594,311.56563994943036,1333.945629539881
600366,145.223138803,-38.0313732256,-563.0570878831448,368.31762201269095,1348.330695807425
600293,145.227373226,-37.9476650217,-534.365074211705,340.8702963551453,1341.0929697484423
600573,145.247959473,-37.4272441416,-251.19227601513228,174.16630994307712,1308.690833654244
600144,145.257426764,-36.0639641018,-384.708505682525,216.2764162668209,1314.9575212928632
600577,145.26482159,-37.1474364484,-306.8573521612691,178.81472190267957,1309.317570087786
600530,145.27279086,-36.9476015479,-445.4825403552188,261.659984519601,1323.1794066075277
600956,145.273064754,-37.4224445582,-159.05270321306764,209.76954659532325,1313.9029862399502
600258,145.277366885,-37.4145136715,-297.67354798602025,176.60805567848544,1309.0180288681995
600527,145.284768336,-36.9518046963,-384.18541618612494,215.93372476651768,1314.9012008751813
600576,145.285395788,-37.3642260184,-207.22591302935078,185.22487992594208,1310.208399726941
600578,145.285689097,-37.347491717,-224.51655469468,179.41661529107736,1309.399906985623
600574,145.293774563,-37.3006259021,-183.44614935865337,195.94921459647793,1311.767467683365
601690,145.297202326,-40.8716196796,-164.6647985959816,206.36479902517604,1313.3637062322657
600847,145.302224173,-36.6481922621,-634.5032249489796,439.01761788943696,1369.3335106498955
313158,14.5321965625,51.3321704234,-486.1934266142607,296.591750838887,1330.5278881846589
600236,145.343860361,-36.5723265749,-544.9830719179449,350.9489315584146,1343.6900487588068
601347,145.348334345,-37.6771386363,-483.956687986496,294.60434240507624,1330.0862803349935
600232,145.352134571,-36.5932691416,-534.6238912092258,341.11477873407046,1341.1551315348443
600237,145.360525561,-36.610367382,-497.237439275304,306.50367554307024,1332.7724103135026
600235,145.361,-36.514,-523.3205427904261,330.4961833754659,1338.4937511237029
600166,145.385413441,-36.3976790224,-496.661385813532,305.98275320814895,1332.6527078846502
601064,145.390034029,-36.4516661319,-483.4301541143026,294.13752458883044,1329.9829615234537
600456,145.394,-36.3799999999,-539.189210864307,345.4371570073066,1342.2610118798586
600163,145.406401222,-36.4105494925,-481.20938447660984,292.1729753455839,1329.5498644630607
600119,145.410186616,-37.214712401,-382.24133603922655,214.66874646628503,1314.694057673061
600840,145.410543155,-37.5058884831,-249.47380680347698,174.3613898902713,1308.7168100303134
600132,145.414932884,-36.102399326,-425.7468977923406,245.8612925797568,1320.146041072896
601357,145.418854929,-37.4266165505,-280.6588496105962,173.9932793156961,1308.6678172166082
601352,145.422708647,-37.5140467618,-162.25720359908007,207.8099382565015,1313.591551818762
601065,145.426766613,-36.5272495991,-575.2422792090019,380.16294600503926,1351.6144642932327
601358,145.435108659,-37.2104456707,-546.727116506058,352.6136216765376,1344.1257979680681
600146,145.435583053,-36.0972684626,-513.7869018335547,321.6391200636801,1336.3343586568408
601493,145.443696267,-29.7561737599,-553.689597467531,359.2839490239835,1345.8910619354451
600276,145.452287599,-37.2106476367,-474.437539477596,286.227174091773,1328.2559202804307
601353,145.460571926,-37.2487942458,-508.5083167846852,316.7771110091165,1335.1724729901878
601359,145.46409112,-37.3853740981,-505.5829811631743,314.0961907238592,1334.538950948488
601355,145.464628449,-37.2769092832,-513.6936647257976,321.5529743566334,1336.3136270685297
601354,145.471719426,-37.3811942618,-439.37466437570396,256.67937384516546,1322.203500044149
601059,145.476886375,-36.6072703838,-576.5963988922198,381.48550023396496,1351.9870492945597
601340,145.480312097,-37.6645695142,-320.44979605963323,183.05185184380858,1309.902963976683
601800,145.485269916,-41.0559066598,-119.68407504242306,236.7970870599831,1318.4880185316608
600145,145.489551179,-36.0891057269,-324.5426791924153,184.54473971984552,1310.1124209508578
601346,145.4979871,-37.6778764513,-348.7227703215485,195.24700465831302,1311.66275673265
600505,145.501748492,-36.4812174263,-565.7339421579957,370.9109564969251,1349.041412344675
600874,145.502083194,-37.3222547879,-422.94192456856456,243.68882686294324,1319.7431715713815
601426,145.50209304,-33.4855986935,-617.5846663070182,422.0310724811884,1363.9824121707265
600875,145.50667734,-37.335641489,-366.7729303781514,205.1163344214055,1313.168117652087
601309,145.510624194,-37.7688407829,-333.5235565079255,188.1547189454899,1310.6258019865577
601405,145.514597762,-35.3480722736,-474.8533604627155,286.5902793144398,1328.3342135053888
600071,145.51615883,-38.4647505074,-572.7826470227005,377.7637438907897,1350.9416126427664
600876,145.518922042,-37.3556994477,-268.41020669154506,173.33482841141404,1308.5804359350118
601773,145.522733377,-41.1267993567,-133.09383110222404,227.03059378719317,1316.7690325515775
601343,145.535267512,-37.7687516129,-285.95217811699024,174.5972903403492,1308.748260119433
600465,145.542771922,-37.1646315329,-468.3354716097733,280.9298894219587,1327.1244844934802
600234,145.560265315,-36.7603638914,-553.51017107983,359.1115680986561,1345.8450553142168
600873,145.564623497,-37.4141870485,-184.59664481108678,195.36375294318742,1311.6801403297598
600967,145.564643411,-38.5644321147,-577.761767848348,382.6246598933219,1352.3089236302228
601772,145.580731659,-41.0395076505,-178.11447530801297,198.74449801783658,1312.1879324486313
601058,145.581149698,-36.7563196711,-618.9297791780284,423.3767641169038,1364.3993839655425
601774,145.601775105,-40.997823219,-187.22621088912643,194.04980899900897,1311.4850830047603
313157,14.5605747009,51.3018076299,-508.41802779410614,316.69421896271496,1335.152808818472
601810,145.606329061,-41.0727108752,-173.35971549841,201.3479005850063,1312.5847674117817
601771,145.609778781,-40.9689118266,-230.5014998972339,177.83370677392287,1309.183952634772
601702,145.614762233,-41.0727646392,-190.7012320217865,192.3659874391081,1311.236999056568
600694,145.622718804,-37.7772811956,-283.5515131985029,174.299648796376,1308.7085856454032
601806,145.627028372,-41.0175108577,-195.48845486836967,190.14708147036384,1310.9133103158076
600137,145.627760926,-36.0978392756,-380.6567993311174,213.64792022201692,1314.5277586976415
601811,145.630979915,-40.9983219491,-185.77653261125033,194.76999893629798,1311.591837065593
601930,145.635194809,-41.1643799428,-104.36356839713929,248.5515746212279,1320.6497188195451
601809,145.639066626,-41.1811398492,-114.8785134519456,240.41953336923348,1319.1434139610944
601808,145.639312978,-41.1647111438,-111.1273545604856,243.28905537261926,1319.6694127831988
601335,145.659845438,-37.7517001854,-193.84425406576617,190.89580133221247,1311.0221209185293
601770,145.659898438,-40.9690016596,-229.2893305467835,178.13590257963705,1309.2250357976332
601805,145.66075303,-40.9769335663,-193.905227586072,190.8677839958371,1311.01804165272
601691,145.668390097,-41.0273828855,-205.18582534903862,186.025790717421,1310.3218648040236
600156,145.668830855,-36.4315826592,-470.8352201550627,283.09280426545695,1327.5840200900025
601701,145.668863689,-41.1515741128,-189.59565314317982,192.89512041784357,1311.314730357463
600648,145.669163824,-38.4977908642,-425.39779317784274,245.58985627306282,1320.0955162698172
601692,145.670104216,-41.094059359,-224.51494302604254,179.4170720174726,1309.3999695672726
600004,145.677,-37.5180000001,-149.2307281016794,216.0215560517183,1314.9156274265117
601225,145.677463966,-37.1896398349,-319.2442777637161,182.6308503423314,1309.8441976312354
600198,145.679212299,-38.1310830888,-550.0161809946394,355.75982851545393,1344.9545903698001
600462,145.681456078,-37.1978960196,-473.7191576973811,285.60049379675223,1328.121017312956
600168,145.681729281,-36.4351240975,-747.4855630130942,555.0394039588497,1410.817682947888
601693,145.685074497,-40.9814793457,-213.39248128770024,182.9491157877044,1309.8886111188822
600131,145.68524008,-36.1020010059,-489.7758059208329,299.7891835947382,1331.2442860616723
601807,145.685583472,-40.9813056797,-215.8227605072031,182.11343709879617,1309.7721552023422
600008,145.689525877,-37.5514458009,-131.86086513911533,227.9064216428396,1316.9203208992924
600357,145.68958532,-37.1769058479,-299.0359333261785,176.90091267163487,1309.0575722539895
601688,145.689669983,-41.0082584589,-210.0854626511058,184.14217223763305,1310.0557752125844
600006,145.689688965,-37.5353779285,-141.12616217716226,221.44230665697282,1315.8170426579115
600111,145.68975992,-36.0852807646,-566.7763350105665,371.92220492341517,1349.3197994124841
601226,145.702,-37.1930000002,-485.7283723029438,296.1779609448109,1330.435710254681
600005,145.702072439,-37.6104456708,-125.69872487860528,232.35216290189302,1317.6969766136065
601109,145.70237057,-37.4269099546,-230.16546768698194,177.9165361136365,1309.19520637456
600148,145.706080362,-36.1061993963,-521.8500371396779,329.12391050144817,1338.1555750491857
600510,145.706176049,-36.6269208714,-573.4236584599705,378.38861878248866,1351.11647958108
601689,145.706253372,-40.9873091652,-231.560475536209,177.57742935710854,1309.1491656753751
600966,145.714453317,-38.556341508,-588.4634055847127,393.1256151934747,1355.3175066724032
600003,145.714458984,-37.3183647456,-529.43975991157,336.22957473289364,1339.920938524551
600007,145.714537105,-37.2489189448,-431.0584879942313,250.0271635016612,1320.9282255520693
600469,145.714944334,-37.2352583027,-537.3277875321028,343.6725423016714,1341.807963496843
601224,145.715,-37.1889999999,-478.12634860305195,289.4575235123945,1328.9557752195442
601704,145.722398929,-41.0103352051,-239.5186650628187,175.88515519611016,1308.920693697602
601705,145.722709283,-41.0972063943,-283.06341407737864,174.24393871362696,1308.7011670927363
601404,145.722960814,-35.7898365991,-468.9519078266541,281.46232538034945,1327.2372942243467
601108,145.735259007,-37.4646568487,-165.52233226842682,205.85580362489893,1313.2838255523839
600769,145.735532129,-36.9893560814,-526.8809861256668,333.82769695804376,1339.320247673335
601409,145.735737475,-35.3523336389,-492.5795878535224,302.3037227359889,1331.812800415843
600507,145.743484084,-36.6898774796,-304.32124190027844,178.15116050312196,1309.2271119099469
600197,145.743544656,-37.93936378,-181.97749930387562,196.70581021440336,1311.8806997374252
600511,145.743949549,-36.6559441438,-575.745660676485,380.65445311272185,1351.752790729872
601957,145.759592632,-41.0847028432,-344.59884798177205,193.20625216447587,1311.3605341197722
600473,145.768299397,-37.2397611131,-508.9675083892074,317.19882654336635,1335.2725901972003
601110,145.773026499,-37.5271798359,-110.37694289088998,243.86737747262143,1319.7761523708577
600150,145.777012085,-36.1519242381,-501.99337054567184,310.8201630272699,1333.771707720534
600125,145.785523648,-36.9684065316,-444.12517208635415,260.5464713078811,1322.9596585997776
600443,145.826805157,-37.2897919742,-316.0184521908998,181.5468703677508,1309.6934987667064
600149,145.831508251,-36.2684643267,-544.9756499750725,350.9418527253215,1343.6881999056675
600134,145.872735439,-36.3435661399,-479.94028826150065,291.0535006652601,1329.3043048229981
601171,145.881271765,-38.6930002253,-582.7195317395934,387.48062321127685,1353.6908908372145
600655,145.893546482,-37.8813168972,-149.37138492823055,215.9295071909072,1314.9005082694127
300381,14.5896844193,57.5439566264,-280.5595452194189,173.98377947766556,1308.6665542042344
600449,145.926941559,-37.2184648723,-311.75780085244037,180.21166690574387,1309.5090833821653
600332,145.93113716,-37.0269576045,-446.92239763854604,262.84522940215356,1323.4142999041994
601495,145.936557925,-30.0855213221,-527.9792458729851,334.8578435762389,1339.5773848404506
600153,145.939810269,-36.4728584846,-576.4990403071448,381.39037116562395,1351.9602101353812
600155,145.943807138,-36.4814276773,-589.3915033149084,394.0395999877002,1355.5829007957864
601730,145.951913667,-43.1395693322,-31.023877737217788,311.30572849853064,1333.8849467504508
600676,145.956361485,-36.7394204177,-355.1687144918614,198.60126736808786,1312.166246316244
601279,145.957,-38.3929999995,-467.81883909039414,280.484134164548,1327.0301971279657
600331,145.960563595,-37.0184513608,-454.25171013615227,268.941292187669,1324.6385217164059
600677,145.985732436,-36.7229577723,-363.11980443151924,203.0018097930585,1312.8394910843858
600502,145.993537612,-36.5647292812,-660.501718479841,465.3545365886979,1378.0031347189067
600678,145.993665201,-36.7269111477,-481.80814441746816,292.70195583959224,1329.666209814995
601172,145.993878139,-38.5818485191,-585.4140809229339,390.126286477719,1354.4505579652389
601398,145.994225726,-36.0103078634,-557.8004441764248,363.2401778256664,1346.9525683402046
600866,145.998167455,-36.006022114,-608.92101307905,413.3849084290845,1361.332023089288
601411,146.001853105,-34.5688566061,-326.4013547730738,185.2546477279981,1310.2126083488422
600796,146.002,-38.206,-523.8638239836096,331.0037214327195,1338.619160991565
600696,146.006499355,-37.867570691,-158.5427146920136,210.0851520286359,1313.9534107700877
600170,146.010407912,-36.852184176,-245.41083326518986,174.9025630078622,1308.7890208578963
600167,146.010620947,-36.7476498064,-548.3190722829163,354.13533315335513,1344.5258007041327
600161,146.014609643,-36.839329071,-273.1102550927429,173.4647878627819,1308.5976567301852
600200,146.014859611,-37.1019003387,-436.03499759840065,253.9895049909626,1321.6839498219708
600657,146.018714745,-37.9063867522,-184.21574856238098,195.5568749412157,1311.7089181324588
600159,146.019,-36.7979999995,-273.53445690795513,173.4840503005274,1308.6002102552666
300405,14.6038294045,57.7728502273,-299.0438002482386,176.902638986863,1309.057805542585
600491,146.048,-36.9900000004,-431.8749646323322,250.67339325846092,1321.0506972327607
600386,146.052,-37.0390000005,-533.0937306665707,339.67025652547915,1340.7884537612697
600320,146.059392441,-37.1687235962,-379.19514634951145,212.71450923207024,1314.3763757041938
600500,146.060140389,-36.6144781873,-614.5069215278949,418.9552897815794,1363.0338695012017
600173,146.064609009,-36.972898426,-509.16622713265565,317.3814013145486,1335.3159732706856
600390,146.073324903,-37.0353754862,-515.4964525579594,323.2203124618589,1336.7158130879552
600112,146.073778006,-36.3436833739,-476.8142623595255,288.3061490480621,1328.705471558831
600087,146.077123549,-37.5187961982,-170.64993526147757,202.876641305696,1312.820142349641
601839,146.089726196,-41.2523880991,-225.74206833939562,179.07403517054067,1309.353009941823
600319,146.101649099,-37.1603673025,-372.7121681931427,208.67265873831846,1313.7283102210938
600388,146.102114867,-37.0601932462,-549.2715203898651,355.0467427828882,1344.766144774693
600172,146.105,-36.9770000003,-529.1903480636474,335.9951800236301,1339.8621405094493
600128,146.119037237,-36.9682498516,-346.79297303641874,194.28158859473788,1311.5193975837135
600321,146.131307207,-37.1436959481,-373.21469281675854,208.98010443197197,1313.7771799737768
600442,146.131,-37.3309999996,-169.0448143620377,203.79721764087736,1312.9627186213684
600461,146.135699303,-37.3056112725,-168.6180231008521,204.0438506920292,1313.001023448452
600387,146.139497298,-37.0563630629,-467.3441828020358,280.07498169645805,1326.9437779890009
601540,146.143553188,-34.6446938234,-234.13845733832903,176.98386553376142,1309.068784759122
601115,146.151674768,-36.9812360437,-348.389374115032,195.07891729353892,1311.6377466907056
600165,146.15603152,-36.9893909914,-398.6471687405823,225.75384985288585,1316.5495035488984
600661,146.16069553,-38.0892318444,-527.8415571021916,334.7286302646934,1339.5450908761263
600389,146.176931523,-37.0646114146,-469.58067522409664,282.00604673491887,1327.3527055634115
600519,146.181353967,-37.2187530053,-251.8273023529965,174.09933090615476,1308.681921474207
600547,146.188779372,-37.2898489342,-156.81599309798543,211.16123115462347,1314.1258920340122
601159,146.193731798,-37.9811790084,-209.13377458667512,184.4972939225335,1310.1057384944886
300760,14.6200115718,61.7841476352,-273.48327450371414,173.48166008474658,1308.5998933811707
600520,146.202187498,-37.2273088961,-174.51299092109775,200.70709372300803,1312.4866216621747
600101,146.214309344,-37.0139601864,-480.0250712775402,291.12821479330404,1329.3206656108932
601873,146.231188737,-41.5515326068,-135.53584376427605,225.3098416715888,1316.4734404178187
600526,146.235027793,-37.2394170301,-153.24729025617103,213.42129457554276,1314.4909446434965
601160,146.243111659,-38.0938883408,-370.40870297084973,207.27631694013826,1313.5072387070122
600938,146.247787722,-36.163247641,-500.0403708782403,309.0442585278164,1333.3589720328355
600378,146.247962259,-36.6187617937,-509.69461722692233,317.8670818094452,1335.4314944127625
601417,146.256355122,-34.6185836462,-319.5244637178485,182.72793227266962,1309.8577372387035
600909,146.273138803,-38.1700000001,-292.5260337866128,175.61196825253867,1308.8840124185879
601524,146.28209,-35.3473499995,-533.4617445853871,340.0174776559074,1340.876459515543
600393,146.306488977,-38.6311133852,-463.62985535558784,276.88616921041995,1326.274385363554
601219,146.306681566,-37.9437027653,-162.5390845854999,207.63952535316503,1313.5646033067194
300452,14.6309740537,58.2230236515,-458.59720730102384,272.60319222378666,1325.3868472948004
601874,146.33090028,-41.5141719008,-325.3412887179261,184.84734191686277,1310.1550802806444
600940,146.331493796,-36.3481426913,-556.3737067367754,361.86563760002707,1346.5825389656313
601218,146.334951152,-37.9604543767,-162.5631471984179,207.62499300146476,1313.5623062079353
600665,146.339474229,-38.168984525,-382.72405924094636,214.98156651332368,1314.7451724619393
601006,146.343792749,-36.3312570759,-549.3101355851966,355.0837096426341,1344.7759052812576
601216,146.356377902,-38.0477823169,-237.21329759879936,176.33259828387057,1308.9808935920314
601876,146.360116336,-41.5228711405,-279.83478372943364,173.91649620400818,1308.6576107688863
600824,146.373,-38.1950000001,-561.808078885541,367.1093499763883,1348.0011385052824
600010,146.373219422,-38.6399999999,-482.1193023239257,292.977055643128,1329.7267951367937
600546,146.38610364,-38.0520861983,-225.73898564452503,179.07488507004445,1309.35312617884
600583,146.389501771,-36.9142724052,-151.94356482121322,214.2588356195688,1314.62718791774
600580,146.389520047,-36.5149021241,-471.7749962535481,283.90853557331013,1327.7582050745661
600582,146.393842277,-36.9101577228,-168.26414012270249,204.24893953631332,1313.0329104303366
601877,146.39825806,-41.5561064672,-380.16786012987643,213.3347973052906,1314.4769036817427
601188,146.402090461,-37.8894946998,-141.65404166244875,221.08239736677646,1315.7565204082755
601875,146.409809116,-41.2565233734,-458.1657021489233,272.23803852622467,1325.3117913125416
600660,146.410525771,-38.1686598029,-364.98549090189414,204.074624993189,1313.0058062086255
601707,146.410648742,-41.2642682211,-363.89370922826515,203.44501212378015,1312.908095614273
601872,146.423027968,-41.2742416499,-341.43018891206293,191.69598366271958,1311.1388731648028
600358,146.431253535,-37.2018443409,-195.46696223024813,190.15677725705913,1310.9147167181557
601932,146.431375517,-41.3436597196,-266.15391669261726,173.3268897339846,1308.579384399857
600002,146.43159576,-37.8522819808,-121.71228669843643,235.28691730957317,1318.2176330289674
600097,146.443617923,-37.1937240623,-143.02631018183317,220.15115424971003,1315.600366862571
601729,146.464513074,-41.4059823558,-331.12576788362276,187.1469763799486,1310.4815089651624
601870,146.468922827,-41.4100926731,-297.6914932155678,176.61183414428825,1309.018538650718
601856,146.47885634,-41.5523865719,-384.50271426852834,216.14147927803947,1314.9353343932737
601871,146.497830526,-41.384757151,-353.8094801123237,197.87767714110763,1312.0569231867237
601202,146.535339353,-38.2272390778,-362.77018660072207,202.8024370743562,1312.808677246898
300784,14.6535537416,62.0300256875,-260.92627468716535,173.4442437753789,1308.5949336101928
601203,146.539766082,-38.2554704161,-368.8197683263803,206.32564322361594,1313.3575543708919
601206,146.54,-38.2687635022,-353.60298791271254,197.76850254782178,1312.040462474942
600599,146.552702765,-38.1561209689,-546.8725113183029,352.7525147205797,1344.162241402854
601169,146.555901312,-38.4686480318,-197.10870937792444,189.42316920780897,1310.8085030255877
601952,146.564642592,-41.25157878,-297.33172812854855,176.53648726095417,1309.0083750327528
601033,146.585666885,-36.8233324596,-181.7906293395557,196.80281595151308,1311.895248462276
601007,146.602114631,-36.3106284562,-253.95088881628456,173.8954263627181,1308.6548108196152
300692,14.6610009102,60.7832574454,-237.87422123439626,176.20072678834794,1308.9631357269745
601868,146.619137916,-41.6480431038,-458.6784406760106,272.6719717469151,1325.4009954529995
600728,146.623072626,-37.6272866361,-233.5418565577132,177.11739103902426,1309.0868438648074
601189,146.626802535,-37.976426729,-373.34629609698925,209.0607850452515,1313.7900161042437
600294,146.627254838,-36.8144414769,-140.2940553622811,222.0115204080625,1315.9129567586722
601866,146.635615743,-41.5730233566,-318.5007679059511,182.37549093129067,1309.808617418545
601814,146.655716839,-41.6728955729,-125.77149259189052,232.299012794661,1317.6876055867056
600432,146.656870114,-37.9144139409,-281.37976382281903,174.06427278410467,1308.6772580095183
601867,146.660292524,-41.5228350425,-344.6503126314333,193.23120012493774,1311.364210001621
600190,146.660895462,-36.7146420276,-297.99727542704943,176.67654289110075,1309.0272706782707
600731,146.668632718,-37.770535023,-147.68000208736134,217.0410667553056,1315.0835027593241
600939,146.669067016,-36.5357339008,-355.1301308310108,198.5806093013452,1312.1631197994957
601170,146.677423696,-38.5390906626,-490.31616423620596,300.2729853996332,1331.3533191201577
600188,146.702080646,-36.9105838708,-144.4897005120765,219.16510503815036,1315.4357216670967
601983,146.709748324,-42.7060079784,-163.45120463062943,207.0903001205504,1313.4778974065273
601928,146.717904474,-41.5730749316,-375.85654844737155,210.61274401870799,1314.0378695131055
300730,14.6720124901,61.4698725802,-147.2719752300471,217.31073794891182,1315.1280361239938
601418,146.72709,-35.6973500005,-552.9622074806327,358.58527685633516,1345.7047207131236
600980,146.768959012,-38.0063372655,-379.959717131392,213.20176971003934,1314.4553203433522
601185,146.780925322,-37.9895758941,-508.6832676516543,316.937755365808,1335.2105958790803
600659,146.789935781,-38.1438990599,-503.1713453409428,311.8935456160188,1334.022255574615
600727,146.807249677,-37.9020637089,-429.7857381855143,249.02287897704358,1320.7385013035196
601925,146.814726696,-41.5396972409,-490.1513598155342,300.12538880339997,1331.3200379983182
601680,146.822860729,-43.0687759024,-254.35426910721674,173.8601942069088,1308.6501295996252
601924,146.826830485,-41.5232839415,-551.2540105314813,356.94615563573245,1345.2688774347605
601844,146.830698144,-42.9982800415,-117.5785721331033,238.37665024116367,1318.7726195033204
601927,146.832959131,-41.5184462301,-527.1491100381793,334.07908434211333,1339.3829285033898
601803,146.843606939,-43.0354657706,-222.51150895939094,179.99734934855192,1309.4796066926572
601926,146.847790306,-41.5083514363,-545.645517637621,351.58093820901297,1343.8552565969974
601953,146.863906871,-42.9854994635,-165.75523280831834,205.71808899089484,1313.2622459773668
300806,14.6878559024,62.4993718254,-222.84035302555446,179.90038948310598,1309.4662823866925
601191,146.882,-38.0099999998,-227.18573659568227,178.6826032992284,1309.2995330684423
600037,146.885227189,-37.8019511516,-266.21287973961324,173.32664752311828,1308.5793523180223
601830,146.906295134,-43.1809425607,-194.9534883180743,190.38913740839538,1310.9484422411754
601327,146.906375806,-36.3060403228,-321.4375444277954,183.40318757988618,1309.9521074397778
601955,146.910446229,-43.1356263489,-168.73755242717743,203.9746991352698,1312.9902788896707
600654,146.919,-38.1399999996,-516.7410678810036,324.37344873088125,1336.9951117386395
601956,146.922652516,-43.161032615,-194.4328457710738,190.62615145742706,1310.9828847818424
601933,146.92279975,-43.1770444283,-147.88629542157295,216.90494820773256,1315.061044639545
601831,146.926512301,-43.1688994447,-325.78454364120165,185.01687246308103,1310.1790097797598
601804,146.927766757,-42.9980801895,-323.1722294151512,184.0340183128769,1310.0405774127137
601934,146.930597565,-43.1985548811,-154.46423270680557,212.64520612311165,1314.3651616877983
601832,146.931259038,-43.1646400293,-312.11608292947517,180.31966172654325,1309.5239497529728
601733,146.935213985,-43.0099555495,-154.0056689921108,212.9369985114889,1314.412401001502
601833,146.947829324,-43.1643998523,-186.91440568632197,194.20383804050059,1311.5078822794444
600942,146.952457742,-36.7270462677,-190.20681429525314,192.6018529592693,1311.2716226376576
601986,146.956191327,-43.0272737709,-235.04921396992376,176.784505806716,1309.0418465674718
601709,146.956210189,-43.1232560369,-182.4570967005533,196.45760680351924,1311.8435066128955
600560,146.956675116,-36.139284056,-515.3578326903798,323.09198343336345,1336.6847886956582
601761,146.964390782,-43.3352855964,-170.73860421227124,202.82611114735022,1312.8123346215973
601708,146.971868543,-43.1317825516,-185.28281733842232,195.01762581895403,1311.6286322551491
601230,146.981068364,-37.7268887334,-196.94561166871907,189.49541021139677,1310.8189444246818
601179,146.990020414,-38.0477596319,-322.02554795338244,183.61505308940255,1309.9817870079246
601768,146.994331256,-43.1145543642,-247.17643638632933,174.65362644201323,1308.7557769885098
601840,147.001831137,-41.5345793484,-544.9760242286754,350.94220967641223,1343.6882931334985
601740,147.009394217,-43.2979297533,-159.03176637949053,209.78248329938455,1313.9050516954062
601922,147.010437464,-43.0856235288,-245.2731207369463,174.92286595300297,1308.7917342360715
600563,147.019031782,-36.2560747537,-384.2545345897646,215.97895006952373,1314.908628553553
601397,147.022923659,-36.0975298546,-553.4572664891452,359.0607456857451,1345.831495271178
601885,147.04752115,-43.0135767668,-308.9486041599923,179.39249521405057,1309.3966022220216
601888,147.047719361,-43.0172403911,-300.92805111282166,177.32772963107305,1309.1153189339595
601725,147.055895937,-42.9359196414,-175.42556526259906,200.20424140774946,1312.4098189396118
601685,147.056566302,-42.9818463612,-153.44010880036535,213.29795850757094,1314.4709253821284
600935,147.064334098,-36.8814696174,-140.2577612087397,222.03640008833304,1315.917154510738
601884,147.064396343,-42.9939878322,-306.79108527934903,178.7968641405982,1309.31513135607
601783,147.068891786,-43.1559877076,-275.07929338374737,173.56472453519336,1308.6109078616262
601963,147.069034454,-41.4980587474,-434.70962263502827,252.92878455643478,1321.4805199580687
601829,147.073848432,-43.0729154167,-126.97278520962442,231.42379365493161,1317.5335923008158
601836,147.076649507,-41.8458381802,-513.9346625461752,321.77566177322467,1336.36722912568
601822,147.080957808,-42.5943475391,-289.4418957340941,175.099689198016,1308.8153787791057
600036,147.08099613,-37.9731872578,-520.1103484761138,327.50326980080985,1337.757895249239
601672,147.081430007,-43.1397649783,-206.24397067436405,185.60744097258137,1310.2625373244257
601698,147.081443922,-41.7138849673,-532.4417278611127,339.0553988144043,1340.6328199908603
601673,147.085216508,-43.1307175945,-213.27948740766425,182.98882189597222,1309.8941573693378
601187,147.0854509,-38.1434012669,-527.3289672099413,334.24775373508396,1339.4250092664392
601305,147.089,-37.4059999998,-154.40440019543652,212.68323386203033,1314.3713145597262
601726,147.089920571,-42.9650308138,-173.62446893915782,201.20026991065873,1312.562129266106
601776,147.09359235,-42.9852974625,-249.96473399553966,174.30360244417773,1308.7091122157242
601825,147.0937549,-42.5393146076,-284.37723297925436,174.3975954691484,1308.721634220537
600395,147.09389894,-37.8103830413,-330.3053544071171,186.80942724389462,1310.4333469042383
601918,147.097508931,-41.1102554333,-305.41439282558696,178.43216296398387,1309.2653785048535
601920,147.097622452,-41.1266102427,-224.43537053492005,179.43964206126483,1309.4030623587705
600564,147.098001253,-36.5937633066,-221.22111193003877,180.38428856011902,1309.5328503442715
601681,147.098252058,-41.6185747914,-402.907419865577,228.7761269356128,1317.0711107708312
601895,147.101536216,-43.1687782777,-160.30526222565194,208.9987347085818,1313.7801435861481
601797,147.106229883,-42.6180009861,-275.44092244188073,173.5859933608545,1308.6137289752567
601824,147.109910417,-42.6314989642,-329.37685627429926,186.43191065637265,1310.379583129422
601886,147.110507161,-42.9604025334,-161.31246411623766,208.38341555246663,1313.6823978605953
601683,147.110529243,-41.5912490971,-450.0961691744153,265.472271617797,1323.938564121978
601921,147.114290873,-41.0669808438,-332.8849649860961,187.88326282006406,1310.5868590136884
601682,147.11483902,-41.5811606573,-497.42733113450856,306.6754852167803,1332.8119326463127
601827,147.122821786,-43.0434836013,-182.06357858170531,196.66118152612773,1311.87400877169
601826,147.123549016,-42.5273012616,-284.7491037641015,174.44322453946353,1308.7277154393794
601917,147.126711619,-41.2105652356,-393.2336879755974,221.99602297236893,1315.9103422296673
601973,147.127282595,-42.6604108876,-293.464067141524,175.78039323263192,1308.9066205105962
601964,147.135748656,-41.589489405,-552.0437561106594,357.70367932762616,1345.4700727909087
601958,147.139334661,-41.2229894317,-238.75380556322958,176.0297043047384,1308.9401252040007
601887,147.139514369,-42.918571686,-162.12367009250346,207.89077852559765,1313.604343159473
601736,147.139521487,-42.460300627,-292.64218910458396,175.63250584919845,1308.8867680904718
601798,147.139940073,-42.9391774197,-161.64913068011788,208.17864126854153,1313.649931013536
601892,147.140077779,-43.1601705459,-165.77925402218716,205.70389799457317,1313.260023080583
601710,147.140495228,-42.1683731659,-278.20018947476467,173.77800395950035,1308.6392127823465
601828,147.14377166,-43.0348998016,-191.63191748677045,191.92536818205764,1311.172430126286
601424,147.147861858,-33.0896128747,-530.9474347792757,337.6477273032958,1340.277501984023
601823,147.148393863,-42.4099067009,-475.3095533523456,286.98894367441886,1328.4202830289858
601893,147.151416235,-43.148351832,-166.62869604379426,205.20361787422246,1313.1817541224525
601894,147.155458108,-43.1262800521,-162.06098550485183,207.9287520907191,1313.6103533839307
601781,147.15632988,-43.2356168382,-186.7781919504616,194.27127707845145,1311.5178701295474
600566,147.160463687,-36.7896815658,-118.26327240966341,237.8616737981408,1318.6796314622839
601821,147.160623626,-42.4642782994,-508.59900784860554,316.86038152035394,1335.1922318335573
601919,147.161298802,-41.2603907148,-200.15142844859707,188.10156601849582,1310.618172356107
601307,147.167,-37.4899999998,-142.7958984682642,220.30707184657635,1315.6264669263323
601834,147.168886817,-41.4523520206,-527.2932123719613,334.21422048472544,1339.4166415815746
601817,147.172622549,-42.3643790771,-411.7395534700355,235.21385461752735,1318.2045941262256
601904,147.176820018,-41.4438038579,-428.28228366882826,247.8414413950911,1320.5162530784119
601734,147.176918797,-41.4311721089,-269.77650745308756,173.35681207435445,1308.5833480768563
601780,147.181453109,-43.2104435471,-190.60998788986862,192.40942284574385,1311.2433719837381
601818,147.182018849,-42.6836395465,-445.5156091400232,261.6871589815351,1323.184780651319
600035,147.182080646,-38.0226632269,-615.2059889507927,419.65350653321445,1363.2486420741723
601858,147.185373725,-41.7550771417,-560.7837994777881,366.11932793608014,1347.7318564387424
601905,147.189350883,-41.4555137899,-439.1352024038085,256.4857015313161,1322.1659160867305
601816,147.193574333,-42.6938736404,-437.99808257937946,255.5677018997272,1321.9881409550387
601961,147.202174746,-41.5977941397,-593.3923091858217,397.9853490561497,1356.7351003916708
601815,147.214368528,-42.3350349167,-457.65128516854344,271.8031581076901,1325.222528984761
601735,147.214872637,-41.4308362179,-283.2740805167358,174.26778394055867,1308.704342122775
601951,147.222979685,-41.4942566631,-486.51308397429324,296.8763451797139,1330.5913568405274
601762,147.223433309,-42.3179349843,-428.7608517262216,248.2169288851404,1320.5867780485396
601898,147.231613326,-41.4893516607,-517.4521252552977,325.03298095869934,1337.1552764291625
600793,147.231629383,-36.4087867293,-337.93659985551596,190.0906046591207,1310.90511958384
601960,147.23526607,-43.0728403297,-171.77499683784532,202.2380298111258,1312.7216061577328
601813,147.243835452,-41.8563649991,-533.6317109561296,340.17788298680387,1340.9171438403027
601862,147.259963332,-41.8231686883,-600.873332222181,405.3878413787717,1358.9249782490542
601820,147.26454204,-42.6855232577,-497.86949509585133,307.07571971832493,1332.9040821499418
601903,147.264548867,-41.4978863854,-319.7830802458729,182.81795335545758,1309.8702984038266
601684,147.271710806,-42.677615687,-329.55491092556,186.5039338391034,1310.3898320381275
600297,147.272927353,-37.4938922851,-326.1617266202261,185.1620158038754,1310.1995140695199
601975,147.273216893,-42.6932560413,-476.66232909859923,288.17299259306577,1328.6765852650128
601971,147.302360266,-41.3886099694,-194.87908121709006,190.42292320444272,1310.9533493809674
601913,147.30691178,-41.3645028614,-158.75974302344196,209.95072026586706,1313.9319234692518
601492,147.310349925,-29.0267689455,-586.8843912694883,391.571791336427,1354.8676180136088
601819,147.310611804,-42.4014883102,-394.95006719140576,223.1772123285868,1316.1101255876008
313142,14.731400633,51.581754768,-438.2851736054683,255.7992081639166,1322.0329154256099
601974,147.322421201,-42.68919166,-400.8463547173479,227.30700275552218,1316.8167177223831
601914,147.332262878,-41.3106884829,-135.87550778627622,225.07198228878755,1316.4327524727028
601724,147.335544994,-41.3564373287,-141.40951837124834,221.24899823253566,1315.7845240731297
600779,147.339803075,-37.6020677161,-174.45574882889414,200.738759993321,1312.4914644808582
601970,147.344313929,-41.3304698786,-169.0736315142425,203.78059285909248,1312.960138236289
601686,147.351572526,-41.3314192796,-191.970963931729,191.76595056077278,1311.1491045513962
601687,147.364389816,-41.3229075799,-151.36031648242883,214.63555337024212,1314.6886381733134
601406,147.368273577,-35.0978524819,-493.28054414738864,302.9339843995718,1331.956002830293
601696,147.372585536,-41.0186296018,-349.6608872328448,195.7228639919797,1311.7336749739538
600781,147.372648257,-37.7646097105,-507.4692135423941,315.8236988773386,1334.9465919444176
601529,147.376904853,-35.1108492699,-497.78353281894215,306.99788991894536,1332.8861537978914
601985,147.381025976,-42.5521206446,-433.99106442944225,252.35534730558507,1321.3708850603505
601959,147.381739316,-41.3060052335,-172.352723771936,201.91224445428702,1312.6714550991119
601897,147.384337557,-41.4947711211,-138.5739258332315,223.19542868567996,1316.1132147188694
601864,147.393532783,-41.9107140056,-303.1287096901954,177.85332485698063,1309.1866176119179
601721,147.402119531,-42.556461928,-328.9546212399646,186.26182369664775,1310.35539512693
601968,147.40680146,-41.2937954775,-162.9465969743473,207.3937285552385,1313.5257718124512
601712,147.410820828,-42.5148530085,-468.4565259616103,281.0343992221721,1327.1466113876108
601896,147.414120175,-41.6024770281,-322.5112623179007,183.79158527014138,1310.0065424979996
601719,147.414492877,-42.581328189,-364.04922600785824,203.53438473971377,1312.9219475440364
601699,147.414694517,-42.5144225995,-278.1583706206678,173.77470206999928,1308.6387743189364
601715,147.417884048,-42.4267101093,-468.32837779820807,280.92376586547914,1327.1231882532586
601749,147.418525236,-42.7557853335,-386.2669482650771,217.30317535718356,1315.126786508345
601694,147.41941514,-41.0811073739,-387.07139822883937,217.83653199656635,1315.2150201559223
601857,147.422898826,-41.9305927532,-557.6183855723044,363.064694024608,1346.9052552494677
601490,147.427153651,-29.1016381827,-508.12496921449883,316.42523322604916,1335.0890317853755
601760,147.430892744,-41.9189877582,-552.8998436734892,358.52539448229817,1345.6887653020437
601901,147.432030843,-41.49321158,-134.78358133085038,225.83793104209298,1316.5639238824772
601910,147.435430476,-42.7398668512,-401.8152891302819,227.99604475439426,1316.935834046253
601727,147.435912533,-42.5309195169,-276.6570859644089,173.66414867065598,1308.624098473261
601718,147.435940504,-42.6883579479,-492.72322311980395,302.4328194974135,1331.8421095913006
601711,147.439209595,-42.6106687285,-364.84781942764437,203.99495178801405,1312.993425317296
601720,147.439645335,-42.7313432565,-544.6865388262861,350.6661428003354,1343.6162168855794
601491,147.443885459,-29.1143512198,-478.41366575031844,289.7099919282506,1329.0107877645382
601716,147.452727024,-42.4312203526,-464.798418294088,277.88690524095233,1326.4836699619962
601717,147.456353774,-42.6642034519,-504.56026555236554,313.1612661684755,1334.3192171289802
600787,147.457,-36.5310000004,-392.2328464098782,221.3117395588999,1315.7950754726353
601232,147.457,-37.0889999996,-324.77185789812916,184.6312036621656,1310.1246032103938
601695,147.460739845,-41.2351416037,-213.4616832804595,182.92483538014966,1309.885220151104
601843,147.460768351,-41.1526135518,-218.3443051714493,181.28374218392943,1309.6570504340673
601812,147.463451439,-42.6941115474,-436.49828070726744,254.36119493803255,1321.7554282323774
601989,147.464289266,-42.6479435536,-278.0148669682863,173.7634630520646,1308.6372819323533
601697,147.464527445,-41.1476377554,-281.33355300223644,174.05961519199644,1308.6766385216163
601703,147.464993603,-41.3219434308,-158.37239874722897,210.19077778913874,1313.9703031800434
601969,147.468884426,-41.3180526915,-169.33090903106128,203.63232526806937,1312.937134239691
600088,147.472789176,-36.9314488606,-176.29264334670955,199.72993356244993,1312.337548396872
601859,147.476229517,-42.0190338255,-602.2905828505077,406.79368735827296,1359.345025608286
601982,147.48119406,-41.0140322904,-204.7161579744099,186.21349601787406,1310.34852641221
601714,147.481194688,-42.4557082917,-440.15493548192035,257.31129121618744,1322.3263194683805
601909,147.488999434,-41.5015408627,-251.81472468303969,174.10063072715178,1308.682094395367
601861,147.490621908,-42.0316008806,-590.8280977978245,395.455351382208,1355.9951067420106
601759,147.498152202,-41.9308979702,-525.9859401334825,332.9890271606715,1339.1114542041905
601793,147.502072509,-41.0103548041,-239.58694814807936,175.87243934189047,1308.9189850756688
601946,147.502085055,-41.4855356584,-164.91398627478225,206.21657911965823,1313.3404250518088
601899,147.503216616,-41.480762444,-218.17700607366007,181.3376016365786,1309.6645067874285
601788,147.505902514,-41.2566543134,-221.24891275400157,180.3758438708268,1309.531687139935
601784,147.506164652,-41.227175701,-212.88595970244143,183.12769533435716,1309.9135648469044
601794,147.51054959,-41.2683971724,-193.4294783614984,191.08690300312455,1311.0499605548132
601981,147.510671772,-41.0724603872,-265.97945578946377,173.32774772994193,1308.579498045337
601415,147.511000365,-35.1939092698,-495.71922363770943,305.1316638974534,1332.4575516256718
600788,147.51125,-36.5567899996,-351.3984462944078,196.61542298434975,1311.8671499533657
601713,147.523359387,-42.4889483714,-463.15394617911505,276.4792741217994,1326.1894976172782
300265,14.7524945038,56.1899831483,-514.9845251411454,322.7464919007012,1336.6013214888205
601906,147.526780627,-41.4518548206,-148.8194521032256,216.29111055376782,1314.9599382019337
600791,147.52704612,-36.5603477299,-341.9604659860683,191.94517116149422,1311.1753289715557
601846,147.531593539,-42.3352648327,-379.79631603291966,213.09745059590622,1314.4384040425502
601900,147.534320839,-41.4730619234,-221.13645829404055,180.41003198651302,1309.5363966735808
601902,147.534777198,-41.4065286928,-118.35857513024887,237.79009440211576,1318.666721945776
601789,147.535654892,-40.99752224,-240.8027640940049,175.6512198234464,1308.8892793498296
601790,147.544206624,-40.9945675648,-271.0647997053238,173.38940376769963,1308.58766611579
601854,147.556106556,-42.3518393091,-400.82406113704155,227.2911829410308,1316.8139870210161
601847,147.560228492,-42.3727157678,-376.7428188339405,211.16653038149528,1314.1267435543693
601787,147.560738714,-41.2062992923,-218.30030206968272,181.2978918755319,1309.6590091202993
601966,147.566477939,-41.8142322826,-432.2101192744059,250.93910695395024,1321.101142975169
600784,147.569137009,-37.8182263199,-580.0932047613943,384.9062849352084,1352.9562604733662
601485,147.56924,-31.1178899996,-514.8714924405845,322.6419110595658,1336.5760724117501
601775,147.573779433,-41.468722826,-143.31549669798775,219.95571880858012,1315.5676770155349
601860,147.576799408,-42.1644905596,-298.4814596582515,176.78025770948003,1309.0412728738852
601792,147.580239574,-41.1858442406,-147.50580810690468,217.1561223506364,1315.1024964031571
601801,147.58466526,-41.2142055319,-151.74466525363138,214.38716391691113,1314.6481090481163
600780,147.585513692,-37.8267589987,-638.5588539978696,443.10827119907356,1370.6504786328583
601728,147.593495418,-42.3891782162,-424.7905660775979,245.11843329750374,1320.007894261877
601863,147.603125443,-42.1802631709,-278.162288336873,173.77501088958687,1308.6388153272576
600790,147.610355079,-36.9477420319,-285.3175377505044,174.51479164082727,1308.737256699332
601791,147.614376452,-41.1112665664,-205.96319072550278,185.7178353482677,1310.2781799823647
601785,147.614453866,-41.1344942893,-191.59803776071018,191.94133055025503,1311.1747667434931
601908,147.61510356,-42.4229449889,-300.8616996782086,177.3123686975173,1309.1132382894064
601750,147.617943131,-42.3071695064,-402.78321871878177,228.68723096426365,1317.055672391093
601786,147.622727143,-41.0472923351,-236.7841670112334,176.41976332342617,1308.9926384294702
601853,147.635402809,-42.3938269535,-457.04966420924336,271.29516121680047,1325.1184320924306
601679,147.638937144,-41.0893410976,-210.19202026548191,184.10273617029452,1310.050232638749
601907,147.639755824,-42.3980163359,-332.45721577235906,187.70267505354556,1310.560982478003
601915,147.639854716,-41.0646392526,-163.86513452995254,206.84217110596637,1313.4387988480019
601751,147.660135378,-42.3317767364,-270.8170856596655,173.3822431277453,1308.5867173418278
601851,147.68138525,-42.3978290519,-449.379984348628,264.8777392327707,1323.8194783702631
601911,147.689938354,-42.3934905195,-433.51776993796636,251.9782738528289,1321.2989234330373
600914,147.69380249,-37.5854248607,-198.9279139258956,188.62701334375666,1310.6936883705657
601912,147.698243903,-42.4104238749,-436.23551449087415,254.15032079530937,1321.7148633997465
601865,147.698291747,-41.2723673597,-157.56443207317557,210.69339422622184,1314.050798463293
600820,147.701750507,-36.8671666293,-228.37056880927167,178.37121334962558,1309.2570734287706
601944,147.702149582,-41.2765295311,-167.0909101042229,204.93266283638638,1313.1394407558794
601837,147.702858447,-41.2232281457,-235.9740018205721,176.5876272929077,1309.015272899591
601706,147.706057879,-42.8648395665,-291.8864745165124,175.50050049877095,1308.869061536245
601752,147.706882693,-42.3517766581,-281.44221476769314,174.07059047358223,1308.678098326427
600915,147.710705973,-37.7356864871,-320.8838715761173,183.20554352880714,1309.9244503982422
601855,147.714444133,-42.3559912314,-411.9329707880454,235.35732785541938,1318.2302023344387
601845,147.718351334,-42.3476885727,-268.56402085544823,173.33665615756388,1308.5806780398893
601942,147.731016095,-41.2142602909,-301.66195988249785,177.49953774426095,1309.1386024676217
601154,147.731226771,-37.2687422575,-405.1186804161531,230.36656283951461,1317.348301644612
601972,147.731434626,-41.7891286095,-510.4786327139947,318.58830414394055,1335.6033475956713
601941,147.739435387,-41.1688733992,-196.97964195312682,189.4803254784806,1310.8167638212758
601738,147.747006053,-41.2236257927,-248.49361020935044,174.48168412915393,1308.7328423585914
601795,147.751684472,-42.2803125611,-254.69639621422164,173.83118912636866,1308.6462764569117
601939,147.768694674,-41.1524185558,-154.66477606141393,212.51784500168793,1314.3445625160905
601796,147.768766128,-42.3111226897,-152.0812750430536,214.17007131933005,1314.6127239686898
601151,147.772556242,-37.1597955015,-53.33059150897333,291.2998241895755,1329.3582595163464
601848,147.772821639,-42.31453478,-153.65074100708256,213.16338622753966,1314.4490951723626
601737,147.777334389,-41.2643046051,-146.11337218404714,218.07966562832374,1315.255311767268
601979,147.781304349,-42.2103702204,-206.66564043390082,185.4424903130171,1310.239181136385
601891,147.806443816,-41.2689255885,-145.8391511226219,218.26234384503155,1315.2856135882346
601936,147.810591907,-41.1480338495,-137.00055671209657,224.28675321410398,1316.2987283435232
601947,147.81871979,-42.2730923135,-204.12449570154152,186.45171436897402,1310.3824008138163
601852,147.826845847,-42.326906358,-141.1251127156535,221.443023107274,1315.8171632314045
600494,147.827,-37.4820000001,-168.42771259891703,204.15407685096608,1313.018157401611
601916,147.830637437,-42.3350715597,-218.0458523379199,181.3799432695562,1309.6703701282697
600908,147.831519035,-36.4434809652,-144.03104360291366,219.47336686051275,1315.487116368891
601923,147.832152008,-42.555988882,-214.99602885291222,182.39377530870064,1309.8111634288405
601535,147.843591306,-35.0311373123,-539.1818011680189,345.4301266192161,1342.2592025937536
601945,147.865739606,-41.1270472027,-188.0952153387455,193.6230699169247,1311.4220097952857
601483,147.868541004,-31.7351971886,-389.0735672769817,219.1737744836961,1315.437166113563
601153,147.872878139,-37.6731514809,-423.8236098519055,244.3696033202196,1319.869045624729
601152,147.881247905,-37.0020510024,-143.82621684526748,219.6112627615694,1315.510129684748
601988,147.881284923,-41.1312510231,-270.54898384468095,173.37497265012598,1308.5857540539264
601967,147.889788822,-41.4645304576,-237.5561312494387,176.2638341623084,1308.9716321620763
601674,147.893480986,-43.0729884467,-272.4408097191374,173.43692436560778,1308.5939634985532
601489,147.902263642,-29.1145581778,-504.0402680918695,312.68637724409007,1334.2078417868354
601849,147.905983441,-42.3348211257,-203.27744912430052,186.79615286796437,1310.4314546353519
601943,147.935074945,-40.9145468901,-310.91530368812096,179.96084444867847,1309.4745893319707
300834,14.7943816522,62.7936948007,-210.64864161429924,183.93448980907516,1310.0265993913163
601938,147.947692243,-41.0843977632,-207.9558216377925,184.94406186058308,1310.1687298164854
601991,147.951661718,-41.0813516719,-149.29744764688138,215.97788449302155,1314.9084535288123
601965,147.960521213,-41.6316607295,-406.7924446452571,231.58003688261084,1317.5610452855697
601937,147.976837707,-40.9482836459,-266.140368216817,173.3269487986719,1308.5793922232267
601423,147.98991926,-33.4016001085,-558.3882933013648,363.80696804445574,1347.1055283715345
601842,147.997883161,-42.2854028796,-225.4177075481958,179.1637892951003,1309.3652882087683
601700,148.001620527,-42.2615371516,-169.42894802492856,203.57590046894273,1312.9283841181866
601935,148.018572599,-40.9519467332,-257.03319331204904,173.65463664527795,1308.6228361907242
300402,14.8024176609,57.7353210332,-352.03414756725874,196.94557120671834,1311.916671358891
601940,148.035197178,-40.997827876,-219.51553377773112,180.9114466392614,1309.605568901019
601869,148.036008132,-42.1223644911,-289.0361244658592,175.03704549423853,1308.8069994719635
601195,148.064617744,-37.4479547733,-211.6115512874012,183.583670515694,1309.9773886031267
601929,148.076419219,-41.2479809897,-185.64314202331119,194.8367846900883,1311.6017563421542
601977,148.076969618,-42.0473922949,-548.2546876748702,354.0737492848325,1344.5095814102888
300420,14.8087156764,57.901851486,-498.63285023166435,307.7672613360635,1333.0635700227324
300506,14.8092000005,58.7774000004,-288.79873199681026,175.00091087187994,1308.802167394843
601978,148.102048324,-41.8475688583,-202.63373401526664,187.0605717308521,1310.4691724980503
601393,148.106118686,-35.9267327564,-332.1948955241911,187.59242282196217,1310.5451963483235
601407,148.108402239,-35.0732555228,-535.8653851755166,342.28835815363965,1341.4541045816536
601414,148.164860597,-34.9314622381,-446.3841641167594,262.4016866562014,1323.3262786370833
600180,148.173,-37.4935782241,-124.10569220324297,233.5195313849856,1317.903321989028
601954,148.181128963,-41.4439587609,-208.48223721105518,184.7434223655594,1310.1404225039355
601537,148.185107164,-35.027572239,-373.4337122523872,209.11441420409906,1313.7985510721862
601677,148.214652627,-41.0476965672,-230.55586713965408,177.82037384828385,1309.182141616282
601782,148.21864862,-41.2892895631,-216.60048425874112,181.85345045763214,1309.7360314257212
313127,14.8232851396,50.8617266335,-453.46869354559533,268.28514304825364,1324.505459615729
313128,14.8233875576,50.8725493064,-456.3238422445173,270.6831638198187,1324.993271585542
601678,148.235263759,-41.9355313176,-218.80397563090963,181.13663282053733,1309.6366955461403
601484,148.23952,-32.2192699997,-504.7472663964849,313.33212301109245,1334.359327123729
601416,148.248327018,-35.3884765959,-273.18128572715153,173.46792642162924,1308.5980727742462
601739,148.252852999,-41.7811747668,-151.46682418179202,214.56666747805352,1314.677393646095
601541,148.269287441,-35.3637997889,-172.2765238736533,201.95513050482307,1312.6780524213361
601094,148.273192741,-37.4976545694,-430.22327317933195,249.3676979181256,1320.8035597076641
601125,148.327597157,-36.9561996436,-140.5144969827438,221.86050096869985,1315.8874862470325
601027,148.36,-37.4100000002,-192.29833473899117,191.6125818354102,1311.126681937746
601095,148.360376803,-37.6602621829,-468.17844082973755,280.7943557063643,1327.0958009005997
601412,148.37730496,-34.7899837804,-465.50470433458963,278.4928725631521,1326.6107472201209
601475,148.385578785,-29.9228956067,-510.9285471685127,319.0024947488644,1335.7022071657482
601466,148.389659281,-30.1434773199,-494.9684990043083,304.45431508439884,1332.3026024687342
313129,14.840129209,50.8987174785,-469.1019705326952,281.5920327678298,1327.2648068451788
601097,148.414806233,-37.0850659713,-84.47427774195751,264.6257546127687,1323.7690827994998
600311,148.423193767,-37.0853449363,-91.46639926107056,258.8790682452612,1322.632286974345
601099,148.451,-37.7142913683,-562.83259364966,368.10036624129765,1348.2713651926413
600129,148.548,-37.5104375645,-218.9275362101655,181.09730846029984,1309.6312571495143
300141,1.48549447206,41.7941120362,-362.91320430563593,202.88393027791588,1312.8212687706068
601408,148.575934977,-35.0018889859,-105.82849858978557,247.40241730049934,1320.433925138847
601425,148.664378242,-33.5728290707,-517.6683155219064,325.2336111443906,1337.2040593677063
601422,148.685530519,-33.8350840744,-508.88086887748557,317.1192396478319,1335.2536862807272
313130,14.8687375694,50.9226037905,-489.78413661858195,299.79663939338064,1331.245965087976
601447,148.735489211,-28.935230151,-538.857946364883,345.1228972790014,1342.1801700210385
313140,14.8750586369,51.4856719921,-354.7750882642608,198.3908388673661,1312.1344136626967
601522,148.80178162,-34.9525488158,-490.8044282958231,300.71048069431174,1331.4520598845668
601464,148.818786504,-30.2731440487,-462.00174480101816,275.49576701033163,1325.9848084393964
601523,148.81954,-34.9856699996,-507.24877463617844,315.6215976856616,1334.8987929791163
601458,148.889467957,-29.4765259008,-497.3441766987447,306.6002434794987,1332.7946217902966
600074,148.902,-37.6060000004,-248.19123357899514,174.52011327760087,1308.737966328584
600364,148.915,-37.4470000002,-175.8761268379507,199.95735166373885,1312.3721793210293
601427,148.93591,-33.9817799995,-318.6866199556146,182.4390138120937,1309.817463745304
102992,-148.963403175,70.277730639,-374.0863413511031,209.51575022936126,1313.8624905847735
600269,148.981671929,-37.4395573096,-189.44751040690724,192.96649070381363,1311.3252308660872
102978,-149.019590626,61.6956539469,-213.49474625652906,182.91324479296307,1309.883601581508
102977,-149.025851171,61.7389646915,-222.9226227839144,179.8762371378685,1309.462964447002
601487,149.081205619,-32.6350124411,-371.34764976215723,207.8429231243578,1313.5967704224647
102987,-149.088226105,64.5701919917,-391.1219624158724,220.55613178678655,1315.6681959522323
601413,149.093359515,-36.1687372535,-254.40370664706694,173.85595318873268,1308.6495661675874
600226,149.131562436,-37.6103472077,-352.9388004117977,197.41869241376006,1311.9877799300612
601428,149.14424,-33.6137200001,-215.00339430746243,182.39125973815817,1309.8108131330737
601549,149.182207335,-33.6186024455,-217.31627292266367,181.61738034128777,1309.7032745677486
600225,149.198366373,-37.3730000001,-219.41270485104798,180.94379803608732,1309.6100383775226
313131,14.9226317108,50.9983351698,-457.1598282409921,271.3881326621171,1325.1374695182697
601429,149.259832797,-33.5480125326,-470.5698727422067,282.86273531675323,1327.534979427031
601441,149.489775827,-28.4981694198,-538.0209026027321,344.3292519408039,1341.9763143638434
601298,149.493805482,-37.6890000003,-301.07669304536637,177.36224509286356,1309.1199947124148
300699,14.9510192722,60.9051547755,-328.79219696013155,186.1966605176912,1310.346134026957
600413,149.519229239,-37.4151146196,-320.8598348688779,183.19700393880527,1309.9232560816706
410218,-14.952125815,16.6561271793,-519.970660976412,327.37327565504063,1337.7260766631423
102980,-149.525953213,63.2684987,-340.84841682168343,191.4242576532027,1311.09917282772
104354,-149.539414761,63.2748173755,-267.0750053173143,173.32586215356113,1308.5792482928678
300615,14.9567554647,59.9272863446,-305.41896604820806,178.43335453988058,1309.2655408983337
601471,149.6817,-30.2595399995,-471.28684325049795,283.484640961388,1327.6676301817631
102975,-149.684132703,61.2371270729,-257.1613439062306,173.64604361295156,1308.6216959205142
313139,14.9692428877,51.4152962813,-450.5110952557414,265.817171388522,1324.0077655272441
601488,149.756118878,-32.706482134,-28.4283443241751,313.67463787334896,1334.4397974492624
601460,149.772997983,-30.3312560095,-447.1003324563825,262.9919873260921,1323.4434555239523
102976,-149.850465542,61.2305518454,-410.72383590741276,234.46212492995838,1318.0706667694728
601448,149.852193704,-29.4644795058,-679.5974323252058,484.8559759786737,1384.7104794915376
601449,149.852282346,-29.4225459253,-623.0331188004051,427.48715903023106,1365.680440552324
313133,14.9855415881,51.097633418,-491.64814925440066,301.4672192786948,1331.6231745021112
300389,14.9898660274,57.6230394519,-463.83225616908487,277.05933580154215,1326.3105481470934
601470,149.99003,-30.7734300001,-502.3404572271568,311.13625913954144,1333.8454057059237
102981,-150.009282474,62.3547082074,-354.11207908650704,198.0380236277818,1312.081115394109
601392,150.027176382,-35.9223599421,-340.4636562295648,191.24550671776194,1311.073086601653
601456,150.052346338,-29.6687490137,-531.3519574150223,338.0285945895525,1340.3735021745392
313135,15.0060435158,51.1809584389,-550.4911553978129,356.2148958796496,1345.075033824508
601389,150.09393,-32.1274233261,-412.90853080580393,236.0825564357041,1318.3598780396303
601375,150.102218397,-32.3396175116,-184.1553191857228,195.58757834162628,1311.713495917837
300659,15.0135640854,60.5085315506,-195.63681504443267,190.08021929829664,1310.9036136726224
601459,150.255446203,-30.9646811559,-452.60214525381076,267.56033448938075,1324.3588362538007
300454,15.0278728676,58.2482656456,-356.4201923565553,199.27503339570242,1312.268392329218
601440,150.306476431,-28.5478947579,-540.6767367146531,346.84950626546083,1342.625180222703
300990,15.0312874658,65.8410657629,-281.35640867809053,174.061916988017,1308.6769446723645
601377,150.318963513,-32.4146442009,-107.22679917417757,246.31030447191588,1320.2297378337223
601386,150.335257143,-32.2936082528,-284.6145802720873,174.4266095767372,1308.7255008976813
601479,150.335257972,-31.0355075937,-556.3055094485369,361.7999740539373,1346.5648947588384
601451,150.351481473,-29.8352747294,-479.1709705837202,290.3760303000743,1329.156135878807
601388,150.351719926,-32.1316224444,-398.6247584109042,225.73810045901158,1316.5468030306763
313136,15.0357806342,51.2561511551,-536.1500918354783,342.5576865877819,1341.522852288333
601467,150.46142,-31.2734300004,-536.72318438928,343.1000447994528,1341.6614458621214
601462,150.485539408,-30.8851482333,-67.2792970997395,279.15131885005064,1326.7491297857234
300477,15.0489960553,58.5357407814,-555.6503367706894,361.16932422231207,1346.3955864940485
102983,-150.520738638,61.5491175937,-250.01726676290082,174.297516170283,1308.7083016144513
301000,15.0560158309,66.0407976274,-169.68474743208748,203.42887311798464,1312.9055948504085
601381,150.573344422,-32.343723872,-393.48054078402834,222.16530818110013,1315.9389114737262
601453,150.586558837,-29.7973755823,-556.2967392078732,361.79152991264135,1346.5626259806788
102961,-150.597936446,60.4850210147,-438.8042267152802,256.2182169354742,1322.1140530457444
601468,150.618763926,-30.3893891683,-439.9107147267213,257.11336507530484,1322.287819301002
601469,150.689732147,-30.4477277371,-508.54410516544823,316.8099699850778,1335.1802693469515
601578,150.689809339,-30.5853918225,-472.51073369331823,284.54813424405995,1327.8951145603432
300017,1.50707429584,42.3561544337,-128.54871158092408,230.28201897385628,1317.3335199690805
601474,150.727233095,-30.4060732107,-493.12707930186843,302.79594242213227,1331.9246139773675
601434,150.73171112,-28.7982594446,-706.8409191250212,512.8755137611028,1394.7684708177078
601446,150.847486509,-28.5723733019,-537.7670483868908,344.08868176561367,1341.9146081217873
601455,150.90196198,-29.9184579223,-394.51400530915043,222.876206591901,1316.0591164671318
601387,150.92365,-32.48953,-571.0024790884443,376.0298383200129,1350.4577867813664
601480,150.927113373,-31.1790605136,-660.8684849224402,465.7279142433838,1378.129269944204
601384,150.927201587,-31.8102574318,-482.9325416496988,293.6967099947246,1329.8855409519938
102991,-150.929197551,70.1685933889,-676.2961895069002,481.47591721914756,1383.5305755325653
601439,150.931453776,-28.7153033018,-605.1186332954089,409.60219263752646,1360.1881306587413
601465,150.943866404,-31.1063860606,-364.8214292442762,203.97968848137143,1312.991054000144
601376,150.989593423,-32.1103238927,-284.9909227239639,174.47340134680942,1308.7317381147966
601380,151.018768406,-32.6479660182,-668.2285332823491,473.2306534483608,1380.682818729419
601390,151.039730024,-32.3518505597,-448.3139945978095,263.99466994197627,1323.6430713486263
601382,151.047991401,-32.3940407461,-547.5089814117603,353.3607277463291,1344.3219846766128
601481,151.055705431,-31.0646480162,-321.7260134068184,183.5068741051009,1309.9666283593933
300997,15.105608439,66.0151249883,-290.3808848482354,175.24890073753335,1308.8353493778986
102962,-151.083415256,60.4865414068,-413.09298221377855,236.2199717083991,1318.38449232588
601463,151.127203446,-31.0599719838,-319.4610158791676,182.70590740316234,1309.854664904265
601562,151.131645868,-30.2311544792,-546.5021794951563,352.39877774851294,1344.0694524949586
601461,151.139831592,-31.4018863801,-324.06753590437114,184.3664416760387,1310.087317466945
601473,151.140674056,-31.3431524642,-223.44708101087605,179.72325811399688,1309.4419590339091
601454,151.14796067,-30.4809160039,-488.99702716139797,299.0926051563257,1331.0875932975443
601445,151.164463176,-28.7854421186,-506.81294407532994,315.22218719469197,1334.8044133397436
601373,151.168695836,-32.5604070029,-575.3884047669798,380.30560743681673,1351.6545970103966
601477,151.169341985,-31.0355311227,-328.5133319903804,186.08512697591644,1310.3302900616677
104341,-151.198456739,60.0197808682,-418.7057437761432,240.44530634857747,1319.1481114403011
601435,151.235531152,-29.3935098159,-348.14151301008457,194.9543045471264,1311.6192189171768
601433,151.281326882,-28.9977973761,-500.8445651905613,309.77496856059867,1333.5285245236307
601450,151.360652031,-30.4686908538,-445.55002053555245,261.7154390832381,1323.1903739167633
601391,151.362302313,-33.2688330615,-218.9455773696543,181.09157445720027,1309.6304642573184
601385,151.406272797,-32.6628010504,-638.459177902659,443.0076516142802,1370.6179533189586
300055,-1.51433479915,42.9726402397,-159.65063251756166,209.40081652740824,1313.8441675228446
601443,151.468891711,-28.9851443351,-352.7038656766386,197.29545403891453,1311.9692415433653
601378,151.469051183,-32.3355027913,-215.1824471838114,182.3302061221543,1309.802312807547
601438,151.469574059,-29.4562375881,-488.22095014224203,298.3992583524894,1330.931971197915
601379,151.510221036,-32.3062434179,-263.6613717598489,173.359198826648,1308.5836642680774
601442,151.518800399,-28.8017371669,-372.97532495929494,208.83353363467208,1313.7538731976379
601437,151.602088593,-29.0183523578,-487.1427295938429,297.4373378228424,1330.71663569018
104339,-151.65445499,59.8545795265,-403.39174856929606,229.12322564835463,1317.1314464027341
104340,-151.685849483,59.9225447262,-435.1547633146554,253.2846031169078,1321.5486690801595
102957,-151.786604334,59.8577020608,-396.10516197320044,223.97753511908232,1316.2460753253822
102956,-151.832151023,59.7794221523,-469.60952600347605,282.03101052229516,1327.3580095315954
300927,15.1839394485,64.5204215806,-174.55143209826142,200.68583632203644,1312.4833711219835
300633,15.1950983624,60.162573863,-359.06922443854916,200.72471758721053,1312.4893168410617
601372,151.960190501,-32.477275679,-331.5202651102181,187.31061016616442,1310.5048871531433
300958,15.2057917323,64.9949478659,-202.2239818736169,187.2300780567847,1310.4933791136075
300805,15.21489306,62.5000681904,-287.62758729517583,174.82821241392926,1308.7790869460366
601370,152.3025,-31.9192499999,-400.3310474248147,226.94172558917623,1316.7537132603213
300691,15.2309303304,60.7861086046,-264.83664537982617,173.33859251966942,1308.5809345348691
300807,15.2332415495,62.5098902232,-244.35341977232846,175.06173891307412,1308.810302145701
300448,15.239228243,58.1938215161,-313.1919446128419,180.64870244566927,1309.5692987645807
300753,15.2429815204,61.7156438905,-416.7185814375469,238.9397588257822,1318.874521294264
601369,152.468994757,-31.4270631011,-258.4960905068631,173.56328587710627,1308.6107170491573
601363,152.681757507,-29.5058431372,-428.0717632289185,247.67643780755628,1320.4852942825573
601366,152.710372616,-31.0065428313,-529.120601173284,335.9296432084558,1339.8457074445596
102984,-152.91378648,60.0972856396,-362.2292364474305,202.49499974231276,1312.7612195262666
104344,-152.95299178,60.1039248812,32574.007910028515,36022.88634905949,36046.22974337022
601365,152.985680496,-30.0683518007,-335.78157272095194,189.1322494503726,1310.766494213828
601360,153.293449931,-28.3478923874,-168.4404498826981,204.1466947222099,1313.0170096146717
300335,15.3364274101,57.0187004789,-177.18254557666913,199.24668716866492,1312.264088100844
601362,153.406124237,-28.7479286445,-340.61836481419897,191.3172889373406,1311.0835593575969
300264,15.4023249165,56.1817019166,-374.87071065442547,210.00031423342134,1313.9398489084601
300345,15.4245876274,57.1354143466,-207.6882587919746,185.04664874789145,1310.18321496815
300915,15.4551446659,64.2432406327,-389.7164140001686,219.60606068604525,1315.5092612602523
300780,15.4696413791,61.9578333506,-284.15787928572524,174.37112228034286,1308.718106719991
300370,15.4934144751,57.4146804397,-233.38098370651673,177.15379264051884,1309.0917694410775
300722,15.4973640944,61.371268023,-224.41502386889286,179.44541957559122,1309.4038541176328
410217,-15.5193395179,16.5188559399,-569.0323140044877,374.11338589551957,1349.9254127831143
300515,15.5391476029,58.9101979934,-255.8489085950846,173.73940962655175,1308.6340882877973
300631,15.5795909272,60.1115645448,-252.74127262105793,174.00777967955875,1308.6697451841935
300497,15.5945059344,58.7027698782,-213.0342698634297,183.0752504819001,1309.9062340146575
300368,15.5978499017,57.4106530693,-254.2196518537442,173.87182760014028,1308.6516752002667
300058,-1.56031178695,42.0277584535,-479.49707935687985,290.66309926150336,1329.2188803367765
300966,15.6419959144,65.2244266628,-198.07884315519232,188.99639580757506,1310.7468986038857
410216,-15.6974918947,16.4528806785,-459.500599149515,273.3687460604212,1325.5445167530581
300811,15.7364049342,62.543618989,-398.1338039544669,225.39346705414374,1316.4877551888353
300271,15.7395519374,56.2690521239,-293.7663935927443,175.83592486600216,1308.9140793210736
102985,-157.460194413,59.3320234513,-194.0884447745667,190.7837120025524,1311.0058044634754
300409,15.7643000005,57.8147999998,-331.4675975283326,187.28871458449623,1310.5017577943818
300673,15.7806048818,60.658345318,-401.5952827066765,227.8393385660221,1316.9087131497208
300397,15.8058745669,57.7231405072,-233.70502751585107,177.08064141252777,1309.0818722045326
102986,-158.087854974,61.878013122,-326.89638841718187,185.44704377932723,1310.239825611305
300419,15.8442418151,57.902186683,-375.3972921833995,210.3269714604584,1313.9920964355836
300354,15.8535676579,57.2354504068,-254.40512705096685,173.85583158727502,1308.6495500126664
300445,15.854916715,58.0982062902,-282.04144658284764,174.13256836751884,1308.6863436048075
300484,15.8712904423,58.5938664992,-436.523026402311,254.38106157780422,1321.7592515510917
300056,-1.58902916033,42.8394397147,-204.71196759095702,186.21517629213298,1310.34876519687
300129,-1.58910120834,42.6354576988,-373.11547769529864,208.91932502294904,1313.7675132760348
300355,15.9105999996,57.2564999996,-341.9823920993747,191.9555056484064,1311.1768418944057
300138,-1.59376730872,41.8224511756,-486.43610265704854,296.8077949771482,1330.5760638650645
300006,-1.59428559077,41.3854819054,-260.9250276837158,173.4442943751224,1308.5949403168024
300923,15.9473774776,64.4187470292,-219.07692745785124,181.0498873200734,1309.6247005421299
300790,15.9780814962,62.1973156584,-207.75034964488768,185.02280593853888,1310.1798476884087
102990,-160.143435622,66.9796362061,-562.0747581814535,367.36723610216495,1348.071393039996
300512,16.0203394477,58.8265012445,-226.8708496900651,178.76685777654885,1309.3110340979918
300107,-1.60211425141,42.08181608,-465.44215198745974,278.43917118922525,1326.599474831795
300385,16.0402248223,57.5936802465,-294.533980994682,175.97964480442883,1308.9333940109193
300701,16.0428033175,60.9274280643,-170.3968064432784,203.02108008664842,1312.8424709503424
300994,16.085020146,65.9704174626,-240.52256718578272,175.70132917937116,1308.8960049014013
300906,16.0921254296,64.1155968691,-333.7493799754661,188.25124338436348,1310.6396626102885
300972,16.1219189471,65.4177972758,-215.42701862749766,182.24712086763594,1309.7907495611635
300485,16.1234583132,58.5942578263,-631.4954970401709,435.9884422664867,1368.3653446216072
500001,161.302905029,68.7583983352,-697.8892341179953,503.64520333883854,1391.4008356392746
300371,16.1353240542,57.4357063464,-325.20034662248037,184.79367161696786,1310.1475091153407
300759,16.1610824623,61.7965985942,-378.7964704579215,212.46130318093364,1314.3354213901382
300945,16.1737560424,64.7501908306,-296.67011800058805,176.400144405265,1308.989994429923
410206,-1.61858357878,5.10924742989,-786.1930045371906,595.5212743934272,1427.2292677865819
300804,16.193743058,62.4752153674,-300.11001174220894,177.1403416548169,1309.0899492445265
300005,-1.62747862851,42.3526458804,-597.8878674371126,402.4299801349385,1358.0455380740582
102988,-162.860085905,61.9117367947,-518.1783585409345,325.70713874408017,1337.3193092153822
300964,16.2877818918,65.1601033935,-245.74179680376398,174.85429310662403,1308.7825710901213
300708,16.2890727859,61.0516737966,-264.0909602065438,173.35055539210643,1308.5825192268935
410215,-16.2977464183,16.1602057312,-530.5152444891037,337.2409800783143,1340.17509050707
300822,16.325924275,62.6507304829,-302.74817351543476,177.76020651214094,1309.1739707123306
300768,16.363026458,61.8654045909,-248.14387728707553,174.52618812624743,1308.7387764230607
300696,16.3663541103,60.8827207146,-183.8178893564048,195.7593461960874,1311.7391189541352
300970,16.3673289834,65.3699397769,-274.5662323867539,173.53610062746665,1308.6071117002375
300741,16.3804373315,61.5775981611,-329.26677256635537,186.3874702027336,1310.373261181724
410214,-16.4061270693,15.9982778438,-351.24803679713807,196.53758935698792,1311.8554869350924
300688,16.4322035618,60.7589599144,-219.12922552632446,181.03331850296655,1309.622410078435
300346,16.4560565757,57.1439232513,-400.5293728957548,227.08221222397708,1316.777933320568
300635,16.4967362711,60.1915878944,-276.61666359124,173.6613869055997,1308.6237319693648
300685,16.5272089376,60.7495982626,-261.212389888907,173.4329188559341,1308.5934326269335
300387,16.5330515441,57.6103385708,-247.80181647227263,174.57052031706834,1308.744689057122
300486,16.5394456946,58.614830698,-388.35276533770667,218.69075443255568,1315.3567731401743
300717,16.5835410123,61.2304400864,-340.4131349955137,191.22209248454678,1311.0696713850184
300614,16.6108882215,59.9223410921,-427.1307043376987,246.9401383207999,1320.3473885630808
300653,16.6467112935,60.4654476171,-238.30878439526805,176.11559242819416,1308.9516784311731
300439,16.6603359116,58.0566307388,-316.5191093993466,181.71101415511632,1309.7162621105124
300697,16.6765,60.8912000003,-322.9355056328882,183.9468997856655,1310.0283418736442
601602,167.534200794,-45.8066279809,-147.3850534672309,217.2359439833828,1315.115679295857
601610,167.685237726,-46.1300186817,-793.8411010122203,603.552097159166,1430.5988006973441
300644,16.7697495497,60.3064764239,-343.4613995314669,192.6582615389026,1311.2799092149028
300737,16.7814963907,61.5500968098,-277.33164382699835,173.7119000224602,1308.6304362885899
301049,16.8179400977,67.2968638953,-275.3823909264481,173.58248958608507,1308.6132642084733
601609,168.268597355,-46.3181554362,-826.1689902181971,637.5996616620961,1445.292746512993
300949,16.8396134575,64.7924623681,-156.39128620011667,211.42766573475612,1314.1687305705836
601608,168.42725099,-45.7185425536,-632.2099751380586,436.70766096532617,1368.5946718138493
601607,168.552064834,-45.5434993331,-666.1336913925177,471.09327853072534,1379.9516917806504
601595,168.714850563,-44.9899404173,-457.7574396226812,271.8928605642672,1325.240929867951
601606,168.797749655,-46.3893400281,-747.3395164826767,554.8872215511379,1410.7578187669892
601594,168.868613909,-45.0065686657,-446.31576257845967,262.3453603628961,1323.3151108769932
300002,-1.69232837288,42.1810386252,-481.75306542300154,292.65327412424983,1329.6554942642456
601593,169.280500916,-44.7307365089,-672.087914574153,477.17229839251274,1382.0387827136562
601618,169.301876624,-43.9437063668,371.0383613653321,720.757044470831,1483.8559605722448
601596,169.4100702,-45.6643663891,-649.1625298060058,453.83534080385516,1374.1558540187511
300796,16.9459575803,62.277501182,-232.548206815128,177.34491724433846,1309.1176472127527
300797,16.9643451068,62.3651217583,-416.6870183628856,238.91592936877558,1318.8702043330866
601605,169.747741759,-46.2351682904,-707.7562566334859,513.820571395405,1395.1162582955417
601603,170.094043716,-45.5978215836,-506.7129831297432,315.1306103322607,1334.7827898725077
300853,17.0162302231,63.1873804903,-285.58437684765465,174.5491453143931,1308.7418380648787
601604,170.243841506,-45.8480461753,-482.4423492439006,293.2628139476069,1329.7897851224154
601601,170.272753956,-45.2559513703,-616.3021758701361,420.7488403181414,1363.5862206697866
300884,17.039267631,63.6938373282,-180.6915182587117,197.3767166731111,1311.981464372157
601645,170.451090979,-44.7021802015,-393.98640784552424,222.51284565966188,1315.9976295780368
601646,170.490461435,-44.7264426855,-563.2022457372253,368.4581188930406,1348.3690815016673
601643,170.94075663,-44.1687938894,-576.8724711458658,381.7552839624724,1352.0631980069272
601644,170.976986021,-44.0812027951,-483.2802460083235,294.0046900205501,1329.9535902901016
300831,17.0977393868,62.7661260094,-180.8851195962377,197.27521431077437,1311.9661980221952
601647,171.102155578,-44.9270449471,-576.6301498845264,381.5184797674647,1351.996355385446
301041,17.1247259331,67.0943316526,-217.72646401782424,181.4834901678435,1309.6847146450755
300982,17.1271340333,65.6919750705,-266.52354130939085,173.32576991246844,1308.5792360752182
601616,171.297768104,-42.4521891704,-5.196312859058082,335.20966064064896,1339.6653728294505
301040,17.1317604596,67.0671266203,-247.86537881494982,174.56222227845043,1308.743582226191
601642,171.324689401,-44.2689011257,-627.322067569336,431.7918061508216,1367.0340004661334
300829,17.1404926124,62.7397242553,-195.88715410511304,189.9676605409907,1310.8872974527096
300827,17.160227079,62.7211028957,-190.75712527791777,192.3394011663876,1311.233098961621
601615,171.696671203,-41.831122507,-64.01104031278794,281.9702600761751,1327.3451028797588
601617,171.786018636,-42.3561755364,-76.24906454692635,271.5075491234126,1325.161931162548
601599,172.051057537,-43.3606799265,-724.6766433221105,531.3293000749696,1401.6592380780748
601635,172.38574799,-41.7648169245,-271.11016640982587,173.39076127604602,1308.5878459879332
601597,172.540937817,-42.7897069723,-528.2183870267306,335.08230771151074,1339.633512387893
601600,172.640265503,-43.4185362163,-785.3461236975195,594.6326222477506,1426.858700086553
311500,1.72734299607,43.2221564024,-530.560677427914,337.28373010915175,1340.1858487418058
601631,172.822822586,-41.251415837,-236.58380136612857,176.4608768545121,1308.9981801483589
601632,172.91485359,-41.6312622054,-27.934836815717773,314.12595390173425,1334.5459563035386
601633,172.918832845,-41.8976388405,-84.23942429697537,264.82046696181106,1323.808020180163
601598,173.097735914,-42.8977551292,-540.2425960720152,346.4371071131658,1342.5187014549895
300106,-1.73502136141,42.1976926256,-509.6446343023854,317.8211255104538,1335.4205563762239
601659,173.686558819,-35.2764013956,-159.34963226650794,209.58626142182956,1313.873736531875
601634,173.951814255,-41.4396587116,-553.637154653449,359.23356286377543,1345.877612288448
601660,174.045873032,-35.2770232077,-488.7063795452052,298.83284512363724,1331.0292498274182
601661,174.052011083,-35.7351665896,-600.6613389865727,405.17764747622897,1358.8622890439717
601662,174.152233582,-35.6521955577,-519.2999635307481,326.7494003978916,1337.5735363828912
300854,17.4166064232,63.1790677226,-232.26805714694694,177.4102233152241,1309.1264957628082
601652,174.207089077,-39.5768792285,-783.2901057285226,592.4757079539257,1425.9611702591894
601650,174.256455021,-39.0480191137,-753.9098575598432,561.7380127478965,1413.4664444327666
601651,174.260996576,-39.281381882,-525.4887552132539,332.52349682079034,1338.995769414294
300879,17.4411372642,63.6297685779,-240.48193827415827,175.70863854143573,1308.8969861030073
601591,174.514648299,-36.3770967167,-475.6742487935244,287.3078778948572,1328.4892213608275
601592,174.614673025,-36.743757889,-528.0955654377844,334.9670172894441,1339.6046794645197
300081,-1.74781143947,42.8143761656,-610.3736489225355,414.83199605472316,1361.7721466978965
311499,1.74799722078,43.194111139,-501.5209082906309,310.39011896265305,1333.6715564639974
601663,174.919070377,-41.1976180766,-545.8190483106675,351.74655563618114,1343.8985951229238
601622,175.131195008,-37.4311768099,-770.6230808284068,579.2035832478326,1420.498006129745
601653,175.143576184,-39.7896024151,-407.7899580942682,232.3071169118618,1317.6890343094433
601620,175.152048011,-37.7980969953,-622.8248405619408,427.2783330882123,1365.615087972483
601648,175.188714034,-38.9442705081,-596.1459293585384,400.7064245715878,1357.5357944689329
601664,175.193115143,-41.0522311655,-15.833968710427968,325.27822781800705,1337.2149116966484
601621,175.289568847,-37.7955260571,-805.9031196280137,616.2371224165137,1435.9965130931332
601619,175.348078379,-38.2681032822,-634.6123434451545,439.1275876230881,1369.368771654708
601655,175.44403839,-40.1222679886,-772.8674104283568,581.5530054306686,1421.4575944068451
601665,175.444150053,-41.1979494816,-776.0186950822683,584.853411413679,1422.811058227223
601658,175.473003152,-40.4353804195,-866.2505176010038,680.0137949830378,1464.4987387972324
601667,175.605819959,-40.7599329863,-227.03792457537708,178.72207527096788,1309.3049204675788
601657,175.623237073,-40.3766425066,-850.1041906088465,662.9035061062503,1456.6327103904441
300079,-1.75643059718,42.1813255142,-456.598777451812,270.9148706357227,1325.0406264349112
300127,-1.75653117619,42.23890694,-511.9450517615855,319.9391159259203,1335.9262077191656
601666,175.672929337,-40.997655381,-616.4551877355634,420.9017795795329,1363.6334194440487
601623,175.702206026,-37.5436701432,-565.447889825582,370.6335851038053,1348.9651770814367
601624,175.718697921,-37.4187105999,-213.8308488702931,182.7957869798967,1309.8672048375938
601654,175.803542497,-39.8104713778,-678.8314992357012,484.0714459656232,1384.435971567736
601649,175.81449066,-38.9976673205,-414.4700143626726,237.24879007149235,1318.5692181155448
300874,17.583334277,63.5774268736,-275.202281419082,173.5718565143538,1308.6118538150613
311593,1.76021180379,43.3230958907,-443.65980880533533,260.1655761502383,1322.8846970106795
300089,-1.76041099751,41.5730760769,-150.34600925732994,215.2936481437551,1314.796238777134
601641,176.077160294,-38.677519286,-693.652162611704,499.28408182758955,1389.8281868410465
601656,176.110619492,-40.2395718813,-798.1666140772106,608.0983501680545,1432.5227391034887
601625,176.297942556,-39.8145276421,-431.9707196300608,250.74928243959428,1321.0650995372723
601628,176.331266439,-39.3771250779,-189.6727746164648,192.85800957105144,1311.309271845189
301054,17.6475429773,67.3648417919,2520.300338644025,3062.002942137144,3325.387167267592
601636,176.502169794,-38.181534743,-191.46874582570646,192.00230010276627,1311.1836933916636
601630,176.635269641,-39.1812146027,-457.4919010489395,271.6685137070667,1325.1949199688545
301017,17.6672868349,66.4794356247,-286.0083962635731,174.60473023056826,1308.7492526799554
601638,176.697618579,-38.4568550998,-565.756162167488,370.93250461495177,1349.0473370313484
601639,176.747895024,-38.4809877568,-766.1914944914511,574.5672468735131,1418.6138712670408
601637,176.765077434,-37.939930119,-455.24954588935316,269.7791044763157,1324.808876700143
601640,176.801796842,-38.0416410614,-544.2343533867635,350.23505814948464,1343.5037739167033
601627,176.860550877,-39.5979520572,-768.2497619099145,576.7201512617177,1419.4872058045435
601626,176.927170326,-39.7183265152,-568.996085431975,374.07816998639504,1349.9156535990764
601629,177.127588015,-39.0730365808,-560.8162022811799,366.1506352142728,1347.7403615827743
601612,177.560992001,-38.4147480933,-512.3267957581464,320.29115514157513,1336.010560824044
601614,177.602743147,-37.8561206951,-154.74542069677432,212.46667186954085,1314.336289245173
601613,177.614975793,-38.2022766987,-110.87032499405153,243.48698250325086,1319.705916187387
311594,1.77808411427,43.3347845257,-491.4113168357338,301.2547076931749,1331.5750799255563
601611,177.881606838,-38.4680942477,-588.8300930794039,393.48666569013614,1355.4222776121812
301080,17.7904638411,67.9004086363,-366.63531260625837,205.03565348132594,1313.1555177396035
300030,-1.78626831565,42.831339656,-563.4725490804602,368.7197834389085,1348.4406079878665
300031,-1.78632099066,42.7929959479,-437.1401163197088,254.87691524021253,1321.8547713322437
300067,-1.78917908489,41.3356876913,-447.96415472618025,263.70534692448086,1323.5853975350485
300619,17.9170346136,59.9585870761,-314.64225937887346,181.10348977662153,1309.6321119233153
300149,-1.79714965555,41.2625782512,-217.77383101889157,181.46809462508787,1309.6825813678333
300053,-1.79790109261,41.3239340023,-185.68697278882382,194.81482998712372,1311.5984951784458
300004,-1.79814697163,42.3183069836,-540.9348507131635,347.0947715018844,1342.6885621674883
300037,-1.80180142494,41.8691705254,-238.96865219512824,175.98870897497525,1308.9346126748007
300916,18.0579230383,64.2331304768,-257.9975506438854,173.5927565771531,1308.6146261247068
300920,18.0984200576,64.3242955294,-265.84737433030614,173.32853782625975,1308.5796026976889
300168,-1.81894237635,42.6730779629,-498.6763745242981,307.8067128482243,1333.0726788310835
311363,1.8220403299,42.5328819043,5.808220000516144,345.5978634351552,1342.3023794147114
300855,18.2634176863,63.2623348405,-240.8241734279761,175.64741258645685,1308.8887684290703
301082,18.2894768414,67.9241245702,75.20780920489705,413.2227476456641,1361.2827897770853
300130,-1.83142881639,42.4899050898,-604.7569892509122,409.2428115817013,1360.0799511068265
301014,18.3309039729,66.4135957002,-327.1356840216896,185.54054482048437,1310.253062711068
301033,18.3592581822,66.8845506492,-266.063856767112,173.32730626614898,1308.5794395713738
300105,-1.83908120102,42.2522255811,-514.9898785109173,322.75144532065656,1336.6025175900368
300996,18.7015535155,65.9823570075,-304.37337810605266,178.16438930297963,1309.2289120650962
301055,18.7206424571,67.3934959813,-291.36551951114876,175.4117251497718,1308.8571609963672
311587,1.8727898441,43.3514427561,-482.33280975901994,293.1659015912274,1329.7684160887748
301066,18.7323526871,67.6467943623,-305.80350577010364,178.53402400880927,1309.279264442934
300861,18.8549815982,63.3759929449,-260.5709502556673,173.4590975334667,1308.5969024449723
300909,18.8928000003,64.1246999998,-130.73627310218063,228.70931597256032,1317.059507305607
301046,18.9110860679,67.160149512,-281.6985742501939,174.09680443107501,1308.681585369246
301022,18.9193057655,66.6002547087,-236.8583176496217,176.40461515462673,1308.9905969178326
311586,1.90106539544,43.3683139875,-472.61921157000086,284.6425092968774,1327.9153409273779
301059,19.0588431071,67.486808398,-281.13645011562124,174.03991354554148,1308.674018263674
300094,-1.90629713158,42.0565352319,-531.8981326421034,338.5430738822712,1340.5033410794279
311364,1.9066486849,42.4523982497,-281.6283852184928,174.089582512243,1308.6806246409928
300946,19.1052987499,64.7321169431,-231.40877700779208,177.61369769422646,1309.1540857286693
301057,19.1152306327,67.414513039,-275.24875882802655,173.57457892409803,1308.6122149132375
300929,19.1472696714,64.5234147668,-238.40413995401292,176.0970786344179,1308.949187583318
300015,1.91803388184,42.4279052696,-246.42755320763618,174.756635551357,1308.7695275489423
300897,19.2041346561,63.8649119584,-200.40643205821553,187.9930743807864,1310.602605897986
311585,1.92255247722,43.314239103,-587.2968813332972,391.97755671238673,1354.9849443952
301089,19.227390371,68.3025976685,-283.6655280636628,174.31289644509923,1308.7103500922317
301056,19.2539901802,67.4076223735,-294.44300427251864,175.96240638032842,1308.9310765012067
300934,19.2698491815,64.5769767893,-245.76882198528222,174.85038427374002,1308.7820488729687
300078,-1.93117435764,42.3188395616,-500.1338855583791,309.12918760028305,1333.3786593454474
301071,19.3884435804,67.7048421411,-336.7587546867868,189.56375674609146,1310.828826522801
300876,19.4184565058,63.5596064781,-251.45237922847502,174.13854193587517,1308.6871384555607
300104,-1.94571842484,42.3308444156,-544.7697507709595,350.74549043243337,1343.6369277562073
300003,-1.94724849897,42.3775537165,-561.7017260912562,367.00651842006687,1347.973137393424
301045,19.4772515167,67.1184158445,-273.7348778480025,173.4935844819582,1308.6014742570978
311362,1.94783438431,42.4355732433,-388.06721962904174,218.49990189800437,1315.325055528438
301086,19.4939627211,68.2577788188,-291.63295750787023,175.45707210436825,1308.8632391212188
300034,-1.95176633834,42.7647033335,-309.3801237926673,179.5151326060592,1309.4134096632822
301070,19.6003833069,67.6442237891,-298.10721841557466,176.69995852291635,1309.0304312404094
311509,1.96111648841,43.0804613406,-412.9665589646032,236.1257770228344,1318.3676183622265
300901,19.6769698832,63.9038517986,-194.59955494455778,190.5501056260511,1310.9718293409478
300873,19.7219821809,63.5321706028,-216.7399279780685,181.80721944713684,1309.7296131700432
300132,-1.97289337909,41.9770570273,-258.8703189100837,173.54229263624538,1308.6079328450123
311524,1.97997162097,43.2942502313,-454.88965267307856,269.4767153128206,1324.7473323872891
300090,-1.98529636412,42.5946695274,-604.7037698429124,409.1899310116121,1360.0640404821897
311496,1.98917092673,42.952253249,-150.90618974523517,214.92973337469027,1314.736697920906
311522,1.98945235475,43.3351678097,-585.173023987254,389.8894215700482,1354.3823520792341
300166,-1.99381725382,42.6353974578,-587.0364060222689,391.7213159414881,1354.9108398468081
300888,20.0172841134,63.6699867742,-143.7689411665409,219.6498482003522,1315.5165716880535
311493,2.0021279708,42.9940052085,-187.88175551555435,193.72754547685952,1311.4374390141302
311361,2.0021547778,42.468019208,-219.83755291803558,180.8105527135837,1309.5916350313341
300140,2.00627445915,42.456774174,-154.08015550464935,212.88954776060433,1314.4047147348363
311523,2.01087414553,43.3185828553,-492.0577747216428,301.83495400283664,1331.706474426458
311584,2.01101167954,43.2894911849,-525.4387386769605,332.476678154073,1338.9841433294941
301037,20.1137741234,66.9282710688,-207.4456971267551,185.14000280792612,1310.1964032965327
301028,20.1353681422,66.7672886405,-266.45234815493683,173.32591186008457,1308.5792548766703
311495,2.01438671582,42.9773798261,-116.80896353273644,238.9569808090942,1318.8776415000937
311583,2.01465711984,43.3064957673,-489.18751805750185,299.26291420849043,1331.1258717311487
301031,20.182183709,66.8381061394,-349.76485734699554,195.77586450533624,1311.7415841903705
311498,2.02373301559,42.9855052118,-193.97597301975253,190.83530068465777,1311.0133128839138
300093,-2.02460690737,42.2186887433,-486.5798099274844,296.9357698251045,1330.6046166961391
301064,20.2766082088,67.5163741975,-383.73926268364215,215.64221234077394,1314.8533600043295
300963,20.302597877,65.0663687318,-180.01923750158767,197.730550104524,1312.0347423052826
301098,20.3688119625,68.5830816357,-322.82563415592034,183.9065756882312,1310.0226803963446
300926,20.3992425,64.4261884188,-245.5125957150954,174.88764249101976,1308.7870270091764
311497,2.04791637659,42.9312503503,-171.1819962683691,202.57394487568462,1312.7733992254523
301052,20.5336785021,67.2715758852,-328.3051872389558,186.0021626261244,1310.3185105435423
311478,2.05664770831,42.6349419238,-78.40106072784413,269.69484632041383,1324.7917212540406
300103,-2.06047894134,42.3733810961,-612.6421878514936,417.0940034506694,1362.4629177654556
300032,-2.06050685834,42.6813249706,-367.5673706118639,205.58363732051498,1313.241191291754
311581,2.06086144666,43.3700566856,-555.271165241951,360.80449526593463,1346.2977673514715
301090,20.6279928209,68.2752189053,-334.6668142797719,188.64622208191423,1310.6964529124316
301099,20.6812744263,68.5928750665,-327.3635559380405,185.62988344505612,1310.2657166389101
311508,2.07322375369,43.1148675755,-471.0930052866273,283.3164237789332,1327.6317224872023
301102,20.7488166749,68.9192468635,-340.64898286534435,191.33150985438252,1311.0856345924203
301067,20.8606473212,67.5778497616,-359.1316487337517,200.75926025812234,1312.4946000463544
300992,20.8981533283,65.8595307854,-350.4933100105849,196.14866355743206,1311.7972757963855
301047,20.9209615492,67.1168107364,-250.51131371958402,174.24119942479703,1308.700802379384
311398,2.09330246635,42.5186930512,-156.53996001624546,211.33431846113857,1314.1537157923672
300941,20.94315623,64.6412711516,-204.98335654128783,186.1065568982991,1310.333333580426
301096,20.9509970646,68.501122958,-278.50512958641116,173.8024452029893,1308.6424586303126
301100,20.9537122039,68.6088586259,-355.41884035114515,198.73535369263402,1312.186547476687
311528,2.09706839366,43.2768072999,-674.1792199646097,479.3102584256514,1382.7784053866028
300050,-2.10339507589,42.4188706329,-604.3449780352078,408.8334625859509,1359.956835602318
300973,21.0373505618,65.3627339643,-171.217790322228,202.5536253001148,1312.7702638670908
301063,21.0719215806,67.4772245702,-294.644968981899,176.00074932806103,1308.9362315771884
311579,2.11461455911,43.2559974672,-508.31015901126904,316.5951995146884,1335.1293251693626
300965,21.1501965141,65.1269844258,-160.08173560051037,209.1358373071066,1313.801961110424
300959,21.209219602,64.9552242866,-247.73366856621573,174.5794474902589,1308.7458798626478
311520,2.12262283977,43.2017449217,-466.86448340608837,279.6618586819207,1326.856642509988
311477,2.12349219384,42.6267897961,-244.02884424682313,175.1121102801378,1308.8170405897895
311476,2.12586031404,42.6052921593,-159.29575659920442,209.61949153578476,1313.8790377364166
311576,2.1266083491,43.3189921674,-497.13669799686727,306.41254558290893,1332.7514556968415
301097,21.341599344,68.52605081,-285.69529824183957,174.56356808175187,1308.7437617321752
300163,-2.13479406449,42.8983804766,-307.8911944433598,179.09691396103193,1309.3561391622286
301092,21.3793135221,68.3245520873,-310.15305623960944,179.73770587207272,1309.4439420928286
311577,2.13820957006,43.3859716649,-340.3738505584346,191.20389510038746,1311.067017384318
311479,2.13965125618,42.7089390619,-103.51128502097258,249.2224731036857,1320.7761489636953
301039,21.4363214498,66.9414211709,-264.09297805262355,173.35051781380747,1308.5825142488216
311589,2.14409487655,43.2812240893,-549.0483511220673,354.8331233632037,1344.7097605086155
301076,21.4416464762,67.7555913163,-330.0768018142295,186.71605580899015,1310.4200395553778
311399,2.14780341086,42.5022894558,-95.00339573919584,256.0104628778559,1322.0738071962494
301095,21.5311096286,68.4332572863,-313.1931185847684,180.6490653755845,1309.569348829043
311592,2.15585984452,43.2353092265,-434.2214096217051,252.53904559625855,1321.405980053867
311578,2.15848943174,43.2519827678,-681.3961508367977,486.69909737011517,1385.3569236670876
301085,21.6300054318,68.0977578906,-301.975403450287,177.5739764074356,1309.1486973100496
301018,21.7421900391,66.386120612,-225.86759361938255,179.0394786450823,1309.3482842563144
311488,2.17678031225,42.9064461972,-195.2792668673978,190.24155378880351,1310.9270167936238
301005,21.8054326493,66.0411237204,-270.2584018004059,173.36765552456532,1308.584784625565
301043,21.8116818779,67.0264800959,-278.37960114822687,173.79230643761395,1308.6411121267574
311511,2.18247902972,43.1102713671,-465.32648944834756,278.3398918189772,1326.5786406953987
301027,21.8390932591,66.7015569101,-374.09993581245993,209.52412801054686,1313.8638265779418
311590,2.18608053802,43.2646716029,-464.9080223929019,277.98088656743647,1326.50336142366
301094,21.8655386243,68.3572902271,-293.5312630092876,175.79268328681982,1308.908271067393
311487,2.19005673235,42.8984942786,-303.5582127368498,177.95954310422405,1309.2010516163346
311484,2.20136729529,42.818704462,-52.29230270640001,292.2159511777263,1329.5593092051797
311486,2.20158612131,42.8890723498,-189.30730625811347,193.03413812444091,1311.335187148159
311485,2.20237781437,42.8438118301,-54.12721915823602,290.59799321021984,1329.2046449773106
311575,2.20325787844,43.2515356948,-592.505737596422,397.11017671474127,1356.4786349301137
311490,2.20697835075,42.9310912123,-214.4231404758684,182.5904265565688,1309.8385619768421
311591,2.2075395398,43.3644470231,-294.81619533742673,176.03346843742187,1308.9406314197602
311512,2.20979465598,43.097338265,-437.785965761258,255.39676842568625,1321.9551066105594
311669,2.2111375661,43.0560535336,-470.4968921570743,282.7994773500168,1327.5215022593397
301093,22.1285897741,68.3179848948,-312.1114171208805,180.31825025107494,1309.523755395472
301003,22.1350434886,65.9488086688,-248.2625051264679,174.51099933506742,1308.736751016176
311481,2.21895956674,42.7776061026,6.075110770013737,345.8511634949579,1342.3676180027094
311571,2.22316047609,43.2812958663,-586.2816933190483,390.97910323133505,1354.6964433905594
311482,2.22340192311,42.7934235059,-3.6787297446961134,336.6355762553313,1340.0228750928882
311480,2.22591692032,42.7606566162,-15.274968592538869,325.79725003136446,1337.3412588787692
311607,2.22611579634,43.4019642462,-256.55191763681546,173.6879202587207,1308.627253351867
311489,2.22703621941,42.915024072,-288.25407423757537,174.919442660397,1308.7912767099556
311507,2.22723880643,43.0817283377,-666.0971224034355,471.05598046963206,1379.9389592687273
301081,22.272699482,67.8099786508,-294.77115224172695,176.02484245816072,1308.9394713789754
311530,2.2305311687,43.2576292013,-582.5473269300936,387.3116950142033,1353.6425464893703
300131,-2.23114291646,42.9196604223,-120.3195350020438,236.32272026566767,1318.4029060515668
301034,22.3140198214,66.7775781863,-264.1144105945156,173.3501204197658,1308.5824616053046
311505,2.23521019209,43.0479089779,-622.8200412251928,427.2735213675873,1365.6135824724759
311491,2.23546677911,42.939811265,-655.0418671949878,459.80203717415,1376.1379683596228
311483,2.23558423112,42.8103976363,23.81338542193575,362.81928608543353,1346.8391251099722
311504,2.23624446417,43.0350013989,-476.80356180992015,288.29676979503375,1328.7034364543888
311513,2.24708712907,43.0975211961,-694.425524626246,500.0797008206294,1390.1142045689273
311502,2.25161680345,43.0025144982,-187.17891449941018,194.0731420882061,1311.4885356157104
311501,2.25633977384,42.9647155911,-338.6749189338409,190.42457954384244,1310.9535899740695
311492,2.25635631584,42.9436795023,-161.0719471510031,208.52998508042788,1313.7056554834098
301024,22.5672894844,66.5188088649,-271.9652015295325,173.41901516241816,1308.5915899895408
301050,22.5857356069,67.1899982885,-366.6948027883577,205.07052095111064,1313.1609623860327
311401,2.26443251051,42.5475906145,-137.23254835307273,224.12533728832724,1316.2712339734762
301088,22.6507788413,68.175054991,-306.18807670426827,178.63564097625053,1309.2931248572443
301065,22.659889916,67.4592794268,-280.22817568016586,173.95256918392744,1308.6624052432853
301029,22.6926424597,66.6797032102,-319.94701370664944,182.87522140112745,1309.8782925042933
311503,2.27121519107,43.0352092819,-236.36674707712857,176.50571276119837,1309.004225053835
301021,22.7242094144,66.3838442918,-305.62390438923995,178.4868887935823,1309.2728378923412
301011,22.7457304331,66.1380923654,-217.96209390565292,181.40703833910035,1309.6741228757692
301023,22.7633939066,66.5034198147,-296.51196828912623,176.36797993179798,1308.9856603174362
311531,2.27773315761,43.4138827932,-242.4055444431073,175.37466217089406,1308.8521943684118
311515,2.28108656388,42.939273931,-194.51599250303227,190.58820521872994,1310.9773676688505
300125,-2.28454294888,42.347067157,-470.64031371650117,282.923800072002,1327.5479920585296
311516,2.28543938224,43.1186620168,-586.9875076721329,391.67321707652604,1354.8969346583258
311570,2.30149062257,43.2530790229,-617.4751120092862,421.9215092489756,1363.9485160879003
311427,2.30197827061,42.7275935394,-108.22890440124078,245.5305371039375,1320.0844818503092
311572,2.30201293162,43.3730418578,-234.69168633936172,176.86212070099873,1309.052330623305
300998,23.04680037,65.8782953899,-394.5855399511364,222.92554317892615,1316.0674725761862
311519,2.30643116498,43.1768563746,-614.8380117539166,419.2859472467038,1363.1355398969017
311518,2.31011007129,43.1565266139,-606.8656195451834,411.33921263763904,1360.712218812194
311403,2.31081937434,42.5605851196,-8.021211883040223,332.5613033358096,1339.0051587084586
301087,23.1475977034,68.1580670216,-275.7027064914489,173.6019538127592,1308.6158462050882
301084,23.19138261,67.9590800751,-290.0664838375668,175.19828022790492,1308.8285724136172
311532,2.32284558734,43.2314047271,-340.4488362146483,191.2386369655435,1311.0720845323078
311428,2.33134985504,42.8145402146,39.62147862201752,378.14309953483445,1351.0477409393286
410203,-2.34318695873,35.1232062093,-681.2996956176439,486.6002352309548,1385.322194833488
301075,23.4762270286,67.6167300238,-266.8979627027642,173.32560246750882,1308.5792138965744
311407,2.3562346491,42.5730631087,-73.38661286536691,273.9316266464074,1325.6607147564562
300102,-2.35927604406,42.4653098657,-615.3557159561601,419.80308245905024,1363.2946939724995
311517,2.3598245304,43.1017385784,-352.67776617925267,197.28177919766594,1311.9671851745563
311533,2.36390376474,43.2394099188,-593.1283426115344,397.7247292263251,1356.6586729202027
301035,23.6741053899,66.7530286463,-220.5030190917805,180.60406143182686,1309.5631415006771
311606,2.3731912885,43.3681481854,-161.46954750370298,208.2878146314985,1313.6672365159366
311408,2.37320781151,42.5814155873,-146.54343917568903,217.7936953520111,1315.2079258834078
311365,2.38508351749,42.4142350835,-157.1112652458331,210.97640374701916,1314.09620557609
311521,2.38555166253,43.2352322774,-648.0974459717947,452.75584610215867,1373.7997127496908
300165,-2.38595271927,42.4692917421,-628.9930013835276,433.4711052475803,1367.5653526087924
301038,23.8857873135,66.8014219923,-264.1199973697549,173.35001735559774,1308.582447952225
311535,2.39336069317,43.2482161165,-577.9168357817352,382.77630655971933,1352.3518386259368
311605,2.39390839422,43.3852506799,-156.0275693679178,211.65638740051153,1314.2055474311799
300069,-2.39502326602,42.3402848884,-300.6749288185091,177.2692829080089,1309.107403246262
311609,2.41036532958,43.2524132819,-534.1426505871896,340.66024053355494,1341.0395945130895
311366,2.41484453495,42.4063711859,-118.29267281227123,237.8395893170539,1318.675648071942
311409,2.41493860696,42.6228716648,-385.380102205322,216.7178318399536,1315.0301947897858
311537,2.41892776329,43.2144522557,-622.0043988209536,426.4559296718979,1365.3579950048904
311410,2.4226756406,42.6324766876,-113.94910046265554,241.12714532749644,1319.2725627349487
311612,2.43529010064,43.2442041772,-674.8352313095259,479.9812013382551,1383.011116444682
311613,2.44008404004,43.2149541828,-675.7182972271579,480.8845888624468,1383.3249012350122
300158,-2.44382527106,42.8729751795,-460.6413100260638,274.33747043636964,1325.7446368953854
311614,2.45932853863,43.1990846755,-636.9433723839732,441.4780088134549,1370.1243107241564
311611,2.46070305175,43.3726226298,-215.1520509837844,182.34055717959134,1309.8037537600874
311425,2.46715744928,42.8528942368,-142.50974132805194,220.50096168509398,1315.6589484648
311426,2.4806778454,42.8332083552,-172.02435904981664,202.09723292663372,1312.6999223463272
312029,2.48256811555,42.8061494219,-136.23463044110915,224.82089424549497,1316.3898469149615
311411,2.4842844437,42.6441486525,-156.37337932598825,211.4389145630764,1314.1705403649344
311429,2.49191558733,42.8055665699,-119.17361122722521,237.17894151993454,1318.5566521283672
300124,-2.49358347217,42.3399168884,-536.8854305346784,343.25364330224323,1341.7007334766258
311438,2.50183510615,42.8728884585,-136.05790110645728,224.9444070408224,1316.4109467907042
311415,2.50231403719,42.6270513051,-257.72347393051666,173.6096899832282,1308.616872513695
311367,2.50494515341,42.4064684689,-14.720159294883729,326.3127040873804,1337.4669249817991
300024,-2.5144444349,42.323016271,-314.46616060261937,181.0475843630662,1309.6243821703815
311434,2.51908433358,42.7563836648,-165.68862433672248,205.7574517625614,1313.2684125978492
311625,2.52152675878,43.0060195595,-142.27680213247874,220.6589968149445,1315.6854439594706
311439,2.52652397719,42.8773149528,-130.5097345838075,228.8715151916611,1317.08768312424
311382,2.54035973334,42.4143788665,-46.20003364998712,297.6224135857964,1330.7580154333418
311618,2.54328733658,43.4060606196,-87.36918684985243,262.23455305426955,1323.293147940782
311621,2.54683985187,43.3063521983,-545.1504054760414,351.10854165687067,1343.7317450279525
311383,2.55645271467,42.4062749119,-35.53397337627965,307.2087304593008,1332.9347315761065
311440,2.55655748068,42.8815000862,-131.18230941842344,228.3904121124111,1317.0041666283098
311441,2.58929126138,42.8647803898,-186.4812323589761,194.41861787303407,1311.5397033819115
311385,2.58994092044,42.4229101782,-114.73089181894981,240.5317760579016,1319.1638752880629
311626,2.59418496979,43.0938467537,-338.1963312329188,190.20776654836953,1310.92211402004
311369,2.5979003901,42.4354919163,-78.546103582807,269.57297661007857,1324.7669169668563
311615,2.60007543428,43.2022997977,-797.1457477170304,607.0251132086909,1432.067485364246
311637,2.60651117581,43.3189954594,-514.0910816973328,321.92023032212785,1336.4020462653084
311373,2.60779727192,42.4692282801,-61.834675591064055,283.8570059590285,1327.747187684265
311412,2.61473621149,42.6724953229,-466.60911799566475,279.44208984244295,1326.8103391769914
300119,-2.61519809024,42.9303306622,-476.9240409118762,288.4023821908409,1328.726355810256
311384,2.61867082082,42.3813739888,-172.48994475484483,201.8350794455271,1312.6595879611111
311616,2.61932488187,43.2269305558,-406.3561375601058,231.2629246688391,1317.5053453014286
311636,2.62707079751,43.1053381247,-514.9018168874627,322.66996669004453,1336.5828451597029
300066,-2.62729594724,42.9104545986,-467.5589871131385,280.2600966273767,1326.9828621097704
311708,2.62769926456,43.4056009985,-249.51426047447055,174.35656590415257,1308.7161673355076
311622,2.63166472489,43.2647546229,-526.2463049472465,333.23291177352195,1339.1721204014484
311443,2.63915173951,42.8815081062,-115.07627689673697,240.2692546795292,1319.1160333024948
311436,2.6426750718,42.8021128836,-166.67671462560978,205.17542718696822,1313.1773492155608
311371,2.64318130484,42.4651137057,-51.1159057164476,293.2558231957294,1329.7882434469243
311709,2.64363736688,43.3768302242,-156.97217948813608,211.06342357579604,1314.110179301183
311442,2.64449215395,42.8684078011,-118.17740850628618,237.92618483416783,1318.6912694035684
311617,2.64651310612,43.2229405774,-707.4657097528575,513.5205664949631,1395.005794534474
311447,2.6607412643,42.9475314506,-263.7649402821835,173.35699786862057,1308.5833726902817
311413,2.66344499852,42.6974620919,-461.0294552376565,274.6676151145902,1325.8129933607486
311623,2.66494188364,43.2515196828,-591.0391582035143,395.66345151565054,1356.0558105906737
311619,2.66515003866,43.2433618031,-628.295646111373,432.77010729189897,1367.3433220434777
311444,2.66998241706,42.8683559481,-255.1404885217063,173.79474092220477,1308.6414354374035
311435,2.68101727897,42.7772204795,-652.0480585165913,456.7621065819466,1375.1252366896006
311437,2.681290697,42.7858312543,-551.6425887745604,357.3188180047544,1345.367805572798
300025,-2.68314172186,42.4983861605,-605.5300166582965,410.01108538929697,1360.3113190419174
311986,2.70079239661,43.1350256402,-578.838481641022,383.6779372775316,1352.607317045488
311629,2.71438257973,43.1101373201,-483.30107858416955,294.0231479931183,1329.9576708028098
311445,2.71537631382,42.8594280664,-217.79030361353668,181.46274377117953,1309.6818399704625
311375,2.71903043512,42.4946295712,-315.05909040669684,181.23657119634072,1309.6505218226953
311448,2.72249857141,42.8979746605,-206.9293400383856,185.33984713250535,1310.2246576471348
311451,2.72338599048,42.7980633193,-380.2052992838352,213.35874240384922,1314.480790096076
311416,2.7272931528,42.6903571224,-556.426644939653,361.9166114292697,1346.5962380015387
300167,-2.7307708028,42.4348160122,-544.271090828832,350.270074863098,1343.5129027724493
300121,-2.73090462981,42.4143308965,-623.5290168798742,427.9844418877777,1365.8361823694102
311446,2.7321185812,42.8562079531,-615.2804537354563,419.72789481068986,1363.271543110053
311452,2.73252555124,42.7773345306,-494.1364146567796,303.70440228380943,1332.1314344080383
311450,2.73416619037,42.8061794829,-352.26426645956536,197.06555415264427,1311.9346886201845
300084,-2.7356117832,42.9979647778,-197.98486826899057,189.03751660300142,1310.7528284367277
311666,2.7357620465,43.2773809209,-423.86207357985757,244.39934630172502,1319.8745527678614
311771,2.73979940984,43.2692068813,-484.28052925670613,294.891650462156,1330.1499464660917
311449,2.73992102085,42.8652269088,-619.0932524680795,423.5403666382928,1364.4501591276799
311665,2.73994929585,43.2692546003,-657.4334615454645,462.2328735998234,1376.9520776003071
311788,2.74351914415,43.3599470628,-243.5078323437373,175.1944494097358,1308.8280596302297
300123,-2.74748706918,42.6478193918,-247.0361813531936,174.67262919589115,1308.758313043954
311630,2.74813452153,43.169640656,-663.6377441014133,468.54863675188574,1379.0850661121315
311378,2.75223279587,42.4952637402,-303.40879407227595,177.9224568166778,1309.1960109972588
311459,2.75698264326,42.9896832631,-340.3499543375042,191.19282976741917,1311.065403679742
300065,-2.76526509265,42.8479997364,-643.9141021803114,448.52020607769265,1372.4096217352264
300092,-2.76845573792,42.2778828652,-195.25553977015105,190.25228380032365,1310.928573974452
311462,2.78212277234,42.9817888435,-316.4055606806121,181.67365390767185,1309.7110792444323
311463,2.7888879609,42.9933973744,-320.48001751417183,183.06251632558252,1309.9044543228738
312014,2.79035680002,43.4934878178,-96.00581902368626,255.20233121629173,1321.917555836854
311468,2.7985501177,43.0474751819,-254.05958641449115,173.88582235346558,1308.653534663393
311386,2.80207109999,42.4642052026,-172.4195000439267,201.87468307360405,1312.6656780145966
311544,2.80712631541,43.5146307066,-82.05509524081845,266.63656196837064,1324.1725154789178
311387,2.8190882324,42.5023619578,-428.0049771591772,247.62411364591338,1320.4754811166981
311624,2.8190990774,43.2348179644,-429.88701757878,249.10265692658072,1320.7535456167943
311380,2.82328734575,42.5184727151,-417.3618720820285,239.42600374279434,1318.9627007007048
311379,2.82341686176,42.4937089151,-313.8632748870326,180.8576197907592,1309.598134241123
312028,2.82356109577,42.6770230413,-565.928213095028,371.0993648758228,1349.093226275594
311417,2.82628604899,42.6901979073,-705.6716455386402,511.6686016857661,1394.3251243962143
311466,2.82686682804,42.9932867484,-450.7769365333419,266.03832134013373,1324.0521828813726
311460,2.82708220906,42.9481091117,-406.33639309273246,231.24858733858173,1317.5028287322732
311464,2.82710941806,43.0062571005,-355.94694408426693,199.01940268564204,1312.2295977521624
311470,2.8275235891,43.0438917146,-246.74294895018522,174.7127894165105,1308.7636736084746
311467,2.83094981238,43.0147187442,-434.233176070304,252.54843243566998,1321.4077740414446
311633,2.8324222955,43.1896099617,-685.8631658947154,491.28074763777863,1386.9731675742637
300074,-2.83864878573,42.5939466604,-576.885132632633,381.76765822727765,1352.0666919349026
311632,2.84028867715,43.1808078189,-561.5310811967004,366.8415406963212,1347.9282290062413
311469,2.84360343443,43.0134793761,-529.0987763296699,335.9091367128735,1339.8405661490622
311465,2.84470562652,42.9693031724,-449.2936664969275,264.8061507174533,1323.8051563690353
311381,2.84737225574,42.5317470312,-558.8340316485261,364.23691139252907,1347.2217049143103
311627,2.85583736844,43.2397800348,-571.0529998697378,376.0790166242577,1350.4714811192869
311455,2.86101025687,42.7768053535,-497.8564241951587,307.06388479785204,1332.901355659375
311735,2.86469247917,43.5396053516,-120.77468297688942,235.98363453346718,1318.3421673977803
311639,2.86632706931,43.3438341254,-622.4492274081854,426.90178302558166,1365.4973185333877
311420,2.86760603341,42.698669984,-636.2658845390224,440.7946479076661,1369.904272639331
311640,2.87674247117,43.3273492651,-347.68304669122455,194.72459979225547,1311.585096109172
311641,2.88451489881,43.2890701489,-619.7904015047604,424.23820933070937,1364.6669384240163
311418,2.88570002291,42.7022098513,-616.0269715128209,420.47379514676453,1363.5013776951512
311634,2.8892534992,43.2264639607,-633.7221027218743,438.2305508517845,1369.0813745980586
311419,2.88958817923,42.697618445,-582.7370195601179,387.49777931468935,1353.6958017018694
311471,2.89774180191,43.0520309893,-391.5206181801352,220.82681581132442,1315.7135999725854
300033,-2.89786918662,42.6774739163,-565.0301610516976,370.2286376953629,1348.853972356243
312027,2.90278038632,42.5605832866,-594.681978814313,399.259240370926,1357.1093307442186
311543,2.91012090993,43.447329942,-188.98787368423785,193.1886306110158,1311.3579380050328
311736,2.91511626434,43.5603122023,-118.47165274551466,237.705196417935,1318.6514152631623
311454,2.91562087639,42.7647116705,-546.8712351169328,352.75129551265275,1344.1619214429884
311547,2.92279750698,43.4270006503,-510.0408745455047,318.1855217677344,1335.5073271360427
311474,2.92350444704,42.9440990614,-456.56313813984366,270.8848271764754,1325.0344841421602
300060,-2.93091260636,42.685784718,-526.4018175220747,333.3786125309025,1339.2083832863657
311421,2.93330885185,42.7145961184,-627.6805852971428,432.1520136145573,1367.147818431704
300091,-2.93535971273,42.5146786288,-543.095772485847,349.1503713496198,1343.221417482996
311643,2.93602368507,43.2554923811,-562.5002127082771,367.77876948484004,1348.1835994608577
311644,2.93975644238,43.2484039955,-551.0070517605951,356.70937445712536,1345.2060706066732
311389,2.94781928605,42.6222537817,-591.6250151438446,396.24122748925254,1356.2245038833507
311737,2.95159320836,43.5646376247,-145.31445552190118,218.6126090663238,1315.3437829762365
300001,-2.95579940042,42.6900046683,-581.8192864356092,386.5977114043831,1353.4384304557627
300027,-2.9603889578,42.5436339052,-617.9647697145565,422.4112516069,1364.1000916558723
311388,2.96086452913,42.5354306475,-379.54761808330863,212.93886741510482,1314.412703768295
311647,2.96115090115,43.2475565445,-622.3698838755149,426.8222499621096,1365.472455831376
311472,2.96485692746,43.0560689276,-649.9046461702313,454.5877576855739,1374.4045343380708
311654,2.96502494347,43.0012114161,-427.7180260533841,247.3994200587283,1320.4333635654798
311548,2.97369807219,43.4305059656,-483.6664952853992,294.3470128825064,1330.0293074080382
311422,2.97407839122,42.7146624344,-576.60459385137,381.493507809762,1351.9893087862968
300169,-2.97429892695,42.697925846,-699.4073880358887,505.20904764481605,1391.967663558904
300118,-2.97740721121,42.3904565985,-238.7997016119502,176.0209210859075,1308.93894404261
311545,2.98536026416,43.5356288803,-88.99618050749301,260.8979967281528,1323.0289336474145
300068,-2.98543861187,42.6519619942,-528.5996695391323,335.44030302553074,1339.7231025347407
311457,2.98566381618,42.7642356825,-620.4791712696419,424.9278903614381,1364.8814990974395
311390,2.98600987021,42.5933968453,-731.1160404698401,538.0111118244605,1404.2057367131229
311397,2.98963533351,42.6563070335,-516.9888230944198,324.60319031481094,1337.0508687907147
311733,2.99962231934,43.5727494164,-28.599759262729776,313.5179444059862,1334.4029736312816
311395,3.00153804649,42.6359292649,-406.5469812079642,231.40156336634982,1317.5296877489488
311391,3.01353363749,42.576700877,-377.6350022782062,211.72705682323456,1314.2169307852039
300117,-3.02244836493,42.3061913316,-95.46704532128919,255.63640845534871,1322.0014250746485
311423,3.02402647935,42.7107995421,-557.086931014268,362.55257556646853,1346.7673015860355
311738,3.02762571365,43.4522068924,-510.0022376460082,318.14998217507843,1335.4988602501517
311392,3.03108229294,42.552537365,-204.9088158815993,186.13634958091393,1310.337565365032
311655,3.04237665287,43.2438163722,-622.2948352485344,426.74702475673365,1365.4489436482697
311546,3.04466046606,43.4768891044,-357.75339796878916,200.00066773126878,1312.3787797981208
300238,-3.04780543203,42.8105068573,-575.3948925604582,380.31194175282315,1351.6563792662892
311599,3.05334484378,43.3605300978,-426.73185937486653,246.62871594665148,1320.2891797257698
311542,3.05628783402,43.6599352166,-54.33345759042288,290.41644867409667,1329.164966522939
311393,3.0608892764,42.5278761349,-221.1928882332669,180.3928665685766,1309.5340319672032
311732,3.06909833108,43.5770218927,-85.69841348431672,263.61259508892533,1323.5669211872023
311596,3.07309647841,43.4483122331,-761.0232630611049,569.1649644420175,1416.434450061045
311739,3.08755954661,43.4390714693,-665.1708640316581,470.1114098794913,1379.6168063162809
311549,3.10123607274,43.4393024463,-719.1358474942803,525.5879026322809,1399.4929217273134
311394,3.10619640715,42.4609740574,-186.52693294588474,194.395914602677,1311.5363381110199
311539,3.11083722454,43.7470426268,-102.73797592141538,249.83267280530802,1320.8914258834811
311659,3.11166475161,43.2557942761,-602.4004163538723,406.902682201756,1359.3776470703183
410219,31.2065638482,-1.19385461563,-836.3415329969389,648.3446496898744,1450.065025905024
311731,3.12278565653,43.5972220704,-159.31925364107022,209.60499733290737,1313.8767253735718
311728,3.13151125425,43.7230170088,-113.37735399969279,241.5635542196059,1319.3523961772532
311730,3.13494522453,43.5972263794,-412.88043413028527,236.06163276702074,1318.356131337843
311538,3.13925442689,43.8063646207,-141.84150936132323,220.95480556218166,1315.7350875736624
311597,3.14003709495,43.4028216113,-652.4670370681954,457.18733676968276,1375.2665397929259
311740,3.14388539427,43.4141128432,-458.86494142701883,272.82992464995857,1325.4334997863732
312008,3.14822030763,43.6016899258,-343.7314873546128,192.78779226849656,1311.298946624763
311540,3.16427471396,43.665035471,-408.2246796884395,232.62488133409485,1317.7450929474762
311541,3.16436572897,43.6335185804,-299.0057241298023,176.89428732899609,1309.0566769475968
311551,3.16630667313,43.3476233777,-570.8175997119143,375.84988649815045,1350.4076909408225
311550,3.17274663266,43.3688426595,-650.3806352024445,455.0704650183883,1374.5642664872034
311729,3.1852759837,43.7062063544,-153.76914139837348,213.08781324456558,1314.4368416644454
311741,3.19824197277,43.3397343741,-593.6765895626299,398.2660698167631,1356.8174737004026
311769,3.20127169002,43.4850714751,-506.5847733444796,315.0131708567669,1334.755068312043
311662,3.21121355884,43.2268174257,-694.4551046317547,500.1101355616696,1390.1251534530852
410205,32.4645021683,15.5017532528,-372.30533728060317,208.4244942773473,1313.6889146164779
311770,3.25064875311,43.3767295792,-501.0174517752824,309.9321603035616,1333.5650484929051
311745,3.25207870322,43.3103439637,-580.7255688521777,385.525734927688,1353.1326198355375
311715,3.31363003532,43.4406598374,-591.197193187004,395.81928696720104,1356.101287701872
311698,3.32700565142,43.7560091135,-252.70950500686237,174.01086572142023,1308.6701555245195
311711,3.33615637218,43.4974410201,-367.5459955034271,205.5710296777456,1313.2392176653195
312010,3.33942628345,43.6979688397,-508.980033099225,317.2103324223234,1335.2753235070784
300061,-3.36059522291,42.7940955979,-520.3334570895089,327.71093784105904,1337.808750663606
300038,-3.3894989583,42.8023037396,-477.56112961658437,288.96121938754874,1328.8477643738543
311748,3.4016958186,43.3114029617,-744.8226928579909,552.265370296208,1409.7286383555736
311716,3.4101101713,43.3980017369,-620.0263024263136,424.4743971258481,1364.7403813131652
311700,3.41458513167,43.6692487934,-443.8268658060048,260.30225958022527,1322.9115846926513
311714,3.42728920472,43.423314144,-505.15213528975386,313.70217979012597,1334.4462717458982
300057,-3.43556299411,42.7648774205,-124.48002342807149,233.2445713776546,1317.8546295584342
311712,3.43567178141,43.4563201577,-668.3139074452338,473.3177929013947,1380.7126883057529
311713,3.43576108342,43.4513518513,-637.3501056948623,441.88836072637207,1370.2565883501131
300039,-3.44338555376,42.7271965574,-251.8833579230515,174.09355110098969,1308.681152575525
311718,3.4439305881,43.3845333618,-612.2903099135297,416.74296959703895,1362.3554959260855
311717,3.44806444044,43.5099526162,-607.6524701753883,412.1220933409369,1360.9490858923295
311710,3.44821700745,43.4773501985,-644.6481538733644,449.26293263105083,1372.6525333119462
311719,3.45610358911,43.3353605747,-596.7569634858991,401.3108175323765,1357.7143170932372
311707,3.46071005349,43.5021592365,-441.4794369152008,258.3869161169477,1322.5360460085308
311704,3.47677720382,43.5812911451,-460.39460608732156,274.12776849385614,1325.701258968578
311706,3.47680586682,43.5224292602,-672.5228231502746,477.6167901031194,1382.1923139562957
311705,3.47683475382,43.568118362,-639.4682495591787,444.0264649598134,1370.947590594243
311702,3.47686959082,43.6268084368,-699.3980722788071,505.19944954440035,1391.964179995813
311681,3.48850923679,43.8979722873,-319.5130155666437,182.72395647242558,1309.8571826120544
300115,-3.48946801457,42.9978326028,-502.95207885422434,311.6936220403041,1333.9755277335696
311703,3.49769090355,43.6018418408,-690.8185525859531,496.3704123089593,1388.7841375776216
200489,-35.014481634,-8.25224761465,-402.41350452028314,228.4228871498005,1317.0097987278994
311701,3.50217972892,43.6225356555,-686.6153825291681,492.05287117013694,1387.2468499146887
311672,3.50287772298,43.9776280379,-113.20554357146575,241.694859558405,1319.3764435173189
200479,-35.039166667,-7.99861111066,-801.6806125474029,611.793892544673,1434.0953809026842
200464,-35.0474999997,-7.12999999979,-653.1845730509734,457.9157333265576,1375.5088561690363
200488,-35.0639719931,-8.28290717818,-434.37096499270194,252.65837847541036,1321.428791416804
200467,-35.0645736721,-7.61483413591,-487.8842461908763,298.0987017311116,1330.8646176622271
200470,-35.0686111114,-7.54277777795,-540.2712344558213,346.4643062635331,1342.5257204560824
200478,-35.0768849421,-7.98055555617,-560.7084172578792,366.0464973498542,1347.7120734020114
311682,3.50991001056,43.8932923349,-288.4783276574292,174.9527433206054,1308.7957277462579
200481,-35.099714784,-8.11922467064,-657.7363804213751,462.5409129209051,1377.055514747737
200469,-35.1182427486,-7.5602977594,-544.9703483857363,350.93679625192203,1343.686879274712
200493,-35.1397978893,-8.36872808329,-434.9504126413888,253.12120269754246,1321.5173619088407
200463,-35.1475,-7.17277777833,-708.2868236612936,514.3684677042985,1395.3181411921512
200487,-35.1566666667,-8.28222222213,-410.1244444077637,234.0198726129404,1317.992069531994
200457,-35.1651946744,-6.84752599542,-632.6399502810725,437.14059586556374,1368.7328793906981
200475,-35.1733333331,-7.89416666702,-742.8300582643847,550.1905457697383,1408.917112972177
200507,-35.2025756665,-8.79831552383,-483.51305698701174,294.2109990845081,1329.999212989901
200476,-35.2066666669,-7.97194444446,-550.6078829455384,356.3267588063705,1345.1046626983732
200454,-35.220412948,-6.44756768633,-686.6392032142232,492.0773250618207,1387.2555238352625
311757,3.52236151559,43.3939263526,-838.5652948691386,650.6954026812423,1451.1176043456835
200466,-35.2305302088,-7.7525368443,-612.049561474975,416.50283428105297,1362.282057995187
200462,-35.2314868699,-7.14786342927,-681.2439322456192,486.54308168465474,1385.3021204440035
200486,-35.256157026,-8.26389522761,-442.76243208318954,259.4323390817821,1322.7406900571616
200485,-35.2647222217,-8.24249999984,-445.54516361818594,261.7114474085208,1323.1895844043343
311673,3.52712978698,43.9684043141,-110.37704605129476,243.86729787299026,1319.7761376624921
200483,-35.2848797063,-8.22302371223,-476.34589555971775,287.8957777521492,1328.6164884642094
200477,-35.2853149674,-8.11417956222,-1123.5531757090766,955.6341715524493,1611.0786648733786
200484,-35.2857130394,-8.22191259714,-496.81556282162904,306.12213378010586,1332.684717163642
200482,-35.2857130394,-8.22357927028,-532.5377327434494,339.14590952747835,1340.6557136419
200468,-35.2898188307,-7.51823825192,-618.1632223575432,422.6097713246387,1364.1615789159712
200497,-35.3061259871,-8.63537120635,-479.2961436884535,290.4861998818582,1329.1802085846955
200451,-35.3145113848,-6.06305555551,-662.5515633432649,467.4419467418335,1378.7094574801633
200452,-35.3358110196,-6.31465387433,-705.8742556434777,511.8777073855062,1394.4018724491493
311697,3.53541941167,43.6512157439,-668.8226572763127,473.8371136724076,1380.8908012094403
200492,-35.3688578493,-8.28180239209,-461.28215794874325,274.882697762577,1325.8575685573032
200461,-35.3727777776,-7.33444444371,-606.0978267230034,410.57560352462144,1360.48157678855
200447,-35.3870721758,-5.46452305399,-557.7907968273724,363.23087825020514,1346.9500605018238
311758,3.53968748002,43.3855810599,-349.35013799191563,195.5647651483342,1311.710094471707
200495,-35.401388889,-8.46750000046,-529.924422982054,336.68522518531364,1340.0353485746325
200456,-35.401809275,-6.86032872148,-698.1037937611652,503.86618094586584,1391.4808381262112
200508,-35.4065240594,-9.05116849975,-687.9606828630496,493.4342014884117,1387.7374051923362
200448,-35.414258497,-5.62271372708,-673.7403139710188,478.86144126487113,1382.6228967081809
200506,-35.4465166197,-8.83955086024,-503.8549367593006,312.5172001591804,1334.1682034011997
200474,-35.4516592281,-7.88102181993,-716.8430204241588,523.2142865418566,1398.6032261556368
200494,-35.4521404062,-8.38027777824,-726.3715912034838,533.0871015029211,1402.3265141757242
200455,-35.4683407715,-7.02701518127,-656.1456921850158,460.9237118551425,1376.5131538498913
200504,-35.4897222223,-8.74777777765,-478.30202800662335,289.6118801456694,1328.9894039054493
200496,-35.497777778,-8.49722222192,-311.6877526257088,180.19064529305268,1309.5061906010899
200453,-35.5270349874,-6.6055629854,-620.4844552329143,424.9331821807855,1364.883146606236
200450,-35.5306237837,-5.83133391134,-652.694493855641,457.41821528988197,1375.3433092324376
200509,-35.5396565694,-9.12943876923,-589.0483510601509,393.70160632923927,1355.4846916869535
200510,-35.5397222224,-9.15916666669,-589.5441434092888,394.1899678137865,1355.6266172130458
311696,3.55401148021,43.6638903009,-669.6094035160698,474.640380172938,1381.1666391359745
311695,3.55629035939,43.7099734727,-336.0318605789199,189.242287797026,1310.7823763165661
200503,-35.5769444435,-8.68128918115,-789.5747634193469,599.0710524190495,1428.7140793097544
200449,-35.594879706,-5.86851531842,-660.8108617170449,465.66924915100054,1378.1094456451228
200491,-35.6041666668,-8.21064661521,-699.5125364130722,505.31738456097145,1392.0069876660075
200473,-35.6338814512,-7.93964994978,-612.9893592929445,417.4404025441073,1362.569001646389
311759,3.5684349824,43.41081741,-409.27007557701336,233.3912418263346,1317.880596386748
200502,-35.7233333326,-8.67861111093,-504.5980270928071,313.1957643969311,1334.3273141952948
200505,-35.7604352607,-8.91010087108,-573.2639909165666,378.2329449506613,1351.0728904161692
200501,-35.8398202033,-8.62316105434,-499.39031118042743,308.45417742718087,1333.2223273496925
200516,-35.8601500459,-9.46892127232,-351.718162859101,196.78122654879846,1311.892009920596
200500,-35.9152777785,-8.49749999994,-664.1018208347698,469.0216027473488,1379.245829580479
200515,-35.9478683202,-9.31417771551,-540.3758132756421,346.5636354856712,1342.5513576815215
311760,3.59693307976,43.4624057802,-490.55263609760203,300.484829708536,1331.4011144115884
300114,-3.59780635854,42.9435348993,-262.4730262297011,173.38977721892346,1308.5877155985684
311761,3.59788629784,43.4767069994,-393.7557344980745,222.35426559612324,1315.970825664552
311694,3.59794068584,43.7479726339,-146.41396868876544,217.87971795228395,1315.2221736522001
311674,3.59823174986,43.9770818358,-152.5944452021849,213.83991082091373,1314.5589762469192
200490,-35.9938517,-8.29773989441,-690.9400766948804,496.49532149573434,1388.8287867259246
200460,-35.9975831043,-7.52833333275,-547.5404096673617,353.39076930820056,1344.3298815408716
311671,3.60188566217,43.9563908641,-207.44701291793558,185.13949549844602,1310.1963316102174
200518,-36.0227777784,-9.50666666744,-486.23133553754155,296.6254941651702,1330.5354104119824
200514,-36.0355481174,-9.15231869312,-622.1356771988916,426.58750090154376,1365.3990956848024
200513,-36.0518241498,-9.00629330804,-511.0884379860489,319.14974433384367,1335.7373820777082
311677,3.60528937145,44.0856214298,-36.01119791125301,306.7766829458205,1332.835221537416
200471,-36.0597742885,-8.01419926295,-705.7633413825181,511.7632358886173,1394.3598546209798
311692,3.60649653955,43.8149012384,-111.31977114339605,243.1409923625907,1319.6421244938028
200499,-36.066111111,-8.57694444351,-534.7058665871302,341.1922266194838,1341.174832032354
311668,3.60974398682,43.9904210119,-147.68266685259678,217.0393075032815,1315.0832124139354
311762,3.61033256087,43.435327086,-504.81066427192627,313.3900570034425,1334.3729322794557
311683,3.61460693722,43.8815505949,-21.130776911503432,320.37674108504075,1336.0310815245741
200519,-36.2152777783,-9.50111111098,-522.20025883076,329.4505388034331,1338.2359478392902
200511,-36.2174999995,-9.1677777784,-569.4138538914208,374.4843159206705,1350.0282580161143
200498,-36.2312016536,-8.48360493379,-705.9628227016616,511.96911734212284,1394.4354311632808
200520,-36.247235519,-9.37680625069,-648.8410172349631,453.50943171757643,1374.0482521470092
200521,-36.2852777781,-9.68583333326,-510.9981682713292,319.0666079956546,1335.7175206267618
200523,-36.3036111106,-10.0311111108,-458.4640274311347,272.4904555783321,1325.3636644154458
200459,-36.4336111114,-7.39321535657,-575.2278291178576,380.14883923801904,1351.6104966096798
311675,3.64448853269,43.9976946665,-128.11719689740636,230.59392951054517,1317.388080596817
200522,-36.5024033911,-9.73963221971,-629.6962856988217,434.1782817854411,1367.7896676556704
200458,-36.5062078044,-7.72278563684,-539.9117074041076,346.12289913827993,1342.4376543733194
311667,3.65260086236,44.0022415619,-116.44091840727889,239.23506396973363,1318.9280535359214
200512,-36.5936272736,-9.03944444378,-575.3192566364061,380.23809681686294,1351.6356035715994
200757,-36.5936693256,-10.2928245805,-572.8452755973663,377.8247837592728,1350.958682489658
312009,3.66896734372,43.8018507943,-279.5270452818489,173.88901864997067,1308.6539593714228
311684,3.67254889101,43.9359776644,-132.68253608421023,227.3222347681821,1316.819347135913
311679,3.67326929207,44.039629725,-88.46884653343072,261.330609289804,1323.1143117369834
311676,3.67350029909,43.9976871095,-54.365593977910436,290.38816577631604,1329.1587871260472
200446,-36.7685577581,-5.28957927252,-710.14358549139,516.2864618357246,1396.026326845702
312006,3.67743474242,44.0017960369,-55.180548373043735,289.67144366371093,1329.0023851918666
200438,-36.7812921962,-6.59375371842,-624.411192863007,428.8693613223427,1366.1137301310187
200756,-36.8234610646,-10.2100747366,-625.6974432269626,430.1602501700518,1366.5195334856407
200445,-36.8387524309,-5.38304747825,-741.3853348872262,548.6867703992658,1408.3305601252243
311678,3.68521105306,44.0563691494,-65.76328257088042,280.45673898664074,1327.0244070907181
200751,-36.8561421513,-8.49805555599,-546.6955875055652,352.58350488922713,1344.1178975415155
200444,-36.8942484835,-5.6169603706,-680.7371811755088,486.0237421407926,1385.119804383719
311680,3.68946191141,43.9901888039,-120.50828784582838,236.1820302011077,1318.3776947299164
200442,-36.8977182748,-5.62266719708,-608.0630104852072,412.5306893717868,1361.072872496184
311765,3.69015417347,43.4685273697,-470.7316711743703,283.0030089658404,1327.5648751210508
200760,-36.9106089089,-10.5808377483,-604.787022257312,409.2726540329401,1360.0889308830574
200759,-36.9377777781,-10.4488888894,-598.6506786130412,403.18527253291177,1358.2695456200474
311685,3.69406236079,43.9393543437,-299.9298593342713,177.09965840819228,1309.0844447856487
200758,-36.960833333,-10.589444444,-640.0383022949359,444.60220706553946,1371.1341718077776
311764,3.69787182611,43.4818037668,-434.0181267280227,252.37692307226803,1321.375005768944
311742,3.69835645215,43.6562925233,-333.48080233242496,188.13647553442263,1310.6231830690185
200755,-36.9980717191,-9.97704371436,-578.8026599745724,383.64288336265275,1352.5973741384616
200754,-37.0064868698,-9.76454989078,-492.2903161266784,302.04381253078463,1331.7538283254844
311690,3.70132361739,43.8440696808,-334.54158313084076,188.59203919607972,1310.6886555622534
200762,-37.0363888893,-10.6969444439,-642.5843559631359,447.175295630192,1371.9706773810442
200753,-37.0847222223,-9.3877777776,-727.3388198344692,534.0905053687749,1402.7082599373703
200761,-37.1102257124,-10.5983509258,-573.4662482651719,378.43014617731154,1351.1281101758013
410224,37.114549201,-1.20224172633,-304.74633686744784,178.2595285427337,1309.241862333973
200440,-37.141666667,-6.18166666733,-648.7661390692053,453.4335353800207,1374.0232041631161
311670,3.7146443585,44.0011524518,-94.14782878783005,256.7019151304849,1322.207876168914
200439,-37.1769977979,-6.3687083978,-548.0634525266651,353.89085280131815,1344.4614275864874
311686,3.71876840784,43.9229025613,-494.74301976639515,304.2510149267608,1332.2561595486866
200763,-37.1935577583,-10.6644487812,-578.0622587503801,382.9185351401289,1352.392102581686
311743,3.72345268223,43.6643214609,-318.2924198129596,182.30452376977848,1309.7987379587664
200424,-37.2394720761,-5.63087228075,-573.2334782141256,378.20319738986404,1351.064562886381
200752,-37.2479873268,-9.3732026594,-670.7737616916004,475.8295714348477,1381.5757581918272
410223,37.2606232771,-0.797775524862,-581.3724274119548,386.1596443570468,1353.3133655962363
200436,-37.3012165292,-6.45551787899,-541.415945034963,347.5520708373401,1342.8068500401594
311688,3.73139798788,43.8847399362,-310.08614660885297,179.71829137753537,1309.441277349661
200423,-37.3147222223,-5.86722222231,-580.5540465749817,385.35769048596404,1353.0847512953976
200767,-37.3438070717,-10.939391501,-564.0894470201218,369.3171626792352,1348.6040787499094
200437,-37.3563504117,-6.37819822459,-672.7124529575516,477.8106180249416,1382.259303194892
200422,-37.3602910741,-5.22227396695,-771.2689016699331,579.8795496646978,1420.7737633736008
311687,3.73637339529,43.9117803494,-231.97901279914043,177.4781353113026,1309.1357007908036
200435,-37.3890401914,-6.66435099127,-502.7118725573097,311.47467176233243,1333.9243853085916
200768,-37.444211294,-11.2637406068,-736.485848478279,543.5904443515806,1406.3528596201597
200750,-37.4463888892,-9.75138888869,-580.4529867164767,385.25868844451935,1353.0565589041144
310947,3.75174607857,44.1768770634,-91.6148818875995,258.75811435842195,1322.6086179659414
200421,-37.5228731405,-5.44999999979,-546.3525254862807,352.25586196657093,1344.0319887790108
200770,-37.5680555562,-11.5397222217,-619.8152216753932,424.2630584452829,1364.674663549081
200434,-37.6058333334,-6.58027777831,-611.4119810702234,415.8670178308817,1362.0877985985348
200743,-37.6516058762,-7.74728257087,-683.6508225718228,489.0108588583347,1386.1707739859537
200420,-37.6730254299,-5.59348216166,-585.418866456105,390.1309891478162,1354.4519124963076
310830,3.76950171504,44.5605810181,-253.1562525309291,173.96810280580362,1308.6644701241426
200766,-37.7024763994,-10.6393120952,-600.9371061798619,405.4510788153152,1358.943844271703
200431,-37.7144475864,-7.10995384613,-614.0161595603827,418.4652684398014,1362.8833315665163
200783,-37.7520052355,-12.051771657,-547.5838990652019,353.43234117850653,1344.3408103462352
200749,-37.7561111108,-9.62611111132,-489.6354038123294,299.66354068381753,1331.2159975701215
200433,-37.7977575093,-6.72695505044,-655.5352924261202,460.30338567067224,1376.3055625228487
200781,-37.8034818827,-11.7313553505,-730.1129971865101,536.9696664255499,1403.80704415978
200417,-37.9227451586,-4.98985102272,-561.9671195959497,367.2631404188242,1348.0430293138822
200432,-37.9241666667,-6.96583333321,-513.1128787055109,321.0165746770583,1336.1846563214394
200430,-37.9268508049,-7.20594840208,-614.4341218482111,418.88259247845235,1363.011526309635
200426,-37.9351740036,-6.79785690531,-388.26715877091925,218.63350725834212,1315.3472564564597
200780,-37.9361111107,-11.6636111109,-761.8418667322035,570.0202945893074,1416.7783633353285
200785,-37.939544037,-12.1268917932,-488.592074166116,298.7307184894953,1331.0063248312165
200779,-37.9560905434,-11.6061511162,-791.9885747983105,601.6059694370972,1429.7788420010281
200744,-37.9727777777,-7.86833333288,-495.56638989633393,304.9937098399524,1332.4259670290837
200769,-37.9732887058,-11.193477963,-651.9987285861821,456.71204497046386,1375.1086090169586
311773,3.79826301542,43.6428036042,-521.4147898981323,328.7181579096006,1338.0558366192843
311689,3.79897679147,43.8231992391,-394.27952436401404,222.71460507938886,1316.0317586924414
200419,-38.0166666674,-5.91874907457,-569.3373994921521,374.4099795291814,1350.0076397348623
311776,3.80254306977,43.556434522,-451.65422567215126,266.76908763950206,1324.1992073292688
310946,3.80668368511,44.160554841,-129.28635226143996,229.7501097765845,1317.2406414599438
200792,-38.0689483917,-12.5119444441,-510.6896634790295,318.78255064426133,1335.649695529001
200428,-38.0931187927,-6.7867831044,-627.4308032182687,431.9010481930658,1367.0685096225868
311774,3.81057130043,43.5727361374,-561.7584250061232,367.0613390599935,1347.9880641919524
200393,-38.1174806777,-4.34753832357,-477.5112156459577,288.91741418711234,1328.8382395130036
200791,-38.133055556,-12.3761111109,-503.3840076730262,312.08750234728205,1334.0676158624108
200747,-38.1642497706,-8.52735803941,-656.0256307771925,460.80168710565,1376.472298817112
200796,-38.1649131536,-12.6270540486,-451.7450959780808,266.84486494823705,1324.2144752723007
312013,3.81779966003,43.6151687919,-536.5093305666821,342.8976252785945,1341.6096958479209
200410,-38.1988888894,-5.22667514231,-664.8554052703794,469.7897825138896,1379.5072433031658
200418,-38.2021702807,-6.10990198939,-624.70377936469,429.16293658736873,1366.2059217818323
200745,-38.2448648302,-7.99799679161,-532.2977053151263,338.9196344241658,1340.598490663652
310950,3.82663684076,44.1060608675,-94.73784282535209,256.2249093202231,1322.1153500083146
200409,-38.2768598859,-5.49354198639,-575.4425541379132,380.35847667945853,1351.6694734118137
200795,-38.2770585879,-12.5810921078,-469.53206029005764,281.96398460199475,1327.3437697838815
200416,-38.2854190556,-5.20999678393,-598.1015716226804,402.6415454471657,1358.1082463086416
200794,-38.289640406,-12.5261135483,-591.2359925521957,395.857548548848,1356.1124559986001
200748,-38.301948408,-9.06465149587,-539.8008362812895,346.0176385619534,1342.4105187190103
200790,-38.3190997264,-12.4226554737,-581.212751992753,386.0031409339423,1353.2687166199921
200429,-38.3229549237,-7.43503603603,-466.7465234655747,279.560328317874,1326.8352466454337
200765,-38.326111111,-10.2557862214,-448.0338573564219,263.7629728663325,1323.596879879496
200782,-38.3466666667,-11.7822222217,-707.1536557916684,513.198379502171,1394.8872252964059
310831,3.83496176345,44.5395149224,-227.39801213320038,178.62615904961322,1309.2918312081035
200394,-38.3605169118,-4.50210756036,-539.4315698679923,345.6671359855672,1342.3202164431243
200425,-38.3805321455,-6.92247743562,-508.2210297405685,316.51339222656463,1335.1099288186792
311557,3.84004752287,43.9777222439,-181.42609590011602,196.9925246093585,1311.9237208479083
310944,3.84417401321,44.172364524,-171.98150452632456,202.12141042976458,1312.703644820707
200415,-38.4439987947,-5.11874808438,-557.1316661338363,362.59567482778675,1346.778904637012
200427,-38.4480555561,-6.73527777813,-622.8305781762285,427.28408552145004,1365.6168878244564
310945,3.84840104656,44.1560801046,-156.84487714660645,211.14313622463948,1314.1229845589903
200793,-38.4974020191,-12.5097295889,-612.2491258189791,416.7018883338793,1362.3429297766668
200778,-38.5130555564,-11.0983333331,-609.8011230139791,414.2615286721245,1361.5984755827312
200746,-38.5275682286,-8.17264849706,-593.6435030863804,398.23339525320256,1356.8078831088596
200764,-38.5974628114,-10.0024407545,-472.2111939759976,284.2876325483297,1327.8393173089075
311750,3.86044900956,43.6847621876,-490.26541088997305,300.22752752705327,1331.3430673032626
311752,3.86060633157,43.6973494737,-510.5974799086655,318.69769274759597,1335.6294448439255
311775,3.86072560758,43.5514511366,-683.3218002451471,488.67340702154763,1386.0517642936352
200408,-38.6349154405,-5.89772933483,-726.235861240798,532.9463129456642,1402.2730001871353
200789,-38.6436483002,-12.3061004051,-602.6351271370637,407.1356224813409,1359.4473912824728
311751,3.86469472091,43.6637765179,-442.04304658627507,258.84573989093775,1322.6257640130632
310828,3.86472516191,44.4770259422,-162.93579583341347,207.40023474397563,1313.526799095971
200391,-38.676757251,-4.42693828814,-553.1117143374851,358.7288473027248,1345.7429845474185
200386,-38.6850468197,-3.76406233029,-560.918773958643,366.24974408237887,1347.7672906002208
410220,38.6986111111,-6.71500000046,-1449.21339855913,1308.5254354511605,1842.437681386836
200798,-38.7350459148,-12.5270529063,-619.6375203361571,424.08515631258734,1364.6193661150069
200797,-38.7354724508,-12.522411222,-614.2855003878001,418.7341881142128,1362.9659257909277
200788,-38.7606014709,-12.2356903152,-672.8211903190961,477.92176804164984,1382.2977287616109
200389,-38.7771968753,-4.19333333281,-159.83161735338365,209.28948422169955,1313.8264279490031
200787,-38.7936706137,-12.3309602991,-667.6362921117241,472.6262349574286,1380.4757703565413
200392,-38.8069444438,-4.3780555561,-576.3022450883711,381.19810143052,1351.9059830867252
200777,-38.8372222223,-11.0639461813,-591.4499191413875,396.06852572559995,1356.174056543592
200407,-38.8688562699,-6.4060916789,-632.2885829324662,436.7868038744205,1368.619927741184
200786,-38.8807887059,-12.1347222219,-692.9831475282829,498.5959529048862,1389.5811307097485
200390,-38.91846734,-4.61894962803,-567.3650021616286,372.49362167052715,1349.4774146893596
311753,3.89326659628,43.6396990559,-561.4883372474351,366.80021962505106,1347.9169839750655
311767,3.8936085713,43.5725461824,-606.2586216314494,410.7354968319294,1360.5298390440482
200387,-38.9433232,-3.9974259226,-366.6988505762635,205.07289391729475,1313.1613329637244
200405,-38.9559565361,-7.01416666721,-532.2114425369135,338.8383271158312,1340.577937493418
200742,-38.9638888887,-8.7652777781,-588.9129661421774,393.56827582488603,1355.4459717403809
200406,-38.9642898698,-6.74955449831,-663.0369479389974,467.936444940415,1378.8771921657583
311754,3.89816211468,43.6106825855,-718.8249619055559,525.2659857283982,1399.3720557216645
311778,3.8983560717,43.5404821917,-532.4877418495832,339.09877844731744,1340.643791659781
200404,-38.9845929945,-7.30179873701,-558.2440973439698,363.6679136567297,1347.0679812076635
200388,-38.9853612835,-3.67055555556,-427.9673808333466,247.59466312862358,1320.4699586818429
200403,-39.0103937086,-7.68492559171,-469.4805675022878,281.91943667667334,1327.3343073045103
310948,3.901984257,44.1313218656,-85.87147999646822,263.46959385613604,1323.5384472912635
310953,3.90315471409,44.0473130496,-151.04639673203366,214.83882804739574,1314.7218400134038
200819,-39.0322222224,-13.030833333,-682.1226485304356,487.4438175080442,1385.6187317578626
200818,-39.0479650127,-12.2312320799,-630.7082729513284,435.1962527408841,1368.1131433368948
311755,3.90650550537,43.5939978931,-801.5194943224574,611.624407553901,1434.0230857580752
310926,3.90703732542,44.2479006302,-175.50326092289072,200.1616019505727,1312.4033150929142
200824,-39.0802777784,-13.3649999997,-822.9193838519827,634.1701952085508,1443.7830969582317
310832,3.9104624047,44.5144383693,-174.4555548247862,200.738867341106,1312.491480899149
200828,-39.1202777777,-13.5980616,-465.0829848526762,278.13095207140873,1326.53481713508
200402,-39.1314601506,-7.21431807177,-448.823155942408,264.41618369734033,1323.7272048169582
200829,-39.1732663921,-13.7851383974,-274.16558893948667,173.51501442841968,1308.6043155987015
200848,-39.2226202941,-14.6602770359,-477.92570472322353,289.28128869156,1328.9174009540627
200776,-39.2244444443,-10.9980555558,-606.8854439952167,411.3589331258767,1360.7181803863396
200385,-39.2270646355,-3.61416666689,-605.0673119746981,409.55118826761196,1360.172772254637
310951,3.92298707774,44.0819722225,-98.84304984923197,252.92693246043788,1321.4801654717708
200383,-39.2356960162,-4.10219427127,-504.7937277852524,313.3745797089515,1334.3692973758104
200384,-39.2441565329,-3.67401537384,-546.9728814118403,352.8484066195974,1344.187409785347
200414,-39.2441992849,-5.42283768054,-468.9485659111675,281.4594371957169,1327.2366817406687
200741,-39.2466666671,-8.62305555633,-608.2956129718293,412.762228801741,1361.1430681955637
200740,-39.2735118434,-8.56936363289,-447.71462858008056,263.49913226217245,1323.5443276575097
200401,-39.2893804537,-6.37307500716,-611.0974676897117,415.55344978085344,1361.99209402853
200413,-39.2925,-5.2011111112,-556.6894507667182,362.1696969584111,1346.6642803484465
200855,-39.293829386,-14.8145837926,-944.2056429429217,763.0085112109819,1504.832144377522
200867,-39.2982156154,-15.5646949397,-576.903562162181,381.78566987468014,1352.071777788853
311780,3.93154139044,43.6608939307,-397.0332672168855,224.62369718011857,1316.356182766016
200739,-39.3159536279,-8.55641475382,-442.2477045261902,259.01251200703456,1322.6584124208507
200822,-39.3194444442,-13.1738888889,-726.6724586802006,533.3991978402308,1402.4451856768071
200823,-39.3218018364,-13.2851523061,-628.8978751318645,433.37546936245894,1367.535042335875
200846,-39.3230717195,-14.3141604222,-417.9036940266426,239.83639716537152,1319.0372595104043
200845,-39.3266666668,-14.3133333331,-385.5926029177164,216.8578347439252,1315.0532746095405
200854,-39.3311111111,-14.8474961823,-682.9792735006151,488.3221404095278,1385.9279589450507
200901,-39.353190725,-16.4232107197,-561.5155453736411,366.8265218813012,1347.9241416811942
312007,3.93562917978,44.0692645615,-70.74129613393092,276.1846418496028,1326.1281050354996
200847,-39.3807948562,-14.6722232138,-436.5759273646386,254.4235366808838,1321.7674268148162
200411,-39.3811111113,-5.59499999979,-587.6157663081864,392.29131301357376,1355.0757428414713
200817,-39.389954085,-11.8058172997,-602.8770209914154,407.3757225203446,1359.519317211206
310952,3.93957966011,44.0743699789,-155.02515011600707,212.28935935410834,1314.3076377570167
200821,-39.4099640986,-13.1684833614,-748.2245584681599,555.8095160039064,1411.120835595573
200844,-39.4644667582,-14.3265292062,-695.1678129675486,500.8435144469187,1390.389161542549
200851,-39.4675000004,-14.9354141216,-658.4192292334801,463.2354272232241,1377.2889513846158
200853,-39.4805555565,-14.8780555559,-691.0243832018997,496.5819789395741,1388.8597684356025
200825,-39.4810503205,-13.6851383372,-654.8649442084306,459.62229524807094,1376.0779225249407
200827,-39.4888368232,-13.6059716226,-661.3115965790328,466.1790774776704,1378.2818024081225
200398,-39.4896015122,-6.56844934633,-344.6154975426513,193.2143217393906,1311.3617230561001
200820,-39.5057502286,-13.2266683122,-685.5160436448787,490.9244971483676,1386.8470198518037
200400,-39.5070591297,-6.62684974216,-398.0608518371449,225.34232198219624,1316.478999698734
200399,-39.5091666669,-6.55625349832,-307.78711413065776,179.068199791135,1309.3522118772662
200382,-39.5097222219,-3.30388888922,-502.58448259482157,311.35858262135804,1333.8972829807522
200866,-39.5143849423,-15.6022303548,-476.70721004854636,288.2123232650515,1328.6851161404986
311558,3.95220241915,43.9441269761,-463.4506308731368,276.7328896499149,1326.2423936767532
200814,-39.5222222219,-12.5855555562,-597.4404440208491,401.98711685992953,1357.9143701621283
200900,-39.5236111111,-15.9483333334,-403.41386752182405,229.13909425861766,1317.1342069391073
200902,-39.534925621,-16.6151430586,-653.1256849243059,457.85594656048715,1375.488953925931
200904,-39.5436111107,-17.0471983373,-651.7629247118352,456.4727563201121,1375.0291530851016
200841,-39.5461111109,-14.2102805546,-523.7854342654912,330.9304708778935,1338.6010500245827
310879,3.95978334378,44.3231846565,-132.67277728727632,227.32916086324448,1316.8205428038548
310881,3.96034110983,44.3355750125,-153.85003814660737,213.0362083184609,1314.4284768012897
200907,-39.6229650133,-17.2516369253,-617.4430811069244,421.8894768254044,1363.9386075727402
200775,-39.6327777781,-10.9733333328,-605.0399524740199,409.5239983003438,1360.1645855393203
200397,-39.6386111106,-6.52055555637,-335.9629134765722,189.21194203383993,1310.7779955353496
311786,3.96429168915,43.6264383378,-418.3307579502817,240.16041140285031,1319.096212479074
200909,-39.6450000001,-17.5102777777,-683.550132126438,488.90758518019913,1386.134344649964
310949,3.96500327921,44.0813344915,-123.93851179734071,233.64246008662482,1317.9251093012765
200381,-39.6522222217,-3.28416666659,-486.2900283809397,296.67774151007774,1330.547059250056
200910,-39.6646093657,-17.7976593814,-382.2473256428943,214.67262271183688,1314.694690608215
200412,-39.6893731818,-5.04361902417,-526.4775804847405,333.4496038989069,1339.2260574345876
310927,3.96954441059,44.2517035125,-157.34251603070106,210.8318851813928,1314.0730110540248
200813,-39.6977777785,-12.4872222221,-589.9592626585153,394.5989769079282,1355.7456056164208
200850,-39.7224999995,-15.1444444439,-673.5823155902565,478.6998905520654,1382.5669530934156
200826,-39.7294444441,-13.489176036,-337.64970884806525,189.96160400207214,1310.8864197810926
310954,3.97302949788,44.0735258118,-182.16784676272056,196.60716977418966,1311.8659130330616
311789,3.97341446291,43.931365662,-446.28347639646927,262.3187770657456,1323.3098410322202
200849,-39.7691666674,-15.1530555556,-611.3545970376017,415.80980256609035,1362.070330960007
200906,-39.7732515167,-17.2517999773,-671.0600638782627,476.12204959231485,1381.6765181037993
200816,-39.7859089998,-10.468447375,-557.4077237445595,362.8616712110209,1346.8505436779192
310955,3.98105944554,44.0730827478,-184.9417688652324,195.18937541073987,1311.6541795933433
200738,-39.8240166199,-8.81385964612,-588.9497136658068,393.60446464501496,1355.4564799948173
200852,-39.8270585882,-14.964171193,-511.94232046233327,319.93659773708913,1335.9256046438497
410221,39.8270884715,-3.11866951489,-555.5298325999572,361.0533662788663,1346.3644855211953
200380,-39.8355555559,-3.36416666721,-509.9148066683121,318.0695662425598,1335.479705402213
310827,3.98480157185,44.5980885082,-123.01629145971333,234.32199414112074,1318.045747123264
200812,-39.8480555559,-12.5155555564,-677.7461338328512,482.96004815131533,1384.0477602603796
312081,3.98523476389,43.6067723652,-623.5397224587689,427.9951786133377,1365.8395467578591
311559,3.98559560092,43.9146631677,-519.8096514986972,327.2234640699845,1337.6894221041787
200378,-39.8688990226,-3.02260269295,-565.989632569545,371.1589364363322,1349.1096140299353
310882,3.98826403914,44.3069903141,-144.90929052245917,218.8837324964886,1315.3888713696213
200919,-39.8944518827,-18.093924007,-537.2565588179957,343.6050790288773,1341.7906859513866
200922,-39.9353906341,-18.4097718921,-630.0305115293121,434.5144339720168,1367.8964097845544
310928,3.99444184165,44.2307387878,-187.592933293985,193.86926685872714,1311.4583818039334
200396,-39.9594444441,-6.64555555571,-461.4464643029202,275.0226033266509,1325.88658146616
310880,3.99682655384,44.3570148653,-156.61476056931707,211.28738571670692,1314.1461691662964
312389,3.99801986994,44.4637867931,-106.32563107077225,247.01360470380465,1320.361130706376
200905,-39.9812239669,-17.1853067488,-635.0292066855043,439.5477495920109,1369.5035665316295
310956,3.99929005905,44.039277341,-386.2623991463677,217.30016572176282,1315.1262892187037
200370,-40.018460517,-4.36470154699,-442.34155395355975,259.08901738342263,1322.6733963833094
200379,-40.0352176824,-3.74790427596,-569.5747536215274,374.64077140259093,1350.0716655676395
200921,-40.0358928364,-18.2647222221,-622.9843674693218,427.4382776988826,1365.665140440232
200774,-40.0466666673,-11.1822222221,-661.6027566814537,466.4755662657174,1378.38211265758
201014,-40.0638888888,-19.4102061999,-484.9522607804314,295.48807335013487,1330.2822993874745
311560,4.00646686764,43.8974913572,-520.4308602001677,327.80161605700243,1337.8309661766073
200863,-40.06682415,-15.3897275582,-239.30392771201602,175.92534597546316,1308.9260949068278
200838,-40.0808333332,-13.864166667,-445.2450997695518,261.46493120475753,1323.1408484440954
200934,-40.0935949482,-18.6432266344,-635.5472522294444,440.06999758851856,1369.6712734627276
200839,-40.1059895292,-13.6851460712,-429.82755399149727,249.05581444955237,1320.7447116239314
200772,-40.1127777778,-10.8450000002,-689.5036929886567,495.01920682358343,1388.301771840583
200920,-40.1141666669,-18.0890603365,-652.3293537052803,457.047591680992,1375.220089888468
410222,40.123453225,-2.26440448121,-627.2135757903831,431.6828144048644,1366.9995782091362
200371,-40.1263888889,-4.09694444384,-542.0119631338849,348.1188860794733,1342.9536676358812
200903,-40.1565091834,-16.8395662522,-451.84432992484005,266.9276346910103,1324.2311568352366
311561,4.01594262943,43.8804703308,-520.74562033147,328.09471107601604,1337.902811869198
200395,-40.1602584557,-6.32656420232,-452.8979244443452,267.8075749046877,1324.4088083925528
200376,-40.1855422798,-3.82305828718,-394.4656598501922,222.84287276716628,1316.053471753551
200810,-40.2144667582,-12.7605424997,-599.8802117608298,404.4033612779698,1358.631617909863
200908,-40.2188219476,-17.3767918786,-663.0359622420966,467.9354406517187,1378.8768513501739
310930,4.02276118899,44.1568271827,-155.241168149358,212.1526339270838,1314.2855605436937
200865,-40.2351872349,-15.2431887971,-479.2212076639362,290.42024307637786,1329.165795587591
310883,4.02762154139,44.3024373027,-128.29768707864872,230.4633993964092,1317.3652390407149
200899,-40.3063740128,-16.1350272419,-611.4707079812697,415.92557373806704,1362.105677787444
200369,-40.3149164935,-4.19515119696,-604.6878087105576,409.1740717920083,1360.0592691490701
200928,-40.3361111113,-18.5638888888,-615.0853843289219,419.53303157753146,1363.211560674309
200935,-40.3377703404,-18.8476793663,-541.1938468301482,347.34093282782305,1342.7522177189483
200375,-40.3413888887,-3.68888888907,-876.7151270600752,691.119312854197,1469.6883000049734
311562,4.03557777105,43.8898484376,-387.33994770771676,218.01508702028164,1315.2446056684335
200864,-40.3641666666,-14.9808307224,-500.2864733150152,309.2677892040743,1333.410799420279
200372,-40.369073027,-3.99873457071,-418.12017052387125,240.00057871118273,1319.0671220044696
200771,-40.3799999999,-10.8016666666,-538.0685031402093,344.3743679262241,1341.9878910988868
200373,-40.381505939,-3.90813263221,-577.3269527862777,382.19952097386215,1352.1886955614225
200917,-40.3832427912,-17.8396133579,-605.5815616178932,410.0623245455679,1360.3267639001913
200811,-40.4021329677,-12.1766216414,-549.5943064218457,355.3557873111901,1344.8477721091733
200368,-40.43,-4.14416666674,-437.70557891870055,255.3320145139101,1321.9425979244272
200933,-40.441801836,-18.6978376149,-605.7308979029299,410.21078271666664,1360.3715230878922
200773,-40.4702777784,-11.205962421,-538.4645516947154,344.7498220543034,1342.0842873597492
201021,-40.489413405,-20.4225285586,-591.4360106898337,396.05480822064123,1356.170050431044
200737,-40.4954203865,-9.4058769001,-733.070004039042,540.0405533584102,1404.9845528841624
310929,4.05245654445,44.1683954847,-226.34406685308184,178.90921150564702,1309.3304779668974
201018,-40.5277777781,-20.0977181157,-468.46919148003616,281.0453351180439,1327.148927198099
201013,-40.5401636342,-19.0436878105,-553.8971876039654,359.4834191080686,1345.9443239544044
200366,-40.5484737938,-4.37861111114,-580.7430990718047,385.54291074516453,1353.1375135577705
201016,-40.5522222222,-19.9524999997,-249.06319767601184,174.41098514581103,1308.7234185690206
310815,4.05577242972,44.6818850601,-82.93360259502049,265.90504912224424,1324.0254112818811
200367,-40.5649329122,-4.34537983239,-611.1512965282354,415.60711329558046,1362.0084681063247
200365,-40.5724999998,-3.00277777831,-500.1898119803419,309.1799845162011,1333.3904369676911
310931,4.05728491585,44.1523688803,-122.83946799461947,234.45255936654834,1318.0689652537064
310884,4.05916444,44.3030412318,-102.17163611732592,250.28043786512902,1320.9761890925258
200815,-40.5947222217,-11.5530555558,-639.0404322771966,443.5944659795046,1370.8077344467727
200374,-40.6017002113,-3.89358351101,-641.0749126727023,445.64950538060435,1371.4741252453248
201017,-40.6021391183,-19.931175515,-401.60805447861355,227.84843160313832,1316.910286373169
201010,-40.62277034,-19.5270474915,-498.66093721054534,307.79271981051755,1333.069447905775
201011,-40.6324776858,-19.5314404539,-600.9821722587405,405.49576708977116,1358.9571780226092
200862,-40.635389346,-15.2515176688,-477.06933212553486,288.52977405843745,1328.7540122572216
310932,4.06489769948,44.14828659,-539.7315442623149,345.9518584567047,1342.3935648464274
201019,-40.6505258043,-20.3146400037,-281.80306867977464,174.10761862928857,1308.683024049832
201020,-40.6763888894,-20.4108333327,-247.45646571100912,174.61608534689083,1308.750767653385
200916,-40.6775297515,-17.3186378628,-554.172792791722,359.74829557858334,1346.0150930591928
311564,4.06844698977,43.8148267584,-529.4819207996276,336.26920295332326,1339.9308830780471
200362,-40.6847222221,-3.46472222153,-507.1219390916275,315.50533855703566,1334.8713096135675
201012,-40.6863888893,-19.4227777779,-479.24828737568316,290.4440770022512,1329.171003459352
200736,-40.6984151503,-10.0102777781,-581.400047428549,386.18671731851265,1353.321090948006
310885,4.07292280514,44.2945037291,-184.47792176856018,195.42387255140062,1311.6890959882369
311563,4.07326867217,43.8729500082,-440.67718763577693,257.73496924169757,1322.4088282151895
201009,-40.7353521573,-19.5598277572,-489.93947538499935,299.9356813552558,1331.277284235517
200898,-40.7391666666,-16.1199999996,-366.51392359007184,204.96455286360097,1313.1444179914208
200915,-40.7620870515,-17.7060802429,-540.8890794501261,347.0512745012328,1342.6773185335269
311565,4.07673917946,43.797385492,-558.1007036692441,363.52964844021295,1347.03066032905
200926,-40.7812909081,-18.3225268929,-559.6523952855614,365.02666234850665,1347.435437710001
200364,-40.8188756132,-3.12083333307,-516.7093675606612,324.34405794539583,1336.9879814328694
201024,-40.8225533525,-20.7853545746,-439.6741164622032,256.92173745686176,1322.2505714687002
201022,-40.828055556,-20.548016504,-411.4295815851958,234.98414022544722,1318.1636244142621
200363,-40.8486111107,-3.32805555622,-343.65602097199576,192.75156246258211,1311.2936205912151
201008,-40.851974196,-19.7772767212,-424.97388267382706,245.26065668490583,1320.0343117847212
200927,-40.8830555555,-18.1230555564,-637.0472272543007,441.58278105497067,1370.1580737621825
200931,-40.8849392087,-18.6933393075,-608.4475048702233,412.91344152433624,1361.188930590799
200932,-40.8925000003,-18.7530555565,-703.1403342538282,509.05707567311424,1393.3689033649036
201007,-40.8941666675,-19.4716666669,-363.699439612365,203.33351482749896,1312.8908228880102
311567,4.08954830852,43.7563263466,-585.2071078724954,389.9229105801777,1354.3919930237219
311793,4.08963538052,43.7683624426,-556.9049661048159,362.377280335837,1346.720122324995
200837,-40.8979575748,-13.87694183,-576.0084094070056,380.9110698126932,1351.8250765825076
200861,-40.9313516995,-15.3372311989,-283.584166704847,174.30343381585882,1308.709089756563
201023,-40.9438145096,-20.8851534909,-439.69672200526554,256.9400411740388,1322.254128119844
201037,-40.9562747446,-20.9599563901,-693.8818291151223,499.5203399262996,1389.9130780633504
200809,-40.961388889,-12.9927777779,-524.2934722950913,331.4053110325207,1338.718519611951
310935,4.09788321521,44.0946859986,-502.946726989641,311.6887430151987,1333.9743877203364
200836,-40.9811495876,-13.8308333332,-518.1333791010836,325.66536855087946,1337.3091366041106
200835,-40.9824999998,-14.0313888888,-557.8372981841002,363.27570394351267,1346.9621493000857
200345,-40.9939950957,-4.44647054976,-414.40937335547466,237.20337499286907,1318.5610473844051
200895,-41.0136111113,-16.4275000001,-495.553876632864,304.9824161681215,1332.4233819410392
201006,-41.0141666674,-19.5236111112,-417.12158518715637,239.24424991666646,1318.929719768889
310936,4.1026424426,44.0769044041,-503.85395868375247,312.5163074445906,1334.167994290919
200897,-41.0280555555,-16.6222222222,-507.3773502592571,315.7394706692172,1334.92666761509
201005,-41.058055556,-19.9011111115,-484.88398671288707,295.4274246466882,1330.2688291487652
200803,-41.0600682292,-12.0301344312,-458.84928894787566,272.8166657294849,1325.430770606751
201004,-41.0604103722,-20.064375948,-300.2013103021317,177.1610399063169,1309.0927502022687
200808,-41.0644444435,-12.9361111112,-514.1682997165585,321.99160793764906,1336.419241912404
312792,4.10654291192,46.0109713661,-545.0551740444616,351.01770286504706,1343.7080122914003
201039,-41.0872147844,-21.0142563966,-620.4158516993944,424.86447767243425,1364.8617581862723
201036,-41.0981460983,-20.85,-393.9660273486883,222.4988277267797,1315.9952594562196
200929,-41.0991666674,-18.6636526041,-474.56283043296503,286.3365532614196,1328.2794947996003
310971,4.11052590925,44.027256487,-528.2211637917605,335.08491437861073,1339.6341643954788
200925,-41.1142187317,-18.0435043168,-426.5354460095342,246.47549507047663,1320.2605667979665
200346,-41.1144475857,-4.61005332929,-532.6425838002959,339.2447699227,1340.6807257849862
201003,-41.1221701573,-20.0776347381,-629.8711576690835,434.35415550826997,1367.8455055227378
200914,-41.1225446273,-17.7372266824,-490.21971704056915,300.1866041995076,1331.3338393927663
200834,-41.1380555556,-14.6104170017,-559.348286817997,364.7331282293911,1347.3559475504048
310886,4.11444236358,44.2861892284,-154.14990130475275,212.84513586642842,1314.3975222258487
200804,-41.1601202945,-12.2602941433,-572.4372040379808,377.4271110891906,1350.8475186920928
201002,-41.1605258045,-19.4937171498,-478.4441923575755,289.73682317661354,1329.0166369447477
200805,-41.1702852163,-12.3728269806,-415.0263075729216,237.6658712214893,1318.644326918719
201035,-41.1734685026,-20.7557847262,-679.3708848670254,484.62390851264144,1384.6292381982696
201034,-41.1764632678,-20.7023658138,-599.0704217303482,403.6010153657793,1358.3930116780414
201162,-41.1815153332,-21.7228228842,-635.6262731440477,440.1496695460355,1369.69687382754
310934,4.11841747591,44.0854812628,-479.85215148886084,290.97584224628474,1329.2873035361417
201038,-41.1891802539,-20.9185425627,-410.49522730845104,234.29333023052152,1318.0406515589568
201033,-41.1975831036,-20.6059768388,-517.7351636512612,325.2956578893727,1337.2191516775144
200806,-41.2058333332,-12.5008333332,-595.6330869072303,400.19931792584237,1357.386197307075
200860,-41.2352405887,-15.5141629645,-480.11816884300504,291.2102681581027,1329.338638140096
200912,-41.239351501,-17.4892638309,-436.8099724735034,254.61152922471558,1321.803625878519
310937,4.12403766937,44.0351359146,-601.842679866631,406.3492715661907,1359.2120971628472
200992,-41.2437343144,-19.339530379,-456.3939582725478,270.74224234859247,1325.0053420131544
200923,-41.2486111108,-18.1936111112,-400.7776325487361,227.25824152215245,1316.8083015045102
200991,-41.251782598,-19.3165256381,-482.5322221211352,293.34233960067417,1329.8073254324663
200361,-41.2550000003,-3.07861111058,-471.28947547027525,283.48692567462837,1327.6681180174148
201031,-41.2642795231,-20.7562927642,-639.7050877302604,444.2656506153148,1371.0250774103663
310887,4.12698142661,44.2941280081,-277.0813040869764,173.6938124160573,1308.6280354031376
201032,-41.2725459148,-20.426675581,-442.7850167620199,259.4507723955356,1322.744305551187
201160,-41.2727318628,-21.7643483856,-760.1866045618624,568.2909051878851,1416.0834535756421
201159,-41.2855118828,-21.756303935,-741.2374153374931,548.5328304589755,1408.2705921316353
201161,-41.2882130391,-21.7525539187,-749.4092499302876,557.0443304728274,1411.6076581980462
200833,-41.2896701572,-14.0970854433,-615.872540290057,420.31946937671154,1363.4537949298365
200335,-41.2937952485,-7.54759111434,-583.7112220360192,388.45380201688823,1353.9697747264622
201157,-41.3002777781,-21.7533333327,-769.4064559936062,577.9303798582673,1419.9793373618409
201046,-41.3103224049,-21.2227674298,-524.0733318994917,331.19952423423956,1338.6675910861659
200800,-41.3222222219,-12.8405555563,-390.0331118659051,219.81954517048268,1315.5449163789162
200807,-41.3276054183,-12.7558224263,-611.9134788939771,416.3671110897352,1362.2405682436065
200802,-41.3311706136,-12.4897098403,-374.76652909646214,209.9358147895028,1313.9295418334973
310933,4.1340475662,44.1293492754,-376.30788125950045,210.89438124691216,1314.0830394662923
310938,4.13549528732,44.0316704823,-419.70841556394055,241.20887708812032,1319.2875035251275
312680,4.13579894834,45.9693376227,-393.27123939228534,222.02176178147386,1315.9146846494273
201045,-41.359933059,-21.0648560808,-389.96100811593624,219.77091034215303,1315.5367906691436
200734,-41.3807589537,-11.3579148346,-627.7532457607126,432.22502355557555,1367.170898446522
200799,-41.3939781438,-12.9976322103,-161.34268871137755,208.36501320733558,1313.679478906611
311795,4.14024181371,43.5646757107,-570.9377608335294,375.96684234340677,1350.4402471465087
201025,-41.4100818161,-20.3720612894,-429.3145496265023,248.65203899842734,1320.668630304183
200999,-41.4354724512,-19.8192309467,-509.50202071327465,317.6900163418678,1335.3893593460853
201000,-41.4355034902,-19.8088009568,-595.2825235395794,399.8527606877489,1357.2840619417386
310939,4.14381426001,44.0220016295,-691.3936176175638,496.96153437579534,1388.9955223904058
200832,-41.4452777781,-14.0147222224,-594.5731970706235,399.1517529016062,1357.0777120032135
200336,-41.4515831596,-7.07277777806,-583.6428047969476,388.38664236739646,1353.9505081578395
200859,-41.4521316796,-15.4933345398,-443.6864158247813,260.18734176535514,1322.8889777250295
201001,-41.456344262,-19.593505842,-396.9160986671784,224.54197051349217,1316.3422393486937
201044,-41.4603534453,-21.2061111115,-611.6143523418315,416.06880712793645,1362.149421626099
201030,-41.4661111108,-20.7469444445,-406.66936058297995,231.49052199521336,1317.5453147216867
201158,-41.481082647,-21.6814336848,-586.3717814662252,391.06768121933817,1354.722010548925
311568,4.14832168238,43.7267810611,-583.1061799322149,387.859981575906,1353.7995272120293
310890,4.14848035639,44.2277722386,-486.2292239095605,296.6236145196861,1330.53499137083
200911,-41.4895349867,-17.5940595816,-420.4260627000501,241.75698256156406,1319.3878251631413
200894,-41.4986111115,-16.6894444437,-342.8902075980683,192.38554040288057,1311.2398677311332
201027,-41.5027777778,-20.4302777783,-279.9060950816177,173.9229563745975,1308.6584693209807
200893,-41.5030555558,-16.5683333327,-517.6891281909502,325.25292843483766,1337.2087578336036
201028,-41.5113888885,-20.5283333334,-590.9255996926679,395.551482510538,1356.023145041314
200990,-41.5352644815,-19.0682203596,-539.3092264894735,345.5510356409239,1342.2903235902309
201026,-41.5353447185,-20.3522222218,-603.8739338033984,408.36557204149864,1359.8162504545355
200989,-41.5369444436,-19.0694444437,-596.0833353484209,400.6445227067729,1357.5175240660392
312714,4.15530619896,45.9773323053,-500.90341904474013,309.82847551721096,1333.5409550564132
200735,-41.5682812682,-10.9015257229,-550.7982161387993,356.50918320423966,1345.152999580496
200830,-41.6061111114,-13.2186111106,-143.44585873511062,219.86771154341997,1315.552965543688
310816,4.1606238524,44.6309059819,-91.98395896100632,258.45766371957683,1322.5498699507832
200831,-41.6062834714,-13.6518015544,-425.1385891363451,245.38851190611226,1320.0580730963877
201156,-41.6183779614,-21.4892242699,-588.494198976914,393.15593213270637,1355.3263007639855
200982,-41.6387210181,-18.9726657077,-456.89007522555426,271.1605172209744,1325.0908726087423
200801,-41.6394444441,-12.4427777784,-389.3697901013089,219.37279558720394,1315.4703409865222
201043,-41.6562152405,-21.0357294724,-622.6017473369536,427.0546754975477,1365.5451257412797
201029,-41.6655555563,-20.5405555564,-447.8232525187237,263.5888867061147,1323.5621994324333
201042,-41.6816666666,-20.7736111107,-495.76694733330726,305.1747473699842,1332.4674183648115
312724,4.16878755307,45.9761847262,-445.3613460281901,261.56041125776045,1323.1597195005525
200998,-41.7061111106,-19.798888889,-484.3158518211207,294.92299716246026,1330.156896319656
200358,-41.7187515707,-3.93525601946,-649.0027114309548,453.6733319950249,1374.1023567168932
200997,-41.7267646473,-20.1066833745,-451.85114023084725,266.93331576502516,1324.232301991143
200980,-41.735121956,-18.239166667,-467.7158768204795,280.39534955986727,1327.0114342484965
200347,-41.7353916861,-5.222904585,-522.7296179792397,329.9444718148642,1338.357631222926
201163,-41.7441579408,-22.0891799215,-479.4379993183801,290.6110803115739,1329.2075062123715
201147,-41.747222222,-21.6444444437,-552.5346881089074,358.17482959334416,1345.5954084068778
201148,-41.7522222224,-21.6435445596,-534.7137662831751,341.19969033916595,1341.176730807314
200337,-41.7680188698,-7.18944444371,-470.0729383642916,282.4321720479262,1327.44330439351
200995,-41.7852777782,-19.7430555564,-513.1181469874189,321.0214386790216,1336.1858248997407
200981,-41.8060145019,-18.4597279662,-482.5101318418323,293.3227915421077,1329.8030134608307
311569,4.18161838113,43.6679637002,-546.1519214178801,352.0643192258257,1343.9818002649426
200996,-41.8355109283,-19.6808790553,-528.9562789748722,335.77525819923864,1339.8070079642878
201041,-41.843829386,-20.6855649314,-500.28772695359703,309.2689280523626,1333.411063562212
311794,4.18569616847,43.6390528119,-551.4009746284112,357.0870861030644,1345.306278002533
201146,-41.8600371894,-21.6437333087,-490.00182880368357,299.9915022846506,1331.289861756054
200334,-41.8652777778,-7.46805555576,-677.8234885314666,483.03924571829185,1384.075398045767
201155,-41.8893403138,-21.2076440496,-647.1561927189197,451.8022250759753,1373.4857280492774
200892,-41.9103919215,-16.7858060967,-490.8172925019685,300.72201159544767,1331.4546642035787
200357,-41.9116198456,-4.03513861972,-450.2293977570095,265.5829792674811,1323.9607673371759
200979,-41.9177777781,-18.5725972416,-568.9868626129232,374.0692051088877,1349.9131693491424
201040,-41.9188070722,-20.693486307,-482.14843976111854,293.0028236604521,1329.7324728096437
201139,-41.9353385676,-21.768534717,-541.2938568959951,347.43600229386215,1342.7768132721806
310888,4.19361426313,44.269140325,-447.6104493048194,263.4130722808703,1323.5271970080173
200975,-41.951911826,-18.8830555562,-780.7319743166264,589.7930662967976,1424.8486430576513
201145,-41.952710837,-21.7277777776,-536.1982123820598,342.6032151428102,1341.5344787211554
200348,-41.9603480067,-5.80193682091,-579.0548412451442,383.88967718239707,1352.6673940103149
200994,-41.9611111107,-20.173055556,-459.9314836815533,273.7343963006944,1325.6199735556029
200359,-41.976877357,-3.72358631995,-495.4981800544552,304.93215041685335,1332.4118773597368
200858,-41.9777777781,-15.5580555561,-517.1351847465775,324.73894088488674,1337.0838321879783
201144,-41.9861111108,-21.7347222222,-528.4514202722823,335.3010916598646,1339.6882535275693
200891,-42.0027777782,-16.7608333327,-618.1292326741358,422.5757688138858,1364.1510455078273
201153,-42.0238888889,-20.7399999999,-472.431246835059,284.478992908968,1327.880300320007
201154,-42.0396465552,-20.9652086375,-555.5185759924212,361.042534915563,1346.3615809245698
312791,4.20608562316,46.0600965112,-595.7163213504173,400.281611379003,1357.410462233006
200978,-42.0687463646,-18.251703214,-534.8046561152858,341.2855681361801,1341.1985809675937
200890,-42.0767459083,-16.8512390691,-652.121108571816,456.83624183985995,1375.149863262117
200973,-42.0806980796,-18.9350098795,-568.3847830780232,373.4840916606716,1349.7511479139584
201115,-42.0809685026,-21.6643669764,-680.4089755469122,485.6874265021018,1385.0018306246698
200974,-42.0809758576,-18.9352876566,-509.58000113431456,317.7617033623657,1335.4064155511624
200988,-42.1017319044,-19.3727652358,-492.3387001404208,302.0872778569587,1331.763687000993
200349,-42.1021083144,-5.71388888862,-648.0593470634022,452.71723987096215,1373.7869899834668
200888,-42.1058284707,-17.0268851787,-548.4530695490595,354.26351233446593,1344.5595675696202
200338,-42.1061111107,-6.97333333283,-525.2363670893274,332.28727057283385,1338.9371250197655
310889,4.21084376855,44.2522375006,-360.13363804590733,201.31608999262937,1312.5798881063856
200986,-42.1101678711,-19.6358110355,-561.0224781355428,366.3499550859828,1347.7945259433848
200889,-42.1145573014,-16.9728952032,-574.4628969014378,379.4022777807696,1351.4007114681742
200987,-42.1222222221,-19.5497222224,-485.8049318739066,296.24606045504987,1330.4508720379677
200984,-42.1319444439,-19.8736111112,-442.06940408460935,258.86721325400197,1322.6299666457526
201138,-42.1350148751,-22.022836993,-472.1001622771793,284.1911070805299,1327.8186547548987
200887,-42.1352777781,-17.5727777778,-321.4464420770286,183.4063784443535,1309.95255418871
200983,-42.1352777781,-19.9127777784,-492.6002899481931,302.3223277376391,1331.817023626052
200985,-42.1398574755,-19.7900034433,-433.29787501857214,251.80325574177078,1321.2655577792102
200703,-42.1402777776,-13.4155555559,-165.69131169093652,205.75586329414784,1313.268163724139
311805,4.2150374519,43.6025202638,-366.6578004290299,205.04883195362495,1313.1575754862772
200857,-42.1728000912,-15.701647326,-382.4855634947124,214.82690747775897,1314.71989212452
201128,-42.1805555559,-21.5422222223,-614.9072483980683,419.35510019308464,1363.156812193448
200355,-42.181700211,-4.3732145037,-517.7965897542947,325.3526761834341,1337.2330232503139
312442,4.2186858832,44.4056930093,-651.2758981101485,455.97859922944644,1374.8651852187909
311556,4.21875739121,43.689175036,-714.8811567565451,521.1843480656012,1397.8450984426056
310960,4.21882109421,43.9890261628,-564.4993763776697,369.714272937967,1348.712882041801
200350,-42.2136111106,-5.66427687052,-587.1234588828797,391.8069490509203,1354.9355999072584
201137,-42.2138888886,-22.0097222219,-383.9269150872204,215.7647353677554,1314.8734599191548
201152,-42.2149851247,-21.151821858,-570.2379986087698,375.2858843697434,1350.2508246909654
201142,-42.2222222223,-21.9224068057,-508.61381028099504,316.87397367076676,1335.1954575122525
200356,-42.2270115317,-3.90565157101,-752.2014846523502,559.9558591734358,1412.7591297861472
200339,-42.2452777782,-8.35583333322,-775.7182636311102,584.5386854492406,1422.6817175173712
201143,-42.2480034905,-21.9772457343,-384.4453716334209,216.10390682873805,1314.9291589732488
200877,-42.2654203859,-16.4105332117,-496.98451332392995,306.2749044185022,1332.7198173839895
300070,-4.22709251961,43.0184943475,-291.1578029114234,175.37683505376634,1308.8524855173434
201150,-42.3018390269,-20.7737071047,-497.6696306090223,306.89477766964734,1332.8624081773607
200731,-42.3055555562,-11.3233333328,-514.6215707859585,322.41072577038005,1336.5202844189214
200878,-42.3063219483,-16.6267148916,-334.0645470377685,188.38641802766588,1310.6590849907332
200949,-42.327338154,-20.2761008575,-575.9932909676472,380.896302982431,1351.8209157270558
201134,-42.3306237843,-22.1392269887,-395.07230005175063,223.2616985463827,1316.1244548329264
201166,-42.3366815418,-22.4100571091,-250.79514824214442,174.2095991278094,1308.696595471893
200886,-42.3433420594,-16.8604119609,-645.8070975870822,450.43600931398834,1373.0369234139928
201114,-42.3434908174,-21.6561891787,-570.2688824240847,375.3159312146285,1350.2591761565463
200732,-42.3438888894,-10.9844444437,-639.4871290692361,444.045530750161,1370.9537657961496
200733,-42.3450000005,-10.9800000003,-630.3773174078306,434.86329074225137,1368.007264676117
201151,-42.3481609728,-20.9101076,-504.24799585043877,312.8760468523973,1334.2523056998757
200953,-42.3486111108,-20.0012760598,-399.9456067460366,226.6690413816543,1316.706743695167
201141,-42.3563145104,-21.9557672975,-445.3132060906686,261.5208677149468,1323.1519031546718
200972,-42.3608007148,-18.9516666669,-428.61868834349036,248.1053299791659,1320.5658065145876
200354,-42.3696988115,-3.45192160047,-685.4047391000643,490.8102734289585,1386.8065903632205
201136,-42.3727182748,-22.1935148092,-356.9820006136331,199.57982855341686,1312.3147116971838
200964,-42.3729057598,-19.3310770933,-532.1506820866118,338.78106127293336,1340.563464386773
201165,-42.3794444443,-22.3691666667,-256.6583878752855,173.68041941821917,1308.62625782182
201113,-42.3852244638,-21.6313090386,-552.1113907691778,357.76857741107466,1345.4873279054677
201167,-42.3928757585,-22.5436922171,-621.2653190608573,425.7153513034236,1365.1268640338337
312343,4.23954029593,44.4853186339,-591.9204505891457,396.5326635605359,1356.3096799189577
200963,-42.3972028998,-19.3308801643,-440.838211058673,257.86571606313186,1322.4343167402317
201133,-42.4142572092,-22.1561353031,-419.03519761399275,240.69591019548685,1319.193812810038
200267,-42.4195537937,-5.97292997106,-483.61147614779725,294.298237895359,1330.0185139312027
200970,-42.4229263279,-19.1897492326,-606.7414062346223,411.2156553635486,1360.6748729169376
200360,-42.4243906321,-3.35606502954,-677.3805983980592,482.5858303299631,1383.9172223101755
311555,4.24318431723,43.6229351125,-355.904226488133,198.99637873751803,1312.2261060206422
200342,-42.435479042,-5.85805555555,-533.4331761123073,339.99051883850706,1340.8696235919167
200950,-42.4398514503,-20.1015061741,-642.5769442202958,447.16780136197224,1371.9682347439214
200955,-42.4455555558,-19.7104399797,-433.66344020570057,252.0942754673387,1321.321050424481
200856,-42.4509090003,-15.6684729453,-446.40389083768014,262.4179326655852,1323.3295001457238
200977,-42.4563562697,-18.2018086419,-420.47165447819447,241.79184804068075,1319.394214156777
200952,-42.4566413197,-20.0973596657,-610.6325911578067,415.09006180655183,1361.8507825683469
201164,-42.460090542,-22.37287288,-184.51111041103687,195.40705943265183,1311.6865911671
200954,-42.4763888894,-19.7769444442,-461.53503132320645,275.09803690754023,1325.9022303630966
200951,-42.4780555555,-20.2988888894,-556.194594805202,361.69318781764366,1346.5362069714802
312727,4.24794999162,46.0021062534,-411.9889711562545,235.39888721939525,1318.2376229935107
200875,-42.4852703401,-16.6773769007,-386.946448508889,217.75354049127986,1315.201276979284
311803,4.25122932589,43.6880546009,-554.9388323223119,360.48482416733674,1346.212131510635
201149,-42.5138888895,-21.0471886513,-342.1052141471754,192.01344106964189,1311.1853248579532
201140,-42.5148276395,-22.0481528331,-445.7977579532498,261.91910599552045,1323.2306725045878
311554,4.25161671293,43.6698973394,-438.30994873789984,255.81919484027682,1322.0367827788225
201135,-42.5189719929,-22.2268116709,-394.71801065023544,223.01695071306375,1316.0829589645193
312713,4.25197673396,45.997678976,-457.86843238045026,271.9866731462234,1325.260180093178
201126,-42.5358333333,-21.4397222218,-631.0413262332654,435.53137368497323,1368.2197820655024
201112,-42.5397222216,-21.7674999999,-481.35397955975935,292.3006718492031,1329.5779320276595
200340,-42.5479081033,-7.23290517031,-556.2908851820488,361.7858935867327,1346.5611116357854
201132,-42.5726818713,-22.2188545413,-302.10585069423314,177.60514282329274,1309.1529251117815
200876,-42.5817200201,-16.1933333327,-353.5256469978143,197.72766286469388,1312.0343071861291
200885,-42.5969444443,-17.2197222216,-537.6794390081304,344.00567019850257,1341.893325007682
200976,-42.6017319037,-18.3560046836,-516.5004404626205,324.15037892534343,1336.941009442412
201130,-42.6268762158,-22.3481178799,-181.3825070010598,197.01525101694992,1311.9271335347569
200961,-42.6336304334,-19.5267137895,-233.46097384548264,177.13567178626425,1309.0893173464608
201111,-42.6395126729,-21.8732521217,-472.49809922662735,284.53714353951403,1327.8927594595423
310892,4.26421238397,44.2267591535,-497.15139846830044,306.42584274747037,1332.7545129073656
310891,4.26421831197,44.1771876354,-378.73230012080506,212.4206033873658,1314.3288429137147
200947,-42.6474746525,-20.2270926255,-662.4835888160251,467.37270257135776,1378.6859822600309
200962,-42.6550000001,-19.5266979675,-275.17350141655936,173.57017821387802,1308.6116312094466
201131,-42.6603236926,-22.2775123281,-306.7625263164964,178.7891765632446,1309.3140815815032
200946,-42.6739468547,-20.6977652924,-534.6181669771897,341.10937087936355,1341.153756089572
200948,-42.6744444438,-19.9944444442,-589.921097194929,394.56136896675866,1355.7346600468597
201110,-42.6763219479,-22.0481052861,-397.86016705121597,225.2017132042326,1316.4549389179917
200883,-42.6767497709,-17.6430038156,-379.90767700125724,213.16853524969662,1314.4499301958795
310969,4.26924360738,43.9517527127,-815.0202271103076,625.8401231923252,1440.1436228268471
201125,-42.6963888886,-21.3894444436,-652.2527142969827,456.9698077523223,1375.1942407415202
200341,-42.6977777777,-6.62500000001,-589.7772522317778,394.41963300090003,1355.6934172105493
200351,-42.6986243868,-5.2023490243,-565.2572404942307,370.44875373231133,1348.9144056289392
200352,-42.7144077591,-5.20573708158,-574.8485613010465,379.77863173008853,1351.5064201439184
200971,-42.7145947801,-18.8937364431,-307.5272647343536,178.9968090247711,1309.3424503209624
312790,4.27361339175,46.0687943139,-483.956660971161,294.60431844357595,1330.0862750276976
201168,-42.7363888889,-22.5855653166,-604.5289925354191,409.0162769925411,1360.0118048812265
200672,-42.7522222222,-14.8563888891,-514.480998888481,322.28072199247543,1336.4889293740682
200704,-42.7604663009,-12.2471011552,-611.0460650940822,415.5022064196008,1361.9764601897525
201123,-42.8064173527,-21.4605260015,-584.9976347087188,389.7171046139042,1354.3327568216375
200344,-42.8111111111,-5.13499999973,-851.9076347867472,664.8130589436913,1457.5027265544034
200884,-42.8186159737,-17.2824999998,-214.13356566737005,182.69056865282167,1309.8525254570238
201120,-42.822724424,-21.296996874,-432.0920728489806,250.8454893040748,1321.083363787332
201124,-42.8297222216,-21.4727237375,-407.32399563591605,231.96712169828123,1317.6291360320008
200304,-42.8313429737,-2.74745387818,-676.7716896857676,481.9625539640865,1383.7000028890066
200882,-42.8394444444,-18.0897222216,-304.95643396206617,178.31351380106497,1309.2492137769395
310968,4.28495219668,43.9439809741,-735.7484191213168,542.8238523584353,1406.0567304560311
310893,4.28506589969,44.2439350649,-348.61497927480383,195.19260085598415,1311.6546595809339
310817,4.28541963272,44.6724801864,-138.94006375832436,222.9426170490905,1316.0703647860737
201119,-42.8603757581,-21.3101517061,-631.6340113037827,436.12785821673396,1368.409771700044
312711,4.28617470879,46.0273608695,-337.63702929621024,189.95591264428552,1310.88559505396
311984,4.28693368885,44.4151528441,-629.4163339416825,433.8967544488771,1367.7003283222245
200676,-42.8866666673,-14.7687486468,-590.9963029835947,395.6211952661281,1356.0434818674703
201088,-42.8979737392,-22.2017385588,-365.7166713833367,204.49912221219907,1313.0718508737484
200942,-42.9027777776,-20.3838888894,-577.3670093191035,382.2386809975884,1352.1997647619332
312710,4.29033237613,45.997156295,-377.95903993510376,211.93138958224333,1314.249865307854
200874,-42.9166666668,-16.5928878438,-344.4295796255145,193.12429143115412,1311.3484611316082
200670,-42.919166667,-15.7930555556,-378.0094787207596,211.96323133179155,1314.2550003740014
200940,-42.9230555563,-20.7236111105,-484.8905452982599,295.43325043601465,1330.2701229579807
200332,-42.9666666669,-6.81388888864,-617.4242979971234,421.8706930532549,1363.9327975485762
200353,-42.9811883341,-4.28805555565,-399.01790530651954,226.01462251634035,1316.5942443147226
200671,-42.9894654698,-15.6271146628,-588.1018869862514,392.7697324398876,1355.2143215345507
200881,-42.9937090922,-17.5773885082,-419.2657238611771,240.87143068844236,1319.2258490089362
200701,-42.9937921962,-12.6672222219,-437.4700919591167,255.14240379718547,1321.9059878776773
201109,-42.9939707052,-22.034745952,-615.8276248443483,420.27458677987954,1363.4399593911169
200941,-43.0023961189,-20.7143046778,-472.2556561484755,284.3262912013557,1327.8475945829664
200967,-43.0200000003,-19.2322222221,-320.64461066871723,183.12069203938384,1309.912585795111
310894,4.30228944412,44.2438437529,-378.872810648602,212.50974187067644,1314.3432523360832
311802,4.30239911413,43.7647060073,-405.5402200963594,230.67140262323176,1317.401643599863
310818,4.30260123814,44.656194136,-150.97155111845967,214.88734642651227,1314.7297692779607
201089,-43.0269444439,-22.2008333328,-362.5674533349914,202.68706912773334,1312.7908601765334
200343,-43.0270279509,-5.57179356087,-502.45567771904723,311.24122384243276,1333.8698939515755
200331,-43.0272924519,-6.76405200251,-698.1354061797574,503.8987400631832,1391.4926283702387
200960,-43.0293611321,-19.7644304932,-428.3241884044243,247.87429842620259,1320.5224202533382
201108,-43.0415314971,-21.889201964,-551.3749647605712,357.06214282437764,1345.2996574777635
200333,-43.0477777776,-7.63833333285,-639.1238553233584,443.6786985024358,1370.834994474633
201118,-43.052559503,-21.3555555558,-600.637986123376,405.1544943174558,1358.8553855495754
200968,-43.0689408304,-19.3349057366,-300.95638978167153,177.33429897653684,1309.116208808428
200969,-43.0824999995,-18.8947222222,-352.78598144195576,197.3384995324244,1311.9757154647186
201086,-43.0850446267,-22.2317401163,-340.1542628761887,191.10232446091675,1311.052208337188
200939,-43.088055556,-20.6681806539,-601.0493892869317,405.56242266014755,1358.9770686974155
312524,4.30937937271,44.4486018768,-516.9214295633317,324.5406903614803,1337.0356967081163
200938,-43.0972222217,-20.9116666671,-535.8214423552081,342.2467953770736,1341.443499934801
200945,-43.100833333,-20.2687641849,-409.6161793983047,233.64565030296458,1317.9256748682556
201087,-43.100833333,-22.2338888895,-564.3092506156604,369.53007772203546,1348.6624013861679
312708,4.31078602882,46.0812356269,-278.0618270319442,173.7671252872336,1308.6377682162627
201122,-43.1274628112,-21.4725540505,-550.6390829247943,356.3566603704212,1345.1125841214227
201085,-43.1311867775,-22.3315588586,-309.3137675716987,179.4961984858149,1309.410814008465
200944,-43.1394444442,-20.3613888886,-349.7132213434059,195.74953567348757,1311.737654902015
312709,4.31478302615,46.0647221496,-281.14952658526704,174.04121237042483,1308.674190994389
200669,-43.1534820914,-15.8727639802,-273.0050113352818,173.4602017980571,1308.5970488195646
201091,-43.1559313136,-22.1400723977,-588.5640802644916,393.2247342690376,1355.3462606332034
200673,-43.1692943977,-15.9812603311,-444.88181697364007,261.16672143352935,1323.0819517156867
310834,4.31722344835,44.4276604701,-564.8699697992433,370.073380807212,1348.8113662605056
200956,-43.172609907,-19.9351787143,-408.9126692213256,233.12888270858292,1317.834158960984
201090,-43.1811929277,-22.2975989478,-360.26897753411504,201.39164319413,1312.5914781530023
201084,-43.185353611,-22.5192061161,-463.6695212336639,276.92010036565694,1326.281469582523
312728,4.31930512753,46.0570769279,-307.8632560319057,179.08919948600692,1309.3550839798922
200872,-43.197718275,-17.3147489335,-449.7562046843515,265.189930149999,1323.8819787369316
200943,-43.1980590891,-20.3882003428,-278.9040885914231,173.8353887952679,1308.6468343174386
201116,-43.2017336084,-21.3023271924,-547.5890106384468,353.43722747479075,1344.3420949804847
200873,-43.2077777779,-17.3144215695,-555.4682421415797,360.9941037322536,1346.3485943472829
201117,-43.2251526223,-21.3725246502,-442.740036899345,259.41406147390387,1322.7371053470292
200700,-43.2263888894,-12.6895259018,-468.74303363817876,281.28184479508826,1327.199032090809
200702,-43.2269059685,-12.1829208819,-625.1587799953727,429.61955258413144,1366.3494262208483
200305,-43.2275031415,-4.16679324062,-442.5256858809964,259.23917357559037,1322.7028176002375
312353,4.32315810985,44.4934860596,-644.1751203811455,448.784284258779,1372.4959483980695
200937,-43.2396627185,-20.8476340558,-542.1661021260652,348.26552237922954,1342.9916859941943
200880,-43.2440997259,-17.9516906352,-434.6559840629679,252.88593896802098,1321.4723200654598
200966,-43.2479577002,-18.9604142186,-531.6932625310205,338.3500602671437,1340.454608651196
200674,-43.2522594106,-16.0647321981,-543.5854010184896,349.61668926792885,1343.3427053384846
310835,4.32752645621,44.4273225931,-436.74527925368216,254.55955354689837,1321.7936150827209
201081,-43.2851025103,-22.0771047315,-397.4583721408804,224.920580919352,1316.4068756628974
201082,-43.2858184583,-22.1605195684,-658.2883731027412,463.10232244793355,1377.2441888162466
201083,-43.2900359007,-22.1646741858,-626.1452643051454,430.60986284712163,1366.6611315731009
200705,-43.293623411,-11.5518647497,-465.3661974094558,278.3739727684899,1326.5857919058096
200936,-43.2994444445,-20.6905555558,-505.2053811807788,313.7508616983824,1334.4577167478665
200668,-43.30603802,-15.7483333329,-575.6180379624525,380.52982517633245,1351.7177007127568
200307,-43.3145349417,-3.56762646704,-497.7669756994926,306.98290024893754,1332.8827013719929
201121,-43.3147978887,-21.4976008976,-449.63857794441816,265.0922929333004,1323.8624242511328
201093,-43.3271316798,-21.7775341367,-816.2001679789032,627.083856560657,1440.6845448363906
311553,4.33496328882,43.7811676976,-504.3911798083005,313.00681322273823,1334.2829758695511
200297,-43.3603298425,-4.86828171066,-969.2128164437554,789.7459226068939,1518.5639324195954
201107,-43.3683779612,-22.0186612617,-449.1931608107295,264.7228136649132,1323.7884886363531
200879,-43.3723797055,-18.0064328087,-297.1777901096002,176.50450716868974,1309.0040624926698
201097,-43.3724999995,-21.9647926212,-586.7288425555951,391.4188050607124,1354.82341119668
200699,-43.3797222221,-12.8686111106,-567.1796282711454,372.313653814394,1349.4277495990943
312705,4.33846501111,45.9567529376,-286.09355252750174,174.6160406532151,1308.750761690268
200311,-43.4063888893,-3.20916666738,-656.0537038148793,460.8302187396346,1376.4818506159359
310782,4.34096746732,44.8485738019,-102.02950574797373,250.39292658603307,1320.9975065289752
200959,-43.414735519,-19.9499999995,-397.8216788087957,225.17476117094006,1316.4503285881474
200684,-43.4353162547,-13.2569444437,-605.8119174424749,410.29133073946326,1360.3958139642343
312704,4.34396422057,45.9894789053,-344.7284932242667,193.2691242705417,1311.3697987096368
201096,-43.4440240594,-21.8600639306,-541.8231922934192,347.93933136393593,1342.9071348687646
200965,-43.4478937087,-19.0144444441,-487.13147200850995,297.4273029101943,1330.7143927559678
200958,-43.4559178924,-19.9715262193,-313.38071730349714,180.70716948639466,1309.5773652882199
200957,-43.4904263283,-19.9893429068,-205.72977399460248,185.8099465630088,1310.291238928659
201092,-43.5052777785,-21.5941666666,-527.3044923516156,334.22479946158995,1339.4192813105951
311983,4.35232642626,44.4773354422,-527.1035564284688,334.03636930986687,1339.3722748336884
312702,4.35233088726,46.0268398544,-359.7745142557892,201.11600289145835,1312.5492147689124
200869,-43.5248425171,-18.4185834608,-485.64380247024985,296.1027458095247,1330.418968087644
200308,-43.5271083143,-3.3350249188,-575.1141590555723,380.0378746895507,1351.5792913366208
200675,-43.5515118433,-14.7809752558,-590.9472719667409,395.5728508512696,1356.029378332952
201095,-43.5518477523,-21.8687673263,-426.7616981263835,246.65200111332356,1320.293529570095
201106,-43.559804039,-22.0854346082,-410.60935044311566,234.37757547634823,1318.0556295003723
200666,-43.5851054181,-15.7357029038,-627.1551758987698,431.6241475760536,1366.9810530297068
200295,-43.5861111112,-5.70611111098,-507.3968747970888,315.7573716445551,1334.9309017021553
201105,-43.5971180921,-22.1129226745,-519.2339634195182,326.68803297849973,1337.5585465551828
200582,-43.6143923785,-20.3051432389,-250.57236330303337,174.23435608383372,1308.6998912704928
310819,4.36455794127,44.6731611094,-171.05735646800136,202.64474388412256,1312.7843260777122
200330,-43.6480017433,-7.24719923749,-656.3895454765398,461.1715692071336,1376.5961683865105
312701,4.3648575123,46.0062719857,-285.93523014145364,174.59505166142893,1308.7479614639744
200587,-43.6642572087,-19.9015557715,-267.7342922004779,173.32874289088105,1308.579629859637
200667,-43.6725607913,-15.3478990467,-594.5232936036994,399.10244543128545,1357.063210215605
200663,-43.6811942151,-16.8062729464,-573.6394107421254,378.59900153937036,1351.1754136817542
200590,-43.6896539928,-19.6525075709,-517.8489399908467,325.4012730018568,1337.244847828056
200306,-43.6972222224,-3.57722675384,-515.7819480204507,323.48467813569425,1336.779761800726
200664,-43.6975756674,-16.7687274893,-597.2887943313065,401.83703804176713,1357.8699494847185
201104,-43.7099977144,-22.1648565508,-405.1228981891159,230.36961035713963,1317.3488345717517
201103,-43.7105555565,-22.2241666667,-542.4488100133304,348.53452232231217,1343.0614683706378
311801,4.37633173425,43.8014294763,-792.4389857894865,602.0790858740578,1429.977978927785
200683,-43.7641889799,-14.3062522286,-699.3106628260118,505.10939205827515,1391.9314970633188
200665,-43.7849094576,-16.3430340801,-622.5114614151785,426.9641677400043,1365.5168234428188
200583,-43.7980555557,-20.3011111106,-295.71098740220003,176.20760916271792,1308.9640621874585
201078,-43.7988888888,-22.4519630475,-651.65469951932,456.3629388177171,1374.9927005252773
200329,-43.8021387161,-8.09734992283,-568.9295332313201,374.01348041889617,1349.8977287581856
312700,4.38047254059,46.0149786454,-288.0604315792215,174.89096081464785,1308.7874704267772
200586,-43.8096788827,-20.0104661765,-164.6283508276459,206.38650002932252,1313.3671162191497
201261,-43.813588797,-21.2769048313,-513.8034674318462,321.6544267086884,1336.338042859196
200589,-43.8147222221,-19.7050000003,-399.54652784280773,226.38719453351686,1316.6582534660267
201102,-43.8177777784,-22.0863888893,-523.4096047469498,330.57936562052794,1338.5142926190674
200585,-43.8226351698,-20.0260454228,-218.57539865260858,181.2096243897791,1309.6467930487731
201079,-43.8310516085,-22.4726309562,-643.917798839008,448.5239458828115,1372.4108439537115
200554,-43.8355555558,-20.5186111106,-402.7799433211618,228.68488725546985,1317.0552654427597
200584,-43.8444641826,-20.0430885302,-213.30497747911107,182.97985809115474,1309.8929051790876
200556,-43.8517825982,-20.5061583445,-684.8720727066948,490.2636893186867,1386.6132408266628
200659,-43.8520796142,-16.1137119011,-592.7030391665905,397.3049023046383,1356.5356537764683
312698,4.385487829,46.0853806413,-191.4018303459955,192.03388862931834,1311.1883194086001
200730,-43.8603867709,-11.3604844468,-569.8667711118989,374.9247684524074,1350.1505014517986
200309,-43.8689427006,-3.55345979787,-505.73822098770245,314.23821150743373,1334.572384002772
310780,4.38736691216,44.9388134524,-100.80390077324114,251.36485170173316,1321.1820780053317
200298,-43.8768539022,-4.45604326955,-832.0789791290479,643.8405161478555,1448.0567685021842
312696,4.38834093224,46.1237613254,-194.46499114599663,190.61147677591705,1310.9807510601165
200296,-43.8853000909,-5.33507814528,-558.4346141702072,363.8516405713222,1347.1175935744786
201094,-43.886246281,-21.8519610989,-469.9926532385035,282.36264702035,1327.4285137075333
310896,4.38943816933,44.2647764946,-366.34648923012844,204.86658383412342,1313.1291298814888
310982,4.38945672533,43.5608108724,-460.4941222977045,274.2123458859154,1325.7187504171873
312697,4.38965834735,46.1020453426,-190.51437567390258,192.45498294012094,1311.2500581620327
200299,-43.9013888893,-4.43526813083,-634.7262083938496,439.242346255286,1369.4055766336357
200310,-43.9014489853,-3.46020108815,-610.6579725894223,415.115359150124,1361.8584933735913
200294,-43.9018483353,-6.00206337947,-519.8806163124345,327.28949012663657,1337.7055748253445
200592,-43.9064632677,-19.460321253,-550.2177989834776,355.9529742479236,1345.0056930910719
200552,-43.9066799627,-20.6058470418,-494.1350345138891,303.70315917566,1332.1311510000537
200698,-43.9088888889,-13.2936236588,-688.1689445530435,493.6480896522913,1387.8134712521019
200591,-43.9111111111,-19.5597222222,-484.9271428682627,295.46576003679144,1330.2773432354513
200553,-43.9144384204,-20.5937056008,-493.9024719198237,303.49372290597694,1332.0834187147523
201077,-43.9169518826,-22.493904387,-671.4328888332453,476.50295808398744,1381.8078244221379
200588,-43.922694674,-19.6851960986,-479.53462882866677,290.69616359107584,1329.226110975112
200661,-43.9322222218,-14.7572222219,-556.3690093753711,361.86111464647774,1346.5813235243697
200601,-43.9395896284,-18.6668025904,-287.82207658161246,174.85625035827383,1308.7828325817873
200729,-43.9434549148,-11.2352739935,-680.8988545289917,486.18942293859374,1385.1779486942517
312439,4.39746637899,45.6648598785,-287.5771677025375,174.82098558719662,1308.7781215978248
310105,4.397589249,46.2643453081,-221.23739912741462,180.37934063573812,1309.5321687914486
201262,-43.9770126725,-21.1859670808,-597.4996138221618,402.04567721897706,1357.931707097937
312699,4.39815746405,46.0565478359,-189.73705875963256,192.82709894771207,1311.30472608774
310822,4.39825992806,44.5683984298,-473.44567562276245,285.36213187882544,1328.069780125231
200660,-44.018377961,-15.0142780491,-474.1539082164494,285.97965305671016,1328.2026037219955
310104,4.40185149636,46.2521419371,-285.14974797140246,174.49343783025682,1308.7344094266311
311800,4.40195217536,43.8142269154,-461.54431879211063,275.10594794399236,1325.9038717665826
200559,-44.0230422593,-20.4079155064,-531.3082825658722,337.98746633978163,1340.3631306382001
200593,-44.0318526141,-19.2227764214,-623.4596929908134,427.91491758789533,1365.8143985423887
200597,-44.0383333326,-19.0111111108,-637.2551701091163,441.7925743161169,1370.225701587995
200557,-44.0438803711,-20.6555929409,-507.64404607835166,315.98402722016345,1334.9845317567258
200603,-44.0477033994,-18.6432327574,-601.130919123363,405.64327477058146,1359.0011997559284
200560,-44.0477777784,-20.1802777776,-246.77200961459303,174.7087833339034,1308.7631388243879
200602,-44.0605345304,-18.6311581114,-584.9907304473743,389.7103216797471,1354.3308050085784
310837,4.40646331374,44.3855612176,-165.8128699187108,205.68404277701515,1313.256913183612
200558,-44.0719444444,-20.6602777783,-554.643614917419,360.2009259558411,1346.136137851925
200596,-44.0724951374,-19.2726254475,-533.2802446635429,339.84621689364667,1340.8330416977255
201101,-44.0892869608,-22.1517511687,-350.81604936948713,196.31464466833214,1311.8221046630924
201076,-44.0905555559,-22.5013888886,-807.9212889630417,618.3617637227577,1436.9095536622237
200662,-44.0925000001,-14.6513888891,-595.3753243114055,399.94449420633674,1357.3110892560387
310824,4.41002850603,44.5513107253,-568.1107055795576,373.2178206626685,1349.6774934152393
310823,4.41051653807,44.5902720886,-687.9682206151717,493.4419426557025,1387.740157718038
200300,-44.127777778,-4.12777777839,-910.2378546813225,726.7731765557517,1486.7874914500692
200595,-44.1300000002,-19.2936977802,-542.1859315190543,348.2843880559402,1342.9965783779764
201263,-44.139826352,-21.164320918,-538.3085842988085,344.6019483835078,1342.0463097081117
310108,4.41477073043,46.2691447135,-383.831361393814,215.70233008404887,1314.8632209378814
200721,-44.151960608,-11.6184286592,-638.3625692443775,442.91013244308675,1370.586436527155
200682,-44.152222222,-14.2599999997,-634.4181736035823,438.9319065823312,1369.306033429873
200594,-44.1527777781,-19.3713888886,-517.8422561749588,325.3950682434658,1337.243337993733
311798,4.41552450449,43.8266973714,-425.0369278477535,245.30958835592034,1320.0434041010935
200561,-44.16414132,-20.1563833236,-410.0747473251061,233.9832497507526,1317.9855673471445
201075,-44.175555556,-22.5400554738,-652.608597637223,457.3310245990741,1375.314313396138
203002,-44.1770822371,-22.5397725238,-676.3675299531646,481.5489238483467,1383.5559839164268
200598,-44.1772222221,-19.0273969862,-558.8525323063507,364.25475968448177,1347.2265305152848
200605,-44.1775000001,-17.9940690917,-592.8563301084366,397.4562073599481,1356.5799760207306
310110,4.41917301779,46.2734032918,-312.2893473984483,180.3721717669807,1309.5311813467401
200697,-44.1933123074,-13.3976425034,-786.6283086473366,595.9780971127933,1427.4199405954919
200599,-44.1938888895,-18.6727777778,-623.8623864172782,428.31880610347224,1365.940992222342
201252,-44.1947222215,-21.9472222218,-551.6694553485847,357.3445885698442,1345.374650256055
200696,-44.1974330588,-13.4019545347,-777.4495161399341,586.3525341923654,1423.4279359789384
310781,4.41977426684,44.9146372944,-111.72125722471802,242.8323520531705,1319.585293103529
201080,-44.1988888889,-22.832222222,-438.9045938726776,256.29930581822174,1322.1297700053328
200328,-44.2108029309,-8.78545915677,-502.933385020619,311.67657996359003,1333.971545824442
200609,-44.2167958944,-17.272570931,-624.9956141064414,429.45579654729096,1366.2979454568172
200604,-44.2274020192,-18.3061111105,-662.8392162482858,467.73499058343015,1378.8088395377852
201072,-44.2300000005,-22.4769444436,-531.9438021285162,338.58610565952506,1340.5142093678585
201264,-44.2314794306,-21.1222222215,-585.3608232416273,390.0739519115975,1354.4354848169708
200600,-44.2319444436,-18.5853241846,-588.5285963222186,393.18979792946726,1355.3361250137425
200611,-44.2391606422,-17.091111111,-562.0396466768466,367.33327935699947,1348.0621397749508
200293,-44.2427777775,-6.01916666688,-648.1990186431153,452.858774071288,1373.8336376085722
200562,-44.2498514501,-20.1481762709,-489.507505884175,299.5491105476677,1331.190243429297
200610,-44.2551678705,-17.2561300186,-617.8318887649154,422.27833630027294,1364.0589385653313
201074,-44.2680555556,-22.5813888892,-585.2630638870068,389.97789151529673,1354.4078227927394
201100,-44.2688876007,-22.2431883143,-290.0152243159856,175.19009010329216,1308.827476118167
310783,4.42719393945,44.909906487,-93.43668640837426,257.2778371992022,1322.3198100631143
200695,-44.2892633604,-13.5563725665,-733.6843019123428,540.6787619117279,1405.2299876368463
200302,-44.2896465554,-3.70710521158,-576.3087102055854,381.2044174752738,1351.9077640409182
310107,4.4301244057,46.2438654904,-267.93531910176114,173.33022150681944,1308.5798257114675
200563,-44.3052777777,-19.9488888894,-535.7402111273155,342.1699684028028,1341.4239008785503
201253,-44.3269444445,-21.4896863419,-605.3776212305668,409.85960223642087,1360.2656682122242
201073,-44.3304811758,-22.6936373795,-481.15735998065327,292.12703827312816,1329.5397703948843
200292,-44.3434225878,-6.01022038614,-580.2003659425822,385.01123987453065,1352.9861231369578
201258,-44.3516133125,-21.6898343855,-586.7754284703856,391.4646220115246,1354.8366487728615
201257,-44.3558779609,-21.7436676909,-548.5552925682925,354.3613067044853,1344.5853376639066
200289,-44.3603893462,-6.36859598179,-635.749527911938,440.2739450771819,1369.736814605374
200571,-44.3646850326,-19.9601753384,-460.6990157805178,274.3865365532523,1325.7547910579622
200614,-44.3655555557,-16.6774999998,-535.639330162032,342.0745653630738,1341.3995686743708
200615,-44.3765567596,-16.4685211755,-563.189064998807,368.4453607553119,1348.3655952424638
200303,-44.3768849416,-3.62749122299,-549.3699194849773,355.1409439699848,1344.791018952515
200681,-44.381907255,-14.4180565658,-638.580550987796,443.13017411017853,1370.6575596327366
201099,-44.3893849416,-22.2685645674,-326.2311696199448,185.18882643406934,1310.2033033111616
201070,-44.393229203,-22.3395273262,-520.176527474758,327.56486344182946,1337.7729756326803
310973,4.4398871535,43.9818887242,-555.6233219542612,361.14332761713007,1346.3886131625688
200658,-44.4022655617,-15.6017088077,-526.5965362080672,333.56107901207827,1339.2538176175394
200679,-44.4103000914,-14.2812475825,-675.5183114207277,480.6799786190545,1383.253785975902
200566,-44.4106714874,-20.0474999996,-389.31294815086517,219.3345822756045,1315.463968930151
201071,-44.4139719927,-22.3895770614,-524.2211491072678,331.3376981497711,1338.7017833657505
200537,-44.4230543104,-20.6834731282,-450.3179621984505,265.6565917466794,1323.9755357671506
200570,-44.4314794311,-19.9853556124,-430.496143702924,249.58297172812934,1320.8442203182387
200645,-44.4351159314,-16.1982775361,-523.770137076131,330.91617727379196,1338.5975164152035
310836,4.44373792182,44.4594144107,-184.76009908632116,195.28109389709968,1311.6678315050267
310106,4.44419678286,46.2349416716,-339.7114844062438,190.8982764240092,1311.022481314912
200301,-44.4438057852,-4.01447526401,-527.8295064405193,334.71732225308193,1339.5422652487396
201069,-44.4452777783,-22.4686547919,-844.3749855096169,656.839907944567,1453.8832343899144
200565,-44.4522222218,-20.0605555557,-359.4364467817469,200.92817099885585,1312.5204472587836
200677,-44.4595870525,-14.3101347029,-643.2988312695973,447.8978302717826,1372.2063477967233
201256,-44.4638888888,-21.998333333,-375.84191133835293,210.6036234594776,1314.0364077093575
201068,-44.4643849419,-22.5312179581,-543.5088426531593,349.54376235807194,1343.323727317763
200612,-44.4644564949,-17.2090161277,-657.994124649839,462.8030403701588,1377.1435831994113
200613,-44.4686269002,-17.2501427401,-580.5106746570964,385.3152009321626,1353.072650910085
200568,-44.4686631772,-20.0018872588,-347.5488711494579,194.6575684752506,1311.5751459737824
310897,4.44767644715,44.2476509282,-417.22610519297564,239.3232904979684,1318.9440594453683
200680,-44.4830555564,-14.4236111113,-581.4887134282552,386.27363039218875,1353.3458952196268
200564,-44.4936111113,-20.0941666675,-298.4710878303354,176.77801992360142,1309.0409706726377
200327,-44.502529694,-9.91455959719,-549.2843411433737,355.0590161337522,1344.7693852513598
200720,-44.5063578493,-11.7225197658,-625.8436987841626,430.3070808518394,1366.5657607311412
200678,-44.5224999997,-14.2641666671,-626.378453008313,430.8440204307305,1366.7349284013953
310979,4.45230976753,43.664680732,-548.3233653612394,354.139439602161,1344.5268823096042
200728,-44.5241666668,-11.0058333335,-704.5510607408314,510.5122918212489,1393.901214100926
201098,-44.538333333,-22.3300000004,-291.2574425834553,175.39353543092906,1308.8547233526003
311985,4.45512010776,44.3599282285,-248.75149928403917,174.44940048123556,1308.7285386586914
200572,-44.5521986211,-19.4225143629,-607.0937003731511,411.56610970891825,1360.7808263024524
201066,-44.5553075304,-22.5018678897,-633.0499026354912,437.55344464771804,1368.8647893398877
201170,-44.5602554638,-22.9559561962,-137.4406138643559,223.98071573253165,1316.246616554629
201067,-44.5654203862,-22.9517262599,-125.79170487086303,232.28425229690873,1317.685003495367
200606,-44.5688591375,-18.1978830076,-418.8249310056734,240.53593531089314,1319.1646336781994
200692,-44.5688888885,-13.4527777779,-689.0950169009246,494.5993386888844,1388.1521171697766
200544,-44.5807946905,-20.0682135833,-570.6141018477413,375.6518393269961,1350.3525832023304
201255,-44.6025000003,-21.9797222225,-502.85134884070925,311.60179730121723,1333.954075166308
200538,-44.6066847416,-20.4350136447,-513.5994573706262,321.4659417957506,1336.2926873653394
310970,4.46077642923,44.0432705513,-444.559532168406,260.90239001663593,1323.0297999999261
200545,-44.6102790239,-19.8498594432,-599.3786278217468,403.9063458465413,1358.4837616941018
200277,-44.6103909769,-4.56319087341,-695.5371648419532,501.22363609791574,1390.5261335029513
310397,4.46137786628,45.6993754093,-281.05384505417743,174.0317358661183,1308.6729307432115
200318,-44.6141666672,-7.39083333337,-590.9632812851623,395.588635830132,1356.0339831174572
201169,-44.6145275493,-22.73548936,-155.5055357305524,211.98554676505978,1314.2585995947422
200275,-44.6185073376,-4.92296354018,-585.3252194055013,390.03896615993466,1354.4254094244402
201254,-44.634947934,-22.1688045441,-437.03236815745754,254.79027572613006,1321.8380684395684
200694,-44.635481176,-13.7141741576,-447.89893349466905,263.6514346057436,1323.5746573356255
200686,-44.6383333332,-13.3398527936,-713.6507795389173,519.9117785922895,1397.3711218178405
310900,4.46423770252,44.1809453467,-475.88564619988813,287.4928424440317,1328.5292352929237
200326,-44.6606820311,-10.2097481036,-576.8716691839683,381.7545001963428,1352.0629767106307
200276,-44.6641065714,-4.58106656689,-449.92061617380955,265.32644643031597,1323.9093313919918
200689,-44.6813516998,-13.1723636727,-635.3538587000462,439.8750218899857,1369.6086409825862
200278,-44.6814248668,-4.38318217352,-764.2674314581626,572.5554473220751,1417.8002450379367
310838,4.46909604392,44.3398754168,-308.0450069804938,179.139473273693,1309.3619612071477
200607,-44.7101810852,-17.5941751456,-514.9141149287636,322.68134489769943,1336.5855920652593
200291,-44.7102080812,-6.06456450964,-563.9378260424928,369.1703136404418,1348.5638713256535
201270,-44.7139571175,-20.7512072868,-463.93136749842995,277.144157162094,1326.3282694795203
200288,-44.7146701566,-6.69786136304,-519.6859121676746,327.10834873830237,1337.6612674312396
310390,4.47259308721,45.9224654298,-203.76827639678393,186.5960792731194,1310.4029500010872
310899,4.47298840224,44.2064735928,-492.0562714377936,301.8336040500491,1331.7061684565758
201265,-44.7351587713,-21.1395566309,-604.6529369310527,409.139423138487,1360.048845496935
200688,-44.7483333333,-13.0773493049,-674.358235719906,479.4933347947187,1382.8418755172306
201171,-44.7643167127,-23.2269060357,-327.0765084402526,185.51739270401922,1310.2497844178981
200279,-44.7652777777,-4.21944444397,-818.6870919797609,629.7059008703926,1441.8277692437623
200657,-44.7690538111,-15.4807045657,-627.7469340885078,432.2186814321673,1367.168893425539
201065,-44.7727777784,-22.5399999998,-661.6534829585062,466.5272240024212,1378.3995956568097
201266,-44.7731001834,-21.0349699863,-564.3962724242027,369.6143818696332,1348.6855029458582
310974,4.47790481465,43.9510569647,-530.6485249228015,337.3663955438518,1340.2066554877656
200539,-44.7938888891,-20.1811111106,-582.7575918792297,387.5179616516822,1353.7015790690823
200608,-44.8018430558,-17.066658678,-628.2784764908047,432.7528507157187,1367.3378603600622
200687,-44.8052777781,-12.994444444,-654.9885193985693,459.74783815335087,1376.11986006239
200324,-44.8137047508,-7.06494248541,-583.3097988452923,388.0597987216643,1353.8567878307329
310403,4.48163792696,45.876695868,-303.2657831388352,177.8870951393532,1309.1912057406164
200546,-44.8183333331,-19.7436111114,-560.1136831375211,365.4720416032432,1347.5561612656795
200317,-44.8266666668,-7.38083333255,-676.026429573644,481.1998718463451,1383.434534496082
200541,-44.8437609072,-20.5519588533,-473.1993746087177,285.14756002912355,1328.0236916418376
310784,4.48620062034,44.8993667021,-132.87900032581533,227.1828608900036,1316.795294210007
200290,-44.8688888893,-6.17000000036,-586.237502427614,390.93565491158046,1354.6839044044916
200656,-44.8730542677,-15.9475128214,-626.7485330565352,431.21568856596167,1366.8521370787946
201260,-44.8730555557,-21.3229818401,-454.8740090632146,269.4635766723175,1324.7446598210877
201286,-44.8797222222,-21.9511111111,-574.4962745842502,379.4348457951654,1351.4098552160456
200543,-44.8852644807,-20.1474748309,-737.3220506433028,544.4598632806632,1406.6891402492058
200719,-44.8936221234,-11.9774788109,-535.4245381182366,341.87146733987515,1341.347790378234
201267,-44.913888889,-21.1472641356,-636.9430104480639,441.47764368841274,1370.1241930745275
201259,-44.9155555562,-21.5061111113,-576.9058058806941,381.78786273284584,1352.0723969897344
200540,-44.9181847834,-20.2184949317,-564.0165530870797,369.24656086329605,1348.5847460507714
200542,-44.9275000002,-20.2358333332,-577.8937497399768,382.75372888347886,1352.3454483029325
200274,-44.9277777782,-5.41944444426,-416.948599178588,239.11349703951365,1318.9060084167927
310217,4.49289824389,46.2732423888,-297.2252039638381,176.51434063749815,1309.0053884618437
200547,-44.9308333334,-19.6938888893,-392.2306034316062,221.31020975627507,1315.794818166502
200715,-44.9315017445,-12.2269140745,-349.02433207227136,195.39950710470094,1311.6854660886547
200580,-44.9351872348,-17.3143379874,-678.7535084103713,483.9915719874496,1384.408045457095
310381,4.49367509895,46.1144783087,-213.35412448109545,182.96258594265825,1309.8904925322101
201284,-44.9389483921,-22.2944444435,-574.1038288963554,379.0519666373614,1351.3024043429743
310764,4.49392509897,45.0313765731,-155.99982580842283,211.6738545316882,1314.2083606733574
312441,4.49464388603,45.1723098487,-169.9412000221511,203.28175234609552,1312.8828071874318
200579,-44.9477777778,-17.3594444442,-696.4714102801227,502.18529739856854,1390.8730594467422
200710,-44.9521999092,-12.4061265283,-471.54052027575653,283.70487794064246,1327.7146727888362
201064,-44.9559759405,-22.5855911766,-740.503921283424,547.7695537458324,1407.9734651556328
200273,-44.9686408046,-5.1057065553,-592.3698533997747,396.97607969357375,1356.4393839830552
310386,4.49693498922,46.009858575,-230.2873992265559,177.88639710704803,1309.191110895265
201063,-44.973588797,-22.6935454485,-548.3379549611852,354.1533950723386,1344.5305581550447
310385,4.49766774028,46.0268553954,-226.32690800674885,178.913877857533,1309.3311155935583
310398,4.49823699033,45.7280960247,-373.1152521326962,208.91918688722689,1313.7674913092771
200576,-44.9994295691,-17.9937229617,-419.35764918812237,240.94146010701692,1319.2386371577936
200714,-45.009444444,-12.1525000004,-755.5525118820752,563.4521708035578,1414.1485577387878
201062,-45.009647843,-22.6606078368,-730.3794867317854,537.2463358281832,1403.9128961343224
200325,-45.0306726057,-9.57685981325,-615.8762358923682,420.3231623199727,1363.4549333784794
201047,-45.0430555557,-22.9933333333,-592.2539564332619,396.86171545597324,1356.4059185089507
310787,4.50438038784,44.8891251303,-112.16163590806039,242.49428123100546,1319.5231225716334
200646,-45.0679203018,-16.3765154459,-636.5640449699328,441.09536924326704,1370.0010654518871
201285,-45.0763145105,-21.8872222218,-636.5593461881584,441.0906298130083,1369.999539518276
200616,-45.0771255286,-16.6538917248,-563.7773796962585,369.0149349777513,1348.5213445875024
200707,-45.0855555562,-12.4305555564,-575.3711991190212,380.28880894552424,1351.649870632427
200713,-45.1033333327,-12.135833333,-652.952020032149,457.67963912893606,1375.4302769114272
310392,4.5111142614,45.9106418688,-286.8245658311672,174.71515775900556,1308.7639897713436
200549,-45.1146775527,-19.7517897601,-568.1357605271489,373.24215980734465,1349.6842239683708
200718,-45.1200000001,-11.8561111108,-611.5406800590179,415.9953443295454,1362.126984196154
200709,-45.1222222223,-12.4105555557,-608.9171371926363,413.3810487854923,1361.3308510668687
201052,-45.1394444437,-23.3476479406,-205.22860866347494,186.00875360960853,1310.319446162214
200548,-45.1398695257,-19.9308046369,-581.0183741883533,385.8126461250569,1353.2143926523506
201051,-45.1444444441,-23.3300000002,-243.55978728430705,175.1861566627827,1308.8269496223436
201268,-45.155,-21.3341666671,-578.593570317262,383.43829143814827,1352.539359099194
201269,-45.1686483001,-21.2557517006,-578.6858010591341,383.5285347497541,1352.5649454051163
200271,-45.1737617045,-5.77688036284,-634.5806303346931,439.09562659338906,1369.358522763448
201061,-45.1805034901,-22.8103579612,-725.2864625791053,531.9616538156537,1401.899067587156
200727,-45.1969444445,-11.0513888893,-683.6338964328684,488.99349825685727,1386.1646496390429
200725,-45.1979080855,-11.2558800572,-422.90786460524026,243.66256696009495,1319.7383229674867
310752,4.51979856312,45.1855322938,-144.38598239377296,219.23475055930876,1315.4473271188983
201273,-45.215975941,-22.37281034,-382.1496848580778,214.60944963186898,1314.6843767394307
200716,-45.2165240591,-11.7935371247,-657.206278877241,462.0018727414732,1376.8745494735824
200287,-45.2193464643,-3.77674164734,-483.23171890355655,293.96169667651526,1329.9440866759728
200550,-45.2230229366,-19.3315256514,-564.2626847221296,369.48496829292026,1348.6500422147594
312005,4.52317272739,44.1935394097,-573.5034849371161,378.4664549649993,1351.1382801568554
200655,-45.2369444438,-16.2680555559,-637.1833329592248,441.72009586356126,1370.2023345700318
200272,-45.2430555563,-5.49999999993,-809.1702458613229,619.6769237766566,1437.476011776458
201290,-45.2474999996,-21.7030555556,-663.763427116063,468.67671972744034,1379.1285879808036
200316,-45.2562515714,-7.56441259274,-689.1754549754554,494.68197570940373,1388.181562931597
201291,-45.2597222217,-21.6783333325,-628.5007951012842,432.97630542449383,1367.4085986384964
201289,-45.2603683197,-21.8692013213,-569.2946994569888,374.36846416013117,1349.9961264866902
200270,-45.264106571,-5.64984913832,-556.5783613024339,362.06270989912275,1346.6355113656214
201287,-45.2658333332,-22.2102777775,-440.76377853576645,257.80527199686287,1322.4225318863969
310387,4.52719295473,45.9518458472,-297.88511092925694,176.65273576186024,1309.0240576947397
310689,4.52745586875,45.4810935213,-537.9060504471782,344.22040285599365,1341.9483895864978
310219,4.52767455877,46.2317847544,-276.98178284056047,173.68674185656087,1308.6270969486302
200536,-45.2850905838,-19.2808680842,-627.4814132597112,431.9518957400227,1367.0845748544057
201271,-45.2895113851,-22.505683261,-285.8763720322133,174.58729217250945,1308.7469263228782
201049,-45.3021391182,-23.218511932,-582.5811048925863,387.3448288157234,1353.6520272883033
201050,-45.3052777784,-23.2394444437,-603.139620781903,407.6364103588256,1359.5974542568401
200268,-45.3103777009,-5.88832529806,-373.5617823979201,209.19303881790822,1313.811067871375
310326,4.5317019381,46.1860939306,-263.5728504374795,173.36113899632647,1308.5839213002562
200269,-45.3236111109,-5.73611111146,-566.291776223091,371.45202836341065,1349.190277146535
201048,-45.3311767636,-23.2262937816,-628.881948057875,433.35945735273447,1367.5299681719987
200286,-45.3350954049,-4.53534485411,-535.6786229527336,342.1117234283395,1341.4090449518224
200323,-45.348888889,-7.14888888936,-756.4363324679726,564.3746894668534,1414.5163783718656
312733,4.53513769638,45.4147759908,-162.9808599596831,207.37309298895818,1313.5225138029643
200644,-45.3824999998,-16.9066666667,-613.2490544124491,417.6995590864305,1362.6484198913708
200685,-45.4031299345,-13.5184715714,-604.4145232653095,408.9025521564703,1359.9776070698838
200654,-45.4147370985,-16.2849677653,-656.7883271970577,461.5769461102334,1376.732026122695
201272,-45.4272222215,-22.4427777778,-462.44363658971264,275.87269128859026,1326.0631720888193
200642,-45.4355555562,-17.1182542762,-606.9347016117372,411.407933312949,1360.732994442438
310220,4.5437771161,46.2567909034,-270.75722576147473,173.38057660204282,1308.5864965352152
200551,-45.4398647456,-19.1639070745,-593.981365589754,398.56708094979314,1356.9058598842776
201292,-45.4430629938,-21.7850534614,-516.0006196465831,323.68722453975283,1336.8287900481873
201274,-45.4475000002,-22.372845395,-381.62728178286113,214.27205055660144,1314.6293417618451
200265,-45.4605922413,-3.65611835336,-284.7080409172008,174.43813981028575,1308.727037694234
200691,-45.4637462805,-13.7354098913,-625.1271295549855,429.5877867194729,1366.3394384522417
201060,-45.4699925621,-22.9060908901,-731.2304290399456,538.1298946888339,1404.251251781271
200534,-45.4857028604,-19.7756892421,-630.0975716588046,434.581886543539,1367.917837694645
201293,-45.4888888886,-21.6108333329,-634.2341464999508,438.7464620926637,1369.2466003500906
200711,-45.4897222217,-12.1944444438,-371.0721681062713,207.6763148931669,1313.5704192539727
200322,-45.5026404598,-7.03526634695,-639.8986250196745,444.4611233698409,1371.0884306851374
312796,4.55208483779,45.3103997611,-180.97972459792874,197.22567845129925,1311.9587504232088
200641,-45.5310145021,-17.3506982175,-624.2359899316705,428.6935850843979,1366.0585582118965
200723,-45.5354786015,-10.9938929115,-726.885625798981,533.6203337515059,1402.5293063478282
200643,-45.5394444438,-17.030555556,-605.34354859326,409.82573523316,1360.2554641797444
200712,-45.5478757575,-12.2887648316,-634.5512283532817,439.065995143721,1369.3490214926937
310327,4.55628715213,46.1601755045,-241.85945937075675,175.4669590455461,1308.8645645322295
310690,4.55642564515,45.4941649233,-512.3593747978854,320.3212065287575,1336.0177655718096
310221,4.55994321544,46.2853983488,-278.3090003359365,173.78665177581448,1308.640361179075
200726,-45.601801836,-11.785018059,-646.8820715696378,451.5245672495008,1373.3944187309414
200285,-45.601835452,-4.93090181784,-294.4113641676724,175.95642402756874,1308.9302722941436
310753,4.56062092449,45.2061662425,-149.71401291267603,215.70558146905464,1314.8637543290768
200717,-45.6067720854,-11.8937328679,-659.0268504965345,463.85357140351744,1377.4969801328966
200535,-45.6102970997,-19.6690076623,-556.2685083162073,361.76434911442357,1346.5553233572077
201275,-45.6185218563,-22.469589682,-544.3996521661459,350.3926235086533,1343.544857896724
310975,4.56342554773,43.9317584211,-652.0348089047819,456.748660355972,1375.1207704447006
200706,-45.6356819988,-13.0011092066,-598.8251982594885,403.35811716853857,1358.320862409615
200575,-45.6438368234,-18.4645005116,-553.1436136470913,358.7594822650219,1345.7511510998302
200529,-45.6605555558,-20.2390475324,-493.7889205766639,303.39148865431207,1332.0601300089013
200314,-45.6642571651,-8.280683326,-636.0324741141585,440.55925889415875,1369.8285495523965
200315,-45.6642672981,-8.27113335521,-651.9772704071399,456.69026880335485,1375.1013766959627
200258,-45.6693305356,-2.94325823138,-524.1517104398863,331.2727868133748,1338.6857188506012
312875,4.56780519909,45.1598305637,-201.7426181410708,187.4303896130392,1310.5220126048807
310328,4.56804386811,46.1644065468,-310.44769442900235,179.82352950223188,1309.4557252286509
310230,4.56845666314,46.553022849,-471.0784854895171,283.3038255575011,1327.6290340855637
310901,4.56879400617,44.1807701237,-603.1148875939596,407.6118556789579,1359.5900924401792
310196,4.56901125619,46.8022920716,-548.1014094927823,353.9271523116164,1344.47098284599
201283,-45.7010205692,-22.0540337286,-669.8055624688511,474.8406907403199,1381.2354890293675
200574,-45.7019905153,-18.9516282959,-552.5072398241272,358.14848230585585,1345.5883954424694
201058,-45.7098276399,-23.0777152933,-750.6377640380383,558.3251316224181,1412.1135744594492
201059,-45.7103831959,-23.0760486072,-743.1854977230078,550.560583126299,1409.0616559483203
201276,-45.711028007,-22.251919888,-615.3776135388605,419.82495886466404,1363.3014305930908
200528,-45.7183586796,-20.1681765066,-594.0315442406902,398.616644831718,1356.9204192244836
312450,4.57287146051,45.502520725,-207.2408899081176,185.2190873662582,1310.2075808421507
310399,4.57296218051,45.7773698268,-330.2829652034724,186.80026769696207,1310.432041192182
200578,-45.7344444439,-18.4030555555,-607.59792309737,412.06781113698156,1360.9326491589047
310391,4.57375104558,45.9060056964,-552.5884098220426,358.2263981523046,1345.609136006673
310388,4.57386919659,45.9107961028,-570.2734393056483,375.3203646571038,1350.260408476007
200653,-45.7399925624,-16.4310910124,-633.4542034918095,437.9606730242088,1368.9950130249815
200652,-45.7415240585,-16.1349853589,-745.6622486588194,553.1398108199279,1410.0714325470742
200533,-45.7437318207,-19.9725655384,-443.27826409647776,259.8536171876724,1322.8233808551197
200640,-45.758888889,-18.1391666667,-506.75184489108426,315.166211247598,1334.7911953873597
200264,-45.7766666674,-4.03222222248,-580.874759608757,385.67191574089145,1353.174275975826
200259,-45.7850000001,-2.49729997948,-492.82810559555014,302.52710298742346,1331.8635225177595
201279,-45.7908333326,-22.4141666674,-406.72436556500156,231.53051981114885,1317.5523428598472
200283,-45.7978595942,-5.14415847848,-454.0936482077203,268.80874803564694,1324.61161764192
200321,-45.8068672219,-7.51406466757,-534.2234959210854,340.7365852574334,1341.0589901657374
312681,4.58143984722,45.9021573861,-587.5605491690458,392.23697957733697,1355.0600144345651
310224,4.58152790322,46.2400537311,-312.6441386065336,180.4802726369735,1309.546075318684
201323,-45.8354707673,-23.6354928955,-218.14492300489695,181.34794969449518,1309.665939631114
200263,-45.843925575,-3.66063725674,-578.6351494451417,383.47897392502284,1352.5508929478551
310356,4.58452477147,46.010151896,-463.7675460431189,277.003964652364,1326.2989825090647
200708,-45.8481299353,-12.7152777779,-593.2107885066278,397.80612552205963,1356.682537690496
310225,4.5848522445,46.2644698641,-315.1905706469458,181.27876779218522,1309.6563618841794
310334,4.5860556856,46.1105873994,-252.58795928224487,174.0227371049706,1308.6717340880246
310223,4.58617733561,46.239684973,-340.56617500062583,191.29305991340667,1311.0800240040596
201325,-45.8669518829,-23.5141680604,-432.722333677474,251.3456913891934,1321.1784327453138
200573,-45.8768600517,-19.3725280077,-555.1099322043324,360.6493945478207,1346.2562090327242
200639,-45.880277778,-17.1433333333,-566.8387585075475,371.98278763134704,1349.3364994935248
201278,-45.880788706,-22.5573675453,-448.8578932175376,264.44495975743416,1323.7329531716593
201277,-45.8851872354,-22.5644150718,-436.1236202302755,254.0605699695214,1321.697608299527
201280,-45.8897668498,-22.372942973,-605.8610537298396,410.3401827374745,1360.4105483788621
201053,-45.8935231441,-23.3724434767,-694.4062179930677,500.0598364447918,1390.1070586816843
201057,-45.8965240593,-23.1523064625,-812.3417271482838,623.0175762952769,1438.9192802045197
310357,4.58981078291,46.0065181337,-455.80484514854595,270.2461450176067,1324.9040619865007
310393,4.58990158992,45.9064153045,-483.8990531691611,294.553225019924,1330.0749591436904
200724,-45.9106076205,-11.0929382607,-658.9266983148136,463.7516755469407,1377.4626714158344
201282,-45.9177777781,-22.119058465,-588.6912766106664,393.34997381817317,1355.3826015093337
200312,-45.9261111108,-9.11305555587,-769.9822829861307,578.5329509745949,1420.2246899469199
310400,4.59354745222,45.8099231655,-296.7990765442605,176.42649388878453,1308.9935455598477
312443,4.59366174123,45.1563221724,-207.62827300781652,185.0697040994429,1310.1864714409576
310342,4.59373634423,46.0561802889,-392.07903728310816,221.2068743499956,1315.7774416029279
200257,-45.9555555562,-2.05361111077,-564.0772753577751,369.30537348414066,1348.6008503095763
200530,-45.9636956699,-19.9518260597,-510.4586295973546,318.5698945502386,1335.5989563806952
201056,-45.9732502287,-23.3101604195,-853.0744367522623,666.0487250352919,1458.0667675701923
310685,4.59739150154,45.6700142459,-432.0983022695933,250.8504287980589,1321.084301700547
200266,-45.976857796,-5.76832581013,-595.7145920386811,400.2799015779227,1357.409958037248
310395,4.59839477162,45.8901753091,-587.2347768664744,391.9164581763634,1354.967270734226
310763,4.59847374163,45.0022744477,-255.88482173774264,173.73669671298515,1308.6337281134822
310839,4.59887970966,44.2864163324,-684.0158970214577,489.38532562759883,1386.3029219875007
312351,4.60006393076,45.2896463824,-272.4523197418217,173.43737720410567,1308.5940235164192
200313,-46.0059839274,-9.01027961337,-651.3498479138898,456.05362590623866,1374.890069886927
200638,-46.0099746107,-17.0271908727,-440.7432694921891,257.78861936837484,1322.4192855699378
201719,-46.0105555558,-23.6569444442,-180.1308308825445,197.6716699293309,1312.0258700437662
201324,-46.0179501384,-23.5649577556,-499.69436176334546,308.73010978672977,1333.2861940560167
200532,-46.0180555564,-19.8855261272,-506.5110389456753,314.94563915022235,1334.739131887274
200320,-46.0190831605,-7.47281393216,-658.1474233503329,462.9589575725449,1377.1959885826377
312323,4.60225778694,45.1439875474,-210.13269182501207,184.12468500916597,1310.053317312382
201055,-46.0245833329,-23.4158333353,-735.5301166306094,542.5969403525842,1405.96914413206
201054,-46.025416666,-23.4147222192,-710.4293493115553,516.5817302340985,1396.1355516507365
310401,4.60283049099,45.8150736289,-507.2555681285635,315.62782521213626,1334.9002654204526
310404,4.60337875903,45.8395358139,-572.3497618072389,377.3419117015554,1350.8237164404673
200319,-46.0358333329,-7.53444444426,-829.9397579396316,641.5809790185028,1447.0535398560041
200577,-46.0397222222,-18.7063888886,-589.4794360920537,394.12622207871203,1355.608082559812
310972,4.60572676123,43.8649218055,-670.4949292763862,475.5447506162532,1381.4776887123896
310329,4.60580396023,46.1439750711,-309.9450839195816,179.67745198574977,1309.4356728467205
200527,-46.0606014709,-20.0956929976,-514.2976288719133,322.1111697096166,1336.44805369425
310227,4.60638156228,46.3768789504,-452.69635997906505,267.639070233161,1324.37474548812
310796,4.60655234729,44.7307727222,-422.6789245605995,243.48613166143912,1319.7057592065373
310362,4.60683766532,45.9814919917,-438.1221612731863,255.66773538574722,1322.0074831439981
200722,-46.0766666673,-10.7895517076,-637.3570211673255,441.8953383237127,1370.2588385424415
310785,4.60831587544,44.8225377528,-154.90901265147187,212.36293973972911,1314.3195246006017
201281,-46.0847594109,-22.1522583807,-574.6185613115916,379.55417241435305,1351.4433633595588
312344,4.60994581957,45.2351601899,-317.6760751604957,182.09610282582085,1309.7697451215627
201326,-46.1019965104,-23.5643004766,-259.37850022387056,173.51533560597997,1308.6043581854324
310358,4.61037319961,46.0056762987,-490.64924806246654,300.57140138685827,1331.4206555041542
310402,4.61053757762,45.8273634879,-550.1667398807414,355.9040576341104,1344.9927482376536
200650,-46.109444444,-15.9238888894,-688.745885433683,494.24068538382863,1388.0243692601828
201294,-46.122222222,-21.7883333326,-431.9978300885173,250.77077224415487,1321.0691786516636
310811,4.61422646893,44.534718919,-444.5683517338189,260.90962083372614,1323.0312259410396
200281,-46.1444444439,-5.81805555624,-698.6069075947644,504.38439503213795,1391.668571364385
201720,-46.1468626281,-23.7354338687,-48.10768613092381,295.9238997454165,1330.379174901647
310204,4.61485975498,46.8359830774,-531.2721755808568,337.9534660343763,1340.3545574869734
312066,4.61517701101,45.006960931,-245.92693403021696,174.82761444441053,1308.7790070687163
201721,-46.1640997265,-23.7686354115,-6.793297682152428,333.71152655413624,1339.2912967411326
312739,4.61824020426,45.2936702618,-280.18648868300687,173.9486962485262,1308.6618904430638
310343,4.61861122429,46.0601549092,-584.1942621818304,388.9280453571057,1354.10591130707
200637,-46.1983659523,-17.2500000001,-611.315330699289,415.7706526650029,1362.0583798754494
201327,-46.2226561963,-23.5833333331,-478.5969403702467,289.8711012696789,1329.0459171611594
200526,-46.2279142768,-20.2144337414,-577.4737909887673,382.3430778495651,1352.229279283262
310330,4.62285366664,46.1351583654,-305.6917317746853,178.50466556301848,1309.2752614325289
310978,4.62290980765,43.6811803323,-691.134977071068,496.6956599651976,1388.9004187484843
310092,4.62668010396,47.2226613304,-473.9597847530912,285.8103158681223,1328.1661534718041
200648,-46.2811437302,-15.5225308312,-631.9019556604112,436.3975705308554,1368.4957559805164
200649,-46.2902717529,-15.0309777015,-564.15702032555,369.3826145777523,1348.6220043154228
200525,-46.303184783,-20.1477470259,-557.9953403676932,363.4280633035968,1347.0032486108023
201305,-46.3055555562,-22.0030555564,-497.7768577472394,306.99184672981266,1332.8847619093078
312874,4.63121249233,45.1570900075,-319.37962326799334,182.6776882360934,1309.8507290339364
200256,-46.3140027969,-1.79949482475,-369.61470259333163,206.79996967274747,1313.4321535686954
201312,-46.3219444435,-22.3183333335,-596.7318478350562,401.28597073551447,1357.7069731280735
310335,4.63474228163,46.118598273,-250.88277404581467,174.19995468569257,1308.6953116688196
312349,4.63490077464,45.3140490464,-284.96297027441915,174.46989278950375,1308.7312703765556
200636,-46.351874428,-16.8355735038,-556.0662070371324,361.56959056721075,1346.5030127684051
310332,4.63534411368,46.1268936827,-314.3828369269137,181.0211977280084,1309.620734639741
312350,4.63551185469,45.2856455411,-308.59951953408853,179.29413867542786,1309.3831306133493
200623,-46.3563369484,-17.6640806384,-625.9493832561448,430.4131869495517,1366.5991753515445
201295,-46.3605481167,-21.2775522514,-594.5184673024446,399.0976768455827,1357.061807816797
201343,-46.3652777781,-23.0516666672,-668.2375294910945,473.2398355554707,1380.6859659343324
200524,-46.3686364584,-20.3269419727,-520.4170350648668,327.78874484211786,1337.8278124693861
310363,4.63897868598,45.9808559416,-458.23188345493725,272.2940216776624,1325.3232921867957
200647,-46.412222222,-15.6097222224,-661.5566945515056,466.42865911513513,1378.3662389275914
310350,4.64145930018,46.0233345591,-458.6401020813238,272.6395093582375,1325.3943174144638
312352,4.64380417438,45.2772217714,-538.2277769369696,344.5253428626783,1342.0266414814937
310231,4.6440894734,46.7390470694,-564.4130270947595,369.6306139200505,1348.6899515153084
201306,-46.4649553734,-21.7330668501,-549.5527442305754,355.3159897751135,1344.8372567568613
310369,4.64665456061,45.9352443588,-532.6206329544711,339.2240723950895,1340.6754886488231
201328,-46.4666666665,-23.4814917877,-1468.977886507146,1330.0168232078631,1857.762779417057
200624,-46.472777778,-17.2549999995,-497.6261713661297,306.8554395974736,1332.8533510412954
310814,4.64792222572,44.3683425452,-718.7354224903551,525.1732736086565,1399.3372580919456
312740,4.64795012272,45.4189139981,-306.99662439347514,178.85234379832107,1309.322708675598
310692,4.64829141475,45.5398768971,-491.8364884785186,301.63627036849425,1331.6614562918262
200261,-46.484939904,-4.29722222241,-409.9384781508778,233.88286579059977,1317.9677497882396
200262,-46.4980352871,-4.20612522587,-451.36936824105476,266.5316452169312,1324.1513933359342
310232,4.65177332704,46.5439062002,-580.3804437753238,385.1876266286903,1353.0363270360833
310405,4.65229511908,45.8565981533,-513.3723545486511,321.2561747455088,1336.242240158411
310786,4.65313134915,44.8515581942,-193.83016687326418,190.90227714538227,1311.02306386682
201173,-46.5358792482,-18.601530691,-755.4682119737972,563.3641880574544,1414.1135042694016
201188,-46.5419444438,-19.472700662,-600.227613978061,404.74767992440155,1358.7341458047035
310345,4.65521390232,46.0553212218,-565.4563178861238,370.6417565648666,1348.9674222459716
201172,-46.5561098229,-18.8352724113,-641.2520093151501,445.8284719472522,1371.53228943772
201344,-46.557222222,-23.1055555556,-602.7642659784095,407.2637997703195,1359.4857841017722
312345,4.65666016344,45.2402972693,-320.8845424240776,183.20578191160445,1309.9244837383924
200621,-46.5726797973,-17.5016789619,-636.1437140023029,440.6714388777779,1369.8646325874915
201187,-46.5729947653,-19.5174999997,-578.864690036856,383.70358447940873,1352.6145923040303
200625,-46.5869637675,-16.8727280629,-654.4259911063393,459.1763985899194,1375.9290532558214
200254,-46.593798391,-1.73133777711,-457.67383728579057,271.82221336328536,1325.2264373491676
310359,4.65939325167,46.0014994193,-450.18409164253353,265.54532784436515,1323.9532150765083
310396,4.66016415773,45.8637388209,-563.8132830207214,369.04970269154967,1348.5308589825347
310336,4.66016851773,46.1237673234,-416.87203310715216,239.05564920401136,1318.8955220137047
201313,-46.6041666669,-22.2725218877,-637.2824833584774,441.8201319632185,1370.2345870614445
200622,-46.6166666669,-17.514614227,-605.542210361869,410.0232066248898,1360.3149725495227
201340,-46.6354426995,-22.8847733163,-624.0936080749082,428.55074769139287,1366.0137400181243
201189,-46.6372222216,-19.3233333327,-587.514310692868,392.19148251315147,1355.0468455102632
201315,-46.6475000005,-22.5225000004,-544.9389648566049,350.9068642036774,1343.679062096567
200620,-46.6482502285,-17.514141973,-630.234324632673,434.71944594455067,1367.9615459704228
310370,4.66508192714,45.9522566173,-529.5571863638047,336.33995140270355,1339.9486398668512
310364,4.66512306914,45.985505272,-479.4640200002503,290.633990437716,1329.2125153523052
312797,4.66512681714,45.2691002537,-537.3882572812759,343.72981891823116,1341.8226346969302
200634,-46.6647222219,-16.5005555561,-554.9311238011685,360.47741034975445,1346.2101462787737
310352,4.66864202643,46.0312186398,-496.5416588813645,305.8745372086931,1332.627865191211
310228,4.66887998745,46.5566853713,-579.8511159893795,384.66920710836234,1352.888832635124
310346,4.66888810445,46.0600494352,-568.3082173818673,373.40970152080905,1349.7305656171943
310755,4.66889001445,45.2398823503,-291.327640535018,175.40534108296825,1308.8563054254214
312346,4.66939622049,45.2434639836,-509.5281765086913,317.71406047315094,1335.3950796651113
201307,-46.702312765,-21.2937657187,-542.9403859564823,349.0024250997375,1343.1829686595008
200253,-46.7066299814,-1.8557826344,-363.7949015500065,203.3882831033273,1312.899306220843
310366,4.67155287167,45.985315105,-487.43559689911217,297.698458285654,1330.775024802129
200631,-46.7187476114,-16.5311727596,-690.977034179461,496.5333093033055,1388.8423675202105
312325,4.67242250674,45.1598658277,-318.9885441596424,182.54264752584336,1309.8319024734417
310229,4.67290539978,46.4681947799,-547.1612310575017,353.02837506880184,1344.2346626148167
201329,-46.7314794314,-23.3354403376,-475.89848611784885,287.5040790664463,1328.5316669358306
310203,4.67336142282,46.8891560938,-633.7316369815616,438.2401560960779,1369.0844491800228
310091,4.67340940483,47.1226379101,-461.95047687730596,275.45205839025607,1325.9757279237356
201296,-46.7352926527,-20.7351325435,-591.3246291287478,395.9449598572422,1356.1379744730273
310090,4.67358151084,47.0861550881,-508.8002702871536,317.0452095699359,1335.236106268362
200635,-46.7477838028,-16.1347222218,-446.5761529741552,262.5598328043307,1323.357646433378
201314,-46.7519003801,-22.2771775821,-507.56386066250144,315.9104896752835,1334.9671277070195
310373,4.67643690208,45.9761942382,-417.8815075795635,239.81957730479084,1319.0342013117402
310233,4.67694996112,46.5741428927,-362.16213452185366,202.45695250204764,1312.7553512318539
312799,4.67695704512,45.2311623786,-575.2404323575533,380.1611430258411,1351.6139571779236
312798,4.67710230313,45.248373037,-504.91225679448144,313.48290371590764,1334.3947412567277
310902,4.67723196414,44.1473683979,-579.6186503850205,384.4415882869442,1352.824130985266
201342,-46.7808333325,-22.711388889,-687.0360683377236,492.4847650436605,1387.400100321303
200633,-46.7977524309,-16.2477408702,-573.2893514039249,378.2576699674497,1351.0798123947584
200632,-46.8020796983,-16.232759278,-495.48939403066237,304.9242214562353,1332.4100627817784
201318,-46.8061150966,-21.9771361963,-675.123752262323,480.27633393111535,1383.1135714415368
201297,-46.810517079,-20.8101244907,-538.5418499563966,344.82311697783757,1342.1031169674568
310337,4.68107329046,46.1267240917,-526.6480725180054,333.6093787061838,1339.2658481915296
200626,-46.8186111106,-17.0396660237,-609.3978485284201,413.85980416102865,1361.476306099984
310353,4.68188108153,46.0309327488,-504.29576216724786,312.919667961274,1334.2625353237065
201345,-46.8320498618,-22.9853138777,-654.2851086734836,459.0333028547121,1375.8813058186224
310317,4.68557057483,46.2225324816,-458.60387537276983,272.60883757303293,1325.3880084316334
310903,4.68573517785,44.1143337702,-531.708161002871,338.3640951965228,1340.4581513384196
200618,-46.8604650131,-17.6181196796,-553.252816747898,358.8643630682604,1345.7791147331125
310374,4.6864179549,45.9691298286,-535.1433320502922,341.60563419871323,1341.2800616902334
201330,-46.8762029414,-23.1833333331,-823.2701724159608,634.5403276866837,1443.9457129796035
200255,-46.8769444445,-3.34338132349,-484.0663548155962,294.7016209095017,1330.107830192026
200630,-46.8801485497,-16.3478667365,-682.2087116348752,487.53205022507694,1385.6497734161105
310756,4.68930627814,45.2230141799,-557.1874252442824,362.6493970827102,1346.793369368852
201308,-46.8974330592,-21.5982662319,-766.1545177808152,574.5285773672629,1418.5982097772091
201316,-46.9336185492,-22.372767935,-710.4635145585694,516.6170332597105,1396.1486144481598
200260,-46.9358934293,-4.69583333339,-667.0164135489556,471.9937394397394,1380.2593541221738
310093,4.6936688865,47.1730044053,-449.4310167523873,264.9200702499027,1323.8279488636977
310338,4.6936894595,46.1311902491,-514.6694267805244,322.454988840929,1336.5309627538957
310375,4.69374169251,45.9773257093,-498.410078425234,307.56537217089056,1333.0169739092112
310360,4.69413768154,45.997670061,-499.4114375904502,308.4733464155748,1333.2267624152594
201179,-46.9644072547,-18.9023326958,-479.2545986834459,290.4496319894112,1329.172217319575
201309,-46.9645039467,-21.418541841,-590.8787083063023,395.505249670841,1356.0096596590477
200178,-46.9649999998,-8.03444444363,-616.8670097631494,421.3134625403658,1363.7605465363795
312326,4.69757037382,45.1566128634,-567.4161483922742,372.54328056186597,1349.4911227804532
310757,4.69795360786,45.2189521666,-539.32536484363,345.56634972404385,1342.2942660359734
310406,4.69806846987,45.864672663,-579.671690550491,384.49351956866076,1352.8388895806283
201341,-46.9870870516,-22.710992623,-663.1639823434996,468.0658782815137,1378.921122103399
310812,4.69877463792,44.4519667891,-619.2485289248764,423.6957776197481,1364.4984084066405
200617,-47.0108333325,-17.9150000001,-541.3346552335415,347.4747876275916,1342.7868492833445
201299,-47.0144449468,-21.1354973686,-540.8656825361682,347.0290408224812,1342.6715718095857
201186,-47.0187909082,-20.0140236818,-499.8802116263114,308.89882842033217,1333.3252719313864
312691,4.7020628132,46.0851811233,-490.7697273010046,300.6793773659534,1331.4450354951305
310855,4.7020908992,44.2196234979,-582.5234204130682,387.2882448341762,1353.635836980607
310925,4.7021654872,43.8977549013,-688.646290179996,494.1383805622738,1387.987944369892
200619,-47.0222222225,-17.2306741675,-598.1525202349251,402.69198787123156,1358.123201947134
200186,-47.0487197707,-6.19325496729,-594.5191446769494,399.09834611887345,1357.0620046432189
200167,-47.0561352123,-14.4508333325,-766.1629771862686,574.5374240217224,1418.6017926722666
201331,-47.0607576657,-23.1479040661,-584.6243588734377,389.3504300753392,1354.2272896273
312444,4.70609329053,45.1595677787,-577.7927455088625,382.6549528534936,1352.3174950856624
201734,-47.0688963274,-23.9354618333,-378.46590729358275,212.25181088068302,1314.3015733816883
201735,-47.0931089094,-23.9390199626,-376.50669333202393,211.0186916551905,1314.1029955065624
201175,-47.1063665755,-18.2687844084,-596.596715404313,401.1522909066064,1357.66746851763
312631,4.71081956992,44.2562387949,-600.8720301456591,405.38655027941473,1358.9245930951786
201174,-47.1219444437,-18.2983333329,-644.3938504219628,449.0055995083014,1372.568330889672
201317,-47.1341666668,-22.2979970638,-594.9884397650831,399.56209119705403,1357.198459803582
310347,4.71428297021,46.0644250405,-582.3308476155044,387.0993609169547,1353.5818075734346
201176,-47.1559015616,-17.030672424,-640.0085067915378,444.5721108755849,1371.1244131514197
310339,4.71645585739,46.1269303647,-608.0987459544533,412.56625971038335,1361.0836540135465
201738,-47.1772222223,-24.2888888885,-512.4826439467371,320.434922372237,1336.0450344382684
201332,-47.1810516076,-23.11046698,-662.9478153691232,467.8456325759942,1378.8463766830168
312693,4.71830914854,46.1644390428,-445.8202471440427,261.9376006558993,1323.2343334454486
310407,4.71872022557,45.8476444136,-551.6917728926744,357.3659961152228,1345.3803364665612
310801,4.7190080336,44.5776148405,-753.6326823323832,561.4488263697752,1413.3515412675822
312158,4.71976777566,44.6096675922,-251.54986433047998,174.12825394702307,1308.6857695390788
310355,4.72252524689,46.0186913337,-402.9547608177391,228.81002310129523,1317.076998980343
312348,4.72275992091,45.2066166906,-573.6826353622002,378.64115413824413,1351.1872254349482
310856,4.72278071091,44.1519270413,-663.3564534049913,468.26199483134627,1378.9877049397082
310412,4.72313240394,45.9356716969,-578.0104628686415,382.86787545470423,1352.3777595874055
200629,-47.2316087008,-16.2063053048,-581.8614411481365,386.6390431749004,1353.4502370898806
310854,4.72352167697,44.2739411694,-638.2256056824453,442.77188468796436,1370.541767492543
310318,4.723885033,46.22768608,-576.6709519989979,381.5583502429847,1352.0076069355528
310361,4.72405867402,46.0142234124,-465.5798043096578,278.5573547618258,1326.6242853435776
201300,-47.2527095486,-20.9848065891,-588.248043232342,392.91360082672253,1355.2560246263702
310094,4.7262547852,47.2099354593,-350.16713670971933,195.98142328124695,1311.7722793392134
200179,-47.2646763066,-7.96466613885,-557.6684680587123,363.11296535452226,1346.9182678173186
310857,4.72700018226,44.1519319483,-684.0551697343982,489.4256111651403,1386.3171438872932
310409,4.72704006826,45.8853858777,-593.7418463037104,398.33051597473275,1356.8363919530418
310410,4.72778697832,45.9111728009,-596.1336770256935,400.6943075479835,1357.5322179133761
201334,-47.2981001833,-22.9598133156,-660.4331055846311,465.28469225354826,1377.9795497092584
200185,-47.3013828636,-6.53527777759,-713.6158836105812,519.8756916726347,1397.3576955681576
200180,-47.3106268184,-7.70985231977,-605.651101496816,410.13145406865607,1360.347604176198
200627,-47.3197222221,-15.7263888891,-569.4816112533263,374.5501995705086,1350.0465349645392
310380,4.7322862977,45.9525866943,-620.0619092357845,424.5100495214256,1364.7514706774032
312695,4.73449491588,44.7602352976,-338.29231819178517,190.25115488603356,1310.928410137991
310758,4.73544228996,45.2020281982,-490.2551880626062,300.2183717394483,1331.3410026365661
312741,4.73623191802,45.4140850677,-590.7392385050193,395.3677461898731,1355.9695606092016
200628,-47.3651545749,-15.9268394986,-553.6382502479454,359.2346154703307,1345.8778932442451
201739,-47.3725905425,-24.2481043622,-327.63708075115767,185.73750801910325,1310.280968516523
200184,-47.3855568006,-6.28846247216,-765.4420233138432,573.7835158196791,1418.2966253918266
312041,4.73876740123,46.3321219297,-544.1401391863207,350.145261996188,1343.4803679510285
200181,-47.3895483249,-7.46402018743,-549.929344492111,355.676651048946,1344.9325911259812
310378,4.73944692829,45.98590945,-628.8289086276541,433.3061358867431,1367.5130719552749
201335,-47.4018403139,-23.4161256783,-636.6000208557357,441.1316566593985,1370.0127492394065
201180,-47.4021106539,-18.4905668488,-570.4214725075924,375.4643955800899,1350.3004506108166
310348,4.74024258336,46.0689210589,-620.2528969170103,424.7012919371553,1364.8109693084023
310797,4.74047372837,44.7315952353,-585.190002566958,389.90610372954046,1354.387154508268
201182,-47.4062016543,-18.7808333328,-558.8981473155405,364.2987673214336,1347.2384296936336
312327,4.74353889563,45.1848682118,-539.4866417126356,345.71940185696644,1342.3336766213497
310691,4.74357272763,45.6891154635,-606.5366554223002,411.01200345817216,1360.6133402102716
312042,4.74376949965,46.8773979528,-547.9786786124243,353.8097849280274,1344.440091072216
310319,4.74491122374,46.2187999233,-549.3514860317136,355.12329633087273,1344.7863585597368
201183,-47.4563888894,-18.9780555561,-528.160029713456,335.02752694050963,1339.6198111327428
200187,-47.4599758987,-5.78542742254,-679.2601772629077,484.51050935719724,1384.589552267755
200183,-47.4605555558,-6.86472222184,-736.0092129970358,543.0949456606805,1406.1614112802374
200172,-47.4719058007,-9.99351075572,-691.7361933740734,497.3137218850614,1389.121568670872
310411,4.74722782393,45.9482169699,-629.3929146377834,433.8732049111115,1367.6928575200247
312058,4.74740606295,44.2824136861,-650.0266318708068,454.7114568447985,1374.4454531036765
310684,4.74757299796,45.1441773824,-531.1431242407136,337.83195423952253,1340.3239249811018
201319,-47.4769943011,-21.8478184776,-690.2816185204701,495.8185741301748,1388.5869987234976
201310,-47.4770944911,-21.3155271405,-532.1132699024139,338.74580253910034,1340.55455439505
312795,4.74791871099,45.3889913236,-527.7809320826933,334.67174282239523,1339.5308768427967
200182,-47.4813743465,-7.33705506892,-768.5849257901014,577.0708014399511,1419.6297068059682
312039,4.74823724502,46.251853563,-469.79924855185595,282.19520562584916,1327.3929066593912
201301,-47.547860882,-20.7348090695,-500.4026448877362,309.37333159907973,1333.4352825976093
201177,-47.5560742517,-17.502389422,-628.8099109173493,433.28703746060154,1367.5070206045878
312328,4.75590051765,45.1895038541,-548.3170509177853,354.13339966658737,1344.5252914433652
310686,4.75608045267,45.6688263708,-641.0781887057279,445.6528158883098,1371.4752009717972
310341,4.7565192447,46.0477636282,-470.3385895550475,282.6622933982336,1327.492284979691
310095,4.75677470972,47.2483859325,-312.0786777974497,180.30834990100962,1309.5223921779561
201336,-47.5683718097,-23.6392529978,-677.819624297706,483.03528937897903,1384.074017297083
311990,4.75685439273,47.2484675085,-315.9976875474649,181.5400952145029,1309.6925596268547
312978,4.75813815284,45.3525061566,-491.84872624553714,301.64725646260854,1331.6639448084754
310853,4.75950727695,44.281605387,-663.7954755534552,468.7093810284802,1379.1396877892944
201302,-47.5981460981,-20.7185450831,-522.4811729351935,329.712618188258,1338.3004913561108
312358,4.760072681,44.5478515461,-678.7871535176539,484.0260292458364,1384.4200921537304
310693,4.76062965704,45.5858233609,-612.2142350708391,416.66708536640726,1362.3322849434305
312784,4.76065261704,45.4854957846,-424.37392292367883,244.7954940252684,1319.9479643025809
201737,-47.6097681371,-24.2062580907,-394.00794808459807,222.5276627574295,1316.0001349786162
312355,4.76111539408,44.5564186828,-668.0017907044671,472.99923456339775,1380.60351675237
200164,-47.6113888892,-15.5063888889,-569.8259065554246,374.8850227437566,1350.1394649624306
201741,-47.633190725,-24.3268595657,-658.8386838505976,463.66213172945226,1377.4325271937466
310340,4.76468460838,46.1148553097,-551.4572603545455,357.14106555337816,1345.3206068725974
201736,-47.6470052352,-24.1771845453,-275.62126948886925,173.59693802279907,1308.6151808160957
312067,4.7650102794,46.3014598521,-560.3926034909391,365.74141920277094,1347.6292443739521
310316,4.76509701541,46.2445602104,-477.8323548309354,289.1993156354111,1328.899559310425
201346,-47.6519965096,-22.7142852552,-861.0828028922684,674.5341872899138,1461.9624360407884
200173,-47.6744251225,-9.96038799898,-741.6093022057399,548.919862397062,1408.421389324041
310813,4.76812262166,44.413992083,-600.9396679367372,405.4536190665823,1358.944602176866
310206,4.76867492771,46.9228545936,-630.3320026783557,434.8177050317757,1367.9927745352138
310904,4.76876416072,44.0727498997,-757.4749126855586,565.4589445769859,1414.9493321577172
201178,-47.6892423337,-18.1100201673,-646.8792829171781,451.5217427697011,1373.393490142297
201197,-47.6895349867,-16.4311161404,-580.0050791211212,384.8199790856225,1352.931709612466
201184,-47.6899999997,-18.7380555562,-531.5661015464666,338.23027819501334,1340.4243789409861
310769,4.76924592875,45.0601571994,-321.8183303096406,183.54015909393095,1309.971291506679
310688,4.76953287278,45.6058194786,-572.057369436855,377.0570564045673,1350.7441720606937
201333,-47.7186631771,-23.1017149713,-767.6250843836605,576.0666669355608,1419.2218287941103
310237,4.77286270005,46.5742355637,-403.53453807895073,229.2256917757385,1317.1492748893413
310687,4.77293072206,45.6143247343,-545.3977672255705,351.34452898099727,1343.7934263183201
200177,-47.7645350289,-8.39329388032,-626.953845667115,431.42190885031107,1366.9172096390832
310800,4.77669931137,44.7100953645,-593.1402528382791,397.73648758550075,1356.6621201051878
200252,-47.7679049622,-2.50611347321,-300.8883016793699,177.3185238642932,1309.114071987947
312785,4.77692648539,45.4726075666,-665.4978106484829,470.4447862719083,1379.730441608749
310283,4.77710654641,46.4154972666,-457.4307628778605,271.61687759606696,1325.1843353913025
312382,4.77719298041,46.1108126474,-503.94530118858415,312.59968297292215,1334.1875266866437
310663,4.77729168042,45.7309936089,-589.1577775304538,393.8093802293633,1355.5159986249098
201181,-47.7975756666,-18.4147609075,-615.0817740472395,419.5294252871136,1363.2104508303871
201337,-47.802139118,-23.4816233277,-646.9940568316887,451.63799377004744,1373.4317136239738
310694,4.78141399576,45.5812644716,-689.5796529078325,495.0972524776587,1388.3296020694718
200174,-47.8146702811,-9.31020845018,-342.01293600108244,191.9699060728033,1311.1789501853102
312689,4.78157373777,46.2019399809,-586.6380860300462,391.32955035206163,1354.7976275260444
310287,4.78160530678,46.2853112038,-541.9938744753478,348.10167921776383,1342.94920739605
201339,-47.8185205694,-23.0333333326,-716.5691082914545,522.9308113214671,1398.4972034297314
312040,4.7819206348,46.7900323826,-426.36595925346495,246.34335432274452,1320.2359042195576
310759,4.7854529351,45.2064600605,-459.0432946197475,272.98103505879055,1325.464612908704
201298,-47.8774864123,-20.1643774293,-589.7375819689908,394.38054651133126,1355.6820460705483
200168,-47.8858333329,-12.6222222222,-627.5906860549862,432.0616852536176,1367.119268548157
312692,4.78975261745,46.1979262936,-670.2383015232338,475.28263443429324,1381.387482629785
200175,-47.9310978147,-9.31004311617,-590.8879920570248,395.514402937793,1356.0123294065916
201190,-47.9355927451,-19.0686111106,-620.2156306110026,424.66397457407356,1364.799357368145
201199,-47.9406907255,-17.0388548967,-684.0926439605744,489.4640522771524,1386.330715609743
310284,4.79436334283,46.4063816318,-470.40530484918594,282.7201035294405,1327.5045956647946
201196,-47.9442112938,-16.0647222221,-503.7262247630665,312.399731163719,1334.140692207016
312329,4.7976249881,45.1936629675,-543.4013100878967,349.44133885040566,1343.297079528209
312381,4.79783369312,46.1312047721,-489.0373637909926,299.1286641729127,1331.0956961470963
201304,-47.9788888886,-19.7272222221,-637.8604375523786,442.4033308760806,1370.4227456305964
310735,4.79819260815,45.3234153092,-754.34305877278,562.1900177302151,1413.6461405199504
310788,4.79842887017,44.8231044918,-244.8365828160728,174.9880709277163,1308.8004506182199
201742,-48.0013888885,-24.6899999997,-623.2910330925022,427.7457793647018,1365.7614163300148
310924,4.80255930151,43.9520967928,-669.1219304607718,474.1426463325983,1380.9956711165792
310768,4.80270911952,45.0727810615,-354.74763964019195,198.3761918415359,1312.1321991556342
201311,-48.0352133093,-20.9686509128,-301.1044564979096,177.36870778357996,1309.120870306584
201320,-48.0472655623,-21.4975620196,-618.5628213289671,423.0095625503346,1364.2854849995572
312621,4.80637496683,44.1559725056,-608.4090175943261,412.8751252211094,1361.1773079205364
312003,4.80670220885,44.5437662877,-632.3885909106306,436.88749652070095,1368.65206651931
310238,4.80690108887,46.6226241917,-534.1718933340087,340.6878546650263,1341.046609513521
201195,-48.0855940325,-16.3636086938,-631.5049850948036,435.9979918186632,1368.3683873289965
312678,4.80937486208,46.1814198792,-516.1943244511319,323.8666877886425,1336.872254940852
310314,4.8096865451,46.2408499691,-630.0186294634094,434.5024825777828,1367.892613452426
310776,4.81043637116,44.8187699745,-631.6581642088315,436.15216920617206,1368.4175200846782
200176,-48.1060410952,-8.38944773,-632.4769630725962,436.9764772984313,1368.6804726756345
310760,4.81071407719,45.1853844198,-588.2512104645587,392.91671862157375,1355.2569285356178
310746,4.81080411319,45.3113058642,-581.9472159150089,386.72314688210884,1353.4742653282524
200166,-48.1355302086,-13.5313114054,-668.8217629486232,473.8362006848984,1380.8904879283334
201200,-48.1393228619,-17.1295851012,-632.6575597883634,437.15832829567,1368.738542808566
200235,-48.1438780463,-5.63399184401,-530.0055419225243,336.7615099883392,1340.0545172421448
310872,4.8144956175,44.1352848949,-509.5565981012736,317.7401883486515,1335.40129618901
310415,4.81872611385,45.8979071228,-502.30684986245575,311.1056461705623,1333.8382651770996
201191,-48.1902777781,-18.9896899311,-612.6285185362507,417.08036577290517,1362.4587428926836
200234,-48.1980656888,-6.03915964054,-568.1780637211778,373.28325541806333,1349.6955891411064
310734,4.82250913616,45.3516803516,-804.2206589120408,614.4663811708282,1435.237516288027
310675,4.82264518617,45.6319620728,-538.3731107043171,344.66312367092996,1342.0620192040508
310210,4.8229629522,46.7482868271,-556.2313957923163,361.72861797628514,1346.5457243014382
312679,4.82302958521,45.3019516284,-643.738145057852,448.34220156430086,1372.3514580000913
310215,4.82337550723,46.7566373118,-567.537270182276,372.6608874055932,1349.523594300365
201192,-48.2353096089,-18.989385301,-665.0843762455316,470.0232274296015,1379.586760191178
201202,-48.2354737389,-17.3272222215,-673.2438674311583,478.35386063856225,1382.4471818334573
310795,4.82591718544,44.7692681744,-647.832021882242,452.4868993984293,1373.7111008864479
310665,4.82667116051,45.6437084667,-686.078740125286,491.50200929601925,1387.0515562564628
310745,4.8278217416,45.3184436608,-590.6317841871157,395.2618145790277,1355.9386773138958
201303,-48.2831907248,-20.2060582707,-562.9819257298319,368.2448792813787,1348.310826808273
200231,-48.297489866,-7.20554486104,-720.6806464803442,527.1878724849629,1400.0945851858269
310750,4.83084598085,45.247869485,-751.4240345847461,559.1450314238156,1412.4379493405688
310762,4.83118486688,45.1769408271,-555.6939746542648,361.2113185398505,1346.4068520372098
310315,4.83183919193,46.227498773,-367.2878879398248,205.41894071448718,1313.215418648332
310417,4.83186136194,45.7979389475,-591.8109965647138,396.424685332768,1356.2781151786812
311993,4.83187116994,46.9354267116,-541.8387309990947,347.95411028836617,1342.9109640769266
310744,4.83226821097,45.3224980151,-543.8095840103726,349.83026690583677,1343.3983066145574
310871,4.83486778918,44.1313132476,-625.0913805995754,429.5519079424059,1366.3281583091277
200171,-48.3852958533,-9.56705766944,-689.9707014149478,495.49906571378875,1388.4729448911453
201371,-48.3897222216,-23.5638888885,-641.4898974785626,446.06889204967564,1371.6104589226043
310775,4.8399201886,44.8522364702,-679.5957389599515,484.8542412928368,1384.709872092744
310323,4.84028311963,46.1606062555,-620.6565043108587,425.10549424065016,1364.936802861231
200170,-48.4232354774,-10.7045913586,-699.9011549849342,505.7178145354664,1392.1523991682734
310733,4.8434769119,45.3602625103,-512.6939507206846,320.62989178660797,1336.0918090006178
310773,4.84377788892,45.0151867527,-609.3691809902593,413.83124995989937,1361.467626502674
310214,4.84385605093,46.7604850061,-499.68269631433964,308.719521047369,1333.283742212125
310732,4.84419399196,45.368637134,-713.0167558859391,519.2561647475992,1397.127323904245
310213,4.84451406198,46.7695183209,-443.53845985751207,260.06632624785715,1322.8651815735072
201321,-48.4476215824,-20.4559050804,-529.8462653902,336.6117311493653,1340.0168850125824
201373,-48.4560952361,-23.6013141936,-687.1902981723547,492.6431173489123,1387.4563184629294
200232,-48.4680656891,-6.67302178198,-708.7383823415535,514.8348340134819,1395.4901292682587
310065,4.84749184223,47.532364411,-505.35660862456757,313.8891447385088,1334.4902359163682
310849,4.84762443124,44.1813286977,-466.1534609603872,279.05021744898477,1326.7278614809356
312359,4.84940170539,45.1812999935,-510.3914133352047,318.50803626396925,1335.584203162115
201372,-48.4946391183,-23.5642535296,-691.8801577667831,497.4617358269375,1389.1745654104818
201203,-48.4974999996,-17.5730555559,-557.8618868816191,363.29940725315964,1346.968542276303
201732,-48.502440497,-24.7436111111,-544.8919286312913,350.8620049356129,1343.6673476269675
310743,4.85093545351,45.3279130116,-472.96064066522706,284.93967069698084,1327.9790700565861
310870,4.85170143058,44.1267141772,-493.9499249960373,303.5364515129542,1332.0931543884337
310914,4.85219430262,44.0017815849,-578.9519302835132,383.78895983779137,1352.6388136767425
310852,4.85267962866,44.3022181237,-788.3673198569004,597.8033958198474,1428.183004598918
200169,-48.526984335,-12.0230555556,-633.7948428194212,438.30383350203124,1369.1048334711363
200233,-48.5477941947,-6.40173778654,-708.5620065428536,514.6526680179717,1395.4229334755353
201185,-48.5518539021,-18.335648573,-580.4459170739345,385.25176299811613,1353.054587023232
310286,4.85598712193,46.4062709948,-546.3408078724224,352.2446727241252,1344.0290562461728
201232,-48.5599404967,-19.2440312191,-650.8800476177576,455.57701975271846,1374.732052255355
310309,4.85650233397,46.2732005528,-652.7146110866806,457.43863609420873,1375.3501010154403
310848,4.85695002001,44.1771761404,-669.268262091096,474.292049634642,1381.0469734654507
310277,4.85850368514,46.4781916728,-503.08471281487465,311.8145486533647,1334.0037883467023
201374,-48.5856150578,-23.8003936491,-652.4726185636888,457.19300199599235,1375.2684231253036
201733,-48.5895275492,-24.5857029311,-387.66245948534004,218.22985326909676,1315.2802223972285
201193,-48.6016666672,-16.1473495099,-604.7762835012643,409.2619833581484,1360.0857199433044
310097,4.86018392128,47.314925707,-587.548949127455,392.22556541654944,1355.0567105246125
201201,-48.6061111105,-16.6480951753,-502.4804170391742,311.26376318889294,1333.8751533955353
200230,-48.6143008422,-7.1542940308,-671.8023915400133,476.88051811281696,1381.938067760998
312002,4.86468810965,44.8398396042,-807.1857984158089,617.5873986680035,1436.5764823235008
201229,-48.6555555556,-16.8358333329,-578.385419694536,383.2346461900729,1352.4816407670316
310322,4.86848135597,46.1484019045,-594.3436621772082,398.9249710666442,1357.0110268940243
310285,4.868929122,46.4023222175,-582.7858209032249,387.54565597595166,1353.7095072567386
201771,-48.7097222221,-27.6927777782,-548.1913452807178,354.01316558764853,1344.4936280923164
201744,-48.7105345302,-25.3015556643,-435.89367774460754,253.87621885579657,1321.6621841726305
310700,4.8725648293,45.5685343765,-547.6656249296948,353.51046778792096,1344.3613522439146
310098,4.87446353646,47.3106908116,-520.6267132487592,327.9839765015863,1337.8756606700208
310701,4.87637893562,45.5397669711,-596.7284382080613,401.28259763454616,1357.7059761729638
310293,4.87659595064,46.3308941526,-557.9554087227996,363.38956572968874,1346.9928622871998
310414,4.87686770366,45.9185640355,-409.1582763445682,233.3091349497115,1317.8660580735943
310239,4.87715987068,46.6816759166,-691.5664607127874,497.13922266739104,1389.0591064766788
201206,-48.780555556,-18.698333333,-547.7406161021559,353.58216111285446,1344.3802063511232
312520,4.87966927889,44.5898100255,-637.0763778308412,441.61218993837844,1370.1675521167556
201770,-48.8019444437,-27.702777778,-556.5287019778051,362.01488747479686,1346.6226543931457
310731,4.88030121794,45.3849508693,-642.0946076472287,446.68014205219225,1371.809368635168
201194,-48.8033333329,-16.2980555564,-585.3599577627157,390.07310144828966,1354.4352398859605
310724,4.88073434798,45.5274987071,-560.0355341067406,365.39657662497984,1347.5356962918297
310199,4.88152587805,46.9979612038,-574.866717392761,379.79635193093804,1351.511399697206
201731,-48.8228385685,-25.0897438248,-513.683570826708,321.54364874319043,1336.3113831059497
201205,-48.8230655695,-18.2499999999,-628.3544544555402,432.8292144673178,1367.3620308710663
201745,-48.8271404058,-25.4769444438,-413.76305177262583,236.7199536699675,1318.474167754895
201749,-48.8272606988,-26.4476704391,-541.853767470885,347.9684117333881,1342.9146697149854
201204,-48.8393044118,-17.7000000004,-633.6366726791368,438.1444865064995,1369.053828608465
201764,-48.8478608815,-26.9061370621,-799.1785879856734,609.1624038301628,1432.974748141639
201769,-48.8498573917,-27.2725788574,-717.334821101595,523.7233049391124,1398.793728434539
310771,4.88510972034,45.1060655052,-451.09672578409754,266.3045296394683,1324.1056970944392
201235,-48.8586111114,-19.5019444445,-563.8917554315817,369.12569627189623,1348.5516579722348
311826,4.88591751241,43.689627282,-478.7563041008518,290.0112320296151,1329.0764873681223
310742,4.88681818348,45.3221145681,-511.785867586158,319.7923658921113,1335.8910703550366
200228,-48.8814489853,-7.87638888855,-683.5543171650743,488.9118775243629,1386.1358586213146
310292,4.88908345067,46.3269886623,-501.8027334708421,310.6466091645002,1333.7312736667957
201211,-48.8972222216,-16.4580555556,-539.5549505640442,345.78423398052604,1342.3503756623868
312629,4.89018131776,44.3645442799,-664.5379253329695,469.4661294747961,1379.3970571577634
310247,4.89048675479,46.5985555257,-511.13980960373544,319.1970604619463,1335.74868818165
310096,4.8906589368,47.3156378661,-527.9938308374788,334.8715318297226,1339.5808065963909
201375,-48.9145275491,-23.9813678881,-566.7103428745589,371.85816178801474,1349.3021481713474
201767,-48.9196316805,-27.1019594633,-513.1439573937497,321.0452688721804,1336.191550353714
201768,-48.9351918088,-27.2853624685,-289.72239923477633,175.14364193859527,1308.8212597153847
310868,4.89382173706,44.1640382143,-447.9865505424286,263.7238613943613,1323.5890864011396
201746,-48.9394444441,-26.1766544617,-363.9800031437019,203.49459082869888,1312.9157791221762
310671,4.8943081611,45.6274725614,-435.3466256208831,253.43810229102058,1321.5780969221325
201730,-48.9478533048,-25.2147550911,-435.7748157755693,253.78096977275257,1321.643891216636
201763,-48.9641815422,-26.9226154344,-792.0535325195535,601.6741996336073,1429.807552461587
200225,-48.9682663915,-9.60361111146,-543.7443067635501,349.7680733269616,1343.3821123158916
312380,4.89758665637,46.1191207471,-409.3265118579922,233.43270289790257,1317.8879396039986
312356,4.89805826041,44.6262622195,-513.746448119863,321.601742006534,1336.3253627141441
201748,-48.9814707046,-26.2479887156,-228.47294029947096,178.3447277030167,1309.2534653270598
312379,4.89823425743,46.081891427,-414.70589466617673,237.42553943499678,1318.6010319074724
310770,4.89833134744,45.1266650119,-415.6578636805439,238.1403904563363,1318.729934496881
201729,-48.9997222221,-24.6555555559,-261.7735573488142,173.412354184871,1308.5907072707612
201233,-49.0091666669,-19.0394444442,-655.7272368796415,460.49843670056924,1376.3708093297823
201774,-49.0140761243,-28.2643939655,-640.5053348515817,445.07400043077126,1371.2872275460388
310730,4.90185150873,45.3857491744,-644.643991162702,449.2587201198424,1372.6511545819535
310291,4.90209639575,46.3486663301,-430.3034872972095,249.43096268362362,1320.8155055558407
312378,4.90227017276,46.0647065766,-489.3600837646975,299.41723943103545,1331.160575527969
200165,-49.0394384204,-14.517598108,-624.51525504089,428.9737706761829,1366.1465113594495
200229,-49.0476872801,-7.61406187384,-694.034271545398,499.6771660122324,1389.9694474359744
201376,-49.0564335158,-23.7807262105,-626.7037165781479,431.17067648246064,1366.8379372953452
310699,4.90598658607,45.5813209656,-486.82059317289554,297.1502570961294,1330.6524977858596
312630,4.90602658507,44.3601576725,-705.2653579319759,511.2493220581454,1394.1713179793812
201762,-49.0654203855,-26.9142203407,-589.4834296661143,394.1301562347603,1355.6092263720723
310278,4.90687110714,46.45665929,-668.2799194598615,473.28310184528976,1380.700796358049
201213,-49.0763888895,-16.9572222219,-670.7619240582621,475.8174790375543,1381.571593486601
201747,-49.0808333328,-26.4770482306,-554.6627185443577,360.21929507553307,1346.1410532021396
201766,-49.0853683202,-27.1975592882,-372.751437841209,208.6966478723168,1313.7321208696214
310718,4.9099813124,45.5276492041,-636.3542073250787,440.8837253922238,1369.9329377335146
312826,4.91023809342,45.5346744767,-577.3701080347113,382.2417104038232,1352.200621115037
310723,4.91024018742,45.5347194347,-557.0390007581641,362.5063996916061,1346.7548716781469
201773,-49.106666667,-28.4194444443,-558.1132334412597,363.5417294698148,1347.033920744892
201212,-49.107003947,-16.9138856733,-611.1182452263015,415.5741633307535,1361.9984140223908
201481,-49.1183333329,-25.443293557,-437.75444293182517,255.37137420908272,1321.9502007779593
201482,-49.1223945823,-25.4514618857,-440.6610582156213,257.7218755878697,1322.4062763492848
200236,-49.1351366093,-5.32713937862,-576.9246709576132,381.80630030773534,1352.0776033668083
201484,-49.1482353534,-25.5182608532,-604.3347942772082,408.8233457665243,1359.9537942941984
310216,4.91802407206,46.7187705317,-687.5220768801894,492.98378866591173,1387.5773169300685
201236,-49.180277778,-19.3597222217,-644.6789538033543,449.2941012502904,1372.662734975259
310668,4.91814349407,45.635446955,-497.1088659401736,306.3873711177663,1332.7456680672076
310728,4.91828871409,45.3978833754,-585.6425681210263,390.35083289318624,1354.5152517826648
201483,-49.1853162555,-25.4851454865,-702.7628716460707,508.66780141697967,1393.2267320037452
311354,4.91860246511,43.8896393036,-564.7071647444337,369.91560938035985,1348.7680870463591
310793,4.91873158812,44.752430191,-673.1885665174159,478.2973244930921,1382.4276202350347
312059,4.91920964916,44.2311471888,-660.1057704797051,464.9515055208426,1377.8670825074346
201210,-49.1981001825,-16.68097366,-857.3637097105791,670.5925732957807,1460.1480041183868
200251,-49.2109238306,-3.51338305755,-421.6898479944369,242.725400237207,1319.5656158341517
200237,-49.2228144636,-5.51479427615,-461.80468714395204,275.32778977154305,1325.9499185082122
310716,4.92264127745,45.5104684267,-531.7956387496865,338.4465067514131,1340.478956382265
201486,-49.2271850329,-25.5898132912,-403.6113879318935,229.2808647640986,1317.1588778573466
310113,4.92284577546,47.4189163516,-467.6457234025278,280.33486605956455,1326.9986555004816
310321,4.92290283147,46.1272405527,-529.3282209506286,336.1247442367401,1339.8946369993669
201761,-49.2349999996,-26.8911111108,-721.7121289554082,528.2565213753649,1400.497321292352
201347,-49.2353298426,-21.8833333335,-676.3699605229785,481.55141121405563,1383.5568496500966
201209,-49.2483394837,-16.4938086916,-517.069823699267,324.67831565636885,1337.0691093690364
201485,-49.251741046,-25.4511652857,-777.3038522993147,586.199900108348,1423.365068230385
201487,-49.2557887063,-25.6454262918,-623.5127012790574,427.96807892020945,1365.8310551258185
200227,-49.2594444436,-8.26944444407,-698.2991629436457,504.06740537706247,1391.553715720315
201728,-49.2604960527,-24.826849269,-722.9358767870337,529.5247015567342,1400.9761611569984
310847,4.92653435877,44.2524596586,-665.6712086128371,470.62160936789354,1379.7907427488697
201758,-49.2685590464,-26.7398090043,-777.3254445260093,586.2225253166994,1423.3743863650702
310774,4.9269005068,44.9565635639,-671.6314952047785,476.70588957446057,1381.8778164969685
312864,4.92720813082,45.0437480441,-555.8782315840142,361.3886517602547,1346.4544374736734
310907,4.92723134683,44.0439345884,-543.9573315439644,349.9710481950055,1343.434973918039
200222,-49.2725135877,-11.3161037012,-624.4117533166637,428.86992363251807,1366.113906659329
201727,-49.2730704307,-24.7976906716,-734.4800301418036,541.5055909868564,1405.5483270387667
201760,-49.2730853067,-26.8271634065,-638.8305999103094,443.38261029526933,1370.7391924373135
310200,4.92752241685,47.0076350696,-677.9774783404919,483.196909832327,1384.1304303579782
201208,-49.276870065,-16.6140236115,-608.5225661637862,412.98817155960666,1361.211601632751
201215,-49.2772817251,-17.2551184095,-540.4009663450818,346.58752735042975,1342.5575252801411
201772,-49.2935739224,-28.3598980714,-670.1370705327388,475.1792445397254,1381.3519135299289
312863,4.93127954016,45.0689637582,-400.76762858959023,227.25114451003088,1316.8070767020395
200238,-49.3146792532,-5.12805555615,-427.068140974816,246.89126289697526,1320.3382484296646
310714,4.93163129619,45.4976221636,-555.2576694836919,360.7915120363322,1346.2942879359307
201765,-49.3269072552,-27.3304985222,-315.0198489423218,181.22399757630248,1309.6487818758842
201726,-49.3356224969,-24.7565112362,-524.1230550223124,331.2460010972832,1338.6790906764745
201489,-49.3396924702,-25.3440376598,-480.8483601453678,291.85427566388665,1329.4798655093439
201725,-49.3418390274,-25.0097449392,-384.9964468584377,216.46547258555458,1314.988629377889
201490,-49.3439707046,-25.3645740135,-477.6713316038666,289.05794741086845,1328.8688014747115
201488,-49.3526736483,-25.6134818121,-627.9581112503081,432.4308871146225,1367.235995248147
201491,-49.3602777779,-25.3866666674,-454.223639453768,268.91774989014215,1324.6337421255087
311150,4.93728572266,45.01862121,-512.8320524245989,320.757342504305,1336.1223998353876
201495,-49.3770770393,-25.4886213838,-464.7511168727176,277.84635232905555,1326.4751750688788
200226,-49.3787834715,-9.18544763386,-544.9378417318503,350.905793038449,1343.678782358118
312659,4.93794626471,44.0318658574,-545.2510314382863,351.20453438029995,1343.7568305094246
201505,-49.3804129476,-26.156266622,-439.710793475021,256.951435398553,1322.256342289508
201493,-49.3810144177,-25.4170739569,-468.3680852380675,280.9580433812998,1327.130444497488
201496,-49.3812449927,-25.5184731023,-467.4574168283774,280.1725555237616,1326.9643761006423
201757,-49.384933059,-27.0351789778,-336.72887645765564,189.55048774826315,1310.8269077101888
201377,-49.385472451,-23.1849153892,-787.9416462207835,597.3565533329721,1427.9960246377789
201494,-49.3860590461,-25.4270739457,-458.3629471866767,272.4049123868791,1325.34607965767
201509,-49.3930555557,-25.9344444437,-586.7304683853431,391.4204040318997,1354.823873152502
201497,-49.3933333327,-25.5354948677,-472.8483920699983,284.8419554725082,1327.9581070835231
312827,4.93939235883,45.5104449617,-526.5099680535485,333.4799533877263,1339.233614379109
310722,4.93946973784,45.5434725534,-587.3703494835668,392.04983785850175,1355.0058560524117
201492,-49.3980927451,-25.3769082225,-512.4771563667001,320.42985972211153,1336.0438202293305
201214,-49.4144965104,-16.7559677472,-493.18466472601915,302.84773705011946,1331.936389775364
201498,-49.4264422424,-25.5726336527,-646.042029494344,450.67387103615465,1373.1149742851703
201499,-49.4396168035,-25.5581127365,-422.16590042949315,243.09124065341229,1319.632958763105
201724,-49.4405555556,-24.9016666672,-594.9367336703733,399.51099046743184,1357.1834165195653
312837,4.94408032922,45.514338817,-665.4738881003187,470.42039200050726,1379.7221241182453
310698,4.94464421427,45.5802124065,-489.491089737573,299.53442463167295,1331.1869388297343
201234,-49.4498648304,-18.9430045112,-675.1783695286845,480.3322058455118,1383.1329735581705
201216,-49.4519965095,-17.7506832456,-682.0617408463402,487.381375765076,1385.5967667449681
201378,-49.4602493142,-24.0334643104,-651.8986679238467,456.6105030048497,1375.0748874246062
201382,-49.4643849416,-23.6977675656,-509.8445196285286,318.00492492567747,1335.464311334615
201776,-49.4770485746,-28.7504298807,-406.328809859627,231.24308112076864,1317.5018622900227
310276,4.94778262953,46.5145368878,-646.1440267892635,450.7771471173735,1373.1488742793804
201723,-49.4812016539,-24.9304078136,-601.0881100180643,405.60082107187213,1358.9885285114178
201207,-49.494166667,-16.3463888894,-595.7160582347224,400.281351231756,1357.4103855191959
201500,-49.5129055086,-25.6057088005,-459.1801050185159,273.09698649172554,1325.4884981026103
201510,-49.5146316797,-25.8641666669,-609.0547282289054,413.5180679191723,1361.3724644883403
201755,-49.5166666669,-27.0560594695,-644.0330300563855,448.64052479258703,1372.4489480696977
311994,4.95248175092,47.1349425541,-624.6541723853277,429.1131592086798,1366.1902861525202
310709,4.95249386292,45.5062441303,-660.903950418756,465.7640215831199,1378.1414725537913
201380,-49.5518560428,-23.714652456,-678.4537462499741,483.6845898811555,1384.3007538320396
201381,-49.5521255288,-23.7218131476,-673.732192234492,478.8531367241316,1382.620020512502
201775,-49.5563162972,-28.6122977282,-502.96869398125443,311.7087694317172,1333.9790671191536
312377,4.95623264823,46.0930170049,-528.0742501793696,334.94701051567597,1339.5996769277158
312493,4.95625643223,45.0597643844,-586.8880475314952,391.5753875421337,1354.8686573613784
310208,4.95634512524,46.8805002901,-690.7343242170903,496.28384030314203,1388.753197914405
201502,-49.5726810845,-25.4594444444,-612.8016128323201,417.2530663148447,1362.511620471764
200220,-49.5729093735,-12.414413752,-499.85235147300455,308.8735336537992,1333.3194119802038
201379,-49.5773438039,-23.9643078207,-621.0562231095438,425.50587775706555,1365.0615541349273
201501,-49.5850520655,-25.5795928863,-585.6786308562514,390.3862765445192,1354.525466532743
201777,-49.5882961438,-28.8519789531,-411.237050203181,234.8415935068703,1318.138220602186
201722,-49.5948722684,-25.2351101618,-232.17259312616588,177.4325931454692,1309.1295274653985
312446,4.96002001954,44.1524269083,-660.1095134071638,464.95531514137906,1377.8683680416175
201217,-49.602276863,-18.3380717652,-691.4045956082653,496.9728198437103,1388.9995601996643
312000,4.96053595958,45.2272399253,-597.4786044370658,402.02488400517467,1357.9255509529326
201751,-49.6058333333,-27.3986111108,-658.2626848364625,463.07619348354496,1377.2354030966023
201507,-49.6059002743,-26.2146961469,-397.98407526941264,225.2885138311913,1316.4697903999613
201778,-49.6060949483,-28.9589604389,-599.1427760617728,403.6726899334842,1358.41430910072
201752,-49.614384942,-27.2147542296,-465.674930781723,278.6390456120791,1326.641440748427
200241,-49.614614598,-3.44681799805,-411.0156800812562,234.6778229752501,1318.1090528358625
201385,-49.6166666672,-22.9015854247,-693.3042649779629,498.92622846230734,1389.699671158871
201506,-49.6231076207,-26.2688524353,-626.2791073810272,430.74425902327647,1366.7034832958332
201623,-49.626966758,-27.8276453083,-629.1925330689417,433.6717189550605,1367.6289534785699
310715,4.96475620993,45.514143147,-692.3818743453814,497.97761262489286,1389.3593837618255
200239,-49.6563770294,-3.77652597633,-643.2975907936288,447.8965756249135,1372.2059382716486
200240,-49.6602410918,-3.7411111114,-733.5717640806929,540.5618372379431,1405.1850036381372
312375,4.96848283924,46.1104406963,-550.3406477323607,356.07067670487504,1345.0368475921093
200242,-49.6849898658,-2.68318189286,-503.35688822325693,312.0627653078763,1334.0618291754888
310282,4.96856911725,46.4225869982,-511.8475854329513,319.84925953288473,1335.904690984797
310721,4.96859350025,45.5525054702,-656.5460682581582,461.3306736353685,1376.649477902169
310666,4.96863902025,45.634845467,-469.498864490583,281.9352654496498,1327.3376693500477
312064,4.96864409625,44.1683305226,-668.4912657479038,473.49882639979967,1380.7747583054377
312518,4.96879232027,44.7314976812,-635.1057397572941,439.62489632879175,1369.5283290401674
201219,-49.6883333331,-17.1069444443,-539.0198124026292,345.27644222336227,1342.2196601621786
201237,-49.6966666668,-19.0352777778,-614.0980223321593,418.5469994254963,1362.9084288020006
312634,4.97254976358,44.1772608864,-647.3562537958883,452.0048859092645,1373.552405792112
201383,-49.7272073473,-23.1186189497,-613.6613288946193,418.1110472351261,1362.7746117357433
201231,-49.7349417849,-18.1979934286,-577.7986434987622,382.6607205500667,1352.3191271380244
310708,4.97421592171,45.4973485536,-639.0652274034355,443.61950139877655,1370.8158361329035
201384,-49.7497147842,-23.098021159,-700.4489564919338,506.2823371950975,1392.357568847594
200221,-49.7648363664,-11.8391666674,-650.4529479721723,455.14380604997876,1374.5885488964007
310739,4.97732487597,45.3393882125,-1001.6823343105374,824.5298820784374,1536.94089704573
201622,-49.7771999094,-27.8052897945,-562.2287203728074,367.5161453388799,1348.1119803844933
201511,-49.7892497714,-25.9433636714,-662.566122427017,467.4567779760095,1378.7144859785742
201508,-49.8011111114,-26.1097222222,-625.5977622794394,430.0601828101117,1366.4880370534236
201617,-49.8021701565,-28.3683078301,-358.2236479198912,200.25853473194545,1312.4181023227457
310100,4.98095198627,47.3353970067,-640.3191974415007,444.8859548507959,1371.2262057716648
310324,4.98135722731,46.106042545,-596.3206187625201,400.8791939538165,1357.5868011720331
201754,-49.8311111109,-26.6983333329,-308.31173783271316,179.21362920483497,1309.3721088614266
201624,-49.8331907251,-27.7017770219,-598.7110558306754,403.2450683607557,1358.2872964615115
310850,4.98450618057,44.4231803507,-589.172060520956,393.82344803960245,1355.520085722544
310305,4.9849233186,46.2118438987,-704.0163556991699,509.9606600703306,1393.6992750915883
310697,4.98537807564,45.5807061775,-452.31361074068946,267.3193089339102,1324.310162877396
201503,-49.8858792484,-25.551548496,-564.5700543104574,369.7827528254179,1348.7316556152286
310304,4.98962960699,46.1815858772,-545.2880742613726,351.23987372526926,1343.766067240126
310846,4.99009485503,44.2859910734,-662.9570295795784,467.8550203077474,1378.8495619894923
312633,4.99345122431,44.2156657736,-647.3422644784039,451.9907142935639,1373.5477423005937
200223,-49.9358779606,-10.5638755999,-743.4587577913854,550.8450845926467,1409.1728431215708
310201,4.99373593233,46.9814896764,-656.31301661626,461.0937813851637,1376.5701107475495
310198,4.99409892636,47.0863006651,-591.995860773143,396.6070610107791,1356.3314327313437
310738,4.99415862136,45.368999606,-672.0413950276778,477.12475751812144,1382.022369141751
201218,-49.9427777781,-16.4652777782,-541.2649656518616,347.40853742109897,1342.7697071517955
201780,-49.9435800712,-29.202124634,-516.8671277800107,324.49033503183455,1337.0234747754146
312836,4.99436152238,45.4852020826,-648.9004213620137,453.5696451505235,1374.0681269767606
200208,-49.9491606417,-13.9055765924,-543.7867012034633,349.8084646628872,1343.3926293237053
201388,-49.9564422773,-23.7646316661,-629.4095497711578,433.8899325268663,1367.6981641135665
201779,-49.9643315879,-29.1974600087,-517.0615989882579,324.67068719690036,1337.0672569831179
312004,4.99777092466,44.6016965745,-263.17332185134853,173.3705720032239,1308.585171017988
201394,-49.9780555561,-25.4258333326,-625.1087689539662,429.5693593694895,1366.3336448615196
310713,4.99829397071,45.5107377357,-702.8089929943442,508.71536390868425,1393.244097797725
201395,-49.9851946736,-25.3143519934,-637.7470582690872,442.2889117068383,1370.3858128243562
200219,-49.989203856,-12.0886111111,-550.2842843554918,356.0166729614249,1345.0225522265318
200224,-49.989758124,-9.50070249995,-496.73535579001236,306.0496205127984,1332.668062492487
201750,-49.9943018364,-27.1143316923,-683.5247310349848,488.88153291408446,1386.1251558917315
201238,-50.0065686864,-18.8852652044,-559.5108825756673,364.8900617071337,1347.3984383633845
201387,-50.0179501384,-22.8988109185,-752.5185928917642,560.2866173416013,1412.890260474445
201230,-50.0311036734,-18.106222315,-617.388150544238,421.834544803657,1363.9216171617636
201386,-50.0336185487,-22.9062094751,-755.3047583809735,563.1935977075375,1414.0455519785107
312098,5.00587356333,47.6237273446,-534.6434103266853,341.13321925757316,1341.1598218901756
201619,-50.0598648298,-28.0927823003,-579.6028973069192,384.4261648950945,1352.819748091889
310737,5.00612033135,45.3765941576,-546.0373373935261,351.9549259392382,1343.9531481656443
311353,5.00627385037,43.8603926442,-644.0052989381288,448.61246885789063,1372.4397771072593
201404,-50.0666666674,-24.7688802262,-505.2942817133108,313.8321494966294,1334.476831057447
201400,-50.0894654703,-25.0333333331,-487.77455815140104,298.00082278884975,1330.8426972990771
201405,-50.0908705224,-24.7523614059,-625.2507079799343,429.71181840462793,1366.3784400553398
310308,5.00947882863,46.2227574376,-634.1799276490472,438.6918284086882,1369.229095105713
312627,5.0103134577,44.4437016044,-586.5923944126323,391.2846167083453,1354.7846492502226
310912,5.01099998276,44.039803963,-374.0754157087965,209.50901767249263,1313.8614169909795
310117,5.01116221877,47.1485909382,-590.4660640026995,395.0984560227517,1355.8910666137651
201626,-50.1319444438,-27.5152777785,-472.7604047455618,284.76537407059317,1327.9416827711284
201625,-50.1353298431,-27.5022889544,-479.4403155579017,290.6131196235329,1329.2079520785203
201389,-50.1434400397,-23.0141585611,-600.5129183506809,405.03050112020895,1358.8184210589507
201396,-50.1475682291,-25.2023354311,-542.321665486113,348.41353432861274,1343.030076161665
311989,5.01534531712,47.6200485242,-511.9052888805821,319.90245636798176,1335.9174286465914
310845,5.01581306816,44.2899756517,-689.770773258615,495.2936282796328,1388.3996444777183
200202,-50.1716666671,-15.9222222223,-526.9485876851434,333.8910721902498,1339.33604545678
310906,5.01778104732,44.2434176029,-697.3970888763777,503.138386149529,1391.2174632991796
201221,-50.1855393922,-17.732085559,-621.1392179201113,425.58901999005457,1365.0874728410436
312668,5.01940635045,44.1141740492,-463.2399988423389,276.5528191986324,1326.204831984171
201821,-50.2058866869,-29.6516953162,-156.84803180189434,211.14116012832352,1314.122667056537
310303,5.02248179771,46.2226770216,-528.1831831718202,335.04926100218324,1339.62524680209
310207,5.02254710571,46.939905822,-626.6753645292681,431.1422011564816,1366.8289549865074
201222,-50.2469444443,-17.9772850803,-581.3441133792893,386.1318916225626,1353.3054467855623
201348,-50.2518491057,-21.1187346752,-639.7843241033052,444.34567752435925,1371.0510113434998
201513,-50.2762103797,-26.3769959103,-571.6437704527214,376.654217339082,1350.631775877781
201390,-50.2851946745,-23.0892565233,-678.5598124353406,483.7932074539257,1384.3387093302017
201618,-50.2933941241,-28.4480580007,-291.596356813844,175.45083779120765,1308.8624034072825
201220,-50.2982861296,-17.0806754021,-594.3735448546474,398.95449363175425,1357.0197060324588
312374,5.03147664445,46.0142339074,-374.930123670454,210.03711616723191,1313.9457312763336
312671,5.03193905149,44.0229672746,-535.674032065228,342.1073818857761,1341.4079376953873
312658,5.03243267453,44.0553293983,-548.8843378205981,354.67615419504057,1344.668349045978
201512,-50.3271863209,-26.0893285285,-710.8355418350629,517.0014696641771,1396.290913171883
201228,-50.3306622622,-17.9766232022,-622.53395303269,426.9867142662835,1365.5238733655917
310703,5.03499934974,45.4727842706,-683.3377569318667,488.689771743472,1386.0575340072064
310320,5.03535625277,46.0726828642,-456.3762753471678,270.72734218294255,1325.002297498722
201627,-50.3682353533,-27.5515252735,-500.70929464463063,309.65200336926637,1333.499965415092
201628,-50.3844444437,-27.4771448243,-617.0739721817621,421.5203860334379,1363.824486659933
201504,-50.3897222221,-25.8758333328,-459.71124152441064,273.5474570157233,1325.5813840768967
201399,-50.3937537195,-24.9604677131,-739.7116252586767,546.9452204167153,1407.6529645861374
310720,5.03978804414,45.5518863291,-542.015836007238,348.1225701920995,1342.9546226319803
200209,-50.3982886638,-13.5606622489,-719.9689501600554,526.4506852230088,1399.817173256289
201402,-50.4018416021,-24.5308414375,-844.556203743331,657.0316397215794,1453.9698656322555
310111,5.04028896718,47.3019012819,-642.564051014087,447.15476465044026,1371.9639857230372
201322,-50.4165240593,-20.4776892092,-643.1654316213144,447.7629102448476,1372.1623148747335
311827,5.04352849845,43.5403019357,-529.4511996707292,336.24032712153445,1339.9236366876464
310118,5.04372571347,47.1353930511,-730.169969304076,537.0288134763147,1403.8296695380213
200203,-50.4386111112,-15.8969444442,-524.378515559053,331.48482219583457,1338.7382051460454
201620,-50.4394072552,-28.1479246808,-540.2081569058414,346.4043996452966,1342.5102616609938
312667,5.04425878851,44.1332410647,-454.6651320645051,269.2881899315713,1324.7089958961076
201391,-50.4435826466,-23.4,-689.2905600006784,494.8002307355288,1388.2237078033872
312357,5.04459871054,44.522914796,-359.9641848482252,201.22160724282037,1312.565400196438
201393,-50.4524168963,-23.1225,-668.5744745683335,473.5837631543876,1380.803887340604
201797,-50.4538888894,-28.8689262495,-271.8008336303209,173.41319031076463,1308.590818073094
201629,-50.4650000003,-27.2152777777,-584.0826033622972,388.8184072359544,1354.07442497706
312722,5.04826886284,45.4397804958,-620.6567057826271,425.10569602854116,1364.9368657074808
201401,-50.4936010967,-24.6979154854,-667.4827688402343,472.46957460987534,1380.4221432241256
201796,-50.4938888887,-28.8055555562,-274.31773446774264,173.52289120281608,1308.6053600466553
310275,5.05062345204,46.5606792506,-575.9996631873723,380.9025269854052,1351.8226694486666
312685,5.05177816413,45.8816634884,-565.177559171934,370.37151166427157,1348.8931948912523
201392,-50.5247222223,-23.1597222221,-630.7966340463591,435.28515766340115,1368.1414265541057
201397,-50.5269308575,-25.4640372048,-371.7012357145885,208.057215575893,1313.6306937357413
201239,-50.5286111106,-18.4983333334,-635.4878726140569,440.0101304949271,1369.6520395741447
201515,-50.54572463,-26.0393946134,-636.1734498697905,440.7014269304764,1369.8742797315415
201359,-50.5528670316,-22.0807601868,-661.1581807747561,466.0228660870778,1378.228974549391
201227,-50.5561111109,-17.5413888892,-684.7872916723527,490.17670111295666,1386.5824868666964
310114,5.05598054948,47.3061457613,-717.5507484555919,523.9468110486023,1398.877426860356
200210,-50.5893079446,-13.2097222218,-558.0614028927505,363.4917559516891,1347.0204345949223
201406,-50.5930034899,-24.3600976374,-486.1316654539985,296.53678052724496,1330.5156356754756
311351,5.05961989878,43.8517758275,-593.1274078091659,397.72380634709174,1356.6584023646744
310063,5.06051996086,47.6185138671,-483.47503043529167,294.17729600462326,1329.9917578902673
310905,5.06090463689,44.2358252152,-634.8336370843288,439.3506231833643,1369.4403107339372
201360,-50.6109299424,-22.0647163295,-639.3372713994625,443.89419851820946,1370.90475746843
200163,-50.6315048201,-3.83649681029,-698.1036549142057,503.86603794147203,1391.4807863431995
201398,-50.6356150585,-25.2479258599,-528.8000729681694,335.62852246610066,1339.770241371344
310281,5.06507925823,46.4273251906,-536.5252575197917,342.91269923978103,1341.6135486314097
310717,5.06511026723,45.5064490554,-654.5928582456193,459.34589684415494,1375.9856276571395
200218,-50.6600756675,-11.6177743771,-593.9991235161642,398.5846211487974,1356.9110121108833
201244,-50.6653447189,-19.218216106,-592.0919614965999,396.7018759079226,1356.359160738894
201225,-50.6819444443,-17.3258333334,-662.075764211455,466.95729490383576,1378.5452150130438
201514,-50.6861111106,-25.6222222218,-528.1420132132021,335.0106152779806,1339.6155817697788
310736,5.06874269454,45.3977585554,-559.0297744415468,364.4257649168351,1347.2727759094191
201407,-50.6940686863,-24.0310434122,-729.4001024903496,536.229620835722,1403.5241361775984
310712,5.0694951586,45.502035672,-635.4784041652239,440.0005844529403,1369.6489728723855
200204,-50.71482361,-15.5188888889,-661.218728558978,466.084516186617,1378.2498216217423
311149,5.07257004685,45.1347615726,-498.2381733899325,307.40962366038895,1332.9810468609348
310916,5.07271626286,43.9148836897,-542.6701101247045,348.7451396484928,1343.1161405477555
312628,5.07285803088,44.4185616444,-460.91182525093876,274.5675347790341,1325.7922634131214
201822,-50.7316220394,-29.7098198831,-639.432306376815,443.99016754017254,1370.9358349112485
201825,-50.739083562,-29.8727777775,-590.0428677773186,394.6813637144019,1355.7695871477983
201516,-50.7521391181,-26.5813886882,-413.1773714905644,236.28287236614926,1318.3957639286655
201630,-50.7524020191,-27.3314701433,-630.9022030838553,435.3913809224314,1368.1752260412381
201621,-50.7564719935,-28.210959659,-224.72934581607797,179.35645580254516,1309.3916651672646
201224,-50.7687475695,-17.3311072718,-628.2742337347963,432.7485864925135,1367.336510769284
310802,5.07733089725,44.6480979383,-120.28135337164835,236.35119144777957,1318.4080097868932
201226,-50.7768762162,-17.4640540498,-602.3717442774034,406.8742284333059,1359.3691302713366
201413,-50.7934584885,-23.1686444828,-706.1821649652779,512.1955093276581,1394.5185672291607
200207,-50.8063876426,-13.6889959815,-587.6539058804295,392.3288432606398,1355.0866082378955
310195,5.08102743055,46.9064320112,-697.9205369238255,503.6774416712544,1391.4125052693582
310911,5.0816609826,44.0610625488,-664.556109955618,469.48466673056816,1379.4033662662146
201409,-50.823055556,-23.4386111112,-677.335617236515,482.5397837198969,1383.9011660678289
200211,-50.8267258783,-12.885068482,-605.7662567480127,410.2459353580949,1360.3821235407681
312833,5.08541358191,45.5314909904,-639.4994647800962,444.05798825445623,1370.9578007743517
312834,5.08552946692,45.5360459738,-426.8022925378233,246.683683081757,1320.2994486366465
201631,-50.8605778691,-27.5393032235,-501.69285647127776,310.54659827327475,1333.7079831321976
201517,-50.8690638238,-26.3727136879,-565.6165140650894,370.79708501885466,1349.010108498054
201408,-50.8896080785,-23.6435627421,-463.8220217218586,277.05057791766836,1326.3087186986165
310659,5.08924101323,45.8116091656,-850.411002826377,663.2283417430024,1456.780569565171
310844,5.08978514928,44.3271164348,-708.8069636402583,514.9056689757863,1395.5162637944618
312445,5.08988112628,44.2310348778,-670.027764083237,475.0676108411381,1381.3135159846074
201356,-50.9188057849,-21.4499999996,-712.6843755498383,518.9125074154877,1396.9996366941834
200247,-50.9272823176,1.39833333284,-439.1352583762241,256.48574678640534,1322.1659248657227
201429,-50.9436111109,-25.2083333326,-558.0607081498079,363.4910861143361,1347.0202538403166
312663,5.09438896666,44.088429901,-394.2645294762118,222.70427689458495,1316.0300108730773
200217,-50.9644667577,-12.293767494,-623.6435473035517,428.0993082651844,1365.872180077104
201411,-50.968663177,-23.2812111942,-762.8382463672172,571.0615529816882,1417.197619199704
310078,5.09746897091,47.5817139951,-531.1331415128981,337.82255538131596,1340.321556006548
201826,-50.9777777778,-29.9644444441,-575.0295884153156,379.95532247397296,1351.556081576992
310273,5.09812007397,46.5019740217,-930.299295535865,748.1616818163147,1497.3589071126762
200200,-50.9980422595,-16.5102070959,-579.9383483849413,384.75462961325803,1352.9131234415192
201827,-51.0091666674,-29.9600194958,-590.7247418017116,395.3534545213767,1355.9653935751599
201247,-51.0106150585,-19.1554873958,-689.6794240464266,495.1997657790281,1388.3661630128615
311148,5.10232559631,45.1608664218,-451.02715655786494,266.2466001160479,1324.094047507505
311822,5.10255025433,43.5979803505,-512.1900549886744,320.16503617571084,1335.9803310531356
312665,5.10282448436,44.1106136399,-412.21735321712094,235.56846556168932,1318.2679153110496
201823,-51.0354452745,-29.697547401,-584.4997154208036,389.2280099043715,1354.1920979925887
201632,-51.0474330585,-27.6479681435,-532.1694847392713,338.7987821336755,1340.567942831214
310112,5.10537504157,47.2770426449,-491.7992901332639,301.602877863096,1331.6538929116502
312626,5.10612285963,44.2107099952,-390.3844133250901,220.0567550011646,1315.5845734855266
201412,-51.0669444442,-23.2483333334,-652.4868839799165,457.20748146843215,1375.2732367359433
201637,-51.077124242,-26.8958333332,-351.8413710456193,196.8452512538362,1311.9016150278335
201518,-51.077140406,-26.227798318,-601.7749231251325,406.2820517535268,1359.1920026797197
200206,-51.0853610897,-14.9019444438,-561.8546733244243,367.1544043221416,1348.0134091264072
310702,5.10902649087,45.4678722752,-652.6009394880438,457.32325117546947,1375.3117285318094
310711,5.1093616919,45.50220898,-602.8271636915995,407.326232386699,1359.5044884669542
201349,-51.0995537268,-20.6728914983,-766.5823308628487,574.9759916737285,1418.7794703803122
201248,-51.126111111,-19.1052777776,-512.8447738958586,320.7690838931226,1336.1252185903404
310274,5.11359797325,46.5556955582,-416.52179282421696,238.79123067113542,1318.8476206207022
201522,-51.1416666673,-26.0302777776,-372.6513717543463,208.63553136901382,1313.7224134196244
312423,5.11436182131,46.3979184291,-464.688256039396,277.79246570658984,1326.4638889071946
201430,-51.1437909075,-24.8306507154,-713.2601798057967,519.5078656473711,1397.2208905684665
201241,-51.1482279149,-18.3024679342,-659.4557094160715,464.2899379179037,1377.6439819573352
201824,-51.1521093662,-29.7560646429,-645.4408303977625,450.0652179964122,1372.915326967257
200205,-51.1604034739,-15.3643738061,-563.1021051349437,368.3611921447333,1348.342598322007
310121,5.11864452666,47.1804537989,-618.1303778844706,422.5769144474031,1364.151400393424
310115,5.11865787267,47.2686243312,-498.71417393369325,307.84097708738994,1333.0805908667228
201817,-51.1888442622,-29.3393042064,-219.55188393432616,180.90002581925705,1309.6039912557
311346,5.11899083369,43.8647678355,-574.0835673097711,379.0322017335205,1351.2968602503345
201410,-51.1938888887,-23.3561977964,-639.4269264256332,443.9847346128977,1370.934075417464
201520,-51.222636458,-26.1643769507,-452.25349218611075,267.2691090800023,1324.3000306727588
312674,5.12306528503,44.1017003181,-426.645456417932,246.56130206214945,1320.2765885397023
312312,5.12315206904,44.740027779,-417.43879352793374,239.4842195319132,1318.9732696215876
201638,-51.2521539935,-27.1018919303,-453.05886446287286,267.94217308886374,1324.4360319362481
201830,-51.2565227708,-30.0144463623,-580.6781755468373,385.47930072629606,1353.1193908372927
201223,-51.2598350781,-17.3306618328,-614.3996873332396,418.8482072958413,1363.000959400393
311820,5.12656859632,43.6153634929,-634.5554423471144,439.07024200307825,1369.3503832051508
201521,-51.2728000912,-26.3884857242,-542.1974730219523,348.29536879215567,1342.9994260957506
312830,5.13129124171,45.5360274388,-439.0510721024203,256.4176876797112,1322.1527238282504
201243,-51.3244444445,-18.7475,-492.3602740392146,302.1066595566483,1331.7680835340395
311344,5.13505087702,43.8607546572,-444.4457068150195,260.8090832673112,1323.0114030068626
201820,-51.3520524387,-29.8637937738,-574.7232973195621,379.65638101120544,1351.4720723026344
310307,5.13579814208,46.1444469332,-526.7035495178008,333.6613744941144,1339.2788012212966
200246,-51.3648759578,2.69792921737,46.938359601506534,385.2936871122848,1353.0665245655998
201818,-51.3810664841,-29.5894159511,-408.251173355207,232.6442647296873,1317.7485148855483
201240,-51.3898573919,-17.8642473869,-646.1148712208027,450.747625593201,1373.139183240126
312661,5.13918453836,44.0978991478,-732.4506597790191,539.3971896671165,1404.7373857031907
201799,-51.3986111106,-28.5427777785,-408.5133484060344,232.83618676553834,1317.7824116442625
201414,-51.3998573917,-22.6642843761,-838.806679548447,650.9506111391363,1451.2320602556529
201798,-51.3998573917,-29.0558893689,-243.4550205738161,175.20289751432833,1308.8291904862406
200244,-51.4219444435,2.95666666678,-89.93149841936469,260.132077603404,1322.8781094151175
201800,-51.4223053256,-28.7394444438,-164.88548346354534,206.2335199908112,1313.343085160634
201432,-51.4265835619,-24.3419444439,-655.6680885570902,460.4383296217112,1376.3507002055412
310710,5.14339903671,45.4973824746,-505.21042549045126,313.7554738060637,1334.4588011305254
201523,-51.4346924696,-25.4016637216,-540.0544365753592,346.25842138565594,1342.4726026820576
311810,5.14385068175,43.4811156688,-559.053875993796,364.4490201819579,1347.2790664457905
200250,-51.4390394829,0.709925552885,-351.6987317266619,196.77113580027049,1311.8904963660573
310127,5.14411946977,46.9969687147,-707.5787359804007,513.637269330277,1395.0487586520105
201816,-51.4432974323,-29.9603338768,-667.2637758700046,472.2461207443826,1380.3456788535145
201802,-51.4479798887,-28.8652403872,-88.90670434506526,260.9713611039892,1323.0434028738136
201819,-51.451821575,-29.6990615102,-647.0433976880522,451.68797120859995,1373.4481489688617
200152,-51.4602777777,-8.32694444383,-451.01165640268306,266.2336945710722,1324.091452542616
200245,-51.463370019,3.04358475197,-155.04807658003998,212.27484001860017,1314.3052926456523
200196,-51.4691666674,-16.3024999997,-599.8350626747769,404.35861777837266,1358.618300459363
201415,-51.4722222217,-23.5018412844,-531.4844136478863,338.15333845865325,1340.404966747805
310294,5.14747664605,46.0895352796,-364.43671035354646,203.75751550807186,1312.9565566679933
201434,-51.4770660271,-24.1022254231,-748.0992274129626,555.6788995751047,1411.069393759375
310066,5.14800905709,47.5271511296,-655.6949794501998,460.4656562383552,1376.3598421729948
310865,5.14887526917,43.9980006936,-431.11660710491304,250.07311313764285,1320.936923734742
201639,-51.4968551897,-27.1717942141,-402.222346939183,228.28637291278847,1316.986128487741
201640,-51.5180555565,-27.3142234218,-535.8752469808464,342.297686060159,1341.4564847409663
312523,5.15195665942,45.2320341147,-481.9976583002398,292.86949157985725,1329.7030998195407
201519,-51.5197222216,-26.1772222218,-371.33526582439123,207.83542689328848,1313.595584357441
310843,5.15246271446,44.3696426163,-221.9191425502481,180.17369928352323,1309.5038589041885
312657,5.15269700148,44.051618004,-515.6578121027267,323.3697189277137,1336.7519477041508
201251,-51.5314719926,-19.1059755477,-561.3104861008144,366.62830323238944,1347.8702115940216
312829,5.15599932776,45.502314803,-543.2997426337233,349.34460603596443,1343.2719189865745
312632,5.15602773676,44.2396798196,-676.8621276764834,482.0551183484235,1383.7322471119057
310073,5.15614201277,47.2900802389,-688.8415489775751,494.33895432645403,1388.0593634049028
310068,5.15618905777,47.6140518797,-498.86116016403855,307.97423332708826,1333.1113693029774
310075,5.15624943678,47.3609432198,-594.7775066156473,399.3536371341881,1357.1371051090441
310578,5.15630279378,45.7153940697,-488.96563059665726,299.06453965110865,1331.081287318014
201803,-51.5685131297,-29.0433708859,-167.25775270813358,204.83507803830827,1313.1242149036823
201801,-51.6019634344,-28.6772487816,-573.340152372395,378.3071992822415,1351.093679801747
201436,-51.6148127655,-23.6353978705,-524.6753114800556,331.76236761113194,1338.8069551411793
201435,-51.6227777781,-24.0397918969,-675.9960394211308,481.1687750782796,1383.4237184181077
201355,-51.6270660275,-20.8665326284,-513.5847860258681,321.4523886835179,1336.2894270186348
200201,-51.6273140515,-15.568478398,-633.827652683107,438.33688883076127,1369.1154161287072
201354,-51.6273884315,-20.7972511986,-719.1866695733547,525.6405303469877,1399.512687228992
201524,-51.6479055092,-25.4640346978,-648.8741948142081,453.54306113070464,1374.0593520191408
201525,-51.6586111111,-25.7022222225,-531.9831728389979,338.62320401490723,1340.5235801241145
310126,5.1662293556,47.07374901,-655.3549413992992,460.12012814604213,1376.2442831476474
201433,-51.6682217649,-24.2607025912,-658.8275507951907,463.6508054244048,1377.4287146499273
310706,5.16774852373,45.4893073969,-505.01931480504646,313.5807585121745,1334.4177332007105
311345,5.16871945381,43.8604856452,-591.2510080466602,395.8723561545705,1356.1167785035411
200216,-51.6976723603,-14.0854138963,-645.9072740029789,450.5374323535737,1373.0701994156025
201633,-51.7136111107,-27.5011111113,-382.8633102512254,215.07196331430586,1314.7599567888133
200215,-51.7207620712,-14.5984202737,-681.7593592059791,487.07139530918914,1385.487762017367
310074,5.17292473116,47.2811320382,-603.5013301300818,407.9955463875963,1359.7051740886936
201634,-51.7511570258,-27.8772658514,-550.8142473262636,356.5245495779611,1345.1570722496388
312832,5.17663945146,45.4606291766,-538.6707225280788,344.9453268469141,1342.1345212328665
200153,-51.7687921072,-6.74347122881,-538.0732430711084,344.3788605620427,1341.9890439841388
201431,-51.7770498619,-24.7722657335,-595.5702932882693,400.1372367926674,1357.367895170474
310191,5.1782621896,46.8515491107,-416.1536846425426,238.51367352250568,1318.7973942303088
311819,5.18096415882,43.6350858325,-582.6997175134418,387.461185060184,1353.6853269869234
200197,-51.8186171363,-16.4305555563,-635.7260353783342,440.250257488189,1369.7292008969762
200199,-51.827015707,-15.7353219368,-661.6691666738627,466.5431958948985,1378.4050015170715
201805,-51.8310516084,-28.8503311199,-277.78402904925747,173.74568179659067,1308.634921020532
201416,-51.8395809021,-23.3264918129,-714.0129365470527,520.2863144288617,1397.5105164375043
311142,5.18408272308,45.0849804685,-485.9607308419635,296.3846683309557,1330.4817421494752
201810,-51.8517423341,-29.2341666667,-406.3570788460652,231.26360820662134,1317.5054652836159
200198,-51.8527777782,-15.8897222216,-663.8568769761753,468.7719576402594,1379.160956103867
310192,5.18537587719,46.8860598485,-465.6648941418839,278.6304258292466,1326.6396303326833
310125,5.18545542419,47.1350073121,-598.3618626275377,402.8992654653333,1358.1846754708863
201804,-51.8557887064,-28.6179772407,-357.35494453295155,199.7829529605699,1312.3456186786682
310579,5.18590000023,45.7696000001,-641.611184163985,446.1914785103152,1371.6503308302274
201636,-51.8600595028,-27.5602777782,-400.6329728454386,227.15564699401358,1316.7905993485526
201641,-51.8611111109,-27.4439482076,-316.68909154889536,181.76708750714565,1309.7240429465598
201806,-51.8691964185,-29.1681412012,-321.56398541137474,183.44857522386357,1309.9584628235802
201814,-51.8761111111,-29.8069444441,-736.6920507332084,543.8048230669281,1406.435736236215
201903,-51.8815769566,3.80229486575,-156.10443418159625,211.60800923414035,1314.1977568629038
201635,-51.8849999998,-27.7058333332,-343.1309950315466,192.50030518803624,1311.2567109719357
312656,5.18944564552,44.0563039884,-519.4729659148687,326.9102807808976,1337.6128461747433
310313,5.18968850754,46.1519694868,-674.8611573030751,480.00772033042,1383.0203202224682
310076,5.1903895546,47.3687891715,-663.004686098828,467.9035747691297,1378.866037674865
201642,-51.9044444444,-27.461111111,-497.08691299182027,306.36751507097625,1332.741103463916
201808,-51.9149392093,-29.1185952031,-228.7711180591952,178.2679634945363,1309.2430108195883
201809,-51.9219370059,-29.1855100927,-178.17979484768142,198.70944887476148,1312.1826243490511
201250,-51.9269741963,-18.9803680363,-533.717468138316,340.25882618001776,1340.9376806417424
200243,-51.9308333326,3.72166666708,-255.01721172878499,173.80472255698996,1308.6427610904987
310298,5.19370659887,46.1196688191,-562.5604319645823,367.83702896394783,1348.1994935648345
310280,5.19393106489,46.2561928494,-668.2070518432713,473.2087282267864,1380.675303987677
201812,-51.947718275,-29.4145440786,-747.6803111194811,555.2423410640513,1410.8975341539654
201437,-51.947954272,-24.0145086198,-786.8471508960035,596.2077697278424,1427.5158490382164
201807,-51.9516294784,-28.9106628319,-197.66942038682333,189.17589315991682,1310.77279233447
201828,-51.9556907247,-29.9187369743,-545.1341915385281,351.0930750674449,1343.7277037896354
201526,-51.9642274574,-25.6390897252,-465.1960678032799,278.2279708146486,1326.5551621832724
201813,-51.9691666668,-29.6947222218,-516.4221605840024,324.077824053972,1336.923419876774
310067,5.1975946132,47.5147738235,-697.419699094286,503.16166892371626,1391.2258837606316
310705,5.19771524021,45.489780601,-508.7099659924993,316.9622735220717,1335.216415944521
312828,5.19773225821,45.5103657367,-500.67603361495617,309.62177145556143,1333.492945587164
200151,-51.9897058045,-6.73568278517,-480.69023486361334,291.71474782388356,1329.4492426074055
200249,-52.0145178156,0.900707145671,-490.1073250512168,300.08595801328534,1331.3111494944383
311818,5.20166540653,43.6271357979,-410.1305597046857,234.0243795897351,1317.9928697886846
311997,5.20210312257,47.5731374014,-518.7237226119599,326.2137596830885,1337.442788151339
201651,-52.0269311476,-26.772622236,-416.8978588106629,239.07515952151954,1318.8990584846483
201649,-52.03235145,-26.6809966764,-428.1459819467482,247.73459759378088,1320.4962042415739
200154,-52.0518071266,-6.60180708509,-541.9552148128816,348.0649050998317,1342.9396757612035
201833,-52.0527777777,-31.0099999996,-608.8304103526145,413.29468740555615,1361.304629100007
311343,5.20673905395,43.8564915738,-535.8179662104151,342.24350758254184,1341.4426611129725
200162,-52.0774468128,-0.452371768284,-404.7869683471864,230.12705187311923,1317.3064391307228
201417,-52.0780555558,-22.856944444,-726.603338197463,533.3274957604053,1402.4179164234592
201246,-52.0931907251,-18.5135713377,-673.8769280383958,479.00113349788614,1382.6712843129822
311988,5.2096772822,43.4105024729,-458.82079474161173,272.7925299433019,1325.4258028891393
310069,5.21023742024,47.5642354826,-704.4470822897337,510.40501572029757,1393.8619281133583
310123,5.21072329928,47.1520551095,-555.9597734282659,361.467137858026,1346.4755052813716
200150,-52.1144444438,-10.0472222222,-420.41968311391247,241.7521043136709,1319.38693130997
201440,-52.1188888892,-23.6763888888,-528.3389639084803,335.1955051648071,1339.661830931277
310658,5.21302726647,45.8146789999,-713.6925147703882,519.9549386504503,1397.3871807049202
312447,5.21423617057,44.2150257185,-160.7240232156901,208.74241564769636,1313.7393922166934
310077,5.21442169459,47.2809980742,-639.7884913086716,444.34988637726224,1371.052375401807
201353,-52.1597222216,-20.0936111114,-482.0896402161917,292.9508248809668,1329.7210159916594
201901,-52.1814724074,-3.23099715319,-568.0138251093506,373.12371210948146,1349.6514731995853
201644,-52.1825000005,-26.9524999999,-397.42899882117507,224.90004876382088,1316.4033677051348
201811,-52.1854439867,-29.2107314558,-301.3937962255303,177.4363564510006,1309.1300375295261
200149,-52.1855922407,-10.5547222222,-526.6139214364878,333.57737211336024,1339.2578757496656
310064,5.21868934594,47.2688452482,-624.5309020261606,428.9894702923996,1366.1514411635355
201439,-52.188759869,-23.835008327,-529.075598084314,335.8873590662835,1339.8351064783956
310070,5.219407122,47.5150256516,-714.3090234883268,520.5925468807748,1397.624554177288
201249,-52.2099999997,-18.7733333332,-635.5708143404066,440.0937535475778,1369.6789063437634
201352,-52.2194444435,-19.9649999998,-694.5781501747078,500.23673930693667,1390.1707053178352
310575,5.22271618128,45.610235274,-646.732404376175,451.3729815171454,1373.3445900483714
200195,-52.2277777782,-15.8898074856,-624.6860808868731,429.145177186372,1366.2003431685173
310654,5.22319536431,45.9231697808,-544.0144976074033,350.0255238386816,1343.4491661056607
311835,5.22324747432,43.4146488443,-457.4860814804814,271.66359832242244,1325.1939123105487
310194,5.22334702333,46.7936071739,-487.95730193619363,298.1639013488701,1330.8792231600246
201458,-52.2354798888,-24.7723792545,-627.7842508595011,432.25617850005983,1367.1807482637134
311834,5.22368418836,43.4063393646,-493.73346854901035,303.3415693152431,1332.0487612118732
201527,-52.2642423342,-25.7309888568,-735.3054825765726,542.3634583328214,1405.8790543664095
310271,5.22709192164,46.5939776403,-598.2408833514639,402.7794764829702,1358.149145435562
312077,5.23068123793,45.8326014794,-668.9066839538607,473.9228947477458,1380.9202383691588
312839,5.23094185196,45.7226443113,-577.0881943154365,381.9661277388231,1352.1227449130654
311350,5.23120502998,43.8652654796,-337.1435884621734,189.73508547355615,1310.8536139596629
312684,5.23158810201,45.9148855062,-528.6034112486084,335.44381689701675,1339.7239823433374
310263,5.23180780103,46.2852690038,-369.0815729571187,206.48157216748808,1313.382059499904
201652,-52.3272222224,-26.7552777776,-518.2250271624275,325.7504798342487,1337.3298656964537
201650,-52.3308333327,-26.5561111111,-520.1338488362237,327.52514137085694,1337.7632499068927
200191,-52.3322222218,-16.7186111112,-622.8120901372604,427.26554978670515,1365.6110883432323
310145,5.23483057128,47.1278069885,-791.1575691076209,600.7331607721527,1429.4118108588416
310268,5.23525974331,46.4303924648,-431.6997083274756,250.53455102191106,1321.0243585290934
312840,5.23528965332,45.7394100756,-454.3110136922277,268.9910336603464,1324.6486216205085
200214,-52.3566340479,-14.6724999999,-706.303726390818,512.3209833462286,1394.5646577151947
201645,-52.3688949139,-26.9684374732,-457.3326435708714,271.53402203093276,1325.1673553524274
201795,-52.3730183662,-29.9974765439,-531.6082109153185,338.26994236451225,1340.4343879797855
312060,5.23913399263,43.8566824019,-580.7514285696672,385.5510719164901,1353.1398389033582
310270,5.23961905967,46.444142842,-449.7760561826582,265.20641072424667,1323.8852800982
201438,-52.4163888888,-24.065277778,-704.4108934081369,510.3676798069606,1393.8482568640648
311831,5.24362930401,43.423350776,-457.692872631884,271.8382978597425,1325.229736594653
201653,-52.4501505936,-26.7520279803,-541.6411413173038,347.766197400897,1342.8622872901494
201441,-52.4563989031,-23.606022573,-608.0093862164322,412.4773141299083,1361.056695822505
201794,-52.4599045954,-29.6978364661,-581.1013010575211,385.8939134960829,1353.2375648956743
201839,-52.4619444436,-31.5730555562,-571.4824666083211,376.49714121237196,1350.5879800711023
201838,-52.4747073466,-31.7102243616,-508.37840534384986,316.6578455181968,1335.144181614734
310266,5.24792621636,46.4268134415,-732.4430068236624,539.3892404664865,1404.7343333536292
201646,-52.5187862543,-27.1642875004,-425.5164910872119,245.68211311905256,1320.112682795713
311829,5.25259424575,43.4184938156,-431.5779955476636,250.43816877889859,1321.006082859871
310124,5.25261225675,47.1108840541,-418.80518327157966,240.52091674955133,1319.1618952825677
201245,-52.5325000004,-18.4066666668,-607.0859595270374,411.5584085959685,1360.7784971322474
201528,-52.5461111105,-25.8558333332,-644.8946394361388,449.5123793277521,1372.7341963178264
201900,-52.5468331576,-1.55201002127,69.28367914355402,407.33305117458457,1359.5065314851004
200192,-52.5474939747,-16.2004120183,-712.7471747437828,518.9774350717873,1397.0237552329393
201351,-52.5655555561,-19.4441666667,-678.7656797501545,484.0040370866002,1384.4124033277
200161,-52.5691666674,-0.572413626216,-261.55168131232006,173.42022425646425,1308.5917502233515
200160,-52.5812704654,-0.551495812485,-265.73211628302477,173.32932622636912,1308.579707125836
201456,-52.5978149668,-24.9464066289,-666.2173103155975,471.1785662923645,1379.980809977001
201242,-52.6013888891,-17.5794444444,-586.3672264909225,391.06320248191497,1354.7207176783202
310251,5.26015910937,46.673939354,-587.892901374838,392.56404032877566,1355.1547219158056
312838,5.26032885439,45.7144501056,-522.3336472963415,329.5749739096479,1338.2665870442245
201529,-52.6183779605,-25.6335918858,-776.2340351602936,585.0790073968662,1422.903805416218
201442,-52.6188057846,-23.4307563675,-694.763893744705,500.4278624457488,1390.2394901899
201444,-52.6227777779,-23.2766666668,-691.6229379172637,497.19728496551875,1389.0798878209037
310045,5.26337232764,47.7516066711,-527.5291030665182,334.43547720715367,1339.4718671872986
201533,-52.6352606509,-26.0310770957,-535.300177275208,341.75389620263434,1341.3178296515457
201837,-52.6517160263,-31.8975668051,-548.7208126847917,354.5196739218231,1344.627083532489
312283,5.26542978881,46.9613670517,-452.22348310180314,267.24405362489955,1324.2949742294275
201443,-52.6644444443,-23.3230555556,-911.6173186526055,728.2427158707233,1487.506385798131
201530,-52.6733333331,-25.8138888887,-575.082420019256,380.00689260799,1351.5705801033967
111608,-52.6810993307,47.5846419963,-318.35413284229753,182.3255173748964,1309.801660121667
312422,5.26831286205,46.1854452125,-560.7150472833337,366.0529027858125,1347.7138131700553
311815,5.2688872341,43.6227992205,-504.417231425915,313.0306081204493,1334.2885580681975
111607,-52.6898994844,47.5847640193,-312.63568690620696,180.47768849536394,1309.545719177487
111609,-52.7007942783,47.5778098528,-366.22693291936645,204.79670126998968,1313.1182290344311
201459,-52.7019221314,-24.7435320501,-639.7328381249508,444.2936775794377,1371.0341594973165
111676,-52.7064242698,47.5771708327,-354.53293585415736,198.26174287803545,1312.114900936838
111640,-52.7143942835,47.5522098486,-303.07989225728295,177.84132703325858,1309.184987758568
201647,-52.7186437298,-27.388390474,-368.4845632093361,206.12640933169592,1313.3262698946633
111680,-52.7191942849,47.5481098473,-304.5433047130862,178.20762625850355,1309.2347965999613
111655,-52.7271621585,47.5814721041,-323.33187561344533,184.09295443436451,1310.048858036915
310265,5.27293477143,46.3556526216,-655.3469388838643,460.1119969433492,1376.2415646617596
311991,5.27295340043,47.4727637201,-623.2167993695508,427.67133927526964,1365.7381041066967
311975,5.27306333644,46.3553701906,-474.54863763285744,286.32416171381414,1328.276823614931
310789,5.27326110146,44.6690946221,-74.62398871533212,272.88195985943014,1325.4442117977562
201655,-52.7348392722,-26.8142269495,-545.9780507442454,351.89832928972163,1343.9383277250295
111605,-52.7436148209,47.5308843879,-295.6512575848723,176.19581985811644,1308.9624752096317
111652,-52.7516724235,47.5602142393,-312.6618243232791,180.48568153754061,1309.54682077867
200194,-52.7520676466,-15.71398895,-543.6374994568604,349.6663193133373,1343.3556228466043
111637,-52.7524543786,47.5229147822,-243.681867865224,175.16674228826153,1308.8243511546284
111636,-52.7557638609,47.5269902175,-305.19846275022013,178.37605282478276,1309.2577327603613
201654,-52.7564287169,-26.7636500123,-516.0651305256765,323.7469880149301,1336.843261874851
111674,-52.7608980173,47.5269633155,-297.76731758825673,176.62782270251964,1309.0206959112925
201793,-52.7643105616,-29.673084259,-502.874850275156,311.62321995216894,1333.9590795016202
201457,-52.7644890716,-24.8644197361,-679.0158861037728,484.2602927130992,1384.5020136027351
312495,5.27678118775,44.2764710356,-327.23194650565495,185.5782493138927,1310.2584024496318
312623,5.27724382779,44.2105137221,-165.2576378790458,206.0125908757313,1313.3084109114595
201445,-52.7729650133,-23.2641238837,-674.3990910099149,479.535118278163,1382.8563642813751
111632,-52.7730902883,47.5230981992,-311.78299845801496,180.2192361689491,1309.5101250684438
310080,5.2774256748,47.1979132333,-590.4845225440574,395.1166507208943,1355.8963685504689
310269,5.27755667381,46.4357997503,-436.62403445711374,254.462168034755,1321.7748634061702
311833,5.27763395782,43.4060189626,-505.94880439815813,314.4309080991848,1334.6177694529358
111610,-52.7770822906,47.4396922803,-227.058249008145,178.71663959513575,1309.3041785007902
111606,-52.7773710527,47.5227145612,-282.5016404030683,174.18183458012402,1308.6928998314118
201460,-52.793813222,-24.5979535641,-576.5584189044127,381.4483892555098,1351.9765782871664
201534,-52.8018874897,-26.0528680525,-545.17105108025,351.12823596216754,1343.7368911588887
311141,5.28062433007,45.0612789705,-311.03894753050315,179.99737967113543,1309.4796108607136
111601,-52.8068188301,47.5228281942,-281.4726450688219,174.07367856144862,1308.6785090843994
310262,5.28123893312,46.3156874613,-450.8493565241473,266.098590128731,1324.0642938467715
201836,-52.8143700647,-31.860137426,-604.9710668220062,409.45554124366885,1360.143975771167
111600,-52.8307857251,47.5305060458,-262.34541497347016,173.39364320246654,1308.5882278526258
201536,-52.8519811298,-25.9188132354,-598.2898187292744,402.82792941959195,1358.163515668098
310267,5.28569842849,46.5182220311,-543.0100715855233,349.06877147640915,1343.2002091242769
201370,-52.8636867778,-21.6606113571,-710.2651501683617,516.4120671659492,1396.0727838067974
201648,-52.8669058011,-27.1729711612,-544.4952670129112,350.48377554518254,1343.5686329666444
111613,-52.8813943413,47.5893696797,-118.86871871347951,237.40735450953989,1318.5977576754292
310655,5.28914444177,45.9566196186,-437.6588979162513,255.2944180641107,1321.9353367189126
310087,5.2895477838,47.2115367314,-449.13873875718696,264.6776963358294,1323.7794670975575
201657,-52.8972393486,-26.8560218529,-399.6402149151733,226.45331591471196,1316.669624036425
310041,5.28977394182,47.7512365941,-590.4758884074707,395.10813997431706,1355.893888490326
311992,5.28992400084,47.2684475342,-498.7696836105285,307.8912984589138,1333.0922122037048
201656,-52.901783717,-26.735840678,-364.8353940871775,203.987764966735,1312.9923087465424
201531,-52.902139118,-25.466407749,-652.3432988410182,457.06174531025204,1375.2247938419032
201358,-52.902304039,-20.4437544734,-696.0663160860341,501.76828485614203,1390.72254826724
201658,-52.9058731613,-26.9333333333,-412.04568698300534,235.44098640130008,1318.2451413333824
201461,-52.9296329683,-24.6145807445,-616.576385943732,421.0229283345931,1363.670818326361
201537,-52.9327777775,-25.7738888894,-645.0760638639123,449.69599873194716,1372.7943348684737
310250,5.29387279116,46.7526756525,-522.7564244081414,329.9694917974552,1338.3637996032778
201660,-52.9547456323,-27.0309381264,-554.5919283369207,360.1512280657889,1346.1228404750987
111612,-52.9691090435,46.843650264,-153.5872891477332,213.20390801798635,1314.455667173904
201659,-53.0061212446,-26.9266666668,-399.65149888694543,226.46128162997704,1316.6709940789851
201789,-53.0099789739,-30.0086111108,-460.98286240246983,274.6279707480293,1325.8047808363917
201350,-53.0183333326,-19.0558333325,-675.1033265756921,480.25543928305143,1383.1063160626547
111682,-53.0185386406,47.4977491611,-111.18918919376267,243.24146397886227,1319.660639850273
310088,5.30224952486,47.1802147809,-635.6072176726103,440.13045683684487,1369.6906999782327
201662,-53.0271754023,-27.8135412572,-420.629107049547,241.91229787508502,1319.416293076092
201532,-53.0310754587,-25.5356733617,-664.6271125457472,469.5570472967072,1379.428002919128
201446,-53.0314112027,-23.2145719266,-890.4269654024063,705.6890017302277,1476.5956662994975
201832,-53.0450876338,-30.9767738749,-622.4627603603249,426.9153485963887,1365.5015596617338
201663,-53.0501505942,-27.7939736565,-413.0032910780999,236.15314064816596,1318.372519589757
201369,-53.0511111113,-21.6104438139,-711.6160973326641,517.8081784828233,1396.5898124628975
200213,-53.0552777777,-15.2486111105,-627.3496310832575,431.81949752880934,1367.0427473263173
310050,5.30562625614,47.4367432411,-533.2603700756589,339.8274653552219,1340.8282890740356
311342,5.30679886823,43.8646290675,-645.7304969402603,450.3584581046582,1373.0114840589852
310261,5.30685734724,46.2768651751,-541.6572960065317,347.7815596686392,1342.8662657975303
201535,-53.0738888892,-26.0816666669,-550.4526785803407,356.1780249709046,1345.0652698079844
200146,-53.0761111114,-13.5691666666,-479.50718308249236,290.6719959313005,1329.2208258186965
201462,-53.0978608822,-24.6350108172,-649.0145051206919,453.685286988597,1374.106303821279
312434,5.31011968551,46.0690867869,-492.11652838191503,301.88771726818277,1331.718434357971
201538,-53.1016299805,-25.3934785129,-587.1640715434676,391.8469009148535,1354.9471533340432
201465,-53.1354798893,-23.9178465358,-735.9044668155113,542.9860609353999,1406.119360844446
200190,-53.1395724256,-17.164238963,-599.6966279970931,404.221433645393,1358.5774773599733
311987,5.31470113989,43.5190180019,-402.41248954419535,228.42216201685454,1317.0096729606453
111593,-53.156017436,47.810476692,-213.84529639012436,182.79075297965545,1309.8665023376698
201464,-53.156088741,-24.4019811169,-647.4447586863744,452.0945459035402,1373.5819134682795
200189,-53.1642499787,-17.2187383735,-609.8279554833689,414.28826094809597,1361.6066090214345
201463,-53.1727988044,-24.5182323475,-647.7160302836651,452.3693770279239,1373.6723946575048
201539,-53.1772222218,-25.4397222217,-559.3338857195463,364.71922958783273,1347.3521852146134
201418,-53.1814768561,-22.7060433146,-497.9761484926113,307.17229597113396,1332.926334792598
201540,-53.2141666668,-25.6394444443,-621.5325681288589,425.9831127970934,1365.210389265974
200188,-53.2186050862,-17.3018017454,-625.52052173803,429.98264595112323,1366.4636366879952
310258,5.32295877157,46.5317041012,-547.0802927371934,352.9510347742442,1344.2143532635193
310790,5.3233652616,44.7683446213,-371.8437403000147,208.14372310528574,1313.6443978640423
312435,5.32363919363,46.0686530869,-480.6352960333164,291.6662789822663,1329.438608160156
201661,-53.265277778,-27.1854296742,-630.5252655854841,435.0121299286789,1368.0545850793153
311976,5.32653130586,46.3391946223,-550.8422708055662,356.55141141519914,1345.1641920426005
201835,-53.2688888893,-31.8644444443,-555.4371257670879,360.96416455995785,1346.3405671181122
310043,5.3269320319,47.7221013397,-558.5204885755354,363.93446336893754,1347.1399660759414
310651,5.32715341492,46.0477297432,-550.3677438381659,356.096639346879,1345.043720897426
311139,5.32716107392,45.1319555974,-462.09922444953844,275.5788861037509,1326.0020803293016
201362,-53.2822222224,-20.9762594864,-651.3120572201522,456.01528463581565,1374.8773524910996
201667,-53.2850436777,-26.6813888895,-496.5496825703616,305.88178890860064,1332.629529673336
201665,-53.2897292141,-27.014134608,-494.1169214737231,303.6868448116963,1332.1274316983097
111595,-53.2898995721,47.5061288038,-55.27671294569956,289.58693549916643,1328.9839682190488
201447,-53.2978608817,-23.6975707826,-577.6195770764964,382.48561991541374,1352.2695899906682
201448,-53.3041666673,-23.1980555563,-857.1953307662567,670.4141589101198,1460.0660735181182
201541,-53.3060962364,-25.7854733874,-456.2073573358219,270.58503549956384,1324.9732284117108
312433,5.33130000026,46.0693999999,-402.2130672927519,228.27974872321064,1316.9849802668912
311136,5.33145718327,45.1265504879,-435.82793808520114,253.82353504910316,1321.652065226047
201664,-53.3146956701,-27.2773174918,-484.0303984267856,294.66972440004605,1330.1007634948003
201466,-53.3229414118,-24.1331864296,-724.1352199724663,530.7679447447831,1401.446540450278
111594,-53.3234728789,47.8480609071,-113.389954428935,241.5539273764863,1319.350633608237
201467,-53.3272086352,-24.2058860787,-752.2668011717892,560.0239855517547,1412.7861334840188
201781,-53.3386447261,-29.6270016222,-596.440483260697,400.9977509198611,1357.6218143556175
201782,-53.3689037636,-29.805787564,-569.8248382252325,374.8839836791899,1350.139176452054
201834,-53.3765774123,-32.5727690009,-624.2940625601177,428.7518461811381,1366.076842705119
111713,-53.385645245,47.1893340906,-194.21878501378077,190.72400975016353,1310.9971176423815
111711,-53.3898769224,46.7603665231,-218.16201646267865,181.34243560216865,1309.665176112421
310044,5.33932692492,47.6274352079,-514.8750354864493,322.64518897054637,1336.5768636847233
111712,-53.397460616,47.181423007,-135.4955831187239,225.33805952382406,1316.4782700984526
311348,5.33989005097,43.8814354829,-393.1926394008576,221.96789244138802,1315.9055968595633
310259,5.33999270998,46.2558495524,-413.2921234541683,236.3684355558767,1318.411101249752
201786,-53.4155555565,-29.9228520107,-662.990976615931,467.8896068906163,1378.861297885943
201666,-53.4312250188,-26.5808961132,-499.7788409180764,308.8067965845316,1333.3039534135687
310860,5.34342085826,43.810184319,-300.8792022718965,177.31641792856283,1309.1137867421871
312432,5.34363879628,46.0812365039,-396.2227652392263,224.05925962240792,1316.2599843473147
310089,5.3439326453,47.1402343655,-611.0001964099492,415.4564809510185,1361.9625112812964
201469,-53.4397222225,-24.0605555556,-594.122268685652,398.70626140373525,1356.946748201268
201543,-53.4647222215,-25.031411304,-560.0640456137078,365.4241083713456,1347.543162036172
310858,5.34764587161,43.7481908969,-471.2963858574848,283.4929238025126,1327.6693987652004
310569,5.34779531462,45.8815082204,-683.215773431969,488.56467095510953,1386.0134314922514
311809,5.34845519468,43.5057098248,-567.550355522941,372.6735936239622,1349.5271030831686
201831,-53.4886111105,-30.9611111106,-610.376048805543,414.83438765869363,1361.7728752459477
201544,-53.5105345303,-25.4346094893,-659.0315235703471,463.858325925451,1377.4985811614522
201542,-53.5155555558,-25.769444444,-601.4274467738371,405.93736783870054,1359.0890114997121
310051,5.35240583801,47.3478524937,-531.4174077455368,338.09023197447516,1340.3890478245507
310861,5.35253406902,43.774113195,-366.25844741080647,204.81511615596224,1313.1211011850478
201427,-53.5313206601,-22.3824999998,-817.7250683990696,628.6915015401405,1441.3850279090068
200193,-53.5475000004,-16.0777777781,-676.7071224468589,481.8964702246421,1383.676986361492
200144,-53.5564255751,-3.67253214172,-538.9232556272066,345.18484639888277,1342.1961007076693
310841,5.35608759231,44.414195643,-210.13123458423402,184.12522437881134,1310.053393119532
201788,-53.5630555557,-30.1933333331,-651.8212194810002,456.53191062089473,1375.0487918567167
111588,-53.5691945872,47.2267097977,-306.28581840222466,178.66161724155208,1309.296669226199
201357,-53.5734225875,-19.3766737701,-635.4929375939568,440.01523699753403,1369.6536800817378
310864,5.36045156767,44.0600786787,-328.2529902642797,185.9813956016518,1310.3155627868387
201367,-53.6103472936,-21.5725549798,-700.8966335427743,506.74374126463147,1392.5254087025944
201545,-53.6113888887,-25.7700000001,-615.3673173961339,419.8146726501299,1363.2982630164931
201368,-53.6194444443,-21.4108333334,-666.8649114361349,471.83917373166355,1380.2065064472165
201546,-53.6316666674,-25.4747222216,-610.3701794945616,414.8285386006222,1361.7710934694494
201668,-53.6435104793,-27.3315673413,-371.36983987388754,207.85635676166652,1313.5988960172297
311336,5.36509480506,43.7101745877,-588.749649433161,393.40745184642265,1355.39928351012
201669,-53.651388889,-26.7799180886,-468.7521617351988,281.28973057190274,1327.2007033966888
310863,5.36536390908,44.0687707614,-327.0425394547484,185.50411148300336,1310.2479040046392
311341,5.36832646832,43.8816211199,-525.173136684364,332.22809900254236,1338.9224414947623
311814,5.36839498533,43.5813105221,-407.28333964846047,231.93748634168452,1317.6239190838755
310042,5.36853546134,47.4313749546,-530.6037871332178,337.3242958960478,1340.196058482943
311825,5.36862408335,43.4022817843,-436.4672096228658,254.33625197681778,1321.750628386863
201670,-53.7058333335,-26.9310386701,-315.52782015364045,181.387482314591,1309.671414253162
201787,-53.7147594112,-30.4352777781,-511.00643484877264,319.074220946948,1335.7193391743467
201361,-53.7187077196,-20.4409733531,-704.5077987624487,510.4676574434468,1393.8848675078052
310572,5.3729015257,45.5646082902,-389.36035440923115,219.36645145979102,1315.4692830307793
201671,-53.7310744246,-27.8181355205,-475.78199843329105,287.4021461574791,1328.5096116277732
310047,5.37331966874,47.4644026794,-559.5570337214792,364.9346092574002,1347.41050300393
201470,-53.735833333,-24.1661111114,-763.8536029592174,572.1228413054959,1417.6255994143607
201548,-53.748325895,-25.6813756527,-474.50695508546727,286.2877710217384,1328.268979690502
201472,-53.7498573921,-23.9691611741,-672.1761071704686,477.26242921674793,1382.0699044959063
201547,-53.7669518826,-25.551681771,-670.0338651918414,475.0738417426422,1381.3156589569107
201426,-53.7692112937,-21.9559897945,-785.8202781083237,595.130148558413,1427.0661120966367
310052,5.37715656205,47.3233292997,-513.8931663963988,321.7373139014683,1336.3579960953516
312431,5.3777553151,46.1012775846,-403.6364934069355,229.2988926329446,1317.1620161294304
201681,-53.7799999996,-28.2847676431,-517.1241846448788,324.72873749407324,1337.081354116475
310062,5.38165869243,47.193937586,-633.1465937814606,437.65082951967514,1368.8959212265597
312686,5.38171026543,46.0442098759,-527.302398309205,334.2228355457028,1339.4187912567381
310053,5.38217812247,47.3107945777,-570.5773830753093,375.61610707319056,1350.3426433554819
201550,-53.8392720845,-25.7475317872,-375.7208412086444,210.52821499851436,1314.0243239308443
111590,-53.8398396026,47.2731098055,-209.75580634712648,184.26459126031855,1310.0729881055422
201549,-53.8437314049,-25.5558414394,-813.0604381920139,623.7748342079282,1439.24731660774
311135,5.3850094937,45.2437312116,-476.3631318852479,287.9108739097181,1328.6197597081375
311977,5.38538174873,46.1946292493,-414.0743127349692,236.95262210075026,1318.5159611062252
311813,5.38543838274,43.5726187194,-533.9148586616899,340.44516179693204,1340.9849748458746
201683,-53.8728448663,-28.3772222218,-529.1098793494167,335.9195689886186,1339.8431816451323
201672,-53.881261705,-27.3895516821,-495.7015239648698,305.1156859182276,1332.4538927725798
310859,5.38951063408,43.8265916034,-430.2647046006913,249.400372951757,1320.8097291434246
312266,5.38997345311,46.9777687571,-695.3840303615734,501.0660316761805,1390.4693317981403
111529,-53.9268639658,48.4852926818,-109.5871952278205,244.47753026507993,1319.8890322204988
311140,5.39313856138,45.0652388849,19.363886593838373,358.5392182874408,1345.6924483780167
201366,-53.9523276399,-21.2064301675,-529.8674780459751,336.6316775029619,1340.0218956680928
201425,-53.9608333326,-21.8441370852,-698.3410599645363,504.1105594621799,1391.5693481579433
201955,-53.9686666672,-25.6013333331,-564.666785687346,369.8764816965236,1348.7573563408841
201684,-53.9736946167,-28.4547338182,-538.9495243255104,345.20976463749184,1342.2025093749917
111531,-53.9766947249,48.6100100232,-165.7391147292094,205.7276124006678,1313.2637378209795
201784,-53.9852777776,-30.2313888892,-486.0637970703258,296.4763805996777,1330.502175430366
111552,-53.9854591616,48.5396028753,-243.97214968369767,175.1209815638307,1308.818227545495
201471,-53.989444444,-24.0747222218,-813.3369201670957,624.0661653365366,1439.373604485403
200145,-53.9986111107,-14.6111111108,-559.9814275243298,365.3443310004829,1347.5215303532786
200158,-54.0008333329,-4.53943053645,-410.1037474791519,234.00461974908106,1317.9893613513593
312367,5.40160000008,45.9190999995,-386.1612680857009,217.23327760919818,1315.1152388563848
312430,5.40178468109,46.202709048,-403.657039437902,229.31364783874412,1317.1645848778971
201428,-54.0228608817,-22.5475425344,-615.2059075759059,419.65342524341753,1363.2486170504574
312068,5.40228611113,47.5773458007,-619.5909526829498,424.03853851416454,1364.6048793393202
201685,-54.0316666675,-28.3836111113,-514.3695767368549,322.1776916560756,1336.4640883960515
111534,-54.0396482871,48.6395867496,-292.0497875386908,175.52870423264562,1308.8728435493813
312107,5.40497531536,46.9812838184,-734.9274219343775,541.9705323225478,1405.7275171516837
201697,-54.0563206605,-29.430926896,-420.8012478605227,242.04405650798557,1319.4404571113819
311837,5.40647469848,43.2732512626,-607.9373003730092,412.4055653812368,1361.0349536029078
310649,5.4067000005,46.0926999999,-292.38442032912485,175.58705117831366,1308.880669546673
201475,-54.0685205685,-24.4312276753,-537.646684547373,343.9746364684834,1341.8853695845548
200155,-54.0723595398,-6.20174645199,-353.3163909755461,197.61730598205264,1312.017680595447
201477,-54.0812909076,-25.2894071813,-584.0168136808966,388.75381174440224,1354.0558779892556
312307,5.4103043748,46.3488634561,-287.6036341836422,174.82477698164254,1308.7786280414775
310573,5.41064342582,45.502531634,-510.6482508689689,318.74442785144987,1335.6405971884053
201705,-54.110659686,-29.660267088,-598.8239346513718,403.3568656280086,1358.3204907608156
201673,-54.134444444,-27.3030555559,-488.89547005961685,299.00182770259016,1331.0671987322582
201588,-54.1511111113,-17.2077777776,-702.3658654887231,508.2584142711632,1393.0773166801937
111551,-54.1728253021,48.3150355877,-161.06563639987374,208.5338339191056,1313.7062664311427
200212,-54.1773188305,-15.314145529,-654.4769604852204,459.22817053770893,1375.9463315067426
201958,-54.1896471165,-27.2855231745,-653.6336750290955,458.3717315536749,1375.6607281081212
201452,-54.1944295689,-23.1389484264,-514.837811039147,322.6107507953916,1336.5685508421248
201920,-54.1973568812,-27.2811879251,-598.1965123516916,402.7355440704033,1358.1361172684924
111539,-54.1982319992,48.3979422896,-289.5045679141472,175.10946350328737,1308.816686469064
201364,-54.2033333327,-21.3038888885,-665.4333331505538,470.3790378109627,1379.7080248311302
111528,-54.2096416152,48.5067535666,-301.4001007075156,177.43783649362823,1309.1302381317878
201473,-54.2166666668,-24.0596906686,-711.3453658120055,517.5283578175028,1396.486088622702
201476,-54.2186275249,-25.0848412984,-636.0255689618971,440.55229555838997,1369.826310045627
311812,5.42232886079,43.5769617897,-499.10704520567435,308.1972099841354,1333.1628988287428
111526,-54.2249948135,48.8069100544,-59.66492628301316,285.7454684156373,1328.1522003488622
311807,5.42299312685,43.4811726048,-485.9717119038425,296.3944389977916,1330.4839187454568
201423,-54.23132066,-22.0686230398,-720.5699312100535,527.0731834876809,1400.0514045288803
201675,-54.232222222,-27.521944444,-583.1473480510056,387.90037897487395,1353.81110151317
200156,-54.2394650126,-5.69622025916,-423.5159757285303,244.1318499757073,1319.8250470210105
201474,-54.2524540847,-24.0681350383,-722.1178356198175,528.6769180491542,1400.6559457087967
201686,-54.268333333,-28.355277778,-513.4381633259327,321.3169542642587,1336.2568539278334
311349,5.42695377117,43.8856921363,-484.4922423124509,295.0795596568144,1330.191618188414
310568,5.42700818318,45.8444679473,-206.60135039081877,185.4675745337597,1310.2427316245214
111579,-54.2730395984,47.931365148,-189.59227428077384,192.8967470111779,1311.314969631227
312428,5.4273072272,46.2479432957,-353.7076860562445,197.8238326755846,1312.048803721077
111577,-54.2732694434,47.9268949906,-234.13641999192805,176.9843175672959,1309.0688458733607
312264,5.42790593225,46.9937793124,-966.7044610914376,787.0618644696465,1517.1697904565224
201718,-54.2856027585,-31.5395073514,-643.703169985472,448.30682101008773,1372.3398997098432
312427,5.43019505744,46.2819285665,-370.6679788321529,207.43242022947302,1313.5318814302561
200142,-54.3019678548,-2.81828117304,-289.59714939412777,175.12395081729144,1308.8186248374177
201580,-54.3021316798,-16.196944444,-637.871780699373,442.4147783548858,1370.4264411774368
312306,5.43055682947,46.3555870026,-392.3751745156038,221.40884742103103,1315.811412128562
201906,-54.3064247592,-27.3814793034,-515.5756095651936,323.29360225183984,1336.7335365840204
201783,-54.3103757575,-30.3599999999,-616.6980615741992,421.1445614733354,1363.7083765343746
310255,5.43142965554,46.6273341631,-602.2138283443279,406.71752277395734,1359.3222347562908
201365,-54.3144890719,-21.4269444437,-622.8902785601165,427.3439410027574,1365.6356170235235
201687,-54.3319444443,-28.3891666668,-479.2653481484771,290.45909341898533,1329.1742848555377
311811,5.43423330378,43.5767923177,-417.70856321835083,239.6885099672358,1319.0103776626497
201698,-54.3440835623,-29.5559864283,-574.3174318132892,379.2603499637611,1351.3608724637866
312308,5.43546625388,46.3390663843,-305.5922937830022,178.47861401089912,1309.2717098565536
312429,5.43556754389,46.2443141324,-199.8128993094906,188.24613921004885,1310.6389294916205
312360,5.43559295689,45.0010973916,-190.18925691792992,192.6102515963625,1311.2728562703744
310249,5.43563804389,46.8489766994,-416.54941229804035,238.8120705454086,1318.8513940583439
312305,5.4356999999,46.3775000004,-331.0941099069403,187.13388211318633,1310.4796390658664
312303,5.43980000024,46.3856000001,-389.26579420544874,219.30289034748796,1315.458685130861
201453,-54.401388889,-23.4269149812,-622.6839808814177,427.1371143848,1365.5709095672862
200143,-54.4023424141,-1.77919195807,-443.7693152344973,260.2551661388979,1322.9023191730512
201424,-54.4218018357,-21.6395222953,-668.0766133532713,473.07559840401404,1380.6296811153843
201551,-54.4267808111,-25.6829263339,-766.099073734861,574.47059557852,1418.5747282944917
312310,5.44372399256,46.3400411073,-275.986450566491,173.6197878007021,1308.618212194608
201606,-54.4394059682,-19.8726508111,-496.67613410203455,305.9960848002484,1332.6557689383003
312311,5.4442419826,46.3304710105,-364.32286499874897,203.6918916277367,1312.9463741091397
201902,-54.4440870986,4.98619999971,-281.98286673171754,174.12640107157117,1308.6855230045107
312688,5.44446282862,45.7944704242,-284.5599885249305,174.41990212027196,1308.7246069464336
200147,-54.4479884679,-13.1408333331,-436.40309687792495,254.28479083742468,1321.7407270046135
201581,-54.4603224049,-16.6135418105,-518.9642659075173,326.4373130795798,1337.4973323121312
201676,-54.460833333,-27.6725000005,-564.3245699131314,369.54491820985294,1348.666467717715
201689,-54.4665160734,-28.6482730422,-538.2683476899068,344.5638032864835,1342.0365155638272
201597,-54.4702777777,-18.1675,-638.2286351991952,442.7749425255181,1370.542755370998
312304,5.44719999985,46.3931999997,-351.6493924009926,196.74552152783403,1311.8866547124835
201552,-54.4805555556,-25.6277777783,-649.8614927746339,454.5439995113042,1374.3900618322239
312425,5.44816752493,46.3149238533,-426.0680648032172,246.11126859923044,1320.1926189397416
111515,-54.4885949063,49.2067101175,-151.30190851959,214.67334744550612,1314.6948089480352
200148,-54.4891666673,-12.3682020592,-338.3249005923604,190.26589388443207,1310.930549246257
201420,-54.4893044123,-21.9165335982,-760.458375845272,568.5748102499498,1416.197411882333
312263,5.45009174909,46.9856865858,-869.0288238605727,682.9610571173882,1465.8695713160678
201363,-54.5069444438,-20.9938888889,-650.7804096395471,455.47594918406907,1374.6985614514115
312026,5.45120608618,47.8114832261,-398.746478362986,225.82366104221487,1316.5614761407692
312426,5.45157315021,46.3104551229,-291.96824153219205,175.5145991623226,1308.87095203865
201553,-54.5183333327,-25.5691666675,-498.57048423121915,307.71073532090986,1333.050520874279
310842,5.45193959424,44.4740090609,-137.3311570507673,224.05677930589695,1316.2595621397713
200157,-54.5224673811,-5.64970237031,-451.2174553817713,266.40508181863925,1324.1259238419311
312301,5.45229102927,46.4031521916,-373.2238844759119,208.98573723689935,1313.778075985401
310182,5.45242675928,47.0401049463,-653.0431901452544,457.7721950980896,1375.4610780303365
201599,-54.5297222217,-18.72267804,-584.6461168791625,389.3718009562496,1354.2334340693872
312295,5.45312303234,46.4653792547,-393.85437760813977,222.42205798356716,1315.9822819662493
201455,-54.5394444445,-23.7347622477,-737.4074651308947,544.5486795463399,1406.7235190211027
312333,5.45539999953,45.7808000001,-689.7230673326083,495.2446095119959,1388.3821584211391
312309,5.45543646753,46.3525931104,-226.3794114501699,178.89960539152338,1309.3291654052064
201677,-54.5560775668,-27.847419494,-566.3327338857856,371.49176396057635,1349.201217484624
201451,-54.5633333334,-22.9719444436,-707.7663737827327,513.8310182883666,1395.1201059144375
312298,5.45643882761,46.4434718389,-454.67380017595246,269.2954666378424,1324.7104751315076
310650,5.45648210962,46.0765296595,-156.49718980813438,211.36116376412585,1314.1580331600828
312302,5.45649649062,46.4103903962,-306.1557564069526,178.62706471713238,1309.2919547682673
201957,-54.5649999996,-25.8733333326,-740.7046589550998,547.9784303949995,1408.0547413895592
201600,-54.5669444437,-18.7142665123,-602.8808650681984,407.37953834322377,1359.5204606155032
312167,5.45680976664,47.6929035473,-496.814523883591,306.12119444913674,1332.6845013964924
201938,-54.5746666674,-25.5891666671,-841.0885521829007,653.3635395751535,1452.3159812580818
201598,-54.5767572086,-18.7304136496,-617.5637663472149,422.0101703713141,1363.9759449742057
201480,-54.5847668502,-25.5555626903,-668.5324867166873,473.54090307845956,1380.7891879138592
201945,-54.5936109889,-25.5893066901,-687.9892347765212,493.46352399933426,1387.7478315923586
201918,-54.5978026163,-27.4555501635,-539.1573411845588,345.406919103416,1342.2532303317305
201478,-54.6018539016,-25.4998705767,-642.6525890133638,447.2442894581684,1371.9931665370618
312165,5.46020939193,47.8062403137,-366.26828789407205,204.8208671088418,1313.121998206819
312297,5.46083701198,46.456257354,-377.1008228334438,211.39108560506236,1314.1628459383328
201915,-54.618657119,-26.3481026749,-415.8077082142956,238.2531329657301,1318.750298555203
201703,-54.6365314965,-30.1103267482,-579.4029118813689,384.23037856970717,1352.7641251849013
310031,5.46396103724,47.689268612,-489.78884652012107,299.8008546970378,1331.2469143808469
312294,5.46462322429,46.4852572934,-338.62708864313845,190.40285715454098,1310.9504348311814
201582,-54.6508407717,-16.4812280335,-684.2278128354128,489.6027122879505,1386.379677595993
312299,5.4683394306,46.4225784952,-287.5529147647876,174.8175154495329,1308.7776580761913
311133,5.46863196762,45.2107434209,-155.08875611397576,212.24908254836473,1314.3011327751622
201706,-54.6890463718,-29.5018829549,-592.9394374987197,397.53824374866696,1356.6040136363397
201700,-54.7021750189,-30.9764217139,-435.48456165732927,253.54850833978514,1321.599273854515
311134,5.47270293496,45.1945847096,-19.418935569802784,321.95751537436104,1336.4110281936032
201688,-54.7348696736,-28.1812554516,-618.120120706037,422.5666535010821,1364.1482218668743
200141,-54.7349164936,-2.41012723927,-330.61160448352473,186.9349946755185,1310.4512531207668
201707,-54.7349999996,-29.3605555562,-261.9049776489418,173.40785353531666,1308.5901108594612
310497,5.47381773705,45.9771209643,-82.02496796819294,266.66167442184565,1324.1775723734768
201583,-54.7478224047,-16.7143245668,-631.856724410357,436.3520386426486,1368.4812370650345
201708,-54.7520915821,-29.4852049255,-595.759164692076,400.3239718862393,1357.4229543654499
201679,-54.7558333334,-28.065555556,-463.914725361005,277.1299133387736,1326.3252932213154
201602,-54.7643687771,-18.5064172551,-704.7702324430949,510.73842411571115,1393.9840502816564
310652,5.47741938835,45.948711766,-94.95332347333103,256.0508869732687,1322.0816356379999
201921,-54.7856008228,-27.5352627421,-404.44331046659994,229.87925968466192,1317.263173631078
201422,-54.7916592283,-22.4021286954,-711.2034304753892,517.3816649858819,1396.4317318920446
201601,-54.8058792475,-18.9000063116,-560.9004231013475,366.2320121794331,1347.7624721427912
201587,-54.8310739216,-17.610833333,-665.1625344821052,470.1029170053521,1379.613912349536
201589,-54.8353298429,-17.0811388372,-712.9713500868963,519.2092167378958,1397.1098758927412
201704,-54.835472451,-29.9017395179,-635.9166235813091,440.4424348613473,1369.7909814997483
310254,5.48457414494,46.6646120522,-488.2523188019128,298.4272672457018,1330.9382511623855
312292,5.48499835498,46.6563753585,-483.4992429376748,294.1987554017524,1329.996504601193
311335,5.48510530999,43.676935545,-524.972527505068,332.04039325980136,1338.875878238
310567,5.48511297899,45.7812980561,-238.94445518538186,175.99331076504558,1308.9352314020327
201693,-54.8519413033,-28.8353783597,-631.4092519274452,435.9016399503331,1368.3376901491974
111512,-54.8530950384,49.0153100877,-214.41677975213437,182.59262090625174,1309.8388678691995
310570,5.48544672101,45.4976346736,-576.495471060776,381.38688377251,1351.9592263397435
111517,-54.8674950436,48.994410085,-193.4517109550162,191.07663704122982,1311.0484643194688
200115,-54.872777778,-1.50305555622,-394.2178372456028,222.67212091450295,1316.0245696809823
200130,-54.8852629021,-9.81453486791,-648.774879101815,453.4423941450482,1374.0261276189203
312805,5.48943314534,45.3146709405,-521.7582666646449,329.038342875608,1338.1345319711984
201917,-54.9061658858,-27.6395701978,-560.4624181342051,365.8088542632662,1347.6475475542018
201701,-54.9061780518,-30.2809571033,-675.8357092870499,481.0047219957566,1383.3666676458802
200129,-54.9099094581,-9.34703793823,-189.14306788101075,193.11350749715518,1311.3468730085513
201690,-54.9103550002,-29.5769879531,-515.6221009586363,323.33665076913627,1336.743948668575
201702,-54.9142572095,-30.2426539591,-579.4763423144698,384.3022642230885,1352.7845448771377
201579,-54.9227777782,-16.3108333334,-668.6447894379161,473.6555400360675,1380.8285067952177
201578,-54.9228075302,-15.9940552992,-624.9491271120726,429.409143639223,1366.283282197518
201680,-54.9394109006,-27.9346091412,-623.0849351514356,427.53911476020915,1365.6967046974212
312166,5.49434821975,47.7063123214,-469.63619873798916,282.05409090032754,1327.3629137372575
310189,5.49452193576,47.0223153888,-648.2456525236582,452.90603153905164,1373.84921588066
311333,5.49759220602,43.6684344433,-770.9096545842604,579.5035241121594,1420.620332470947
201419,-54.993361797,-21.6324999997,-718.3338950339162,524.7575432024506,1399.1812869386595
201586,-55.0033258948,-17.8854800087,-649.402869972589,454.0789936082253,1374.236343213099
312804,5.50229548741,45.3433164699,-590.6921651349833,395.32133905277806,1355.9560301432837
201678,-55.0268672218,-27.847618024,-582.9852679459325,387.7413392878421,1353.7655412826036
201450,-55.0392423338,-22.9191802432,-569.7259429259755,374.7878008901141,1350.1124731915857
201913,-55.0396666669,-27.7593333327,-522.2026247814349,329.4527457891106,1338.2364911626928
201899,-55.0435224822,-2.4226143563,-392.76135665926944,221.67267201686016,1315.8558310432593
111535,-55.0478412085,48.4064453983,-170.50915525737148,202.95693811614532,1312.8325534130133
310794,5.50631221074,44.5684480298,-125.78596801364415,232.2884416536882,1317.6857420103438
201607,-55.09,-20.1555555555,-656.0768933440095,460.8537873084374,1376.4897412796006
311352,5.51018958006,43.701663676,-584.1264965855439,388.86150520597425,1354.0868010591153
310571,5.51082430211,45.5676750684,-620.5146599025428,424.96343201048103,1364.8925646795715
312803,5.51104183413,45.3519341956,-576.3499406084238,381.2446978303388,1351.919122653126
201909,-55.1187455814,-27.8435692536,-465.3050837319062,278.32152060099435,1326.5747862073595
312262,5.5142289034,46.9478849656,-504.83663900265606,313.4137944909444,1334.378507451564
201608,-55.1666666674,-20.1603375149,-695.1442010423034,500.8192153652167,1390.380408755274
310253,5.51718701264,46.6768267612,-589.794098873707,394.4362320141989,1355.6982465493604
310648,5.51723164164,46.2727550418,-216.05882713953537,182.0341386506882,1309.7611317357641
311131,5.51861598776,45.2897356644,-549.6771214379701,355.4350902999475,1344.868728905533
312183,5.51894432679,47.314473015,-527.4802268443492,334.3896287038011,1339.4604206008169
201709,-55.1944444437,-29.6863888891,-540.0603341191786,346.26402152239046,1342.4740471131313
201584,-55.2063888887,-16.6101181102,-562.342588612763,367.62628759006014,1348.14201102803
201449,-55.2088232359,-22.9271115099,-520.0172626252252,327.41664123594427,1337.7366899093704
312801,5.52188795303,45.4186718041,-550.122295612597,355.86147999162864,1344.9814822194705
111574,-55.2648194005,47.1269547024,-225.13737601814506,179.2418927703367,1309.3759775921294
310644,5.52695582245,46.1892565429,-221.48457220617402,180.30445197340183,1309.5218554773649
312802,5.52705871046,45.393623927,-550.3399215080218,356.0699808674913,1345.0366633837261
312061,5.52721759547,43.8518792795,-319.4081511506639,182.68757450530038,1309.8521078541964
313021,5.52724344847,46.2943847556,-208.1950284216242,184.8526933363151,1310.1558353131666
201910,-55.2766196525,-27.8730117241,-457.2494647330026,271.4637963616911,1325.1529675122617
312490,5.5311727248,45.3308083408,-444.0686893176047,260.5002170940668,1322.9505499743773
311138,5.53130667781,45.0853290895,-58.21001775284505,287.01585614998146,1328.4260973998362
312015,5.53135662181,45.1113382977,-42.16183726861624,301.2342528948474,1331.5704523939276
313010,5.53148482182,46.3691272147,-170.49574989581288,202.96458861332064,1312.8337361609908
311974,5.53189999986,45.9394000002,-48.501368282093125,295.5740064970621,1330.3013898692946
201691,-55.319722222,-28.2119444441,-675.9389966147671,481.1104067522684,1383.4034184057755
311130,5.53233754589,45.2889125204,-399.8645731752498,226.61177190204194,1316.6968860508614
111570,-55.33122897,47.218413565,-117.5462824676672,238.40096688134642,1318.77701510961
200124,-55.331666667,-13.5563888885,-502.4215118130884,311.2100973869494,1333.8626313406662
310647,5.53435964706,46.2679574804,-168.20446213438547,204.28357762435513,1313.038299006719
312337,5.53549921315,46.2067006523,-397.4583744690942,224.92058254689834,1316.4068759409788
313004,5.53550000016,46.3110999999,-227.45290567798443,178.6116093012375,1309.289846271111
313012,5.53559059916,46.456248775,-413.95216427055504,236.86128436360798,1318.4995497162029
312386,5.53573753117,46.1232350264,-188.99698317823783,193.1842177435062,1311.357287910744
313006,5.53886520443,46.3526577644,-425.5739442291916,245.72678037535215,1320.1209964109685
201454,-55.3894444438,-23.6480555555,-648.3971051321587,453.05951520321577,1373.8998212706865
312025,5.53940000048,46.3727,-390.6856419744428,220.2604874977194,1315.6186669868227
312342,5.5396366265,46.1268444987,-353.4602764125234,197.6931658944034,1312.029108828308
310634,5.54039548556,46.1347735994,-220.3653251647759,180.64656462638916,1309.5690038645416
312244,5.54055020657,47.0359215389,-506.63182013807454,315.0562632608491,1334.76523913059
111499,-55.4065192442,49.0975432935,-332.494179770789,187.7182411328355,1310.5632119914922
201609,-55.428055556,-20.4480555557,-614.864042336357,419.3119460859929,1363.1435370869328
312261,5.54373004084,46.927736125,-601.3157129580065,405.8265458075652,1359.0559149106234
312335,5.54386857085,46.1444490042,-296.75984810404947,176.41846694251552,1308.9924637100853
201421,-55.4391815419,-22.4141859644,-671.8530410285197,476.9322756053374,1381.9559291401217
111569,-55.439695247,47.7458098837,-251.26049144646186,174.15898263829027,1308.6898585245688
310039,5.54400646186,47.4108135159,-617.6864705015468,422.1328901515437,1364.0139191075532
310643,5.54422289288,46.1853082585,-284.8040337031041,174.45004435388856,1308.7286244850477
111494,-55.4493896698,49.0229136833,-372.278703022384,208.408270555387,1313.6863407249612
111450,-55.4685438373,49.0147096806,-384.1056658117578,215.88156410202495,1314.8926360317746
313013,5.54713711112,46.4303831368,-397.9399332790367,225.25758575869244,1316.464498007176
312332,5.54722008112,45.7096399002,-508.80042412058526,317.0453508594472,1335.2361398168646
310061,5.54776314017,47.2891109369,-631.6362351502809,436.1300966080176,1368.4104851026138
310038,5.54778891817,47.4398708283,-541.3688801283163,347.5073249605371,1342.7952693812563
312336,5.54786598718,46.1744692906,-290.96391288198566,175.34452828757955,1308.848157034209
310636,5.54797041019,46.1357696564,-111.85139199264309,242.7323988765846,1319.5669032056817
201710,-55.4808333334,-29.5979235758,-647.8479173149763,452.5030050164534,1373.7164060024804
111477,-55.4809607224,49.0105948323,-369.7091471713657,206.85649545777923,1313.4410547430464
312339,5.5481476032,46.2364340018,-356.69643559071187,199.42472257382127,1312.2911317787286
111453,-55.4827952655,49.0108100873,-365.8338588551941,204.56736752216784,1313.082481196974
313008,5.54892359727,46.3934657178,-522.8295533378863,330.03775091131934,1338.380630313385
111516,-55.5018746201,48.5813612078,-283.8283455660977,174.33196837496567,1308.7128905030856
111491,-55.5105952758,48.9942100839,-389.0469316939813,219.15589377474805,1315.4341870073397
310637,5.5518091145,46.1607214405,-284.6316456577611,174.4287104928158,1308.7257809089106
310635,5.55200782552,46.1149481257,-327.4512732427318,185.66435180475733,1310.270600335111
313011,5.55205389452,46.4819684901,-397.10437673284696,224.6733183924597,1316.3646510632725
201897,-55.5270311242,-1.92304082097,-248.50416826389304,174.48035354099892,1308.7326649637978
201960,-55.5311811505,-27.2851427004,-717.6081722750689,524.0062523386771,1398.899691565295
111485,-55.5477761829,48.9686909748,-174.82601072158604,200.5341907177226,1312.4601922413738
111488,-55.5480566189,48.9728105782,-172.3232841864463,201.92881032050272,1312.67400332638
200127,-55.5517484832,-10.9600608467,-482.7482929437367,293.5335811163783,1329.8495245005945
201569,-55.5518539022,-15.0267965562,-520.1601822917106,327.5496503518484,1337.7692506621124
311137,5.55547831781,45.0935306342,-213.72268963030265,182.8335125148732,1309.8724700786631
312448,5.55575746683,45.6772454555,-421.016953919009,242.20926711092787,1319.47077407795
111484,-55.560594797,48.9685809248,-353.31708830041066,197.61767339500173,1312.0177359355725
200128,-55.5680034896,-10.1124999996,-467.9785364892323,280.6218759511202,1327.0593173757447
201694,-55.5812382947,-28.681267181,-591.2112425787602,395.83314152425174,1356.1053316392536
201712,-55.5981237841,-29.950986923,-602.3489461916595,406.8516042460898,1359.362358773064
310543,5.56051148522,45.8434353992,-199.2204855502804,188.50063032588696,1310.6755060672754
313016,5.56056116223,46.4230488502,-403.24971321077237,229.02136148467346,1317.11373031631
313003,5.56070756624,46.4396650606,-421.1733156397054,242.32909952661282,1319.4927764291967
111504,-55.6148873785,48.9351655141,-418.42049404202066,240.2285549227518,1319.108620687366
111483,-55.6149953135,48.9356100751,-354.585743611081,198.2898725143354,1312.1191516448507
310040,5.56165166232,47.4026713723,-669.0088951806792,474.02724328037505,1380.9560535887606
311340,5.56415979853,43.8601704512,-338.3631399591257,190.28319897781813,1310.9330609854508
201692,-55.6433333328,-28.1824999997,-769.0234104065694,577.5295782014209,1419.8162586296028
312410,5.56444497155,45.4230510965,-269.3490843649331,173.34854254527693,1308.5822525825508
310645,5.56485201358,46.2278144181,-324.58544462129703,184.5608512382222,1310.114690544774
111441,-55.6639398665,48.9439101018,-357.7244484370276,199.9848255277066,1312.3763656104138
111475,-55.6641281165,48.922672557,-397.02934189161044,224.62095850294216,1316.3557154394978
111443,-55.6687589829,48.9302994657,-424.5758724123781,244.95197135755427,1319.9769933007935
312485,5.56817440786,45.3434988859,-542.2886836843184,348.38215181246255,1343.021935142138
313015,5.56836154087,46.4223205591,-366.44301925436497,204.92305101274792,1313.137940738834
310641,5.56888449492,46.1729617595,-308.024217445504,179.13371219646018,1309.3611730216899
313002,5.56890816192,46.4646990117,-421.6718307954519,242.71156547585215,1319.5630710910298
200126,-55.7016666666,-11.6458333334,-505.1070962256857,313.6610038502892,1334.4365926891478
201711,-55.705698164,-29.3060140696,-657.943324826803,462.7513747229608,1377.1262212954343
111480,-55.730629963,48.9354230561,-344.3500559016552,193.08583520601294,1311.3427981762266
311337,5.57319373027,43.8684190478,-419.42346374298313,240.99161155397258,1319.2477975766465
312253,5.57320653327,47.0063277145,-622.6222820792076,427.0752612225406,1365.551563771853
111576,-55.7606395555,47.0898431514,-18.88284669128268,322.4532134349701,1336.5305344158771
313018,5.57680967357,46.4233308932,-222.51619639607753,179.99596254375575,1309.4794160671272
200139,-55.7725000005,-6.2574999996,-398.40517281985956,225.58386498279444,1316.5203662351857
201610,-55.7863950386,-20.4557886154,-574.9291521404127,379.85728940686397,1351.5285253693246
201713,-55.7893539019,-29.7684577509,-509.60569019161204,317.7853206876604,1335.4120355216253
200125,-55.7938057853,-12.6727664084,-558.5317635507802,363.94533809072374,1347.1429039598668
311347,5.58131179795,43.894102597,-367.1427175667102,205.33352161007443,1313.202059725862
201567,-55.826949596,-14.5515292669,-572.4863659537768,377.47501428764366,1350.8609036399375
311339,5.58452695521,43.8603119142,-310.74795613969366,179.91154633499193,1309.467815212004
201896,-55.8848577318,-1.76062072353,-709.2770875139345,515.3912751829974,1395.6955116020856
312260,5.58906952759,46.8946023052,-858.577676419578,671.878993228983,1460.7392567169009
310657,5.58953353063,46.0146330404,-343.770839580248,192.80669583258836,1311.3017259690205
312341,5.58970525364,46.2899966802,-168.26127895953005,204.25059985784753,1313.0331687028101
311836,5.58978823465,43.30198078,-369.4868806566383,206.72352535045854,1313.4201195751393
312243,5.5904071437,47.0524191653,-422.1778668783685,243.10044407934885,1319.6346541687317
111452,-55.9154068053,48.9480783771,-382.0015858755405,214.5136969125652,1314.668749432551
313014,5.5928666349,46.4402660766,-254.8946933175112,173.8147464447317,1308.644092430443
312271,5.59386329898,46.9027911059,-726.6311898529357,533.3563875169705,1402.4289039650475
312484,5.59398660399,45.3559811099,-525.911311217302,332.9191342297166,1339.0940760483245
201574,-55.9685131297,-16.1937423867,-566.1303203831734,371.29540145524265,1349.1471638458356
200140,-55.9688170847,-4.2934508521,-376.4848184953037,211.0050066168066,1314.1007980321792
311838,5.59694932524,43.326702627,-363.3027924550163,203.10637100579504,1312.8556632450482
201898,-55.9770555614,-4.29775320145,-376.88217471278574,211.25388187814326,1314.1407828615763
311338,5.59779069131,43.8608673992,-419.5039757600578,241.05297784753304,1319.2590089518492
312385,5.59783997931,46.1562615381,-58.559198709593275,286.7106638066383,1328.3601918575757
312987,5.59828313335,47.0144309781,-646.9196999371736,451.56267934775997,1373.4069491418702
201590,-56.0060441698,-17.2018037341,-558.6218960352438,364.03227436308174,1347.1663933417465
111469,-56.0185873789,48.9477605811,-371.9795268111334,208.2262281557597,1313.6574731121602
200131,-56.0231819992,-9.63952819243,-427.2368087070646,247.02305009807458,1320.3628977865167
111468,-56.0269481585,48.9642034795,-358.8789566438192,200.61953981126075,1312.4732356606492
111462,-56.0311442639,48.9729407412,-376.02885628740796,210.72017339690314,1314.055092470583
312259,5.60353965578,46.8691989951,-1043.3661978946197,869.283684453417,1561.4070316955665
111459,-56.0395964756,48.9733030092,-390.37903247656016,220.05311852224673,1315.5839652195589
200113,-56.0434225879,-1.10181951502,-188.00833888175566,193.66556328360207,1311.4282843424594
201695,-56.044435718,-28.6228279321,-744.3184212704524,551.7402181775732,1409.5229912726104
111495,-56.0518883996,48.9649242205,-387.0040168634848,217.7917705611211,1315.2076071463396
201714,-56.0524404967,-29.3080833508,-477.19822564424953,288.6428149584083,1328.7785628909603
312516,5.60686054406,46.2098975756,-315.4735661590172,181.36994666729916,1309.6689857080491
111447,-56.0769742677,48.9520302795,-388.78158630872264,218.97789812478692,1315.4045440238533
111425,-56.0896367297,49.4977198536,-426.0929735516632,246.13066644873422,1320.1962352385153
201604,-56.0896850327,-20.7560424832,-724.944575684954,531.6071222512829,1401.7645761681033
310804,5.61008056933,44.172609081,-228.57498544453182,178.31839294601772,1309.249878302191
310252,5.61018796333,46.6280486212,-367.9801028888749,205.82745072025853,1313.2793815641253
201573,-56.105561706,-15.5731044524,-648.8932856565932,453.56241215791806,1374.0657394367856
201572,-56.1063293861,-15.6144499318,-810.2139591972036,620.7761427728929,1437.9502126316622
312277,5.61069278438,46.8944455962,-546.0855227898992,352.0009271772241,1343.9651957193971
201568,-56.1322222223,-14.6561102085,-622.6939723140383,427.14713098044047,1365.5740426927694
310566,5.61412030866,45.6643061884,-173.23390554488032,201.41816301966745,1312.5955473662364
312449,5.61412261466,45.6144889243,-380.8618673192934,213.77951235190218,1314.5491525511204
310565,5.6146079897,45.6266577473,-518.185611631441,325.7138745306188,1337.320949747367
111426,-56.1760955189,49.4978101626,-226.7124863650704,178.80946828412547,1309.3168526065429
312715,5.61877288005,46.1440992051,-54.761190321797244,290.0401306012761,1329.0827934822785
311332,5.61878862505,43.6434719782,-381.36422902872965,214.10253465936992,1314.6017229256236
312483,5.61888524505,45.3726190763,-328.9432612371995,186.25726136323692,1310.3547466171076
313009,5.61923781208,46.5607764876,-373.22766301926424,208.98805288951453,1313.7784443436428
313007,5.62247313135,46.5061989441,-415.4000665255596,237.94656544404748,1318.694946747757
311808,5.6230319454,43.4689205378,-503.85686588616414,312.51896092597167,1334.1686158464756
201585,-56.2313119345,-16.9140211043,-402.82211779888723,228.71506765633373,1317.060506106114
312245,5.62328021242,47.1566360849,-513.5315017258272,321.40316762005943,1336.27758745242
312383,5.62339821643,46.2304525193,-309.251793704106,179.47853968193405,1309.40839342728
111444,-56.2681940495,48.8435496195,-493.0027840932694,302.68416107192934,1331.8992063723401
310563,5.62732887075,45.4432149971,-278.1517784790274,173.77418267360366,1308.6387053481685
312290,5.63095769805,46.7393215354,-310.74557501674576,179.91084614525968,1309.4677190111083
310012,5.63103226806,47.8308441567,-512.822755983641,320.7487623880819,1336.120340068565
310576,5.63143305109,45.0609398845,-143.75065358796786,219.66217052026667,1315.5186291836108
312482,5.63186695713,45.3770724567,-329.78300178717495,186.59645473417243,1310.403003465275
310564,5.63538770742,45.5900181903,-610.6451999590474,415.1026287944603,1361.8546130198786
312481,5.63561101644,45.3845398433,-240.4988969618804,175.70558624394153,1308.8965763607064
201575,-56.3647173605,-16.5185478716,-593.5209067212814,398.1123306240153,1356.7723546587824
201571,-56.3680853068,-15.2020886407,-658.5510313603514,463.36950054467485,1377.3340512041636
201591,-56.3852257122,-17.2915296676,-660.4063443033235,465.2574511281282,1377.9703517861674
313001,5.63928613974,46.5022332618,-128.05958713274822,230.63561299475228,1317.3953774599775
203009,-56.4020746236,-34.5145920426,-612.7970334800075,417.2484971875593,1362.5102212375245
201605,-56.4023858556,-20.2433906198,-572.9624893687474,377.9390312179885,1350.9906387127348
201570,-56.4138888886,-14.8341666672,-648.217798977018,452.8778054336245,1373.83991106163
310562,5.64352138109,45.6143481383,-300.18543018849454,177.15743584043372,1309.0922624647237
201716,-56.4611483005,-30.3892324593,-669.4681999223305,474.4961961199667,1381.1170966662348
310805,5.64810217347,44.1766231183,-226.69788930130932,178.81340386998738,1309.3173900834827
312016,5.65269568285,45.019126193,-184.3509712948375,195.48823393079996,1311.6986865041968
201565,-56.5349492216,-16.318305129,-643.6527167840734,448.25578374646466,1372.3232280456411
310646,5.65560000009,46.3903999995,-319.94548955477353,182.8746882265865,1309.878218066635
201696,-56.5577777785,-29.1145491748,-501.6999141683191,310.55302180572943,1333.7094788311738
311279,5.65586366611,44.3564182012,-180.04024915971465,197.71945924238977,1312.033070899722
311839,5.65591384412,43.3725589298,-261.66806371569686,173.41605355906907,1308.591197511069
310037,5.65614931414,47.4519262813,-662.6187334155434,467.5103730377891,1378.7326584473815
201928,-56.576449263,-29.0976743074,-509.67975189424567,317.8534137345044,1335.4282411249694
201577,-56.5806981644,-17.0595438924,-423.72827099448364,244.29589610939146,1319.8554009539614
111451,-56.5900063271,48.7604677486,-411.8320333097706,235.2824414279285,1318.2168341421448
310561,5.65950249342,45.6060866126,-286.68920832419985,174.69653141931866,1308.761503353989
310631,5.65976760644,46.3179217815,-266.05677669384994,173.32734139887384,1308.5794442248637
310630,5.65994403245,46.2920718764,-261.7997082068482,173.4114490759994,1308.590587327484
312269,5.66045323749,46.9062388722,-583.4560565579562,388.20334148521823,1353.897938883039
312411,5.66110234155,45.4648987149,-268.84671320212357,173.34044353783162,1308.5811797276253
201576,-56.6394803462,-16.9443071858,-658.5426019681859,463.3609257095163,1377.3311664395865
312395,5.66832030614,45.5598927988,-539.7317647797036,345.95206779100704,1342.3936187945492
310629,5.66840923715,46.2808695204,-292.41618728602873,175.5926289689194,1308.8814178219768
310530,5.66879240618,45.9112468569,-397.8008733201251,225.160193733329,1316.4478369511955
310188,5.66882849119,47.0096774217,-640.6481869082535,445.2183265561791,1371.3340777771607
200138,-56.7270485755,-4.88653192917,-155.56046603458785,211.9508626426714,1314.2530056067683
312334,5.67286521152,46.2360857167,-140.6602924872081,221.76070819636772,1315.8706647202096
312393,5.67305005554,45.5357833268,-526.1107638247782,333.1059416676139,1339.1405314401172
310546,5.67322766155,45.6978910442,-343.38231489518125,192.62040329551942,1311.274347471642
201895,-56.7525448646,-2.58118218442,-147.32043392830093,217.27868012615806,1315.122739294252
312394,5.67725011888,45.5434918614,-588.8141656087571,393.47098140982223,1355.4177244610094
201592,-56.7747222224,-17.3655555557,-664.0046855418595,468.9226006037688,1379.2121663937182
310531,5.6774999999,45.8777000001,-371.48441195444104,207.92574890059657,1313.6098780183274
310544,5.6810560642,45.7940596942,-347.50208304321393,194.63421484910538,1311.5716801461442
201554,-56.8138888887,-14.4511111105,-614.7604205348953,419.20845261828487,1363.1117053704984
200137,-56.8393428898,-5.15292894321,-449.47110790061345,264.95332912425,1323.834604920673
310528,5.68477206451,45.9860698421,-333.68798416814764,188.22497341508284,1310.635889630892
200136,-56.8479588635,-6.81972222212,-409.39631242843154,233.48399460071062,1317.8970256837808
312492,5.68505712253,44.8107953678,-228.5758303646319,178.31817517481178,1309.2498486420102
312268,5.6859255176,46.8975494635,-529.82518660752,336.5919110996306,1340.0119063609673
111360,-56.8897593329,49.502185552,-165.10162861326302,206.10513603447984,1313.322931221123
310533,5.68911255287,45.8782342971,-352.5011827541501,197.18934252141423,1311.9532885646042
310032,5.6895431569,47.543958429,-591.6169665360524,396.23328854627704,1356.222184423942
312363,5.68979023392,45.4770989209,-214.0118534459971,182.732808151917,1309.8584174430978
111346,-56.9059821503,49.7691869071,-147.23206126495612,217.33714922048645,1315.132400560012
111345,-56.9223593876,50.0774922876,-314.2034907465517,180.96454658907638,1309.612905286765
310526,5.69306676619,45.9934876487,-320.5823931720864,183.09868241129445,1309.9095091158792
312276,5.6932002882,46.8524356117,-577.1773031404942,382.0532298434297,1352.1473532885564
111565,-56.9351479787,47.7442207805,-488.43467668712003,298.59012002778707,1330.9747760005298
312511,5.69394102926,45.0930404532,-216.1236688643865,182.0124157480174,1309.758112804758
312072,5.69454407031,45.042741974,-82.91614073842561,265.91957479579173,1324.028328560619
312731,5.69478512033,45.018294133,-81.69325442553637,266.9382870521831,1324.2333040917697
201593,-56.9650000002,-17.623333333,-672.4318936407,477.5238517836868,1382.1602018556966
310619,5.69809999961,46.5894,-647.614107901027,452.26611388440904,1373.6383921322076
310621,5.70144544589,46.5980701377,-587.3246587001572,392.00488490742464,1354.9928502994896
310036,5.7016612979,47.4438097227,-632.4626388635838,436.9620542093407,1368.675867906751
312252,5.702778427,46.9268770069,-655.9226077101256,460.69698356653424,1376.4372507451094
200108,-57.0430555556,-0.997777778411,-205.9618033396447,185.7183819325097,1310.2782574549124
200112,-57.0438070717,-1.08936605499,-291.8942210566153,175.50183427770065,1308.8692403774678
312986,5.70457617914,47.0062002525,-670.2810788491511,475.3263250885106,1381.4025155231188
312182,5.70562717923,47.2689002432,-560.9414890419839,366.27169335394035,1347.7732553823046
311264,5.70587806125,44.656057853,-140.95341280085378,221.56028918483068,1315.8369033870108
310536,5.70600000026,45.8642,-541.005063337359,347.1614989513785,1342.7058132463787
200111,-57.0606522481,-1.101560351,-303.85780461684294,178.03433422902023,1309.211220061844
200109,-57.0613888891,-1.06499999997,-246.5737736825879,174.73622426976448,1308.766802239232
312037,5.70687566733,47.6187544621,-711.8230511797398,518.0220931661182,1396.6691389085886
201555,-57.0769011054,-15.1602961182,-627.8007413575194,432.2727488708839,1367.1859873432882
201715,-57.0978583062,-29.7434510448,-755.6990633419693,563.6051281228547,1414.209508883967
111412,-57.0980958542,49.5189101624,-261.6169263317873,173.41787456448125,1308.5914388341052
310534,5.7100703756,45.8811060834,-169.35537834870226,203.61823848330772,1312.93494949845
311277,5.71022384861,44.4188282654,-165.86707427102073,205.6520368823022,1313.2519007583014
312412,5.71030561962,45.4940599233,-201.48279045744016,187.53904144723268,1310.537556363189
310532,5.71032342862,45.9191031835,-472.47657807111375,284.5184228937257,1327.8887481778677
311128,5.71051627564,45.1901812192,-573.0307597099511,378.00557809091225,1351.0092566815729
311275,5.71073052565,44.4401452511,-113.45339608072572,241.5054635614803,1319.3417614482978
312396,5.71093036667,45.50183626,-512.2145680729268,320.18764360868084,1335.9857490598959
311282,5.71381887391,44.3145535707,-214.4436931739779,182.58333784107387,1309.837573834496
310626,5.71469268598,46.3640534813,-122.02756389276729,235.05318722309184,1318.175934917333
311274,5.71480382399,44.4440930875,10.307306423945732,349.87607451540106,1343.4102359628494
311276,5.714956282,44.4227551777,-171.8340170566594,202.20468077751207,1312.716468815634
111336,-57.1518169116,50.6062945573,-350.8977170879766,196.35672436988622,1311.8284025651844
312392,5.71888740833,45.490150849,-196.61214329680192,189.6435532539979,1310.8403685660026
201556,-57.1890748357,-15.097448988,-624.5962299072003,429.05501912421965,1366.1720257738907
311265,5.71932299836,44.5892814115,-67.62731892695383,278.8521788696543,1326.6862222212926
111382,-57.2062476731,49.0864413386,-331.37765427094035,187.2513576129115,1310.4964194912286
312273,5.72245826862,46.8279601717,-457.6739753425828,271.82233001623666,1325.226461276301
311127,5.72256317663,45.0902198879,-231.56277784822635,177.57688006058055,1309.1490911670455
201557,-57.2269816338,-15.3227885407,-545.9709643100838,351.89156458177786,1343.9365564621207
310622,5.72305049167,46.5230281405,-329.45183359483246,186.46221747150625,1310.3838953206969
311330,5.72320417969,43.6975348547,-526.4543011758178,333.42779013843995,1339.220626262923
201603,-57.2351351695,-19.2598231254,-830.8153282622615,642.5057185890776,1447.463779509221
111386,-57.2352959025,49.3483101352,-242.0463945654713,175.4351393365322,1308.8602991478808
111413,-57.2524959119,49.6389101803,-201.24386565313662,187.6392788667685,1310.5519041781952
311273,5.72633720294,44.4483534168,-231.5275432311182,177.58529024752957,1309.1502319763576
111564,-57.276956938,47.810123397,-308.6879066465616,179.31897003564998,1309.3865310083568
201615,-57.3047445363,-22.2018340358,-721.2674408657376,527.7957781843184,1400.3235976161516
310030,5.73132908636,47.6063130871,-564.0832644707737,369.31117438938014,1348.6024388604358
312985,5.73136395836,47.0030333752,-419.3384933200974,240.92686521824007,1319.2359716727478
310614,5.73136556336,46.6108796457,-316.6972120686864,181.76977064066992,1309.7244153218696
311278,5.73138266136,44.3889706319,-324.2500329426159,184.4347700800047,1310.0969349578359
310615,5.73144712437,46.5936761813,-530.7997943672051,337.5087587345034,1340.2424992492802
312391,5.73559718971,45.4485391846,-382.34292553449666,214.73450909217888,1314.704797270669
310484,5.7367154978,46.1774371569,-67.98549985420705,278.5445175316404,1326.6215899111494
201616,-57.3772222223,-21.9697222216,-662.2980297989694,467.1836859721612,1378.6219173544234
111341,-57.3780959673,50.5317103162,-380.7158022694539,213.68576644948593,1314.5339103098695
201566,-57.3806930116,-17.1234512437,-549.6532083813656,355.41219078355124,1344.8626769782168
201595,-57.3896850333,-18.3940250318,-571.2980260622371,376.3175563846068,1350.5379290544688
312242,5.73966501205,47.1189611448,-378.19707902781334,212.08174716472223,1314.274119828848
310478,5.73973414005,46.1939053582,-180.45643876970965,197.50020225173492,1312.000047431755
312398,5.73988184507,45.3984235214,-32.82665913405941,309.66509256903765,1333.5030049187149
311973,5.7402439451,45.8437729673,-330.98055836427756,187.08696078313957,1310.4729396162759
200132,-57.4147791494,-8.8596216169,-308.6212665342683,179.30024370596632,1309.383966590576
111385,-57.4269324984,49.1978826238,-402.7453249777468,228.66011810322132,1317.0509649145818
200121,-57.4270560134,-11.5349825773,-519.452439075845,326.89119060483387,1337.608180696611
311267,5.74348837536,44.5057907946,-215.35416887046506,182.27183189381446,1309.7941881354407
310013,5.74350455537,47.8233789121,-568.8745915787674,373.9600787543498,1349.8829338403427
201612,-57.4393613404,-19.5982580264,-757.9635463686202,565.9691421602256,1415.1533006883153
310620,5.74423367343,46.493466992,-225.54944749773193,179.12725563417632,1309.360289714975
310618,5.74440000044,46.6567999995,-689.1235896955127,494.6286923603307,1388.1625761694997
111390,-57.4479231021,49.1893648111,-390.2876391693491,219.99136820606452,1315.5736378692861
310806,5.74553195253,44.1692155807,-281.7212460840146,174.09914440141048,1308.6818966627277
311126,5.74702371466,45.0858222046,-150.26043461369323,215.3493409410608,1314.805359441161
312251,5.74796227073,46.9232848646,-376.918994125718,211.27697357817433,1314.1444951510484
310538,5.74798419074,45.8135051068,-338.30260935863953,190.25580960376155,1310.9290856714692
310617,5.74814740675,46.5851477536,-363.8698023658354,203.43128249494706,1312.905968174793
310476,5.74825012676,46.2019313199,-92.14287298771471,258.32838604236576,1322.5246120986578
201594,-57.4860441703,-18.0394296574,-599.9138828840607,404.43673064962474,1358.6415508404007
111797,-57.4894530116,53.5312761943,-280.73095063197786,174.00021917765454,1308.6687399205819
310558,5.7524125721,45.3642755896,-39.401274847734896,303.71580943656096,1332.1340351005063
312181,5.75245853111,47.2684268132,-643.8134122037469,448.4183429800575,1372.3763350088896
310541,5.75258488212,45.7018404235,-272.6755188011517,173.446339981456,1308.5952114479155
312399,5.75260903712,45.4149179438,-286.76580926221527,174.7070571034588,1308.762908388377
201717,-57.5566964191,-30.2178149561,-585.8719216786178,390.5762626315549,1354.580234427878
310611,5.75640000043,46.6563999995,-286.05075556098996,174.61035022223876,1308.750002474187
310035,5.75662749945,47.4523084054,-605.1302204798383,409.61370845340593,1360.1915985347077
312408,5.75735470651,45.4352698745,-207.87121260252943,184.9764578146085,1310.1733032378165
201596,-57.5941666672,-18.9980040918,-723.8211515951735,530.4423467018671,1401.323259546503
111342,-57.6025065149,50.1817102622,-369.459234928891,206.70700052362025,1313.4175187795097
311280,5.76040109176,44.3515484668,-527.4858759273624,334.39492772696644,1339.4617434854101
312983,5.76052032177,47.0232656469,-479.44951945557,290.6212231893516,1329.2097238357558
311281,5.76061409178,44.3436753862,-128.2592466096835,230.49119140519954,1317.3701013332739
203011,-57.6139942509,-30.2475328435,-760.9647171044974,569.1037968602635,1416.4098722376302
200135,-57.6270909159,-6.04456397798,-218.5151758470571,181.22890819952102,1309.6494613974542
311283,5.7644446791,44.3392581428,-213.3032577647763,182.98046272304381,1309.8929896406771
311272,5.76470438812,44.4855335139,-268.3748514720156,173.33443150078912,1308.5803833602097
201944,-57.6478569807,-25.3645012995,-734.0685318775083,541.0779913749537,1405.3836441775627
111339,-57.6538960602,49.8181102061,-203.4783187331146,186.71411160150637,1310.4197625351167
201947,-57.6771336021,-25.3017363323,-585.1924961766621,389.90855381941134,1354.387859851452
201940,-57.6810492574,-29.9682399014,-557.8089203867992,363.2483485383063,1346.9547718046285
201559,-57.6844444437,-15.0933333327,-546.6354816388266,352.5260934911433,1344.10283876033
111417,-57.6939658225,49.006758868,-214.41717159056526,182.5924857212103,1309.8388490242996
201561,-57.7023648302,-16.0732135188,-567.3372046162594,372.4666332488228,1349.4699653772086
311095,5.77033256059,45.2019980692,-357.26415682381906,199.73344718192075,1312.3380831533561
111433,-57.7191283866,48.305888641,-271.140609232224,173.39168021797292,1308.587967750072
200122,-57.7274020192,-10.8223506463,-170.24177353878866,203.1096806914412,1312.8561752766489
311263,5.77306178081,44.6891390217,-126.20691126899723,231.98129895869994,1317.6316319965977
111563,-57.7315549416,47.8599744941,-237.65166071424343,176.24481142453598,1308.9690707291454
312078,5.77326896583,46.710254017,-736.517452258178,543.623300683714,1406.3655597381883
201564,-57.7477480259,-16.7308539772,-514.6247274064071,322.4136453225531,1336.520988709728
111387,-57.7619882241,48.9855217942,-218.95237548143106,181.08941433420387,1309.6301655640634
310028,5.77673323811,47.6397110529,-371.49491843653414,207.93211493716663,1313.6108856863568
201558,-57.7677777776,-14.8505555556,-512.4231835825019,320.38006807521936,1336.0318793319768
312991,5.77701525614,46.9891611,-449.470267918019,264.95263225820105,1323.8344654495143
311266,5.7777778522,44.5521735254,-224.44968019576754,179.43558032905273,1309.4025057481276
111393,-57.8023781744,48.9438214228,-127.83121395043882,230.80094832766758,1317.4243326735705
312753,5.78095308046,44.7806657183,-182.3362115752743,196.5200646285534,1311.8528615561513
311117,5.78110534848,44.9021277744,-181.87306659177156,196.7600016688127,1311.8888263980919
310540,5.7813296845,45.7030463476,-140.53061027176366,221.84946843228096,1315.8856261906417
310495,5.78153808651,45.756012846,-429.2767593096836,248.6223194295477,1320.663035103951
111415,-57.8274465105,48.9520857675,-159.58123642777537,209.4435395446146,1313.850977405135
200107,-57.8286557376,-1.43963430997,-260.6895690840576,173.4540416288226,1308.596232276719
111416,-57.8307798778,48.9563410468,-223.97563937454788,179.5708158595476,1309.4210447674632
111340,-57.8395128605,49.7896626768,-230.57411431869465,177.81590320122265,1309.1815343957148
310607,5.78424684774,46.7272218164,-583.0910592350187,387.8451442211013,1353.79527642378
201613,-57.8483022942,-21.0986111106,-727.7612892682814,534.5288452638559,1402.8752193230025
111410,-57.8516991935,49.03114025,-191.45411843385583,192.00920324549455,1311.1847042664972
111407,-57.8522054396,48.8527274342,-155.4562515214285,212.0166755711886,1314.263620926833
111343,-57.8567270109,49.8311373982,-105.1635489042603,247.9234032373564,1320.5316385623803
312989,5.78587034487,46.9681969293,-453.5031091017115,268.3139584091157,1324.5112966104216
111409,-57.8607723823,49.0103586823,-251.97524392894456,174.0841234340121,1308.6798984485245
111414,-57.869696127,48.9481100681,-184.33042044829762,195.49866013852633,1311.7002404083835
111397,-57.8727961283,48.9773261425,-185.56488191151377,194.87600829712713,1311.6075835329993
310002,5.78732467499,47.9393819547,-453.8922409795891,268.6399236922046,1324.5773677565253
111406,-57.8745414684,48.9111100631,-181.5205803654419,196.94329308513562,1311.9163293681
201912,-57.8767650786,-25.8647421369,-441.2208935123059,258.1766633849857,1322.4949845228361
201560,-57.893611111,-15.4686111107,-601.1571782512297,405.66931638294494,1359.0089730483967
201614,-57.893963268,-21.7002777783,-674.1334111230224,479.2634121920631,1382.7621678500723
311284,5.78975099519,44.3232276875,-282.83383898655006,174.21829849934846,1308.6977535334354
111405,-57.8979414764,48.9231100641,-248.8714955304552,174.43453318689896,1308.7265569780352
111408,-57.8981723944,48.9935038359,-174.84149348204863,200.5256498814515,1312.4588872920287
310613,5.79022037123,46.602194164,-317.74719903955804,182.12003790975535,1309.7730730091002
111404,-57.9107414814,48.9312939447,-331.3762772320064,187.25078602056723,1310.4963378189088
111403,-57.9194042051,48.934665986,-285.29010851941695,174.51128775948894,1308.7367894756098
201894,-57.9250492366,-2.5857660158,-602.8069427742928,407.30616076204194,1359.4984748671718
111402,-57.9257414867,48.9400100675,-284.6966546330492,174.4367319030793,1308.726850037271
111401,-57.9268822027,48.9351506081,-285.8183427910263,174.57966499159224,1308.745908876138
310490,5.7934263155,45.997304277,-208.21762783287227,184.84407808195672,1310.1546197962361
310608,5.79366045552,46.7399837924,-530.7656939017022,337.4766641145607,1340.2344173290521
311293,5.79383133953,43.7311422665,-673.4437845250608,478.5582516125954,1382.5179184220203
310029,5.79384368053,47.6061429701,-517.9858927904997,325.528420126305,1337.275793126227
200133,-57.9434326021,-7.61486450791,-330.43050387969504,186.86067775946506,1310.4406539268302
111399,-57.9521172368,48.9561484478,-298.8368648387275,176.85736365037909,1309.0516879209981
111400,-57.9557961581,48.9489100682,-299.1951613259588,176.93593228304493,1309.0623051269647
310475,5.79696197279,46.2442554394,-100.50510087976848,251.60232480789978,1321.2272796230752
310549,5.79765452485,45.5767934862,-250.23949491428857,174.27197796888288,1308.704900608475
200110,-57.9774317709,-0.694722222336,-384.04812482034527,215.84394365481756,1314.886459959154
312017,5.79793418087,46.8982846245,-397.3523834415858,224.84650698148468,1316.3942214523834
311319,5.79806980888,43.7731156309,-505.9276752042929,314.4115712766502,1334.6132139028537
203010,-57.9808689092,-31.3847933746,-742.2357389556386,549.5718790461717,1408.6756350593248
312397,5.79929220898,45.3440538579,-11.486435759409233,329.3233683167283,1338.2046463418542
310486,5.79972270202,46.1518137658,-168.73050405533795,203.97877515719088,1312.9909121110013
200123,-58.0034759411,-10.6353447098,-362.9724249268305,202.91770082267118,1312.8264881082384
310137,5.80059896209,47.1728859402,-758.1442928769354,566.157877263086,1415.228793007864
311119,5.8019454542,44.8815379167,-194.01662433524828,190.81664709463885,1311.0105977374446
310521,5.80210000021,45.8565000003,-460.64195588797884,274.338019568348,1325.744750527844
312250,5.80238183824,46.8893253878,-384.3237068641339,216.02422778057453,1314.9160663554328
310489,5.80295114228,46.0268095044,-421.8219307005885,242.82684685939216,1319.5842800394096
200120,-58.0363888888,-11.7644444442,-406.8629475791434,231.63133115267442,1317.5700619485142
111365,-58.039216123,49.0895705608,-127.85531901514102,230.78348974034705,1317.4212741975077
111373,-58.0618961939,48.7978358417,-211.54416768924185,183.60804465252187,1309.9808046809594
312401,5.80622224255,45.3354159122,-157.36884943866724,210.8154413745013,1314.0703728847163
312180,5.80733306565,47.2858878626,-454.52515225516095,269.1706989448727,1324.6851172040558
310026,5.81005938087,47.5639536556,-605.0539174920393,409.5378767347789,1360.1687641803433
311296,5.81026226689,44.2728399103,-220.34068152471022,180.65418386222004,1309.5700549105331
312331,5.81048768591,46.1555470321,-205.56766835277895,185.87409755498646,1310.300337599488
312400,5.81052892691,45.3393415365,-31.29473972830023,311.05897825245296,1333.827381081567
310616,5.81058446792,46.5557435262,-193.15277700866113,191.21488473475122,1311.0686201399133
111364,-58.1188474356,49.4689201832,-288.5021336796862,174.95629834451483,1308.7962029673934
111561,-58.1439748977,47.7104792067,-220.91167147666295,180.47860436838369,1309.5458454006914
200134,-58.147434347,-7.33530851278,-311.5275512985993,180.14268251389637,1309.4995916894186
111392,-58.147875959,48.9853506112,-126.74223872578591,231.59143677052643,1317.5630490253163
200118,-58.1812375548,-13.0816666672,-431.4845677583814,250.36420805470684,1320.9920632790768
200117,-58.1859164382,-13.0269463197,-364.90241380470474,204.0265369833613,1312.998332963479
310187,5.81918564663,47.0065505785,-382.50647555395193,214.84046018211927,1314.722106721689
311297,5.81936417364,44.2685695019,-188.2955696424117,193.52521512049634,1311.407565731907
310610,5.82241335589,46.6199912615,-250.40794395523486,174.25284470074385,1308.7023528892096
311980,5.82278718093,44.2727256263,-518.2401880030465,325.7645601780279,1337.3332954949694
310485,5.82280537393,46.1897030519,-164.31976031243087,206.57045356223847,1313.3960358004588
310487,5.82280886293,46.1271691247,-412.2003797656079,235.55585746275673,1318.265662359627
311329,5.8249027401,43.7274622292,-588.0978286337213,392.7657377966113,1355.2131638079552
311295,5.82692052927,44.3062932251,-520.5444988831046,327.90742121494054,1337.8568949851415
310027,5.8273755213,47.556763088,-530.1741690616575,336.9201080198277,1340.094382407278
311318,5.82861267341,43.8969269282,-321.5105621219571,183.42938681264727,1309.9557757870743
200119,-58.3443464643,-11.3566446805,-482.86372495160253,293.63577585892614,1329.8720853660043
111374,-58.3643712089,48.5770757914,-253.35914127710817,173.9491345368288,1308.661948700872
201931,-58.3849130676,-26.869029729,-517.8517294202051,325.40386251481584,1337.2454779549687
311327,5.83891229626,43.7068222345,-461.325257756301,274.9193923661159,1325.8651767319354
310606,5.8394322243,46.7484217021,-315.93253393732044,181.5188535998989,1309.6896154370597
312982,5.83988098734,47.0062544845,-357.0431820714997,199.61310780604046,1312.3197732943893
201893,-58.4169715253,-3.15609815999,85.77002575367794,423.7676945791241,1364.5207413375429
312031,5.84343243363,47.4228240139,-422.050411859742,243.00243662831113,1319.616602949034
201563,-58.4607812679,-15.8479395431,-663.8535946618745,468.76861247081695,1379.1598190961288
310519,5.84768687099,45.9352206498,-168.81839003020693,203.92796647272564,1312.9830197230856
312930,5.84825200503,45.9936039227,-520.39052895282,327.7640681736908,1337.8217665134694
310493,5.84842158805,45.9863960821,-327.57505694767184,185.71306631439074,1310.277504031625
312024,5.85160908031,46.9610037957,-284.7893908706466,174.448224368029,1308.728381887017
312023,5.85180000033,46.3819999998,-35.25556423396702,307.46091488214336,1332.9928764819474
312407,5.85181440233,45.4183163481,-169.5983889278575,203.47847852850234,1312.913281902398
312996,5.85193282934,47.0062807675,-436.8255661523316,254.62405883329325,1321.8060394430768
312997,5.85221196236,46.9940680275,-230.031527084637,177.94975349231268,1309.1997209514775
200106,-58.522454085,-1.63926397249,-254.4040525284799,173.85592357638123,1308.6495622335447
312179,5.85557446864,47.2985397506,-411.84470219138007,235.2918390346219,1318.2185115100401
310148,5.8562677967,47.1388953224,-471.2544120035276,283.4564922006708,1327.6616201209406
311271,5.85730317378,44.5443518328,-151.78485466936095,214.36122234306214,1314.6438788568803
201562,-58.5978683203,-15.4972331411,-682.4097531378775,487.73816889464166,1385.7223083894369
312406,5.86020119402,45.4110231695,-50.67936899150064,293.642204002022,1329.873504714872
310483,5.86029332303,46.2103641036,-90.26919926854035,259.85597950869646,1322.8238449082612
312405,5.86038169104,45.4229817565,-49.53645698585501,294.65508679671683,1330.0975207655388
312676,5.86042470504,44.2390546775,-539.82180245569,346.03754293750035,1342.4156493775222
312464,5.86062504306,45.6427854876,-238.7086926853863,176.03835124982197,1308.9412880959203
201943,-58.607166667,-27.2855000005,-743.6550063539152,551.0494164108406,1409.2527288950623
310001,5.86455522938,47.9354201233,-583.2702789965319,388.02101474091074,1353.8456715785658
312108,5.86470000039,46.3988000002,-306.02959503357675,178.59365093769256,1309.2873965354995
310625,5.86513261043,46.3855768601,-128.5912666914358,230.25128880327435,1317.3281484000183
311292,5.86523974244,43.7434105095,-484.818432062196,295.3691977841649,1330.2558992807033
312171,5.86830586069,47.3181601403,-613.672051686585,418.1217506979903,1362.7778956888772
310599,5.87279244706,46.7436606797,-614.7878416576198,419.23583926800893,1363.1201280511575
310523,5.87280000006,45.6485000001,-416.8003053458619,239.00147091975535,1318.8857030361874
310014,5.87286413007,47.8561626678,-564.5258351805215,369.73990846811677,1348.7199095755436
310492,5.87289937507,46.0185452297,-421.5440043228136,242.61343568123647,1319.5450252812539
201927,-58.7436250773,-27.5559564568,-468.60216787062507,281.16016781058937,1327.1732496304808
312513,5.87697434041,45.6186872987,-471.40299263121096,283.58546671749724,1327.6891622306903
312457,5.87700737141,45.6268822503,-504.80769855076164,313.3873467747637,1334.3722957593125
111554,-58.7733495248,48.17287729,-172.98431721090722,201.55776044541113,1312.6169758795677
310807,5.87783049848,44.1684564467,-399.0807117112586,226.05884262284275,1316.6018361294468
201892,-58.7982257968,-3.44000000048,-16.20084467842065,324.9377679211779,1337.1321354275533
312404,5.88144006678,45.4472430895,-92.6461400927014,257.9193244567002,1322.4447710583804
312461,5.88181105281,45.5440125875,-103.59560304005186,249.15602401460131,1320.7636120344232
111556,-58.8190867746,48.185469266,-142.32938057905307,220.62330955933726,1315.6794591739915
310554,5.88493524707,45.5571967276,-378.2222674553126,212.09767002437047,1314.2766893623345
312619,5.88557822612,43.9146355537,-497.52503014984205,306.76389859073083,1332.8322790396533
201939,-58.872917579,-34.2938531463,-879.1862474496239,693.7435496899482,1470.9241677625198
201942,-58.8896300784,-27.472766556,-591.1538563424082,395.77655183580134,1356.0888147737553
312929,5.89002176049,46.0315393698,-541.1528954596633,347.30200698615346,1342.7421489727885
111557,-58.9019755584,48.0557994543,-135.8144296141219,225.11472707699704,1316.4400612706993
312287,5.89037694952,46.7483897231,-561.2537019059927,366.57341876632483,1347.8552837443206
312737,5.89339434377,44.7346902045,-198.54078296387897,188.79495184658253,1310.7178675879127
312456,5.89393859081,45.5938268126,-610.9390054787034,415.39548272697147,1361.9439054679988
111553,-58.957048424,47.955888987,-248.60690602748767,174.46744552839328,1308.7309441289508
310605,5.89732713109,46.7803267718,-726.8469176277761,533.5801777553185,1402.51402868736
311110,5.89806686115,44.7278424849,-214.66243194026472,182.50804935379622,1309.8270812020874
310212,5.8985882572,47.9730244135,-530.3671769266638,337.10166971225954,1340.1400412995074
111560,-59.0068526871,47.6142137008,-193.56576178593568,191.0240140273342,1311.040795897125
200116,-59.0086111112,-13.4602709236,-486.3373584939556,296.7198774237589,1330.5564551080959
310525,5.90124367142,45.6938611469,-392.1122117045734,221.22948559275437,1315.7812431658565
312514,5.90203127048,45.5770726802,-570.4645867084976,375.5063469445266,1350.3121162039074
311270,5.90215095549,44.5607718901,-172.3825477348966,201.89546617654443,1312.6688744059163
311243,5.90263657453,44.3355043945,-442.23398975481166,259.00133335822153,1322.656223382625
312022,5.90630715684,46.7940549789,-584.0920420087677,388.82767477395885,1354.0770861518836
310594,5.90633012384,46.5979128557,-205.3632658291893,185.9551977427218,1310.3118446152375
312467,5.90637481184,45.6695081979,-333.964186929609,188.34331541023278,1310.652890368449
312455,5.90643401385,45.5811916886,-644.9691696543905,449.58780967092224,1372.7588984144845
310180,5.90658566886,47.1770285236,-461.48111236676186,275.0521118708543,1325.8927026030683
312472,5.90667011887,45.7020952596,-522.4471225940698,329.68084661124567,1338.292664253137
311850,5.90881228504,43.4938811778,-340.7235581277574,191.3661674587596,1311.0906927513847
312928,5.90981110913,46.0227921771,-405.4413255747726,230.59983920198238,1317.3891150345185
311310,5.90983411913,43.8775066476,-488.7243626097404,298.84891378177707,1331.032857535831
312673,5.91046822818,43.1442347619,-353.5279626062895,197.7288852100879,1312.0344913979493
312682,5.9107649632,45.7064466299,-533.3613233270275,339.9227178290027,1340.8524335912984
310004,5.91146797826,48.0181633482,-443.9376604141905,260.3929415483071,1322.9294306876811
111555,-59.1180965563,47.8694098839,-212.37875079822524,183.30803028074743,1309.9387880877714
311118,5.91377387245,44.8267016951,-57.33390057579366,287.78242233467824,1328.5919302691352
311844,5.91503637056,43.2771260109,-190.93848292683862,192.25324562367865,1311.2204639282786
312466,5.91884114987,45.634989619,-233.05303665044036,177.2285200411599,1309.1018840745098
310598,5.91926490891,46.7318524668,-289.1038625529299,175.04742589047262,1308.8083877643558
310011,5.91973375095,47.846540095,-655.6869923830866,460.4575397257558,1376.3571267885916
111376,-59.2030136623,48.4849270478,-189.2582318265664,193.05783950286724,1311.3386763018036
311299,5.9216140221,44.2013013654,-372.38279396052155,208.4716915446292,1313.6964035677845
310604,5.92248545517,46.8109838753,-385.1139170142204,216.54268599823772,1315.0013419882061
201956,-59.2269362253,-29.0770686887,-604.245274413476,408.7344166844308,1359.9270634684103
310025,5.92270379619,47.5349883082,-514.5406430476181,322.3358795313173,1336.5022311259638
312809,5.9228170792,45.8978800548,-506.3780316879761,314.82383665257737,1334.7103965640265
312976,5.92309653422,45.901421618,-589.2092625991808,393.86009021693206,1355.5307319412354
312475,5.92316209323,45.7276369937,-320.5125831987601,183.07401405766302,1309.9060612099775
312424,5.92364734127,46.2820497725,-251.93363045399195,174.0883858844003,1308.6804654579694
310007,5.92365596227,47.9404469208,-622.6738025057828,427.12691042294625,1365.5677179030351
310808,5.92670361152,44.1681923096,-285.39124118945057,174.52423205431435,1308.7385155735274
311260,5.92709757556,44.89767806,-60.26500114296712,285.2224515961148,1328.0397740527012
311869,5.92714603956,43.7570277776,-483.8704456122082,294.5278541932792,1330.0693408492464
311291,5.92717326156,43.7522272632,-345.94035626886273,193.8608820444337,1311.4571423262362
312471,5.92722220557,45.7236848533,-221.75700379133417,180.22234693219406,1309.5105531858837
311250,5.92727659057,44.2521389856,-700.9414569974084,506.78994219901307,1392.542222011789
201929,-59.2978428882,-34.0558994657,-651.3721040418936,456.0762065408048,1374.89756009097
311255,5.93067277785,44.3141227027,-553.8255455319983,359.414575580614,1345.9259384198094
310603,5.93080321486,46.8267135406,-518.1727472722333,325.70192771930334,1337.3180400680765
312736,5.9312332599,44.7024889488,-206.14926001086636,185.64462863686313,1310.2678057226206
312512,5.93163018893,45.7478036813,-316.61363533322043,181.74217469648315,1309.7205857108831
311298,5.93210540397,44.2319024209,-441.20705727498455,258.1654154313262,1322.4927887501997
312187,5.93227917498,47.314940722,-433.5823571942857,252.02970071545573,1321.30873175582
200105,-59.3396986206,-2.11032359246,-385.2972359478093,216.66328009130947,1315.02120572688
312454,5.93457996818,45.5726436728,-217.55199682036803,181.54031366482454,1309.6925899068735
201936,-59.3517435526,-33.2349514547,-649.959062023064,454.6429371775825,1374.4227860803642
200064,-59.3517497706,-15.2102927094,-649.2979388077543,453.97261341958466,1374.2011964433955
311256,5.93524239923,44.2148386755,-381.3678174245822,214.1048453727181,1314.6020992617985
312474,5.93550652625,45.780535829,-389.49305646662015,219.45570224067578,1315.4841693526378
200104,-59.3649689597,-2.65683588168,-219.73924860568087,180.8412858928949,1309.5958786033375
311094,5.9385535155,45.2100904208,-84.41430628016948,264.67546554734145,1323.7790210734395
312927,5.93927003156,46.0184464747,-395.1513308449813,223.31634973067864,1316.1337267270703
312521,5.93932066357,45.5688294455,-234.0364448441,177.00653266401616,1309.071849509105
310517,5.9397487976,45.8730658697,-476.1793154259724,287.7499044315523,1328.5848870402745
310518,5.9397564966,45.8730594087,-449.9851695150777,265.3800615031788,1323.9200775027482
310596,5.94012334163,46.6856150989,-168.78812980498407,203.94545681477615,1312.9857363760048
201946,-59.4059843651,-29.0851455024,-424.080655584129,244.56843949024216,1319.9058739797108
311317,5.94292005687,43.8856192443,-485.3769818522455,295.865504874389,1330.3661870124438
311851,5.94355334192,43.4947203749,-381.0877861008285,213.92466453290203,1314.5727658319133
310010,5.94363889992,48.0193466853,-536.9496107576726,343.3144092453301,1341.716280801169
111791,-59.4380968178,54.2981108298,-321.1996062662941,183.31803060901416,1309.940187534461
310597,5.94383079294,46.7034265914,-134.7848242376646,225.83705705159687,1316.5637739620431
312354,5.94402092896,44.160575713,-261.7525578020881,173.41308443280255,1308.590804042253
310482,5.94402508396,46.3105237669,-246.22648642300604,174.78493940810972,1308.773307190878
312815,5.94408431196,45.865194603,-435.13963946147874,253.27250677874997,1321.5463507805707
200100,-59.464444444,-10.1649568629,-577.1406178830919,382.01737011033833,1352.1372214525682
312926,5.94776488527,46.0149320084,-416.11764053240177,238.48651529497715,1318.7924827466197
312249,5.94787526028,47.0338999627,-276.6317618999987,173.66241714324576,1308.6238686878237
310595,5.94825050331,46.6603487698,-177.2498973501602,199.2102599006291,1312.258557686376
201937,-59.5081666666,-30.3391666671,-580.9196270191978,385.7158806890694,1353.1868072026107
312735,5.95199357962,44.6814066891,-242.66208698512463,175.3319922006425,1308.8464776514081
312075,5.95219163063,43.4899759045,-436.33103226455654,254.2269577880498,1321.7296019374078
201934,-59.5475610118,-29.9937507435,-719.938949457406,526.4196127328039,1399.8054876450537
311328,5.95613313796,43.7728829409,-347.9914450513662,194.87900314544623,1311.6080285048636
312459,5.95620854996,45.5104981357,-372.4146381970162,208.49110237882905,1313.699484030724
312248,5.95759670608,47.0315564436,-277.7809928016289,173.74545036344807,1308.634890293488
310472,5.96016317129,46.1401244228,-449.9672464845363,265.36517463982614,1323.9170935081536
201930,-59.6017203813,-33.8139786666,-637.5797208021556,442.12004927644927,1370.3313221785677
310602,5.9603010743,46.8350218573,-207.54708473880294,185.10094123750187,1310.1908841914833
312320,5.96034007531,45.5184503434,-346.3298741343583,194.05263573758378,1311.4855012573166
310185,5.96034339631,47.1390977285,-389.6043954290392,219.5306314117213,1315.4966714893203
310591,5.96076106334,46.5991816998,-336.3368250425874,189.37681604485695,1310.8018053949802
312458,5.96086934835,45.5562962355,-435.2166564963692,253.33411173206125,1321.5581586667022
310179,5.96399764961,47.2017510236,-259.5543708911614,173.50642249626225,1308.6031763750627
310515,5.96454239265,45.8481605646,-642.1073636669552,446.69303762534446,1371.8135676666889
310593,5.96460797366,46.6062733724,-262.707738268283,173.38296145517805,1308.5868125173886
312814,5.96469822567,45.8605610237,-751.460862868109,559.1834380127783,1412.453153884844
200062,-59.6479203861,-3.06849431774,-192.7213152378002,191.41523679324192,1311.0978557865405
311303,5.96496342269,44.0353295526,-427.1470127082987,246.95288020492282,1320.3497716942122
310471,5.9650910237,46.1446839682,-583.1744434432154,387.9269676794319,1353.8187200745936
312460,5.9651042417,45.5360651158,-453.52960044104105,268.336140513458,1324.5157903464608
312470,5.96534796872,45.7357129163,-379.5552936297744,212.94375829604917,1314.4134961147874
200047,-59.6563989028,3.82717384181,-535.9131838099344,342.33356988072484,1341.4656416169344
312186,5.96902277202,47.3354990087,-623.7108193170336,428.1667804261243,1365.893329082445
310592,5.96919952504,46.6106141837,-309.5876146589513,179.5745156314628,1309.4215521503097
200063,-59.7057502289,-2.69759822005,-394.2299825516209,222.68048445058898,1316.0259848219564
310601,5.97222963729,46.8201551011,-172.11613498322873,202.04548218342862,1312.6919560362157
310590,5.97287557334,46.5730914966,-226.39495198857045,178.89538420977647,1309.3285886526023
311248,5.97293521735,44.2597299592,-208.16733809145396,184.86325331398717,1310.1573252847472
312812,5.97301339736,45.8449397254,-443.0819188183274,259.69319796670214,1322.791877674498
312043,5.97332867438,45.9016439951,-569.8873701579946,374.94480394276525,1350.1560652662085
310023,5.97673130666,47.6605361076,-613.5671937193655,418.0170841907345,1362.7457859948697
310481,5.97700575569,46.3513532763,-248.10297671946716,174.53144710876487,1308.7394777423547
312924,5.97708190669,46.0521854185,-419.6213783314088,241.14249211381127,1319.2753677963942
311093,5.97749934073,45.2351523279,-112.62767202618988,242.1370490741879,1319.457519250168
310551,5.98100819102,45.5562587075,-195.04310894447713,190.3484821524178,1310.942538492508
200045,-59.8107068896,3.37861996469,-648.7554157317973,453.422666407669,1374.01961739405
311269,5.98126241004,44.5726445591,-268.7692208081679,173.33935015307986,1308.5810348935001
312672,5.98133433204,43.1144146784,-462.6130356675596,276.01727430197127,1326.0932585171154
312922,5.98164643307,46.0107207381,-564.4625954835332,369.6786373229945,1348.7031139077415
312729,5.98164670507,44.7860360178,-23.507485266265007,318.18735614196294,1335.5077641781286
312925,5.98520763536,46.0518431255,-457.7329008289122,271.8721230329642,1325.2366754108125
310589,5.98554127639,46.6642059502,-195.1988605661279,190.27792757229315,1310.9322958462265
312452,5.98555106039,45.5816426266,-166.83940570082467,205.07998647106734,1313.1624406075682
310211,5.98737295454,47.9153102007,-410.5005843792414,234.29728398050193,1318.0413543785687
201935,-59.8771445141,-31.1061705206,-484.29542273799746,294.9048673372446,1330.1528766839735
200046,-59.8850533528,3.56893286944,-637.9806424899107,442.52464416301734,1370.4619131019501
310584,5.98970391774,46.7398021074,-349.57904334613465,195.68117934972543,1311.7274558852348
312045,5.99305097001,43.5642501127,-315.74507731706,181.45788143638228,1309.6811662793477
312995,5.99386981508,47.0934838857,-432.0132032182249,250.78295890065291,1321.0714920269904
311239,5.99424792211,44.414539748,-255.74170275847908,173.7475609308177,1308.6351705119575
311113,5.99428795012,44.77670516,37.60237221370417,376.17609805717376,1350.4985195552686
312364,5.99460478714,45.8356188066,-428.9671042720953,248.37892298187262,1320.6172359745601
200065,-59.960337281,-15.0065330835,-584.6418461698888,389.3676062098219,1354.232227993788
200060,-59.9711111109,-3.11499999959,-1010.8427850523522,834.3559792555207,1542.2346432015106
310480,5.9977425164,46.3692133948,-250.70534227049524,174.21953799500417,1308.6979185398914
310008,5.99803925043,47.918746692,-554.2640182514638,359.8359828235147,1346.0385318058384
311116,6.00166146373,44.9430448907,-42.200228715606,301.1998120864483,1331.5626614517107
112247,-60.0184932178,45.8812314424,-19.978077721792033,321.44083260262295,1336.2866471815541
312921,6.00195147975,46.0104103471,-337.69672345289393,189.982714428586,1310.889479076366
312469,6.00209089876,45.7189213009,-123.00836227848256,234.32784711374256,1318.0467876765276
201864,-60.0252855354,-3.30194151506,-303.5756968271186,177.96389208189245,1309.201642779441
201891,-60.0264221415,-4.8977930711,-85.85815613374311,263.4806009827929,1323.5406384640048
200061,-60.0268018365,-3.13996373366,-972.0217146873949,792.7521235440609,1520.129508941613
200103,-60.0269890715,-4.89736526006,-104.39142572689556,248.52967473428473,1320.6455973481234
111332,-60.0559561639,52.1645407133,-328.62433990614034,186.12947297099484,1310.336588545062
312981,6.00597199508,47.073019881,-341.16317456071374,191.5710542501259,1311.120613596612
311125,6.00601476209,45.1108900846,-72.75165269340643,274.4713110072033,1325.772339105574
311107,6.00609500109,44.7354077756,-146.34117384777468,217.9281099302736,1315.2301911335646
311092,6.00637202512,45.4402281079,-258.0911859836911,173.58709040580254,1308.6138744973643
312046,6.00660335513,43.2393440758,-155.30848941659931,212.11006001006683,1314.2786889122588
311855,6.00686581816,43.5189986109,-339.49934063543816,190.80087377824964,1311.0083020354962
112248,-60.0856398974,45.8815394364,-16.397376842542485,324.7554449082471,1337.0878406331444
312451,6.01023851544,45.6236316571,-241.76855025640194,175.48251790479267,1308.866650450556
311254,6.01066033247,44.1441225356,-211.18470973815283,183.73851625644005,1309.9990980636474
311853,6.01444577478,43.5188117229,-253.90278003139974,173.89970295598974,1308.6553791046874
310624,6.01451102679,46.5321401932,-81.11760368284607,267.41881239076054,1324.330251784628
310588,6.0146333298,46.6524746512,-246.36677045650848,174.76516297651133,1308.7706662214196
311247,6.01512197384,44.2768683146,-221.8539261899497,180.19324708992556,1309.5065486160283
310059,6.01798522008,47.3356008507,-554.5997464013841,360.1587451901097,1346.1248516792066
313029,6.01888900715,46.2354149877,-581.5656385003316,386.3490386506352,1353.3674202661011
201916,-60.189527334,-33.4088972501,-734.5727559816808,541.6019503829874,1405.585453549555
311240,6.0194321952,44.4188914914,-253.1560607305588,173.96812087112173,1308.6644725256665
111331,-60.2060487003,51.9811576571,-236.74059953109526,176.42868056654376,1308.9938402826435
112243,-60.2102041107,45.9769578323,-153.40478949488087,213.32054009125804,1314.474589863295
312920,6.02336826952,45.9815685067,-441.47614559191936,258.3842386653413,1322.5355229112447
312286,6.02390593057,46.7601674411,-337.08866651957226,189.71058612888157,1310.8500681087885
311067,6.02416756359,45.5069841034,-181.2160730575687,197.10210903253966,1311.9401800221406
311090,6.02480117364,45.4351630295,-140.666876192094,221.75620350408226,1315.8699055620946
201959,-60.2560999495,-32.7269924647,-488.9282974062345,299.0311691079375,1331.073790091861
310514,6.02611619375,45.8032818449,-324.34345400235406,184.46982196525101,1310.1018700037578
310022,6.02648970878,47.6475341595,-594.1301737660831,398.7140701743882,1356.9490426417929
310556,6.02684917681,45.5601940588,-130.7974889397274,228.6655126671277,1317.0519015037987
311854,6.02710441383,43.5023837915,-325.74583030317115,185.00202114029173,1310.1769126333454
201907,-60.3019791923,-33.3267603003,-714.646123209388,520.9412247666588,1397.7544685075552
112242,-60.3020744833,46.0230678341,-19.720436754414578,321.6788670094319,1336.343925810988
112241,-60.3064347346,45.9308755325,-17.01778411840047,324.18016044199743,1336.9482304845055
311978,6.03128285318,44.0439226634,-276.05636534489616,173.62426749988458,1308.6188065423496
312918,6.03138681118,46.0393400035,-476.5714487849418,288.09336046468303,1328.6593163468524
312285,6.03144336919,46.7812620118,-410.22530679824837,234.0942217147849,1318.005272831525
112214,-60.3434625567,46.8061895299,-10.71919052242552,330.0392538924287,1338.3810009415565
312370,6.03550299453,46.0354843311,-325.6375661739617,184.96053396549897,1310.171055128396
310021,6.03564860554,47.6356025655,-513.6317572572374,321.49578064856775,1336.2998658782706
112213,-60.3691284678,46.710343535,-41.23384401472768,302.0673431610249,1331.759165305729
112218,-60.3816985529,46.7145490463,-44.05755258592541,299.53595588729877,1331.1872833830594
201890,-60.3852119591,-5.16465660618,-390.954617753826,220.44266555382947,1315.649179442578
311235,6.03922872683,44.5144291563,-505.05781442672264,313.6159518088656,1334.426003868492
311241,6.03954438386,44.4397951181,-230.4392411522349,177.8489983302283,1309.1860298592087
312284,6.03971708687,46.7816157109,-477.9776270787846,289.32688874303983,1328.9273280060045
310019,6.03985446589,47.6911346041,-597.768093414262,402.3114159520234,1358.0104086408078
310479,6.04024274592,46.396867933,-311.41087435757686,180.10785039262137,1309.4948004266769
112217,-60.4049387178,46.7187490467,-42.29423503097908,301.1154876425613,1331.5435897745404
310512,6.04076788596,45.7732570554,-101.41465698270078,250.88008208296085,1321.0899326531123
112211,-60.4105969862,46.6606096679,-68.68011002271399,277.94849073902907,1326.4965729603512
111763,-60.4183597989,53.3935748309,-334.86230549181397,188.73097265334948,1310.708653595501
112215,-60.4216969862,46.5228096435,-33.80545303425917,308.7759862037823,1333.2968177519851
312054,6.04344474218,43.1272801485,-511.8317000806614,319.8346154648092,1335.9011849014034
311068,6.04385156222,45.501919142,-177.48061278646506,199.08563452312535,1312.2396444418707
311253,6.04388643522,44.1857841091,-195.457857191039,190.1608854663739,1310.9153126471622
201914,-60.4395730106,-33.2397631271,-703.8928642904423,509.8332704647655,1393.6526677204224
112216,-60.443833976,46.6229550567,-32.72273857471944,309.7595594732657,1333.5249451197092
311860,6.0461075344,43.4930774908,-247.53692336745502,174.60539752471445,1308.7493417061248
200058,-60.4658258948,0.514762953737,-249.8763452907461,174.31388537613853,1308.7104818126802
200049,-60.468416438,4.63055555628,-698.2075571238263,503.9730527726748,1391.5195408230747
312371,6.05143853984,45.9437849866,-345.8100727485183,193.7969133331855,1311.447687934567
200059,-60.5227095485,-0.856027162682,-252.58404372175917,174.02312122289706,1308.6717851667813
200050,-60.5293390271,4.16864547306,-700.3323053240688,506.16211834070776,1392.3138599520598
200066,-60.5308556472,-13.514314062,-533.2551701670913,339.8225593369142,1340.8270456720888
311087,6.05350320001,45.4394242238,-144.42308036104038,219.20983546119152,1315.4431749544997
112231,-60.5356281056,46.3729516711,-51.585108338606446,292.8408342095184,1329.6967882761762
311074,6.05563122519,45.4733381316,-247.81978540490323,174.56817169678592,1308.7443757819974
311246,6.05656946027,44.3148800418,-150.71852346989468,215.05152163576008,1314.7566130388193
310499,6.05672314328,45.9021864181,-412.9126806085511,236.08564698861093,1318.3604314774782
200044,-60.5686867783,3.20777777756,-717.8705938119977,524.2779040676699,1399.0014707873042
112237,-60.5974770117,45.731835513,-97.35690386784279,254.11657757588134,1321.7083753878276
310015,6.06003929456,47.7939077816,-539.1474760083936,345.39755921975825,1342.2508217492057
112245,-60.6023869911,45.9439095406,-69.40884834946672,277.3240525446365,1326.3658713534633
311233,6.06047344159,44.4601153668,-218.62427698459285,181.1939893645405,1309.6446297959187
311262,6.0605806496,44.522892,-314.7727202860365,181.14502840099414,1309.6378567702789
200023,-60.6058301914,-3.31025285075,-896.219793785885,711.8501270640302,1479.5500660581
312917,6.06081147962,46.0395873495,-464.44398889417096,277.5831341917169,1326.4200658008563
311105,6.06082725562,44.6984593965,-216.44378220551113,181.90554272583,1309.7432653179899
201863,-60.6111532118,-3.33931358215,-280.87671824454765,174.01435853476895,1308.670619960469
112212,-60.6145335501,46.831233053,-31.257038128824433,311.0933184361261,1333.835389899013
201953,-60.6145911501,-33.0020367295,-653.8588369657002,458.60037950003556,1375.7369307571228
112232,-60.6228232378,46.3061512545,-67.7086735255331,278.7822801251915,1326.6715321748834
200102,-60.6472904508,-7.20792019724,-276.0231983309889,173.62213815767902,1308.6185240282578
311109,6.06496708396,44.7858563517,31.84245362557263,370.58018117397626,1348.9505051151389
200052,-60.6563442616,2.82324326774,-686.144610735166,491.5696205723188,1387.0755157672797
301586,6.06718552415,51.231153228,-549.2790094699012,355.0539120885121,1344.7680376409935
301593,6.06765238519,51.8646555104,-570.2832060655331,375.32986689792904,1350.2630497636633
201911,-60.6771849933,-32.9057830965,-530.6468614437917,337.36483012477225,1340.2062614301458
310018,6.06799797921,47.7518505482,-626.5433594368873,431.0096268694325,1366.7871425447267
311076,6.06892560029,45.2771873554,-112.43619049519326,242.28375923907228,1319.484450292033
313024,6.06910050631,46.1442880441,-649.4405673385511,454.11721258567326,1374.2489721073227
200101,-60.6919444435,-9.81468140892,-492.58943432233696,302.3125717014698,1331.8148090407342
311073,6.06949601534,45.4810696153,-193.98395107950563,190.83163912998552,1311.0127799012826
200088,-60.7185205687,-11.8516856305,-572.4818626117285,377.4706261793497,1350.8596774645703
301585,6.07221230056,51.7104666357,-505.07568811475505,313.6322911054108,1334.4298440140944
201919,-60.7272833755,-32.7228238024,-625.596826032506,430.0592429552232,1366.4877412632254
200051,-60.7273884325,2.86083333285,-626.5325069717687,430.99872795924756,1366.7837056659482
311077,6.07284826262,45.2810855557,-50.94311166969159,293.4087314603125,1329.8219723965315
201954,-60.7519410245,-31.6531666668,-725.8116272696789,532.5062963430421,1402.1058270388992
201862,-60.7650308076,-3.19770156643,-550.1920494323195,355.92830491142445,1344.9991646125925
311078,6.07712455597,45.2944488378,-61.696324438940096,283.9772007201738,1327.772889126871
312390,6.07713556597,46.0354958151,-418.8738529180923,240.5731458020951,1319.1714191311787
311075,6.07738363899,45.2767813324,502.19497145813966,861.0939475496268,1556.8624155904242
310581,6.077437878,46.8058850059,-391.6928158651274,220.94390172781902,1315.7332565083866
111762,-60.7880404335,53.2518597582,-440.2924898396162,257.4228264248924,1322.3480276145278
200048,-60.7936036729,4.19424978218,-595.5631284411107,400.1301533825936,1357.3658070753916
201933,-60.7977790833,-32.4777793881,-617.4199450026211,421.86633992949356,1363.9314511136395
311086,6.08017596122,45.4433752901,-143.90702473869388,219.5568431975166,1315.501045976897
311091,6.08032478623,45.3899992187,59.98293013485639,398.1245530057274,1356.7759410740825
201932,-60.806226091,-32.4397992509,-547.2128113702768,353.0776652422941,1344.2476082420235
310586,6.08065760326,46.6650639452,-278.89328198005546,173.83448201775988,1308.6467138650655
311257,6.08103645429,44.4775937432,-184.03271575128616,195.64992578700452,1311.7227938981287
312185,6.08121223331,47.38685438,-424.83251969612854,245.15097510057484,1320.0139374886217
112197,-60.8269545607,46.8183671129,-58.930722902799076,286.3861482835602,1328.2901868568274
311232,6.08516666763,44.4771711882,-155.60229351382003,211.92445959442932,1314.2487478197736
311083,6.0859612187,45.4101829524,-62.6661441793473,283.13529293621787,1327.593080984354
310506,6.08629988473,45.6272179224,-48.675760473574044,295.4190810770387,1330.2669762253943
200089,-60.8687760332,-11.7516993162,-578.7214574805952,383.563424291313,1352.5748389739952
301580,6.089620279,51.1397321355,-633.9416809802531,438.45177381604134,1369.1522021067944
312421,6.08970098501,45.9105870208,-360.9173214467246,201.75470344264437,1312.647231716382
312915,6.08971719601,46.0146159024,-388.3393018240943,218.68174937771414,1315.3552759928966
311259,6.08986508502,44.5645474504,-369.83908314356484,206.9343226292003,1313.4533141507002
311079,6.08999314603,45.333220544,-49.11912698746053,295.02539811494023,1330.1796044535981
311848,6.09053029008,43.1429769828,-453.54270411842765,268.34711315596047,1324.5180133582894
200055,-60.9144977979,2.47311009077,-458.2827168063191,272.3370272299553,1325.3321285518969
112200,-60.926870806,46.6273869231,-57.59586775357624,287.5530895027348,1328.5422740184144
311868,6.09370849734,43.8187240317,-550.2515983141568,355.98535647564137,1345.0142633431592
311084,6.09388936036,45.4273249168,-52.77179044938295,291.7926835096949,1329.4663458400294
311114,6.09403162237,44.8682816006,-57.663898233531626,287.4935509176213,1328.529388606317
112198,-60.9440500424,46.6396758301,-56.92017522950337,288.1448200628545,1328.670475287423
312810,6.09460444042,45.7274633337,-118.71489580525025,237.52268768158123,1318.6185277535478
112196,-60.9483284597,46.6435623785,-87.92438168145988,261.7778665141819,1323.2027229295475
311080,6.09750773266,45.3515890776,-46.84313346628993,297.0492559433139,1330.6299466898859
112192,-60.9770482121,46.3648637784,-72.55582605947234,274.6378962324673,1325.8068368425495
311316,6.0980076557,43.9113097794,-483.3956449186089,294.10694293163465,1329.9761984532067
311081,6.0980778537,45.3602251393,168.9937895173369,508.44224670080905,1393.1443976851856
311085,6.09810839971,45.4304886801,53.87088122992384,392.0999033599617,1355.0203425728864
311245,6.0993065858,44.3191868761,-95.69179275510733,255.45525822552653,1321.9664078661463
312914,6.10219484704,46.0144370684,-407.7543768859949,232.28113253765443,1317.684453541297
311070,6.10240080906,45.4986131517,-254.1947345235865,173.87399458135624,1308.6519631143833
310006,6.10251257207,48.0903308252,-400.2472292063035,226.88238832925867,1316.7434878158465
310509,6.10273946409,45.7147108546,-243.37508607886565,175.21571999784905,1308.8309069951767
200043,-61.0366666671,3.44006185278,-684.1564094931393,489.5294640417679,1386.353811527372
200067,-61.048288706,-13.4856937727,-478.5810340355232,289.85711667452404,1329.0428671259328
312979,6.10585481935,45.9070330815,-633.0733961478593,437.5771063471317,1368.8723529133683
312806,6.1065347774,45.8734149747,-256.8738506445633,173.66547932851225,1308.624275062118
311258,6.10732749847,44.5683276007,-300.2043177769142,177.16172265137843,1309.0928425991244
310510,6.10747343148,45.7232270243,-254.30259450077222,173.86464510048447,1308.650720928762
312051,6.10960521566,43.1480331862,-414.09454742665895,236.96775670898234,1318.5186810550463
312036,6.11162131482,47.4687115047,-547.9741417436699,353.8054465617796,1344.438949371905
200056,-61.1187624448,1.81909296066,-399.9647586418022,226.68257972655567,1316.709074367963
112194,-61.1357696762,46.2229857627,-209.53464108934764,184.34707372858222,1310.0845919877627
311228,6.11440333405,44.4727294178,-53.034217547421065,291.56116760096745,1329.4155516708427
112236,-61.1476408072,45.9810275126,-126.14899054887148,232.02353061871057,1317.63906792878
311301,6.1149660701,44.0985516599,-278.4450286874155,173.79757739600188,1308.6418121396594
310507,6.11542825814,45.6898202805,-21.724288377369874,319.8294213548934,1335.8999413637453
200090,-61.181111111,-11.6723862076,-776.3747104352352,585.2263870697025,1422.9644123076685
200091,-61.1895126727,-11.6836111106,-762.8585428708137,571.0827656829252,1417.2061670171743
312860,6.11935488746,45.8934253344,-252.56647271780741,174.02484623951563,1308.672014555266
200092,-61.2017374707,-11.653062286,-669.7888303363633,474.8236039728926,1381.2296150391714
311252,6.12258322773,44.2398328646,-197.68554523534922,189.1688068279641,1310.7717696258824
313025,6.12319007878,46.3147231062,-556.1542404001859,361.65433779431766,1346.5257719839224
310513,6.12335521079,45.6861146392,-69.60360145177846,277.1573254795362,1326.331021140055
311231,6.12698048809,44.4898628853,-166.04947250155394,205.54442640603264,1313.23505352166
312994,6.1270247931,47.0818165787,-316.42591445400467,181.68034507077442,1309.7120074109755
312857,6.12734177112,45.9349618788,-457.1239723718524,271.3578701759739,1325.1312720926528
312055,6.12752536114,43.1565968519,-443.5618416877871,260.0854476242204,1322.8689408393195
112187,-61.2851044446,45.719016671,-171.75300722533382,202.25045880710098,1312.723521027613
312369,6.1306150964,46.009534318,-378.4069183083618,212.21447038256105,1314.295543632102
311867,6.13074849341,43.3395653261,-389.4342241887729,219.4161262645929,1315.4775676675035
311069,6.13096924042,45.5183187193,-259.255450191288,173.52169901717303,1308.6052019617139
311062,6.13117508644,45.477891207,-171.938142882263,202.14588222049827,1312.7074130476126
200099,-61.314493934,-5.81466718396,-251.94511564950494,174.08720827544056,1308.680308806008
201889,-61.314623688,-5.81504780599,-237.9667348666502,176.18249803356258,1308.9606820622223
111330,-61.3226210477,52.2313996438,-323.03907736302205,183.98497599336173,1310.0336888655686
311251,6.1355044968,44.2391692535,-196.90507615128973,189.51338657120485,1310.8215432548925
310580,6.13604110884,45.6774991955,-70.76017666374658,276.16851841703755,1326.1247471999434
200042,-61.422222222,3.35277777756,-509.82067908125055,317.98300060293633,1335.4590908163
311302,6.14245472137,44.0403697691,-316.87466044161084,181.82850112842252,1309.7325675091308
311842,6.14380826249,43.2311124091,-529.726774760409,336.4993815528631,1339.9886672494326
310505,6.1439684935,45.6729103221,-78.57207271891119,269.5511605952902,1324.7624778614918
200054,-61.4396999094,2.87298412586,-531.8801137478341,338.52609623053445,1340.4990534873707
111764,-61.4397753204,52.9686954938,-428.39019930163926,247.92606527962192,1320.5321383504786
312816,6.14457809955,45.8049053421,-151.98805854882056,214.23014853623872,1314.6225127820192
311244,6.14463759956,44.3306192941,-18.375232948973036,322.9228673782515,1336.6439214866627
312047,6.14533832261,43.338359954,-404.02577847692834,229.57867400279127,1317.2107508399451
112190,-61.4563973348,46.0317095448,-217.25729691842236,181.6367141812072,1309.705955743501
112186,-61.4604912381,45.4686914982,-24.614497629274325,317.1697500753019,1335.2656832759094
310491,6.14802945684,46.021945947,-413.72711349766826,236.6931066951208,1318.4693478911215
311063,6.14860971888,45.489723234,-138.67374277860122,223.12646361353333,1316.1015209079173
310178,6.14968626997,47.2855614516,-236.05693754515897,176.57024508665486,1309.0129281337952
311065,6.15225687219,45.5489381029,-216.16745678790224,181.9977604250968,1309.7560762871854
311230,6.15257327921,44.5021092103,-169.22098761601796,203.69563773175315,1312.9469552889018
311122,6.1560227205,44.9679791748,54.51822233864107,392.736945007471,1355.2048194074773
312163,6.15633092452,47.6937717693,-428.53580567027575,248.04028876930636,1320.553588244041
312817,6.16000631083,45.8398241569,-145.19635553131712,218.69157924465077,1315.3569102733945
311061,6.16003629283,45.465301377,-101.77026466557814,250.59822202403686,1321.036435323818
312247,6.16013282484,47.1309176298,-352.4261828181645,197.15012653318428,1311.9473948918464
312419,6.1608846979,45.9435535775,-246.6430572932044,174.72660337118376,1308.7655177674428
312910,6.1609397099,46.0646967626,-432.11417033088566,250.86301146006292,1321.0866909821868
312871,6.16106081791,45.6728228881,-75.7136766650966,271.95983109394757,1325.2546714877485
112028,-61.6107973756,45.6053094675,-168.2957440968153,204.2306021870934,1313.0300580874582
112027,-61.6266705189,45.610527254,-160.73328994146232,208.73675145689413,1313.7384922351287
112185,-61.6394237789,45.3526636066,-100.54438444542313,251.57109236544485,1321.2213323608557
311843,6.16427331918,43.1314140439,-482.4632068980834,293.2812691918542,1329.7938552385617
312122,6.16428002518,47.8062487317,-605.2605590809742,409.7432491274044,1360.2306145565663
310503,6.16460411921,45.6515276214,-109.26140811482375,244.72968095604824,1319.935760297561
312418,6.16471254422,45.9404859333,-97.39804356219383,254.08357987117466,1321.7020315228406
310504,6.1656664133,45.6816342069,-86.69133003377095,262.7929749808953,1323.4039225689037
312056,6.16857416154,43.2354408355,-411.7154994209876,235.19601904845288,1318.201411753034
311249,6.16859284554,44.3401511749,-70.072599353557,276.7560834148346,1326.2472334668867
311849,6.16876781555,43.2470859304,-252.25537197088477,174.05573882790344,1308.676122954178
312861,6.16887223556,45.9688117916,-346.5597660547867,194.1661603348294,1311.5023036162088
312076,6.16898195757,43.435634176,-306.753977879837,178.7868764754528,1309.3137675023893
310502,6.1693837766,45.6565766798,-116.46780200708531,239.2147394582078,1318.9243671058282
312177,6.17214345383,47.3816950475,-536.67072620182,343.05038764670695,1341.6487480097046
312246,6.1729392349,47.1276343305,-345.347797734171,193.5706187895883,1311.4142667479396
311315,6.1729747289,43.9474303824,-188.69002230623016,193.33314629512577,1311.379235777288
311856,6.17324240292,43.4730493041,-492.46079669711077,302.1969757993214,1331.7885743441814
312164,6.1765703192,47.6268917958,-595.7396997101057,400.3047261418472,1357.4172786372476
201888,-61.773018747,-6.1837401795,-368.21458046783073,205.96627837930373,1313.301146881732
112029,-61.7938457597,45.5523322762,-153.6085860732997,213.19030564574905,1314.4534609459477
311103,6.18054063953,44.6231569403,-190.26981688183486,192.5717282762618,1311.2671982104782
310129,6.18070886554,46.6972021179,-244.83612848506968,174.98813946029756,1308.8004597811037
312170,6.18106372957,47.4185948656,-672.294572368729,477.38350202015914,1382.1117185569633
312161,6.18126462859,47.6430348191,-307.0141200049843,178.85707858955433,1309.3233554523658
312196,6.1850250499,46.8110024193,-150.61782572751093,215.11692341231375,1314.7673122305068
310494,6.18547907993,46.1850846825,-669.2819349865782,474.3060099108354,1381.0517678961166
311108,6.18788426013,44.8194601965,191.1894369947704,531.3947770765782,1401.684059863605
310501,6.18877387621,45.6431279547,-42.49475642256998,300.93565739840113,1331.5029344561206
311857,6.18964988828,43.4728917961,-333.3878976922797,188.0968668886084,1310.6174979393352
310446,6.18968813828,46.1778065999,-562.0771276904131,367.3695277142612,1348.0720175363224
311314,6.1898966643,43.9731025735,-192.7006962548923,191.42483539482097,1311.0992571797858
311229,6.19013544332,44.5366146731,-174.00420978674583,200.9890636713591,1312.5297704383474
112002,-61.906279723,45.5570153725,-133.20277693769017,226.95342994966987,1316.7557305504204
200095,-61.9347222224,-9.34722222225,-335.0469943104288,188.81122887078809,1310.7202122188962
312157,6.1935381246,47.8562744728,-384.04185496748016,215.83984512791332,1314.8857871755606
200093,-61.9355555564,-10.8736111105,-838.0804066075577,650.1827686255045,1450.8878065477627
311226,6.19406964865,44.4601772158,-238.36309863787227,176.10503965020504,1308.9502586277495
312856,6.19496324272,46.0020803094,-203.6203362155726,186.65624251860277,1310.4115183569684
112003,-61.9521330708,45.7767772787,-111.85889341068945,242.7266385340206,1319.5658436112526
312153,6.19753813493,47.9102376673,-400.6869995225779,227.19395586536717,1316.7972084391756
312993,6.19776183795,47.0812897117,-422.32761586460856,243.21564685118653,1319.6558814496652
311058,6.19791580896,45.5648527002,-257.74848343146414,173.6081232938773,1308.6166646673403
311121,6.19793302296,44.9765879115,8320.296600336345,9420.600517377397,9509.471694189047
112183,-61.9808815212,45.1733789668,-78.4538400863384,269.6504949027284,1324.782693113379
312069,6.20119763624,47.4732685081,-542.5044447553291,348.5874674860114,1343.0752090109336
200053,-62.0172222222,2.73166666716,-413.94162576692025,236.8534059930319,1318.4981344324883
312070,6.20227462532,47.4979534131,-566.8236061872072,371.968081882003,1349.332445511642
312992,6.20264701636,47.0682621506,-218.1104249895177,181.35908362833513,1309.6674813806599
310139,6.20273766736,46.8397385537,-312.1089287983574,180.31749755192305,1309.523651750834
112009,-62.0434585994,45.6397128234,-120.41752324835667,236.24967091072236,1318.3898139688717
200096,-62.0555555564,-8.93222222191,-382.5096599582426,214.84252407329492,1314.722443986424
312854,6.20607209664,45.9066855105,-96.21653683303592,255.03273240310054,1321.8848244716494
312121,6.20646184367,47.8062556967,-603.1617082431183,407.65833868302036,1359.6040289986095
311104,6.20733756074,44.6600050063,-151.58788431295227,214.48841992554887,1314.6646252385474
112184,-62.0738975259,45.2561093987,-90.67237159834764,259.526660827757,1322.7591928434506
310133,6.20908686389,46.7192631407,-380.5675853633568,213.59072025484815,1314.518463297658
312176,6.20975499694,47.435552309,-647.1006944358066,451.7460083814788,1373.4672368353208
112181,-62.0980975269,45.0146812897,-36.79830968252077,306.0647075485194,1332.6715273383056
201861,-62.1437718387,-4.72694916396,-314.4993245584189,181.0580983683645,1309.6258357088943
312159,6.21451049934,47.8364533542,-543.6626955135899,349.69032241923054,1343.3618708915021
311999,6.21466270035,47.0649721123,-178.59914330603672,198.48490356960917,1312.14863926176
312156,6.21488975737,47.8771750615,-445.19415435817984,261.42309528032047,1323.1325819121057
200069,-62.1527777784,-11.9267639867,-592.9973058817877,397.59536873111495,1356.6207545986767
111758,-62.1645256814,53.2354379739,-259.5991956322701,173.50418500892636,1308.6028797106721
312035,6.21882840569,47.8674019267,-476.8246357554417,288.315241708978,1328.7074445389242
312984,6.21997695979,47.0396110312,-247.7078836403324,174.58283346576644,1308.746331537318
201952,-62.2060755328,-22.7019929082,-537.6216944022749,343.95095980246975,1341.879300578294
311862,6.22170124293,43.4434338477,-297.19097485489374,176.5072401559561,1309.004431008132
311100,6.22274328202,44.7147177449,-142.59603043039147,220.44246617121627,1315.6491460351804
312197,6.22275291702,46.8687121481,-448.62286530857114,264.25031070033157,1323.6940814541226
311870,6.22322503006,43.4861035752,-361.48746825186953,202.0755039419486,1312.6965772275191
312818,6.22391843712,45.75593838,-23.086279236592674,318.5749058933253,1335.6001517057389
310138,6.22696327537,46.8226649853,-189.2271524191633,193.0728561181172,1311.340887161328
311047,6.22709999438,45.2187264476,-239.55154323714575,175.87902866999755,1308.9198704647101
112001,-62.2733338314,45.5894362462,-104.56213054291888,248.3955160023792,1320.6203568556482
312819,6.2273896634,45.7818049201,-8.787891667888204,331.84388233835654,1338.8271571852897
312154,6.22775635743,47.8974355802,-471.89318352881446,284.01122183458176,1327.7801658028425
200057,-62.281194215,1.75028700197,-331.0697967399813,187.12382953494253,1310.478203615487
312117,6.23163388175,47.810745111,-468.53090997531666,281.09862897821347,1327.1602140604136
312160,6.23309955287,47.6768412529,-449.6021410191683,265.06205355445246,1323.8563694018906
311106,6.23471828801,44.8232913188,148.21010510922784,487.07252280508817,1385.4881583915342
310140,6.23544507207,46.8771460978,-391.94597373989143,221.11621695932885,1315.7622034295773
312823,6.23574590309,45.7853866484,-111.48170255839895,243.01645958091342,1319.6191852950205
311872,6.2357784711,43.4856191742,-450.63042390579125,265.9164225610303,1324.027695465283
312859,6.23908259737,45.9936812477,-223.52989177787484,179.69925951673173,1309.4386653991523
311225,6.23933761739,44.4645677402,-128.5016963804279,230.31597612540986,1317.3394564158668
311227,6.23937057939,44.4558628114,-68.13095989787338,278.41963510629654,1326.595374552533
312776,6.23992219844,46.1609611725,-385.71005465659664,216.9352847538778,1315.0660486617005
312184,6.24004512645,47.4106197599,-406.68095861852805,231.4989549723748,1317.5467964079123
112000,-62.4311803314,45.5688668595,-187.79454900031968,193.7702929403276,1311.4437544163425
200094,-62.4601364578,-10.4519030866,-726.8415628357154,533.5746227028208,1402.5119153019375
312974,6.24775141909,46.3028519993,-598.2231686712769,402.76193677374016,1358.1439438753118
112171,-62.4977737919,44.9349060431,38.456841979246065,377.0081820757188,1350.7305297221537
111999,-62.5152976874,45.5442094435,-123.72791377229177,233.79742672780338,1317.9525906936085
312881,6.25199504944,46.1691666392,-417.6635063526679,239.65437612891657,1319.0041753418343
311098,6.25206674244,44.7310655562,-211.5164051401987,183.61809469316412,1309.982213341158
311871,6.25208317645,43.5357397283,-290.3285758073176,175.24043260835705,1308.8342155491719
312522,6.25247556548,45.3145108015,-163.75396583484465,206.9087422098715,1313.4492842033615
112355,-62.5316279017,46.3191529726,-210.59188198789633,183.9553375726482,1310.0295266874402
112172,-62.5439857428,44.9273179754,-160.09481201657212,209.1278112976654,1313.8006835245608
311057,6.25540973672,45.5559490225,-23.370372260960664,318.31349137676784,1335.5378217646698
311102,6.25610940778,44.6769561247,-139.14384728624142,222.80209751922226,1316.0465680326122
312973,6.25665282582,46.2906044762,-395.89754738421357,223.83336885282716,1316.2215511012791
311313,6.25682825984,44.0105580376,-197.2054536620074,189.380385013634,1310.8023210230303
112363,-62.5701557729,46.1151934487,-270.1962516482296,173.36616655589066,1308.5845873606092
312198,6.26039147113,46.8816686572,-381.2269366245224,214.0141621532486,1314.5873330340623
200038,-62.6228000913,0.881582737088,-344.7628641078178,193.2858067176174,1311.3722574654123
312175,6.26459100848,47.4273739243,-423.7841896536323,244.3391245278198,1319.8634029120108
310005,6.26471295849,48.0433877483,-406.7608825915321,231.55707865992872,1317.5570102462254
112361,-62.6478144604,46.2020566969,-353.6908249044432,197.81491855592424,1312.047459726491
111990,-62.6514322427,45.622992732,-299.420089502444,176.98568347299215,1309.0690305426424
312073,6.26717755769,43.4810925758,-331.70527167735776,187.38764413908774,1310.515899845343
312772,6.26824366478,46.1455534982,-686.9241429717853,492.36985248681304,1387.35931402407
312821,6.26836996879,45.7639940857,-72.74728646962423,274.4750245234178,1325.7731079104685
310498,6.26917512286,45.8978811128,22.492387338779167,361.5470018074485,1346.4969472996986
311101,6.26922872586,44.6856468385,-53.14736335540468,291.46138016675013,1329.393670324994
311028,6.26925754587,45.5855594979,-206.40903313258292,185.54275124030477,1310.2533751566043
111989,-62.6927616861,45.4812214493,-135.38572050281138,225.41508599933974,1316.4914567013116
112354,-62.7020527558,46.3645077484,-316.6278748894825,181.74687343969663,1309.7212377359376
310003,6.27267479015,48.052689803,-370.83490938871745,207.53306889743598,1313.5477795868103
310444,6.27283521016,46.1516941508,-430.82673094128927,249.84401143640318,1320.8935705128122
310445,6.27306181818,46.1691919532,-421.2245290132207,242.3683619108796,1319.4999876569968
311048,6.27340089821,45.2020713652,-93.0736765866957,257.5722367020997,1322.3771215849033
310184,6.2757206314,47.0393693652,-182.5410625116387,196.41426510607087,1311.8370165949004
200039,-62.7600831036,-0.297809071495,-269.0662263815307,173.3437669977836,1308.581619971958
112356,-62.7611527737,46.3020420352,-186.11828708720483,194.59928732942558,1311.5664974375381
312193,6.27684021249,46.7811746058,-283.3371959951862,174.27498696220113,1308.7053013005361
312194,6.27700226351,46.7684768218,-219.0378568297058,181.06227635574228,1309.6264133296086
312192,6.27714524952,46.7852982582,-250.72625206308564,174.21721897507666,1308.6976098239277
312038,6.27753643955,47.8773918495,-434.6974393434714,252.91905218400316,1321.4786572355629
311112,6.27785621058,44.6863291825,-81.13019427831544,267.40829566012485,1324.3281282066405
111988,-62.7812097984,45.4987294647,-194.50505798106224,190.5931934199573,1310.9780928564248
112362,-62.8102756818,46.1688458742,-283.04360331617494,174.2417119398158,1308.7008706160354
312162,6.28127901386,47.6645789739,-472.2068893348768,284.2838899447304,1327.838516030304
111991,-62.8142526551,45.6150655614,-115.89269999846118,239.64994294326672,1319.0033698683876
312032,6.28159268389,47.6480553496,-526.2625688791055,333.24814845303536,1339.1759119021026
311097,6.28159902889,44.8437637225,3384.288775808511,4008.535920520039,4213.1577255867
111985,-62.8166977983,45.7481094744,-221.10669495779183,180.41909358899184,1309.5376450881147
311054,6.28512740518,45.3729146703,-18.132060893891833,323.1479528715371,1336.698318251548
201887,-62.8564129056,-8.08927414516,-343.4923996838136,192.67311010531702,1311.2820909053503
111904,-62.885244298,45.2767830004,-123.87014122790123,233.69275618152446,1317.934026749127
311056,6.28924451352,45.4822935714,-1.3630399487039426,338.81558596116855,1340.5721897240974
311224,6.28936833353,44.5310634107,-222.7817037786112,179.91763309117542,1309.4686515028081
312855,6.28966850956,45.9653297233,-51.40001567434496,293.0045027229521,1329.7328427873683
200068,-62.9020188244,-12.8520885192,-401.1414653484226,227.51656111084867,1316.8529075607337
200082,-62.9479811762,-9.55583333251,-335.9810075984694,189.21990336505647,1310.7791447840984
200097,-62.9520796135,-9.17718840818,-120.92258191310702,235.87357220282428,1318.3224706554815
310496,6.29778038023,45.8944082235,-22.743234201091667,318.8906866467092,1335.6755087226318
310183,6.29809037625,47.0118729429,-251.79203859506515,174.10297792757677,1308.6824066574372
200080,-62.9850074383,-9.88920697709,-575.0478305344461,379.97312881481645,1351.561087480981
200098,-63.0106325104,-7.50192383557,-272.2831747529507,173.43081490448853,1308.593153783821
310143,6.30187150056,46.7521020414,-283.67704668548106,174.31423975438716,1308.7105290141903
312880,6.30189321957,46.1762956168,-437.35808380690696,255.05225877689327,1321.888591855852
312120,6.3022977456,47.7894378323,-631.7522909931552,436.24691448910863,1368.4477209498066
201859,-63.0270494827,-4.05631696648,-269.37611491679314,173.34902796949115,1308.5823168870265
200014,-63.0271754017,-4.05611431646,-280.09925939568325,173.9406308141538,1308.660818401574
111982,-63.0516978798,45.7278094667,-136.60731188552785,224.56076006046715,1316.3454446042597
312853,6.3059076529,45.8896758851,-56.39513677066408,288.6050933761455,1328.7703693618794
312074,6.3059590979,43.4689515508,-270.4090065135884,173.37137478050929,1308.5852773758138
312191,6.30607150491,46.7561340008,-326.0080596100754,185.10278549372933,1310.191144745296
312820,6.30622089692,45.731265933,-38.81218809271118,304.2466392339784,1332.2551602664641
111924,-63.0677978761,45.4728094216,-177.36845321111934,199.14618924713923,1312.248832829776
200079,-63.0732427906,-9.92244491784,-691.4635857962185,497.0334628668589,1389.0212589377
312135,6.30906893216,47.7942724727,-510.0609598000921,318.203997560116,1335.5117291265883
312723,6.31020531825,45.0434638261,10313.669932390065,11606.795791333347,11679.043040261688
112326,-63.1066979203,46.335809572,-224.85017624382772,179.3224213381703,1309.3870036647056
112333,-63.1229457427,46.3186640326,-181.4576847586382,196.97606040448304,1311.9212487584466
112168,-63.1431785473,44.7900170301,-135.46149285695427,225.36195668539,1316.4823607221324
312542,6.31476305263,45.7770206538,-63.20621222024724,282.66710424322594,1327.493309358922
311050,6.31505245966,45.2322518287,53.393698181071926,391.63047329113584,1354.884578915005
201858,-63.1620999999,-4.06079999985,-612.3291591750553,416.78172263331766,1362.3673509346324
200041,-63.1647458241,3.54986551186,-339.44837405566005,190.77750811010964,1311.004901658325
310130,6.31858750595,46.7604729881,-337.4649239769906,189.8787451431068,1310.8744152010033
111921,-63.2054342455,45.3738354974,-187.07029159702637,194.1267717213699,1311.4964727632373
111986,-63.2185747286,45.6439950927,-133.63110101255745,226.65041395268835,1316.703537139768
112167,-63.2222095079,44.873486113,-111.81265673482727,242.76214596287625,1319.5723754625785
112325,-63.2225454849,46.2983894769,-350.71523666833014,196.26274436352927,1311.8143387677069
311051,6.32308663032,45.247899543,-53.93510440718107,290.76716152170536,1329.241639729527
111984,-63.247451535,45.6936702249,-217.59168184153413,181.52737219716363,1309.6907961149684
111923,-63.2555877096,45.4232707865,-237.96080511639533,176.18366472664135,1308.9608390964038
312143,6.32638305659,47.8849522842,-376.8171492870615,211.21311316255958,1314.134229728178
312850,6.32691453464,45.864795866,-27.70989161075329,314.33176214837823,1334.594414519541
312977,6.32718637566,45.8858771248,-79.47929169855307,268.7898122329714,1324.6077750533127
311979,6.32727198567,44.3607027266,-121.1129940441713,235.73196144403403,1318.2971410944133
111922,-63.2730979431,45.368968481,-368.080812220233,205.88705002301595,1313.2887237537034
200081,-63.2853608821,-9.76012601541,-86.34708729860733,263.07691465586504,1323.460334727226
112340,-63.2891328604,46.1978432926,-194.2357286334964,190.71625523633074,1310.9959895372758
112328,-63.2899979865,46.4142095825,-275.74326577974205,173.6044689937108,1308.616179873243
112341,-63.2932270848,46.1982362726,-152.14234094916515,214.13073220638034,1314.6063156118992
312151,6.33075689795,47.9147221326,-278.72332053035205,173.82032634429478,1308.64483356711
311053,6.33087468096,45.3145994765,17.48567452823937,356.7371545333234,1345.2134373384708
112342,-63.3313456719,46.2062304963,-193.95900952416537,190.84308723249578,1311.014446341413
112329,-63.3356061483,46.2021013909,-247.77882588901693,174.5735284886008,1308.7450903137753
311222,6.33476206629,44.6148937806,-245.0612408327822,174.95435347942987,1308.795942984565
112339,-63.3478809843,46.1977562196,-201.65522472684933,187.46689348376742,1310.5272338734155
310136,6.33535597034,47.338935254,-315.8658364290619,181.49713521131346,1309.6866055134585
112331,-63.356673362,46.2058565462,-220.3454553042414,180.65270763072198,1309.5698512663473
312849,6.33587230538,45.8604821737,-41.47411093430037,301.8515388695062,1331.7102335303055
111907,-63.3600447533,45.0315588941,-206.1331189596499,185.65097139412578,1310.2687044080058
312879,6.33629130541,46.1655609419,-439.9836553628252,257.1724657758204,1322.2993124571558
312174,6.33896745063,47.4767219764,-434.7405049462386,252.95345574234187,1321.4852421966143
312541,6.33931482566,45.8018861318,-226.32846511172067,178.9134543258438,1309.331057720032
311290,6.33952070468,43.7438712045,-67.26059820238389,279.1673970728808,1326.7525127769306
111983,-63.4012283857,45.7612398504,-146.92626938353177,217.5396791965941,1315.1658855811343
312767,6.34054776377,46.0732770803,-394.8646001727143,223.1181671760543,1316.1001143892715
312119,6.34060886077,47.7776614993,-621.7518239261464,426.20281393900143,1365.278958008573
112330,-63.4062779031,46.2855696878,-204.15587512182213,186.43903112686357,1310.3805962005754
112299,-63.4356778185,46.226989566,-213.02635117896187,183.07804738245318,1309.9066249182893
310147,6.34390755004,46.9434532203,-523.9556825347638,331.0895656082929,1338.6403904806323
112153,-63.4598110325,44.7014027508,-190.32648881015135,192.5446477604093,1311.2632214596092
111914,-63.4765291939,44.9770533516,-259.21034171961287,173.52405799595027,1308.605514765559
312118,6.3482676554,47.7601499078,-433.3943020692615,251.8799902102745,1321.280183776242
312962,6.34856280843,46.3352143069,-362.9828757610685,202.9236619834855,1312.8274095113338
200084,-63.489211294,-8.76848004436,-198.22963738128735,188.93051127181212,1310.737400344127
111906,-63.4973071876,44.9604625302,-218.3041934159924,181.29664009600097,1309.6588358353295
201886,-63.4980758517,-8.66415787573,-378.8497870452784,212.49513082911108,1314.3408900272152
111905,-63.501898008,44.9723341022,-265.13293508876916,173.33491044385536,1308.5804468010483
112294,-63.5024980591,46.3561095687,-329.1542267999076,186.3421057561737,1310.3668093129863
200083,-63.5072222225,-8.74888888874,-461.5182221609173,275.0837192973999,1325.8992598210252
311312,6.35130916566,43.9606353895,7.323969858710228,347.03725246896715,1342.6736942282967
200085,-63.5149256211,-8.4559139205,-149.99200789239168,215.5242074811461,1314.8340117983819
311052,6.3518561667,45.2734167271,-37.410670210683335,305.51134184646764,1332.5445488118892
312318,6.35207519472,46.106671201,-319.5241448811568,182.72782153414892,1309.85772179045
312169,6.35215254573,47.5067187419,-433.12112262086896,251.6626548474999,1321.2387696462526
111917,-63.5391787701,44.9358056652,-174.95052465119352,200.46553488224922,1312.449703892335
310443,6.35608807505,46.0860355683,-337.37437946301685,189.83821013159556,1310.8685443618742
312964,6.35642033908,46.3397749223,-343.8484721984424,192.84401098321285,1311.3072131058934
312544,6.35729139515,45.7651987458,-108.81950161558554,245.07212314302663,1319.9992954972677
312768,6.35992665237,46.0898370136,-297.9527873144689,176.66709033581617,1309.0259949211
312240,6.36037027441,47.327361111,-307.92077777456,179.10508799180212,1309.357257251054
201904,-63.6073899998,8.14408629799,-110.26250258870425,243.95569711729473,1319.7924748714993
311111,6.36107577646,44.6896677088,-87.8264513720593,261.8583760154514,1323.218653005202
311221,6.36108219646,44.6392208886,-23.303778283613553,318.37476119874736,1335.5524262041572
112306,-63.6238981001,46.3219095608,-349.80725670873665,195.79749324186196,1311.7448124278017
112296,-63.6267348964,46.3437324116,-329.1360675375573,186.33479282956176,1310.3657693904734
112293,-63.6275357374,46.3437301476,-334.4001222402933,188.5309359514485,1310.679864948791
112307,-63.6280981045,46.4011095744,-327.8028446939592,185.8029370479264,1310.290244940825
311311,6.36422089472,43.9522237448,-60.145508286836304,285.326555261928,1328.0621362380189
311307,6.36475655777,43.8728516032,-155.78048335769267,211.81205406128137,1314.2306269514156
312147,6.36499690079,47.9236219594,-306.92029897814325,178.83171067475274,1309.3198903683967
312116,6.3651573288,47.7679878435,-380.1975703162045,213.35379873201907,1314.479987677574
112152,-63.6602801981,44.7315169302,-286.17524313610323,174.62693703399435,1308.752215550876
112298,-63.6690786659,46.3437992666,-321.491684331796,183.4226103430471,1309.9548269144664
111966,-63.6732257252,45.6481094421,-241.54699089351016,175.5206687171363,1308.8717659566053
310146,6.36835931107,46.8812316131,-235.72738817722157,176.6395808553967,1309.0222825056194
312545,6.3687135121,45.7644314677,-92.48337646185836,258.0515624482901,1322.4705680859047
311220,6.3687746031,44.6355001063,-45.78712012525014,297.9907186314321,1330.840434823773
312236,6.36940275215,47.3263020689,-367.49812937537297,205.54280377861343,1313.2347995528544
200087,-63.7017138696,-8.79846925384,-809.0853437288305,619.5875137343081,1437.4374705519933
312115,6.37187075336,47.7726970619,-349.89182811956397,195.8406606090833,1311.7512564961596
111898,-63.7229787193,45.1769302991,-246.0647805058127,174.80790105051932,1308.7763738856
111908,-63.7231761503,44.9601531852,-136.60726258820216,224.56079444105308,1316.345450469385
311169,6.37309861046,44.8059645864,390.4754708828294,741.4693436599744,1494.0262990185295
312241,6.37381091852,47.339695737,-269.01931952310593,173.34302872872473,1308.5815221759397
312683,6.3760433147,46.3406169754,-437.3655449299356,255.05826269661637,1321.8897502973794
311866,6.37742104382,43.7935826436,-260.67418098559733,173.45469201660197,1308.5963184855846
111932,-63.7766124758,45.4149022198,-87.79157639229547,261.88705175289846,1323.2243280892612
200086,-63.7851872355,-9.18304992366,-292.96499949903296,175.69005503452573,1308.8944915498294
312959,6.38074223609,46.2971757058,-315.14619147973735,181.2645132388554,1309.6543888870722
312765,6.38099723011,45.9559399236,89.80025662975854,427.80552436978115,1365.7801291762723
312235,6.38162039716,47.3180081183,-371.19546964037204,207.75084846889283,1313.5822051211703
111756,-63.8432763453,53.6898328595,-223.4555818112504,179.72079261139274,1309.4416206415308
311046,6.38511173345,45.2639550913,-8.079458392333692,332.50677881265494,1338.9916177959515
312239,6.38520839146,47.2480973145,-661.7844205520689,466.6605701663164,1378.4447331392737
312761,6.38550479148,45.9775420003,98.41545458703331,436.4618493866761,1368.5162551250494
312317,6.3857080305,46.0856016943,-187.91659924722256,193.71047611650823,1311.434917610758
310150,6.38586078651,46.9480022506,-449.49628033433186,264.97421330556955,1323.8387848557531
111968,-63.8686829634,45.731495852,-349.35136145588865,195.56538669169498,1311.7101871386546
111965,-63.8687333624,45.71920865,-353.61499568058895,197.7748457277085,1312.0414186198814
312885,6.38940494481,46.1451217682,-199.45845040902563,188.39817655640968,1310.6607751440613
311306,6.38960830182,43.9642674138,-134.71697792741136,225.8847724877919,1316.5719596791182
111933,-63.8972589277,45.3853541313,-181.54784296473426,196.92909564548822,1311.9141981407172
112140,-63.9102318588,44.7232515196,-158.21818865739348,210.28651249408486,1313.9856208910267
111962,-63.9103798458,45.8689481644,-240.99021534341023,175.6179890501303,1308.8848202380007
200078,-63.9187086045,-8.76445736603,-555.5268535773705,361.05049978623884,1346.3637168192497
200077,-63.9187983455,-8.74634705353,-564.651730528291,369.8618934046866,1348.7533557935458
201885,-63.9231353529,-8.73566762565,-287.1252424653555,174.75697761932915,1308.7695732244445
312366,6.39333175613,46.2985406229,-339.69126619240456,190.88898344671512,1311.0211281946497
312238,6.39345506514,47.2364614595,-458.0284857119799,272.12199134906484,1325.28795842535
312372,6.39355816615,46.0192638178,-8.821479485722392,331.8124657866067,1338.8193705735064
311223,6.39371063616,44.5410490615,-122.14422216869205,234.96677293263963,1318.160528522164
311308,6.39401281319,43.931161631,-163.07287440505704,207.3176990052105,1313.5137695860926
311124,6.39479618825,44.9905829637,4049.771507013071,4737.914503763452,4912.24710693014
111190,-63.9601107369,46.1563402141,-140.41405409337648,221.92929213471652,1315.8990862824048
112141,-63.9653361404,44.6887894957,-135.02944512479706,225.66513832814778,1316.5342947405943
311027,6.3978152395,45.6854718642,-128.69557551896773,230.1759873251869,1317.3149887982663
312437,6.39837885755,46.2060394933,-265.95121891258003,173.3279064629905,1308.579519070314
312878,6.39851285056,46.1975584465,-115.9186338202133,239.6302990111698,1318.9998009005287
311218,6.39856633057,44.4519970041,-14.165098003788756,326.8287126873007,1337.5929134113599
200037,-63.9900446274,0.226935085922,-222.01854080424818,180.14395643319057,1309.499766938068
111892,-64.0157315575,45.0148431457,-182.98211648886945,196.18715348523438,1311.80303161873
312148,6.40203463485,47.9898203608,-325.3878186674358,184.86508533791795,1310.1575837846558
312884,6.40231167288,46.1566906942,-220.53859186464797,180.59309977696256,1309.5616298053726
312947,6.4025697029,46.3520655333,-348.267436531553,195.01757547538097,1311.628624769888
312873,6.4025918619,45.7515512056,-98.7926220522589,252.96721893610257,1321.487876761538
111893,-64.0268305435,44.9979096583,-188.79848598458443,193.2804689503533,1311.3714707317372
311022,6.40690000026,45.7018999995,-114.52193323870516,240.69075244997558,1319.1928717539322
312951,6.40700640426,46.2906125382,-319.904699915548,182.8604244097908,1309.876226743115
111934,-64.081595605,45.4102938424,-99.46232851147727,252.43265838256292,1321.3856521052207
312848,6.41011566052,45.8438091843,-132.2659862519804,227.6181323478744,1316.8704601231611
311021,6.4110973076,45.7477108103,-94.58288689604197,256.35011353671706,1322.139620192111
111963,-64.1229896924,45.8900459691,-248.4385408527579,174.488636589009,1308.73376928623
312237,6.41559311697,47.2220443553,-456.90446640718596,271.17265705699697,1325.0933569023746
112275,-64.1816983113,46.7442096228,-237.48078751946218,176.2788798111557,1308.9736582677772
312134,6.41840370621,47.8186469387,-309.1123164005608,179.43888492888036,1309.4029586021147
310016,6.41841658721,47.8186509917,-327.8969820586268,185.8401631455139,1310.295524227036
312883,6.41943196429,46.1812479212,-211.16272256850118,183.746521339028,1310.0002208685485
311042,6.41969852931,45.1357808267,-43.16030240752647,300.33916968966565,1331.3682478643275
111891,-64.1982945656,44.9521220155,-295.6355198546859,176.19271751268766,1308.9620576151005
111894,-64.214143736,44.8893420743,-251.3091497445317,174.1537755026481,1308.6891655749575
111889,-64.2230052037,44.8813370996,-82.23876992408671,266.4834982132273,1324.1417029122715
312146,6.42248378154,47.943304071,-293.7470441884165,175.83235253972322,1308.913599429353
312945,6.42333806862,46.3149523133,-245.9063680846002,174.8305665953012,1308.7794014223657
111955,-64.2478326327,45.5934384126,-166.73680598541245,205.14016242225512,1313.171839787193
312234,6.42493873675,47.3224242756,-211.69788616943882,183.5524800457674,1309.973017852812
111956,-64.2553880034,45.7280040967,-258.64413890548803,173.55486498269624,1308.6096001980934
112276,-64.2720041457,46.7187747957,-187.68462095773896,193.82423201853763,1311.4517251843574
111878,-64.2726949178,45.0977804786,-365.61533233977354,204.44015319009682,1313.0626682713364
111890,-64.2727251578,45.8606915947,-349.51545807886566,195.64881647090166,1311.7226284386177
311166,6.42736132095,44.9144725074,1722.9400524716248,2189.3548068240475,2544.722433731234
312114,6.42742151795,47.7945420597,-331.4242564431637,187.27070776959744,1310.4991844942056
310439,6.4292466031,46.0771491176,-182.1315438029457,196.62596913255595,1311.8687305934113
311876,6.43141146028,43.5897470378,-174.8699274845713,200.50996748258,1312.456491328881
311043,6.4315748133,45.1726422387,-78.47165115571829,269.63552910851445,1324.7796470089206
311045,6.43181404332,45.2392368473,47.081953605582584,385.4343623734913,1353.106589397048
112138,-64.3316982777,44.5639092344,-110.7163559390967,243.60562653111717,1319.727811273624
310058,6.43474451256,47.5856923304,-418.0864441945078,239.97499170003184,1319.0624667592062
312946,6.43543707762,46.3230057099,-197.4148183180614,189.2879661542398,1310.7889718418676
312764,6.43576138664,45.9476398689,-197.39985158138103,189.2945651018434,1310.7899247967034
310149,6.43582187465,47.3684184004,-263.54419102485326,173.3617787891142,1308.5840060601297
312112,6.43589669365,47.7478292948,-317.6516199104697,182.0878799767353,1309.768601931606
111952,-64.3686270547,45.7027812386,-287.13347435658113,174.75813117154658,1308.7697272561063
200020,-64.3813287928,-6.53885548688,-237.5259330496794,176.26986004627327,1308.9724436107067
200076,-64.3936767638,-9.25590815469,-564.7827648178306,369.98886968847256,1348.788181392766
311322,6.440027381,43.8016355333,-110.95716549708575,243.42009193957242,1319.6935764530042
311177,6.440122587,44.7393290199,-2.513370883496492,337.73202588466455,1340.2987412810664
312944,6.44024737701,46.311779075,-241.16185273215265,175.58776735209824,1308.880765621967
311013,6.44054259604,45.6274795264,-64.11574726645476,281.8796782796934,1327.3258633803964
111186,-64.4189740439,46.1774439169,-172.81960352749718,201.6500372197616,1312.6311485265703
111755,-64.4227987142,53.2307823325,-260.07466569343,173.48130735307953,1308.599846619426
311219,6.44356555129,44.4229207947,-31.101391940291094,311.2351055113149,1333.8684663317035
312938,6.44399965732,46.360511485,-363.661814441133,203.31193933517528,1312.8874815640836
311026,6.44436431635,45.7141506936,41.81976670087883,380.2877560575004,1351.6495744011097
112121,-64.4468983042,44.2350091712,-25.155813193724754,316.67265767495013,1335.1476947103522
111954,-64.4519495386,45.5855791099,-58.43128890059435,286.8224383076673,1328.3843215305606
112137,-64.4522448827,44.7358232296,-129.068358534433,229.90713571341314,1317.268038640351
312937,6.44739119061,46.3554454916,-360.07980476595117,201.28606014336864,1312.575282633149
311044,6.44775130664,45.223576196,218.64320461386413,559.947592227609,1412.7558531511906
200040,-64.4853311314,4.00219627129,132.6565751203537,471.16797778529497,1379.9771946890048
312759,6.45240818702,46.0685790139,-171.3274529053278,202.4914067190706,1312.7606653029027
111936,-64.5271347779,45.4226881854,-154.24545027415468,212.78432294301456,1314.3876759395491
111876,-64.5390311648,45.0813649592,-368.32371363001414,206.03097068233853,1313.3112941918068
112131,-64.5522571129,44.4091441186,-130.14757687842788,229.13113758700686,1317.1328227568272
310056,6.4558149083,47.6138601367,-558.5065209068845,363.9209916746044,1347.1363267141446
312173,6.45608761232,47.569101015,-451.7219865557372,266.82559236845725,1324.2105917542835
111938,-64.5812242003,45.5312200034,-103.8402910850148,248.96328511174192,1320.7272662836497
112130,-64.5932891733,44.4480727588,-82.3338638249271,266.40427781870227,1324.1257620828756
311159,6.45971922963,45.0142588476,-171.69225515783552,202.28480814537565,1312.728813646544
311305,6.46002620265,43.9600403584,-161.63515927527527,208.18713022283595,1313.6512763141793
112133,-64.6022623451,44.6064715939,-139.13849367843147,222.80578738048,1316.0471927182884
311858,6.46029882067,43.4435016747,-549.145233959413,354.9258554499758,1344.7342330134788
310055,6.46075585771,47.6269708318,-570.2045983403743,375.2533900033572,1350.2417936356671
312877,6.46086788672,46.2438275044,-161.4516336156379,208.29871203699653,1313.6689643923705
312030,6.46133478176,47.8407744645,-343.7059267654283,192.77551795487508,1311.297142105565
111875,-64.6351914798,45.0257627716,-163.709656592888,206.93528995305542,1313.4534665527387
311012,6.46441750001,45.5607765519,50.37007536824683,388.65918177634256,1354.0287124542479
301686,6.46454283902,49.5054363302,-494.7277837985903,304.23727998434856,1332.2530229291003
312052,6.46471898404,43.5232540083,-565.4137650032167,370.60049975619415,1348.9560871247784
112116,-64.6604832249,44.1768440254,-37.8767856259266,305.09045045668955,1332.4481143861915
310438,6.46805433231,46.0721828042,-192.21478677469318,191.65167063096897,1311.132395079571
312144,6.46858771736,47.918877442,-318.5702096024997,182.39920152640713,1309.8119190513278
312141,6.46999591148,47.8401842065,-186.3796192294133,194.46913434597477,1311.5471927402095
201857,-64.7022319483,-3.3434890825,-982.8482990230597,804.3444870569955,1526.2070136224745
312909,6.47213499865,46.1354327514,-25.029128749924922,316.7889627069243,1335.1752849211898
311304,6.47242946968,43.9598593084,-176.590901096587,199.56756816788854,1312.312847165605
310057,6.4726722647,47.6223881434,-414.98128019910297,237.6320808723243,1318.6382371337343
311874,6.4727453097,43.4071063917,-287.9823250306221,174.87954424833023,1308.7859449000648
111150,-64.7282838975,46.3146909492,-168.95022181061466,203.85181355078416,1312.971194070683
312145,6.47289909672,47.9768909048,-291.9013047473468,175.50305428018538,1308.8694039640186
310151,6.47326267175,46.9973098687,-383.16957059400374,215.27102437033352,1314.7925343965503
111879,-64.7433408267,45.0649641608,-269.72394435691126,173.3557267602471,1308.58320429846
112048,-64.7562276978,44.0644749581,-174.58226562138373,200.66879061682747,1312.4807648491737
112132,-64.7687325088,44.5939715649,-105.83208956743587,247.3996066402182,1320.433398523828
111939,-64.7691984639,45.4728093896,-58.7207316633619,286.5695434405121,1328.3297398609864
312907,6.47746725709,46.1404024168,-41.78574157609802,301.57174974748546,1331.6468431296685
311019,6.47791641413,45.7638605247,36.751529285943775,375.34803845727413,1350.268100987791
201860,-64.7976505942,-7.25625101724,-609.7369521328003,414.1975988920095,1361.5790265347648
111838,-64.806624033,45.0271785147,-303.28526977693303,177.89190578734147,1309.1918593988062
312936,6.48068670836,46.3353101669,-287.55083389537816,174.8172179017507,1308.7776183318385
111197,-64.8070125,46.0647025676,-369.5547958444645,206.76413392955553,1313.426511705581
200075,-64.81855647,-9.51024560974,-114.96933111138677,240.35050919178798,1319.1308357551968
111834,-64.8389780107,45.0233707894,-348.140251658349,194.95367116554186,1311.619124773794
112117,-64.843425747,44.2731457903,-131.38265141215112,228.24736931834806,1316.979368164968
112123,-64.8474984414,44.2528091666,82.96771446323902,420.96463376519563,1363.652821451456
312034,6.48541091975,47.7432944654,-374.29355441448365,209.64352702808765,1313.882872632195
311217,6.48556618876,44.3975639996,51.3846146020108,389.6555407969636,1354.3150427597066
311864,6.48557166576,44.0767622381,-292.42360681208135,175.5939326944969,1308.8815927235632
311211,6.48571952878,44.5517335794,-80.76946276082978,267.7097277012554,1324.3890262597813
311170,6.4860029438,44.8398386442,-137.1471615739193,224.18472791437293,1316.2813478893838
111195,-64.8767277638,45.9559972006,-155.48524832800328,211.99835954304976,1314.2606663141053
111149,-64.8775149978,46.372738943,-173.07971845424328,201.50436901287966,1312.6087784647527
200021,-64.8895747698,-6.31479706134,12.843763327356214,352.2955792660311,1344.0423987887586
312898,6.4895825961,46.0729455992,-88.1412394127102,261.5996543697547,1323.1674775846884
311167,6.4896503391,44.8478023659,-134.99062859046379,225.69240590390362,1316.5389689083054
111205,-64.8975570165,46.0071509958,-135.73975400630678,225.1670039179048,1316.4490017561704
312908,6.48990083112,46.1276668038,-23.19967069307782,318.47055539032164,1335.575265277877
301690,6.49001658513,49.5229015657,-473.1436840166547,285.0990567518794,1328.0132780707668
311017,6.49014215614,45.7978484855,-46.55772776635706,297.30355133058407,1330.6867385696867
311010,6.49027176615,45.5066077994,-40.41606422328424,302.8024275779954,1331.9260883091742
200070,-64.9101041295,-11.2103995244,-423.4694063817865,244.0958795824268,1319.8183939468984
201883,-64.9308729503,-9.61885660572,-305.8280929605186,178.5404927046099,1309.2801465334517
112061,-64.9360738397,44.1393007832,-82.35500588585697,266.38666723515206,1324.1222190765106
311289,6.49374902244,43.8353238401,-107.53298659588033,246.0717923209916,1320.1852603129291
311210,6.49407570047,44.547770121,-71.01386572981826,275.951934581721,1326.0796600396397
312140,6.4945209765,47.8650765525,-180.2340051401775,197.6172837938633,1312.0176772534417
111300,-64.9646594071,45.6186146756,-126.76527963310795,231.57467548903094,1317.560102955194
312906,6.49753854175,46.1860319176,-186.66823822937542,194.32578157731675,1311.5259448280415
310433,6.49788113978,46.0684596229,-236.68585386149334,176.4399034351491,1308.9953529694658
312763,6.49791042979,45.9438529876,-279.5617526748576,173.89208506120426,1308.6543668281495
311004,6.49822811381,45.38133561,-93.20800647057341,257.4632631688317,1322.355900071155
312896,6.49854409784,46.1269253527,-81.62444543848427,266.9956923900838,1324.244877024756
111833,-64.9889719691,44.9607704082,-342.10370126973555,192.0127269734832,1311.1852202840166
112125,-64.9891984961,44.4067091924,-42.663147829192155,300.7846829414417,1331.4688205375428
111097,-64.9936570595,46.8396639557,-186.26339058715288,194.52697906580826,1311.555770890404
111299,-65.0147668242,45.5522597312,-117.36814302232287,238.53516977343895,1318.801282146137
312760,6.50181264211,45.9438262666,-226.95030224215813,178.74553940062887,1309.3081235626216
112126,-65.0225130558,44.3975895066,-86.88133873443084,262.63635227915677,1323.3728303505227
310809,6.50225144514,43.7438268525,-161.0694605991493,208.5315015746069,1313.7058962037172
312897,6.50231416315,46.1144913307,-80.23564842139594,268.156239597983,1324.479355598562
311208,6.50269624918,44.5602817451,-195.31896875379633,190.2236061716455,1310.9244123580875
310440,6.50282409219,46.0894674396,-120.2580602129948,236.3685625918753,1318.4111240251277
111194,-65.0356186909,46.0230821071,-216.1868377212735,181.99127751590174,1309.7551754672788
200071,-65.0433333326,-10.9175000002,-329.3260451353196,186.41138995346543,1310.376663740558
112118,-65.0516207692,44.414497211,-88.49939985435756,261.3055286572093,1323.1093582460503
111098,-65.0549482305,46.7944072819,-179.509986370262,197.99998533207122,1312.0753746500052
111835,-65.0554998936,44.9486853452,-390.7206073615141,220.28415582801708,1315.6226297386017
310473,6.50636816749,46.3804995657,-276.4686755976577,173.6513721862568,1308.6224030000487
111146,-65.0641450983,46.444493764,-164.3059551995313,206.57869204493943,1313.3973315712383
311018,6.5065784765,45.8436203673,16.934786480412157,356.2091319328014,1345.0735073756273
311288,6.50677236952,43.8438318828,-59.87560753780794,285.56177788907894,1328.1126923430193
311009,6.50710974455,45.502008882,38.152292490092094,376.7115546452713,1350.647766804769
311025,6.50752111758,45.7182671779,36.11008150516889,374.7240939139657,1350.0947896837074
112053,-65.0816985057,43.8594090891,-104.01461646634755,248.82605586785382,1320.7014048036003
110945,-65.1026492125,47.339231315,-209.79342093777228,184.25059119534575,1310.071019039535
312044,6.51039382082,43.4319329127,-342.30684353013453,192.10871704896851,1311.199280711232
110946,-65.1063986668,47.4347097209,-155.38351972874742,212.06263112646366,1314.2710352479544
311865,6.51072789285,43.9730033875,-106.95582505682464,246.52157552681336,1320.269170196621
311016,6.51080253985,45.8142646348,-114.79987315786488,240.47931971067118,1319.1543115875256
311152,6.51081420385,45.0779686559,-197.95881065739505,189.04892705779025,1310.7544741076238
311859,6.51170232893,43.435349407,-436.2705825723202,254.17845471614385,1321.7202735122657
311877,6.51395542411,43.4899198625,-431.8685096890472,250.66827824714008,1321.0497266533298
311320,6.51424235514,43.9614035015,-159.85526947577998,209.27494422336812,1313.8241118396122
311863,6.51466337517,44.1349186989,-143.01661552520858,220.1577109176908,1315.6014640642388
310474,6.5150192312,46.3994901213,-313.67387569521935,180.79839967884712,1309.5899571613566
110942,-65.157045625,47.7064832294,-170.56263060934106,202.926427236334,1312.8278369391605
111841,-65.1599805312,44.8816457437,-252.9843048680281,173.98439959615874,1308.6666366475029
312049,6.51603803529,43.2688812072,-491.6271899048336,301.44840930326404,1331.6189162230012
111153,-65.1645574936,46.5108605575,-172.1058720691795,202.0512674174353,1312.6928464939708
312550,6.51648383132,46.3640215863,-320.99062651213944,183.24351169109858,1309.929761150703
110947,-65.1661119687,47.701561115,-171.32759375191438,202.49132684146753,1312.7606529819018
111199,-65.1685041139,45.9481137369,-197.92445808671084,189.06397537076168,1310.7566445967182
312904,6.51826116947,46.1359908345,-126.33376684960386,231.88883885227415,1317.6153566787646
301689,6.51874547751,49.5279046141,-514.015117045632,321.8500175789925,1336.3851347523473
111095,-65.2023626027,46.7442096018,-163.05525219808425,207.32830516240557,1313.515443644637
111837,-65.206041357,44.8686610556,-253.83354348422915,173.90588560535093,1308.6562006958259
112039,-65.206261572,44.3312461691,-141.09147951058216,221.46598589047017,1315.8210279053492
311207,6.52321848488,44.5650472055,-86.21314758539538,263.18745496246214,1323.482312318933
312199,6.52324208888,46.9854140017,-259.3070602047486,173.51901730201507,1308.604846367653
301682,6.52430607597,49.4856300346,-530.6072443421064,337.3275491696706,1340.1968773282038
312549,6.52648928015,46.3559337177,-273.31171095030777,173.4737803579211,1308.5988487856466
112045,-65.2689286842,44.3768285079,-122.81730580943537,234.46892995825823,1318.0718772840967
311008,6.52702192119,45.4813339913,32.031547877185545,370.76352301985133,1349.000883829786
312139,6.52745332223,47.8773116125,-184.03569213616433,195.64841134844238,1311.7225680130005
112054,-65.2938314713,44.38989958,-249.18588754242813,174.39604572601982,1308.721427705806
110828,-65.3016443989,45.8063480032,-160.39246078004982,208.9453040994427,1313.7716447985397
112047,-65.302175153,44.414391511,-253.55164433111264,173.93139857955185,1308.6595913312563
310432,6.53090655652,46.0103463741,-80.19373944658638,268.1913172355492,1324.4864579194423
311002,6.53151313257,45.4644971389,171.66060759049134,511.1931896539053,1394.150734935066
111743,-65.3152991271,54.3106107388,-593.6404406300628,398.23037095485216,1356.8069954574567
312555,6.53162401157,46.2522091021,-12.702572853656932,328.1898619177643,1337.9261489473377
311171,6.53182155859,44.8271558852,-4.017215184057619,336.3173465035144,1339.9429659991563
312903,6.53273834567,46.1529750129,-132.27140215024977,227.6142817294427,1316.8697945577846
112035,-65.3434632624,43.7769458943,-19.505725060281947,321.8772941455597,1336.391704201249
200072,-65.3477777778,-10.7924999998,-441.4838035321381,258.3904683419447,1322.5367400195055
112046,-65.3521748321,44.3858311746,-81.78514764141636,266.86163724512227,1324.2178551902248
311015,6.53545577789,45.8229677396,-71.48223011438034,275.55236544802574,1325.996568877708
312131,6.5355683239,47.8274362944,-195.42955688982371,190.17365739283932,1310.917165398951
311160,6.53574426892,44.9648775656,-146.62738052703597,217.73795449029635,1315.1986965462938
110829,-65.3601846888,45.7855568745,-190.07489433149223,192.66499551478992,1311.2808986133236
200073,-65.3682874185,-9.70574382091,-207.58257254388317,185.08728270298676,1310.18895461297
110834,-65.3683156275,46.0724794492,-138.24089868835415,223.42575642331929,1316.1522948370316
201881,-65.3687905925,-9.70622101595,-210.27925055248613,184.07050193916058,1310.0457031171036
112034,-65.3689353935,43.8350896451,18.774311258119837,357.973246210166,1345.541764336468
110989,-65.3769782332,47.122039052,-192.11239459485034,191.69962476753926,1311.1394055200487
312754,6.53930641821,46.0018926074,-166.7481238368609,205.13352220453052,1313.1708024866712
312755,6.53934066321,46.0065492107,-140.87829808503395,221.6116211791693,1315.8455476282584
312758,6.53984826226,46.0691680319,-61.384831513090035,284.2479256686943,1327.8308167151445
312756,6.53995432026,46.0146860584,-127.14801242480885,231.2964799006621,1317.511235696261
312559,6.53997061027,46.2935689865,-63.53993657083403,282.3780295030375,1327.4317858622603
110988,-65.4060987606,47.1892096736,-184.4936387637055,195.4159097738524,1311.6879096660891
110944,-65.4330987778,47.3478096997,-186.8969729157153,194.21246384902858,1311.5091595889685
301681,6.54373930358,49.4977792556,-533.3245675396413,339.88803653567345,1340.8436418731033
312050,6.54384544959,43.2481518645,-394.9822979346524,223.19948520505997,1316.1139026570822
312554,6.54392177459,46.2226013836,-27.869767494461684,314.1854814639166,1334.559969178667
201882,-65.4439281927,-9.69338158589,-378.3509995033605,212.1790854834877,1314.2898306264342
312757,6.54804007793,46.0516918885,-81.65699884534156,266.96853290792313,1324.2394013676155
311881,6.54839101596,43.2649040679,-362.9568285351205,202.90880551214354,1312.8251132294113
110830,-65.4983784742,45.743813223,-293.82695764547395,175.8471224125092,1308.91558361577
311024,6.55159979423,45.7228115233,73.15769131496987,411.1824720104657,1360.6648447946648
310994,6.55167678923,45.4939481523,42.334445860164095,380.7903394400069,1351.7910626950777
110991,-65.5168987857,46.8864096195,-159.52643022083635,209.47729383491924,1313.8563586647715
312556,6.55207783427,46.2940146085,-67.27146826327426,279.15805039431626,1326.7505461357111
310441,6.55218438728,46.1142005277,-100.72125728651861,251.43051283303512,1321.1945721031914
312508,6.55235012929,46.2772505631,21.115877432194907,360.22267293231243,1346.1419571003466
311174,6.5524567283,44.7813135484,71.78784035054423,409.8204133634956,1360.2538607851398
200074,-65.5274999996,-9.78472222245,-395.9673779746828,223.88184328399507,1316.2297954094836
311178,6.55623647261,44.7476770806,23.77216497830969,362.77956567423536,1346.8284255398823
310176,6.55678760866,47.4396053783,-615.3320308976702,419.77942057003594,1363.2874078878478
110943,-65.5731176684,47.6479691596,-173.1508644579249,201.46457822844178,1312.602670594653
201880,-65.5936679691,-10.5355782176,-239.79586682831675,175.83372638451237,1308.9137839849175
110825,-65.6026244528,45.7018188985,-215.69423021875633,182.1567526659584,1309.7781785910388
311172,6.56028895295,44.8056939724,34.46557990882684,373.12576050685726,1349.6520394995416
312895,6.56061256797,46.1101043843,-120.49246281871032,236.19382189620555,1318.3798072154275
311206,6.56061414797,44.5571048948,-82.39277545969563,266.3552086530903,1324.115890603267
301732,6.56076902599,49.4856375526,-589.1187089281175,393.77090083151995,1355.5048199520054
311173,6.56138867104,44.7922768663,32.267218864022595,370.9920601892694,1349.0637135787658
111815,-65.6177197251,44.5649969905,34.87702347685743,373.5254775365464,1349.762600215444
311007,6.56432453228,45.4478644435,-45.617609328735455,298.1419840668849,1330.8743130869987
110939,-65.6476365196,47.5907609168,-265.55016613048303,173.3307584976925,1308.579896839638
311165,6.56477187132,44.8059249824,5.348075259857893,345.1612969028519,1342.1900444613311
311603,6.56502138934,43.3362337998,-257.49385945380664,173.6242758097909,1308.618807644887
110938,-65.6604447526,47.5606179613,-164.74620390646356,206.31635002830103,1313.3560944619903
312507,6.56847869562,46.2143302289,-36.39277052275476,306.4314374201899,1332.755799241127
410202,-6.56861464534,34.2775166993,-299.81374970896354,177.07354965041995,1309.0809129145728
311023,6.56867910264,45.7149464466,33.80477060632603,372.48403157040826,1349.4747675841875
312130,6.56916008768,47.8610987032,-149.77145418023412,215.66808187129368,1314.8576029781684
311875,6.5693795197,43.4638906974,-428.8945202528844,248.32190286211315,1320.606512937337
110924,-65.6943447694,47.6523450339,-352.401314860972,197.13712942495184,1311.9454418417565
103075,-65.6944034274,18.2982976612,-456.1542563431956,270.54031078321304,1324.9640954871682
311209,6.56958636472,44.5141444813,-58.30372952888159,286.93393153666364,1328.408399415834
110923,-65.7028394701,47.5650285567,-86.6084091175843,262.8613485946862,1323.41750145465
110937,-65.7055988784,47.4406097094,-221.75845348050223,180.22191125221232,1309.5104932251793
110927,-65.7141988941,47.7024826941,-208.80279477833588,184.62202202023002,1310.1233093057654
312137,6.57284679899,47.8516821134,-193.2670939326856,191.16196208795262,1311.06090259788
311179,6.57334101603,44.7357287626,7.70162317852089,347.3961904316297,1342.7665127258206
311175,6.57342978603,44.7559441203,-84.89671437048253,264.2757917064825,1323.6991684871377
310158,6.5754503412,47.1976710323,-86.96119625922427,262.57054783078934,1323.3597723822547
301796,6.5766143123,49.3355905302,-477.5085937241097,288.9151132549447,1328.8377392437983
312553,6.57688644332,46.2103366036,-98.52962524611355,253.17741752840408,1321.528130354327
110985,-65.7726648339,46.6643218142,-174.2448774953515,200.8555400743528,1312.5093304620777
110987,-65.7932941016,46.8158021407,-176.4678455096417,199.634508137398,1312.3230286064147
201856,-65.7981,-2.6268000002,-286.06278378925873,174.61194828027539,1308.7502156842936
312548,6.58089518365,46.3312561966,-282.5070838450501,174.18242600035595,1308.6929785472303
311287,6.5815150337,44.1185075505,-198.63719233314933,188.75305383333767,1310.7118332810087
312509,6.58154646371,46.3230331039,-60.85450016466082,284.7091986959963,1327.929637591378
110986,-65.822418585,46.7356095871,-158.52656649062106,210.095161896398,1313.9550112632187
111077,-65.822503558,46.9482407097,-258.66169997653003,173.55387617427883,1308.6094690573534
112032,-65.822698654,44.0811859854,-19.203388515824514,322.1567850222462,1336.4590486458317
111086,-65.8351860211,47.1312483168,-166.39703514523495,205.3397564960647,1313.203034632998
110832,-65.8354868141,45.5437789955,-210.6974620232102,183.9165730827998,1310.0240839106634
111085,-65.8391113404,47.0523422813,-310.83592880254474,179.93744011942567,1309.4713730846445
110814,-65.8478939191,46.2310717653,-146.15141351379026,218.05434426792863,1315.2511135237896
311205,6.58517176401,44.6477455593,-59.1252356206102,286.21633177787766,1328.253583901747
312902,6.58535656802,46.1023357417,-122.50885878505798,234.69691406730237,1318.1124519722005
301798,6.58538299302,49.3526121586,-569.6804250902168,374.74353377836593,1350.1001854233446
301667,6.58541929003,49.3731218703,-418.47923079279127,240.27316962705407,1319.1167463928589
311214,6.58547617303,44.3889599969,-97.20149686131066,254.24126148569238,1321.7323532445166
301668,6.58568517705,49.3773388716,-515.8847516491932,323.5798944942207,1336.8028062105282
311000,6.58617502909,45.4481039605,6.441209913021623,346.19872121343167,1342.4572057020168
110821,-65.8670220737,46.0394486985,-217.72408829442065,181.48426269884305,1309.6848216952023
112031,-65.8689358559,43.9227854873,-87.86859352491535,261.8237281565142,1323.2117968024725
111087,-65.8934464689,47.1852378893,-185.30012361214244,195.00892560125686,1311.6273387039505
301738,6.59009619641,49.4688240642,-527.4756163836985,334.38530396497526,1339.459340957836
111060,-65.9118654714,46.9358582906,-186.7345798429015,194.29288864568946,1311.5210715614667
110815,-65.9220900423,46.1031094757,-258.41712489984775,173.5678393526612,1308.61132099222
312546,6.59335314768,46.323449051,-106.77821645914645,246.6601481937554,1320.2950515996101
301792,6.5936114887,49.3432338278,-495.3762010132299,304.8220790483888,1332.386691034864
312547,6.59363357371,46.3230905929,-112.24273696233067,242.43207494559095,1319.5116920792618
310429,6.59409029574,46.1113657954,-163.88964106758235,206.82750265459427,1313.43648891973
311164,6.59457754778,44.8605874039,-137.50056967633924,223.93906765890412,1316.2395300990586
312136,6.59770277204,47.8431607787,-196.5778004422773,189.6588435321159,1310.8425807477386
312501,6.59783174605,46.3267814152,-167.637563306543,204.6133669624146,1313.0896483146714
301795,6.59813796108,49.3396140915,-511.1216782220972,319.1803601121532,1335.74469748256
311006,6.59820815408,45.5313265704,-49.06095772790235,295.0770331947834,1330.1910577396343
311153,6.60219851941,45.019050496,-175.53256965053166,200.14552435776804,1312.4008631100094
110827,-66.0233553837,45.2732406261,-234.94200561690505,176.80769170242098,1309.0449779960159
110925,-66.027110838,47.8976944072,-242.11194514758864,175.42403684619114,1308.858811054449
103076,-66.0350708556,18.0353632194,-178.48794041609088,198.54436944569926,1312.1576358083057
110816,-66.0552989353,46.0778094676,-262.7066751978438,173.38299146430157,1308.586816493488
310470,6.60600029073,46.3186219476,-6.903130661383756,333.60858284020134,1339.2656499425718
201878,-66.0604522877,-10.9853263578,-476.1204737541717,287.69838715627793,1328.5737301872919
301714,6.60610326874,49.514602688,-336.5937638647206,189.49054307103773,1310.8182408270065
311180,6.60638092576,44.6771546927,-125.09575299600984,232.79316432427427,1317.7748107804916
310154,6.60649819777,47.1598236972,-189.9267022562036,192.7360314939909,1311.2913377306754
312752,6.60709767382,45.9145008071,-160.13345188920033,209.10409896366755,1313.7969092576138
110940,-66.0780990062,47.3767096901,-213.35932739428065,182.96075827299825,1309.8902372486339
311215,6.60947609402,44.3855560776,-84.84385983297751,264.31955935961565,1323.7079073691118
201876,-66.0977385598,-10.9978893228,-555.184443451217,360.7210693542687,1346.2754118112457
201877,-66.0978396578,-10.9599999997,-473.47243051784693,285.3854458213396,1328.0747897833526
310424,6.6104401281,46.0356532952,13.482920729960512,352.9061093781766,1344.2025578787943
301799,6.6104797741,49.514780348,-393.6589524846418,222.28778333783276,1315.959594057773
312890,6.61073002012,46.0435755628,-183.18154123881192,196.08476933680814,1311.7877234283453
110819,-66.1144052472,45.8269650959,-238.4098020935507,176.09598119237415,1308.9490399414167
111061,-66.1144480162,46.8773062148,-242.86101046749596,175.2992096134359,1308.842086526311
110990,-66.1145590482,46.8229011783,-187.45075885904356,193.93918207685303,1311.4687190002246
200035,-66.1349999999,0.619444444399,15.277994416744036,354.62257444657683,1344.6542175885104
110833,-66.1356659029,45.7686259351,-323.6684779711362,184.21770063348401,1310.0663936603135
312138,6.61441770043,47.83496546,-189.38801144112318,192.99518642442263,1311.3294538575915
310157,6.61483655946,47.1983856234,-89.60354615226555,260.4004295670107,1322.9309045789714
312750,6.61490342847,45.9307693575,-86.04024301409126,263.3302055146267,1323.5107070620272
301674,6.61560156852,49.3098641591,-443.1622538883499,259.7588242088086,1322.8047631172917
110826,-66.1768989594,45.7056093998,-148.4966975845557,216.5030704266294,1314.9948190299494
312506,6.61819248674,46.2815968705,-27.919987341626893,314.1395382559224,1334.5491538594958
311321,6.61830079875,44.1738828541,-44.34854158061904,299.2756961111514,1331.1287454090477
311203,6.61854131977,44.668436798,-102.32604566411669,250.1582836051087,1320.9530504252245
310434,6.61861522177,46.1608952475,-136.84743101065706,224.39339001328904,1316.3169025934094
111062,-66.1902990205,46.855309599,-223.25069040143123,179.78034287177877,1309.4497952401787
201879,-66.2066335568,-10.7976871283,-375.9000888826019,210.6398794889584,1314.0422190335341
110818,-66.2106026911,46.0147472304,-231.96239748765777,177.4820555619429,1309.1362322607777
310993,6.62289730913,45.5484953178,-44.87443227973293,298.80563072177546,1331.023140115336
312901,6.62294485313,46.1394822677,-72.54632954823505,274.64597639883436,1325.8085106543558
110822,-66.2310533978,45.8483587937,-335.20553454422554,188.880268374874,1310.730159244387
310455,6.62311498014,46.2520806331,-65.06471553740131,281.05953646870756,1327.1519346372731
311163,6.62336874717,44.885514843,-22.671388163319563,318.956839182901,1335.6913040942502
301835,6.62338789817,49.4270780998,-510.1919176285862,318.32447262881055,1335.5404390904314
311635,6.62351794018,43.3234689257,-357.9219013292411,200.09295383819676,1312.392846958237
201855,-66.2354264232,-2.50620714522,-562.0423318023838,367.33587614144574,1348.0628473747267
111078,-66.2506785375,47.2525930148,-186.00303680369632,194.65679267105722,1311.5750308329427
103074,-66.2602449873,18.4105107734,-434.9891647987531,253.15218208421308,1321.5232959980124
312500,6.6262592004,46.3388555082,-144.9031603423084,218.8878389669717,1315.3895547019836
312539,6.62708631847,46.3393668313,-146.45155369277236,217.85473973899724,1315.2180359918268
311216,6.62717402048,44.3853192566,-88.43704963630316,261.3567127576917,1323.1194677257824
110831,-66.2861374604,45.3982449144,-176.4053928975928,199.6685075268772,1312.3282011255653
311040,6.63087852579,45.1941615975,7.555531877579597,347.2573243706212,1342.730592449764
311202,6.63110089481,44.656464378,-131.69155709039097,228.02705197297496,1316.9412025610475
310454,6.63133395982,46.2520294201,22.08563245909741,361.1555147201187,1346.3918821740592
312536,6.63139005683,46.335499211,-74.4765555150802,273.0068852384928,1325.469937025761
311162,6.63139942783,44.8889288853,-16.61421126196288,324.55433477735994,1337.0390087032713
310423,6.63144955783,45.9775337983,-222.00044174735865,180.1493676498119,1309.5005113538823
311161,6.63161883985,44.897841339,-126.32976688836818,231.89175355673805,1317.6158696445148
310428,6.63177807986,46.0475521111,-182.99580749354595,196.18011846964464,1311.801979512996
311158,6.63516214814,44.8939709707,-23.023843124275828,318.6323699724455,1335.6138595289092
312751,6.63548344717,45.9433608995,-247.3596186316505,174.62900859072414,1308.7524919605048
301743,6.63568971619,49.4478451475,-398.5176566706999,225.66285395397855,1316.5339031814208
311286,6.6358419462,44.2181635038,-72.46540011660045,274.71484209781175,1325.82277814204
310159,6.63671988627,47.206583494,-196.24643609757305,189.80669583469913,1310.86398087488
110926,-66.3861521477,48.027751518,-340.5346563799868,191.27843426369924,1311.0778901292722
310999,6.63905531746,45.4439331792,-36.47237332367867,306.3594361292328,1332.7392463182262
311880,6.63990022853,43.4517047474,-539.1703422465107,345.41925438374176,1342.2564046673317
310152,6.64102465363,47.0475333669,-298.6136324714989,176.80883643250718,1309.045132610816
311039,6.64344634583,45.1934509495,-27.55292930932562,314.47540594905524,1334.6282536790068
310459,6.64357226184,46.2434580353,11.937982405599058,351.4309462845562,1343.816023337239
110817,-66.4485029598,45.8686561653,-335.78859958397595,189.13533422731973,1310.7669393239712
301595,6.645572753,51.6477585325,-536.958517787068,343.32284272653413,1341.718438760264
310436,6.64559577,46.094409087,-97.24996467832298,254.20236978167654,1321.7248727984474
110852,-66.4690750615,45.1692698655,-120.26867087453644,236.36064938339038,1318.4097053451896
110971,-66.4810742855,46.4859083604,-172.22075435493457,201.98653428623945,1312.6828842505786
301713,6.64812946621,49.4104479374,-432.1408575475058,250.8841745277515,1321.090709830299
310453,6.64831783923,46.2314903644,-51.931724532251295,292.53447092669836,1329.6293510793957
110807,-66.5177990846,45.8481094166,-360.7493649927946,201.66047306747384,1312.6327517509417
312900,6.65223183055,46.1437218791,-241.68025594098606,175.497682164795,1308.8686836412076
103073,-66.5268866293,18.4351046515,-494.43448373832723,303.9729335432965,1332.1926808455185
500003,66.5469017123,66.6064664702,-585.7335933164281,390.4402969915224,1354.5410366933443
312538,6.65507058779,46.3566668677,-147.46262563210456,217.18466106471647,1315.107209155682
200013,-66.5561743487,-1.63424976007,63.626492998804395,401.7262585437391,1357.8371704202984
311154,6.65585346385,45.0141296196,-72.24894909086561,274.8990839728836,1325.8609659163294
310452,6.65677925093,46.2313468203,-147.4118653642435,217.218216251941,1315.1127510761678
311878,6.65687618894,43.4561982307,-558.261462955476,363.6846592384753,1347.0725021085009
103077,-66.5813013308,18.0690182242,-299.0876078183323,176.91225949763273,1309.0591056678875
200012,-66.6012047515,-1.81444372598,-346.01716815304246,193.89863585051492,1311.462723662454
310998,6.66042303223,45.4437998532,50.41489901548945,388.7031888540055,1354.0413448623806
110792,-66.6100527542,46.1263471127,-226.64128154252944,178.82867890521376,1309.319476281643
110794,-66.6145720386,46.239777804,-183.94516687140066,195.69449136416873,1311.7294418140243
110795,-66.6225816712,45.9559617976,-242.2434551998099,175.40184937391032,1308.8558374913714
110793,-66.6228015292,46.1811550742,-176.42057626390192,199.6602400269133,1312.3269432649229
312535,6.66479527059,46.3267069432,-77.50032069334334,270.45254310588507,1324.946177263021
310435,6.66525042463,46.094261164,-106.91985560332154,246.54963324689803,1320.274409441322
301791,6.66575686067,49.3860140684,-433.36804182718083,251.85909081823675,1321.2761998156332
110806,-66.6827991322,45.6731093822,-109.8629632328624,244.26429819277217,1319.8495527684431
312748,6.6684920559,45.9107267408,-270.3346407796919,173.36951862001476,1308.5850314587842
311213,6.66873124692,44.3892410219,-100.5246051601839,251.58681747030067,1321.2243266365806
110781,-66.6978197355,46.0312555838,-153.4947158627728,213.26305434075127,1314.465261967085
310458,6.67229564521,46.2099417396,-73.58926327126737,273.75953298375504,1325.6251643926105
312316,6.67299724727,45.9191534655,-161.4171707541726,208.3196801501963,1313.6722893131803
310450,6.67358548432,46.1858783266,-28.776451237070248,313.3564631771365,1334.3650428523433
311157,6.67434051838,44.9185761447,-47.98969992109534,296.0288045940199,1330.4025134224664
312537,6.67671049158,46.359644436,-148.96807167126767,216.19363392713822,1314.9439082797687
312505,6.67712996661,46.2022284979,-99.5112368906599,252.3936590616903,1321.3782023728106
312532,6.67829926971,46.3072506066,-22.303110523037674,319.29602254037627,1335.7723401019937
200033,-66.7936383714,-0.193884808896,-374.7661691303282,209.93559200573387,1313.9295062377776
201871,-66.7938442974,-0.193702751881,-367.23567995584165,205.388211103821,1313.210612138007
312533,6.6805673329,46.3139830982,-27.87825397739654,314.1777174694248,1334.5581413807902
312498,6.68148423397,46.1985978686,-123.12084938679209,234.24483060694385,1318.032031187986
311156,6.68150872498,44.9311486518,-51.82898898822654,292.62525761854056,1329.649328194381
311155,6.68153040298,44.9401416485,-68.31000058970304,278.2659712003885,1326.5631327982649
310175,6.68260545807,47.4559907397,-432.97399067484866,251.5456701052392,1321.2164919952163
110777,-66.8296733894,45.960950724,-297.40209374570674,176.55115732541614,1309.0103535588996
110855,-66.8443991666,45.2317093006,-179.4846490160998,198.01342242764093,1312.0774024549614
110782,-66.8446992026,45.9600094289,-280.7703133840874,174.00402297019133,1308.6692456771736
200011,-66.8478448659,-4.8433963666,-319.59665879124407,182.75302260692987,1309.8612376291699
311200,6.68516886728,44.6057243328,-10.085084252329537,330.63135975138476,1338.527134809938
201865,-66.8521192862,1.21546835671,-271.8885617849356,173.41627591240032,1308.591226977614
200024,-66.8525000003,1.2152777777,-276.36635259971774,173.64453612653634,1308.6214958871997
310457,6.68529654429,46.2021701509,-114.74990744022337,240.5173145355846,1319.1612385007606
312053,6.68548777631,43.6146354998,-433.59159027104056,252.03705321659208,1321.3101342098134
110919,-66.8895414343,47.8354350381,-203.103259675559,186.8674783026833,1310.4416236592365
310141,6.68911517761,47.218261269,-193.22048963455202,191.18352923475476,1311.0640474142017
301581,6.68954285964,51.1604791932,-534.6535670329577,341.1428148583722,1341.1622626293006
312503,6.68962151965,46.1980502816,-102.2051636609463,250.25390936227265,1320.9711630927272
310996,6.68968444365,45.4477373905,1001.9960770187199,1402.4442733970234,1910.2847260436224
312504,6.69004312668,46.2021513719,29.933733583316894,368.73095435236735,1348.4436626233442
200007,-66.9193773568,-2.8310620161,-334.1615903401772,188.4281479280639,1310.6650836514461
110928,-66.9274993385,47.9767097688,-234.99559920076467,176.79609164832365,1309.043411271595
301591,6.69301952693,51.5640620576,-492.32931536080116,302.07884688799146,1331.7617746085937
301759,6.69314947594,49.3896254597,-469.79487287759275,282.1914180523102,1327.3921014507453
110929,-66.9437535278,47.9732944955,-122.32718019447823,234.83132367276346,1318.13639095101
110930,-66.9479684312,47.9062715759,-209.19000641609122,184.47616585956,1310.1027632753453
301742,6.69731633028,49.4852756066,-404.78807797970836,230.12785253405374,1317.3065790025446
312894,6.6975174083,46.0848758692,-154.94820476529796,212.33810337825503,1314.3155118607276
301278,6.69758382531,51.4897222404,-620.2719429191123,424.7203642864629,1364.816904354235
311197,6.69785582033,44.6769629297,71.54511822346623,409.57917443632306,1360.1811992169983
310156,6.69808736435,47.2525699558,-425.71736503069917,245.83831873527487,1320.1417626641612
301934,6.69825027336,49.2519651553,-529.7997377734137,336.56798252003813,1340.005896042648
311198,6.69827370236,44.6818318471,162.7606977906324,502.020215370645,1390.8134638448971
200018,-66.9976139083,-7.71840969148,-346.84040916362994,194.30510043102046,1311.5228807096585
110884,-67.0012660286,45.2562746447,-190.39940030004357,192.50983113860562,1311.2581094721459
201872,-67.0089220542,-0.243731639021,-217.73765542412488,181.47985143715266,1309.6842104297903
200034,-67.0094518832,-0.243526894004,-241.40683174740664,175.5449724964757,1308.8750253329156
312499,6.70224960669,46.360090559,-42.175439311975296,301.2220503350091,1331.567691925378
312745,6.70227515569,45.9075806756,-147.48621592280713,217.16906974484633,1315.1046344018766
310422,6.70242228471,45.9067502945,-115.98659937074274,239.57882594756947,1318.990450463485
311038,6.70250292471,45.2098333138,-8.47544984048298,332.13617996126686,1338.8996364965951
110780,-67.0266825307,46.1191702451,-186.19423756759133,194.56142664773634,1311.5608805200977
103078,-67.0519858468,18.2814048208,-288.88406799152085,175.01385652119754,1308.803898430118
310997,6.70631250303,45.4119540225,-8.469106545958653,332.1421152799531,1338.9011088628217
310431,6.70666419106,45.9148702152,-167.04898275304538,204.95720416860266,1313.143270976957
312889,6.70666436906,45.9148967902,-134.90671752274517,225.7513673685504,1316.5490778699523
312531,6.70690934708,46.2817717935,-75.28301820839164,272.32401424432993,1325.3294546283946
201870,-67.0856717835,-0.139727881415,-715.3686130658853,521.6886273433408,1398.0331964838426
312057,6.71021512435,43.6105115925,-300.3432628520599,177.19332950804963,1309.097120382441
311884,6.71041739937,43.6809680273,-201.56862887946372,187.50310554374246,1310.5324143873738
110854,-67.1061879292,45.5272530881,-181.57636170151818,196.91424781640944,1311.9119694417586
310054,6.7107490594,47.8310999177,-118.43125688696047,237.73552143359976,1318.6568821049536
201854,-67.1129856078,-2.97270330682,-227.78139042669488,178.5249427169238,1309.2780261440014
312888,6.71436412369,45.9438147606,-209.76506668724642,184.2611438242808,1310.0725032206744
312743,6.71454459171,45.7889772627,-110.60920861599033,243.68822608979846,1319.743060639549
311326,6.71490446874,43.7938480207,-83.66859061221734,265.2941809613419,1323.9028654034255
310992,6.71500321775,45.5688270045,-119.8204761772104,236.69517160727628,1318.469718588049
312502,6.71516456376,46.1684830841,-87.80201343206605,261.8784697045186,1323.2226295927048
301277,6.7167999999,51.2598000004,-621.4372824167649,425.8876405491765,1365.1806023175088
311879,6.71833752902,43.4317076717,-764.0995857232888,572.3799815873122,1417.7293951573918
301633,6.71885319407,49.5232713727,-365.7478831654922,204.51729304106274,1313.0746809394718
110740,-67.2063150655,47.1767536456,-237.55953315730142,176.26315570758788,1308.9715408027207
310449,6.72224764035,46.1812200122,-103.91886375613807,248.9014237499624,1320.7156065240579
312497,6.72266077838,46.2775793462,-136.82467352380522,224.40924474101038,1316.3196054517618
301631,6.72280022039,49.3399699576,-461.16668845591835,274.7844045056595,1325.8371934483441
311962,6.72301239841,43.8433903868,-113.3488828424143,241.58530794316908,1319.3563792946347
310447,6.72302415441,46.2573891175,-51.6924284601578,292.74595878209993,1329.675896959369
310451,6.72324973843,46.2104723626,20.440732366209573,359.5736559661794,1345.9684278007178
312315,6.72461923154,45.9274155722,-165.9012383440532,205.63187038888245,1313.24874288578
110779,-67.248099342,45.9606094189,-250.4146461651806,174.25208744010203,1308.7022520606756
312530,6.72728920676,46.2644437121,-85.3185697167865,263.9266590947632,1323.6295085681547
311964,6.72764122579,43.8571179739,5.718105838413493,345.51235217805123,1342.2803656759124
310160,6.72789408181,47.2609398355,-281.57484001827913,174.08409581096782,1308.679894774033
100004,-67.2980373631,45.1687180464,-436.23759233283226,254.15198770130107,1321.715183927299
110877,-67.2980701961,45.1686092774,-521.0677816991756,328.39480289512886,1337.9764351960696
312744,6.73069115405,45.8548265922,0.5501356277143259,340.62042902296423,1341.029481868031
201867,-67.3144832125,0.371666699898,-513.4059881749806,321.28723742284694,1336.2497085134412
200027,-67.3145849055,0.373182723023,-518.3645898468292,325.8801051092016,1337.3614460860742
311963,6.73155804012,43.8478784351,-91.26418270596378,259.04386762717536,1322.664553061999
312747,6.73169595413,45.8600973806,13762.974415825445,15389.958204584145,15444.518488234533
110875,-67.3187993248,45.139859273,-525.5375264012205,332.56915213026485,1339.0071080916991
301843,6.73196050815,49.1772924611,-1053.3382946363458,880.0049675021123,1567.4012049886414
312529,6.73246857119,46.2650442371,-128.65814465741875,230.20300529170723,1317.3197099477354
110883,-67.3310993289,45.1317092704,-528.3477291688264,335.2037345264612,1339.6638900156777
312746,6.73542885444,45.8487613327,8365.434930689584,9470.103610167715,9558.514538456435
312496,6.73545089244,46.2853187618,-61.978830653200774,283.73180113856137,1327.7204259740768
301578,6.73595264648,52.6071662329,-531.3636810482037,338.039634943362,1340.3762864823045
110880,-67.3606685413,45.1354922407,-526.0436172086161,333.04304775751064,1339.1248882128446
110764,-67.3895279877,46.3143047392,-197.62571324933788,189.19510796625295,1310.7755656289196
110741,-67.3896994417,46.9181095802,-262.2269685928028,173.39733257177647,1308.5887167152478
311192,6.73900233673,44.764718974,-59.07879863916823,286.2568676145166,1328.2623192833282
301634,6.73971360579,49.5189378124,-405.881427379743,230.91853269639338,1317.4449374885112
110872,-67.3978609484,45.1561299254,-526.8094877805207,333.7606733915918,1339.3035435159054
301276,6.74009999982,51.1852652592,-609.7599405903895,414.2205007372743,1361.585993539332
110885,-67.4235197925,45.6149372963,-140.32596950284454,221.98964682631095,1315.9092665793953
110886,-67.4267950658,45.5688846205,-405.2374548543014,230.45240245220862,1317.3633152503703
301757,6.74321138208,49.4518017978,-456.9568736592033,271.21686893037264,1325.102405312075
311011,6.74327706809,45.5644241192,-18.77011113448883,322.5574945749875,1336.5556972599177
312080,6.74362560312,47.5814646801,-549.6965759093055,355.4537205450367,1344.8736528093489
110763,-67.4687032862,46.3436988776,-329.7819825694945,186.5960406630253,1310.4029445031665
110869,-67.4729407646,45.2693651527,-427.30249367686895,247.07439099276473,1320.3725039760172
310995,6.74759575144,45.4603988856,498.6982403261388,857.3372956576301,1554.7877775108054
311037,6.74772892546,45.2275452633,-276.17048555874726,173.63165212225968,1308.61978633603
312893,6.74777723746,46.0608492712,16.57269462515339,355.862201368777,1344.9816730849843
110918,-67.4852091716,47.6648131609,-248.87507957089298,174.43409063948397,1308.7264979928675
110917,-67.4932719263,47.6691124413,-253.8695101181874,173.90266976353902,1308.6557733500197
110916,-67.4936753843,47.6603110706,-253.25654666459664,173.95869088372868,1308.6632189778363
201874,-67.4978045756,-14.5268477118,-236.58076967569937,176.46150096331837,1308.998264282149
310991,6.75173384879,45.5936154916,-128.63592715453277,230.21904406864152,1317.322512835536
110758,-67.5313994574,46.2967094698,-330.6735027653416,186.96043703948706,1310.4548826989228
312232,6.75328414792,47.5010428794,-346.90541400436683,194.3373382503809,1311.5276572034975
201875,-67.5356568638,-14.4437923739,-409.95764884083104,233.89698488889573,1317.970255397127
200032,-67.5358333328,-0.344444444354,-111.63107646212535,242.90164266225128,1319.5980458380013
311196,6.75380536296,44.668476366,60.844124491038,398.9751753061883,1357.025786446984
311885,6.75627120016,43.664523764,-199.15768015061374,188.52772165244602,1310.6794026011526
301604,6.75630154416,52.0938818134,-594.6220712882291,399.2000447868807,1357.0919166840908
301800,6.75630479316,49.3312245118,-509.56712006032274,317.7498613814606,1335.403597785849
110759,-67.5689687615,46.1605182165,-330.60229800479345,186.93117121958235,1310.4507077127994
312618,6.75885550738,43.9686477471,-139.85510021007133,222.3127161063037,1315.9638058525827
110762,-67.5941115916,46.5770101529,-354.1517494784024,198.05907649160864,1312.0842931580883
200026,-67.5972823179,1.07323178895,328.52121939803936,675.5823932166481,1462.4463629808054
201866,-67.5975753529,1.07311150194,342.22737451685526,690.1240054033592,1469.220520345883
310448,6.76053573051,46.2938398215,-88.96009295801923,260.9275841076846,1323.0347685226282
110756,-67.6061498436,46.4605563313,-308.4642325286179,179.2562262103863,1309.3779397892117
311883,6.76069886353,43.6686664123,-29.599985711195814,312.60430840870356,1334.1886104322489
310135,6.76079557154,47.3438231814,-234.15215863028914,176.98082628074346,1309.0683738607645
110755,-67.6183023086,46.4312066779,-290.21201108437003,175.22162845972576,1308.8316979854706
312510,6.76211575865,46.2139513499,-0.8126749663289843,339.33444069833934,1340.7034188124928
311212,6.76484184187,44.5188516577,-113.82706068864964,241.2202265887513,1319.2895786319925
301816,6.76709957506,49.3399644936,-489.7838999605463,299.79642758814924,1331.2459173894463
110709,-67.6724995431,46.9600095796,-340.9484132238948,191.47083866327506,1311.1059745992577
311193,6.76849432917,44.7434980742,-32.58661824669848,309.8833167985489,1333.55369768207
301629,6.76863834119,49.3686025599,-446.9187112197707,262.8421895661329,1323.4136961613215
312887,6.76888435221,45.9278698862,-108.10118642155733,245.62978233352342,1320.1029446754014
312233,6.76904293922,47.4896807405,-351.4046781475562,196.61865015408497,1311.8676336276715
110765,-67.6976231942,46.1980945366,-317.95997284436737,182.19182265418465,1309.7830563927394
110710,-67.6982594342,46.9265694579,-318.76511223019247,182.46590366703617,1309.821209391755
110752,-67.7061499569,46.7355841951,-369.566464491752,206.77111287147818,1313.4276103727836
310174,6.77273242952,47.484636978,-594.5568223743637,399.1355736121294,1357.0729533426475
312071,6.77294852154,45.9147719622,-71.50898210639664,275.5295543219931,1325.9918287366359
110868,-67.7309664839,45.6606488271,-375.67085660000674,210.49709866998543,1314.0193389444212
110728,-67.73131314,47.0940553267,-405.4254134129228,230.58832731505487,1317.38710000721
312204,6.77324801657,47.5018669695,-574.7706452261125,379.702588731873,1351.4850537320558
311190,6.77345331758,44.7437293123,91.56731332712965,429.57829007692885,1366.3364526634243
311036,6.77357133959,45.2310652076,-56.59250022454354,288.4320265984607,1328.7327904959473
110708,-67.7390590496,47.0560858426,-406.2055898186241,231.15363408983322,1317.4861658189766
110734,-67.7392548346,46.8269712646,-338.17752030791917,190.19926924295945,1310.920881133567
110731,-67.743241087,47.0479870519,-402.081031999525,228.18552491001364,1316.9686512403816
110736,-67.743342174,46.8228457363,-353.42056777524783,197.67222085142197,1312.0259530465794
110753,-67.7443995391,46.4394094896,-355.44248170843565,198.7480421542051,1312.1884692495898
312528,6.77662837085,46.2934255865,-109.88338221459013,244.2485171186714,1319.8466322592642
110735,-67.7688829061,46.8103668053,-317.52149946542704,182.0441884145102,1309.762528516887
301583,6.7772455169,51.1853872002,-638.8138445190295,443.36569412625744,1370.7337207858825
110737,-67.7725272074,46.8061840239,-350.0322776420744,195.9124255949203,1311.7619727198746
312189,6.7773193369,47.4815713528,-658.4655706921692,463.2825665112726,1377.3048068618375
301832,6.77750002792,49.5059936383,-464.79452620396006,277.8835682943004,1326.4829709044232
200016,-67.7848361304,-9.95639249565,-817.0129138091129,627.9406615716065,1441.057691081949
110757,-67.7855848795,46.4482019803,-367.4156318827742,205.49417869576203,1313.2271898073452
110733,-67.7885995747,46.795009549,-424.20914613695595,244.66789380427375,1319.9243057198662
200017,-67.7933036391,-9.98126999271,-725.5336727797837,532.2180245603238,1401.9963695524839
301771,6.78055540017,49.2807062426,-505.37052123476764,313.9018678336421,1334.4932286081114
312229,6.78158228226,47.5482797513,-497.19623453406416,306.4664004393269,1332.7638384836562
301854,6.78187549928,49.3101267831,-545.4163988992992,351.3623059815909,1343.7980743534918
301853,6.78287452936,49.2907137935,-523.3067771885353,330.4833272625316,1338.4905767953562
100003,-67.8319392853,46.7736187052,-503.0143502712774,311.75039426429277,1333.9887941416125
201873,-67.8357482156,-15.4935584848,-182.25197449867335,196.56362862206512,1311.8593882991138
311005,6.78540868957,45.622739773,274.16822829805045,618.1483346904787,1436.8177192156504
310161,6.7856942726,47.2936681142,-269.92941196030273,173.36007820228792,1308.5837807667322
310461,6.7857403926,46.3686024807,-190.23789031019575,192.58699145435645,1311.26943983641
301635,6.78585754361,49.502085841,-387.7920175968601,218.31623019349416,1315.2945567200338
312203,6.78928269489,47.5064977679,-574.8040464203209,379.7351864816867,1351.4942125010132
311886,6.78947363891,43.6435806982,-205.78902905795323,185.78653416177934,1310.2879190648512
312230,6.78957102292,47.5351333582,-449.1991919065888,264.7278139589448,1323.7894885724593
301670,6.78972591593,49.5060573133,-466.3649826897837,279.2320866841325,1326.7661258885933
311195,6.78985127394,44.6522935977,-132.14495892357917,227.7042043167784,1316.8853402005009
100001,-67.9273612252,47.1601807342,-362.508146239682,202.65335338596796,1312.7856550899808
110715,-67.9312927975,47.193623627,-331.18177956893265,187.17015728499652,1310.4848195799682
310155,6.79339870423,47.2981126126,-284.4663733488725,174.40844727622596,1308.7230803545706
100005,-67.9355420529,44.6060839859,-226.2614404690292,178.9316988367705,1309.3335508647383
200006,-67.9355555559,-3.10166666749,-677.7482603015999,482.9622252545719,1384.0485199566883
301763,6.79383922527,49.273025421,-485.5456947946306,296.0155027971905,1330.3995536934476
310164,6.79397468028,47.4519635353,-410.3486729416586,234.18519806623925,1318.0214344102205
312202,6.79702016053,47.5057281158,-516.3938479528307,324.05158367227443,1336.9170593017209
110729,-67.973599663,47.2156096148,-286.349255199702,174.65029879721223,1308.7553329180391
100002,-68.0024586084,46.8479089414,-457.08398107927815,271.32412012061735,1325.1243612320613
312231,6.80178082893,47.5212660311,-451.3905600260767,266.5493042648231,1324.1549479481291
310462,6.80181251393,46.3938222858,-173.78004889293894,201.11366114567866,1312.5488559557966
301933,6.80183926193,49.2652017374,-558.1696059470896,363.5960845063477,1347.0485912690006
301754,6.80443745115,49.3519243955,-511.65766431372674,319.67419714944333,1335.8627874503404
110712,-68.0471769841,47.2603255615,-257.2192895543792,173.64219533454778,1308.6211852832175
311324,6.80569970925,43.797535051,-121.00197564287907,235.81451441326084,1318.311905346915
311189,6.80794778944,44.7601756926,-7.8929866815548735,332.6813466179354,1339.0349782432772
311882,6.81008935862,43.7226483898,-274.2023091890723,173.5169008223453,1308.604565727341
311034,6.81048758665,45.284425901,-40.118361806396294,303.07024228514535,1331.9869993097639
310163,6.81079421567,47.3189760383,-204.27640281917846,186.3903661275888,1310.3736731011609
311923,6.81092020268,43.9520275198,-21.200530004886076,320.3123966099452,1336.0156533489637
110714,-68.1353302554,47.3355569847,-233.19538041259395,177.19599916801877,1309.0974817379354
110730,-68.1356895484,47.3106618656,-283.52639511704297,174.29674219546405,1308.708198534495
311035,6.81444853798,45.2682321547,-104.1939662318317,248.68494583148563,1320.6748263121626
312570,6.81490992601,43.7690199016,-370.7834260699697,207.50201565665876,1313.5428737095062
301636,6.81548867506,49.4947542274,-498.325644798232,307.48886946203123,1332.9993246114157
311965,6.81659619515,43.8598209421,7.346612750432513,347.05876977537514,1342.6792559094106
312188,6.81752508823,47.4854668501,-612.2434512191055,416.69622796916127,1362.3411984430254
301844,6.81917374337,49.2276694473,-459.4313529349073,273.3100140641289,1325.5324056239388
312527,6.82160503557,46.2776655812,-124.12346734808847,233.5064658836664,1317.9010069731837
311188,6.82261176665,44.7562101413,-47.1949852020788,296.7359120212779,1330.560030984905
312892,6.82277626466,46.0738399843,-25.23448143636115,316.60044401017063,1335.1305687905167
301642,6.82338481972,49.4976543166,-492.05852607093453,301.8356287175587,1331.7066273525772
110725,-68.2345423396,47.3560865324,-318.8231971348973,182.48582597348351,1309.8239848363887
312611,6.82617924195,44.0308878423,-29.851812708197343,312.3744684145979,1334.1347769579932
312227,6.82757510406,47.7731458249,-135.1821835222912,225.5578897221526,1316.515915660484
310990,6.82769900407,45.6148689043,92.54490663363401,430.55965462203926,1366.6453127127395
110713,-68.2773513481,47.3676393144,-283.60975111706125,174.3064045087087,1308.7094854184427
301641,6.83004628427,49.5228867847,-440.01850992923795,257.2007109437007,1322.3048061174838
311887,6.8303995923,43.6218227884,-191.74237332562413,191.87336788721294,1311.164819492894
110684,-68.3226660699,47.3642799821,-305.084887057727,178.34665895677603,1309.2537284012203
110677,-68.3301288675,47.3603509098,-392.70565670662575,221.63458939660867,1315.849416076344
110675,-68.347935617,47.3896026552,-329.6940517393196,186.56033931943685,1310.3978612537626
311187,6.83539671971,44.7356196426,-55.61916259198155,289.2861071057187,1328.91844984402
312526,6.83540802471,46.2649579051,-118.46018140272281,237.7138074644694,1318.6529675508664
301640,6.83545234971,49.5428605863,-436.6636752173851,254.49400450012536,1321.7809927888816
301762,6.83549276072,49.2352080729,-551.9103442040375,357.57567601106,1345.4360477726982
110680,-68.3852006461,47.435643525,-266.0516949842308,173.32736682981968,1308.5794475933094
310420,6.838883418,45.9061039264,-98.85508551132533,252.91731807912686,1321.4783253446838
110707,-68.3899954285,47.2982371656,-280.6363869525095,173.99112452937325,1308.667530729806
312201,6.84350653038,47.5065319699,-524.9321033408587,332.002574037047,1338.8664995953393
311888,6.8437321564,43.6064858672,-194.3941162125556,190.6438390452226,1310.985456798569
311184,6.8437837884,44.7729612657,-61.86711482364174,283.8288282367472,1327.7411638981812
310173,6.84381728341,47.5196115419,-613.0408009073499,417.4917348150493,1362.5847288188472
310166,6.84423005444,47.4730074521,-591.6425056390759,396.2584798007342,1356.229544503968
312891,6.84432746845,46.0932475929,-52.94354177070156,291.64115136833317,1329.4330956249353
311889,6.84443206546,43.6141525808,-209.61277490875963,184.31790185620736,1310.0804874190462
110683,-68.4770420037,47.4900261755,-239.0782796382968,175.9679086622824,1308.9318161961032
311186,6.84837496878,44.7105808415,-145.8201854894096,218.27498787893308,1315.287711835323
310142,6.84876934982,47.3231190117,-223.76134022057198,179.63241223510803,1309.4294933660444
110687,-68.5104252944,47.3020183619,-293.1903957886692,175.7306494914807,1308.899941073476
312980,6.85259526013,47.7225233407,-166.03175476578986,205.55487336623383,1313.2366886955529
301626,6.85300992117,49.4151340078,-569.7251005931369,374.78698168969805,1350.1122457838553
201868,-68.5353739335,0.130087442909,-68.36558559975009,278.21827560712137,1326.553128771423
200029,-68.5398158619,0.131490645025,-14.523372137559704,326.4956092113792,1337.5115615970433
200015,-68.577222222,-9.04388888915,-457.5579435767268,271.72429951311096,1325.2063573335827
110706,-68.5853396006,47.2872096107,-342.4188255014033,192.16172145442036,1311.207047633507
110696,-68.5853622976,47.2813418672,-336.3465304427366,189.38110549701292,1310.8024251162806
312200,6.85999643274,47.5185769739,-484.3517683772955,294.9548727981573,1330.1639641633765
311185,6.86009675675,44.6980371285,-152.15443544515597,214.1229424701667,1314.6050467967684
301621,6.86019357176,49.4862203557,-503.84856034359063,312.51138026171867,1334.1668401532606
310171,6.86024890777,47.5535103117,-450.7498183569995,266.01575585758746,1324.0476490428641
310172,6.86056282379,47.5436198729,-459.61996215766817,273.47000512104233,1325.5654032420864
110674,-68.6061316954,47.2479154675,-311.6334460928861,180.17436865447746,1309.5039510026272
110705,-68.6066998864,47.2553096041,-404.3091487432861,229.78261858893387,1317.2463119618285
100006,-68.6437497835,45.2562592587,-460.26300629955546,274.0159504181246,1325.678141803281
301703,6.86473391214,49.5398518461,-479.2647972401887,290.45860851815536,1329.1741788922002
301753,6.86493094215,49.3566986249,-461.6217899269361,275.1719434428442,1325.917566453346
310989,6.86516261017,45.6020509853,45.58584252294975,383.96930311010857,1352.6899941606407
110704,-68.6520422091,47.2439119511,-295.4870345222761,176.16352749464605,1308.958128814978
311033,6.8654731562,45.284476304,52.734726619998696,390.9824336655826,1354.69740459134
110693,-68.6688039325,47.2395950768,-259.35421750558055,173.51658306636534,1308.6045235939232
301627,6.86748403736,49.4019331647,-475.6930681946011,287.32434138264125,1328.4927819609786
200025,-68.6856827389,1.33583219367,63.61293438486712,401.712841847023,1357.8332010509478
301891,6.86862392446,49.2562855036,-495.35204173760775,304.80028046900577,1332.3817041469144
311966,6.86892064648,43.8728931702,-42.553576738287845,300.88291667032007,1331.4910154092256
301620,6.86919758151,49.5101537666,-529.7446605052962,336.5161975431117,1339.992890197678
100007,-68.6976688239,44.8272759862,-339.58950014103755,190.8422405755421,1311.014323094658
110703,-68.7057895126,47.2515991918,-317.09920729380434,181.90309124966154,1309.7429248435105
110702,-68.7157999234,47.2403095988,-348.9246547372426,195.34905059690337,1311.6779506191917
312571,6.8727707698,43.785469808,-200.71065463520375,187.86410529039665,1310.5841127634706
200004,-68.7501505943,-3.40611316968,-338.27241154379607,190.2421526424084,1310.9271036993127
201852,-68.7505948653,-3.40627740369,-340.94506267256463,191.46927705256525,1311.1057465462059
110678,-68.7607443751,47.2395054338,-285.60300514179755,174.55156165211227,1308.7421603381786
301884,6.87734518218,49.272470811,-507.119719643029,315.5033043460162,1334.8708288162964
301619,6.8788243213,49.5105884407,-356.3684787371784,199.247049810602,1312.264143162374
110686,-68.8174999578,47.2111095904,-268.4440759787591,173.33521677665635,1308.5804873780069
301622,6.88254574261,49.4774287579,-466.8951653276399,279.68827096453634,1326.862209683652
110700,-68.8321999621,47.2028095887,-268.2787083473466,173.33339603625822,1308.5802462030804
310165,6.88573631287,47.423463921,-359.6688209769284,201.05722457269775,1312.5402097171452
110692,-68.8814617671,47.1855528953,-289.2840633680046,175.07519095098408,1308.8121015095996
110679,-68.8853475875,47.1895882706,-302.856371823102,177.7865882196722,1309.1775530928733
301618,6.88958990219,49.5277532321,-322.038980561594,183.61991664914268,1309.982468723032
311998,6.89019330124,47.4144810042,-422.85020053507867,243.61811512678347,1319.7301165728463
110699,-68.9096866095,47.1690414369,-224.29811303796504,179.47866703849323,1309.4084108838488
301710,6.89388261755,49.5594597297,-325.21461622742123,184.7991002619768,1310.1482748258259
110681,-68.9393866219,47.206412764,-186.55366852116043,194.3826375899705,1311.5343702579376
311890,6.89793937588,43.6099324584,-226.97575038752154,178.73871970800013,1309.3071925618933
310169,6.89821066791,47.5263583885,-430.9043528245866,249.90534030676247,1320.9051721018016
301617,6.90138789217,49.5315000234,-310.4623747842955,179.82781978616407,1309.4563144070505
301879,6.90700596563,49.3107142071,-476.2461641547124,287.80843844769674,1328.5975657862516
312314,6.91004793589,45.9640107602,-216.47375246322014,181.895568342629,1309.741880048943
311183,6.91032651991,44.7938847264,170.0859769268427,509.56865253231797,1393.555885572966
200028,-69.1270013994,0.47345756332,383.0118235825305,733.5119167946941,1490.0931268384797
311893,6.91331914616,43.6019211058,-379.5760725619808,212.95699979976789,1314.4156413917062
311891,6.91405335822,43.6180240561,-304.9654700104624,178.31584196210179,1309.2495308634275
301659,6.91445966225,49.4109474114,-493.7878328259359,303.3905093949024,1332.0599069720363
310988,6.91452036626,45.514395426,228.58146352478894,570.3232853594284,1416.900294443693
301720,6.91900647063,49.5857651839,-296.0176902956675,176.26851645931012,1308.9722626802366
301861,6.91901692263,49.3313779388,-411.4983807810335,235.03510294540433,1318.1727103031712
312211,6.92214879589,47.5518660596,-506.9129868921352,315.3138506063725,1334.8260631841397
301718,6.92248309491,49.5646419591,-327.75174164907526,185.78274954278433,1310.2873824467397
311924,6.92294147595,44.2638569476,44.825982547298764,383.2257602826235,1352.4791229130476
301699,6.92306240396,49.4185643401,-512.1861326543678,320.1614188257459,1335.9794641670082
311892,6.92313704597,43.6147907648,-438.1581450801559,255.69675212166683,1322.0130951004307
311894,6.92316870497,43.5931970001,-365.99313430082884,204.66021613745727,1313.0969494446638
311897,6.92745079333,43.5890810467,-470.5916212791632,282.8815881158452,1327.5389965897027
301860,6.92752295733,49.3357960572,-490.777164453619,300.6860433282358,1331.4465408809479
301862,6.92772704635,49.3275845715,-468.9054234979942,281.42215384058926,1327.2287757744434
311896,6.93053882158,43.5932322821,-469.8223029819545,282.2151619958485,1327.3971493987
310419,6.9307968376,45.9896454863,16736.94894922725,18651.887135515444,18696.93107198553
310467,6.93131357065,46.0318303928,-92.48396533291549,258.0510839170506,1322.4704747109542
310168,6.93464675092,47.5480316393,-520.2025803709378,327.5891124414287,1337.778913408944
311925,6.93592452403,44.2492334773,-83.16447531047457,265.71305243054115,1323.9868657971674
201869,-69.3810957105,0.206208333208,108.08562236120412,446.2165371353514,1371.6584824891786
200031,-69.3815192145,0.206260680212,104.15378634910729,442.24560155948546,1370.3718351856778
311182,6.93897322328,44.7812270534,-25.884625334014984,316.0039134551053,1334.9892388668882
312620,6.93990157836,43.6102698655,-446.56221495089324,262.5483492174759,1323.3553680883579
312280,6.93990419736,47.5068525739,-476.13133117909683,287.7078926932707,1328.5757886133008
312279,6.93994916536,47.4979156411,-424.6069697238976,244.97607552822387,1319.9814665943843
310469,6.94361963966,46.0477764872,-84.24065046887591,264.8194500879559,1323.8078167605518
301716,6.94723049496,49.610965979,-313.00061313897464,180.58966584059436,1309.5611562580305
312572,6.94937525114,43.7891751343,-253.92088866363588,173.89809133612286,1308.6551649467474
301654,6.95047948823,49.4103020374,-481.36929643231497,292.31420043827023,1329.5809062818694
312210,6.95079023126,47.5395892846,-508.05740933747575,316.3632368389234,1335.074339576135
310153,6.95204581736,47.2638408668,-272.5181550027836,173.43998499792542,1308.594369148642
311898,6.95225771238,43.5519575747,-458.55440576891647,272.56695731073097,1325.3793950371648
201853,-69.5313616289,-2.94121244821,-371.0026746419405,207.6343343635856,1313.5637827597336
312226,6.95583788867,47.6227681545,-498.25057703706284,307.42086031847396,1332.983638283082
311926,6.95607434969,44.2275853406,-64.70464829580301,281.37055114817275,1327.2178350311897
312225,6.96114842411,47.6819643234,-330.2028693028873,186.76752278332938,1310.4273738510171
301661,6.96445825639,49.406338231,-579.3236758868945,384.15281334242763,1352.7420961034493
301660,6.96489539342,49.3978789533,-490.0512663923887,300.0357642176313,1331.2998363934062
301658,6.96510280944,49.4440239982,-458.9840892418684,272.93086680950313,1325.454281606438
100009,-69.6814483853,44.4726905408,-304.67999301092084,178.24253973497733,1309.2395493348902
311967,6.96857812773,43.8685644388,-69.45091580782484,277.2880333772872,1326.3583407306244
301662,6.97260181606,49.406177205,-417.0050849452224,239.1561835715306,1318.913748018403
311032,6.9730537061,45.3096894681,32.78116916861154,371.4905893547422,1349.2008940667752
301614,6.97335558012,49.5526795782,-218.95449153324125,181.08874200899203,1309.6300725983087
200003,-69.7607414179,-4.3587293975,55.32117779734324,393.52747240542595,1355.4341245922856
301693,6.97650854038,49.260743086,-424.963220097026,245.25238203068625,1320.032774389779
311181,6.9766837094,44.7683126643,-57.75511473833696,287.41373154843495,1328.5121179929251
312573,6.9767326884,43.7933591266,-242.9577765045494,175.28335855443282,1308.83996361571
301789,6.97684498641,49.6144336673,-215.30366885101915,182.28898036085837,1309.7965746376242
312574,6.97686191241,43.7809055656,-239.0618749223392,175.97101616186032,1308.9322339603718
311902,6.97707503843,43.6477553266,-449.2916443184927,264.8044737787268,1323.8048209251542
312206,6.97715735244,47.4904041325,-412.3854125439905,235.69334516981598,1318.2902364535623
312579,6.97774321749,43.6976142537,-298.52714092869275,176.79012210140962,1309.042605053053
301577,6.9779451935,52.4950699236,-687.2766377652258,492.7317678871184,1387.487798020803
200030,-69.7853011879,0.247776762647,136.55662503064497,475.1485119603164,1381.3413419533763
301615,6.98076085674,49.5395943891,-423.56895558778325,244.1727784310986,1319.8326182884762
301653,6.98115958977,49.4145046887,-416.7754103057404,238.9826700793087,1318.8822961772166
312614,6.98133111878,44.051920941,-8.296796231436844,332.30335844671333,1338.9411176771057
301275,6.98137718479,50.9106336015,-632.3553088413094,436.8539861163987,1368.6413700298694
301696,6.98205680484,49.2432842926,-320.3346143026237,183.01125610742858,1309.897291558949
312575,6.98527330911,43.7641812642,-238.7844342523876,176.02384128162748,1308.9393367421544
312613,6.98559978314,44.0687393544,-185.05295610749513,195.13332012085272,1311.6458390864657
301821,6.98575732015,49.3478096142,-469.06906180087026,281.56358483246584,1327.2587716324053
200009,-69.8811111108,-6.68128257767,-457.17773426633266,271.4032462841616,1325.140564870396
100008,-69.8848789022,45.0515545607,-322.53365904783715,183.79975848652379,1310.0076892106993
301610,6.98945198346,49.6482156301,-248.83022519985968,174.43963543636485,1308.7272370446883
301831,6.98946612946,49.4857426756,-439.87654957667473,257.0856863951204,1322.2824375755363
312616,6.98968104347,43.9517936587,-90.78008685098256,259.4387338416407,1322.7419442917828
311903,6.98977592348,43.6440398133,-436.9640609988045,254.73536357431811,1321.8274849717689
201851,-69.9102226363,-4.29793189547,-588.2057769195316,392.87199482147946,1355.2439628666348
312209,6.99343825879,47.5228976472,-422.00863034322833,242.97031733456765,1319.6106886794728
301613,6.99354079379,49.5896321192,-507.1161383422141,315.5000219563928,1334.8700530111296
312612,6.99377813281,44.0897807302,-162.1581731503058,207.86988373483118,1313.6010365158
301701,6.99386004282,49.5397163021,-444.78945512288294,261.0909465567697,1323.0669963933653
312577,6.99394834083,43.7192341825,-162.31342492838144,207.7759237282313,1313.5861711561108
312207,6.99432059086,47.5061831218,-438.80814228425993,256.2213800060307,1322.1146660345487
201849,-69.9477341004,-4.23457103322,-1290.0297453650792,1135.6937800713408,1723.9890245196407
100013,-69.9744186896,43.918531399,-354.6237751467969,198.31013916147515,1312.1222145309846
301783,6.99751960512,49.2401496693,-447.04159757625763,262.9435367316048,1323.433828372381
301833,6.99782890415,49.4686132702,-462.2983544334858,275.7487315455584,1326.0373891864574
312652,6.99804679917,43.9602485654,-124.97084388799877,232.88465075646207,1317.7909755076528
312615,7.00103148341,43.9894083368,3.671744527825041,343.57244207670163,1341.7823286681044
312617,7.00142893945,43.9439671271,105.16751277774625,443.2687976706581,1370.7023825615254
312578,7.00157500046,43.701768684,-278.18015574549736,173.77642065416254,1308.6390025315707
312065,7.00171998647,47.5058886838,-648.7102609193023,453.3768988313968,1374.0045148999425
312223,7.0020538545,47.6729640796,-419.0887853940028,240.73669914430465,1319.2012556415896
312216,7.00243805353,47.5222824292,-508.0716311905525,316.3762871034279,1335.077432066321
311904,7.00254985554,43.6395856509,-436.3176227172204,254.2161976639819,1321.7275323326608
311913,7.00581432481,43.6982165728,-237.06663813468953,176.36225130321486,1308.9848884751075
301611,7.00597835882,49.6395359513,-282.76378405452766,174.21054610967732,1308.696721531495
301655,7.00662946588,49.4948225244,-434.1121867701099,252.4519264600336,1321.3893331432769
311968,7.00946623911,43.8683478968,-104.50781817755023,248.4381932194207,1320.62838467965
310167,7.01065597121,47.5022289665,-493.8598083313455,303.45530942675,1332.0746673481694
311905,7.01116343825,43.6393856249,-497.0821274775028,306.36318673979474,1332.7401084835758
312580,7.01388974748,43.6984191508,-233.77634896488817,177.06463270589845,1309.0797067889819
310987,7.01450517553,45.4521592949,1857.0218572685137,2335.9941551227485,2671.9293567269124
301664,7.01866363187,49.4194046521,-424.78113448422675,245.11111816910932,1320.0065359010775
201850,-70.1895165994,-4.35976656258,-373.12296120978516,208.9239080808498,1313.7682420957005
301652,7.01913401891,49.4066971221,-442.41527159489374,259.1491243097867,1322.6851716118922
100011,-70.2064326548,44.0731455038,-367.41043231223864,205.4911149514863,1313.2267103952222
301697,7.02675268754,49.1974340288,-384.71080911260606,216.27792747780958,1314.957769848731
301692,7.02791271364,49.3064465998,-466.30754485033094,279.18269350277706,1326.7557314452865
100014,-70.3019546667,43.7268608231,-312.3966138274358,180.4047729297968,1309.535672162963
312215,7.03187701197,47.519832082,-485.34804838258617,295.83978493062244,1330.360467286686
311981,7.03200083298,44.1896665624,-108.70847508317073,245.15823527911604,1320.0152858571837
311031,7.03491601122,45.3644806086,-3.706495122395637,336.6094683255833,1340.0163165939
301675,7.03534715225,49.2146919112,-336.28310783402355,189.35308395765722,1310.7983769351133
301779,7.03548863526,49.2109629539,-436.7338684262568,254.55038683744232,1321.7918497292012
200010,-70.3604549235,-8.16481152741,-564.7792688753086,369.9854818527734,1348.787252072498
203004,-70.3772222219,-33.5980555558,-336.1272588243556,189.28431733593155,1310.7884449295323
301651,7.04349080893,49.3854450273,-420.1893933515519,241.57607949620137,1319.3546895191628
301785,7.04380919695,49.2904516605,-421.0262540856095,242.21639282923744,1319.4720821323424
203003,-70.4479127317,-33.3729123481,-320.7340559383438,183.15237349710404,1309.91701511549
301637,7.04789644829,49.3605030443,-385.1341593217684,216.55599627813578,1315.003533871855
301764,7.04834701233,49.6057330805,-382.89457800276244,215.09227091491402,1314.763278913275
310134,7.04845383034,47.3481322017,-223.019617774171,179.84781582686597,1309.459060615927
301804,7.04856148035,49.4445864222,-477.31440496404633,288.7447267772937,1328.8007043244468
301808,7.04870983236,49.2068842105,-465.4891051833373,278.47948003296125,1326.6079358163363
301638,7.05616958798,49.3732382533,-394.514149185446,222.876305804898,1316.0591332689767
301809,7.05636711499,49.2353545439,-322.9543927901378,183.9538386524168,1310.0293162087676
301691,7.05683692903,49.3277539465,-320.18046951598023,182.95705028775194,1309.8897193357334
312214,7.05809514514,47.5146669425,-485.1155727768946,295.63317191310443,1330.3145368321188
311030,7.0601419233,45.3723323563,-36.16967722525304,306.63326926625706,1332.8022195331027
311906,7.06082121736,43.6311176132,-446.5919956525838,262.57288611441646,1323.360236327927
311909,7.06172829444,43.6182229441,-469.48917506524356,281.92688303489257,1327.335888895204
301824,7.06433373465,49.2979867251,-356.8938865442898,199.5319293915935,1312.307427936832
301778,7.06503636471,49.1977550598,-506.0639004458874,314.5362497607671,1334.642591477216
301773,7.06539676374,49.2065650855,-529.4438255127619,336.2333960337101,1339.921897417836
312213,7.06816827697,47.5112824332,-450.35269514379576,265.68546500369337,1323.9813295079657
312582,7.06875998902,43.689371148,-300.64428667597184,177.26223574333702,1309.1064489918983
311907,7.06880119702,43.6268319308,-478.65403105146225,289.92129757558894,1329.0568661119676
311930,7.07311784938,44.1768430314,84.70228022631827,422.6992195819402,1364.1892921463038
312219,7.07330580539,47.5149095435,-535.0080879547756,341.47780912887566,1341.2475120942102
100017,-70.7435056312,43.3151044661,-101.446226090844,250.8550482054702,1321.085178851697
301649,7.07678234368,49.4229992664,-440.85928202313636,257.88282918276786,1322.4376537889264
301895,7.0770036617,49.5059662753,-479.4119275453113,290.5881262018158,1329.2024878328111
301650,7.0770402187,49.3734003663,-433.98898980805967,252.35369335489378,1321.3705691899254
100015,-70.7813953823,43.8061260977,-146.54398463772338,217.793333060901,1315.2078658893538
301772,7.08159153008,49.5642972181,-507.11965133800436,315.5032417418927,1334.8708140195047
100016,-70.8521447672,43.4072254227,-121.74896426505424,235.25971227917387,1318.2127775109493
312212,7.0854556644,47.4896178435,-254.24962089794386,173.86922694280287,1308.651329670795
301676,7.08566034742,49.2689419287,-334.05231053300975,188.38115978310375,1310.6583292119572
100019,-70.8894448683,43.1802865919,-303.28513951491556,177.89187362158523,1309.1918550281507
312583,7.08955439674,43.6811997783,-382.4269147883756,214.78890688305398,1314.7136833133932
301722,7.09712334036,49.5682367854,-284.49877989002056,174.41240581567175,1308.7236078996445
100043,-70.9727784362,42.0354548202,-369.438223574405,206.69444338764842,1313.4155425830704
100010,-70.9770838575,44.389592367,-43.25351843985911,300.2556730258946,1331.3494145999707
311910,7.09821892246,43.6227317515,-459.7785441243363,273.6045736926193,1325.5931718732454
100042,-70.9971810022,42.2193253114,-372.80852922797357,208.73153492902645,1313.7376634036489
100036,-71.0104170913,42.4729253424,-315.09759745854484,181.2489185872336,1309.6522305789783
311911,7.1024021418,43.6147816288,-453.09306730725484,267.9707840606668,1324.4418204215465
100035,-71.0270868187,42.5729253616,-296.15273432959765,176.29553137824968,1308.975900830642
311931,7.10587320809,44.0892868131,138.74733791656212,477.38669030115574,1382.112819797336
311932,7.10587514109,44.0813295665,-36.000814993661294,306.7860799225243,1332.8373844568139
100021,-71.0594449203,43.0980643491,-114.31690719885228,240.84684696295784,1319.2213606000512
312218,7.10698964218,47.5102824002,-465.67437536260013,278.63856859622007,1326.6413405592343
100018,-71.1021736139,43.2522405659,-173.80524547956657,201.09964474242045,1312.546708382974
312584,7.11092857151,43.6690921783,-402.542003160317,228.5147161117235,1317.0257286974593
100037,-71.1354171316,42.4645920047,-320.6910811446006,183.13714597647018,1309.914886092932
312217,7.11537109987,47.5029427176,-438.37745062896533,255.8736569110152,1322.047322478461
100041,-71.1564535604,42.1602584265,-391.62625835518014,220.89863412003427,1315.7256557229355
100044,-71.1604171117,41.9479252379,-250.32430673636605,174.2623204014132,1308.7036146061248
100039,-71.1895838111,42.3645919834,-607.8682618498074,412.3368522129508,1361.0141344836711
311912,7.11924806819,43.6103976555,-855.8298653131467,668.967437114741,1459.4023525030088
301777,7.1192726362,49.1939689725,-512.5643454346705,320.51030123002954,1336.063115188057
100040,-71.2020838041,42.1770919469,-351.95526108834247,196.90449780097117,1311.9105060276422
305051,7.12264430748,52.8398661481,-272.9466254352706,173.45769067588492,1308.5967159618208
311914,7.1229214445,43.7561748755,-347.44015666114365,194.60332166721872,1311.5670960249677
100020,-71.2312026375,43.0816073977,-138.12364033591444,223.50694008286825,1316.1660787441144
301839,7.12329595553,49.5063208543,-470.4942360056539,282.7971752168589,1327.5210118420298
100038,-71.260559577,42.2562586274,-179.58389508589977,197.96080658792005,1312.06946291589
100034,-71.2979171961,42.6479253679,-511.2944506258395,319.33951117546377,1335.782736064977
100023,-71.3479227542,43.2227657814,-161.52598294540118,208.25349212459037,1313.6617949660933
102550,-71.3521754796,42.7816340779,-260.0227033946416,173.48373140126017,1308.600167978117
311933,7.13573167856,43.9858570966,210.20452076833132,551.1534014906046,1409.293392642609
311928,7.13574296256,44.1937158827,-157.95555123332468,210.44977235232923,1314.011758415654
100029,-71.3729172203,42.6395920302,-529.9238214809897,336.68465955289486,1340.035206459032
301872,7.13901953183,49.4403496059,-577.0907100085932,381.96858670823195,1352.1234395584363
301677,7.13912272584,49.2892638714,-334.9828011292607,188.78331305142981,1310.7161911940075
301776,7.13950432787,49.2146306732,-516.0112568143365,323.6970786050484,1336.8311760536162
301858,7.13957326688,49.1357884997,-494.57862483116054,304.1028316845087,1332.2223263442133
311922,7.14000753891,43.6483932056,-579.2571556800933,384.08769886899256,1352.7236062824993
311917,7.14000787591,43.7184670394,-326.746566452328,185.3886683428468,1310.2315646180205
100028,-71.4022227837,42.6177864704,-370.9129048303606,207.5801338965853,1313.555216410782
104180,-71.4100192593,44.6021190565,-155.50884750780472,211.98345531650128,1314.2582622526575
311918,7.14415442726,43.6981511937,-344.8112957851165,193.30932382762293,1311.3757239060606
100032,-71.4427783441,42.4594531053,-186.64750131233785,194.3360676258716,1311.527468927639
102551,-71.4519541948,42.1228213174,-356.8317283723216,199.4981612080835,1312.3022940225544
100033,-71.4646272019,42.2604393318,-188.02003363178306,193.65984091170054,1311.4274393016935
100049,-71.4685430862,41.973221725,-282.5237032131332,174.18423291889602,1308.693219042949
311971,7.14698498549,43.8479404651,-23.315935597559985,318.36357548530043,1335.549759749608
100026,-71.4705561494,42.7933420569,-347.1392235710463,194.45346327443045,1311.5448692099221
301724,7.1471115265,49.6023312663,-304.81782933189675,178.27786720474847,1309.2443593563905
301609,7.14773657155,49.4441068712,-460.4494064140663,274.17434035248243,1325.710889854636
301893,7.14778507956,49.5189966364,-513.0138954537749,320.9251928884793,1336.1627049135743
301829,7.14781098356,49.3522211606,-517.4028532655963,324.98726215243295,1337.1441639302718
311921,7.14783359156,43.6722246046,-734.1315394280002,541.1434618193829,1405.4088518439455
301729,7.1482841336,49.5847704068,-429.21122902859145,248.57079218784787,1320.6533357775409
100031,-71.4852783566,42.4266753195,-228.5937335260774,178.3135618520681,1309.2492203212582
100024,-71.5018674879,43.0229070829,-234.6769679875282,176.86533378129033,1309.0527647367846
100048,-71.514113889,42.0398117445,-317.6008536324447,182.07082172227206,1309.766230551878
100025,-71.514167281,42.8933420742,-275.03758501660326,173.5623296423719,1308.6105902224463
100022,-71.527171193,43.2078545482,-404.2901557232474,229.7689416242213,1317.2439261983964
311969,7.15379939605,43.8479930041,-116.62461498942392,239.0962239146211,1318.9028769631532
301840,7.15409321108,49.3392390745,-813.0471567965919,623.7608397884998,1439.2412514325408
311920,7.15622555925,43.6567236153,-1189.6622270179237,1027.0295482484241,1654.4266340780464
100047,-71.5686511415,42.0225263081,-290.72678766431,175.30536012466027,1308.8429103066144
100064,-71.6274026293,44.268683095,-343.0497360223916,192.4615424217953,1311.2510209272778
100059,-71.6274981483,44.7561648743,-222.50331430162453,179.9997741117849,1309.4799399959304
100030,-71.6311427616,42.3273972203,-278.3014022067955,173.78604526131627,1308.6402806344531
301830,7.16342223685,49.3514206745,-537.9802880724346,344.2907589077761,1341.9664381946159
301892,7.16369839087,49.4942572763,-509.3696308630193,317.5683266990666,1335.360414530061
301841,7.16487254197,49.3437631559,-625.5659685879732,430.02826682025,1366.477992810671
301910,7.16504821698,49.4737676126,-495.4329990110856,304.87333002799795,1332.3984171162215
103088,-71.6645773984,42.7308771827,-187.11637511687672,194.10401210189104,1311.4931040937663
301819,7.16869025929,49.1897118301,-496.24823249700694,305.6093983798044,1332.5670335669863
100046,-71.7109029692,42.2303806253,-268.3916279350784,173.3346187578754,1308.5804081642787
100060,-71.720644584,44.4100681497,-367.0422013162905,205.27442880136724,1313.1928212152163
301920,7.17313433565,49.4730089096,-491.14804514092395,301.01855897668787,1331.5216736575687
311944,7.17636547892,43.931306822,-52.325597440314084,292.18654948445004,1329.55284749087
301656,7.177276765,49.3562190429,-447.151591416556,263.03427661169707,1323.4518598136053
100027,-71.7895840108,42.4104253072,-165.37912011565538,205.94059692418094,1313.2971194794193
301855,7.18130307433,49.1356887277,-538.8855210607751,345.1490528075225,1342.186895788132
301623,7.18163545236,49.3768705856,-430.54712780591956,249.62321346251173,1320.8518248731773
311970,7.18182179937,43.8274355724,-121.5791086810554,235.38573146636702,1318.2352738223206
100045,-71.8228774785,42.2403833181,-348.95925548036945,195.3665599809841,1311.6805584174276
301736,7.18262704644,49.5524288651,-447.42692024413276,263.26151558350915,1323.4970419909437
100061,-71.8350039595,44.5144766393,-194.86086297047416,190.4311999230785,1310.9545516437993
100050,-71.8354173025,41.3827403282,-341.31614151878733,191.64257890894,1311.1310661494986
311946,7.189393029,43.9110089414,62.00311755081256,400.1206063041296,1357.3629927770373
311945,7.18967222502,43.918904818,53.63791895654836,391.87070902889093,1354.9540387652482
100054,-71.9019858951,41.9770770293,-262.18014043098634,173.3988180050616,1308.5889135465743
301274,7.19329699632,50.6732066059,-546.0796003997285,351.99527313474505,1343.963714867576
312653,7.19482048045,43.8725380722,58.63799855853344,396.796982633869,1356.3869801788849
100053,-71.9521896582,42.0230114781,-263.97871992194996,173.35269013101225,1308.5828020217562
301908,7.19710722764,49.2438649116,-424.1695736070077,244.63725951320447,1319.9186275348882
301592,7.19778647569,51.7396030961,-501.5298030272403,310.3982126314196,1333.6734401555095
311972,7.19795500771,43.6685634703,-725.2147089318883,531.8872440343935,1401.8708338994554
301871,7.19829438674,49.3767611316,-294.75679256687147,176.0220953346156,1308.9391019514394
100065,-71.9851717969,44.1566503267,-243.07108091451528,175.26487825138776,1308.8374888120852
100056,-71.985417363,41.5950399657,-271.6014095945116,173.40637456496637,1308.589914874487
100076,-71.9886901252,42.6553735025,-50.71591272988897,293.6098485108238,1329.8663608475856
301878,7.20105159696,49.139395892,-489.76635538212395,299.78072567479046,1331.2423814082676
100092,-72.0267312194,42.4273082036,-204.9117050626685,186.13519424226985,1310.337401247121
100063,-72.0392621934,44.365623701,-206.404486116613,185.5445311999148,1310.2536272148411
100079,-72.0394479844,42.589443982,-340.4007472086462,191.21635333773955,1311.0688343314528
100062,-72.0395311954,44.4351188877,-377.2895754732927,211.50967677255753,1314.1819272611701
100066,-72.0395841984,44.1562589587,-134.37085180908528,226.12842301217574,1316.6137847772313
301877,7.20559309434,49.1316096583,-525.2567507479296,332.3063466198498,1338.941859296095
100067,-72.0643015915,44.1522482693,-289.1879414660619,175.06035341397407,1308.8101168270657
311961,7.20664427343,43.8608334692,-65.44780897661045,280.7288642491847,1327.081945395268
104160,-72.0788657907,43.9689071171,-191.6000449154632,191.94038471961775,1311.1746282847935
104162,-72.0813141619,44.0190269963,-510.565079545734,318.6678694404357,1335.6223289482543
100077,-72.0815796849,42.6817503606,-316.310320138852,181.64237742031378,1309.7067411624466
301579,7.21034604873,50.6315826104,-463.5242440303077,276.79583978336893,1326.2555302402445
100078,-72.1145990816,42.6852987749,-286.2839829648643,174.64151167558813,1308.754160326448
100058,-72.131527346,41.573924256,-64.6004507756088,281.46059294353205,1327.2369268339303
301852,7.21494151311,49.1480520477,-551.0905989190426,356.7894730633767,1345.2273126354123
100093,-72.1609134015,42.3553773466,-77.08067411654861,270.8060541020229,1325.018382329
100052,-72.1645840928,41.6812584889,-271.79143411629025,173.41286287197516,1308.5907746812622
301901,7.21879162343,49.393779423,-294.2569679992521,175.92732687193808,1308.92636114938
305099,7.21890557144,53.2026954752,-312.42644729734894,180.41385271773257,1309.5369230471922
101574,-72.1897220869,44.9394636825,-226.61903723617053,178.83468685106612,1309.3202968687879
100057,-72.2071738603,41.5732498469,-179.4776451710553,198.01713728652547,1312.0779630916
312654,7.22276052476,43.7391796681,-465.1767332731122,278.21138136531124,1326.551682857719
301904,7.22287600677,49.4021164007,-502.89951794843535,311.6457063936904,1333.9643326884996
312655,7.22309978779,43.7190224725,-457.6465484573216,271.7991559726111,1325.2217081525926
301897,7.22368283584,49.5102565256,-500.03693467366185,309.04113800601914,1333.3582487656897
101573,-72.2687509884,44.8687590786,-361.74823960924357,202.22270530169598,1312.7192453495104
100074,-72.2938637705,42.9182575072,-404.16720091054253,229.68042728559448,1317.2284893857804
100051,-72.3103969518,41.8353842266,-202.54510939937336,187.09715548346506,1310.4743950804439
100069,-72.3147646132,43.6465248655,-437.69195331308896,255.32104008745733,1321.9404782677595
301750,7.23220662654,49.5562349944,-479.42583396597615,290.60036956774513,1329.2051645116196
301820,7.23472174275,49.4390795708,-467.66283660006286,280.3496196367476,1327.0017723431722
100070,-72.360281125,43.3855776379,-495.9678963175303,305.35618964218725,1332.5089857574123
104148,-72.3685226497,43.5189925879,-468.32089123571615,280.9173033655078,1327.1218202944297
100072,-72.3903664595,43.1317531899,-224.12471003906683,179.52813726673264,1309.4151926115392
301709,7.23991047518,49.3397269255,-538.9064369372553,345.16889266717715,1342.1919978291246
100068,-72.4181499338,43.7142450081,-353.47114361084954,197.69889928150525,1312.029972732548
100111,-72.4272228205,41.6142080703,-183.38185776823678,195.98211929768382,1311.7723833256528
100080,-72.4351338522,42.5979447727,-173.43157014482773,201.30780259036612,1312.5786170569797
100073,-72.4354175962,43.0812587467,-205.9496789019401,185.7231590230234,1310.2789345665842
301576,7.2437736495,52.306214628,-669.6027335721019,474.63356929121164,1381.1642985791254
100071,-72.4395165485,43.1268930845,-221.07388719255337,180.42908840077888,1309.5390221419857
100112,-72.4480722572,41.5521817842,-221.86736430969978,180.1892170283552,1309.5059940698031
104144,-72.4533844767,43.0394709722,-246.5888198217135,174.7341321600537,1308.7665229188813
104145,-72.4600899582,43.2728615916,-330.2023323946383,186.7673034038516,1310.4273425841657
104143,-72.4604142493,42.9731450958,-369.4382250814954,206.69444428827467,1313.4155427248036
301900,7.24779399983,49.4855239976,-513.1861866527295,321.0842598081071,1336.200919198895
100075,-72.4862005314,42.7859245543,-263.87539704674833,173.35473253358688,1308.583072587768
301745,7.24948904397,49.3303693628,-454.66367332763855,269.2869653648054,1324.7087469654746
100090,-72.506003884,42.360166402,-179.387375570451,198.06503696730442,1312.0851929049086
100094,-72.5139765347,42.1606576335,-569.3830571064032,374.4543718115777,1350.0199521267289
311948,7.25203493118,44.0730261378,32.7005030656465,371.4123313077859,1349.179348500019
301842,7.2522166262,49.260622988,-492.3591926571087,302.1056880430242,1331.7678631501065
104150,-72.5337066063,43.6192450232,-251.202032508483,174.16526000618103,1308.6906939244554
100100,-72.5437508962,41.9187585235,-297.9414258207659,176.664678396486,1309.0256694062134
104141,-72.5567576592,42.8512016967,-200.83130596233673,187.81309723577385,1310.5768020473834
301899,7.25604464951,49.4855650776,-445.72028952131916,261.855405297512,1323.218065118133
100101,-72.5644702329,41.9107459039,-349.3422633421343,195.56076484705994,1311.709498066938
100095,-72.5683082682,42.093659971,-438.1786967517055,255.71332589959724,1322.0163008125448
104149,-72.5689851042,43.6022218288,-184.6736107846161,195.3248150032583,1311.6743414153943
311950,7.25715321761,44.0593653576,10.63254655730563,350.1860172084901,1343.4909903753714
100088,-72.5808776982,42.5854816137,-441.80961413457817,258.6556265121357,1322.588570832909
104153,-72.5812883103,43.8397980155,-158.00680894537732,210.41788866500528,1314.006652358233
100108,-72.5854175696,41.7854251625,-401.78309706014676,227.97310575793585,1316.9318628996607
104155,-72.5854805586,43.8809085789,-291.06865081856364,175.3619488665747,1308.8504909582816
301848,7.26054771689,49.248204693,-435.37202805722507,253.4584316057146,1321.5819956111238
100098,-72.6062509213,41.9895918674,-399.32161297087777,226.22856837134293,1316.6309884393572
100110,-72.6112037747,41.5612183829,-294.7340887686415,176.01775470029492,1308.9385182433837
301813,7.26124856494,49.4772728729,-447.0652851614874,262.96307587297264,1323.4377106022127
104146,-72.6225831027,43.3478227738,-115.89191191515138,239.65053991552733,1319.0034783325082
305052,7.26451757521,52.8310451244,-577.7787785536208,382.64129453372306,1352.3136303586882
301902,7.26463720022,49.4228441934,-445.0557849014266,261.30949400252115,1323.1101413817767
311960,7.26505592726,43.9142250746,-64.71710493372869,281.3597879818701,1327.2155532786128
100085,-72.6516942361,42.5354957055,-309.6692411326926,179.597950456791,1309.424766215964
200008,-72.6603113218,-7.63515901759,-836.7315811393721,648.7569248643432,1450.249406871415
100091,-72.6650917082,42.3189869846,-221.88027004189442,180.18534767884685,1309.5054616493965
100087,-72.6687509835,42.7020920013,-158.76088748331946,209.9500118514313,1313.9318102732227
100086,-72.6690703995,42.7141406703,-141.53597593980834,221.1628140524086,1315.7700349571091
301812,7.2680056455,49.501928653,-439.98007962278734,257.16956824188276,1322.2987489221823
100145,-72.6854175529,40.9145916564,-171.31216834902267,202.50007548435667,1312.7620024751714
311947,7.26855910955,44.1059801365,51.50236324568357,389.7712202428145,1354.3483298993003
305014,7.26924907361,52.5471214419,-556.8356545617746,362.31051592651596,1346.7021588021569
100084,-72.6941338756,42.5438711432,-118.88368113185889,237.39613941324365,1318.595738495982
100097,-72.69898196,42.1067687901,-408.3662335116481,232.72846884204728,1317.76338345737
100109,-72.7059297716,41.5201065565,-351.02605687283204,196.42291641877796,1311.8383119370733
100099,-72.7060986226,41.960393717,-234.82059944849996,176.83403890282037,1309.0485368717752
100082,-72.7142485273,42.6480155629,-109.8470294610093,244.27661353270113,1319.8518320214796
100081,-72.7144041143,42.6725929319,-106.4605175277095,246.90821067886125,1320.341417615947
100083,-72.7249932171,42.6398265462,-134.21885084298873,226.23554032846042,1316.6321864055892
100107,-72.7608503061,41.9103690408,-348.84458107886525,195.30855233045781,1311.6719197973518
301863,7.27672074922,49.5065400473,-431.86404505106486,250.66474044491034,1321.0490553623533
301794,7.27804588733,49.3147257535,-453.96693834721873,268.70252799228774,1324.5900660660632
312588,7.28089867057,43.7609282379,-273.5827008623096,173.48631989363813,1308.6005111422237
312587,7.28090417457,43.7691594036,-199.3777064487114,188.43290590591687,1310.6657676919772
301923,7.28100762158,49.1268588109,-408.8867480175368,233.10986904550447,1317.8307955188573
301788,7.28139087661,49.3272346785,-420.28236420526235,241.64712656498946,1319.3677002066436
311959,7.28144243662,43.9436260761,-113.8520101599232,241.20119419469722,1319.2860988627144
200002,-72.8185807089,-5.13526508675,-287.735450461318,174.84373057923528,1308.7811599707247
100114,-72.8354888433,41.4474256615,-385.6895924935112,216.9217880823716,1315.0638222977261
100115,-72.8394470896,41.368816322,-222.2366329538085,180.07891101277514,1309.4908204195242
312607,7.28502070291,43.7267782431,-855.2964610535289,668.4023520102669,1459.1434126720746
301917,7.28523391593,49.3478163692,-518.2938004389835,325.814353640459,1337.3454256883676
312608,7.28545445895,43.7106464808,-783.0920780310037,592.2680009730979,1425.8748821506467
100113,-72.8643637437,41.5310167364,-375.68916249811355,210.50849330126525,1314.021164336184
100105,-72.8867686625,41.755940906,-317.4989994214277,182.03664368306676,1309.7614798942775
103089,-72.8973675674,41.3815401651,-335.0306388281343,188.80411422781546,1310.7191873627248
100106,-72.9002260036,41.6729251312,-238.5315703443063,176.0724312980778,1308.9458719269746
100119,-72.9021927058,41.4226593475,-305.3341723670202,178.41128276631184,1309.2625330275714
100146,-72.9067529232,40.8311605305,-290.29268214321786,175.23463253935276,1308.8334389878087
103091,-72.9101299065,41.3723561723,-351.11416939032057,196.46840648894502,1311.8451239836802
100118,-72.9101516655,41.4270374778,-401.49400751940175,227.76725196971586,1316.8962433089737
103090,-72.9102278215,41.3774003557,-172.31185584628446,201.93524215479826,1312.6749927516594
100116,-72.9272546549,41.4690822853,-281.74448291621303,174.1015463388822,1308.6822162041638
301602,7.29373389963,52.2442839139,-582.5701919466005,387.3341239069333,1353.648964138858
311951,7.29401585266,44.0354622587,-70.04608390967296,276.77875820149023,1326.2519653380389
301603,7.29793725198,52.2482105242,-568.4560638790201,373.5533507275205,1349.7703139464913
312592,7.298207648,43.8312133078,-201.2357707530851,187.6426804369315,1310.5523912049484
312591,7.29827858701,43.8523516935,-190.96418630843337,192.2410485372412,1311.2186756274293
100147,-72.9937197354,40.7670510372,-217.67171888659794,181.5013007016482,1309.6871827760406
100102,-73.0186971234,41.9648633753,-222.45992205644757,180.01262062277053,1309.4817059260238
100103,-73.0336993037,41.9688121937,-174.0670606753808,200.95416880047063,1312.5244274030633
100135,-73.0562924876,41.6149482874,-248.5531297321857,174.47419304388413,1308.7318436600242
301827,7.30607678465,49.273132508,-368.77051754949355,206.29634131938369,1313.3529514236511
312590,7.30641125368,43.8649649375,-212.6451968275535,183.21310856042732,1309.9255084621518
100136,-73.0648595043,41.4433433662,-147.08005045475895,217.4377868803479,1315.1490355601811
311958,7.310309463,43.9685341821,-76.89507833773344,270.9625025993925,1325.0503659809983
312589,7.31045627202,43.8893027946,-206.74947922999465,185.40981389793288,1310.234556734449
311952,7.31063641203,44.0061801302,-128.67624825965117,230.18993741391375,1317.3174263851797
305012,7.31071850804,52.4691469925,-605.6276739626737,410.10816449766685,1360.3405827803188
305098,7.31252613419,53.3239885792,-526.5004098024441,333.4709965104413,1339.23138407264
312593,7.31356382827,43.8106054471,-232.14030955389214,177.44017141313373,1309.1305546058322
301793,7.31381727429,49.3019901154,-473.5185826892506,285.4256649685765,1328.0834329191093
100148,-73.1434502738,40.7477270426,-231.71485624496,177.5406722634909,1309.1441803251557
311957,7.31518204141,43.9968362385,-105.12275211064397,247.95540160708077,1320.5376464749427
100134,-73.1685115478,41.3854250654,-287.3064254852408,174.78247326958618,1308.772977843631
312606,7.31851876368,43.7521970722,-202.25022879099853,187.21919248493307,1310.4918239371668
305056,7.31865538669,53.0333664381,-656.3265014700524,461.1074879190214,1376.5747019273751
311956,7.3187137217,44.0069173743,-51.289933249472966,293.10186665055085,1329.7543001643157
312604,7.31891523172,43.7569815056,-196.34189569283984,189.7640428980368,1310.8578056175504
301825,7.31892842272,49.285520363,-412.9004474366636,236.07653650707292,1318.3588000467198
301828,7.32066021086,49.2641813803,-539.1318594411719,345.38274270476904,1342.2470091342057
100166,-73.2142040396,42.7439122568,-118.42632654557104,237.739222922533,1318.6575494370254
100133,-73.2222922823,41.4851947546,-194.89945586341588,190.4136688714472,1310.9520051720187
100144,-73.2269509287,40.8480187849,-313.95921914356,180.88770266833666,1309.602289074084
301924,7.32269887403,49.1904397152,-405.2560741493015,230.46586260327146,1317.365669962946
100137,-73.2270844097,41.1729250228,-423.03247349205924,243.75865329708162,1319.756066714095
301919,7.32284149704,49.3605033273,-484.9930793826202,295.52433614169206,1330.2903547058586
311949,7.32293899505,44.0899668642,0.9840283639602774,341.0302204466502,1341.1336271339044
100121,-73.2349983793,42.1728605335,-225.07675966110835,179.2588460419086,1309.3782984514935
100122,-73.2640012327,42.129543603,-241.55266896385768,175.51968689951633,1308.8716342945004
100123,-73.2727681735,42.09433842,-243.30310408864685,175.22730354010713,1308.8324577566789
100124,-73.2855168995,42.0481767602,-172.48542583008958,201.83761930543534,1312.659978493417
100125,-73.2983984446,42.0435790628,-154.6317632657593,212.53880036937437,1314.3479509756557
100126,-73.3107955946,42.0484651793,-172.26334156531362,201.96255222296767,1312.6791942709638
100149,-73.3140092619,40.704274285,-356.89407040503465,199.53202930226198,1312.3074431279167
301873,7.33155363076,49.3132288663,-438.72954291960275,256.15789226364797,1322.102363790492
100127,-73.3259502449,42.0531561276,-311.02528455759665,179.9933377742807,1309.4790552790746
100131,-73.3268764509,41.5516076801,-241.234592295119,175.57501879655496,1308.87905545045
100150,-73.3317697014,40.7065083692,-429.900226157476,249.1130631149297,1320.7555083307261
100167,-73.33936208,42.7641211585,-161.69281236309126,208.15210554590763,1313.6457260672096
101572,-73.3473575586,44.9975915533,-379.0193780079207,212.60280198105738,1314.3583019792009
100151,-73.352022317,40.6816288102,-393.79433443871574,222.38078956171157,1315.9753075713625
312595,7.33521795806,43.7730157129,-169.42667716614454,203.57720696023813,1312.9285866966195
312603,7.33524052607,43.7690755216,-131.1599270114917,228.40640056227795,1317.006939385388
312594,7.33550356809,43.785278901,-178.2837983657938,198.65368325836687,1312.1741806801288
100168,-73.3770845641,42.939592022,-349.1544491518318,195.46544458685668,1311.695290301444
100139,-73.3808641474,41.1818806695,-250.6126533777409,174.2298537262518,1308.699291854673
100169,-73.3820576595,42.952308686,-341.9135692603936,191.92307546541267,1311.1720945274706
100120,-73.3896074161,42.1939738853,-289.20972485994156,175.06371048057645,1308.8105658569077
100170,-73.3906689512,42.951475338,-304.3513511114249,178.15879815558557,1309.2281512141778
100138,-73.3937380035,41.2940543198,-206.71894425726217,185.42171037863102,1310.236240244937
100130,-73.3986001479,41.4504455218,-465.58321434141493,278.5602829007473,1326.6249001813574
311955,7.33993256645,44.027456239,-171.76330032508363,202.24464066551266,1312.7226246429113
100140,-73.4192878416,41.16371576,-338.4908937985916,190.34106915090968,1310.9414621473236
100141,-73.4270844722,41.1395916761,-296.35212648341064,176.33563876165732,1308.9813031777549
100164,-73.4315026816,43.1014738944,-336.47057487850884,189.43597299233676,1310.8103533444514
100142,-73.4431773726,41.151215796,-426.20774505104856,246.22006492383073,1320.212905156796
100129,-73.447917838,41.5937584306,-225.47829845313987,179.14697288680583,1309.3629872827312
312602,7.34575553094,43.7640487162,-150.9545535698826,214.8983678652953,1314.7315707332123
100201,-73.5065018478,42.5070344312,-255.68578666605532,173.7518438912541,1308.6357391677268
305058,7.3514081444,53.1019972178,-514.5973160332089,322.3882929548211,1336.5148730956103
312597,7.35228123048,43.8774294696,-154.20223695515318,212.81182217285112,1314.392128030285
301931,7.35296422153,49.151439088,-409.8882797277849,233.8458998722113,1317.9611904219698
100143,-73.5481395333,41.0652767639,-429.6261894719198,248.89725089602572,1320.7148201163834
201841,-73.5561549159,-4.50173794633,-792.5950269628638,602.2430010018296,1430.0470016146817
305047,7.35588500777,52.693734062,-554.0242803816194,359.60555710230517,1345.9769504974113
100128,-73.5604178793,41.6645917735,-239.95416424889282,175.8045868583612,1308.9098698275184
100221,-73.5684993439,41.4813575713,-154.79033003038458,212.43818523142494,1314.3316845895
305004,7.35725675589,52.3319042451,-627.4137017834389,431.8838667634369,1367.0630815518318
301922,7.36039071815,49.3017472204,-419.6552535432302,241.1683270704595,1319.2800902588563
312598,7.36077512618,43.8352074181,-111.23130784829323,243.20905260335323,1319.6546661303753
301932,7.36454789849,49.1477171706,-491.6996605392622,301.5134505610753,1331.6336415999326
305050,7.3646398775,52.7514915658,-475.3227018063393,287.0004387578951,1328.422766448496
100171,-73.6729179846,42.7854253162,-392.7943645795249,221.69524472371072,1315.8596338913044
312599,7.36764802175,43.8265298934,-87.89618153958996,261.8010481567878,1323.2073093009442
100198,-73.6854179866,42.7479253091,-463.95650292506355,277.1656711902017,1326.3327651301413
100197,-73.7062375393,42.7854115262,-386.5432048185684,217.48607947084892,1315.1570207906932
100203,-73.7308039074,42.214437896,-276.50146334216515,173.65357798018874,1308.622695705975
103109,-73.7396750721,42.0144464324,-257.95806272053926,173.59516427791425,1308.614945517637
100199,-73.7432563954,42.6643077512,-431.09122033217875,250.05304110320077,1320.9331239454973
100202,-73.7440132975,42.3306493376,-348.4874610390511,195.12831335937224,1311.6450942407878
100215,-73.7643907371,41.8143611939,-282.8186526362452,174.21661510582032,1308.6975294354236
100217,-73.7679107184,41.5853483479,-335.37760752490914,188.9553535552012,1310.7409813569661
312601,7.37709038353,43.7936364386,-152.76815099626813,213.7283732670447,1314.5408369886534
100218,-73.8065232626,41.5728796939,-333.21414647235525,188.0229162320699,1310.606886751273
312600,7.38128242288,43.8061378437,-177.4273336512847,199.11439263688726,1312.2440077693661
305010,7.38129645988,52.415055159,-570.9888121176042,376.01653481657877,1350.454082531842
301921,7.38140487289,49.3144909274,-393.4263259895937,222.1281118624537,1315.932632261633
201842,-73.8178999996,-10.6772482163,-590.5086288157108,395.14041272226405,1355.9032931362667
100200,-73.8269356073,42.5353184605,-336.6089259693529,189.49726513138498,1310.819212578045
100163,-73.835418071,43.3062587413,-207.11637592044104,185.26728402483383,1310.2143950901282
100196,-73.8433905427,42.794186387,-340.9708878139394,191.4813150188339,1311.1075045825928
100162,-73.8442907518,43.3189687214,-315.3703542403331,181.3366363714818,1309.6643731361005
100195,-73.8562513777,42.7812586419,-319.84224160795054,182.83860229067653,1309.8731805251455
311954,7.38612357828,44.051762032,-188.7233516190444,193.3169530473431,1311.376848547724
100224,-73.8645846044,40.9854249643,-427.4676952589235,247.20356206657456,1320.3966811795062
100216,-73.8726363871,41.6531575875,-312.0831503317334,180.30970200272557,1309.522578349745
100225,-73.8852064551,40.9396199875,-434.05984003187905,252.41018276711313,1321.3813586304216
100213,-73.9040262697,41.7145464526,-387.66262140757834,218.2299611868982,1315.2802403028363
100220,-73.9061416109,41.3146691515,-314.5037532760604,181.05950291652718,1309.626029890912
103111,-73.9140263065,41.8001016617,-254.83804454641358,173.81941611578674,1308.644712666614
100214,-73.9262493535,41.7101019593,-428.0119499900213,247.62957607818254,1320.476505478273
305096,7.39400121093,53.2942647377,-506.58525393576053,315.01361104032617,1334.7551721990508
100212,-73.94375134,41.7229251053,-398.7463060692926,225.82353989896447,1316.561455361637
100161,-74.0147147539,43.8886677515,-285.5974912920127,174.550846186669,1308.742064914219
311953,7.40190375458,44.0732572138,-206.4336274215965,185.53312567036772,1310.2520121306695
100154,-74.0473410066,44.0160862191,-221.79326383272553,180.2114534766978,1309.5090540105616
104157,-74.0516932909,43.9648321928,-173.35347621078833,201.35138345580646,1312.5853016817682
100153,-74.0606641227,44.0481154577,-247.5921031628105,174.59809296862863,1308.7483671965872
100242,-74.0805568903,40.8902860504,-582.3536995537597,387.12177390099436,1353.5882174426993
100155,-74.089105559,43.9606475065,-281.07392925919606,174.0337198434143,1308.6731945806744
100239,-74.0931382533,41.0603662205,-389.5121583440511,219.46855445802402,1315.4863134853765
100240,-74.1020846821,41.0020916267,-454.8618150083265,269.4533355323271,1324.74257672989
100219,-74.1023133881,41.368767567,-237.99765128253358,176.17641891662447,1308.9598638437078
104158,-74.1161126532,43.9688977411,-248.63801458852214,174.4635512055699,1308.7304249809088
100159,-74.1309993245,43.9640642007,-176.0049274132589,199.88694262830506,1312.3614534131757
100205,-74.1323601836,42.4361998963,-241.64192175536988,175.50428216664463,1308.869568608836
100241,-74.1353333708,41.0273106568,-451.75034466174986,266.8492423379005,1324.2153573749865
312567,7.41445854562,43.9271217247,-90.17231182848278,259.9351689261468,1322.839403183968
100204,-74.1484887189,42.4071059499,-225.12540285531435,179.24523961447608,1309.3764357494383
312566,7.41511385168,43.9647632488,-79.55021692179594,268.7303553831078,1324.5957113307377
100267,-74.1519227732,40.160301062,-252.90394581989614,173.9920854131425,1308.6676584824222
100270,-74.1643929102,39.9525595748,-362.17347914754845,202.46338360338376,1312.756343070405
100211,-74.1645847433,41.6895917576,-298.45198805064814,176.77390086974754,1309.0404144258341
301607,7.41934647903,52.306327709,-635.9442701306816,440.4703132109425,1369.7999457554367
100268,-74.2231862491,39.9857241846,-282.07278984766145,174.13587783849573,1308.6867839639992
100238,-74.2258841683,40.885114614,-418.7412905336124,240.47233193921576,1319.1530377479849
100269,-74.2280568845,39.9608414155,-284.98356113608827,174.47247681349222,1308.7316148610782
100243,-74.2346267851,40.6893485628,-621.0727185610165,425.52240225189456,1365.066705106265
104159,-74.2357117671,43.9778503539,-274.4706830479728,173.530970959831,1308.6064314581802
100191,-74.2544981077,42.6729844539,-359.8803080989603,201.17488684342507,1312.5582385814037
100193,-74.2562515078,42.7604252912,-298.74913456847423,176.83825361317096,1309.0491062265037
305092,7.42669446263,53.2196232816,-503.0207787185874,311.7562552784522,1333.9901638605493
103099,-74.2688555879,43.9770937318,-154.88673776254572,212.3770581019104,1314.321805867754
100233,-74.2770847316,40.8937582657,-446.5203441990154,262.5138540899999,1323.3485248265617
103097,-74.2891287056,43.9858587166,-174.93417538886325,200.47454574949086,1312.4510802559143
100237,-74.2893750396,40.9898129217,-539.3249318047833,345.565938799801,1342.2941602458232
100236,-74.2933780839,41.0073141311,-473.7485394014577,285.62610925512325,1328.1265259227644
100234,-74.2980569673,41.0022347787,-422.4909056987724,243.34133088317083,1319.6790510906221
100244,-74.306604011,40.6899464718,-475.20640869789463,286.8987782606714,1328.4008068120545
100235,-74.318056983,41.163619429,-339.59373032147187,190.8441824965523,1311.0146057783754
100156,-74.3270343717,43.9726845155,-317.7468362666054,182.1199157501607,1309.773056023179
103110,-74.3354933694,42.0767849486,-176.10016241533663,199.83493054232434,1312.3535324127822
100190,-74.3391064377,42.5862365737,-272.3245041721148,173.4324000571021,1308.5933638686306
103095,-74.3402108138,43.9895871999,-192.79338197562464,191.38170531564083,1311.0929607396167
100232,-74.3472236404,40.8450082547,-469.856944474539,282.2451499629134,1327.4035254017667
103094,-74.3519868708,43.9938567392,-399.50987424672576,226.3613330213985,1316.653807064969
103093,-74.3604175245,43.9769605678,-185.49794716883707,194.9095794145592,1311.6125718820374
100188,-74.3685047871,42.952442758,-393.37396890747004,222.0921993054261,1315.9265707340107
100207,-74.3769079248,42.1187584991,-130.9512237110547,228.55555692889402,1317.0328155268298
100227,-74.3889510218,40.7234151536,-493.73398622296924,303.34203532022286,1332.0488673332022
100206,-74.3896500159,42.1187584991,-66.10626891907359,280.16106645759544,1326.9619503701335
100266,-74.3979941716,40.2939693421,-269.9240684268189,173.35996132622878,1308.5837652830953
100261,-74.4021979349,40.6649300888,-383.856294464388,215.71861048540052,1314.8658918236506
100229,-74.4097236635,40.9027860415,-416.8817085159232,239.06295839344565,1318.8968468562196
100260,-74.4302792072,40.5822304219,-466.1860838337452,279.07826218506375,1326.7337604039806
103115,-74.4478276197,41.9681418416,-162.67879745299444,207.55517993038276,1313.5512731855522
100189,-74.4554683413,42.468897434,-197.0472142502764,189.45039069090484,1310.812437042153
100262,-74.4559617884,40.6021066126,-438.58290931570866,256.0394861568854,1322.079427660431
100231,-74.4569458954,40.8072304656,-389.5709796020292,219.50813869578317,1315.4929180824727
100263,-74.4817014685,40.5809845618,-437.263202402983,254.9759188758231,1321.8738645491187
100305,-74.4981472989,41.9979564081,-135.65395422345495,225.227090060794,1316.4592802926738
100264,-74.4981761089,40.5728643452,-437.37971006721705,255.0696616289453,1321.8919497655456
100265,-74.5145094352,40.5478495051,-445.3934159152839,261.5867569924697,1323.1649277415454
100192,-74.5196278716,42.6690911886,-384.31713565226926,216.0199257613356,1314.9153595944433
100187,-74.523751414,42.8525824148,-292.7972406488174,175.6600610146685,1308.8904658553856
100259,-74.5270847923,40.5604248581,-472.63091260806175,284.6526902267884,1327.9175232765022
100226,-74.5275116673,40.679456741,-768.6122825613694,577.0994231681805,1419.6413416044554
100273,-74.5393120663,39.7147163952,-464.6112614186064,277.72647215920574,1326.4500698893457
100274,-74.5393551673,39.6725562737,-38.039836173590516,304.94328482767594,1332.414425594734
100303,-74.5394769693,41.9277591953,-155.88647970624766,211.74524682905204,1314.2198614106196
100230,-74.5436125886,40.7897304591,-289.2922451160353,175.0764567734724,1308.8122708348228
100272,-74.5611125331,39.7155635782,-347.2365142514933,194.50186335301208,1311.5520460199991
100210,-74.572633889,41.1936032705,-299.1758308783139,176.93167204015006,1309.0617293093458
100228,-74.572813222,40.9521965425,-480.4379597920773,291.49221874136623,1329.400431833169
100311,-74.5772099204,41.9235523699,-177.66519230219444,198.9861058919761,1312.224548204119
100185,-74.5813176357,42.8438774121,-673.5006210298218,478.6163624502179,1382.5380345496935
110449,-74.5853015061,45.139545493,-454.54398918205374,269.1865074623634,1324.6883295217922
100255,-74.5890411054,40.3149928098,-368.75738600432294,206.28853035144311,1313.3517245300325
100312,-74.5898808884,41.8900999761,-118.82314366553693,237.44151906023504,1318.6039092711214
100186,-74.5979182931,42.8729252995,-321.52015311340097,183.43283044430348,1309.956257993472
100353,-74.5988903492,40.1769525584,-382.3636767815857,214.74794677431598,1314.706992152714
100352,-74.5993128142,40.1395717173,-496.382726314067,305.730912902009,1332.594906817277
100313,-74.6018845324,41.4436874772,-178.54508219200991,198.5138056774882,1312.1530115104758
100184,-74.6020655765,42.8479604034,-302.9510264303265,177.80972935424307,1309.1806958645857
110454,-74.6021681545,45.3176522137,-421.92322390063475,242.9046753252577,1319.5986040710716
312568,7.46028505541,43.8772597536,8.253254696854697,347.92070562660746,1342.902309170391
305046,7.46089200846,52.7310267211,-445.9834264027297,262.07182646534704,1323.260910326582
100183,-74.6145232325,42.7977648142,-450.42394848834545,265.74470469214873,1323.9932185035423
110455,-74.6176107447,45.3273924236,-417.98983291968466,239.90171250449995,1319.0491371567791
100257,-74.6180179748,40.3686904413,-262.87166922445925,173.37842767890248,1308.586211816348
110456,-74.6269370095,45.3189563779,-358.63025793437885,200.4823065025907,1312.4522657194243
100180,-74.6276444406,42.9678587533,-326.1142214320848,185.1436907634359,1310.1969244357729
110457,-74.6352533892,45.3023766265,-336.7146801552817,189.54418479444269,1310.8259962942607
100258,-74.6502792674,40.4144526031,-302.41200874667305,177.67872111418188,1309.1629090790125
100182,-74.6518059706,42.8481850494,-270.5096654261312,173.37394831463794,1308.5856183397625
103107,-74.6592917722,42.8437683301,-225.84167757766363,179.04660508366268,1309.3492587401715
100181,-74.6601453093,42.928136813,-380.0460658161526,213.25693697214564,1314.4642694794686
100179,-74.6723994523,43.0104814978,-163.4742829811026,207.07644749562718,1313.475713395136
103106,-74.6730218463,42.8480297004,-277.51457507071524,173.7253904804299,1308.6322271245767
100254,-74.6768232626,40.5722189771,-429.55521062195237,248.8413815786154,1320.7042923218678
110452,-74.6769626627,45.0982324646,-415.2167448910312,237.80884336937788,1318.6701030038307
100271,-74.6775014617,39.7669524735,-161.57178421792267,208.22564640065974,1313.6573808990015
100256,-74.681251495,40.3312581412,-337.635458182418,189.9552074914286,1310.885492872876
100359,-74.6844459193,39.9700080693,-250.95683065344872,174.19184465780924,1308.6942321706558
100178,-74.6894271307,43.0028206722,-161.93336619619302,208.00611113954776,1313.6226006136044
103105,-74.6894558177,42.8356370124,-347.51437271128344,194.64034802528982,1311.5725903093803
100253,-74.6898407097,40.631557895,-267.17052898534973,173.32609263435742,1308.579278820869
100327,-74.6908348768,41.0988971807,-443.54529799060685,260.07191827369456,1322.866280939238
312569,7.46954354518,43.8812534329,13.340189206500412,352.7697414758828,1344.166762374525
100176,-74.6974575013,43.1771680276,-84.26558282835734,264.79877412381757,1323.8036808186207
100302,-74.6982394314,41.3727127663,-299.044440448718,176.90277949006065,1309.0578245298261
100250,-74.7021837137,40.5441939078,-513.7603458487533,321.61458290410775,1336.3284530788212
103103,-74.7060012371,42.843294848,-267.93432345991584,173.33021349237168,1308.5798246498998
100177,-74.7269690698,43.0061912005,-294.24980794010304,175.92598134197513,1308.9261803029951
100251,-74.7302793121,40.727508218,-292.2893867349031,175.57040496738892,1308.8784365524036
100351,-74.7349843995,40.256253363,-446.29671683436857,262.3296785202666,1323.3120020630047
103101,-74.7355999895,42.8561894401,-303.7801165158667,178.01488467019018,1309.2085753368685
103102,-74.7357128585,42.8518274107,-351.582231118402,196.71067364073502,1311.881428977346
110451,-74.7359611445,45.1525529591,-417.7153371238848,239.6936421520186,1319.0113102849239
305091,7.47366938052,53.2153990062,-484.24621619102356,294.861201316561,1330.143196281249
100301,-74.7518177098,41.4312590622,-168.46861169890363,204.1303754666731,1313.0144724105735
100252,-74.765834875,40.6616748705,-280.97217223258076,174.02369647894065,1308.6718616626729
103112,-74.7688859643,39.7313572405,-213.63451640707137,182.8643181935238,1309.8767703260614
110450,-74.7730649456,45.1099336706,-362.0793642044062,202.4100481955522,1312.7481183311509
101571,-74.7770851599,44.8645923203,-300.41845211567403,177.2104856679496,1309.0994426712289
100316,-74.777599549,41.3145446385,-325.4434469747495,184.88631452206474,1310.160579421089
100350,-74.7812515213,40.2229247832,-529.4475980358283,336.2369418814087,1339.922787199775
100283,-74.7812605543,39.518891632,-405.00569597547485,230.28494643093293,1317.3340317186637
100175,-74.7812917573,43.0145551502,-331.01482139942755,187.101111327112,1310.474959864282
100314,-74.7951673944,41.3223244432,-187.99935440296574,193.66995995175608,1311.4289336289507
101569,-74.7979185097,45.0020923446,-807.6959693128907,618.1245259545095,1436.8074763718132
100315,-74.802389846,41.3189910909,-221.8898600241436,180.18247311183816,1309.505066117787
100174,-74.8190399134,42.9775800741,-270.3069173595654,173.36883646219448,1308.5849410824299
100249,-74.8312074014,40.4728806819,-367.8564057519061,205.75430487818394,1313.2679195607257
100248,-74.8391139921,40.5353135551,-370.5342209919901,207.351854060382,1313.5191608628058
100349,-74.8432327654,40.2437763719,-454.19281786394555,268.8919021505975,1324.6284949424944
100317,-74.8510024231,41.3053797248,-234.17777317291953,176.97514768545724,1309.0676061494078
100280,-74.8519705061,39.5894394088,-201.60413939170616,187.488251025649,1310.530289174618
100348,-74.8521062121,40.281207381,-468.46062035340833,281.03793444899634,1327.1473600059678
100173,-74.8606951149,43.3935899755,-118.49691533186356,237.68623412327247,1318.6479971786082
100282,-74.8684237575,39.5942578982,-211.85456960709703,183.49598582561242,1309.9651031174703
312610,7.48962300084,43.797315433,-100.06934503774413,251.94900755848363,1321.2933425175336
100245,-74.8975015839,40.6636193107,-317.1886210361412,181.93287707596318,1309.7470619675346
100279,-74.8977923229,39.6145169169,-120.19946548348483,236.4122668588138,1318.4189601537043
110638,-74.9071161357,45.3740057114,-345.4086623085675,193.60035264084763,1311.4186559272794
100318,-74.9098937349,41.2312135996,-202.3376760837877,187.18295222815445,1310.4866470805032
100299,-74.910446097,41.477321036,-180.53204960696107,197.46045610887703,1311.9940648867957
100300,-74.9147010643,41.4644699559,-312.38769791045104,180.4020604423948,1309.535298486953
100277,-74.9187096467,39.6683684503,-210.67434886174314,183.9250537149676,1310.0252745483597
100246,-74.9195839207,40.6806083811,-274.81139110577965,173.54955107184085,1308.6088954491672
100347,-74.9356826111,40.3312399122,-369.2275447313139,206.56863413842814,1313.395749643369
110637,-74.9400370234,45.3916454629,-501.39564731572113,310.27614926120464,1333.6450364965235
110634,-74.947439901,45.3777074467,-394.28781021347856,222.7203125256711,1316.0327245866588
100346,-74.9480571391,40.3808414753,-263.6091548323345,173.3603367176489,1308.5838150146549
100322,-74.9525032555,41.1061276803,-177.5214024248375,199.0636265672011,1312.2363056986105
100328,-74.9533349535,40.9808415929,-329.483403086577,186.47498765121384,1310.3857125255035
100319,-74.9551733497,41.1259370299,-166.84833376737276,205.07475213982454,1313.1616231586506
100278,-74.9557197977,39.6693982114,-164.49091703176111,206.4683772347241,1313.3799851411593
100275,-74.9559499617,39.7309317325,-170.90112535033347,202.73358296319023,1312.7980424393327
100357,-74.9568358178,40.1740063402,-431.0957935355881,250.05665679332506,1320.933808401506
103100,-74.959600639,42.9695240635,-295.8092017152101,176.22704566864553,1308.9666787953581
100356,-74.9615581662,40.1778951645,-370.37091879583227,207.25359082934094,1313.5036526340944
100341,-74.9680571647,40.7116748736,-353.93811224929607,197.94578687255427,1312.0671968737142
100323,-74.9686903188,41.0983023066,-220.86161610526315,180.49391632431173,1309.5479557471501
100247,-74.9688904948,40.6475081943,-388.8794226749096,219.04349930855267,1315.415466368245
100276,-74.9768128395,39.7060739234,-371.88972021339424,208.17165262434162,1313.6488235170773
305045,7.49771892751,52.6315735999,-562.2165380976874,367.5043622502458,1348.1087681802278
100288,-74.9789559726,41.9477942329,-143.2951830884595,219.96943770340204,1315.5699708092316
101570,-74.9811582878,44.8392496082,-327.78968041812067,185.79773528733062,1310.2895073262825
100281,-74.9858348862,39.6444524383,-234.92628786043844,176.81109729180127,1309.0454379802798
100321,-75.0022412676,41.0978816346,-158.89565827381085,209.8666252506912,1313.9184887068016
100345,-75.0147845426,40.4160285052,-222.3350070894744,180.04966750804766,1309.4867992237305
100361,-75.0226508163,39.9026321827,-377.65464043497127,211.7394289477036,1314.2189240543414
100320,-75.0353458703,41.0900234369,-165.13980802123336,206.08247860524753,1313.3193756887676
100292,-75.0478113333,41.7646472708,-62.71239621479498,283.09517851073053,1327.5845263739232
100286,-75.0571256421,39.4647892115,-375.1174205600697,210.15322271695013,1313.9642961624838
110636,-75.0643459517,45.5604264528,-475.0244743178057,286.73977735379805,1328.3664759727856
100293,-75.0648072547,41.6727306122,-145.57591230917686,218.43795192017245,1315.314765906067
100343,-75.0694460721,40.485841492,-241.91513764828116,175.45745715482227,1308.8632907384513
100362,-75.0729456924,39.8027196114,-390.472875012882,220.11655315335682,1315.5945771944967
100360,-75.0771232948,40.1395509563,-285.0338238621776,174.4787965884122,1308.732457391652
100284,-75.0772263048,39.495006892,-278.52329731248653,173.80392157312028,1308.6426547096985
110639,-75.0936464671,45.3189848289,-462.14604506647026,275.61881501298564,1326.0103792054624
100380,-75.1101226595,39.7399757672,-396.4420418601775,224.21175731081976,1316.2859517171253
100344,-75.1144798409,40.4313281274,-313.98163889677556,180.89474038208888,1309.6032611708613
103117,-75.115834952,40.0688969635,-483.1029335719533,293.8476135568029,1329.9188751816705
100355,-75.1187516292,40.2270914396,-465.25062298631644,278.27478373580107,1326.5649813841228
100289,-75.1395687489,42.1642788428,-119.7868047155755,236.72032535389786,1318.4742344873891
100326,-75.140010019,41.0693304932,-231.4478239706675,177.6043480899446,1309.1528172951796
100325,-75.1426805052,40.9987142694,-294.6292730816887,175.99775977153897,1308.9358296020673
100172,-75.1572416944,43.0939814068,-392.40064928504796,221.42623551033796,1315.8143380977924
100296,-75.1729853127,41.477361937,-48.23167597321327,295.81367782263334,1330.354661944853
100285,-75.1804840083,39.6145422419,-211.9871179949646,183.4483059402589,1309.9584251127217
100342,-75.1849126617,40.5937082969,-329.34234166845636,186.4179699396091,1310.3775998115416
100379,-75.1854183007,39.9687580522,-671.6832633929805,476.75878729920316,1381.8960654978573
100298,-75.1854649017,41.4562366442,-677.9137730887685,483.1316836067597,1384.1076613747043
100295,-75.200871175,41.4802444592,-157.55005156293723,210.7023628962778,1314.0522365193578
100354,-75.2019885621,40.2980809584,-442.4860455338295,259.20684165763925,1322.696481182883
100329,-75.2022889841,40.6956740253,-395.32159582110285,223.43415981862555,1316.1537213962915
100405,-75.2059438364,38.6563306686,-312.37787310191754,180.39907200988648,1309.5348868027456
100291,-75.2230597788,41.8562738133,-67.27073276870391,279.15868280696753,1326.7506792001175
110640,-75.2241558379,45.1019405299,-359.2211695150452,200.8088272293608,1312.502182727588
100378,-75.2272139222,40.0804095194,-434.5129699503756,252.77173313947307,1321.4504696150304
110644,-75.2288297223,45.1018921519,-415.65765854514683,238.14023615434286,1318.7299066325515
100340,-75.2354183579,40.6687581891,-311.7304124470015,180.20344398212495,1309.5079517874149
100324,-75.2393388172,41.1645756581,-163.52545437877447,207.045739941321,1313.4708725355506
100406,-75.2483710659,38.7149415784,-364.81234362838154,203.9744343144077,1312.9902377494413
100383,-75.2513905432,39.9516747128,-680.2501973470319,485.52473706175033,1384.944787661347
100287,-75.2522546323,39.4776118935,-319.19061966174934,182.6123114126325,1309.8416128871902
100387,-75.2594923869,39.7398129862,-378.5510114486535,212.3057056646821,1314.3102781418208
100382,-75.2724080889,39.9290095859,-530.1560808621373,336.9030943295159,1340.0901050079633
305067,7.53046098722,53.2149625582,-413.93859970023857,236.85114382307017,1318.4977280608975
312565,7.53122034528,43.8934991729,-98.26825091512954,253.38647199891633,1321.5681967887656
110641,-75.3145384054,45.2563027897,-416.9985347653802,239.15123314076988,1318.9128503749603
100413,-75.3229182581,38.3895910595,-392.90626251265803,221.77179382824025,1315.8725330020561
100407,-75.3355272321,38.4388955026,-485.9758603746403,296.3981302441273,1330.4847410563063
100297,-75.3399053315,41.3362067423,-174.42615142159818,200.75513899337423,1312.493969663747
110642,-75.3428062127,45.26040296,-421.6543835117994,242.69816911415884,1319.5606071199672
100377,-75.3449063649,40.1273381513,-538.964710377222,345.2241702589932,1342.206214522367
100381,-75.3559763918,39.9978205366,-440.7977576227133,257.8328637837303,1322.427911161274
305044,7.53565887965,52.6554768139,-511.51514686725386,319.54285595497726,1335.8313633701355
100294,-75.3760147945,41.6745383573,-229.741507094705,178.02207294540756,1309.2095527558722
101568,-75.3770853376,44.5979255832,-397.25573749349235,224.77899368903087,1316.3826915359016
100339,-75.3805413599,40.6400247647,-484.2748766656034,294.8866342829221,1330.148834397926
100409,-75.3930687589,38.4447926721,-329.474609119161,186.47142984390197,1310.385206234976
100290,-75.3935548399,42.0730129713,-291.01001039582604,175.35218641444382,1308.8491830045882
100385,-75.4099719553,39.9334976133,-361.5364975935647,202.10315752226765,1312.7008344828316
100419,-75.4151405267,38.7278966815,-159.3019033431814,209.61569969373045,1313.8784327819465
100384,-75.4350185194,39.9896937939,-283.120427269993,174.2503620863118,1308.7020223330683
100386,-75.4510319507,39.8767863006,-447.91003828852854,263.66061331229497,1323.5764857323763
100376,-75.4521608048,40.2306079088,-395.8164586514133,223.77709905847348,1316.2119831677865
100331,-75.4556811451,41.1650054122,-178.76535321204594,198.39612920818706,1312.1352135569884
301507,7.54724644061,47.8154435684,-644.6639812859305,449.27894945775967,1372.6577756299346
100416,-75.4727897685,38.2280285571,-228.35379064441764,178.37556057891038,1309.2576656958292
100375,-75.4771658879,40.3440321242,-243.22990047362876,175.23911936939552,1308.8340397196328
100335,-75.4978480236,40.7151857399,-435.6634912103733,253.69178906105878,1321.6267697078674
100330,-75.5022571099,41.2396317903,-364.39165596761086,203.73153818313997,1312.9525255019391
100337,-75.5118524227,40.5942718939,-451.17326111451297,266.3682704609086,1324.1185181394403
100420,-75.5144195699,38.6647126683,-154.66262350485516,212.51921124421608,1314.3447834260671
410213,-7.55197770671,12.8650779076,-598.624771435171,403.15961543912766,1358.2619298546497
100334,-75.5364609848,40.8193223656,-200.6254436854402,187.90017794850164,1310.5892840415454
100400,-75.5433790693,39.0397634203,-300.32874302159524,177.19002070570528,1309.0966725223695
102950,-75.5548457373,40.1021599832,-226.03558065974016,178.9933878687083,1309.3419826279799
100336,-75.5606301848,40.5434706557,-473.4917543042,285.40228506389144,1328.0784084123732
100418,-75.5618627949,38.7283411215,-202.85576880788972,186.96910749605198,1310.456119726762
100396,-75.5732596428,39.7692874347,-442.454277584945,259.1809330701114,1322.6914041599218
110643,-75.5853209728,44.7819805844,-349.3657074214427,195.57267525932315,1311.7112738249757
100373,-75.5865783739,40.196775062,-351.42458638612993,196.62896088734152,1311.869179007986
100374,-75.6021206272,40.1520914073,-421.13743689861917,242.30159730213472,1319.4877258340139
100338,-75.6272179233,40.6605294974,-478.2613898150649,289.5761702556486,1328.9816225032534
100398,-75.6304469365,39.1644671936,-309.17057559157035,179.4554337870518,1309.4052265388093
100397,-75.6313038286,39.2352298385,-400.28288116779163,226.90762469310138,1316.7478364194556
110624,-75.6352360599,45.1606510928,-457.80891331727963,271.9363640747719,1325.2498559432702
100422,-75.6395176203,38.6436699605,-339.1577249339493,190.64451837151427,1310.9855555865436
110620,-75.6396280403,45.0272144827,-460.3305472378937,274.0733349934185,1325.6900043094033
100372,-75.647857397,40.2434970149,-445.3280327110777,261.5330462325968,1323.1543102915673
100423,-75.6593750889,38.6323445876,-329.4177609073436,186.44844095869274,1310.3819350507615
100425,-75.6730414531,38.8520579198,-438.44524412811126,255.9283641526741,1322.0579117986151
100371,-75.6767472854,40.2733603994,-534.7671704288734,341.25014865256406,1341.18956845289
110626,-75.6795768156,45.4356893625,-533.7697498344689,340.3081763484811,1340.9502039453516
311982,7.56879931839,44.1103650449,58.48522732257098,396.6462494551464,1356.342892405267
100429,-75.6894070094,39.0395886413,-240.96713646040226,175.6220677476606,1308.8853674983977
305090,7.56900512041,53.2268182852,-539.7915152694595,346.00878972122314,1342.408237882872
100391,-75.6936337248,39.8230433681,-388.9946768500114,219.12082170155801,1315.4283443329846
312560,7.56964508146,44.1223999518,49.51972070211883,387.82455314985646,1353.789377487258
110625,-75.6974916811,45.3724943423,-437.43983534485244,255.11805034923805,1321.9012876101785
110629,-75.7021941955,45.2518173763,-444.513713834559,260.8648279026924,1323.0223932376025
100332,-75.7059134648,40.8309822335,-375.63157018240884,210.4726489554867,1314.0154224855169
100333,-75.7110242022,40.7823240405,-177.38960279111916,199.1347662263773,1312.2470993267561
100394,-75.7228878242,40.002734525,-368.80679921052393,206.31792623909988,1313.3563420713567
100393,-75.7241051353,40.0523345101,-260.58446080006877,173.45851675436205,1308.5968254607967
100388,-75.7269990785,39.639753222,-395.2285375605063,223.3697591079001,1316.1427900708088
301510,7.57304879474,48.0897847061,-487.06753934600033,297.37031719896294,1330.7016570676026
100390,-75.7491034424,39.689008339,-389.2018256409468,219.25990957968943,1315.4515203991157
312564,7.57622040101,44.027433006,56.38268587590744,394.57313710035885,1355.7380849901172
100431,-75.7644593966,38.9937754055,-405.7858068577699,230.84924202167534,1317.4327941543863
100430,-75.7854184364,38.9974331958,-242.6285246665306,175.3375494369152,1308.8472221057714
110628,-75.793281216,45.2519464663,-449.7426898455466,265.17871066286733,1323.8797313805633
100389,-75.7975218514,39.7812495607,-387.39795066924484,218.05368548313672,1315.2510043045893
100365,-75.7978083684,40.5394096184,-265.8878834856713,173.32828263074555,1308.579568895669
110446,-75.8019139627,44.523114155,-456.82114253715014,271.1023735175943,1325.0789755702583
301509,7.5809404194,48.0230369066,-612.3610701813307,416.813555163295,1362.377089626553
100370,-75.8135323417,40.2512117695,-282.41116829194544,174.172034625033,1308.6915955322993
110627,-75.8185720881,44.9518798835,-424.13634466776006,244.61153897339778,1319.9138606630306
100392,-75.8282782629,40.039556011,-255.79116914247544,173.74378995480487,1308.6346698446098
100369,-75.8301824111,40.2392164166,-250.28833896153344,174.2664100719086,1308.7041591783845
100364,-75.8440660552,40.6567134471,-379.240185568767,212.7431519946974,1314.381011462084
301273,7.58519999975,50.2349693636,-561.9164070820884,367.214100026284,1348.0296694915753
301386,7.58556259878,47.6347463585,-605.4585351209392,409.94003023989177,1360.2899040147786
100434,-75.8691064083,39.2762295229,-416.20255730353756,238.5505032311748,1318.8040556365067
312563,7.58955127711,44.05213899,123.91477933432392,462.2650791916801,1376.9628891192172
103663,-75.8968879706,39.7206740636,-343.1905522811231,192.5287368710315,1311.2608852141539
101567,-75.9229188047,43.9854254535,-460.5889958060786,274.2929936776003,1325.735433995815
100435,-75.9308741094,39.289492672,-313.19732662094816,180.65036634683028,1309.5695282926736
110623,-75.9312685104,44.885445434,-505.8195900353353,314.31266300236325,1334.589916302041
301506,7.59377325046,47.5980709534,-798.6814021830837,608.6396105729964,1432.7525851066891
312561,7.59394251947,44.0934817455,58.38994685968402,396.55224693278245,1356.3154054713416
100437,-75.9396749801,39.2599600775,-205.99217457431837,185.7064191520457,1310.2765619081063
100368,-75.9431613764,40.3274261289,-471.11058712392054,283.3316792532502,1327.6349780869434
100439,-75.9671667944,39.3059522233,-306.7926901021533,178.7972962841178,1309.3151903685996
301213,7.5978562838,50.347967426,-466.15442551419363,279.0510466165508,1326.7280358797143
312562,7.59805349181,44.076405246,-39.987623831414794,303.1878912582891,1332.013773193468
100363,-75.9939996256,40.5273482914,-259.8521203721446,173.49182051713936,1308.6012403928873
100480,-76.0056407406,39.8313043288,-450.46371524985113,265.77777083860786,1323.99985575656
100440,-76.010491065,39.2851929796,-395.8182633252052,223.7783511426132,1316.2121960427044
100441,-76.0147076513,39.2811354243,-274.50484515583537,173.53279773631067,1308.6066737036165
103709,-76.022685779,39.8475999852,-455.5351610411311,270.01925352549824,1324.8578006133032
103766,-76.0434929387,40.026913783,-378.95310252603656,212.56071163148596,1314.35149435025
110645,-76.0561795728,45.3523844796,-495.8619085488101,305.2604840252638,1332.4870572274951
305042,7.60617556948,52.6820509121,-540.4433843466724,346.62781970733386,1342.5679275055363
101566,-76.0770855095,43.8145920834,-310.2621950202848,179.76943337123444,1309.4482974696125
103784,-76.0857857182,40.0737178369,-331.30354410839385,187.22061021299513,1310.49202647707
100481,-76.0891337205,39.8274568395,-420.482626703158,241.80023964274395,1319.3957520254264
103789,-76.0893966495,40.0806619834,-376.42913229814667,210.97017728355289,1314.0952059400056
100482,-76.1187251279,39.7103532108,-301.2936203175402,177.41287362843795,1309.1268549306258
110653,-76.1354846063,45.1769234691,-501.34144883715646,310.22684222477704,1333.6335659423876
103638,-76.143622553,39.6606191047,-475.17760780448134,286.8736044445042,1328.3953701735163
103780,-76.1470914483,40.0687792455,-346.75966504200466,194.26508603088266,1311.5169530822077
103776,-76.156083859,40.051598186,-287.9153187654405,174.86978302840836,1308.784640644844
103777,-76.1602081294,40.0608563608,-583.5299090279352,388.27582807088845,1353.9187247525554
110444,-76.1640866707,44.3275319488,-432.5333762301426,251.19563148273164,1321.149893027835
103678,-76.1643892407,39.7639582102,-443.09962380812215,259.70766014434446,1322.7947169947051
103626,-76.1646770267,39.6231722196,-461.18249603031825,274.79785931129754,1325.8399820693007
100366,-76.1687519741,40.4145914401,-479.574962429329,290.731681806892,1329.233879111466
103679,-76.1687875001,39.7689782436,-439.8556923667395,257.06879027899095,1322.2791526402266
100479,-76.1728087414,39.6603158327,-294.31181179138287,175.9376444925513,1308.927747937616
103808,-76.1765539177,40.135738752,-381.0044538942773,213.87110187012905,1314.5640504694302
103778,-76.1813557611,40.0602022107,-567.1716042479214,372.305864337867,1349.4256004655529
103650,-76.1892838228,39.7020612591,-310.3245452723953,179.78759234237464,1309.4507905727955
110445,-76.1896370178,44.3610005156,-437.2840254486598,254.99267104978685,1321.8770959739627
103770,-76.1899059958,40.0350619207,-396.6163377393743,224.33308278589675,1316.3066233228774
110621,-76.1959296153,44.8895398413,-453.5026357933582,268.3135621037854,1324.5112163286026
110652,-76.1978893795,45.2271369263,-492.7272341431708,302.43642491923333,1331.8429283100088
110646,-76.1984534455,45.417518042,-463.1746327155586,276.4969527546955,1326.1931833085569
103138,-76.2018075128,35.735958015,-363.6292784800699,203.29328706972225,1312.884593229376
103771,-76.2062099492,40.0314179264,-414.5125415999701,237.28064537868246,1318.5749501802222
103741,-76.2227722796,39.9642986128,-599.1773457413085,403.70693584901227,1358.4244861691982
103740,-76.2273756479,39.9683659741,-482.88928490858274,293.6584072788598,1329.877082567035
103728,-76.228049992,39.9400232958,-460.62706948640067,274.3253628702047,1325.742131519294
103835,-76.2393665689,40.1771723434,-381.39010168947306,214.11919617452608,1314.6044366051244
110650,-76.252470714,45.4232590415,-486.33696335602633,296.7195256370433,1330.5563766581722
110648,-76.2605491727,45.2437026276,-397.81565837461187,225.17054568566778,1316.4496075489685
103761,-76.2616264148,40.0184396973,-546.4835381865093,352.3809747626416,1344.0647848768751
103755,-76.2690206154,40.0060809793,-532.8386728809289,339.4296827688514,1340.727527917591
100474,-76.277085316,40.0104246886,-470.3547148106412,282.67626560074984,1327.495260144245
103643,-76.2810465664,39.6811058674,-376.6505788268734,211.10875320079248,1314.1174605983458
110651,-76.2854682847,45.3350707302,-495.37466168521166,304.82069011184404,1332.3863732760526
100478,-76.3185930925,39.772999337,-391.37469936012144,220.72767612167593,1315.6969641895232
100476,-76.3282949733,39.905942085,-437.38562217263825,255.07441933227003,1321.8928678108323
110659,-76.3475241929,45.4347972964,-506.3977921452767,314.8419311594683,1334.7146647084069
110657,-76.3642031503,45.0269872077,-459.1976954258836,273.1118973667251,1325.4915703446418
110656,-76.3642653773,45.0102826963,-452.17173643663943,267.20085283899016,1324.286256943466
100475,-76.3683960816,39.9479709775,-476.60148739739475,288.11967984076927,1328.6650234287795
103137,-76.384717601,35.8603131372,-636.0594105347901,440.586422476431,1369.8372860460588
103727,-76.385597507,39.9391320967,-348.23906874951376,195.0033151897864,1311.6265045760774
110658,-76.4106847281,44.9476399521,-411.003339770866,234.6686975927055,1318.10742817166
110443,-76.4392655845,44.293648092,-451.77481823228015,266.8696539291443,1324.2194707674832
103641,-76.4480178762,39.676721478,-441.6660399473368,258.5387525232428,1322.5657190203162
103893,-76.4516445725,40.3267456178,-467.9727723507858,280.61690355536285,1327.05826591467
103896,-76.4562924319,40.3398840289,-476.9354869840455,288.4124169951462,1328.7285339182092
203006,-76.4684442639,3.4560756861,-678.6765080367032,483.91271427860585,1384.3804786300402
110442,-76.4727506422,44.2355297862,-478.21824038393794,289.53825636158035,1328.973361835502
100477,-76.4729186993,39.8062579747,-371.11219708727094,207.70050497503644,1313.5742439383991
103696,-76.4769603936,39.8024361754,-481.71208713831334,292.61705819669686,1329.6475237141385
103697,-76.4769797506,39.8106722211,-457.21980380471126,271.43875745595335,1325.1478384016946
100465,-76.4812818389,40.3228528275,-485.3827657081156,295.87064648042127,1330.367330484402
103881,-76.4894590116,40.2852703024,-537.7453756487512,344.0681457963218,1341.9093425128133
103689,-76.493649877,39.773069835,-373.2133790161438,208.97929933995894,1313.7770519095209
103690,-76.4984748504,39.7771896173,-453.70456919954864,268.48268079370126,1324.5454859904298
110440,-76.5015719776,44.2898515207,-391.04858527567615,220.50636758979076,1315.6598544909302
103130,-76.5016316466,36.3313217542,-141.67593524762677,221.06749037564435,1315.7540157158696
101565,-76.5020856207,43.447925334,-345.89205376444033,193.8371558720441,1311.4536353100764
103885,-76.5023572457,40.3014393157,-492.0643387441138,301.840848546807,1331.7078104535199
103787,-76.5098552963,40.0770865821,-452.2758476851089,267.2877754428436,1324.3037980284719
103913,-76.5103929554,40.4525979162,-266.8002567263039,173.32555232395995,1308.5792072548982
103742,-76.5141338667,39.9642735978,-488.38382486159605,298.54470279942944,1330.9645878613944
103767,-76.5143611417,40.0313581914,-352.7502269487324,197.31975294941307,1311.9728958615985
100468,-76.5143842367,40.3143902328,-511.94466447225045,319.9387588544477,1335.9261222046584
110622,-76.5195757481,44.7597897896,-399.86631089173085,226.61299979785812,1316.697097379969
110441,-76.5226044444,44.2771326957,-420.216674617653,241.59692517431293,1319.3585065573095
301488,7.65245840431,47.5984015225,-477.75141656262576,289.12825210047794,1328.8840960498133
103682,-76.5273900588,39.7646529813,-513.6230523374876,321.4877388733499,1336.2979311580748
100473,-76.5309982191,40.051791529,-443.936754770894,260.3922002053098,1322.9292847689228
103708,-76.5311751301,39.8481950482,-536.9395970030358,343.3049279632949,1341.7138547899604
103701,-76.5312234911,39.8227327911,-389.25318444671814,219.29441668361116,1315.4572724950274
110439,-76.5347593384,44.2520686996,-393.187451993911,221.9643379149498,1315.9049972841785
103707,-76.5351837124,39.8432164488,-469.7300907802853,282.13534642225596,1327.3801822659016
103788,-76.5351858494,40.0808023904,-456.90238719560716,271.1709030925086,1325.0929979648442
103672,-76.5352461204,39.7517783122,-450.71142461882414,265.9838102086034,1324.0412311799575
110654,-76.5353367664,44.9728778852,-407.81143208005517,232.32280077857598,1317.691799448207
104004,-76.5477545004,40.7438718803,-96.8725816236803,254.5053271075132,1321.783172875776
110660,-76.5515683188,45.5133588919,-452.11623284233815,267.1545212141135,1324.2769094024836
103799,-76.5559749261,40.1016275422,-470.08437164829206,282.4420738439047,1327.4454111746732
103757,-76.5560786031,40.0106613246,-424.1960051784999,244.65772056264092,1319.9224199938265
103888,-76.5562030231,40.3147678798,-430.7149433018084,249.7557128198102,1320.8768718762485
103711,-76.5642678438,39.8603093302,-524.3461892158734,331.45459784927397,1338.7307216191298
301511,7.65671071666,48.2147465235,-544.9278889245662,350.89630072759127,1343.6763034435635
103710,-76.5726026585,39.8561514809,-487.69218664866077,297.9273302672312,1330.826242862535
100448,-76.5810245492,40.6982717945,-165.31152514741183,205.9806481605532,1313.303400584988
100449,-76.5853548876,40.7065063402,-425.77584092813174,245.8838098062235,1320.1502348203687
103655,-76.5892973489,39.7102096468,-357.5567594397094,199.89313473663123,1312.3623965529828
103136,-76.5937837373,35.8349623411,-377.1386115243269,211.41481690907688,1314.1666634716278
100609,-76.5974551486,36.618827183,-512.9516427742301,320.86772641888655,1336.1489035390766
103901,-76.5983146456,40.3601997606,-460.91133851512757,274.5671207113103,1325.7921776610203
103961,-76.602273646,40.6400421547,-328.5390991607227,186.09541441507943,1310.3317510606892
103960,-76.60270342,40.631507246,-253.9306558811562,173.8972230155511,1308.6550495619433
100447,-76.6102424226,40.6764829067,-239.0636171067158,175.97068606001082,1308.9321895819824
100450,-76.6141363669,40.6770232738,-354.56645627848053,198.27959703895786,1312.1175988353266
110376,-76.614728139,44.2555420509,-431.3089859362493,250.22526571593494,1320.9657369417505
100442,-76.6190230743,40.9565356219,-324.70890359839376,184.60742236244738,1310.1212520079046
100617,-76.62693672,36.4692275246,-429.37761629853236,248.70164421500863,1320.6779707433227
110649,-76.6399075631,44.777016295,-386.5969316999651,217.52168216575123,1315.1629088381674
100469,-76.6677489824,40.2984316465,-501.78902191972395,310.634128009869,1333.7283666683795
103713,-76.6727807758,39.8729593632,-527.5161539687901,334.4233300379963,1339.4688343687412
103882,-76.6811585815,40.2855657614,-502.57144485574247,311.3467025618706,1333.8945099848045
100451,-76.6847711828,40.6604248014,-307.391736536852,178.95974296727834,1309.3373836312649
103968,-76.6893568742,40.6481391654,-319.7467735193847,182.8052915652678,1309.868531264002
100472,-76.6930239475,40.0187162473,-674.120502679573,479.2502115470249,1382.7575925806084
100483,-76.6940117595,38.9563668794,-481.665857291517,292.57620393381075,1329.6385334668105
103756,-76.7099683539,40.0103830916,-517.7020299584392,325.26490344603786,1337.2116705986423
110375,-76.7149345323,44.2854002593,-445.10538836433443,261.35021397191457,1323.1181840314257
100471,-76.7179616785,40.0815953185,-499.05546320719736,308.15042753561966,1333.152084558186
100602,-76.7228296309,38.33518803,-483.95804386304695,294.6055450136018,1330.0865467044666
110374,-76.723242151,44.2608168833,-448.1400303372485,263.8507686886294,1323.6143784006852
103997,-76.7351584059,40.7230026676,-277.80504868971167,173.74728572750024,1308.6351339732269
103694,-76.7430296166,39.797609945,-439.43724353160616,256.73000689352705,1322.2133303710873
100638,-76.748122304,35.7228032729,29.845991037384863,368.6460095160317,1348.4204369941692
103982,-76.7726756381,40.6890986608,-381.82016277969177,214.3965081041961,1314.649632890347
100445,-76.7768912564,40.8565028496,-341.49903335883073,191.72825362587352,1311.1435916061516
103994,-76.7807752527,40.7145655539,-249.91822367838253,174.3090066974477,1308.7098320052853
103964,-76.7899152855,40.64373925,-439.996974765859,257.1832591435883,1322.301411689169
103958,-76.7938237068,40.6354227583,-386.29924073499944,217.32454171376872,1315.1303171178708
104003,-76.7941378978,40.7317592263,-240.1199013855803,175.77425644648284,1308.9057963813766
103937,-76.7978369681,40.5809358078,-444.43763114989315,260.8024643557225,1323.0100982174965
104021,-76.8060926588,40.8526266113,-337.8033933144451,190.03065436790118,1310.896427705463
104001,-76.8349463932,40.7313523293,-265.46052770514734,173.3315485996834,1308.5800014945269
100462,-76.8478472723,40.3104073504,-464.87016911444255,277.94842654151074,1326.4965595086755
110617,-76.8478912183,44.2397084356,-414.1489975120818,237.0084883627487,1318.5260020672504
103987,-76.8519130716,40.6975144555,-420.5910708310787,241.88319470006428,1319.410957378239
103866,-76.8519193706,40.2484310933,-478.7544355466864,290.0095887656211,1329.0761288005501
103733,-76.8646731767,39.9396336938,-469.5324631511708,281.96433314585096,1327.3438438241374
103906,-76.8726310043,40.389549156,-181.58950285633043,196.90740737781738,1311.9109427288522
100637,-76.8728340823,35.3231387278,-421.63312587554515,242.68184813023754,1319.5576054054477
110616,-76.8769914987,44.3228283004,-478.1559552813359,289.4835335128876,1328.9614406545281
100444,-76.8773977297,40.9664084007,-320.17802741490516,182.9561926382808,1309.889599544995
100461,-76.8854188574,40.256258049,-453.9101877687614,268.65496405187844,1324.580418200861
100464,-76.8976897744,40.2229412002,-399.1163589091586,226.0839462370134,1316.6061466199953
100614,-76.8979186634,36.7562573304,-535.8387580058957,342.2631729646607,1341.4476784948747
100463,-76.9103707854,40.2229247072,-471.4465139630374,283.62325177413965,1327.6972333775457
100452,-76.9120905406,40.6105300133,-369.30615718069447,206.6155571811417,1313.4031304366247
103851,-76.9145576918,40.2230876722,-469.878594094213,282.26389228513085,1327.4075106987316
100613,-76.9183364921,37.0563697032,-607.9450828234299,412.41331130969814,1361.0373007073986
103927,-76.9183518311,40.5520190004,-351.7113508632673,196.77768881887036,1311.8914792727132
110615,-76.9268263498,44.2773505137,-481.0107699391925,291.9976219498131,1329.5113409805115
103877,-76.9310329532,40.2730581464,-435.816914147112,253.81470139285332,1321.650368749086
100565,-76.9395467809,39.6562887423,-498.8916009418116,308.0018339730797,1333.117745850768
103850,-76.9434854772,40.2184816258,-502.4130796700008,311.20241559536856,1333.8608390847392
103684,-76.9438098292,39.7686844346,-394.0886141916191,222.5831648713155,1316.0095211872833
100588,-76.9478330225,39.0223997169,-439.8200016076406,257.0398798720369,1322.273532373723
203005,-76.9641699389,-12.0226217086,-574.5629270683805,379.49988364367283,1351.4281173103557
103966,-76.9643958739,40.6478078434,-458.71172772693336,272.70015897389476,1325.4067946392304
110647,-76.9645507779,44.9687295099,-314.5591956006925,181.07709630974517,1309.6284623432023
110614,-76.9730705886,44.2181934468,-484.63596772765493,295.2071613109076,1330.2199301847406
301606,7.69767003505,52.0149939689,-506.6909442393835,315.1104214750741,1334.778023603045
103935,-76.9810642703,40.5689039648,-268.99346533860137,173.34262833577463,1308.581469137404
201845,-76.9813102693,-0.47710713833,-558.6160475672532,364.02663310446536,1347.1648689677238
100589,-77.001665075,38.9850856218,-548.788545535602,354.5844861287048,1344.6441731456723
103819,-77.0024832081,40.1517758133,-343.9568479157019,192.8961540091506,1311.3148823997133
103869,-77.0060599134,40.2481495263,-468.28468011534176,280.88604673653697,1327.1152044275325
305084,7.70238940344,53.1817469074,-483.76022899634955,294.43011858576614,1330.0477018896277
100616,-77.0264430181,36.2896995238,-411.8239635805259,235.27645564306806,1318.2157657801763
103695,-77.0270996321,39.7980920041,-468.36722107895827,280.95729736710484,1327.1302865639377
100612,-77.0352400308,36.5727808932,-615.6438612222394,420.0909677871478,1363.38337080507
100568,-77.0435951685,39.5612201335,-526.7036543713749,333.66147277090573,1339.2788257054995
103698,-77.0472059758,39.8109401071,-461.23958315855594,274.84645332563184,1325.8500546732766
100446,-77.0473609758,40.8690648037,-457.31371897561803,271.5180434030444,1325.1640813366732
100587,-77.0477956598,38.9686644174,-551.2417299474419,356.9343800094689,1345.2657530035453
305061,7.70594501074,53.0102316502,-434.19641657562056,252.51910809536867,1321.4021698653034
305005,7.7066555058,52.5229202479,-456.30104806936095,270.6639597793346,1324.989348521293
100567,-77.0769289762,39.6314973233,-458.60405428422666,272.6089890448502,1325.3880395867118
301505,7.70772068089,47.5391463966,-604.64486556695,409.1314035102098,1360.0464329976699
103133,-77.0890380862,36.3268285748,-336.9165777547036,189.63392494342992,1310.8389756415172
110373,-77.0904179953,43.9356997454,-473.7101331053349,285.5926262761539,1328.119325495553
100566,-77.0933182476,39.6773301981,-364.67626024280025,203.8957800467663,1312.978021024088
100585,-77.1015389263,39.1146768195,-463.4439073901535,276.7271405383864,1326.2411940827367
305038,7.71050840812,52.7196495202,-526.9173196810907,333.86175845354245,1339.3287379613503
100584,-77.1145601703,38.9312324313,-554.5882201924379,360.14766267515586,1346.1218865696483
100457,-77.1270856144,40.4770914162,-311.32457461021846,180.08214110072464,1309.4912646195362
100590,-77.1274813824,38.8678976741,-555.2625088216196,360.7961675745161,1346.2955355745298
103862,-77.1354275901,40.2313626909,-493.7384174232869,303.3460242571376,1332.0497757231385
100562,-77.1563205008,39.7318004876,-449.9998365050645,265.39224436251425,1323.9225196132984
100605,-77.1639763064,37.8857691168,-451.4957014116854,266.6369309236054,1324.172589772123
100611,-77.1645854125,36.7687573244,-479.9049171278564,291.02233334595525,1329.297481031833
100569,-77.1688006878,39.5353899573,-480.89907893893775,291.89903701795134,1329.4896924698057
110655,-77.1688286098,44.8519870562,-392.69685081330283,221.62856966117886,1315.848402157905
100458,-77.1725805751,40.3227320855,-380.7245469729338,213.69137665806892,1314.5348222962648
100560,-77.1767951755,39.8024358514,-451.6772330950887,266.78827218565345,1324.2030723220882
103805,-77.1812757229,40.1106896989,-191.46405702069904,192.00451278361894,1311.1840174059193
103834,-77.1844409601,40.1779459075,-516.0448479090455,323.7281975333611,1336.8387114568648
100561,-77.1937197609,39.7813656567,-497.50265662325614,306.7436504635505,1332.8276188881878
103724,-77.1976836072,39.9356534434,-464.22416337388285,277.3948348020332,1326.3806727128901
104026,-77.2015533765,40.8896871494,-240.61579779394984,175.68459806965743,1308.8937590844985
100580,-77.2022030816,39.2019557857,-452.2541952979442,267.2696961489135,1324.3001491546333
100572,-77.2108178493,39.4403879895,-309.0985527469969,179.43497838450133,1309.4024232600527
103145,-77.218733569,35.6231535666,-441.9736811978744,258.7892350680966,1322.6147068434489
100591,-77.2270855447,38.8104244133,-431.43074748690174,250.32161115988785,1320.983990661936
110613,-77.23119291,44.1940447668,-447.03142481774086,262.93514588660736,1323.4321612813644
100636,-77.231317983,35.5646230098,-450.221140959102,265.5761172011042,1323.9593908421307
110372,-77.231792187,43.9648712998,-402.13475276001896,228.22385504379355,1316.9752930797536
100563,-77.2352210123,39.676508611,-412.26875512677486,235.60665242226784,1318.2747396643383
103744,-77.2391349716,39.9895062709,-445.81275115978235,261.93143599545044,1323.2331131490364
110371,-77.2478932034,43.9731058835,-393.39548388575713,222.10695567744798,1315.929061283987
100581,-77.2521646707,39.0016584722,-366.94228233196736,205.21572896514678,1313.183646709838
103180,-77.2609663085,35.3899346273,-493.75879607697607,303.3643693123351,1332.0539535393161
110605,-77.2724329464,44.4854167649,-442.7274844628556,259.4038173810824,1322.7350963225138
100559,-77.2900519079,39.8685510189,-553.5706441862771,359.169663827086,1345.860558150477
100574,-77.2937069222,39.3062205094,-401.95649366655084,228.0966997244758,1316.9532637860195
103179,-77.3022022089,35.3143124141,-599.0637095090964,403.5943663512253,1358.3910361607584
103844,-77.3055405501,40.2063010788,-484.1079608348003,294.7385314213467,1330.1160086533296
103132,-77.3058045242,36.3904385181,-517.6256472013303,325.19400994171576,1337.1944281492592
201847,-77.3063138382,0.0525553534943,-79.20919998611348,269.01631667444536,1324.6537559711733
103135,-77.3072035593,35.9770815559,-268.34579684048975,173.3341118171059,1308.580341014978
110604,-77.3100818535,44.4808301775,-460.3551497793489,274.09423995644687,1325.6943263621345
201844,-77.3151102689,-0.693772323257,-263.23143249834663,173.36913117976485,1308.5849801283364
100582,-77.3184736422,38.9021825159,-415.32275032144526,237.8884699265541,1318.6844651755964
100564,-77.3188750032,39.7072339995,-435.69169839542354,253.71438288899316,1321.6311068736973
100604,-77.3229188486,37.7729241975,-447.64980165683687,263.44557778638,1323.5336667522483
110606,-77.3270561539,44.547633455,-394.54843238051205,222.89994844656897,1316.063137387008
103895,-77.3353337786,40.3441762802,-222.05654656149645,180.13260014668035,1309.498204736095
305043,7.73516290416,52.7728130506,-419.80681336302166,241.28395048159348,1319.301231459842
301347,7.73556505919,48.2316306318,-670.6835825412311,475.73745267675577,1381.5440342062282
301512,7.73576725021,48.402775329,-624.8679991165193,429.3277284582786,1366.2576964081836
100598,-77.363877308,38.7359562222,-317.10714528966406,181.90573364170532,1309.7432918336244
110607,-77.3694307604,44.5395847154,-332.3413793106724,187.6539430069923,1310.5540038081313
103144,-77.3726310877,35.7308274965,-358.4251042053692,200.36931035172273,1312.4350098584982
100570,-77.3730841997,39.4772813365,-432.5667587266668,251.22213616003594,1321.154932726765
100573,-77.3773176211,39.3897309333,-483.36997684119495,294.08419727029246,1329.9711687309482
100628,-77.3814305314,36.2106022782,-445.65315939093296,261.8002153422738,1323.2071445260233
110600,-77.3850250197,44.1640198633,-467.76858594668147,280.4407985914918,1327.0210382982198
104025,-77.3930444744,40.8898004534,-205.89098224530562,185.7462975321759,1310.2822144936424
103836,-77.3933680684,40.1811156957,-457.51192460417326,271.68542667766104,1325.1983872765898
110549,-77.3933680724,44.1023029362,-381.0015823659182,213.869256621897,1314.563750260692
110612,-77.3937659574,44.510436799,-461.6208911815624,275.1711777670232,1325.9174075503884
100571,-77.4229166949,39.4186137547,-541.6860417358216,347.8088959139482,1342.873345721156
100599,-77.4271663872,38.589378598,-320.22800047256374,182.9737498487756,1309.8920519283922
100600,-77.4307825305,38.5686260993,-258.25060081051964,173.57758309151774,1308.6126133899766
100656,-77.4434877136,35.3685553766,-529.2138319059795,336.01724737304073,1339.8676744752097
103934,-77.4441595626,40.5678622157,-132.53952746421226,227.4237613461951,1316.8368774439386
110370,-77.4558239546,43.9772190428,-372.3044356246876,208.42394500549065,1313.6888274713704
100597,-77.4652772554,38.8691443642,-450.8732674035939,266.1184912602,1324.0682935415593
110608,-77.4681587876,44.4783669503,-448.19424799279,263.8956105321496,1323.6233179532567
100596,-77.4684675446,38.8811991812,-470.81546514403885,283.0756718541575,1327.5803668957803
110609,-77.472771661,44.4977553559,-429.96137085059615,249.16124039408368,1320.764596090526
100608,-77.4753798322,37.2265735573,-437.71924831479726,255.34302461545994,1321.9447245597007
104028,-77.4766881583,40.9226848711,-124.85193507358306,232.97178391342115,1317.8063767759108
100575,-77.4772187603,39.1187196198,-451.923672653623,266.9938268924904,1324.2445009023631
100595,-77.4853374,38.7811888109,-586.7828531228095,391.4719242307661,1354.8387586839958
103992,-77.4889482103,40.7140885858,-138.37092591374363,223.335784355449,1316.1370244564641
100601,-77.4935650967,38.4897552448,-289.9615068784947,175.18152621253353,1308.8263298457912
100646,-77.49756592,35.2937905374,-578.4676426581129,383.31508613350326,1352.5044361587086
100635,-77.5057473787,35.6901240292,-285.4351869468955,174.52987848910766,1308.739268554617
100655,-77.5104319691,35.54353343,-365.29619900935023,204.2547340170683,1313.0338118037307
103769,-77.5138641864,40.0360351597,-364.0253591585871,203.52066216490917,1312.9198202858752
103175,-77.5180067067,35.5731753065,-402.21158552299073,228.27869099982783,1316.9847969266943
100603,-77.5187522728,38.322924304,-444.4132140198928,260.7824525926711,1323.006153482175
110368,-77.5190765828,43.9941710942,-428.98828173865013,248.39556179169406,1320.6203654681626
103781,-77.5270209565,40.0688242965,-419.1985466378707,240.82026838541023,1319.2165084764035
100633,-77.5312521478,35.893757124,-495.97510930927535,305.36270340108564,1332.5104784578134
102989,-77.5312609668,40.0647478211,-480.8797370844555,291.8819666204344,1329.4859446453972
100615,-77.5397075295,36.6897126339,-547.5992656081924,353.44703055260584,1344.3446723135798
103139,-77.5441536649,36.002125543,-187.06698354070852,194.12840590005283,1311.496714654195
201840,-77.5482500002,-4.46883814461,-535.4359569446552,341.8822634362395,1341.3505420372921
100592,-77.5525597196,38.6104952538,-342.08961311024916,192.00607775562864,1311.1842465750387
103798,-77.5602376252,40.0980786779,-507.89414462854495,316.2134383348691,1335.0388508036056
103178,-77.5607325843,35.5271444737,-329.42082055915824,186.4496777944503,1310.3821110352148
103944,-77.5640836095,40.6078715501,-411.02523200859247,234.68488670351843,1318.1103104894123
103176,-77.5685199809,35.543409774,-340.9373533721168,191.4656841541363,1311.1052218567597
100594,-77.5687806179,38.8892866819,-337.79192818471427,190.0254987940828,1310.8956803511833
103795,-77.5723745202,40.0979183989,-514.434603395422,322.2378191696613,1336.4785844429648
100515,-77.5725038742,39.9148584777,-382.07748031230085,214.5627560871941,1314.6767552791007
100556,-77.5767787916,39.3308768934,-518.7095397016946,326.2005804106109,1337.4395736748897
104022,-77.5770052546,40.8560952016,-409.0483837092951,233.228462972529,1317.8517786579716
100558,-77.5770856796,39.2562578252,-357.7298340399111,199.987772432594,1312.376814674049
103181,-77.5811176899,35.0393690963,-386.75056126280987,217.62354236537797,1315.179759866729
100654,-77.581252141,35.4270903544,-252.014790085788,174.0800837327821,1308.6793610827153
100555,-77.5849255223,39.3645128912,-444.23125796384466,260.63336354333745,1322.976774083115
100645,-77.5897958427,35.2564673583,-527.580594081156,334.4837810221935,1339.48392836135
110566,-77.5932016809,44.2038257026,-448.1970277294698,263.89790972721147,1323.623776354083
103772,-77.593387902,40.0317350014,-530.861416977632,337.56675937403946,1340.2571065305876
103977,-77.593634465,40.6644960437,-466.45440551929846,279.308995985659,1326.7823144020153
100455,-77.5977067093,40.6647563048,-401.4645800902996,227.74631172147127,1316.892621694793
100456,-77.6015688356,40.6604247674,-300.7481704434392,177.2861519023438,1309.1096876227725
103174,-77.6016733196,35.6145867919,-318.048345986096,182.22171716613835,1309.7872150767191
201846,-77.6017897307,-0.122558484995,-188.8890168420656,193.23654609287124,1311.3649977475204
110611,-77.606192142,44.5630773223,-339.81249460877115,190.94473594633203,1311.0292471020873
100593,-77.6094722053,38.7228328801,-375.3737657636311,210.31235416118795,1313.9897567653534
110610,-77.6102431024,44.5021716513,-342.3426375557859,192.1256524795692,1311.2017620916135
101564,-77.6146629787,43.2238969785,-424.86178367554004,245.17367659676273,1320.0181537643434
100557,-77.6309172261,39.2189038081,-437.8851845482317,255.47671134098823,1321.9705536089139
100627,-77.6312522071,36.4604239099,-525.3811775792836,332.42280034193794,1338.9707662076225
103969,-77.6316751921,40.656077088,-391.65731398531744,220.91975406711072,1315.729201738916
100516,-77.6479337655,39.9394529528,-453.7954196439963,268.558792646962,1324.5609158054774
103177,-77.6510997937,35.5355051444,-486.39380664776075,296.7701347797706,1330.567663619049
103952,-77.6560407861,40.6271842657,-336.6914497790934,189.53387314938382,1310.8245052799625
103950,-77.6689753922,40.6233490973,-528.4178255174656,335.2695479109308,1339.6803590139893
100526,-77.6769068769,39.7109016348,-460.7234349308745,274.4073014517821,1325.7590888474049
100443,-77.690066927,41.3891104967,-139.53285931010925,222.53423016487815,1316.00124550341
103943,-77.6977566676,40.6064231169,-495.40083169124955,304.8443037344182,1332.3917757517022
100527,-77.6978867836,39.6352988766,-531.782552034784,338.43417748740933,1340.4758435208862
100577,-77.7190401494,39.0937770448,-474.45548073273164,286.2428353475197,1328.2592952278703
103173,-77.7260903709,35.5062787899,-464.3326362219425,277.48774087233613,1326.4001058903323
100528,-77.7303981113,39.4505906773,-463.78315707561427,277.01732204633726,1326.3017723298026
103939,-77.7308171253,40.5975518372,-414.29269724849314,237.11602229739358,1318.5453358157959
103940,-77.7308261333,40.6060556389,-400.4776409471072,227.04555545778655,1316.771612248907
103941,-77.7481672208,40.5983319173,-401.15954150514716,227.5294057027185,1316.8551268195313
103942,-77.7481672518,40.6061346139,-647.4680250516649,452.1181164338067,1373.5896715464576
103170,-77.7520573271,35.5564950521,-390.4557046013819,220.1049442584507,1315.5926349210333
100578,-77.7686108335,39.0442332227,-458.019713819683,272.11457390090635,1325.2864354171604
100525,-77.7726516038,39.4019022833,-485.1069768317483,295.6255337033625,1330.3128394286998
100523,-77.7732671088,39.5183706759,-478.30752438842865,289.61671015531516,1328.9904564640935
103847,-77.7809564485,40.2189056529,-327.0784039616133,185.518134008906,1310.249889378968
100554,-77.7895857472,39.2812578223,-390.1707161985675,219.9124100011661,1315.5604367127999
103930,-77.7897653972,40.5564443728,-482.3319255409431,293.16511937111085,1329.7682436377133
201843,-77.7939687546,-1.04350356919,26.282363302405543,365.200746746508,1347.4826084204794
103160,-77.7975757889,35.276747238,-433.8193118830364,252.21845378954225,1321.344747975879
100524,-77.7981096459,39.435196972,-445.5989723638878,261.75567297165287,1323.1983324144173
100576,-77.8097191879,38.9309521553,-382.79094751709,215.02497920369748,1314.7522718189166
100653,-77.8099717669,35.4895834556,-416.3757913768983,238.68110104943568,1318.8276849420558
100518,-77.8270546083,39.7145338521,-518.3942562786214,325.9076617974362,1337.3681611993475
100651,-77.8310964836,35.6023956139,-423.6021491093266,244.19842492634857,1319.8373632034975
100517,-77.8435711207,39.7687625796,-512.6292786214099,320.5702146610872,1336.077489182161
100519,-77.8439775147,39.7018780391,-445.6641479511203,261.8092487888181,1323.2089318481858
103967,-77.8447235658,40.6475754843,-277.89980876544996,173.75455431903612,1308.6360990428389
103169,-77.8561103367,35.6978407098,-444.84593754676627,261.1372834231538,1323.0761411820092
100652,-77.8584428859,35.4731390742,-401.8014223813195,227.98616338361344,1316.934123358428
103860,-77.8643156444,40.2314787439,-48.13598953783253,295.89873727919684,1330.3735780955944
100553,-77.8648948174,39.2187961911,-521.494719161759,328.79265631568126,1338.0741404789846
103168,-77.8893577614,35.5937373662,-373.5602214676002,209.19208014414306,1313.8109152258116
100650,-77.8899875945,35.6429506663,-415.80042945012787,238.2476550613672,1318.7493088960052
110367,-77.9020647445,43.9868198836,-387.8529687937909,218.35688677839727,1315.3013056235463
103164,-77.9022572385,35.6938009325,-332.09894538217765,187.55218940441517,1310.539437911672
100649,-77.9176951088,35.6769232421,-522.2505097781889,329.497414674248,1338.247488638953
100521,-77.9351161182,39.4242140311,-530.570909319198,337.2933580546178,1340.1882718331826
103915,-77.9394146956,40.4770472352,-430.65156849978524,249.70566732226357,1320.8674100243024
103165,-77.9476998833,35.6354436826,-415.13455213818344,237.74712461969915,1318.6589740476445
103171,-77.9478801963,35.5110580963,-422.4401547799923,243.30226078048483,1319.671847344008
100648,-77.9481456373,35.6897158311,-500.94345071071905,309.86487269492324,1333.549411871076
103167,-77.9518809096,35.6064223642,-299.48784431272514,177.00073461485334,1309.0710655367989
100514,-77.956249177,39.5563781431,-510.9686098079919,319.03938729874466,1335.7110186037287
110572,-77.956494325,44.3101643054,-486.09949152883905,296.50814632852246,1330.5092541619651
103163,-77.968372305,35.7214049057,-370.73444378797615,207.47248092261032,1313.538208394272
103166,-77.9728523984,35.5896880338,-220.19595127598376,180.699006187991,1309.5762388684286
110553,-77.9773265707,44.3806674112,-411.8562740037897,235.3004232392496,1318.2200437514298
305037,7.79807552836,52.7559677812,-514.6221233838435,322.4112368663236,1336.520407711429
110571,-77.9891927947,44.3686232222,-419.4405625864116,241.0046429000289,1319.2501781204435
305073,7.79958336949,53.1317166453,-329.88847547119843,186.63933610053863,1310.4091102978114
103991,-77.9983401665,40.7059044082,-355.0606065848262,198.5434026921286,1312.1574895278463
100513,-78.0302820161,39.7401011253,-87.141350040737,262.42214372482823,1323.3303352105952
110596,-78.0353716985,44.3273270138,-414.06505385439533,236.94569725966625,1318.5147166495037
110582,-78.0436071412,44.2829658201,-467.7933958893297,280.4621928171256,1327.0255597279363
100552,-78.0516763309,39.0976729631,-435.67949879173517,253.7046108453662,1321.6292309629243
110595,-78.0561097262,44.3147816038,-412.0820445734682,235.46797870101486,1318.2499624748687
100606,-78.0854190787,37.6729241502,-357.0397840988916,199.6112590549138,1312.3194920875555
100647,-78.1144632161,35.6895734051,-489.5338696305673,299.5726963636748,1331.195550990933
103946,-78.1264750681,40.6063660699,-245.10664941014434,174.94757978315891,1308.795037522467
103892,-78.1272318171,40.3220294054,-438.64901346398744,256.09285929063793,1322.0897651638886
100511,-78.1475824798,39.8810864389,-509.63028003687026,317.80792814473193,1335.4174155533165
103158,-78.1515650211,35.2357544626,-210.0536038686027,184.15397566772134,1310.0574343614405
301504,7.8154164928,47.5780649198,-516.1037474491363,323.7827652112748,1336.8519265869768
103162,-78.1559907445,35.7561131946,-433.56204887963725,252.01352943724075,1321.3056473015115
110552,-78.1561568055,44.2423648108,-413.5630412721196,236.5705845389111,1318.4473580847032
110594,-78.1601991249,44.3104328914,-412.98563175180584,236.13998485280018,1318.3701631248077
100520,-78.1604994779,39.169101225,-487.0176411016828,297.3258448233168,1330.6917195847243
103791,-78.1645319692,40.0896126622,-450.81853258603314,266.0729368460014,1324.0591385181058
103925,-78.1683450135,40.5323006488,-400.4508838611141,227.0265988840234,1316.7683437766489
103924,-78.1688574596,40.5270673594,-380.0068907501977,213.23190499162357,1314.460208556276
103916,-78.1726616199,40.4724985799,-352.42484953513815,197.1494296257497,1311.9472901657332
103159,-78.1761355062,35.27696256,-185.83972730027745,194.7383891168445,1311.587143413382
110365,-78.1799459765,43.9558764531,-471.7092065416733,283.85138415844483,1327.745985819621
100512,-78.1809724476,39.7642610993,-515.519511763339,323.2416617977193,1336.7209755566803
100551,-78.1896636033,38.927372909,-695.3630819144812,501.0444722750676,1390.4615628520094
101562,-78.1936999696,42.9939801615,-444.0621555806655,260.4948669828613,1322.9494965023684
103161,-78.2018855523,35.7311537956,-503.7580230473362,312.4287500400414,1334.1474875076722
110558,-78.2058713196,44.5564231568,-414.3730900193152,237.17620654880616,1318.5561601707882
110366,-78.210147195,43.9900235449,-427.9958357713035,247.61695256734095,1320.474138243604
103979,-78.210732147,40.6729769784,-336.3466507450359,189.38115866962562,1310.8024327985136
100543,-78.210808078,38.9139243989,-494.77107876220066,304.2763103705942,1332.2619365666026
305076,7.82229771237,53.0939281402,-335.17648608312277,188.86760855090034,1310.7283349844804
301395,7.82253311839,48.5849383341,-614.1067656272611,418.55572884057426,1362.9111096167335
305075,7.82306124243,53.0521374627,-396.10556713004166,223.97781659309396,1316.2461232221203
103965,-78.2313950957,40.6478713394,-452.75759479654164,267.69025346799833,1324.3850899089784
110557,-78.2352619391,44.4858492349,-484.3312711115359,294.93668142788675,1330.1599304681922
100632,-78.2379348173,36.2020905005,-364.20503976186416,203.62403199634986,1312.9358480054927
110592,-78.2398090954,44.7268968499,-320.2370228068952,182.97692126773356,1309.8924949353936
100454,-78.2605426712,40.2146129635,-172.79430499898112,201.6642206947521,1312.6333275061522
103922,-78.2647693355,40.510356569,-213.62224143747204,182.86861042776536,1309.8773695469486
110364,-78.2649361195,43.9561195101,-443.9623399000411,260.41314436919765,1322.9334073685282
110570,-78.2652132595,44.401823695,-480.48302878398044,291.53196679832234,1329.409147793391
110554,-78.2787997797,44.2063913678,-526.6169369530551,333.58019822736986,1339.258579670432
110591,-78.2934914579,44.7775632171,-292.06678007855925,175.53164904007278,1308.873238471235
110354,-78.2937072409,43.9478970714,-466.434140726741,279.29156581679325,1326.778645180818
100663,-78.2937523099,34.4062567739,-607.9457259479101,412.41395141748063,1361.0374946691334
110556,-78.2982419743,44.3522766209,-485.9249507223145,296.35283326089325,1330.474650774381
110574,-78.3060001339,44.2893654767,-559.3838465323048,364.7674479206147,1347.365238394538
100550,-78.3062603429,39.06039089,-441.5788289702857,258.46778103804155,1322.551847152383
100510,-78.3097248172,39.5823134182,-235.52524912940532,176.682462512959,1309.028069649805
110360,-78.3102574513,44.0023611829,-510.81817029909234,318.9008610625079,1335.677937886922
110564,-78.319039389,44.3018457577,-450.12967386565094,265.5001094569503,1323.9441463646058
110555,-78.3229503883,44.2728005683,-557.239716235389,362.69978004812083,1346.806936802156
110357,-78.3270570247,43.9897434249,-446.30210088589894,262.33411155507326,1323.3128808625877
110358,-78.3351524423,43.9984308856,-519.9479876416459,327.3521775896819,1337.720913622927
110597,-78.3355371254,44.2601254262,-552.1372335076929,357.7933754765097,1345.4939219878797
100548,-78.3361970104,38.9775077402,-382.073009160094,214.55986529045546,1314.6762834876538
110567,-78.343561726,44.5647034954,-396.6043440096371,224.3247309625176,1316.3051999794186
110559,-78.3439853011,44.5563474758,-421.6547996432066,242.69848861893914,1319.5606658844333
110359,-78.3519555657,43.9976119925,-526.2435793206503,333.2303583265347,1339.1714850167182
103154,-78.3523576598,35.519288353,-508.3188329945823,316.6031614122623,1335.131213172582
100644,-78.3525065248,35.3143442461,-370.5624507041671,207.36885158648028,1313.5218441958805
103831,-78.3813005832,40.1728499681,-491.27087384601975,301.1287221122132,1331.5465826821028
110362,-78.3942295552,44.0598800867,-452.56809159245574,267.5318797851449,1324.3530878405597
301594,7.8396274268,51.689737756,-556.9492298488689,362.4199193385005,1346.7315963118922
110593,-78.3965559444,44.2269751165,-403.7718863405009,229.39614885125897,1317.178950514789
103903,-78.3972387165,40.3521197619,-424.8373027429683,245.15468539968774,1320.0146265647484
110356,-78.4058745832,44.0366929518,-498.2290657191562,307.4013730007539,1332.9791441332459
103911,-78.4105791616,40.3976527067,-415.5808521219697,238.08247059921462,1318.7194763777768
103753,-78.4225189016,40.0056453962,-244.2402458433102,175.07922198480944,1308.8126407329119
301393,7.84381710915,48.3400192958,-572.0611921040238,377.06078016225786,1350.745211543621
100547,-78.4433821113,38.9439757074,-523.0277988766948,330.2228218807759,1338.4262798758675
110355,-78.4474756136,44.0103111946,-431.9524597112385,250.73480919332042,1321.0623524696564
110363,-78.4477481196,44.0190945133,-455.0884812058173,269.64374532480565,1324.7813192992419
110577,-78.4600089967,44.1349040489,-414.62790353245066,237.36708262847154,1318.5905075067858
203013,-78.4603108617,-0.302004802842,-723.7527137889847,530.3713996651586,1401.2964055310463
100502,-78.464529805,39.6603709597,-538.739633713527,345.01068133135516,1342.1513196373116
301394,7.84766900846,48.5380995792,-516.5580588609806,324.20378755106333,1336.9539597285714
100549,-78.4932610544,39.048037863,-250.2033978936355,174.27610325896944,1308.7054499537253
100542,-78.5105558128,38.6352243138,-517.2765774974315,324.87010426607515,1337.1156940284943
100509,-78.5184697675,39.3517932101,-567.2456032614984,372.3777020281331,1349.44542221581
110361,-78.5270169692,44.0234692357,-449.9272452384434,265.33195185882875,1323.9104347532984
100541,-78.5352787819,38.6441856786,-396.73778715770095,224.41767991839978,1316.3210435267717
110575,-78.5389577422,44.3433609471,-430.4942708156601,249.58149357393535,1320.843941011219
110561,-78.5437554496,44.5399764814,-534.2575528651248,340.7687480602692,1341.0671624590675
110353,-78.5809511907,43.906713522,-452.31053992850775,267.3167445959993,1324.3096452540299
100642,-78.5811571577,35.760716469,-522.2484754362162,329.4955169181479,1338.2470213830516
100630,-78.5896403544,36.2771923417,-547.5423795904298,353.39265234024896,1344.3303765442213
100631,-78.5934829847,36.268871357,-395.05813066348225,223.25190230918324,1316.1227930767404
100505,-78.597418611,39.0434179956,-170.02983712922324,203.23096911402874,1312.874945064639
100453,-78.5983816281,40.2733868844,-167.06599054005696,204.94724811256577,1313.1417170588884
110352,-78.6101265231,43.9144501816,-441.2613124954367,258.2095236706718,1322.5013998804263
103153,-78.6104102571,35.8104959131,-500.4563238010143,309.4221046982772,1333.4465993984775
101058,-78.6143400954,41.5356454458,-132.7430850055821,227.27926803117742,1316.8119304776365
100641,-78.6148232555,35.8145992885,-675.1963051201212,480.3505536590742,1383.1393454645236
110351,-78.6220507221,43.9563321191,-432.369163810439,251.06528887507247,1321.1251166522327
103134,-78.6228136031,36.4929162226,-258.24074568207993,173.5781657467361,1308.6126906749196
101059,-78.6268405405,41.5394424151,-177.65964885325897,198.9890927451133,1312.2250011347044
100607,-78.6354192332,37.4145907428,-206.12651526794104,185.65356679268325,1310.2690721505628
100546,-78.6355428532,38.7440088218,-321.58245417376924,183.45521266364918,1309.9593923572274
101064,-78.6394453405,41.4188824512,-83.51139918819237,265.424739285457,1323.9290338972874
103732,-78.6444659809,39.9442566671,-248.11850760025516,174.52944881340647,1308.7392112543137
100624,-78.6475150912,36.6396013787,-315.65636158768024,181.42909984272794,1309.677178865538
100501,-78.6520860266,39.4479244891,-198.56477673980328,188.78451985692237,1310.7163650115383
100504,-78.6561288309,38.9890055091,-246.17570531893207,174.79213107555913,1308.7742676479343
110576,-78.6606443353,44.7435753452,-384.1341377952838,215.9001835569513,1314.8956931374355
103152,-78.6606730703,35.8189522678,-475.017832647804,286.7339738494164,1328.3652232465774
100507,-78.6684535869,39.1352219122,-474.584664400122,286.3556168172716,1328.283604451343
101062,-78.6687659679,41.4815346123,-171.61826970497248,202.32666142999693,1312.7352636753765
100619,-78.6689214729,36.8392794412,-406.58690736592996,231.43058123767662,1317.5347845516112
100626,-78.669269104,36.5147562864,-329.87344750814896,186.63322255469413,1310.4082395698683
110348,-78.6727172883,43.9027097577,-455.6478373972442,270.1140345356335,1324.8771211793828
110347,-78.6768278256,43.8976506193,-468.58833479248773,281.148220818452,1327.1707187249247
100508,-78.6770025376,39.2187468141,-402.79901409949525,228.6985337945847,1317.0576350073843
101060,-78.6771192856,41.6064987887,-214.45251699894757,182.58029523486343,1309.837149717285
101063,-78.6807991369,41.4975949617,-256.74573877130126,173.67432393957625,1308.6254488459715
100545,-78.681409047,38.7020683554,-435.0389128350265,253.19195673956267,1321.5309158430841
305082,7.86821333816,53.1447482744,-307.97324227179485,179.11959774937068,1309.3592420987252
101066,-78.6849779473,41.2942912279,-226.71076123248739,178.8099333353776,1309.316916117276
203008,-78.6892956036,9.23266514706,-207.25616528963764,185.21318066995659,1310.2067458478962
103151,-78.6976738363,35.8733795603,-394.15800877104385,222.63092870528482,1316.0176005614928
110661,-78.7070079861,46.3186040846,-403.92520264052996,229.50634614819077,1317.198146633127
101090,-78.7146054277,40.4482773239,-396.7545518915807,224.42936131263292,1316.3230351211848
101089,-78.7146827447,40.389599444,-282.0291045614555,174.13126704422558,1308.6861704525952
101076,-78.7148533317,41.1063796743,-267.8602346857498,173.32963641881122,1308.579748212744
100623,-78.7184835551,36.5855039062,-386.5991115141064,217.52312685702213,1315.1631477839956
103150,-78.7224437904,35.8348724741,-394.18926069077963,222.65244434881862,1316.0212405375362
101067,-78.7263967337,41.2690601578,-172.04606980795995,202.08498730204005,1312.6980371221393
110619,-78.7266771347,46.3818526878,-465.81980055051355,278.76348307787435,1326.6675823540575
101061,-78.7268102387,41.598023628,-172.4232657667371,201.87256545331056,1312.6653523477157
110585,-78.730279437,44.3276788698,-450.34096264393133,265.67571159770176,1323.9793723107612
103155,-78.7352802834,35.6939464645,-353.81891728731375,197.88267143019945,1312.0576764090074
110562,-78.7356370435,44.5357650361,-398.73060298366244,225.8124991267239,1316.5595616352905
101065,-78.7393452048,41.4229583135,-206.99073452373418,185.3160064013654,1310.2212854323514
110565,-78.7481855025,44.3960405925,-449.6778579825031,265.12489472597895,1323.8689528706811
110349,-78.7482272105,43.9726255575,-422.76048001733557,243.54896828546794,1319.7173540286449
100643,-78.7522247338,35.7224864468,-411.2205861621335,234.82940863028747,1318.1360497798028
100622,-78.7555792321,36.6691109202,-249.88351750600827,174.31304898998079,1308.7103704103652
103157,-78.7689885012,35.664349312,-388.42314873546906,218.73784047869134,1315.3646024691152
100488,-78.7729194086,39.6229245196,-367.455857092338,205.5178844113576,1313.2308994934483
100629,-78.7729837036,36.3436762922,-292.47176130459354,175.60240311682793,1308.8827291059563
103149,-78.7854626306,35.8308208298,-486.8693328599686,297.1936836399512,1330.6621961140006
110568,-78.7859531006,44.5736687852,-514.290485325979,322.1045651967091,1336.446461887648
110346,-78.7928636452,43.9144729126,-415.80050945752066,238.2477152731331,1318.749319773974
110563,-78.7975412436,44.6581591712,-410.72472617973403,234.46278255521528,1318.070783749866
100500,-78.7984572567,39.301943229,-474.2738804248437,286.08433597228225,1328.225147277431
100487,-78.8101142426,39.6564214153,-309.951791326034,179.67939105582005,1309.4359389224207
110581,-78.8187210203,44.2897491297,-433.0463208013865,251.60317371477092,1321.227441281325
110345,-78.8229357997,43.8809351779,-458.407651390148,272.44274285116836,1325.3538556565636
110590,-78.8278178621,44.1312078986,-412.64029997349724,235.88289277509526,1318.324138319328
100540,-78.8352432377,38.2187964494,-449.86009756889615,265.27618974965696,1323.8992602987387
100621,-78.839041594,36.7439432654,-386.68278191281587,217.57859276997493,1315.1723227787354
101080,-78.839231521,40.9855921723,-398.32203340982056,225.52550801358936,1316.5103681081434
100486,-78.8407816322,39.5645549627,-370.0598635302034,207.06672035289557,1313.4741798943578
110344,-78.8438020044,44.0189316113,-404.20388597720887,229.70683189896496,1317.2330937205118
110342,-78.8643222481,43.8897234666,-442.43920181509634,259.16863864664555,1322.6889951267483
100538,-78.8645185031,38.2603589768,-572.7965729428696,377.77731632323275,1350.9454079643024
100537,-78.8727275458,38.2189506274,-855.2568326721463,668.3603713265046,1459.1241826969888
100539,-78.8769986492,38.1316295872,-504.4721615798643,313.08078257361075,1334.3003301312476
110343,-78.8809439345,43.9728789115,-488.03869026258576,298.23654606453823,1330.8955000224312
110341,-78.8850378858,43.9480293834,-437.2035595396646,254.92794132859507,1321.8646110103286
100533,-78.8851375578,38.431243641,-547.2842085320067,353.1458960117223,1344.2655312256481
100640,-78.8888914691,36.2402849317,-278.86324596586473,173.83196593093936,1308.6463796422877
100544,-78.8890163472,38.6393955672,-298.21088230802167,176.7221093700251,1309.0334214647244
101077,-78.9017023252,41.078682153,-366.9665933509207,205.23000722182226,1313.1858780978878
110340,-78.9019996262,43.9436273171,-434.4969663968342,252.75895613471835,1321.4480256437498
110663,-78.9054297305,46.2852909368,-291.54680653655794,175.44241201850454,1308.8612739730374
103148,-78.9062668486,36.2398687706,-836.6757979120072,648.6979615749048,1450.2230310965579
100534,-78.9144975473,38.3394340404,-529.4043725804179,336.19631447639586,1339.9125928354295
101088,-78.9187528316,40.2854246434,-431.79517449407933,250.6101728558876,1321.0387024271126
100489,-78.9193390307,39.3395642481,-332.1722983792856,187.58294294146822,1310.5438394246999
101561,-78.9312529927,42.4604250533,-390.0112714381539,219.80481167647667,1315.542454581981
100618,-78.935280418,37.0816739963,-239.06019669549656,175.97133416434028,1308.9322767122176
101087,-78.9394655623,40.2858210584,-310.29748903448507,179.7797094772435,1309.4497082787004
100499,-78.9436236837,39.1398309706,-217.70266854913677,181.49122945183677,1309.6857871029183
101092,-78.9446455378,40.6729807024,-357.4771303194693,199.8496388206848,1312.3557721548718
110589,-78.947536073,44.2019230754,-424.4853025902439,244.8817823635355,1319.9639699268287
101086,-78.9520344264,40.0936398185,-388.01438598247546,218.46461998942394,1315.3191950087917
301605,7.89537317641,51.9687894741,-605.8179571819951,410.29733546657485,1360.3976249841155
100498,-78.9562527597,39.0104243909,-267.5202670434543,173.3274769667556,1308.5794621814575
110337,-78.9604124731,43.9356497804,-438.58366036195105,256.04009250610653,1322.0795450887163
100532,-78.9608657861,38.4854968284,-575.0318040490165,379.95748516763666,1351.5566895644322
110336,-78.9644257644,43.8560194298,-425.44438287736443,245.62606358698895,1320.1022527382836
101039,-78.9980668952,41.6355881161,-191.8443674950015,191.82540660536785,1311.1578017884676
110335,-78.9988574822,43.8483275232,-470.9605457748487,283.2015066141439,1327.6072039274165
101124,-79.0061520929,39.8147105624,-316.27688335325536,181.63140993080088,1309.705220133486
100530,-79.0146607676,38.3855095212,-501.8035311041686,310.64733522973296,1333.7314427787874
305074,7.90301582204,53.0688125911,-265.80457112183865,173.32881984991448,1308.5796400532968
103192,-79.0311841589,35.9270372288,-385.3483998033379,216.69695892676728,1315.0267550812648
101125,-79.0393232426,39.8356269752,-400.0598881211442,226.7498429722353,1316.7206559705003
100657,-79.0396109076,35.9268397307,-426.93473338874276,246.78707432159692,1320.318770079281
110333,-79.0398417446,43.8391985194,-462.61200096944356,276.0163910318337,1326.0930746707372
101123,-79.0472226223,39.7273427312,-312.64159650456503,180.47949533281619,1309.545968191663
100535,-79.0598693383,38.1517226688,-475.01419042401346,286.7307912957798,1328.3645362808193
100531,-79.0600589343,38.5103363365,-216.41607721409912,181.91476800476408,1309.7445466157433
103193,-79.0603798773,35.8896585687,-353.02508055747404,197.46401702008646,1311.9946008231743
103147,-79.0645500627,36.0894297572,-410.19654635655456,234.0730184915186,1318.0015070390405
101563,-79.0689973181,43.2643234669,-754.143500064724,561.9817921195888,1413.5633446172112
100536,-79.0856348984,38.0939628721,-450.0451360590924,265.429874211052,1323.930063370096
103146,-79.0894388047,36.0647605302,-462.8539804024077,276.22300686631684,1326.1360956152732
100620,-79.0937974341,36.6440209351,-509.23858749969327,317.4478941953805,1335.3317790349083
101126,-79.0980863845,39.9736969876,-418.77458071556134,240.4976448723969,1319.157652352675
301487,7.91018499164,47.5854800074,-242.68491028720484,175.32821744167677,1308.845971993163
100485,-79.1022582288,39.5731728204,-187.5308234921006,193.89979743714485,1311.4628954025416
101081,-79.1103381165,40.8397782942,-359.5812363338176,201.0085544975706,1312.5327552303806
100658,-79.1147709128,35.9228071704,-394.0959772893144,222.58823209482097,1316.0103782412011
101068,-79.1184280351,41.4565845163,-216.77963926032945,181.79407500596014,1309.7277886182017
103191,-79.1226984845,35.77278906,-273.8680667902364,173.50007415742877,1308.6023346701186
100496,-79.1266283638,39.0687271367,-232.93002799084596,177.25672944881313,1309.1057034121964
110278,-79.1268594168,43.2518652458,-439.039332535268,256.4081982128949,1322.1508834782187
110334,-79.1269975529,43.9606514255,-461.9346385423311,275.438556289875,1325.9729231256956
201905,-79.1395779359,-0.239463578668,-396.6547377377742,224.35982568920156,1316.311181276958
110662,-79.1433451582,46.2689232695,-349.11900704419185,195.44747599763056,1311.692612789024
301513,7.91472275701,48.6822539281,-619.7873669373821,424.2351712445886,1364.665993967893
110331,-79.1597841566,43.8108671341,-425.29681987175707,245.51140277082501,1320.0809230732598
110221,-79.1599609596,44.4311458684,-447.98864134794815,263.7255898995961,1323.5894308052411
101122,-79.164514509,39.6856157667,-394.3381205360254,222.75497202763054,1316.0385906706847
103190,-79.1686116343,35.772868861,-288.04025423344837,174.88800761200986,1308.7870757987907
100495,-79.1723718886,38.9939481805,-330.33389612471774,186.82110784800204,1310.435012089118
100497,-79.177021364,38.9227751706,-284.0180754930858,174.35442089624544,1308.7158815638772
110220,-79.2022702401,44.3151433488,-503.66288028949805,312.34192704385015,1334.1271580928549
101127,-79.2060742494,39.9021311207,-375.4101592841295,210.3349668827755,1313.993376263758
101069,-79.2106316328,41.3356213943,-220.80245482642363,180.51203363909778,1309.5504529646707
110212,-79.2143672951,44.3314848051,-457.98983834773856,272.0893124553662,1325.281248838859
101070,-79.2264567371,41.3148287555,-227.43387891891595,178.61665025382646,1309.2905339607973
101085,-79.2354196268,40.7187580472,-277.8997466933036,173.7545495375273,1308.6360984079727
100529,-79.2400508982,38.3313783167,-208.98341534261453,184.55387798150136,1310.113708213704
101093,-79.2479559839,40.1935180808,-277.6897920407086,173.73852834559892,1308.6339712857625
110282,-79.2518712152,43.1311619818,-484.05928832137045,294.6953521575173,1330.1064412875742
101078,-79.2561200025,41.0393744898,-391.73650887074996,220.9736266245124,1315.7382483742888
110281,-79.2603218849,43.1601275132,-516.439208698067,324.093624798284,1336.9272501547503
101091,-79.2605463689,40.3982613327,-359.29027171820474,200.84711305543408,1312.508040887428
100494,-79.2680255635,38.9895476952,-285.90457964444033,174.59100795358574,1308.7474220145386
101128,-79.2813933786,39.9611329365,-349.83874787951123,195.81356310119517,1311.7472111904174
100484,-79.3068917757,39.301896657,-201.53911547368563,187.51545665392698,1310.5341815670365
305072,7.93080170434,52.9378902122,-516.8812003777934,324.50338458563283,1337.0266419106924
101119,-79.3150415794,39.5389865526,-229.54666469939104,178.07096154994954,1309.2162013658306
101129,-79.322533498,39.8189781168,-175.66112475598484,200.07504993959043,1312.390117373558
101040,-79.3228143011,41.5148486961,-180.92545915564816,197.25408707251316,1311.9630213684613
101082,-79.3229860571,40.8563296496,-314.0193641128619,180.90658951242023,1309.6048979369566
110332,-79.3230735911,43.8975458792,-442.58107847210476,259.28435898105596,1322.7116743204729
110210,-79.3267318324,44.1687078447,-439.4806663700805,256.76514540427326,1322.2201535545921
101041,-79.3270205514,41.4394567529,-182.85422442009764,196.2529131477172,1311.8128679390277
101037,-79.3354006461,41.6437772978,-154.99240987122553,212.31009720213123,1314.3109875312732
110664,-79.3393530744,46.335485788,-396.04313679116416,223.93445068575028,1316.2387445958962
101036,-79.3517587484,41.585589664,-150.86117094645678,214.95893717854833,1314.7414723984268
110330,-79.3603252832,43.689516616,-529.3689917497311,336.16306152044024,1339.9042497515438
110218,-79.3604290142,44.3047457119,-458.8005849760424,272.77541230163877,1325.4222799273373
100491,-79.3645431705,38.5397646159,-198.99216489774096,188.59921912888595,1310.6896886858756
110230,-79.3647413775,46.1974608295,-411.2846517714773,234.8768272193416,1318.1444983521633
110287,-79.3728825232,43.1521152376,-446.57447693323337,262.5584518877433,1323.3573724542969
103186,-79.3771902606,36.0563034665,-568.646748135927,373.7386439287673,1349.8216061899311
110229,-79.3775600986,45.8479846796,-439.44589237710886,256.73700536749766,1322.2146892606065
101079,-79.3855061622,41.018311562,-408.0543479424347,232.50031073749363,1317.7231078889386
101121,-79.3933799509,39.6601520926,-153.94861730239631,212.97335666261066,1314.418291572204
101120,-79.4059366209,39.5105649203,-335.4291842143208,188.97789029255074,1310.7442304244087
101117,-79.4061590079,39.4053826186,-397.10351816638195,224.6727191766664,1316.3645487909832
101035,-79.4090087002,41.6812114589,-225.01432821769012,179.27633106129173,1309.3806923313973
103189,-79.4102805063,36.0361182028,-464.4596227205003,277.596529015622,1326.4228690327127
110215,-79.4226568983,44.2223777531,-411.0762374560071,234.72260996644314,1318.1170275058703
101118,-79.4227757173,39.5063074889,-178.1125764793208,198.74551718477036,1312.1880868124406
103548,-79.4391774917,39.1479355213,-220.89031966287797,180.48513401192892,1309.546745317156
110207,-79.4517908897,44.0815150415,-451.08453240233706,266.29437567601184,1324.103654963662
101116,-79.4522663148,39.3684403335,-314.69853008952623,181.12139361789772,1309.6345878898971
101094,-79.4557963311,40.3603007716,-326.44411367430104,185.27121117127996,1310.214950403301
110228,-79.4603806604,46.3016733612,-438.73152126126917,256.1594900836754,1322.1026733697274
101115,-79.4643644298,39.3644143022,-320.47628961684774,183.06120054223464,1309.9042704394149
110217,-79.4647921038,44.4978423739,-439.14129367496787,256.4906265148223,1322.1668714883979
110208,-79.4728580255,44.0222089076,-464.926355871811,277.9966087989803,1326.5066562498603
101042,-79.4729397465,41.4645167109,-225.66137196743688,179.09630288260703,1309.3560555775769
100493,-79.4733304445,38.8602140825,-126.83357369703327,231.52500353677624,1317.551373508508
305071,7.94800370277,52.8701996996,-404.25399236776025,229.74290319056513,1317.2393845227532
110324,-79.4892472668,43.6264106868,-408.8293415917623,233.06776723860168,1317.8233488207131
110219,-79.4899560369,44.0948402946,-460.41247410718483,274.14295298681606,1325.7043988928237
110327,-79.4931455521,43.6483340536,-527.6521717095527,334.5509323802797,1339.5006983678531
103579,-79.4933915302,39.3814900306,-297.7001817113835,176.6136643135624,1309.0187855770885
110227,-79.5063355362,46.3274791003,-364.16631034673344,203.60173936181468,1312.932390811731
103570,-79.5100586885,39.3313596764,-273.37593703579466,173.47670632761321,1308.599236668633
101130,-79.5102083596,39.8353612721,-269.5795211227435,173.35284342440067,1308.5828223290937
101083,-79.5143513389,40.8648322453,-336.4671121665073,189.43444025074658,1310.8101318362494
301392,7.95190479509,48.4478882037,-475.8868990590943,287.4939388501086,1328.5294725549004
305023,7.95257030114,52.3263908557,-531.4796686507952,338.1488694592478,1340.4038393290355
100492,-79.5306481322,38.6147552351,-111.99235504907303,242.62417706173255,1319.5470002490758
100490,-79.5389843779,38.443589682,-304.4067367655091,178.17286268910857,1309.2300651796395
101044,-79.5432249603,41.7107698363,-200.5742237108073,187.92188012264276,1310.5923956746738
100667,-79.5477542437,34.2060681054,-511.6740614820119,319.68930988995544,1335.8664040349872
110206,-79.552060827,44.1138277111,-448.5293022676984,264.1728523086029,1323.6786205375965
101071,-79.5600503157,41.1772922782,-313.85805622049503,180.85598511458517,1309.5979084907012
305029,7.95601185743,52.5613873741,-560.4949870105186,365.8403142836486,1347.6560874817471
110322,-79.5602745867,43.6068778832,-396.1422724756196,224.0033190340843,1316.2504630615472
101043,-79.563941317,41.5347913227,-247.64102873532224,174.59163362442789,1308.7475054811368
101084,-79.5687731754,40.7564064193,-318.39868519372624,182.34068735924615,1309.8037718826793
101095,-79.5688634844,40.5689428948,-392.45935326492844,221.46631279486476,1315.821082926704
110204,-79.5768535211,44.7684355133,-388.75535082368253,218.9603123237109,1315.401616596372
101045,-79.5812825024,41.7229337923,-267.3124146094928,173.32655188988682,1308.5793396510162
101096,-79.5889140431,40.6024169556,-379.8887542977955,213.15645312244456,1314.4479708528568
103554,-79.5942386965,39.1852487263,-115.57844455737165,239.88812032116581,1319.0466651497488
103188,-79.5978359408,36.0686275225,-439.6593785176806,256.90980472382114,1322.248252914211
103187,-79.6024956202,36.0647893492,-533.4220599563143,339.98002921157774,1340.8669638835006
103632,-79.6031055582,39.6439783973,-278.62895793984285,173.81255294395712,1308.6438010904064
301461,7.96064477181,48.7104510175,-569.8118125068224,374.87131484770185,1350.1356588384356
110630,-79.6092218968,47.4070193426,-508.0625503833264,316.36795434155005,1335.0754574576333
101104,-79.6101409188,39.7688186306,-234.24703988459459,176.9598130871547,1309.0655331263183
101046,-79.6104901419,41.6311097667,-235.36136012084177,176.7174264006592,1309.0327892627918
305083,7.96119928086,53.1194433263,-403.38897239259666,229.1212340635682,1317.131099955606
101075,-79.6181840675,40.9927904679,-326.9978776008561,185.48665949824834,1310.2454332770144
101072,-79.6185347305,41.1686435155,-323.7246351675435,184.23857651503053,1310.0693293286947
110510,-79.6185510015,42.9022216029,-435.50334573611576,253.5635466601612,1321.6021590351356
110318,-79.6343997858,43.5480793163,-473.0679694859427,285.0331215445983,1327.9991246039694
110203,-79.6392746922,44.6521279987,-414.76730037553926,237.4715765034882,1318.609322058093
110665,-79.6397612453,47.4228072349,-469.32388610291866,281.78391330570065,1327.305529397556
110202,-79.6475018779,44.7060326201,-482.0123357397806,292.8824690171832,1329.705958183633
110213,-79.6512986142,44.3722610855,-474.29779006157935,286.10520121408763,1328.229641565496
101134,-79.6640362443,40.3312400822,-411.85199135790367,235.29724624255513,1318.2194766656958
101105,-79.6644644813,39.7652404433,-271.7488547538488,173.41138725953547,1308.5905791357081
110297,-79.6688846537,43.4439303317,-444.93284413895253,261.2085922148262,1323.090217339053
110323,-79.6765746063,43.677335072,-429.95781479736064,249.15843826043255,1320.7640674730021
110214,-79.6772493614,44.0146750379,-425.9446964491916,246.01521687659493,1320.1747162804966
110328,-79.6776936284,43.7566860896,-485.8015068926245,296.2430137702475,1330.4501936484246
101047,-79.6933821117,41.4810998483,-204.33612200935903,186.36628358047162,1310.3702477647485
103550,-79.6980151371,39.168714474,-123.73948149356892,233.7889114672011,1317.9510801605916
101074,-79.7025395895,41.0852835706,-168.98587958577926,203.8312284952612,1312.967998193916
110209,-79.7186633388,44.8020880651,-517.8400443684754,325.3930149768757,1337.2428383682573
103547,-79.7187643128,39.1480975813,-108.90372665172475,245.00681842701545,1319.9871725313017
110325,-79.7187891348,43.8896022496,-461.9740141210829,275.47212457281336,1325.9798965248724
101057,-79.7188246688,41.2272183243,-282.20206513297995,174.14959881215648,1308.6886097685297
110293,-79.7188506598,43.3938257456,-449.21590800597534,264.74167340469563,1323.7922602162962
101073,-79.7230969582,41.0523954378,-281.4316104967402,174.06951583583535,1308.6779553865704
305081,7.97241016279,53.1105693425,-205.83606845893664,185.76796240908982,1310.2852858935248
110201,-79.7309603878,44.7309476262,-379.17569244223336,212.70213984465883,1314.3743739383951
101103,-79.7479197082,39.5895911408,-106.96401627072345,246.5151864641371,1320.267977241325
100668,-79.7520860666,34.0479233153,-487.607966836164,297.85219825723885,1330.8094253416305
110299,-79.7726456853,43.4979052332,-459.8095624400763,273.63090022754886,1325.5986059629024
101097,-79.7729197843,40.5645913295,-309.38623538051144,179.51687787359884,1309.4136489333448
110189,-79.7767598656,44.1230100519,-442.504951284444,259.2222613776775,1322.699503048674
100662,-79.7773239287,35.6604292157,-458.845048484588,272.813073787923,1325.4300312732719
110199,-79.781423849,44.7232562386,-478.10175440319233,289.4359180578692,1328.9510695407312
110429,-79.7850657943,43.2318414052,-426.4032142330368,246.37239430360137,1320.2413231096582
100661,-79.7889639366,35.760174811,-455.1228599025984,269.67263325279885,1324.7871994010773
110200,-79.7894596437,44.6854253244,-478.7122735020428,289.97251154266314,1329.0680388986154
101054,-79.7977089943,41.5523164942,-360.101084198826,201.29792892676596,1312.577102787359
110300,-79.7978339864,43.4775395915,-463.8007531124074,277.03237838233866,1326.3049171452344
110326,-79.805805558,43.9266106356,-450.0235761362809,265.41196412211553,1323.9264727584425
101131,-79.8062531051,40.2395912656,-353.80723835342746,197.87649083104014,1312.0567442740648
103605,-79.8103638084,39.5146744106,-243.64158770222764,175.17313693197056,1308.8252069982602
110186,-79.818257425,44.2485774193,-467.8848098758649,280.54103005484404,1327.0422239385168
110428,-79.8190387401,43.2020785457,-415.35856235518787,237.91537715046695,1318.689319459326
101133,-79.8272195108,40.4062686584,-351.46172916675545,196.64820264919615,1311.872063189323
110180,-79.829489778,44.1630692912,-456.5784984586137,270.8977754348373,1325.0371312936838
110291,-79.8309684291,43.4271953893,-426.59792236812143,246.52422240777867,1320.269664426632
110329,-79.8357449115,43.9232741024,-520.6716736336518,328.02584504779236,1337.8859254774939
101099,-79.8433860031,40.5111872361,-362.15597458909394,202.45346076164955,1312.7548127300163
110196,-79.8437028182,44.7310855002,-476.1023689377208,287.68253701843264,1328.5702979808082
100670,-79.8441020512,33.6607725333,-500.2789767954065,309.2609791486036,1333.4092199304025
110294,-79.8481684735,43.43545454,-468.27765908493745,280.87998658768095,1327.113921800592
110192,-79.8558812532,44.3396966348,-454.2639401481513,268.95154970231835,1324.640604337165
110194,-79.8561142162,44.4608499059,-496.3520013122395,305.7031509921219,1332.5885378082626
110301,-79.8562824422,43.556244594,-460.3206544507467,274.064929317925,1325.688266544398
110198,-79.8602724495,44.5771353615,-478.9565543623353,290.1873682377391,1329.1149322975032
101135,-79.8604197985,40.389591292,-395.7565967345312,223.73557276653744,1316.2049236697992
101098,-79.8604198125,40.5770913285,-282.8321501423359,174.21811121454994,1308.6977286014585
103572,-79.8682313062,39.3353341038,-171.32801015984967,202.49109068667372,1312.7606165554064
110433,-79.8685703482,43.302271708,-448.9573539735835,264.5273652339618,1323.7494179523078
110304,-79.8686032522,43.6477545356,-449.6392988152286,265.0928912173852,1323.8625440526084
100666,-79.8687528112,34.9437568404,-480.1397773564389,291.22931505938544,1329.342810760795
101055,-79.8770969599,41.5027431231,-305.00977980429093,178.32726602805099,1309.251086835711
110315,-79.8843631825,43.6396648509,-450.648526812578,265.93148198013654,1324.0307200664204
110182,-79.8864779347,44.3185563151,-463.39970767229465,276.68934819166566,1326.2333090275558
110525,-79.8931765462,43.0273416802,-444.7933650275693,261.09415394292245,1323.0676293351835
110197,-79.901877591,44.6520645967,-464.71803611934,277.81799345808946,1326.469235248421
110541,-79.914862457,43.0236588349,-435.4218605667719,253.49831622361154,1321.589645426922
101056,-79.9228376017,41.368666714,-251.58522995371757,174.12453775461756,1308.6852750832459
100659,-79.926669549,35.9980626216,-458.8659615027394,272.83078875203717,1325.4336776551704
110309,-79.926966141,43.6722412106,-444.0504464733257,260.4852792691169,1322.9476086706388
110320,-79.9276525281,43.809829849,-446.01276190345186,262.0959625414511,1323.265690687997
100660,-79.9310137424,35.9435408861,-499.5715619316512,308.61865264543303,1333.2603899209387
110191,-79.9434298554,44.3604974335,-442.4348209774812,259.16506612336394,1322.688295128591
110528,-79.9481842898,43.0351268069,-415.9269892816375,238.34292252964855,1318.7665234192996
110527,-79.9487026488,43.0231081799,-433.79194115960684,252.19664438555506,1321.340585167498
101052,-79.9516443201,41.4354038455,-240.02332492902508,175.7919080177443,1308.9081669452487
110298,-79.9521997591,43.5011607934,-466.8280921771718,279.6305336053229,1326.8500404702295
101051,-79.9562532385,41.4395914879,-269.8509513093753,173.3583819767914,1308.5835560532857
110195,-79.9602456008,44.7609863407,-464.8397590603426,277.9223509926735,1326.4910959945214
110430,-79.9642329931,43.2652016259,-409.52413212669546,233.57795648223097,1317.9136755971033
101114,-79.9644980051,40.2105677342,-434.2503282452406,252.56211636573968,1321.4103893925585
101107,-79.9725965438,39.760747745,-291.8613448653077,175.49617650362794,1308.8684817577525
110185,-79.9727186478,44.0230047106,-498.42134917550413,307.5755849207336,1333.019330321501
101101,-79.9731154259,40.4935199166,-389.64259431861956,219.55634835469613,1315.5009633878267
103507,-79.9805648715,38.7352015681,-258.3182785187918,173.57359998107188,1308.6120850664038
101108,-79.9934806995,39.8810920219,-400.0065484117471,226.71212458186426,1316.714161085797
110536,-79.9971700958,43.0186854835,-423.51882129099886,244.13404807687692,1319.8254536118989
110183,-80.0007915841,44.30610257,-459.622796208046,273.4724096333323,1325.5658993056938
101113,-80.0050551405,40.1317463567,-371.6500065341322,208.0261367685889,1313.6257717288877
110184,-80.0059440346,44.4731080569,-459.48495928547095,273.3554801827923,1325.5417809776563
305019,8.00138518318,52.306195563,-505.98459549408483,314.4636642515513,1334.6254870584346
101100,-80.0145039143,40.5938166959,-441.3262423965847,258.2623183021639,1322.5117086915561
110666,-80.0180310986,47.9946821642,-455.78675417846284,270.2309204935972,1324.9009566613906
101106,-80.0186607236,39.7645155803,-307.4314651426503,178.9705964780618,1309.3388671291953
110310,-80.035572116,43.78539037,-477.7809829734708,289.15421017719814,1328.889744047508
103491,-80.0389768993,38.5517226639,-103.00213120918531,249.62407780305134,1320.8519882221763
110190,-80.0479906981,44.4646712832,-441.21037583348505,258.1681131651216,1322.4933153807208
101050,-80.0481154781,41.6906197016,-332.23187144517976,187.6079408697753,1310.5474177033234
110313,-80.0482160711,43.8562147268,-439.9857813100881,257.1741885102286,1322.2996475108605
110431,-80.0519475594,43.2858744096,-391.1645343544825,220.58501228694183,1315.6730377328108
110317,-80.0525298264,43.9018394846,-427.6189347210385,247.32187341939772,1320.4188364466527
110667,-80.0559914707,48.1062759775,-351.83194405925644,196.84035001085047,1311.9008796261421
110316,-80.0608353141,43.8894220166,-425.0854586762579,245.34726154077768,1320.0504055970782
305036,8.00613238958,52.7117106995,-398.4199592103165,225.5942460823649,1316.522145061344
110306,-80.0632569543,43.906187332,-420.1305695631078,241.5311385977847,1319.346461504253
305002,8.00635578259,52.0487430087,-534.0173098741759,340.5418892765502,1341.009534986047
305021,8.0064290946,52.2397685215,-521.6745508772265,328.96029296652455,1338.1153421585425
110319,-80.0685440438,43.8605232072,-516.710838893519,324.3454220603708,1336.9883123584036
110497,-80.0765092414,42.8100016633,-462.139899273787,275.61357362749203,1326.009289763525
110432,-80.0765220204,43.3518984231,-382.5637095890942,214.87756061260274,1314.7281698610836
110540,-80.0770784555,43.1064600678,-454.18534677911714,268.8856369819342,1324.6272231637972
103614,-80.0772214515,39.5685675611,-288.96331127008784,175.02592186079943,1308.8055118674718
101110,-80.0892022195,40.0310075883,-367.70881257925214,205.667111671038,1313.2542615177606
103600,-80.0935873818,39.4939299079,-255.38070009924246,173.775591777227,1308.6388924638368
101049,-80.1057071618,41.7597755844,-327.9673781247571,185.8680334938259,1310.2994773891633
110503,-80.1102685222,43.5767448487,-474.42109251818573,286.21281767048373,1328.252826675076
103657,-80.1180052408,39.7064494505,-261.39856396554654,173.42585437941185,1308.5924963634327
101112,-80.1267386586,39.9437411681,-399.30876819361697,226.21951407332702,1316.6294327254818
103533,-80.1428620949,39.0056628725,-271.72313854524424,173.41050213612596,1308.5904618415018
103615,-80.1521040667,39.5730835244,-244.90995460133212,174.9770215896015,1308.7989733552743
101102,-80.1525837637,38.963997049,-250.22122452742312,174.27406485865546,1308.705178508059
100686,-80.156383815,33.4560615733,-434.3303482641964,252.62596470749597,1321.422594258114
103611,-80.1645625197,39.5516902587,-264.94125731475,173.33722289589792,1308.5807531110618
110526,-80.168729149,43.1519302866,-441.2951312389771,258.2370206539931,1322.506768756857
110179,-80.168789188,44.4856643679,-442.4842073657567,259.2053424688682,1322.6961873899295
100665,-80.1734745714,35.1476965163,-455.1912380468142,269.73009690518154,1324.7988978512665
110532,-80.1824002122,43.5479321663,-487.8151573146556,298.0370491008465,1330.850809523063
301596,8.01837224359,51.6647517239,-680.4837666129158,485.7640626793673,1385.0287069812725
103582,-80.1940163281,39.3937348706,-310.37255410503514,179.8015909761449,1309.4527126586147
103575,-80.1982718195,39.3693373296,-268.69145482406026,173.3382948036802,1308.580895098541
103468,-80.2017088628,38.3187993597,-267.56945414960705,173.327739760916,1308.5794969898006
101109,-80.2059299151,40.0234068447,-759.4766092267221,567.5492793686293,1415.7859933914103
103194,-80.2141712378,36.1186067396,-439.28534276880987,256.6071178723648,1322.1894748916334
110543,-80.2276285579,43.4142694653,-443.177700060663,259.7714438133953,1322.8072412836073
101111,-80.2309553852,39.8773179886,-293.2255269066174,175.73700718320197,1308.900794661368
103470,-80.2314376472,38.3397037804,-63.42324620043752,282.47908734914967,1327.4532870730557
305026,8.023398611,52.5062022815,-436.20398282964254,254.1250263351475,1321.7099998037734
110504,-80.2396632939,43.1019754034,-432.48552749295055,251.15764548641474,1321.1426711213787
110516,-80.2434112872,43.2310141901,-442.10872292083053,258.8992488645235,1322.6362370788372
110505,-80.2439991863,43.1145549735,-440.2240125650834,257.367296981735,1322.3372187634802
110509,-80.25234381,43.5356593063,-476.35946598301496,287.9076631507308,1328.6190639428469
103653,-80.2560907563,39.7022119191,-204.228832789926,186.40956361058147,1310.3764039301607
110529,-80.2685570103,43.6394883969,-441.2123727474459,258.16973651431806,1322.4936322808228
110519,-80.2724292686,43.8617078423,-443.72707699370346,260.22060704788055,1322.8955207815238
110538,-80.2733066967,43.5899756898,-458.6738952289206,272.6681228494331,1325.4002036327313
110511,-80.2821536134,43.4842619,-452.03443981184887,267.08625512744607,1324.2631393531478
110495,-80.28893206,42.8233886564,-464.7266607884309,277.82538688093587,1326.4707837592932
103523,-80.2978641547,38.8853855255,-246.69114148700734,174.71994539734192,1308.7646289119757
110514,-80.301522274,43.8938093749,-439.44509584303,256.7363608212645,1322.2145641079583
103651,-80.3021134181,39.7020901871,-279.6229290751478,173.89751017958318,1308.65508772102
100669,-80.3063576264,34.1480280426,-256.8625009757377,173.666258316721,1308.6243784406515
101136,-80.3148116151,40.764498785,-390.83684519622955,220.36286778942562,1315.6358113367967
110512,-80.3439900285,43.7268176801,-442.68006947973095,259.3651247709254,1322.727508793436
110499,-80.3441811396,43.2810488842,-427.0202585961723,246.8538628254565,1320.3312554670895
410208,-8.03513387768,12.5979689305,-633.2230640267571,437.7278512678261,1368.9205478576905
305020,8.03549084101,52.2147895124,-524.5187056947173,331.61590856744346,1338.7706694525625
110523,-80.3604375949,43.9727267735,-451.36069823829644,266.5244207779747,1324.1499391845648
110531,-80.3644450702,43.3978363729,-474.4857769708966,286.26928262413014,1328.264994925932
110496,-80.3727033099,42.8358860734,-477.41984199685555,288.8372330670717,1328.8208087538717
110535,-80.3812419216,43.1272453805,-436.3732221743686,254.26081450572113,1321.736114496598
110500,-80.38530054,43.3857733519,-437.56330243922264,255.2174411216511,1321.9204729574826
100664,-80.38541968,35.8562570199,-541.4693876405728,347.6028824768968,1342.8200022630356
103606,-80.3895270143,39.5231253383,-172.65683171448495,201.74134359725952,1312.6451783661414
103462,-80.3938628907,38.2187930324,-121.77471103102394,235.2406172355229,1318.2093697773512
100690,-80.3939723287,33.0268702838,-492.9605061342225,302.64614418386276,1331.8905672617445
110515,-80.410153488,43.422858285,-459.8869672437295,273.69660430641215,1325.61217019923
110537,-80.4139471033,43.3939838336,-490.20757120218246,300.1757268782719,1331.3313868373834
101151,-80.4315245028,38.6894638983,-141.3846746937599,221.2659361306253,1315.7873722844486
110492,-80.4391133734,42.9941949315,-447.3179812960391,263.1715863014585,1323.479156771227
110534,-80.4436952728,43.6942158444,-433.20308530251737,251.72784474428462,1321.2511882269223
103492,-80.4514768104,38.5601131186,-131.4093656900515,228.22830472300666,1316.9760641895468
101145,-80.4562913758,37.6854623023,-377.4296253310812,211.59775649212204,1314.1961060374329
110418,-80.4602980492,44.2443007329,-441.6305587325404,258.5098763191466,1322.5600745244021
110175,-80.4684084638,44.5192909787,-435.023991744587,253.1800264190029,1321.5286301662097
110508,-80.4729859832,43.2774389949,-431.971314345186,250.74975383781194,1321.0651890127053
110533,-80.4733079942,43.5895668858,-445.9043331877976,262.0067603451266,1323.2480255182702
103538,-80.4770388886,39.048156956,-233.83739341522795,177.0509570640269,1309.0778571073376
110501,-80.4771201416,43.4812572008,-464.1663379512587,277.3453159608023,1326.3703173913568
305078,8.04816080005,53.201301326,-374.0598872088648,209.49944956787704,1313.8598912900475
110542,-80.4816927309,43.4812817598,-456.8290332149968,271.1090287509089,1325.0803372028854
101147,-80.4854198572,38.3812575388,-170.2897602188752,203.08224543476774,1312.851931095917
103544,-80.493955069,39.1062165618,-325.8654773300501,185.04794810863933,1310.183398486895
103473,-80.5019023546,38.3854476492,-240.01980833006317,175.79255192826196,1308.9082534253125
110506,-80.5137832726,43.5269254156,-459.70151169276033,273.5392004086757,1325.579680265079
103465,-80.5271004747,38.2313285534,-99.3156216597855,252.5496739968771,1321.4080113301043
110513,-80.5271021487,43.3435896724,-439.6834381257531,256.9292850795894,1322.2520380407664
101148,-80.5274476507,38.2978211799,-115.03321676065498,240.30196702255571,1319.1219920562166
110491,-80.5345224873,42.685835371,-452.08911335441513,267.1318853453937,1324.27234311513
110502,-80.5357929794,43.5850481324,-432.9439823149419,251.52181646477882,1321.2119507214557
110174,-80.5400428568,44.3444790882,-466.31336443224484,279.18769775329423,1326.7567844741689
110173,-80.5436161951,44.281167854,-497.09361067576685,306.3735729413869,1332.7424960465255
101142,-80.5437531281,37.0437572632,-442.6173966093936,259.31398823332745,1322.7174827093374
110488,-80.5478881304,42.9691008624,-416.30777731235924,238.6298170423442,1318.8184045398798
110493,-80.5485027525,42.6533833643,-462.46251081302836,275.88879809444717,1326.0665230241846
110517,-80.5601664634,43.6186398922,-444.5525056788736,260.8966293857044,1323.0286640115828
110415,-80.5728215025,44.0438720744,-461.44120788564544,275.01812680210827,1325.8856529283332
110231,-80.5759926197,46.0187412608,-572.207662911979,377.20346853445227,1350.7850499786682
110518,-80.5801630961,43.6346145385,-440.7493405889272,257.7935487948408,1322.4202465070207
103486,-80.5893792588,38.5188425712,-297.03490110943505,176.47496186600657,1309.000078967553
103464,-80.5895526769,38.2229124377,-141.9742085054974,220.86456077899845,1315.7199355408245
110539,-80.6351012106,43.5610358194,-415.41753736002954,237.9596952784578,1318.6973159707532
110530,-80.639171671,43.7812886446,-420.1083827331059,241.51419034424325,1319.3433589134738
103482,-80.639387699,38.4686754951,-106.3610171647678,246.98595142604515,1320.355957601313
100676,-80.6527263431,34.2437742795,-531.9104314165886,338.55466213160065,1340.5062677296567
110490,-80.6602068687,42.9357449777,-444.8640447991801,261.15213956259174,1323.0790734380055
110172,-80.6602884287,44.5732630892,-496.8425178570765,306.1465050058083,1332.6903155267253
103442,-80.6686830064,37.9861969051,-192.08773501780738,191.71118182057083,1311.1410953083926
110521,-80.6721874777,43.7568823056,-427.0245243040173,246.8571944702398,1320.3318783673935
110507,-80.6768982591,43.3727724088,-441.5068216116629,258.40919411567165,1322.540398692971
305018,8.06861982675,52.3145429927,-544.6648424967966,350.64545498911474,1343.6108177876415
110256,-80.6934985155,43.2143978227,-445.728814859534,261.8624149163084,1323.2194522894727
100689,-80.6975630868,33.3774771288,-460.4135046323568,274.1438287585915,1325.704579994303
110522,-80.7017500881,43.6561202313,-415.9902344637747,238.3905461443737,1318.7751313482008
110254,-80.7314629146,43.0687428737,-399.24293631825003,226.17311719677664,1316.621461739842
101137,-80.7352535139,40.0139594559,-211.230262715714,183.72194030532975,1309.9967732483187
110233,-80.7436031136,46.5315004102,-370.139383098262,207.11445532696064,1313.481706068583
110524,-80.748131939,43.7608567899,-423.2333909506575,243.91366302309842,1319.7847057686329
110408,-80.7643609243,44.4063177793,-457.7969637493851,271.9262643527904,1325.2477835545758
103441,-80.7682688517,37.9690024737,-167.56508145522662,204.65563066791904,1313.0962347579614
110237,-80.7688442917,43.1274271895,-477.28931013367855,288.7227120223958,1328.7959207527012
110236,-80.772774134,43.1343508511,-458.97550437268706,272.9235928548492,1325.4527838094616
305070,8.07733052847,52.8523045752,-259.8226003934443,173.49324081040223,1308.601428693377
110422,-80.784832645,44.1855775171,-481.7276987716656,292.6308552134217,1329.6505601075758
110232,-80.8020060224,46.3976494211,-486.05800637240316,296.47122742460186,1330.5010271555982
305032,8.08090485276,52.681194313,-369.3040747841004,206.6143138913025,1313.4029348513827
100684,-80.8310810848,33.814877136,-392.15594809239985,221.25930134515812,1315.786256579388
110520,-80.8351578672,43.4858449902,-429.20166002533085,248.56326881189528,1320.651919763079
110234,-80.8395426405,46.9023242949,-356.12307672413283,199.11442307103573,1312.2440123873162
110489,-80.8401642246,42.7109573611,-445.6568752511753,261.8032700396334,1323.2077489097837
100683,-80.8603709003,33.8398832041,-299.70607179710237,177.04941530832198,1309.0776485879173
101143,-80.8608354573,37.3729239854,-225.26499825442207,179.20627459722778,1309.3711022572893
110419,-80.8648863396,44.2099755591,-461.9503062846274,275.45191295854994,1325.9756977124339
103455,-80.868759213,38.1061448491,-205.9378235615003,185.7278308898412,1310.279596780205
103337,-80.8727859443,33.4023471179,-529.560510043881,336.34307573391897,1339.9494241073446
100680,-80.8765491846,34.056068851,-301.64698748007123,177.4959978827828,1309.1381225202545
101141,-80.8854198913,36.9395905625,-409.36805341471273,233.46322730176573,1317.8933466231656
103476,-80.89334138,38.431662794,-310.02218796558054,179.69975920107828,1309.4387339728337
301460,8.08950159647,48.5227175179,-356.3221935757212,199.22201406857585,1312.260342104794
103479,-80.8980291924,38.4565012641,-333.70725925714396,188.2332186187126,1310.6370737786308
103478,-80.9226074544,38.4478323313,-275.38036698245173,173.58236885357914,1308.6132481937786
103023,-80.9230142845,34.0771681507,-413.84019442302963,236.7775934388114,1318.4845176664483
110243,-80.9269129028,43.0186496625,-439.5844845665678,256.8491731981536,1322.2364736854095
100681,-80.9275924228,34.0404384107,-364.7719871816974,203.9511006293559,1312.986613038906
101559,-80.9437535712,41.7562581701,-430.6855027807927,249.73246321676564,1320.872475962674
103025,-80.9442271322,34.0894681187,-409.5242543377517,233.57804634331148,1317.9136915234662
103342,-80.9473870865,33.5272830302,-577.1113150093556,381.9887272627525,1352.129129309501
103028,-80.9475124445,34.0397547526,-358.9007497100058,200.63157854640903,1312.4750759086726
103027,-80.9480011245,34.0646116227,-447.65447753934114,263.4494403238215,1323.534435584653
110487,-80.9511325708,42.6758198672,-460.2282054619708,273.98638583024217,1325.672031156941
110253,-80.9521306569,42.9733456538,-424.27299331497954,244.71732798081234,1319.9334699845747
103026,-80.9525925449,34.0643268656,-451.2298994620826,266.4154477166763,1324.1280094286687
110263,-80.9567891602,42.988687281,-439.734394849674,256.9705473103846,1322.260056402087
110169,-80.9599220975,44.5731306161,-459.2815584614609,273.1829931611055,1325.5062211562467
100769,-80.9604195055,27.2270883429,-576.2880138625466,381.18419844392974,1351.9020629153551
103031,-80.9604198535,34.0188544059,-477.1408550740715,288.5924973114143,1328.7676335898202
103034,-80.9604385316,33.9978046951,-450.4846761306267,265.79520108079754,1324.0033547876806
103030,-80.9644021949,34.0188130279,-437.96434442318025,255.540507623191,1321.9828840071154
103032,-80.9644655169,34.0058921568,-451.9073202440448,266.9801838072131,1324.2417502545316
100692,-80.9644720679,32.6978086746,-586.0965292745867,390.79705853059795,1354.6439146608304
103333,-80.9647841989,33.3146385166,-590.1674666051888,394.8041544854172,1355.805338155296
103033,-80.9684433602,33.9975548701,-488.21701456290845,298.3957443911608,1330.93118336081
110416,-80.9688439772,44.1315445456,-452.22397004351507,267.2444601730513,1324.295056271312
110393,-80.9725207296,43.7271315361,-426.85191376362775,246.72241543008926,1320.3066859056303
110423,-80.9730329976,44.3354241555,-488.6089563695068,298.74580085241445,1331.009709994034
100682,-80.9770864289,33.9854232611,-413.07688819472935,236.20797803637237,1318.382343426778
103029,-80.9820378503,34.0315503819,-427.6017107629375,247.30839673136538,1320.4163122535597
110417,-80.9851362676,44.0985342259,-447.0352395283949,262.93829236850496,1323.4327864176241
110251,-80.9851975136,43.2562451182,-444.95818761473924,261.2293899856331,1323.0943234568417
103403,-80.9891779779,37.610321744,-296.45338477928476,176.35610704527724,1308.9840606606397
110469,-80.9977882506,46.4730349283,-369.7209048523463,206.86353506778087,1313.4421634438995
110242,-80.9984911767,43.0314277866,-449.11728362484774,264.65991104735537,1323.7759112051579
110238,-81.0184614934,43.3647949042,-421.22441022556507,242.36827083542624,1319.499970928081
101149,-81.0184718234,38.2607056819,-155.90437741688362,211.73397050466093,1314.2180446322902
110392,-81.0280747481,43.7303769094,-434.5556469115098,252.8058086075962,1321.4569881147067
110486,-81.0347680617,42.6774189073,-447.19933710776894,263.07367210062677,1323.459690177211
110485,-81.0437696874,42.7771018765,-441.6507547912411,258.5263124547207,1322.563287258076
100765,-81.0477945808,29.052403157,-513.3413797572782,321.2275687530351,1336.2353630623752
100679,-81.0479197838,33.9895899255,-484.71284008884624,295.2754217011321,1330.2350804396317
110670,-81.0560425395,48.5491220391,-419.84946797014226,241.31650189970372,1319.3071851015445
305016,8.10613048485,52.2644755485,-580.8503743859319,385.6480215339744,1353.1674660161323
110484,-81.0770156812,42.7906627397,-443.6136075394602,260.12778510364404,1322.8772653403562
100675,-81.0770865232,35.2604235336,-377.51729047874016,211.65292866950003,1314.2049903975515
101146,-81.0770866772,37.9562574297,-107.90116984586064,245.78528822530555,1320.1318882897451
103456,-81.0812164085,38.1228776924,-264.80728228733096,173.33899060449662,1308.5809872664502
110250,-81.0849634769,43.2687799882,-444.253241086907,260.65137223310825,1322.9803220072677
100678,-81.0878748271,34.0140482125,-525.9416501825795,332.9475472124269,1339.1011402303498
110394,-81.0893725602,43.6929902743,-421.7847316002594,242.79827149224803,1319.5790219653672
301514,8.11098943925,48.8433027195,-657.4491419773694,462.2488182651815,1376.9574301912926
101144,-81.110419989,37.4354239886,-207.13884116032884,185.25858170135783,1310.2131645901939
110268,-81.1144766523,42.9938945075,-458.8723463881539,272.83619740510534,1325.434790997252
110395,-81.123117404,43.7148680281,-407.9684960119522,232.43755531493298,1317.7120367106897
103395,-81.1312027167,37.5100727377,-221.7064286144266,180.23755458364832,1309.512646236662
103208,-81.135279731,35.3312345965,-425.5299610467732,245.69258469018862,1320.114631667719
100691,-81.135419757,32.835423,-530.8470777279398,337.5532626188616,1340.2537072047553
110247,-81.1520323244,42.9685378764,-426.0875975523344,246.12647972708157,1320.1954546938482
110411,-81.1561749757,44.1356147839,-464.6796396739395,277.7850799597716,1326.4623421792676
103209,-81.1601471181,35.2976839877,-451.47317103266414,266.61815193886434,1324.1688085417004
110269,-81.1607237711,43.0809850777,-427.7778374124764,247.44623842245477,1320.442136362239
110265,-81.1650966235,43.2814558723,-441.871381396017,258.70592029152454,1322.5984075921672
110246,-81.1685403618,43.0983953411,-431.15809646036456,250.10591987432883,1320.9431349333838
110252,-81.1686894598,43.289880024,-383.0460940047311,215.19072694025928,1314.7793896819835
110261,-81.1725092541,43.2849091986,-400.44782306705196,227.02443054637152,1316.7679699310568
110483,-81.1726094631,42.8136827396,-460.23832955122333,273.9949863958845,1325.673808725786
110396,-81.1728830481,43.798281575,-439.15335408834,256.5003779712178,1322.1687632336611
110669,-81.1767752875,48.4982482319,-465.201124248915,278.23230945897717,1326.5560721651864
110264,-81.1846411921,43.3729723538,-418.084285196585,239.97335384354915,1319.0621687874961
110266,-81.1892276715,43.1687731369,-435.6063299721998,253.64600856898412,1321.6179827145322
110239,-81.1936398388,43.0439220236,-457.60456532617627,271.7636854128114,1325.2144336976583
110471,-81.1974556662,46.5227770875,-374.2940456929886,209.643830172549,1313.8829210020458
110481,-81.1975954622,42.7074873448,-464.84023718565635,277.9227609562197,1326.4911818888884
110244,-81.2055989468,43.4485707921,-431.92357216188225,250.71191379567725,1321.0580071634033
101150,-81.2104200632,38.1395907938,-72.3749109482223,274.7918560339703,1325.8387378237394
110482,-81.2145706786,42.6893676873,-447.666561631831,263.4594226524238,1323.5364226026422
110672,-81.2224548482,48.4808822235,-352.2682683644136,197.06764294152526,1311.93500237854
110262,-81.2353772503,43.2230350074,-430.13184965540705,249.295610597948,1320.7899515194897
100674,-81.2356514303,35.3061949194,-353.8295392427932,197.88829321915472,1312.0585242909867
103433,-81.2397660797,37.9061953755,-543.0830289027838,349.13823718767947,1343.2182634397032
110424,-81.243264745,44.3187495011,-464.20517408237777,277.37857268438034,1326.3772718031155
103454,-81.243570616,38.1023448977,-217.91535981343384,181.42217484382425,1309.6762195659333
103206,-81.2518883277,35.4396925874,-533.7805627834418,340.3183833090584,1340.9527943181083
110425,-81.2567048711,44.6768792907,-442.64286360370795,259.33476648036526,1322.7215563665989
110467,-81.2572537711,46.5438286862,-436.51874533287423,254.37762450139059,1321.7585900679528
100695,-81.2645864487,32.5270895924,-618.9591603924945,423.40616762044743,1364.4085082373556
100673,-81.2645865877,35.4229235631,-444.91282768914834,261.1921669144501,1323.086974703068
110480,-81.2646923437,42.7895454346,-431.9264115766939,250.71416414514104,1321.0584342391703
103205,-81.268471225,35.4767307715,-571.8931273952145,376.89707334801506,1350.6995219032804
101560,-81.2688688361,41.7356450504,-423.5833306661042,244.1838847920717,1319.8346730418928
103203,-81.2771727118,35.4896403006,-387.19989267513796,217.92193484203537,1315.2291679615184
110399,-81.2808587031,43.8891892536,-440.147209939288,257.3050281917634,1322.3251007616154
110414,-81.2849819034,44.1521194403,-438.432854691578,255.91836552316946,1322.0559762670803
103201,-81.2852454624,35.5854101705,-486.35673523333526,296.7371285751131,1330.5603022961623
110470,-81.2854804194,46.4355127852,-416.3412974658334,238.65509039196903,1318.8229777879405
103202,-81.2978485975,35.5229383653,-402.4280525233719,228.43328107425424,1317.0116014955222
103196,-81.3021265788,35.6435102923,-462.4260739201411,275.8577042818212,1326.060054289808
103204,-81.3057715031,35.4934887569,-339.44385564580773,190.7754372940471,1311.0046003146545
103200,-81.3102891395,35.639365792,-472.6644072851419,284.68183472117613,1327.9237710018099
100767,-81.3150053759,26.9322272945,-476.59828417339435,288.1168731595836,1328.6644148055998
301320,8.13165263396,47.5902757378,-418.13863093138525,240.01458524970562,1319.0696705269363
110400,-81.3186743972,43.8395467224,-443.12994010060436,259.73242526447757,1322.7995794167834
110412,-81.3270458249,44.4565087615,-490.89760567933286,300.79400572071467,1331.470926625499
110413,-81.3270748249,44.4565157615,-439.42626873707104,256.721126537824,1322.211606129027
110391,-81.352645797,43.8973878762,-450.13528214107134,265.5047693825002,1323.9450808611005
301503,8.13544326228,47.5858457854,-580.5582230412828,385.3617820483982,1353.085916575503
110668,-81.3565374653,48.4939667636,-448.8200055349324,264.41357404354414,1323.726683537781
103472,-81.364532366,38.3644674434,-169.7108593612562,203.41388040108072,1312.903271879264
103427,-81.3726264907,37.7811521092,-461.4525380696556,275.0277759905964,1325.8876544178943
110671,-81.376969104,48.4691772035,-358.98589069898543,200.67863175764083,1312.4822695242672
110466,-81.3811290704,46.602405245,-409.2611107517856,233.38465662576561,1317.8794301907053
100760,-81.3812355884,29.0064257271,-763.5871481557415,571.8443135715937,1417.5132145894156
103480,-81.388920802,38.4603833164,-180.01346634419602,197.7335967324106,1312.035201451618
101139,-81.3897698681,39.060324263,-360.0695370626024,201.28033396289638,1312.574404524051
100758,-81.3933288994,28.7036975531,-539.3383393333584,345.57866170343715,1342.297435740749
100757,-81.3939901064,28.6852258186,-616.1304946359269,420.57725407232806,1363.5332857009655
100671,-81.401061228,35.6858358268,-378.0062238931134,211.96117628411653,1314.2546689371882
110387,-81.4059403174,43.5392491476,-367.4678476026435,205.5249520206338,1313.2320055780456
110260,-81.4065216735,42.9648630111,-429.9452236943464,249.14851683733428,1320.7621958602901
103207,-81.4102039688,35.506320868,-310.48763609114275,179.83520545280842,1309.457328702125
103430,-81.4142759811,37.82694907,-179.7877467877471,197.85287748563317,1312.053183259275
103444,-81.4148000051,38.0185920918,-236.25950052296722,176.52798050991404,1309.0072278159355
100696,-81.4148026351,32.1906142226,-520.1303243175956,327.5218610974135,1337.762446799941
110245,-81.4227138058,42.9361045047,-455.16710849220135,269.7098179167953,1324.7947691820655
103463,-81.4271123422,38.2190156954,-140.75031010665816,221.69912893098763,1315.860288305795
103199,-81.4434450555,35.639315468,-260.1681980805924,173.47699116015878,1308.599274427979
110390,-81.4437843905,43.7484420249,-440.3513745598158,257.47058504031787,1322.3573256621883
103350,-81.4475824859,33.7895293299,-561.1730912775952,366.4955090493976,1347.8340968846385
110382,-81.4476639569,43.180914418,-423.44571915650664,244.07758552048193,1319.815010645416
100768,-81.4562185046,28.3057446812,-528.1023477511058,334.9733833469828,1339.6062713060044
103198,-81.4643876762,35.6189545923,-410.57295933609424,234.35070773279625,1318.0508521245733
103460,-81.4648453783,38.1815703993,-153.04480636175816,213.55096187125073,1314.5120037061617
100759,-81.4897252653,28.8744498442,-725.3535998969503,532.0312775024727,1401.9254883239566
110479,-81.4935319237,42.6321725665,-439.77220639262526,257.00116879971233,1322.266007782046
103481,-81.497684454,38.4641215337,-307.7053513153801,179.0456905023243,1309.3491336763109
110384,-81.510242127,43.3651311592,-387.6685289404588,218.233898496946,1315.28089358305
103195,-81.5180423067,35.6724690527,-308.48184755369317,179.26115609546986,1309.378614708571
110406,-81.5182963277,43.9565439781,-446.4685541540334,262.47119182048533,1323.3400625338588
110381,-81.5228338771,43.4277473324,-377.04557691523513,211.35640099327392,1314.1572671534716
101153,-81.5233798991,37.9650505004,-58.72476361405916,286.56602151153373,1328.3289800559198
110398,-81.5434780948,43.6854018837,-438.48440166531407,255.9599675806511,1322.064030058809
100672,-81.5645866855,35.5895902538,-213.2666401313458,182.99334120490417,1309.8947887127372
110259,-81.5777245836,42.7315454558,-441.4335995324843,258.3496300049319,1322.5287618404134
103242,-81.5858365993,33.7527843009,-335.31605968230735,188.92847851555058,1310.7371073429072
103238,-81.5898668906,33.7440245891,-370.7726716158339,207.49553023640667,1313.5418492151437
110388,-81.5913020877,43.5523315827,-427.3244990869068,247.09159324369514,1320.3757230512683
110275,-81.5937235199,42.9726159677,-452.38798946441057,267.38142569707475,1324.3227028859894
103241,-81.5977457863,33.7439673771,-338.18319318237496,190.2018316084254,1310.9212529052427
100687,-81.6020866036,33.7520898558,-318.2761258719084,182.29898467020337,1309.7979670098891
103021,-81.6020866366,34.4270900027,-290.03910856130824,175.19390407379333,1308.8279866338698
103237,-81.6022366777,33.7270320067,-261.6062853639821,173.4182557680094,1308.5914893522233
100749,-81.606188824,31.4268150364,-552.4708808383007,358.1135826533438,1345.5791067983573
100762,-81.606253102,29.6020889044,-803.4039122406568,613.6069376901397,1434.8697740746102
100688,-81.606271276,33.7230934654,-384.4038547588501,216.0767111961979,1314.9246897418943
100785,-81.6103605093,26.7145882015,-762.2384440436372,570.4347113155678,1416.9451487072909
103448,-81.618665147,38.0648419216,-173.40505156088372,201.32259844238556,1312.5808863514071
110397,-81.6263474366,43.7182788784,-430.35173196068655,249.46902040205578,1320.8226931393224
100694,-81.6270865927,33.3729231034,-246.15786480475074,174.7946618090001,1308.7746056400906
101232,-81.6270867727,36.8062571725,-403.7212267828896,229.35975236090164,1317.1726122929012
101557,-81.6271297267,41.3984182675,-457.62209227558134,271.77849313413776,1325.2174704182382
103197,-81.630491639,35.6021204149,-322.31967162875924,183.72178765464398,1309.9967518396638
110478,-81.6354214764,42.5189596752,-457.17397958442245,271.40007708818706,1325.1399157881124
110410,-81.6355338404,44.173107425,-485.430701551517,295.9132612374851,1330.3768085575061
103449,-81.6395267297,38.0769260886,-178.88152753494631,198.33415526012416,1312.1258444654607
103452,-81.6396224807,38.0856919194,-187.32465986810433,194.0012759048467,1311.4779028348744
103453,-81.6433884821,38.0893465097,-454.21148720089184,268.90755850260604,1324.6316731798631
110386,-81.6602618895,43.072376013,-436.8815552852202,254.6690508033019,1321.8147071388282
110255,-81.6684303521,42.7182119057,-447.6463635737414,263.4427377672518,1323.5331014575181
110271,-81.6686287171,42.9358460527,-450.25029704605447,265.60034885360005,1323.964251738923
101558,-81.6812537772,41.4604247486,-418.8108138643415,240.52519882888998,1319.1626760347372
301207,8.16900000005,48.9230000001,-647.1853819373324,451.8317926259514,1373.4954544515363
103457,-81.6935132572,38.1242297426,-325.98320185424996,185.09321681723011,1310.1897929243694
110389,-81.6974146875,43.7522512562,-445.7073017662848,261.84472691597773,1323.2159519840873
103434,-81.7024778059,37.9354881019,-196.94126177676495,189.49733884789995,1310.8192232348013
110405,-81.7056439762,43.8764996515,-443.4896972341818,260.0264523825124,1322.8573432196256
103471,-81.7063310203,38.3394743874,-319.39283099574465,182.68226474260422,1309.8513673020077
103440,-81.7103984426,37.972334326,-85.5481725665647,263.7367839351738,1323.5916612656338
103437,-81.7145318439,37.9519553053,21.692755593186718,360.7775052480017,1346.2905343440632
100677,-81.7263115109,34.1817851194,-747.0692184223924,554.605579320153,1410.6470654222815
110383,-81.7263187859,43.1854716983,-419.5510914433021,241.08889720078793,1319.2655725535114
101152,-81.726951197,38.3062919776,-350.40027914172106,196.10091143175885,1311.7901364302973
110407,-81.727078878,44.0937099395,-441.1249987074581,258.09871546346903,1322.479769786799
101239,-81.7432207683,36.8979468151,-197.22329422834173,189.37250063954826,1310.8011819379503
305001,8.17617383265,52.0724372756,-512.3643734047131,320.3258174207771,1336.0188710784519
103351,-81.7687671724,33.8064165663,-508.6060195585818,316.86681990526375,1335.193759769842
103466,-81.7726849438,38.2441643055,-183.4460360737828,195.94927255868092,1311.7674763416449
110468,-81.7781912842,46.2690792815,-609.997081150714,414.4567635144136,1361.6578877949828
101250,-81.7936862325,37.0314146111,-385.7518418415395,216.96285183572752,1315.0705964502984
101230,-81.7980622299,36.6645198618,-329.3043822209005,186.4026454992132,1310.3754198017289
103435,-81.8062936955,37.9476601169,-78.53053629164266,269.5860548944166,1324.7695782908766
110380,-81.8138608232,43.193320902,-430.2227116117087,249.36725506335893,1320.8034760967605
101231,-81.8138900932,36.6397460337,-150.79543840027458,215.00159128550987,1314.748446976361
103439,-81.8266265572,37.972854815,-127.97898917676552,230.69394596865087,1317.4055910303548
100747,-81.8273443173,31.6555860233,-481.74512668952525,292.6462578142789,1329.6539500126164
100748,-81.8436141146,31.5641309978,-507.9490872706856,316.2638458639874,1335.050791083295
110274,-81.8474780459,42.8350403713,-447.77730662334216,263.5509194110431,1323.5546387262816
101138,-81.8491882771,39.6439070653,-357.47099812484,199.84629041467687,1312.3552622533118
100763,-81.8520457423,29.9794131697,-468.8505461629161,281.3747336143082,1327.2187217214707
110385,-81.8566879607,43.1853370243,-466.4935122306762,279.342634405737,1326.7893962374696
203007,-81.8646316804,8.27319127767,-238.054568896489,176.16524368872672,1308.9583597866513
103459,-81.8687410257,38.1645497489,-344.8115800591096,193.30946189802137,1311.3757442589651
100751,-81.8732025581,31.2214670734,-489.44946851340995,299.49719182985865,1331.1785614580122
100786,-81.8812531067,27.2187549872,-540.6921029678256,346.86410598132386,1342.6289519408087
100697,-81.8895576454,32.1857480412,-420.79404388832063,242.0385409864194,1319.439445330587
101154,-81.9104203002,38.5270908439,-334.46467454219584,188.55880557624738,1310.683874064144
101240,-81.9182886688,36.8227224839,-7.986088211722972,332.5941841954321,1339.0133255244612
301430,8.19368401409,48.8895958133,-565.861047644878,371.034223271692,1349.075309021064
100754,-81.9766821016,30.7772579427,-738.2123286170577,545.3856781837202,1407.0477364110177
100761,-81.9897097497,29.2146761484,-839.5769967383147,651.7650943845383,1451.5975795066406
101140,-82.0020740407,39.3269387471,-316.27623628848403,181.63119775573819,1309.7051907088235
110276,-82.0101652544,42.6560978515,-444.74889172076337,261.05767328240927,1323.060430725323
100750,-82.0516344828,31.4525443575,-578.6911250301125,383.53374416378637,1352.56642257737
101251,-82.0558614772,36.9519254036,-309.4275180542062,179.52867295287103,1309.4152660572086
110248,-82.0726807076,42.5145527138,-416.8578593749667,239.04494224895168,1318.8935813727564
100753,-82.0815618073,30.3605347772,-436.08907419624796,254.03286603384078,1321.6922832478135
110257,-82.0956325445,42.3856426061,-407.9938895449186,232.4561150871713,1317.7153106846986
101156,-82.114587019,38.3895908085,-232.16005744252234,177.43553497949256,1309.1299261894942
101233,-82.1337460376,36.6317815051,-546.5606112209666,352.4545835867117,1344.0840851906305
110270,-82.1692380306,42.8642059517,-453.1733048828247,268.03791210155015,1324.4554038906747
110273,-82.1721740138,42.7899357956,-436.2246930456661,254.14163966704953,1321.713194147697
110673,-82.1729552169,48.2020176524,-543.9329319210392,349.9477977362357,1343.428917253121
301272,8.21880645917,50.0395581314,-622.205565165555,426.65754804559276,1365.4209819230582
101155,-82.2022972853,38.2228617717,-271.2152615713319,173.39396085996282,1308.5882699436665
100789,-82.2140914423,27.8731031494,-592.754999351105,397.3561878276837,1356.5506752703348
301598,8.22247491848,51.9606522394,-436.03832958049645,253.9921765372737,1321.6844632186585
100790,-82.2322187988,28.1519806945,-660.9086184902827,465.7687741694512,1378.143078770403
101234,-82.2389713643,36.5354166411,-285.2691533855312,174.50861434393767,1308.7364329962288
100746,-82.2433916937,32.0395430821,-470.47418201850496,282.7797944373896,1327.5173093837623
103020,-82.2520868524,34.8645900749,-377.7590603399832,211.80523859878872,1314.2295285334833
100743,-82.2522727074,32.4024346261,-649.7498780523407,454.43082387522577,1374.3526360652015
101235,-82.2687699978,36.3354224816,-430.56571008365523,249.63788194984178,1320.854597098354
100752,-82.2855589792,30.4358717074,-363.121856963209,203.00298182861738,1312.8396723144685
100787,-82.3107212383,27.239692822,-338.1102656206426,190.1689040378948,1310.9164758421591
101241,-82.3223526892,36.7356336727,-204.09539376116902,186.46348198441433,1310.3840752562598
110272,-82.3397993357,42.7647353085,-456.08003454269084,270.47780553073704,1324.9513341463432
100741,-82.343411158,32.0192469704,-682.4428419570116,487.77209455653207,1385.7342497028492
100797,-82.3491635295,28.9896076578,-784.7154294602053,593.9708999004616,1426.5830590961102
101236,-82.3602722644,36.377090502,-452.004288734778,267.0610936411519,1324.2580648454664
103264,-82.3640636297,28.0481631679,-639.2050135727944,443.7606470166113,1370.8615197794607
110277,-82.3898646218,42.589772339,-500.34150525885764,309.3177839173342,1333.4223959492288
101254,-82.4062881752,36.8854583231,-230.69765474954937,177.7856915121898,1309.1774313201092
100744,-82.4063327932,32.352359349,-585.290997702692,390.00533927547065,1354.4157261471923
100745,-82.4063923302,32.3191728432,-832.4234231795749,644.2043908201011,1448.218592520946
101529,-82.4229208046,42.9979249918,-879.0264292609886,693.5738087145911,1470.844119105188
100820,-82.4261618948,29.922849034,-601.8565637119735,406.3630456962841,1359.2162151324608
301491,8.24390464525,47.8938862279,-163.08370485559803,207.3111811809922,1313.512740864781
101253,-82.4560157643,36.9315254659,-195.43263829810456,190.17226654901728,1310.9169636311226
110472,-82.4603996337,42.9148638959,-799.8180666673729,609.8348768314113,1433.2607479350831
101218,-82.4606628217,36.1770374174,-185.2334014737949,195.0424762179123,1311.6323273313549
103218,-82.5025175491,35.385840966,-427.11801680229485,246.93022587096434,1320.3455347067816
103219,-82.5050071413,35.4227832,-376.6282490859582,211.09477123864878,1314.115214513457
305015,8.25134331386,52.2933196619,-462.9982661178316,276.34625404076843,1326.161772444756
110464,-82.5148084222,46.2102767216,-393.48803733843124,222.17045226716434,1315.9397799413346
110241,-82.5187478855,42.1933740852,-473.62514692546847,285.51854264294366,1328.103396865019
103217,-82.5437382506,35.3938711526,-628.740123703576,433.2168816485881,1367.4847937424308
101210,-82.5440657876,35.5682285611,-431.8720192735799,250.67105929218815,1321.0502543575394
101238,-82.5516260762,36.5557455028,-457.17264797041105,271.3989531253919,1325.1396855913003
103220,-82.5516940512,35.4520688825,-453.6786983229697,268.4610097469583,1324.5410934832519
101237,-82.5640395192,36.5148576934,-416.0813023934028,238.4591390293801,1318.7875323789217
101255,-82.5645870453,36.6729237765,-205.36349847904074,185.9551053013655,1310.311831496264
100798,-82.5646544073,30.6813850277,-454.65233036038717,269.2774434112595,1324.7068113743342
301495,8.2565916043,47.6193987312,-653.0995027108946,457.829365222924,1375.4801060836458
101211,-82.5771190173,35.6090604575,-512.3789187974066,320.3392347625886,1336.0220881032365
103224,-82.5937451397,35.6901164842,-348.8245010823379,195.29840149569574,1311.6704083717927
103222,-82.597634931,35.5605418694,-536.1318504183589,342.5404282805708,1341.5184454855953
101219,-82.6017058093,36.2106629262,-403.59469634552795,229.2688798298053,1317.1567916652389
101242,-82.6061282967,36.5893690296,-498.65096455538225,307.78368032881224,1333.0673608067225
103227,-82.6109138211,35.7940163028,-309.32108819075745,179.49828600485216,1309.4111001706576
110235,-82.6143869904,42.2435643194,-437.4339142633045,255.11328472357172,1321.9003678847746
101252,-82.6147709494,36.9559696269,-238.44782355090518,176.08861732920133,1308.9480492839896
103225,-82.6226962101,35.7229132619,-371.1815491715969,207.74243072395237,1313.580873830975
101530,-82.6229208811,43.1562583429,-499.60104015739057,308.6454063561034,1333.2665830343817
103223,-82.6344260631,35.664294506,-492.6193719981419,302.3394772993407,1331.820916679525
101157,-82.6354204951,38.1729240766,-355.7546089636744,198.91580383615243,1312.2138894201792
101259,-82.6396484995,36.9437213159,-166.3450205713865,205.37035437055306,1313.2078194351943
103216,-82.6397504245,35.2273165429,-228.86985487255086,178.24266923194466,1309.2395669648774
101258,-82.6436241298,36.9728451113,-222.90063872617583,179.88268699313005,1309.4638504561017
101220,-82.6480879162,36.2102561382,-507.2543582935166,315.626716164575,1334.9000031943535
100795,-82.6517388875,28.2146589386,-491.81819685053347,301.61984996713284,1331.6577369826107
101212,-82.6608389562,35.785307621,-288.83185935493697,175.0059305300842,1308.8028385865277
103221,-82.6929145609,35.53147479,-254.69093347261563,173.83164592378068,1308.646337134683
103215,-82.693613485,35.2561536763,-283.93295832940225,174.34431781734145,1308.7145356137241
103226,-82.694338476,35.7359200099,-207.91070005047362,184.96133337656212,1310.1711679837438
101260,-82.6976979933,36.9231257082,-66.18190085119981,280.09589369654555,1326.9481919943664
100727,-82.7022417737,32.0313101444,-519.4118452041178,326.85343916116403,1337.5989553161787
103286,-82.7108088764,29.8441068675,-758.8644975333899,566.9099779217474,1415.5298363647048
101221,-82.7267602467,36.1814192688,-450.05842687247997,265.440915498316,1323.9322770414035
101256,-82.7518582958,36.6479242284,-103.99990225079625,248.83763617057664,1320.7035866334322
101213,-82.7604642765,35.9191839771,-143.22184635443628,220.01897768251624,1315.5782550315703
100742,-82.7686924622,32.7318095714,-592.1551771772889,396.76424867940545,1356.3774045602445
100822,-82.7725548515,29.9434802977,-521.407211505152,328.71109477392173,1338.054101446919
100728,-82.7807009512,31.9815726613,-691.9588668800052,497.5426615082954,1389.2035468541715
101223,-82.7849879435,36.3278423009,-470.5372550679833,282.8344619821939,1327.5289554115982
101224,-82.8059758983,36.3144463548,-542.5803250114197,348.65968368228897,1343.0939541211872
101209,-82.8229423497,35.1397936326,-165.22895088066952,206.02960054259643,1313.3110792463426
110473,-82.8315180394,42.0320502709,-443.1440562429988,259.7439572674668,1322.801843780245
103228,-82.8351428327,35.881392864,-132.81516067088407,227.2281363990976,1316.803106217045
101243,-82.8438898764,36.4727193659,-528.5796949984476,335.42154498975816,1339.7184060147745
100730,-82.851883194,31.9563859092,-828.7324649074875,640.306060420803,1446.488729849998
101158,-82.8562539274,38.6476346469,-280.7073697288125,173.99794554509512,1308.6684376209907
101159,-82.8646586671,39.2142292347,-420.49223008479555,241.8075846004853,1319.3970981254174
100725,-82.8647416021,31.9020756407,-745.199817553328,552.6581463839698,1409.8825558662738
101543,-82.8853545828,42.8480541554,-668.4977024260368,473.5053966594133,1380.7770114095322
101545,-82.8888146191,42.6292083193,-524.4746718871172,331.57473215829964,1338.7604705761594
101261,-82.8898886922,36.848711338,-181.37844601384106,197.01736879437507,1311.9274515681539
101547,-82.9021628022,42.5938334484,-475.1435619331866,286.84384782137374,1328.3889444001043
100729,-82.9187535776,31.9937560873,-401.60944753141143,227.84942343621466,1316.9104579779398
103280,-82.9223812619,29.7938025063,-574.0244986211094,378.97458258149555,1351.280699490032
100819,-82.9312534996,29.9562556187,-490.59558857808327,300.52331686761306,1331.4098011328306
101540,-82.9515932373,42.5778204771,-506.8681109412928,315.27273195610877,1334.8163506964247
101244,-82.9518341753,36.4278894362,-434.1707162040058,252.49860780765275,1321.398252426669
101262,-82.9560663807,36.8195145336,-144.17643518351844,219.37557164478275,1315.4708039352022
101548,-82.9562542447,42.3395915163,-847.209075567944,659.838897513889,1455.2405867222767
301271,8.29789999972,49.9893000003,-519.6912986767121,327.11335950611925,1337.6624927607231
301515,8.29795426272,49.0104851963,-640.0695603142917,444.63378092312655,1371.1444102316307
103299,-82.9809176547,30.0065904389,-563.9926158254125,369.22337713006436,1348.5783984592001
101542,-82.9851784681,42.818631781,-467.64020606747334,280.330109574072,1326.997650678125
101538,-83.0060212948,42.5359981136,-474.1029830768893,285.9352245549674,1328.1930383843874
101263,-83.0101701281,36.7570402084,-297.6323321104834,176.5993854515672,1309.0168591402185
101541,-83.020214485,42.8225382263,-467.3482305453734,280.07846927585365,1326.944514108769
110435,-83.0224975092,42.1559388971,-444.9681158308547,261.23753779309146,1323.0959321695645
301269,8.30245424509,49.0355692014,-619.3156383678627,423.7629487501681,1364.51926747294
101537,-83.0312542929,42.6145915611,-455.901409317643,270.32741909318037,1324.9206421839126
101222,-83.0521932136,36.1264808703,-464.4574480383076,277.5946657563648,1326.4224790872024
103229,-83.0523645246,36.606516646,-251.35995404582272,174.1483560031837,1308.6884443862348
101215,-83.0732353284,35.6648992711,-105.26183709214507,247.8463285467414,1320.5171703334838
100739,-83.0850663213,32.5771171456,-451.93190032681815,267.00069156810605,1324.2458849735192
101535,-83.0896113907,42.8021223636,-449.1602690781512,264.6955448541714,1323.7830358624099
101536,-83.1019759357,42.7184998107,-497.39929503149284,306.6501159671473,1332.8060954970595
101225,-83.1355016805,36.1520186934,-496.29633861299726,305.6528593962837,1332.5770015382134
410209,-8.31427186378,12.0997182583,-615.1306562067286,419.5782539476136,1363.2254786927874
101534,-83.1433221472,42.6894710753,-397.6756852493888,225.07256939448004,1316.4328528509477
100740,-83.1434648412,32.4938112937,-477.08904506267686,288.54706088207837,1328.757766078956
301326,8.31497044013,49.0364413354,-566.7506743869933,371.8973017927255,1349.3129354053347
110463,-83.1522119049,46.2435785784,-464.80254630041054,277.8904444820658,1326.4844114070438
101226,-83.1551679871,36.1984358752,-279.4265719094654,173.88018847488615,1308.6527860802169
101556,-83.1563646782,41.3070518559,-491.9490244279102,301.7373036252744,1331.684345094776
101214,-83.1604205156,35.9812569432,-528.0261061565861,334.9018235294305,1339.5883793071623
100818,-83.1717400285,30.0981510075,-537.1851339734673,343.53743453300615,1341.7733651764634
103314,-83.1729436266,30.3896594036,-509.9553261796017,318.1068335941117,1335.4885818121859
101217,-83.1733026736,35.9604608035,-577.0021217616782,381.8819984188229,1352.0989813204528
101264,-83.1767086079,36.618893891,-368.29942111283526,206.01656622622718,1313.3090345120972
101216,-83.1809119333,35.8436384149,41.0183702861014,379.50554056831635,1351.429705864682
101227,-83.1812538633,36.1270903063,-538.6899165423401,344.9635297837824,1342.139199730169
101160,-83.2145873681,38.6437574785,-252.87926586318852,173.9944547842398,1308.6679735009627
101533,-83.2223958787,42.6355269568,-457.44501843047556,271.62891695611825,1325.1868030953995
103302,-83.2230240778,30.1267221138,-534.763809394808,341.2469729403865,1341.1887604332314
103319,-83.2395268211,30.4815893322,-489.30914725274977,299.37168281992604,1331.1503292438035
101528,-83.2395878151,43.9395917807,-519.1156391464862,326.5780254511328,1337.5316823458845
101228,-83.2430480424,36.1401461444,-465.08491042916864,278.13260392685027,1326.5351634761068
100726,-83.2603992178,32.4023274841,-367.2367852497916,205.38886156185595,1313.210713870827
103035,-83.2684901395,30.9527056632,-526.6416892921325,333.6033962233738,1339.2643579753853
301493,8.33140039549,47.6272072798,-441.8794247072202,258.7124701160767,1322.5996887815352
100817,-83.3143619803,30.6354905819,-549.5369234143136,355.3008410477143,1344.8332544299553
100823,-83.3150474404,29.7872822298,-619.3794621736972,423.82683320789954,1364.5391086804689
101257,-83.3979206122,36.4270903601,-237.41887057194398,176.2912722594918,1308.9753272106857
301502,8.33987458519,47.5724263723,-355.9969153093981,199.04634681641735,1312.233684506084
301429,8.3399480932,48.7858900137,-306.4317978865131,178.70052613324555,1309.301979152155
100736,-83.4349909603,33.3132561725,-435.37793681217227,253.4631605283193,1321.5829025515034
101523,-83.4376940895,45.0727013405,-520.3872719612888,327.7610360284538,1337.821023646249
301325,8.34377467851,48.898167923,-658.290826210291,463.10481765262426,1377.2450278380104
101524,-83.4395879267,44.4354251877,-453.9767475518996,268.7107499163682,1324.5917339663827
100815,-83.4520870157,30.7895891297,-486.27761224840486,296.6666884878347,1330.5445947542644
100724,-83.4645068797,32.1478168211,-373.35675662665676,209.0672009104031,1313.7910370633383
100734,-83.4767572658,34.1188097591,-379.49769367741715,212.90706081898216,1314.407551377437
100840,-83.4768313698,34.6524409723,-238.66734705656071,176.04628795514216,1308.9423555199962
100738,-83.4812800371,33.2523614095,-413.8367500680629,236.77501952555565,1318.484055437448
100706,-83.4975553005,32.5563707959,-583.1017887903266,387.8556727037674,1353.7982927378598
100722,-83.4979204235,32.2395894577,-379.9363258300962,213.18683004093697,1314.45289724446
101522,-83.4979213465,45.0937586282,-467.75825560480916,280.43189078026967,1327.019155829353
100816,-83.5257172958,30.7900107617,-513.2239745811711,321.1191516448388,1336.2093040106224
101550,-83.5312543893,41.960424753,-541.3088028484146,347.45021064144345,1342.7804896729156
100693,-83.539674299,34.8940748253,-126.69716313752129,231.62423181351426,1317.5688138896778
100733,-83.564321764,34.0314415189,-460.3397498894965,274.0811544307501,1325.6916209230353
100839,-83.5732315887,34.7112126342,-164.61291085430202,206.3956946377293,1313.3685611192475
100723,-83.5853693457,32.2059083129,-253.94120186376827,173.89628619778372,1308.65492507568
100809,-83.5892393561,31.518534313,-228.21965446028491,178.4103797666509,1309.2624099774393
100841,-83.5894388311,34.5730915477,-284.64917838467215,174.43087100885643,1308.7260688671101
100813,-83.5896572521,31.4853004003,-158.26454228430373,210.25772611523314,1313.9810143082736
100810,-83.5898582491,31.506820079,-255.84611561376198,173.73962098360593,1308.6341163484078
100732,-83.6020490731,34.0189522249,-300.425799374829,177.21216408361974,1309.0996698764582
101265,-83.6054716224,36.5884236625,-341.88742644027593,191.91076298751798,1311.1702923426471
100808,-83.6099427208,31.5402083228,-484.9864279893045,295.51842695879725,1330.2890419918726
103037,-83.6100109588,31.5599597134,-410.5495398438098,234.3334189666314,1318.0477782751436
100719,-83.6148180702,32.2479533274,-316.6074980022522,181.74014988752234,1309.7203047416615
100842,-83.6229860149,34.539486186,-289.59928708189767,175.1242860078508,1308.8186696869857
100807,-83.6272605412,31.5319238361,-487.0051402405126,297.31470382542534,1330.6892303172265
101266,-83.6317190716,36.5437370908,-324.74735237788997,184.6219438740832,1310.1232982934457
100806,-83.6353802619,31.5649544848,-324.17954614074915,184.4083564821426,1310.0932167261597
103036,-83.6439910006,31.6061137022,-327.38257716967865,185.63735411337976,1310.2667750552437
301428,8.36489704226,48.6650652687,-101.39086582567468,250.8989496574356,1321.09351580827
100737,-83.6603119259,33.4149833459,-340.12325560315105,191.08800210834676,1311.050120751
100843,-83.6603515789,34.5434142643,-172.73444133049867,201.69779415035526,1312.6384859269406
100805,-83.6685269826,31.5855844335,-507.924633666411,316.24141029974436,1335.045476438845
100802,-83.6685964056,31.6524696471,-461.09319158480525,274.7218524847019,1325.8242307350088
100838,-83.67280694,34.6861365691,-194.27052880067205,190.70033308441919,1310.9936733676332
301389,8.36844201055,48.3973968416,-126.80947513582895,231.54252946252376,1317.5544533420073
100844,-83.685117009,34.5106415596,-297.7627175781439,176.6268516557233,1309.0205648870701
100836,-83.7100625061,34.685495183,-225.67538335023255,179.09243358009928,1309.3555263323608
101246,-83.7108026001,35.664134186,-154.74489097368928,212.4670079258954,1314.336343569801
101555,-83.7145877394,41.502091329,-570.0307021365702,375.0842226495182,1350.194789151567
100837,-83.7146676054,34.672642996,-177.5205984824973,199.06406025880767,1312.2363714888313
103574,-83.7184082597,39.3394760001,-358.74271701820396,200.5443277119858,1312.461741137205
100735,-83.7222144511,33.8980832429,-316.3372655195073,181.6512205919361,1309.7079676454564
100704,-83.7229205281,33.0979229737,-328.22524742072557,185.9703640980069,1310.3139970610848
100845,-83.7357779132,34.4234063194,-312.63165912175225,180.47645713847876,1309.5455494761181
100814,-83.7687067729,31.3604330029,-537.1462079445217,343.5005706815798,1341.7639273098764
101229,-83.7687540269,35.9604235825,-498.74215708677986,307.8663442709418,1333.0864489995408
100731,-83.7853209913,34.0643465946,-455.3710926597317,269.88128429865725,1324.8296879924394
101161,-83.7902075947,39.7570121917,-544.6369522840564,350.61886178688115,1343.603877938799
103612,-83.794266744,39.5521836357,-377.8009683134678,211.83166236579254,1314.23378732709
100846,-83.8019186647,34.4142350226,-329.6362428893152,186.53689143621088,1310.3945232021297
100830,-83.8020912577,31.14355581,-368.05346664899696,205.87086288834985,1313.2861861596828
103918,-83.806675823,40.4856433859,-470.6003826046822,282.8891831164477,1327.5406150079712
100850,-83.818385926,34.4060003949,-338.23073494689567,190.2233122647542,1310.92436971033
100849,-83.8229206244,34.4145899216,-261.36909329445956,173.42695665997843,1308.592642447524
100847,-83.8268535087,34.4773256008,-280.9732254769851,174.0237998628953,1308.6718754104
103584,-83.8269729777,39.4021285273,-336.7345981267024,189.55302838934955,1310.8272750988308
101166,-83.8270876487,39.9645910388,-493.57427542049464,303.19828170441275,1332.0161382655845
100848,-83.8313708351,34.431125008,-298.82372517895175,176.85449827302432,1309.0513008017883
101245,-83.8314526131,36.0155632601,-557.3486295858235,362.80472595069307,1346.8352028899485
103736,-83.8430359111,39.9476771524,-495.6248836309999,305.0465051916884,1332.4380529319606
101247,-83.8433488741,35.760304816,-296.7526292831733,176.41699092673926,1308.9922647819953
103631,-83.8522596878,39.6437141333,-449.61429263275676,265.0721380171506,1323.8583885463108
100952,-83.8562043761,31.8313950909,-491.3470979025866,301.1970963141608,1331.5620471459576
103633,-83.8686879672,39.6354319166,-412.25351901042745,235.59533263665392,1318.27271659988
103691,-83.8763823338,39.7903561094,-497.8217697630971,307.0325083103228,1332.8941277276228
100851,-83.8768747879,34.4231766993,-291.77250780344383,175.48092439054395,1308.8664368056855
101248,-83.8819287853,35.7856275091,-484.01000693439977,294.651636147281,1330.0967563511015
100702,-83.8895613589,33.9188439316,-252.39090946993613,174.04219825593475,1308.6743221081438
100945,-83.8931803242,32.2983682495,-323.4886146886935,184.1509609897408,1310.0570105933928
100705,-83.8971200345,32.9023364225,-249.85872825347548,174.31594127279251,1308.710755649724
100946,-83.902226094,32.1980705662,-250.40146447687246,174.25357708741092,1308.7024504062067
103591,-83.9104484866,39.4604366501,-407.66069552294874,232.21273603648032,1317.6723983407257
100825,-83.9188880733,30.2311171815,-548.4814461313435,354.2906586951209,1344.566720326691
101249,-83.9286978361,35.8188715128,-450.6024301985286,265.8931364378594,1324.0230188996768
103712,-83.9347807246,39.8561076799,-462.6399130122113,276.04021879428115,1326.098034446717
100951,-83.9352622067,31.8607688553,-461.30317030072354,274.900586996142,1325.8612775483998
103589,-83.9443705344,39.4359355461,-436.0447140127662,253.9972955727186,1321.6854469690234
100853,-83.9518999811,34.2609655589,-542.5853740357729,348.66448907667825,1343.0952015827295
103654,-83.9599547457,39.7026098672,-443.563162991378,260.08652820375505,1322.86915328937
101527,-83.9645879891,43.4104249869,-587.6449692751698,392.3200493502013,1355.0840622240364
100852,-83.9685237304,34.4686933501,-294.5958759840654,175.99140415023524,1308.9349750488843
103661,-83.9686384064,39.7145367131,-469.786280992324,282.18398102586565,1327.3905204268478
103634,-83.9767464951,39.6480627906,-456.89498392709595,271.1646579667572,1325.091719958162
100954,-83.9771641622,31.7644677023,-476.4417036475623,287.97969541920236,1328.6346749747229
100953,-83.9939106935,31.8771870317,-446.3253236283157,262.35323299273995,1323.3166716372898
100950,-83.9979205589,32.0312560624,-274.7125946996457,173.54408068393246,1308.6081699698666
100949,-83.9983580149,32.0311467224,-270.49827964942733,173.37365369091415,1308.585579305224
101525,-84.0183697796,44.0725401387,-555.401803290006,360.93017931314193,1346.3314558125976
103730,-84.0187592976,39.9393650297,-450.35988606864976,265.6914430602756,1323.9825291471575
100831,-84.0191095036,30.9770714972,-477.0796901306467,288.538857208721,1328.7559846302731
103659,-84.0226808779,39.7144997011,-450.1059824484763,265.4804248886222,1323.9401990159886
103616,-84.0314354186,39.5815416851,-489.7896922794737,299.8016116443551,1331.2470848478897
100944,-84.0394798563,32.2991057496,-486.2210782521581,296.6163637983876,1330.533374945713
100703,-84.047652905,33.2150909724,-517.3517340917547,324.93983207130964,1337.1326370401637
101163,-84.048109092,39.060298541,-469.93262884308837,282.3106740685144,1327.4174593037678
100947,-84.0526667824,32.0311105284,-282.84668440510035,174.2197236333039,1308.6979432528794
101549,-84.0729212401,42.1687580972,-456.3548441849275,270.7092844034819,1324.9986080119847
100832,-84.0760112123,30.9051962553,-495.9218336488166,305.3145938810752,1332.4994543369305
103628,-84.0766855364,39.6270755949,-475.21576358600214,286.9069553021964,1328.402572856673
103629,-84.0769965374,39.6351389396,-499.07107891552823,308.1645899023982,1333.15535817892
100855,-84.0895990275,34.0312558709,-357.1662102077238,199.68007963988123,1312.32996185275
100701,-84.0974906561,33.8940572546,-393.7905594498353,222.37819536043483,1315.9748691913594
100700,-84.0978017611,33.4853419317,-314.633479088807,181.10069785984433,1309.6317258438626
103743,-84.1098252211,39.9689135762,-480.59194039843203,291.6280323202745,1329.4302177272966
103786,-84.1309071709,40.0809568855,-439.64357920498975,256.8970131570027,1322.2457676016363
100959,-84.1482768353,31.7811459857,-407.4989990746478,232.09474152375324,1317.6516093468827
100828,-84.1520200676,30.2643403032,-602.2557152979847,406.75908739952723,1359.334671724939
103723,-84.156017734,39.9275652458,-482.4351301461988,293.2564264995742,1329.7883764925723
103722,-84.1645877467,39.918757681,-498.0454584860381,307.2350648169157,1332.9408012453164
100942,-84.1726957983,32.7237569777,-342.213191349512,192.0644377669929,1311.1927939194156
100699,-84.1769445027,33.5524735573,-366.6180002555157,205.0255094202464,1313.1539338876016
103635,-84.1848757873,39.651946842,-494.42132909676,303.96108007652776,1332.1899762318965
101526,-84.1897375147,43.568767902,-600.7959860343517,405.3111488543479,1358.9021016824881
103782,-84.1936333571,40.0649227081,-406.7068350255697,231.51777122197976,1317.5501026386223
100856,-84.2020873788,33.9979231531,-495.571973411592,304.99874922832413,1332.42712055943
103639,-84.2020877388,39.664590965,-455.5759981309993,270.05360214540366,1324.8648016319098
103581,-84.2062191641,39.3813221916,-471.52002536160785,283.68708090811214,1327.7108700487533
100958,-84.2103612505,31.8616397334,-298.9667183593303,176.88574157669663,1309.0555221779516
110460,-84.2185110581,46.5462114624,-352.54066312521854,197.2099966833864,1311.9563930875572
100827,-84.2224015184,30.45548414,-384.7676789694161,216.31524408582592,1314.96390802005
103588,-84.2265118658,39.4311915267,-494.1905198574367,303.7531373017071,1332.1425460483126
100941,-84.2309641422,32.7561252234,-299.1709246905133,176.93059115199299,1309.0615832178582
100940,-84.2314565142,32.7223473476,-483.73807033816314,294.41047126623295,1330.0433527380442
100826,-84.2399022769,30.4640950218,-509.44797658989376,317.64033786439495,1335.3775416750345
100880,-84.2438143202,33.814277246,-443.0821527823837,259.6933890741305,1322.7919151931112
100938,-84.2518235779,33.1190969854,-279.8560372731746,173.91841793005028,1308.6578661616425
100873,-84.2522819439,33.8981542019,-458.4826871892946,272.5062491397351,1325.3669116103883
100956,-84.2564273253,31.7646519624,-454.65642537688694,269.2808809813786,1324.70751014462
101554,-84.2641488649,40.9477992602,-399.86778305848344,226.6140400597007,1316.6972764168806
100857,-84.2687743123,34.0519717416,-331.4062482773094,187.26322900077588,1310.4981157969091
100957,-84.277154479,31.9481691595,-368.73260111911554,206.2737896232694,1313.3494092803319
110462,-84.277720704,46.565662837,-225.62463069951562,179.10645500499248,1309.357444243514
103576,-84.2887555479,39.3732144969,-468.5938058349648,281.1529458685234,1327.1717196889033
100875,-84.289490175,33.8604700098,-461.030208170189,274.6682557921107,1325.813126089545
100943,-84.2932509473,32.3098838285,-357.7238765834105,199.98451262740582,1312.3763179295308
101167,-84.2935056863,39.6364640587,-822.973210090717,634.2269885140522,1443.8080438656157
103720,-84.2935385773,39.9085047732,-444.2218257451975,260.62563692278235,1322.9752519200267
103719,-84.2937544504,39.8954530131,-515.4377705527743,323.1659843697738,1336.7026774960602
101162,-84.2979210637,39.1729242003,-468.177409645205,280.7934658210294,1327.0956126139658
103726,-84.301616835,39.9364507725,-486.03914306478225,296.4544411822143,1330.4972868322996
101267,-84.302071466,35.8856990103,-427.2940237693198,247.06777013593378,1320.3712650657747
100884,-84.3104835737,33.8018104909,-477.77923366228936,289.1526743184941,1328.8894098595972
100876,-84.3143969251,33.8437519704,-465.3827539748784,278.3881838850024,1326.5887740736546
301494,8.43146627777,47.6600111906,-740.8584210581917,548.1384328223718,1408.1170179031349
110461,-84.3190058884,46.5732725526,-283.18772414566064,174.2579726421848,1308.7030356810576
100877,-84.3225918937,33.8479537747,-508.0944677879703,316.3972429172492,1335.0823981676517
100885,-84.3273222581,33.7899117709,-529.5969250747019,336.37730733838504,1339.9580170526517
100960,-84.3308678434,31.3313829285,-383.6788676094909,215.60280584955188,1314.8468977267473
100698,-84.3310417074,33.6809301269,-381.9767152590721,214.49762480241034,1314.6661270517802
100961,-84.3355064438,31.3100986258,-406.4904198492285,231.3604631831888,1317.5224698257678
103812,-84.3432395284,40.148352943,-410.1761770108686,234.05800289364134,1317.9988403978252
100886,-84.3481112878,33.8065178483,-471.52618996268575,283.69243395189915,1327.7120138241594
100858,-84.3481996469,34.0187715759,-430.4710217552746,249.56314520609763,1320.8404740984474
103748,-84.3508024121,39.9894898159,-437.8878208362788,255.47883575152443,1321.9709641623776
101164,-84.3520877182,38.7895907906,-417.50493863386555,239.53429200922767,1318.9823621337073
100859,-84.3560285745,34.0101601772,-431.2239456835011,250.15799677044728,1320.9529961053327
100879,-84.3565702875,33.8229507947,-522.0198848992295,329.2823006177272,1338.1945404430387
100939,-84.3593669818,32.7934750515,-358.5379336567608,200.43143204398424,1312.4444954064359
103745,-84.3611536749,39.9852976665,-442.0680772804593,258.8661322766311,1322.6297550755896
100969,-84.3642334082,31.5354517884,-395.47470485541976,223.5401795548612,1316.171723768168
103043,-84.3726002419,33.7980068986,-539.4783704443407,345.71155184988373,1342.3316548654832
100833,-84.3812539406,30.5562557154,-543.7735555592366,349.79593997766483,1343.3893680524309
100932,-84.3844232169,33.4195018753,-408.4148789644663,232.76408031068843,1317.7696732184772
100933,-84.3885219172,33.2608485772,-266.9572709250542,173.32566522570707,1308.5792222091047
100860,-84.3943760747,34.0028844466,-338.1435946382442,190.1839489768933,1310.9186584299946
301270,8.43969465645,49.502630327,-616.1056480619961,420.5524224314116,1363.5256266694735
103680,-84.397942632,39.7647051133,-476.2132023413806,287.7795756111035,1328.5913136515526
103645,-84.398077688,39.6731587637,-497.2853467918536,306.54701686740555,1332.7823783805657
103823,-84.4009258842,40.160307216,-394.7901173175968,223.06672985034567,1316.0913952068752
100887,-84.4027093824,33.8103892606,-559.5783990061375,364.95523270742706,1347.4160888352135
100888,-84.4059896716,33.8184920153,-440.0604323241127,257.23468710125286,1322.3114152193996
100931,-84.410282979,33.4772157161,-446.1482181620561,262.2074329293736,1323.2877738628374
103706,-84.410358068,39.8313201258,-594.1886124567053,398.7717979955938,1356.9660060031313
101341,-84.4187551297,46.4937588021,-600.5750540023948,405.09210184272825,1358.8367839982882
103758,-84.4190370767,40.0110036597,-364.69462426985484,203.90638958708269,1312.9796686490965
100890,-84.422764567,33.8605492128,-416.6408880528735,238.88110670544512,1318.8638965838247
103567,-84.4270311294,39.3149361801,-477.02716108504023,288.49279506210075,1328.7459830133807
100870,-84.4307928787,33.935528236,-407.3674826023725,231.99882593750382,1317.6347178971232
103815,-84.4314266847,40.1515848943,-369.25331246597665,206.58401186945986,1313.3981683143666
100889,-84.4354808831,33.8188805373,-593.4969559097487,398.0886800622834,1356.7654151566448
100869,-84.4436157117,33.9561180657,-391.8368118563408,221.04188818367635,1315.7497143846379
100891,-84.4477812901,33.82676633,-458.4864529948075,272.50943658125897,1325.3675669780391
100866,-84.4478107581,34.0022275835,-291.6138656180931,175.45381900329167,1308.86280303716
103041,-84.4493781752,33.9612189941,-374.21685236290523,209.59620947764148,1313.8753234606572
103040,-84.4519193414,33.9768726874,-405.96810317801516,230.98136483736698,1317.4559520050695
100868,-84.4552117517,33.9681632807,-376.2930479929554,210.88511261382533,1314.0815519950036
100867,-84.4561105858,33.9854260691,-386.361244252767,217.36557671892075,1315.1370987519895
100872,-84.4562350368,33.8562432844,-631.0580899721604,435.5482427803173,1368.2251519251042
100871,-84.4563731538,33.8938100005,-431.3869145376784,250.28692381898924,1320.9774179773947
100865,-84.4600478681,33.9894869254,-391.76240878018103,220.9912496750628,1315.7412082185454
101168,-84.4605473122,39.5020517756,-418.8687154447079,240.5692378969244,1319.1707064643902
103872,-84.4643759255,40.268910915,-338.5791604284907,190.38110230863975,1310.94727532716
100864,-84.4646565425,33.9573302598,-426.57664945865474,246.50762991852412,1320.266566334049
100893,-84.4687882788,33.7981542256,-449.83326824279334,265.25391204529956,1323.894796585736
100971,-84.4689579118,31.2190496692,-484.06855285722065,294.7035708268108,1330.1082622213596
101521,-84.4770883815,45.6339007209,-535.2817735778501,341.73649847776306,1341.313396996874
100863,-84.4773065015,33.9562235697,-413.3486639321079,236.41060742537772,1318.4186625934449
100892,-84.4807040218,33.8186506503,-593.8027681897214,398.3906833209067,1356.854056679771
100970,-84.4807305688,31.3503528101,-419.03826460683814,240.69824447122986,1319.1942387165673
100894,-84.4855769472,33.7982942396,-387.5492367720342,218.15441501851163,1315.2677078692084
103721,-84.4936416169,39.8858661813,-451.3198799508799,266.4904101191045,1324.143093950537
100955,-84.4936900339,31.9476021565,-332.5241291079983,187.73085871112565,1310.5650193271101
100829,-84.4937539569,30.129173171,-323.9084438747519,184.30703301295523,1310.078958303464
100935,-84.4971520772,33.2565155348,-383.7826949493444,215.67055909066931,1314.8580093036408
100862,-84.4976162262,33.9643748544,-408.25762374752975,232.64898429486948,1317.7493481177999
100934,-84.4979866162,33.4117890666,-382.39040342839473,214.765256203173,1314.709819634533
100861,-84.5145580756,33.9681462057,-410.27639527753485,234.13189171013778,1318.0119640152056
100896,-84.5183983359,33.8034412801,-388.8571744073518,219.02857852013636,1315.4129818349838
100895,-84.531597227,33.83949668,-420.6803395431453,241.95150393566092,1319.4234819905928
101206,-84.5354822454,36.6271792377,-279.578033625589,173.8935263425165,1308.6545583442894
103883,-84.5475963724,40.2893022867,-332.94187751222455,187.90736545526232,1310.5903145391353
100968,-84.5521304927,31.3812188816,-421.7980792132103,242.80852437434825,1319.5809085009907
103827,-84.5524859118,40.1660561715,-451.1804716929216,266.37427621526956,1324.119726309015
301516,8.45590015579,49.4818977303,-671.4267361745276,476.4966716470659,1381.8056566182468
101278,-84.5603486624,35.9853089836,-271.9110592077293,173.41707579210296,1308.5913329789923
100963,-84.5603510814,31.8391168095,-419.47447717064813,241.03049206788248,1319.2549005699912
100965,-84.5644181517,31.615375523,-320.1802246565012,182.95696429316223,1309.8897073245598
100897,-84.5682697991,33.7434472881,-317.75769973188346,182.12357423769353,1309.7735647296308
103577,-84.5686136881,39.3804629835,-463.8054347827401,277.03638441860784,1326.3057539131714
100962,-84.5725263424,31.8312815089,-381.3555064852296,214.09691805825884,1314.600808189884
101169,-84.5729211614,39.3937575636,-542.8849759493024,348.9496732208752,1343.1692629793192
101276,-84.5807892071,36.0814969785,-293.6118138495183,175.80745554238126,1308.9102551342999
100834,-84.5812190521,30.6018819672,-430.79047023435567,249.81536672036435,1320.8881527294739
103718,-84.5938934292,39.8972298793,-426.4407286089366,246.40163987166628,1320.2467809856223
103802,-84.6013138418,40.1068952796,-439.5439044567679,256.8163259565757,1322.2300933836311
101277,-84.6022236549,36.014778406,-237.3587386380418,176.30333165214836,1308.976951410184
103849,-84.6140851369,40.2227477372,-408.15068171908666,232.5707533402278,1317.7355386725717
100903,-84.6146597429,33.7728910805,-462.2438692857628,275.7022523185894,1326.0277246366288
100902,-84.6316047853,33.8362228108,-457.05276004557834,271.29777360612496,1325.1189669365885
103863,-84.6349073546,40.2356560123,-355.9614807953994,199.0272395966427,1312.2307863607343
101268,-84.6433372183,36.0774388212,-305.1639238161481,178.3671053086964,1309.2565137617821
103673,-84.6433899243,39.7482533469,-438.49656393642715,255.96978422972452,1322.0659306593084
101170,-84.6438750813,39.301983772,-426.33370083646525,246.3182118362325,1320.2312131038452
110163,-84.6439011623,47.2395301408,-301.17202089711475,177.3844560749795,1309.123004086502
301339,8.46513739655,48.0356559356,-591.8224412468996,396.43597537807847,1356.281415173643
100901,-84.651969004,33.8605235398,-361.71110931075106,202.20172766579086,1312.7160139354141
103765,-84.6646276,40.0238900867,-475.46974352849304,287.12900851526075,1328.4505493628312
100937,-84.664770868,33.102246015,-311.8250716967198,180.2318835454491,1309.5118657033208
101171,-84.6677825293,39.2645275629,-368.579366534926,206.18271005434553,1313.3351074637446
101275,-84.6690490034,36.0816815866,-294.25350239123026,175.9266755667448,1308.9262736103278
103884,-84.6725732747,40.3015342437,-383.64133694156305,215.57832452007457,1314.8428836078988
100900,-84.6773094451,33.839178815,-380.9811564618351,213.85613178589725,1314.5616150161538
103637,-84.6854666518,39.6561032383,-483.96890512785177,294.6151786168986,1330.0886805183022
301492,8.46878290986,47.7560720645,-320.8384756925318,183.18941845298346,1309.9221952484788
301532,8.46888035186,49.4944772043,-553.6998065224277,359.29375795885915,1345.8936804516363
100966,-84.6894302061,31.6645615841,-408.15638123996985,232.57492186352349,1317.73627439305
103806,-84.6940770375,40.1189419146,-395.8958229218077,223.83217197835617,1316.2213475643068
100967,-84.6983374098,31.6227837256,-425.88882192582787,245.9717264293314,1320.1666125054358
100936,-84.7020149941,33.3065437559,-377.2925794825804,211.5115652587337,1314.182231202983
103794,-84.7023747612,40.0942447516,-414.36151560983905,237.16754054652222,1318.5546013951557
103867,-84.7060671325,40.2477610683,-348.2203004389972,194.9938826474184,1311.6251022458234
103870,-84.7094085247,40.256277039,-362.5687102265034,202.6877838285535,1312.790970522262
101274,-84.7186890775,36.1061916706,-485.91590672542713,296.344786719783,1330.4728584933423
100973,-84.7268173422,30.7857841314,-422.4321737332358,243.29611723713387,1319.6707146989802
100978,-84.7314594636,31.0394276984,-393.7457933208117,222.34743530515877,1315.969671595145
100977,-84.7397967153,31.0858527222,-179.40616817693726,198.05506193747837,1312.0836871672898
100979,-84.7477453119,30.9769726242,-432.3620375886318,251.0596338735817,1321.124041993101
103811,-84.7480395789,40.1435080886,-371.3420557437754,207.8395368830802,1313.5962346410806
100899,-84.7562086186,33.85166561,-337.4998997990758,189.89441472704928,1310.8766850150248
103818,-84.7642360883,40.1517772803,-378.34568672363275,212.17572422132412,1314.2892879881108
301474,8.47716697955,49.2352352099,-544.8252010023922,350.79836880909903,1343.6507321958993
101271,-84.77300273,36.0818051506,-416.8665173467128,239.05148248956795,1318.8947667846405
103624,-84.773005942,39.5975930035,-424.58297566912506,244.95747702953142,1319.978015015449
101279,-84.7768976233,35.8109602612,-265.0715721374422,173.33562299380228,1308.5805411857923
101281,-84.7812282817,35.6211315585,-472.0946632053211,284.18632696381513,1327.8176316816387
101270,-84.7898589214,36.0608189238,-304.0962847687392,178.09428020866633,1309.2193732199712
101273,-84.7949513708,36.122857175,-406.7295325405663,231.5342775188189,1317.5530031985859
110164,-84.8055866637,47.9229138123,-334.0778513807651,188.3921360599152,1310.659906879229
100898,-84.8059563537,33.7978011506,-455.4189338198722,269.9215100242076,1324.8378829672708
101552,-84.8062547268,41.38125792,-453.5643428545276,268.3652335141893,1324.5216846584947
101551,-84.8141349844,41.4684299843,-479.48637102981377,290.65367038383187,1329.21681853603
100975,-84.8142320314,31.1648567387,-323.5995336105962,184.19209618442483,1310.062793482917
301446,8.48213245896,47.9273295507,-616.8672959634966,421.3137486725972,1363.760634932688
100917,-84.8313704208,32.6685879092,-341.9404313512373,191.9357303379672,1311.1739469467125
100835,-84.8438031249,30.0388191386,-504.1935961593483,312.82637129949444,1334.2406578844243
100920,-84.8478020682,32.5309180488,-826.5804622455555,638.0340134817498,1445.4844160111452
100980,-84.8604207512,30.7020890684,-429.4431583601114,248.75320635716312,1320.6876815676073
101272,-84.8725379542,36.1397467624,-463.8890287032124,277.10792077437713,1326.320698144815
100904,-84.8726917663,33.6687328569,-283.7217740866207,174.3194644771209,1308.7112249335382
101280,-84.8852589413,35.7144915842,-273.9867383988753,173.5059598958301,1308.6031150394015
100908,-84.9021060457,33.4770711921,-594.0898378397559,398.6742260448122,1356.9373357247864
101269,-84.9021499207,36.0689624825,-399.1697144556572,226.12152792237143,1316.6126005630506
100915,-84.9022314267,32.9605190503,-332.0139024293929,187.5165717081152,1310.53434111305
103825,-84.905853809,40.1641946953,-408.1196332142725,232.5480466820672,1317.7315313018414
103674,-84.9142324977,39.7527335493,-475.0721827278648,286.78146704428445,1328.3754756888293
100930,-84.9264492147,30.7991347115,-450.5738440671735,265.8693590709986,1324.0182440828657
100907,-84.9270875658,33.5270896912,-287.75812081609035,174.84700214674413,1308.7815970325817
100906,-84.9398010358,33.5766293783,-319.7596403990972,182.80977793339173,1309.8691573892058
103044,-84.9518793438,32.4355301329,-446.635128947778,262.60842761134376,1323.367288708601
100922,-84.9564972342,32.3730394457,-488.2863392283434,298.457645398643,1330.9450629790676
101176,-84.9604212065,38.4395906957,-356.7052240046132,199.42949050377095,1312.2918563543878
101175,-84.9650377489,38.7767446905,-321.4226234573965,183.3978376802409,1309.9513584241363
100905,-84.9685467362,33.573316648,-294.6677060028122,176.00508288489715,1308.936814278203
304002,8.49804217728,53.3363013702,-508.803580508103,317.0482498740271,1335.2368281767976
100909,-84.9975835446,33.4603640597,-272.78479455876885,173.4508538953629,1308.595809747411
100919,-84.9980365606,32.460631949,-538.0193657228468,344.3277953131468,1341.975940617664
103318,-85.0019821099,30.4771462728,-444.3063315800199,260.694868310874,1322.9888922190828
100923,-85.002067187,32.3228448255,-590.5542625452433,395.18539567238264,1355.916402852399
101173,-85.0105553387,39.4073357567,-316.07635052770763,181.5657753742713,1309.6961194715022
100984,-85.0146342,29.9481247461,-517.9450265855186,325.49047784001925,1337.2665574731075
100924,-85.0183471483,32.3146883449,-420.0332829437539,241.45683188976443,1319.3328602887495
101553,-85.0229214337,41.0937578583,-494.8849986915411,304.37902061236946,1332.2853983889474
100981,-85.0315390664,30.4232552064,-360.1057444188003,201.30052847166127,1312.5775014582653
101174,-85.0395879401,39.0312574726,-391.5818553640098,220.86844267482482,1315.7205871844728
100918,-85.0523841471,32.6479325924,-370.5846387904167,207.38221362772364,1313.5239537597274
100926,-85.0643240451,31.626713321,-456.6017486219413,270.91737539634147,1325.041138554986
301447,8.50664637399,47.9400897707,-659.75846667269,464.5980352442981,1377.7478466411458
100927,-85.0977993209,31.4143761564,-505.14190740195477,313.6928289678889,1334.444073581703
100916,-85.1022486562,32.7939021935,-274.38101731556407,173.52621459610486,1308.6058007373745
103832,-85.1060831166,40.1690138477,-407.2428756421482,231.9079956802784,1317.6187282487663
100929,-85.1102794479,31.2591725705,-521.7640643718001,329.04374845770906,1338.1358611779865
100928,-85.1186746376,31.2814899864,-481.9012420707608,292.7842503878429,1329.6843278938888
100910,-85.1312336396,33.3812188341,-285.7645079896234,174.5726095690298,1308.7449677393959
103829,-85.1466389149,40.1689408327,-445.50158654540127,261.6756355652935,1323.1825017056233
103729,-85.147407559,39.9394312557,-625.5254369969357,429.9875799856162,1366.4651892797483
101172,-85.1520880154,39.5782301889,-476.9471660393921,288.42265625992474,1328.730756479838
100912,-85.1605067871,33.0269987468,-523.4127429932774,330.5822968302137,1338.5150165571513
100982,-85.1645874974,30.5354223547,-562.8417633190747,368.10923953421565,1348.2737877752834
103830,-85.1658057435,40.1694963308,-439.3760144947398,256.68046614361754,1322.2037120924886
103609,-85.1689995258,39.5476475533,-441.05947103415144,258.04546252824184,1322.4693778318142
100983,-85.1774199715,30.1274278529,-346.61237329362854,194.19217540450416,1311.50615536481
100991,-85.1807885657,34.2689886216,-769.2895403549678,577.8080416820212,1419.9295502255964
103826,-85.1810561748,40.1691194868,-439.86813108407244,257.07886658785515,1322.281111646668
100914,-85.1812497468,32.8867039462,-595.0336280497818,399.6067516664321,1357.2116086111441
103627,-85.2011107544,39.6226686885,-444.63655740322884,260.96554534181826,1323.042255722395
100925,-85.2057324888,32.0898799463,-437.3670042027052,255.05943697859982,1321.889976875266
301432,8.52087987017,49.007213408,-509.1503120962491,317.3667775749949,1335.312497537482
100911,-85.2231105502,33.3399685457,-249.48744236733808,174.35976264100003,1308.716593231582
301412,8.52261118031,49.3525301346,-527.8186853796595,334.707168184547,1339.539728043021
103210,-85.2474346593,31.1107435993,-421.30731180493257,242.43184085390706,1319.5116490699374
101340,-85.2729220774,46.5729254316,-384.929238254953,216.42131832253065,1314.9813616914555
101282,-85.2773503167,35.0853962231,-574.4378929319137,379.3778808350339,1351.3938622912024
100993,-85.280930578,34.5690272984,-242.67735490996608,175.32946664303603,1308.8461393321918
100913,-85.2979156104,32.9230617702,-292.2198584936366,175.5582645148408,1308.8768081110288
103717,-85.3137826347,39.8977949863,-430.3231596915351,249.44648056304754,1320.818436135998
103816,-85.3316411912,40.1525518134,-504.71532238658824,313.3029338531404,1334.3524732739986
301533,8.53532756336,49.4774385999,-528.8999233369458,335.7223165365616,1339.7937409885626
301448,8.53953441271,47.9399144877,-586.7238789466837,391.4139234600293,1354.8220008731132
103586,-85.437473692,39.4267233373,-404.13794566399497,229.6593732712573,1317.2248184356376
103549,-85.4602320959,39.1647729437,-455.3465814398792,269.86067644547035,1324.8254901167393
301415,8.5466644483,49.3896471867,-545.0163020057998,350.9806260137996,1343.6983271584772
301528,8.54777168839,48.1522761223,-580.2436044546009,385.0535902486527,1352.9981751409825
101197,-85.4852141279,39.0733256701,-508.91207904247165,317.1479082677553,1335.2604952929837
103592,-85.4883753202,39.4643450004,-417.1887178583321,239.29501397167382,1318.9389289437004
100995,-85.510421107,34.2937565016,-388.10737412570927,218.52672323546082,1315.3295113162633
103734,-85.5516637304,39.9442155351,-799.0948711125459,609.0743723661782,1432.9373278844773
100985,-85.5560493108,30.3844564742,-461.7525385329585,275.28334814301496,1325.9406911081203
103807,-85.6149801537,40.1183836566,-491.49023833229626,301.3255163403675,1331.5911014156113
101196,-85.6729214445,38.806257401,-497.7923460847493,307.00586897949194,1332.8879916029346
301555,8.56886445014,48.0653145791,-488.61955574770445,298.7552704102827,1331.0118354730632
103546,-85.6894246818,39.1308932399,-468.2334043694648,280.8417903183377,1327.105838191009
101283,-85.6937545332,35.0104233109,-488.90066802209685,299.0064735955058,1331.0682423615522
103564,-85.6937548212,39.2937574933,-446.94577400703247,262.8645062809113,1323.418128647843
101194,-85.7016516898,39.2731427086,-444.17519811531116,260.5874434876376,1322.9677283572998
304005,8.57155223436,53.17695876,-475.76054611852055,287.3833764951125,1328.5055512331076
101177,-85.7175035102,37.985007851,-562.6864905513198,367.9589936216901,1348.232774990483
100996,-85.7437930313,34.4353989143,-392.7314971244619,221.65225547081008,1315.8523917699692
101178,-85.7477769447,37.8227840026,-505.48811010330337,314.0094119969994,1334.518529430803
103559,-85.7603570657,39.2601708855,-425.7051465907795,245.82881450341657,1320.1399928081896
103809,-85.7647725631,40.13594849,-339.03875770909735,190.59021064254821,1310.9776592162898
301374,8.57679007879,48.3732185926,-250.18568242603547,174.2781310976958,1308.7057199960416
103568,-85.7685512714,39.3147430751,-551.1885826052594,356.8834193822446,1345.2522327063482
101001,-85.7816363815,33.8237185857,-433.32482644766833,251.82470096143933,1321.2696449195257
101002,-85.7853220898,33.7813522872,-387.6341008351361,218.21095422556408,1315.2770868206758
101195,-85.7983157188,39.0683935447,-450.98846792940367,266.2143885342198,1324.0875708328736
103563,-85.8143381892,39.2905769311,-345.9955857010966,193.8880249046638,1311.461154885223
101003,-85.8267422212,33.6162755156,-491.7015917305089,301.51518386968496,1331.6340340631962
100997,-85.8308574575,34.3355762791,-197.88351029077756,189.0819210000353,1310.7592332005584
103636,-85.8356564329,39.6564040873,-700.7662038713004,506.60930650452576,1392.4764931618947
103585,-85.8396293183,39.3979920209,-467.312777223335,280.0479232265055,1326.9380670833625
103824,-85.8440457806,40.1645326984,-453.54936400028566,268.35269007255175,1324.5191432518545
101183,-85.8517514523,40.1443334257,-584.6782811799137,389.40339351128455,1354.2425179595994
103541,-85.860263772,39.0850598711,-548.014492361234,353.8440323004908,1344.4491041932833
100998,-85.8644957213,34.2690888146,-321.9880622495568,183.60148617046937,1309.9798854545272
103664,-85.8812549097,39.7267764992,-443.50734834314505,260.04088537183276,1322.86018030494
101180,-85.885299745,37.2686037728,-534.0350106686038,340.55860213846216,1341.0137792215094
101193,-85.8855408111,39.7142182431,-454.2890217645132,268.9725869407913,1324.6448758429835
103552,-85.8931769067,39.1772524807,-487.33065829706686,297.6048815127714,1330.754094516219
100986,-85.8979210371,30.4520889798,-501.06044686128234,309.97125788308995,1333.5741356539113
103524,-85.9145780105,38.8884479668,-462.78818678434953,276.1668185749408,1326.1243932049722
103556,-85.9310418628,39.2111628875,-512.2654670997281,320.2345878496942,1335.9970006802841
101207,-85.9520288966,36.2477514673,-492.2419427718013,302.00035984959976,1331.7439738631217
101518,-85.9606042033,43.0149039152,-588.6308964566977,393.29052135795007,1355.3653488124373
103562,-85.9727773093,39.29033645,-560.0301201125394,365.391348743636,1347.534278713586
103839,-85.9767929266,40.1939161868,-796.569131792,606.4189911669525,1431.8106674485268
101516,-85.9851819353,42.5935385144,-421.2867434415248,242.41606713634988,1319.5087510802296
101298,-85.993509986,35.3354772368,-409.065025093425,233.24067717162475,1317.853940335927
103768,-86.0313529711,40.0310292623,-497.8796974747305,307.08495751169403,1332.9062103919427
101519,-86.0395886168,43.3187581954,-463.347838901561,276.64500278064287,1326.2240580440973
500004,86.0420939333,69.4103623472,-442.9437939594454,259.58039401224295,1322.769736396703
103512,-86.0476856085,38.7689021099,-391.89941864612274,221.08451252970548,1315.7568758140499
103738,-86.0478417805,39.9648194808,-468.2656824896794,280.86964926637233,1327.1117339736195
103529,-86.0601849525,38.9191318273,-391.3518118104387,220.71213242753754,1315.6943565935678
301410,8.60698666629,49.2692764297,-525.5861966400503,332.6147152701199,1339.0184253346458
301531,8.6070667513,48.2436834298,-543.7033376226229,349.72904138823236,1343.371950340554
101185,-86.0847194565,39.8604376942,-428.5994438611044,248.0902266466834,1320.5629690132366
101316,-86.0978848526,35.4855186542,-460.53049074476917,274.24325923705584,1325.7251448955833
101184,-86.1064709323,39.9017615916,-401.77553090231584,227.9677148247992,1316.9309296898957
103520,-86.1103277307,38.8562989991,-916.769593176044,733.7329864133371,1490.2019627964814
101284,-86.1187546154,34.297923145,-361.10282752436046,201.85892415380565,1312.6632545447378
101317,-86.1351997157,35.422818282,-331.8777472649086,187.45962974961185,1310.5261948382847
103841,-86.1768495442,40.2018213805,-430.31750449988374,249.44201957082777,1320.817593651381
101186,-86.1811540865,39.7898867094,-414.81046613935746,237.50394481789874,1318.6151517313592
301472,8.61811821821,49.1188600613,-471.99156087525637,284.0967131734427,1327.7984549649866
101187,-86.1854216629,39.6687575404,-434.28087596895307,252.5864888404883,1321.415047937709
101299,-86.1894441732,35.2850741036,-414.400729167544,237.19690202480217,1318.5598829410878
101517,-86.1937552636,42.6479247389,-542.817715073571,348.88564249270684,1343.152629491154
103685,-86.1981481329,39.7360344299,-696.3260201445173,502.0356243197226,1390.8190258468371
110166,-86.2146791743,48.6892809187,-325.71305436336297,184.98945422708854,1310.175138195916
103542,-86.2269377653,39.0975573341,-287.22333976621866,174.77075404886824,1308.7714128304688
301554,8.62271618359,48.1772207793,-688.6414999010419,494.1334600348649,1387.9861926177362
301496,8.62304162662,49.5813524435,-530.1904677914799,336.9354388067226,1340.098236882405
103494,-86.2429769856,38.5898854101,-933.3015125787202,751.3655585234972,1498.9623067665107
101005,-86.247868891,32.4188084045,-447.59479023346614,263.4001385555041,1323.52462295286
101342,-86.247922309,45.9645919463,-435.45809603001953,253.52732158663036,1321.5952093445037
101343,-86.248057158,45.9519682932,-430.70431941768663,249.74732275373398,1320.875285480847
101515,-86.2564469687,41.82835708,-665.5128785058582,470.4601513508831,1379.7356806941493
103790,-86.272221796,40.0844903458,-407.86531147195797,232.36215829940264,1317.6987391589203
101300,-86.2727800931,35.0935406528,-471.66488922485235,283.81288963365546,1327.7377568231075
101004,-86.2733126611,33.2117878781,-421.27434841305717,242.4065620039646,1319.5070048597822
110165,-86.2807334488,48.7071251152,-381.76604744882025,214.36157610150116,1314.6439365395377
103496,-86.2860130432,38.6186664415,-1053.7029831967702,880.3971556381491,1567.621429499863
101199,-86.3018830105,38.8484108575,-407.66028425727643,232.21243582839827,1317.6723454352411
301529,8.63134707531,48.136235131,-485.0712892594358,295.5938234429436,1330.3057930525108
101520,-86.3229221342,44.2479250002,-550.4817206063935,356.2058547589896,1345.0726395016866
101007,-86.356580725,32.1524154954,-393.9686377754754,222.5006231313163,1315.995563011242
301443,8.63574425667,47.9272779897,-488.132439616444,298.3202350386822,1330.914256143117
301409,8.63588705868,49.1925896724,-540.9755235587122,347.13342493252975,1342.6985548799996
101201,-86.3603797603,38.6312154635,-405.0303264823082,230.30273551580606,1317.3371415691256
103506,-86.3763816277,38.7314495548,-597.0037790851586,401.5550098168503,1357.7865150606196
103603,-86.3811592791,39.5150381136,-583.4108643303666,388.1589867392031,1353.8852217074593
101188,-86.3979217114,39.4979241642,-420.34000806688437,241.6911883451743,1319.3757709974645
301556,8.63984369901,48.1558483206,-804.3790980133834,614.6331149925908,1435.3089077327386
101291,-86.4019866448,34.7104656851,-515.6917470563162,323.4011436150097,1336.759549905273
301534,8.64029947905,49.4396078468,-487.10421820544195,297.40300983056994,1330.7089632326574
101198,-86.4087282763,38.7687317459,-397.94667488135843,225.26230886175563,1316.465306176042
101006,-86.4092663994,32.4106102478,-568.5823806468641,373.6760934309894,1349.8042885445643
101287,-86.4314349282,34.9104099386,-416.61662949949977,238.86279676965475,1318.8605802934867
101290,-86.4479214016,34.7479232262,-487.7832375033893,298.0085671167573,1330.8444314218077
103583,-86.4557052632,39.4023159653,-508.2293261460053,316.5210066989707,1335.1117339957661
103230,-86.4604214176,34.9645899371,-382.23272539208983,214.66317420994406,1314.6931478232252
103571,-86.464785497,39.3314184024,-410.56517081107665,234.34495790739396,1318.0498298122382
103649,-86.4687131053,39.7060498444,-475.28611707009424,286.96845507544054,1328.4158568685625
301444,8.64755407165,47.8693250389,-582.8124892220275,387.57181961167163,1353.7169977246183
103658,-86.4825872855,39.7103251468,-474.7595452957393,286.50833434849517,1328.3165361549186
301530,8.64863160874,48.1434895756,-524.5199036120669,331.6170287775761,1338.770946931072
101000,-86.489375427,33.7935104682,-297.25547888806204,176.52062728074083,1309.0062362063206
101285,-86.5020021561,35.0100707519,-355.8118974304095,198.9466437823512,1312.2185647382503
103666,-86.5056488344,39.7315386875,-464.4645254880187,277.6007297171063,1326.4237481705918
103677,-86.5146575861,39.7644744113,-466.54586235581075,279.3876683824301,1326.798878434717
100999,-86.5185553474,33.7938327143,-286.48509663544075,174.66867880596513,1308.7577858134305
103211,-86.5228289658,33.5688258656,-418.8030237515913,240.519274451256,1319.161595845638
103705,-86.5314323515,39.8319394179,-424.4576749530519,244.8603757613648,1319.9599987080853
103693,-86.5428978574,39.8027732334,-440.7565322100983,257.7993881316358,1322.4213848439147
103519,-86.5473284508,38.8399677248,-480.3473105721754,291.41228072725596,1329.3829064382137
103530,-86.5521052402,38.9477276677,-615.9913025370415,420.4381494970955,1363.4903857834838
103490,-86.5566734586,38.5398771419,-432.6098477464606,251.2563512745294,1321.1614392750196
101286,-86.5641810762,34.9602618348,-414.0945195914559,236.96773588878114,1318.5186773131834
101008,-86.5643349712,33.5355933029,-398.88235075086567,225.9192247171702,1316.5778710992595
101289,-86.573228041,34.8440440582,-380.7615144858746,213.71509648174245,1314.538678409902
101288,-86.5895668943,34.8980206446,-485.9442514084086,296.3700056683433,1330.4784758992928
101318,-86.598121753,35.5853618395,-492.9091750590602,302.5999897492969,1331.8800803254496
103045,-86.6229214801,35.2229233175,-480.3507630224126,291.4153250126105,1329.3835737753257
100987,-86.6270879214,30.7520890256,-443.54772938445154,260.07390661983413,1322.8666718441257
103630,-86.6314630818,39.6482630187,-541.4664218108368,347.60006258978655,1342.8192723087775
103566,-86.6318318938,39.3102777677,-531.5270747469963,338.1935190757475,1340.4151039570875
301600,8.66368037498,52.1940412767,-504.02677892333656,312.6740624763801,1334.204955738411
103578,-86.6442188488,39.3809123775,-632.484963498948,436.9845329904468,1368.6830446251354
101021,-86.6982257793,33.6063973518,-404.88022324795736,230.19435315521466,1317.318198005326
101292,-86.7016164756,34.697723685,-509.7463623445475,317.91466130121796,1335.4428203564987
103502,-86.7020536606,38.6897456973,-389.1276127294976,219.2100631713351,1315.4432129008962
101179,-86.706324889,37.8982334659,-338.6451612165845,190.4110635052453,1310.9516267493054
100988,-86.7102797873,31.0275059034,-162.81290605984088,207.47429205223185,1313.5384944622012
103580,-86.7142318366,39.3851132159,-685.420582040498,490.82653164969753,1386.8123444585874
101023,-86.7230996224,33.5686960136,-398.8108499206418,225.8689285312647,1316.5692414177515
103602,-86.730662774,39.5065860449,-642.5904755402806,447.18148336195026,1371.9726942010348
103676,-86.73087014,39.7603572419,-595.8686718233944,400.4322495967326,1357.4548909958487
301445,8.6735227108,47.9185741159,-279.36334352956703,173.87466718425324,1308.652052479912
101022,-86.7352717644,33.6110039921,-441.09115244478,258.07120820395187,1322.4744016710868
101293,-86.7482038414,34.91491206,-375.70551944844965,210.51867589513415,1314.0227956440071
101189,-86.7558635421,39.8148082334,-512.305238522725,320.27127107126887,1336.005794016275
101011,-86.7594377364,33.4806677093,-508.1426100584739,316.44142222123656,1335.0928687806143
103212,-86.7604274414,33.343749691,-371.33336336548444,207.83427535374693,1313.5954021628079
103652,-86.7647480378,39.7064007385,-458.86446544265505,272.8295214461342,1325.4334167901375
103508,-86.7685869281,38.7353873911,-727.2359433263757,533.9837706151008,1402.6676234417664
301414,8.67702860209,49.3271933655,-573.7901963925751,378.74605292761385,1351.2166248162057
101294,-86.7890385278,34.902113028,-377.67655737895524,211.75323845191505,1314.2211490332686
101012,-86.7933273092,33.4612242147,-393.5897151059861,222.24024116739852,1315.951564217162
101200,-86.7937550952,38.6687573226,-424.6230291671913,244.98852446654013,1319.9837770562729
103493,-86.7968060655,38.5810980854,-481.9069250494524,292.78927431475887,1329.6854341253854
301352,8.68040154437,48.8903830794,-442.6688022719026,259.3559309426815,1322.7257060655459
103213,-86.8060451702,33.3106325003,-349.7468568478019,195.76668472004454,1311.7402141497869
103214,-86.8100551755,33.1272283001,-456.67488215677116,270.9790336039642,1325.0537465417735
301601,8.68117843543,52.5189757716,-515.0199781055946,322.7792967506632,1336.6092431905088
103569,-86.8185089792,39.3230240847,-451.9586431787458,267.0230050830566,1324.2503841098323
103553,-86.8188012253,39.1771401497,-407.1818133044027,231.86350168720764,1317.6108977942256
301354,8.6820637495,48.8772595823,-260.46148268096556,173.4638498420201,1308.5975323885746
101010,-86.8222521846,33.2393927464,-408.9170196851534,233.1320740388784,1317.8347235207914
101514,-86.8597236967,41.718647376,-463.8372993110107,277.06365141531643,1326.3114496629514
103555,-86.863565351,39.2064696341,-507.5982293605514,315.9420080916285,1334.9745866676349
101024,-86.8893362291,33.464416712,-486.0368649173205,296.4524139181686,1330.4968351294042
101295,-86.8897312931,34.7884289966,-456.9011252320662,271.1698385393321,1325.0927801119813
103532,-86.9141373822,38.9976817578,-517.6143752510313,325.18354857013867,1337.191884073531
101014,-86.9269841312,33.3810684731,-371.78794761217836,208.1098444054805,1313.6390302933014
101296,-86.9559642236,34.6896011444,-460.7183736683132,274.4029975061196,1325.7581980179475
103610,-86.9812552207,39.5520908127,-467.9221206577489,280.57321154606416,1327.0490275829015
101301,-86.9979215741,35.0104232589,-398.0799021125556,225.35567607614027,1316.4812855909445
103551,-87.00945941,39.169217637,-606.6454740515567,411.12023533775925,1360.6460386432711
101025,-87.0189716168,33.3643096947,-395.0864048147774,223.27145075150096,1316.126109190199
103527,-87.0395531095,38.9188284993,-407.53141488757615,232.11839021347976,1317.6557750971035
103540,-87.1099330044,39.0854211471,-709.5562334277342,515.6796416782067,1395.8020230006887
103489,-87.1112243335,38.5357871456,-489.7636563169445,299.7783101226153,1331.2418374553222
103521,-87.1270885428,38.8812573472,-477.3645217600785,288.7886951951042,1328.8102592334026
101016,-87.1395881678,32.944478336,-407.004908195495,231.73465816909734,1317.588230961479
301357,8.71453616019,48.8892523523,-538.7960922581608,345.0642290059386,1342.1650854909444
101513,-87.154172627,41.6111185281,-494.03394974553413,303.6121178241556,1332.1103980755952
103503,-87.1855728856,38.7104952451,-806.0659692593383,616.408540211642,1436.0700829058794
301356,8.71968083662,48.8657808193,-521.5334079459597,328.8287186932408,1338.083002212079
301353,8.71973118862,48.8152475991,-146.06679921840663,218.11067274786242,1315.2604533467797
101352,-87.1979225776,45.756258524,-561.1619394053275,366.4847312034695,1347.8311662729611
101350,-87.2104226007,45.9062585454,-497.6537851312587,306.8804345196549,1332.8591057056346
101303,-87.226289377,35.034948439,-346.72140544524376,194.24613692793406,1311.5141464288054
103516,-87.226851076,38.8270974147,-386.54232653706015,217.485497552416,1315.1569245596029
101302,-87.2270334521,35.0444655267,-367.5677492668266,205.58386067904217,1313.2412262578234
103501,-87.2347638897,38.6695462757,-390.52493964111653,220.15176009464523,1315.600468244148
100989,-87.2354214357,30.9645890542,-388.804836022861,218.99348452614566,1315.4071388115372
103497,-87.2439738955,38.6395821352,-671.5560547715934,476.628804698131,1381.851226449295
101319,-87.2603034648,35.8397615165,-430.78212309066976,249.80877319444664,1320.8869057327984
101305,-87.2765972392,34.5355467666,-373.41034445008006,209.10007527290514,1313.7962688524374
103504,-87.3434784567,38.7142140144,-509.9705374054039,318.1208244189727,1335.4919144272117
101304,-87.3437456967,34.5608251527,-641.5555735940559,446.1352712434103,1371.6320478972787
101026,-87.3562549227,33.4604229227,-389.67510624643035,219.57824054472476,1315.5046173587414
101020,-87.3937549788,34.2854230939,-269.9433296585048,173.3603835460228,1308.5838212184483
103483,-87.3966892091,38.4728330284,-436.1247585663829,254.06148289448822,1321.6977837849308
301449,8.74014388831,47.9399454047,-358.0819339343371,200.18071928243867,1312.40623091476
101181,-87.4044546557,37.5895904213,-530.480077525435,337.20789113130877,1340.1667644038469
101320,-87.4227393652,35.5726248194,-362.8135335089005,202.82712730643308,1312.812491615932
100990,-87.4354214803,30.6895889864,-295.7478545407526,176.21489765961027,1308.9650433562535
101307,-87.4852739144,35.1393545976,-371.05344186106026,207.66500057701546,1313.5686305009356
101017,-87.5188611902,31.5478161904,-368.0204788137163,205.85133995360172,1313.2831258841884
101471,-87.5266452138,44.6017611045,-495.77268763075233,305.1799297276905,1332.4686052887137
101306,-87.5313630482,34.5601328947,-404.85565644619425,230.1766209987619,1317.3150995209382
101309,-87.5352514786,35.1274636036,-386.9332435914847,217.74477298764293,1315.1998254010268
101323,-87.5393929119,35.4479496371,-460.601471597343,274.30359997151726,1325.7376284652955
103484,-87.5477743616,38.4814696241,-524.3794488107283,331.4856947789101,1338.7384212065135
101828,-87.5514863349,41.4559893432,-457.88233064762153,271.9984217093854,1325.2625913319398
101202,-87.5520886359,38.4895905868,-469.61984996198294,282.0399438860125,1327.3599076809112
101829,-87.5896753531,41.5318348555,-407.38016928303557,232.0080762129179,1317.6363466448056
101308,-87.5936147974,35.1771616927,-352.3495834170748,197.11010160343076,1311.9413808267375
101321,-87.6021584471,35.772649893,-401.8571323202106,228.02586554093116,1316.940997132044
101472,-87.6352134258,44.5480458131,-483.56740688052355,294.2591731680469,1330.0098704765292
103063,-87.6394950222,44.3272330868,-611.7245038013754,416.1786504559776,1362.1829773076781
301368,8.76461635933,48.414511074,-589.8078798122617,394.4498105111707,1355.7021972335037
101372,-87.6604226679,45.3270917615,-510.9202923376008,318.9948933309312,1335.700391758071
101327,-87.660919766,35.6477469547,-431.886789755142,250.68276394310547,1321.05247538075
101324,-87.6646508323,35.4020890423,-397.7569433236773,225.12943964668798,1316.4425772387806
101811,-87.6690457756,41.1647799581,-561.2418136767473,366.5619285601079,1347.8521588220117
101832,-87.6810825906,41.6475311101,-533.0102355138356,339.5914962204233,1340.7685030894324
101830,-87.685216028,41.5229472078,-473.08187464726427,285.0452300383566,1328.0017235452187
101310,-87.685424344,34.7021362884,-453.4451643290103,268.2654438473451,1324.501469585468
101479,-87.7148168284,44.1070069426,-579.1078695105828,383.94157775623574,1352.6821244111268
101329,-87.7187132767,36.2106074902,-379.8786023975242,213.14997169503434,1314.4469198126812
101812,-87.7187555297,40.6395909737,-408.5791695317981,232.88440124374728,1317.790931412912
103065,-87.7230253171,43.9643913678,-460.431384952706,274.1590242976791,1325.7077223789966
101322,-87.7395885095,35.9312567481,-487.69442862465837,297.9293304536239,1330.8266906385657
101311,-87.7438565148,34.6813049637,-758.3699712295117,566.3935392314975,1415.3230853252671
103064,-87.7472937991,44.3358531925,-480.16814809404497,291.25432358473387,1329.3482897940075
101833,-87.7686745459,41.6520225854,-422.41058931053135,243.27950306997266,1319.6676517917017
101325,-87.7730750412,35.4313673867,-358.84793472947246,200.60240662365297,1312.470616857632
301535,8.77736191539,49.4109107474,-181.73467403170162,196.83189503854376,1311.8996110510577
101328,-87.7812999549,36.1559135617,-417.8171088659384,239.77076303253537,1319.025327041394
101480,-87.8104162793,43.9148353247,-444.6426947819276,260.9705780838052,1323.0432484226837
101823,-87.818755669,41.8270911769,-475.61342107092355,287.2546686042654,1328.4777149829793
101813,-87.8229222594,41.0104243664,-389.8874151351983,219.72128926559176,1315.5285019823725
101312,-87.8229846334,34.7562526629,-384.2466943387288,215.97381920290113,1314.9077857981295
101477,-87.8259415756,44.3102664254,-463.3330114245292,276.63232681445885,1326.2214139464922
101512,-87.8264214046,42.5937540694,-460.22774485103025,273.98599453862454,1325.671950285881
101326,-87.8354218414,35.4937566559,-361.8246642467345,202.26590216255482,1312.7259004640246
101027,-87.8437550251,32.7812560945,-378.1075282712253,212.02515714115668,1314.2649891982148
101511,-87.8511261267,42.6525660162,-508.8949712831038,317.1321935120728,1335.2567628487152
301364,8.78542108805,49.3601261462,-511.3022331628364,319.3466809190395,1335.784450121148
103046,-87.8558168131,35.2278380529,-336.8178435311604,189.59001219886437,1310.8326236774155
101819,-87.8600694764,41.9900381064,-396.5576605382569,224.29222735334676,1316.2996611040273
103072,-87.8604524975,42.7773255946,-524.0936944523573,331.21855708540176,1338.6723001277
101824,-87.8898272599,41.7393726047,-426.8670176453453,246.73420609383382,1320.308889248348
101821,-87.9062766373,41.8312368963,-412.52855259769933,235.79976953900598,1318.309267920885
101502,-87.9104224916,43.1020913884,-555.2872486305079,360.8199680383974,1346.3019140990186
101315,-87.9263876629,35.4354559351,-355.38291508889307,198.7160773111478,1312.1836281379913
101836,-87.927042142,41.5187773414,-410.54502886555673,234.33008904370612,1318.0471862580198
101816,-87.9270891,42.4895912838,-362.79784348975846,202.8181893918959,1312.8111107541934
103059,-87.9363014337,44.5023627723,-484.04383682372094,294.6816452376196,1330.1034044807952
301366,8.79369147774,47.9899060548,-269.2423011458304,173.3466744693521,1308.5820051189132
101817,-87.939730442,42.4192635599,-512.6430192259231,320.5828936210455,1336.0805313505223
101499,-87.9428723253,43.2802913982,-620.5705021324812,425.01935886354914,1364.9099787093046
101203,-87.9437403004,38.1318061672,-411.2459705408385,234.84819567794676,1318.1393968714533
101815,-87.9476800837,42.5853108307,-447.1218667277118,263.0097527344394,1323.4469859442358
101314,-87.952088855,35.3063896804,-350.6084128938232,196.20780246822184,1311.8061199433628
101818,-87.9600176997,42.3150983483,-476.1440864663151,287.7190600130429,1328.5782069815239
101825,-87.964217527,41.7062619149,-430.5019503043793,249.58755457170992,1320.8450862870097
103069,-87.9687558414,43.0979247171,-444.73788188509013,261.04864273097996,1323.058648905308
101498,-87.9767066991,43.3228858847,-538.3032107629318,344.5968540830099,1342.0450016356972
101500,-87.9854686658,43.2352625494,-443.0688517727172,259.68252467115246,1322.7897823127587
101510,-87.9933773075,42.8731726535,-437.6058013716335,255.25166035007337,1321.9270799415983
101369,-88.0020337952,45.501749302,-371.97904897545465,208.22593768922204,1313.6574270706983
101820,-88.0022977882,42.0129992583,-412.1445645412605,235.51440281174274,1318.2582556173215
101494,-88.0061148215,43.5938831411,-543.6824759967873,349.70916673728186,1343.3667763762567
101481,-88.0061231625,43.7893591653,-679.7507444536939,485.01303291347585,1384.7654807466063
101469,-88.0065814106,44.5397351784,-642.5948005138491,447.1858565125026,1371.9741195941972
101505,-88.0106488849,43.0422432795,-474.66567887031965,286.42635814711576,1328.298856889093
301557,8.80120086136,48.4449552435,-520.6708855054941,328.0251110998556,1337.8857455266966
101487,-88.0201001397,43.6805590303,-471.68193958610345,283.8276994036547,1327.7409225900296
101489,-88.0227643729,43.6391599989,-331.11448762411635,187.1423100427777,1310.4808425839726
101360,-88.0229229419,46.6062586024,-253.57183611782352,173.92955299133428,1308.6593460389975
101182,-88.0231568349,38.9353398967,-449.29966711716105,264.811126918874,1323.8061517879025
101835,-88.0269407352,41.6392333674,-431.99232023096147,250.7664045769586,1321.0683495701146
101495,-88.0350922869,43.5820916651,-523.078708204542,330.27035435618654,1338.4380081042277
101493,-88.0352572649,43.6188933052,-548.4037782424516,354.2163595303472,1344.5471445547694
101490,-88.03593334,43.6308375582,-672.2248740584639,477.31226897571975,1382.0871161711195
101509,-88.0394298333,42.9602795067,-426.8206950896788,246.69804668773372,1320.3021323965947
101491,-88.0434954726,43.6315063432,-481.4417197244111,292.37817272533937,1329.5949723346807
101504,-88.0437060356,43.1236292252,-586.8448669145324,391.53291670652425,1354.8563833248784
101814,-88.0472287249,42.5814214043,-454.88341409070716,269.4714756437492,1324.7462665571363
101492,-88.0476478389,43.6226796055,-588.2248667325305,392.89078627108915,1355.2494104437626
103068,-88.047922582,43.5645914567,-564.1233423291409,369.3499934641888,1348.6130698771417
101467,-88.0806739387,44.3857874116,-487.8834022361621,298.097948574509,1330.8644489638239
103070,-88.0812226627,43.0442943876,-381.65181684573224,214.2878743611516,1314.6319209838443
103231,-88.0814848297,43.1483503573,-483.55099957959976,294.2446297966049,1330.006652891478
101466,-88.0936558198,44.3732373066,-563.9190096915513,369.152090644567,1348.5588828815398
101839,-88.0936966328,41.4307676531,-410.5084312652348,234.3030754673903,1318.042383895499
313457,8.80970000006,54.6853999998,-615.2695745006281,419.71702658438466,1363.2681970090437
101464,-88.0979080321,44.3598121875,-441.1573620545254,258.1250197922042,1322.4849036621088
101503,-88.1019489234,43.1771579466,-499.73555716698286,308.767504231793,1333.294853451772
301358,8.81052333413,48.9397132134,-603.4904971423139,407.98478945688686,1359.7019463837034
101028,-88.1270883875,31.7562558647,-357.2578878944191,199.73003016682694,1312.3375630994842
101399,-88.1270893825,44.535424943,-505.41789846337326,313.9451960503118,1334.5034210126703
101841,-88.1271615405,41.7100972353,-419.9020199835747,241.35661285434807,1319.3145224471593
101484,-88.1310293998,43.7189827105,-499.55419351396563,308.6028899981249,1333.2567413242832
301450,8.81394718242,47.9858650515,-484.5635152861861,295.1428332790809,1330.205655756829
101019,-88.1559841199,32.8268184312,-492.47495725991894,302.2096996546593,1331.7914615797818
101204,-88.1563506019,38.093881039,-416.70387676118065,238.92865677617843,1318.8725099873452
101845,-88.1643349786,43.0438276396,-404.2228748765932,229.72050101348165,1317.2354774896312
101205,-88.1645887796,38.0645904766,-468.18867832574995,280.80319049236505,1327.0976702421501
101456,-88.1646404346,44.3270405078,-662.7729579322042,467.6674879198013,1378.7859419897889
103081,-88.168636409,43.1075175229,-429.6156635191325,248.8889648960609,1320.7132585911615
101852,-88.1736169224,42.2111190007,-452.67379850310886,267.62021396397313,1324.3709350078527
101485,-88.1845464923,43.5650044507,-476.0877448492955,287.6697345003581,1328.5675258408803
101843,-88.1859004604,41.4853162197,-907.4432176112746,723.7966074028487,1485.3347513134286
101486,-88.1892069497,43.5521345947,-526.7782988192937,333.73143797199594,1339.2962582126138
101840,-88.193687573,41.8602983287,-379.48145767440485,212.89671895175496,1314.405876246707
101846,-88.1980461884,43.0515598482,-466.6761192561785,279.4997410438267,1326.8224824048687
103082,-88.2143182987,43.0439162646,-576.014399669149,380.9169208008362,1351.826725258767
101398,-88.2146982848,44.4643937001,-534.0541165937873,340.57664202848025,1341.0183606747698
101208,-88.2187553861,37.0187569411,-525.6202351197513,332.6465821223285,1339.0263414769402
101848,-88.2270872518,42.5397161959,-747.0506208265904,554.5862017686165,1410.6394471173676
301365,8.82273977614,49.3064909128,-521.9150889676205,329.1845705894018,1338.170495895639
101483,-88.2436518942,43.543677186,-493.10030231027486,302.7718595979637,1331.919139263289
101313,-88.253479906,35.0686151147,-503.4306445565278,312.1300442828161,1334.0775686276434
101854,-88.2553379741,42.0227679771,-466.59372627075,279.42884709051503,1326.80755015857
101482,-88.2682211472,43.5983062845,-481.9878516618213,292.8608209599078,1329.7011901268506
301599,8.82686361548,52.2187105487,-589.9321816638771,394.57229142509226,1355.7378388655748
101395,-88.2771341319,44.3980550857,-457.1328510352615,271.3653635841163,1325.132806598867
301518,8.82773603956,49.4103561904,-148.92730217366653,216.22036597244102,1314.9483036350546
101385,-88.2812820533,44.7520657019,-464.02438455127856,277.223778097528,1326.3449090316287
101850,-88.2976111626,42.4640712696,-503.5833133707134,312.2693261012493,1334.1101628408276
101018,-88.3011885019,33.0932825263,-578.3408337223506,383.1910288881379,1352.4692821620024
101866,-88.302318257,40.836271915,-415.06791906371177,237.69710300827396,1318.649956337912
101454,-88.3053901233,44.2647177246,-532.0229754954369,338.6607108524161,1340.5330550368817
101851,-88.314534513,42.3187153136,-516.3740008696655,324.0331897383977,1336.9126009666797
103083,-88.3185455574,42.9436158143,-580.8637528132381,385.6611305295834,1353.171202092628
101856,-88.3225497347,41.8268424119,-455.0533910856339,269.6142618449729,1324.7753185961992
101391,-88.3228894307,44.3858545856,-505.82581271356264,314.31835697971786,1334.5912573165917
101880,-88.326795777,40.3148290388,-368.75012015081074,206.2842087471188,1313.351045741342
101393,-88.3352629917,44.3649968399,-537.3458040054509,343.6896070664872,1341.8123343362768
101853,-88.3395536841,42.0560710769,-435.54387003054023,253.59599261467568,1321.6083845230683
101857,-88.3520426681,41.6899311126,-436.42009866133634,254.29843671575523,1321.7433523523123
101849,-88.3687558865,42.3854245751,-502.75408079419753,311.5131399695942,1333.9333682553893
101390,-88.3730399119,44.4065079034,-471.29981702369884,283.49590203913255,1327.670034701557
101389,-88.3938468976,44.4311557334,-428.7155472027215,248.18135943817208,1320.5800928925253
301334,8.83971816655,47.7432682674,-735.3451711542473,542.4047093471969,1405.8949687986897
101858,-88.4147209993,41.6811133819,-440.79332730692795,257.82926612909625,1322.427209733723
101847,-88.4304807936,42.8603951614,-476.8821413158754,288.36565037893257,1328.7183835899602
101452,-88.4521365994,43.7555201985,-504.22059020782063,312.85102071392555,1334.2464374069718
101453,-88.4562626518,44.2610577423,-445.3194950548258,261.52603338686384,1323.1529241590024
101031,-88.4608331651,30.8101811094,-332.79347800570105,187.844554791746,1310.581310463552
101368,-88.4645896344,45.7645917807,-430.8953993968761,249.8982655121272,1320.9038336220474
101427,-88.4897299425,44.5898208355,-570.0301968584945,375.0837311418979,1350.1946526107927
101859,-88.5063074149,41.731457259,-480.44827227690405,291.5013134522016,1329.4024260229896
101382,-88.5225510802,45.0602076944,-408.50283619401335,232.82848763847886,1317.7810513235775
101330,-88.5229221403,37.0312569301,-527.1674130467932,334.0962474037447,1339.3872095479767
101339,-88.5229231463,46.977091959,-293.0954908144624,175.7135156033313,1308.8976408173153
101366,-88.531261432,45.7639298327,-593.0703058102703,397.66743361986414,1356.6418769643153
101451,-88.5391447406,44.01503992,-650.9313464510565,455.62905763843037,1374.749298139823
101860,-88.543997826,41.6313693537,-432.87766413426687,251.46910740995574,1321.2019174043805
101364,-88.5587443172,45.8935774474,-524.3458380280833,331.4542695029058,1338.7306403243172
301525,8.85639856293,48.4436057594,-535.0405789314063,341.5085162477853,1341.2553303682396
101867,-88.5730850274,40.8276787992,-402.5664406957724,228.53218556580677,1317.028759902735
101881,-88.5856556425,40.026857571,-420.36935843909225,241.7136264336873,1319.3798815258538
101367,-88.5896897368,45.743778579,-395.994580846773,223.90073100402512,1316.2330082153344
101450,-88.5979924695,44.0138666309,-445.57032158412017,261.73212408668394,1323.1936741650404
301367,8.86108239531,48.3232093194,-551.9527980194081,357.6164072003639,1345.4468734477584
101428,-88.6436076643,44.3396065218,-497.6705683956231,306.8956265534749,1332.8626036351616
101861,-88.652584302,41.7020548666,-442.60807732518737,259.30638506544625,1322.7159921567295
101420,-88.664622732,45.1229600906,-366.3824541636092,204.88761766855697,1313.1324116193875
101422,-88.676355789,45.0645028568,-365.45477806142173,204.3468158686256,1313.048139150693
103047,-88.6975928567,45.7940170412,-399.3903480724277,226.27702857317308,1316.6393159219256
103048,-88.6981375418,45.768174647,-528.6284969141034,335.4673754070327,1339.729881182746
101844,-88.7202395416,41.3270910416,-433.82984333419165,252.22684585781332,1321.346349880618
304009,8.87311903831,53.056281026,-553.9170133989674,359.50247115630333,1345.9494126225327
101432,-88.7397373512,44.3978017616,-578.5651089719976,383.4104444919991,1352.5314648898207
101029,-88.772921861,30.8771805599,-367.12421456263303,205.32264065298756,1313.2003584130518
301501,8.87756546468,47.6565372873,-427.72120828175514,247.40191078734944,1320.4338302363672
301252,8.87789080471,47.6567368243,-426.2471889345336,246.250796146372,1320.2186368833663
101864,-88.7892482093,41.3844850603,-542.9395870944162,349.00166454212433,1343.1827710422083
101863,-88.8017618623,41.4393335649,-399.494759714807,226.35066994852002,1316.6519738934794
101862,-88.8523066115,41.5358723448,-533.5216453903561,340.0740058593931,1340.8907949690408
101865,-88.8562559269,41.3395910366,-535.7926925117558,342.2196036330742,1341.4365626753397
101868,-88.9319291221,41.2102969929,-440.37048064523344,257.4860826617999,1322.3603432256925
101872,-88.942931602,40.6771798928,-527.8802094006935,334.7649014696833,1339.5541548692454
101417,-88.9477994354,43.9522206298,-562.6958169760558,367.96801761591234,1348.2352378422825
101424,-88.9555356801,44.9271768724,-406.62656638591983,231.45940955799895,1317.539848674183
101425,-88.9597141244,44.9108410991,-383.4412675070423,215.44790462007387,1314.821506584309
102097,-88.9777481559,35.2814440063,-446.29447450888176,262.32783228705284,1323.311636072122
101030,-89.014588601,31.0270890103,-181.5807790364844,196.91194834519158,1311.911624299652
101331,-89.039588965,37.1979236049,-366.95253057665445,205.2217476245229,1313.1845872799129
101873,-89.0769260801,40.7730874487,-394.8340664606357,223.0970786292715,1316.0965394166064
101882,-89.1033941723,39.797772991,-443.7299064001535,260.22292193797676,1322.8959761347035
301524,8.9104596274,48.3773207539,-490.29571825586726,300.2546722865862,1331.349188906268
301355,8.91069623042,48.7104118585,-606.9747384064742,411.4477617958415,1360.745036830287
102092,-89.1227901089,36.6438469191,-312.5025708547869,180.43704567044415,1309.5401185231897
101884,-89.1270353373,40.256992069,-426.05547878052414,246.10146772446623,1320.190791888653
101332,-89.1441754727,47.9229735223,-304.4099377162974,178.17367613204175,1309.2301758811768
304016,8.91509797978,52.2425262357,-560.801150753462,366.13609247623566,1347.7364107217768
101429,-89.1644728754,44.8652779793,-365.0069618281929,204.08705791113357,1313.0077386589442
101449,-89.1733821351,44.1223635998,-428.8583212757787,248.2934705331988,1320.6011669239401
301597,8.91881984209,52.2478453782,-579.7064890298134,384.5275915057638,1352.84857364033
301359,8.91907029611,48.9353256271,-587.7129154008021,392.3869117490572,1355.1034215451652
102094,-89.1917181876,36.2520900817,-338.59984363443994,190.39048903913195,1310.9486385392875
101338,-89.2020899855,46.7187585437,-339.9467725952379,191.0065789553723,1311.0382556491961
102095,-89.2177866818,36.2397299506,-488.8331615901962,298.94613978761623,1331.0546904862206
101874,-89.2438575659,40.6230829643,-451.29565248820165,266.4702247904736,1324.1390316999714
102098,-89.2478376153,35.0311719076,-399.96791077651005,226.68480805823546,1316.7094579958975
101447,-89.2512350325,44.1808320847,-523.1589142610359,330.3452455622075,1338.4564900799007
301451,8.92696354577,48.0312421253,-309.00793982122127,179.40928926405417,1309.398903178739
101032,-89.2731654593,30.4811796752,-251.44891268794987,174.13890897137054,1308.687187294653
110168,-89.2857280314,48.3605297925,-468.1695296151957,280.7866656181443,1327.0941738099853
101870,-89.3101830304,40.9521013775,-477.3316720781339,288.75987511897614,1328.803996099567
101444,-89.3396116418,44.522877176,-470.1534743872013,282.50192473626254,1327.4581470054507
102209,-89.3479221765,33.9729229531,-514.5465959543592,322.3413848525358,1336.5035589028942
101900,-89.3479224275,37.7520903628,-536.7371844633941,343.11329774802664,1341.6648350698388
101414,-89.3484295336,43.9522592538,-465.3457358735719,278.35641050502693,1326.5821067090778
102093,-89.3518940749,36.7476619277,-206.525402105469,185.49723765324197,1310.2469308296183
101441,-89.3559108402,44.5606671031,-565.3686325958431,370.5567433952483,1348.9440665376542
101442,-89.3564588232,44.5530399355,-455.692264173274,270.15141181845706,1324.884742111161
101440,-89.3599747435,44.5899139075,-403.6921223267732,229.3388456660017,1317.1689719633034
101411,-89.3643148659,43.9938679772,-498.4811052216861,307.6297342225407,1333.0318255575457
101885,-89.3643968169,40.1944458358,-398.02862225251806,225.31973190604938,1316.4751331330438
101438,-89.3729871746,44.6232926503,-685.7934989579526,491.2092457277949,1386.9478424439474
301335,8.93995989084,48.0389437389,-295.77798321346626,176.22086065354875,1308.9658461170518
101413,-89.4418258293,43.9774893829,-489.9904105565681,299.98127988690237,1331.2875582886047
102091,-89.4645890872,37.2145902543,-559.1551410240263,364.54673419269255,1347.3055020974305
101869,-89.4977910309,41.3641130136,-389.04985542799915,219.15785638494694,1315.4345139864229
102096,-89.510380715,36.1603001221,-405.06798590549863,230.32993804801646,1317.341897509016
313459,8.95564668314,54.3155911562,-579.2287198944873,384.0598648616608,1352.7157034532456
101883,-89.5726015271,39.6896109061,-621.2260274771123,425.67598720141547,1365.1145888354395
101403,-89.5979381012,43.7897224053,-438.8395747489052,256.24677293813113,1322.1195873341633
101408,-89.6012413095,43.8980384933,-412.0572349065319,235.4495593179048,1318.2466724989094
313458,8.96016524451,54.7186770316,-571.145165949685,376.16873806397865,1350.4964694763544
101875,-89.6020893926,40.4520908412,-472.00887331567384,284.11175951388554,1327.8016743721662
101899,-89.631678651,38.4516677237,-517.3496028694826,324.9378547116974,1337.1321565186038
301342,8.96499866391,47.8181031266,-381.50664936100554,214.19428126972602,1314.6166683486508
102104,-89.668380548,36.5522109825,-129.96986642338814,229.25867827547717,1317.1550159856167
304015,8.97279880456,52.3804535631,-568.9961288828799,374.07821222221474,1349.9156653031403
102106,-89.7312558003,36.8348373939,-174.00973038306867,200.98599792661645,1312.5293009811285
101886,-89.7356699756,40.1351953109,-407.8458653073636,232.34795240763137,1317.6962341751876
101894,-89.7876012789,39.3064381314,-506.7615284660876,315.1750825562881,1334.7932900774617
101871,-89.8019444031,40.8024148332,-543.7735067916058,349.79589351393565,1343.38935595406
101753,-89.8094060737,44.2653306347,-475.1693640753287,286.86639913365417,1328.3938141693377
101033,-89.8187554785,30.793755599,-249.10567702720806,174.40580100919084,1308.7227276994577
301377,8.98196600532,49.4685762652,-150.81434763651993,214.9893193975526,1314.7464402030052
101876,-89.8354228459,41.0166386819,-419.1615698060874,240.79211174200785,1319.2113688293573
102099,-89.8687557266,35.168756506,-430.3060188049633,249.43295952434343,1320.8158826530382
101034,-89.8937554917,30.6312555616,-393.3851841769566,222.09989127643397,1315.9278689489236
102254,-89.9308003468,30.3436125588,-224.49733111254932,179.4220640691596,1309.4006535993058
102107,-89.9560914789,36.1686648838,-318.03093071944204,182.21582230784324,1309.7863949785
101877,-89.9731739323,40.9567982389,-484.0808070181421,294.71444181081563,1330.1106708779207
102253,-89.9772001596,29.8565164135,-359.1210741036431,200.7534075299854,1312.4937048254183
101887,-89.9852072563,40.1273063123,-464.49819968081863,277.62958293340375,1326.4297870189841
102103,-90.006083269,36.3267803338,-429.94809164278445,249.1507766647365,1320.7626221558864
301537,9.00316917207,49.4319241172,-152.57213498899807,213.85424443153906,1314.561307978002
102100,-90.0770891149,35.1270898216,-420.0027684568973,241.43353018482094,1319.3285959414948
102256,-90.0850798535,30.4981496126,-244.78891476771238,174.99526890221014,1308.8014130148272
101898,-90.1354227387,38.8604238615,-503.1587812090273,311.8820882992242,1334.0195769078268
102252,-90.13962496,29.9520325844,-481.2980672295256,292.2512903068293,1329.5670766296294
102257,-90.1520749801,30.4021639426,-381.901287191441,214.44889486430404,1314.6581772765014
102255,-90.1729222298,30.4979221906,-293.87337118650447,175.85572020653547,1308.916738719775
101763,-90.1812563325,41.5604243329,-545.8546912837078,351.78057633607705,1343.9074999637417
102210,-90.1849620688,33.5228003218,-477.29052899047883,288.7237812579713,1328.7961530781736
101756,-90.2520897083,41.7770910328,-582.0787702532456,386.85214721818494,1353.511129757998
102207,-90.2683307027,34.2558940185,-438.5058313438412,255.97726453404945,1322.067378967421
102211,-90.2732706461,33.3975745515,-304.44090873853816,178.18155003715484,1309.231247467419
102208,-90.3400223816,33.9520082363,-388.4951663326703,218.78603750282576,1315.3726182255884
101879,-90.3434499159,40.4815895806,-480.51576817895403,291.5608427732223,1329.4154804311868
102258,-90.3604222813,30.5062555192,-464.2022433724818,277.3760629269136,1326.3767469524964
101897,-90.369191428,38.951979808,-467.0350084372605,279.8086734593954,1326.887594453486
101878,-90.3724360043,40.6769168218,-408.4605263568653,232.7975031826922,1317.775577273895
101895,-90.3937032121,39.2318429402,-493.2599965584245,302.9155000201967,1331.9517989491726
102213,-90.4065625541,33.6400100735,-237.97686198101758,176.18050603605028,1308.9604139463386
102101,-90.4309708011,35.8229625272,-262.1331222654745,173.40032476080128,1308.5891132049828
301360,9.04322148439,48.9353687681,-589.9094899806406,394.54993148102545,1355.7313314234252
101754,-90.4397001969,43.2020912567,-528.6931246044248,335.52807149290743,1339.7450807266289
101888,-90.4524595069,40.1978402791,-520.1626062736347,327.55190642762216,1337.7698030587405
102109,-90.4684820362,35.3729092689,-308.3256812629127,179.21751801959087,1309.3726411287787
102265,-90.4767561509,29.8241027138,-413.3164682404628,236.38659253927068,1318.414356605608
101893,-90.489671232,39.3604588718,-474.43426889941475,286.2243191966317,1328.2553050791958
301328,9.05232756714,48.523328858,-540.5722986464192,346.75028345469786,1342.599550740043
301361,9.05251701215,48.9351337391,-589.539035296807,394.18493552049597,1355.6251539281604
101762,-90.5354000418,41.7687576811,-524.2348906636654,331.35054433854134,1338.70496294176
102212,-90.5431499204,33.5473458789,-374.35564801313933,209.68184951836483,1313.8889879243582
301470,9.05584491343,48.197628287,-366.6239457632779,205.02899301074797,1313.1544777924846
102110,-90.5604225919,35.2729231626,-205.08627298495955,186.06547408652688,1310.3274992224256
101890,-90.5680604765,39.8273465865,-421.4367541105017,242.53113376937654,1319.5298956139306
102108,-90.5729703039,35.3646948512,-213.48237429988686,182.91758116152388,1309.8842071226886
102090,-90.5895895033,38.5020904398,-388.28183866269,218.6433222557691,1315.3488879147203
301526,9.06049976681,48.5104737379,-387.4441032973118,218.08440644100884,1315.2560978395725
101896,-90.6154056364,39.1603331383,-382.3963587297262,214.76911349048382,1314.7104497496548
101892,-90.6437562888,39.7062573205,-452.55438170933473,267.52042464027943,1324.3507738402116
102259,-90.6767474195,30.9352671177,-234.7868988239423,176.8413695964034,1309.0495271654863
102111,-90.6812559579,35.2604231546,-369.90330547012127,206.9728150261422,1313.4593791706302
101337,-90.6856566432,46.6061236484,-420.12519873968887,241.527035774291,1319.3457104115537
101761,-90.6891267005,41.73133149,-405.62266932892925,230.73108769339288,1317.412095511358
101336,-90.6937570729,46.4895917447,-357.42825592531517,199.82295631687276,1312.3517091247554
103235,-90.6939619479,32.8688786747,-280.46641799869366,173.97493206648053,1308.6653779935452
102221,-90.6977397272,32.352271967,-536.3240711360389,342.72230441022634,1341.5648968692149
102089,-90.7019412796,38.1606731246,-399.36131725701136,226.2565592239439,1316.6357982233772
101891,-90.7602624324,39.881900052,-645.8737360033938,450.5034765558351,1373.059058074468
102148,-90.7645894597,37.3270902146,-322.7720569219509,183.88693766744575,1310.0199236714543
301538,9.07734004721,49.381725166,-398.3739535163784,225.56194906875055,1316.5166111519995
102215,-90.7770788758,32.9727934983,-600.1227500218089,404.6437398094504,1358.7031871378053
102217,-90.8184560822,32.485835346,-532.658896293623,339.2601513173799,1340.684617963279
101755,-90.8188790932,42.7188487887,-501.532645840242,310.40079943833376,1333.6740422094929
301558,9.08271190365,48.5191436326,-521.6040455631928,328.8945649668956,1338.0991852012373
102216,-90.8437923023,33.1513057211,-345.690450999019,193.73825373542272,1311.4390208972366
102167,-90.8481549817,34.5560435083,-88.6874417801842,261.15121031878414,1323.0788900222153
313456,9.08510333685,54.3779773594,-655.0405029855451,459.80065118401814,1376.1375052663518
102262,-90.85194971,30.3350700941,-472.2938335998183,284.35948794047715,1327.8547032537942
102113,-90.8862323398,34.9723216208,-396.2822895342188,224.10064100692918,1316.267029090666
101889,-90.9020897531,40.3354240835,-462.417702272778,275.85056056983905,1326.0585682156525
102220,-90.9061458935,32.3146991739,-341.8109331230898,191.87475702456402,1311.165022777334
102219,-90.9143959771,32.4439491246,-554.1240399159664,359.7014362506953,1346.0025697643614
102162,-90.9312560665,35.8604232613,-1332.039280764953,1181.254425544217,1754.3374283299236
102147,-90.9352101469,37.5314261635,-433.1119906624066,251.65539258952927,1321.2373863885484
102218,-90.9645314623,32.9145511735,-415.2616936356849,237.84260317789497,1318.6761916626422
102143,-90.9647226083,37.6147684874,-264.01540844611196,173.35198272234953,1308.5827083089634
102260,-90.9812557807,30.4395888177,-538.0003199234609,344.3097442138525,1341.9713091314807
101809,-90.985162428,39.0144953992,-535.7088245192105,342.1402851309182,1341.416329586351
102146,-90.9932932957,37.6020946454,-303.0060697822887,177.82321282976113,1309.1825272255012
102141,-91.0062332217,37.477176391,-350.29054240041,196.0446376198199,1311.7817251779882
102157,-91.0147004764,36.993448762,-330.6627575050388,186.95601884049577,1310.4542523690554
102145,-91.0269963715,37.6188773077,-408.3161232588873,232.69179214467943,1317.7569065282694
102144,-91.0561981799,37.5896912433,-395.0182413144697,223.22432766107863,1316.118115911787
102156,-91.0727309652,37.0522590629,-246.3840138727632,174.76274129517674,1308.7703428472303
102161,-91.0848520582,35.8195263449,-146.10389857878494,218.08597230622846,1315.2563574787255
102261,-91.0979224763,30.3812554689,-522.4284778330897,329.6634501162938,1338.2883788309716
102140,-91.0982012264,37.4938527774,-298.05077739345717,176.68792783363864,1309.02880732763
102222,-91.1083800712,31.3229223358,-457.9266781000156,272.0359120725449,1325.2702864052271
301369,9.11089889598,49.3435561228,-463.11244262580203,276.44380755524907,1326.1821041271426
102165,-91.1104061174,35.2520379919,-172.95109065241138,201.57636516734556,1312.6198328402365
102139,-91.1641978808,37.5061411934,-374.2186329071043,209.59730763485823,1313.875498644842
101798,-91.1812565812,41.1812575455,-526.6672566444283,333.62735867943263,1339.270327092655
102151,-91.190136813,37.3897757208,-816.9022996758582,627.8240453374169,1441.006879399016
101333,-91.2019257449,47.339674685,-361.16840013390294,201.89580023320013,1312.6689257856513
102088,-91.214566632,38.0311886219,-337.3247166796235,189.81599546466185,1310.8653274481298
101795,-91.214589952,41.4562575903,-484.70121952012016,295.2651024462879,1330.232789888322
102206,-91.2312560044,33.5562561256,-340.6237875731338,191.3198072494748,1311.0839268397078
102163,-91.2397567501,35.2732716627,-342.0556091976325,191.9900330338189,1311.1818971278465
101797,-91.2770621522,41.2278815034,-462.2926636960169,275.7438767524206,1326.0363796434492
101804,-91.2812565665,40.7562574673,-520.2115316736054,327.597444119029,1337.7809536560057
102160,-91.2892439472,35.6058573572,-406.97743111513074,231.71465421537553,1317.5847128551557
101796,-91.2897763552,41.4106819255,-503.0506830577573,311.7835206370159,1333.9965360945523
103085,-91.2935355145,33.5395120042,-318.45249435401774,182.3590250455442,1309.8063248385286
101752,-91.2939920176,44.0647395011,-470.9947506868242,283.23117890743924,1327.6135338556737
102152,-91.3143743492,37.3146237606,-328.48668253217494,186.07449120463673,1310.328779676504
102205,-91.3145075022,33.9895624685,-457.27415046026056,271.4846365572856,1325.1572368810023
102166,-91.3145894283,34.685564667,-351.78925581200133,196.81816097139122,1311.897550519709
102164,-91.3227726159,35.035573253,-337.48886451198837,189.88947008995433,1310.8759687409388
101718,-91.3270905513,46.1729249895,-475.85690622215066,287.46769208025285,1328.5237929978516
101760,-91.3438822457,42.1400826138,-499.2847755151947,308.3584281734951,1333.2001780667
301553,9.13447938694,48.535837595,-471.2834632091308,283.48170717033537,1327.667003759474
102248,-91.3686002677,32.4318895766,-381.96256329783796,214.4884804078878,1314.6646351062832
101805,-91.3729232241,40.389590732,-502.85709282306703,311.6070331474655,1333.955298230948
102155,-91.3812865398,37.1480276858,-411.984679557015,235.39570200184133,1318.2370542100502
102150,-91.3899381275,37.3475849153,-344.5901942530277,193.2020584936917,1311.3599162616079
301522,9.13927637533,48.5317204457,-511.4283877108204,319.4629114884323,1335.8122421912885
313455,9.13930006633,54.3395450302,-578.035961319317,382.89281435457536,1352.3848201809346
102251,-91.3977683861,30.7564113179,-327.1472503520222,185.54507239810977,1310.2537038538267
301362,9.1400363584,49.0022040076,-588.2994727125013,392.9642282829205,1355.2707033214595
101808,-91.4104231632,39.6145905959,-517.8594478675705,325.4110278291394,1337.2472215728358
102087,-91.4228892512,37.6894602336,-390.03247145573414,219.8191131283968,1315.5448441873832
102245,-91.4391890626,32.9769366247,-374.8737569484083,210.00220085040368,1313.940150438164
102085,-91.4399423616,38.7104237671,-627.9384519562286,432.41113122967147,1367.229746963829
102159,-91.4498368154,36.1104377129,-474.11211107940466,285.943187782207,1328.1947527416685
102154,-91.4609446474,37.1432351374,-334.9650078420723,188.77557916651932,1310.7150772998327
102249,-91.4768618757,32.4575119987,-474.1066883118068,285.93845696926587,1328.1937342667359
101803,-91.4773525287,40.860596303,-451.50178372405975,266.6420006736281,1324.1736106321885
301559,9.15187392938,49.0767829428,-463.57266327410684,276.8372504315857,1326.2641734579022
301539,9.15253814843,49.2808954127,-528.9072118672683,335.7291633633164,1339.7954566664584
304012,9.15265669544,52.9646532135,-443.0737597697116,259.68653353161363,1322.7905693151572
301500,9.15269979644,47.6685883433,-703.9774308887468,509.9205060894961,1393.6845830753884
102204,-91.5271199678,34.202038061,-384.81258060831595,216.34471560159318,1314.968756488224
101624,-91.5350035735,47.9227876383,-380.3409814498285,213.44556484474305,1314.4948853926148
101781,-91.5395944469,41.6557010108,-582.6988616203608,387.4603454174953,1353.6850866588197
102149,-91.5520351119,37.3769595677,-232.4173016029174,177.37536946935597,1309.1217728942722
301471,9.15615926573,48.0853591577,-318.6123995000274,182.41362112853588,1309.8139271456373
101807,-91.5645899519,40.4604240679,-565.6097703707965,370.79054587161875,1349.0083111231095
301543,9.16020646106,49.006364315,-551.9350367421073,357.5993664397112,1345.4423441565732
101782,-91.6188492684,41.6063501107,-439.23594408484007,256.56716454523576,1322.181721434022
102138,-91.6393166601,35.8897953737,-381.03943411698015,213.89358265711257,1314.567708135776
101751,-91.6401151432,44.0559798824,-576.9889767846585,381.869150635085,1352.095352694555
301542,9.16499350846,49.0733305805,-544.6080857234496,350.59133832795106,1343.5966958436732
301541,9.1654411235,49.1192456673,-519.6922745993683,327.1142673555394,1337.6627147674421
103084,-91.6566051476,36.4229617958,-421.7500173503725,242.77160807367926,1319.5741162428626
101802,-91.6684542445,40.9225966241,-452.847851420811,267.76570751430603,1324.4003430579776
102137,-91.6974756839,35.9561377642,-512.7396344959265,320.6720499226924,1336.1019265658865
101801,-91.7085069758,41.1609422508,-415.2957070729302,237.86815337510305,1318.6808002551388
101783,-91.7147983284,41.4733190407,-425.93869258557834,246.01054335084737,1320.1738453746275
102242,-91.7187560107,31.1354222743,-579.7605270994648,384.5805028640285,1352.8636138778368
102153,-91.7478978961,37.0894943189,-551.5957976783507,357.27393709413076,1345.3558862613984
102273,-91.8270893257,30.068755378,-441.8497948991662,258.68834265544075,1322.5949694435067
102158,-91.8476627014,36.485619926,-830.2596449091608,641.918817683744,1447.2033592650162
301385,9.18990053952,49.2396521723,-583.8232707256846,388.5637973532061,1354.0013364782899
301322,9.18999655453,48.0060055452,-532.7229914419423,339.3205903721749,1340.6999133370498
102247,-91.9270894459,32.0729224629,-592.3373187550424,396.943974533353,1356.4299884217344
301480,9.19411393687,49.1193250613,-504.510768875405,313.116049483069,1334.3086056139095
301545,9.19430245089,48.9605437862,-499.6055597029349,308.6495082786279,1333.2675326175504
101749,-91.9727887777,44.6272264726,-543.5075672008808,349.5425474473637,1343.3234111886252
301544,9.19760573716,48.9980747003,-497.73673626705715,306.95552444377614,1332.8763965792198
102084,-91.9812565104,37.9187569296,-406.80464500860114,231.58891219801703,1317.5626052770747
102077,-91.9936310604,38.3316375177,-562.0359395084553,367.329694163725,1348.0611628505094
102080,-92.0099248978,37.2438152577,-494.90549656111637,304.39750326387144,1332.2896211277525
301417,9.20203551453,49.1686839114,-547.5913024082868,353.43941824882796,1344.3426709524329
101759,-92.0271730042,42.5397552679,-407.4364300406671,232.0491033911976,1317.6435712878163
102082,-92.0479231669,37.5604235279,-359.73669561003936,201.09496541938177,1312.54599145648
102083,-92.0519665063,37.6684820808,-361.4394154314007,202.0484113573329,1312.6924068887859
101780,-92.0642896783,41.8104242656,-501.148979494723,310.0517720943659,1333.5928523917291
101750,-92.0659718884,44.0934646525,-504.16970065702833,312.8045520172884,1334.2355422991056
102244,-92.073044656,32.110544301,-557.2447259938241,362.70460711616715,1346.8082367563486
102134,-92.0815814027,36.4269977821,-714.092791796587,520.3689037291808,1397.5412661312585
102132,-92.0893939594,36.9183750158,-405.3217758936462,230.51336749921308,1317.3739815129486
101335,-92.0934278127,46.6357547018,-460.1468855266977,273.91730986120587,1325.6577564413265
301406,9.21034600421,49.2268637242,-575.3962128328674,380.31323079580153,1351.6567419614316
301540,9.21055679723,49.2150636152,-563.3698928360193,368.6204018404311,1348.4134363111534
101719,-92.1119944602,46.0810355229,-479.35722466464847,290.5399679477159,1329.1919603828906
102081,-92.1142116774,37.2773122635,-395.52415085008676,223.57443444460952,1316.1775420925092
101717,-92.1311025418,46.1191317161,-449.7460784152136,265.18152368675186,1323.880294844016
102133,-92.1518755915,36.7605362987,-369.4668182541916,206.7115330334206,1313.4182321181925
102203,-92.1562563229,34.6682474216,-571.4239298418383,376.440143030827,1350.5720920619237
102131,-92.1893311016,37.0562606672,-597.3425619331906,401.8902472239781,1357.8856967304728
304004,9.21896684193,52.6893128627,-592.2595354819176,396.86722054421955,1356.407529216034
102076,-92.206256614,38.4229236753,-581.1906170991472,385.9814470201988,1353.2625288595182
102136,-92.2104230934,35.9937565603,-296.32593789348357,176.33035601791215,1308.9805915386428
102075,-92.2140714587,38.2689330805,-494.82106085887585,304.32137219450397,1332.2722289929327
101793,-92.2187570071,42.4187576889,-547.9040822007803,353.7384544807483,1344.421321145228
304017,9.22263774623,52.9234759131,-578.4156234511745,383.26419446833484,1352.4900137645798
301549,9.22283849125,48.8386895731,-582.5240292139546,387.28884200961954,1353.6360078383716
101758,-92.2314479761,42.8449604752,-493.1303520329897,302.7988859313854,1331.9252831494491
102135,-92.2319796192,35.9188898561,-491.3979965411726,301.24275748958263,1331.5723763698988
101720,-92.2479241435,46.0770915786,-536.3807860749619,342.775973507489,1341.578608425708
103303,-92.2481228815,30.1978591297,-386.9800546110033,217.7758562673668,1315.2049719129093
101757,-92.2560490662,42.8352164213,-400.099537411358,226.77788609976767,1316.7254855114375
103315,-92.2562681062,30.4020784086,-507.252465303646,315.62498087700783,1334.8995929001787
102276,-92.2643553608,30.285332712,-326.6450874159125,185.34920118536363,1310.225980871813
103301,-92.2932670642,30.0853908414,-337.776281162448,190.0184638481249,1310.8946605943029
101779,-92.2938924883,41.8909647472,-432.998046579397,251.5647936166355,1321.2201330432533
101794,-92.2979236776,42.2520909901,-517.5009700070725,325.0783058590154,1337.1662946363924
101732,-92.3059032503,45.4563388772,-921.7237239227527,739.0144061506475,1492.809461073196
103322,-92.3185275323,30.6355777409,-275.49146794772724,173.58903813211109,1308.6141328638794
103317,-92.3431978144,30.4638832227,-354.0423602514902,198.00104196380937,1312.075534102441
103300,-92.3598775567,30.0819166161,-446.0672494531146,262.1407973011072,1323.274571727694
101733,-92.3640899221,45.3958008612,-478.40929089164274,289.7061467758987,1329.0099495681702
101736,-92.3813179185,45.1643539401,-427.3554120018348,247.1157607025711,1320.38024589853
103079,-92.3851019148,45.9811697706,-473.8497275012326,285.71433696842576,1328.1455029177935
301523,9.23965061364,48.5897281465,-334.6148270514969,188.62371887672316,1310.693214255089
301520,9.23999376267,48.8564169095,-573.7342078747015,378.69144921959105,1351.201320412131
102250,-92.4104228829,31.5354223344,-222.46663746925105,180.01063172501836,1309.4814325165105
101334,-92.4186172376,46.7033431314,-566.1450476370277,371.309687473717,1349.1510955349963
101792,-92.4226949669,42.4519135616,-427.2269701209053,247.0153609218367,1320.3614592613635
102241,-92.4437562137,31.3145889531,-694.9942003188379,500.66485305432406,1390.3248144427832
301332,9.24456825804,47.7313291175,-444.36016199232665,260.7389764619423,1322.997584433877
101791,-92.447803929,42.5394179079,-495.5260354208715,304.95728918542767,1332.4176307745167
102277,-92.4634845583,30.1980941027,-391.79629721072763,221.01431174009255,1315.7450819081175
102278,-92.4676173067,30.781061064,-611.7898795769377,416.2438462303098,1362.202897550895
102130,-92.4815561608,35.9809920622,-369.18395018311105,206.54262387860126,1313.391659045431
301550,9.24828275135,48.777211339,-523.7366880715227,330.8849235331049,1338.5897904858532
101722,-92.4885099934,45.8854459527,-390.08576705416147,219.8550728927082,1315.5508533113075
102275,-92.4899253375,30.4850862955,-313.963630607815,180.88908721455238,1309.6024803140706
304011,9.25014260751,52.1600453749,-573.8691669132382,378.8230737507015,1351.2382157774332
102282,-92.5064783969,30.0815331361,-380.1840849038168,213.3451736035633,1314.4785877569047
102079,-92.5102098732,37.585709404,-531.0730069175687,337.7659399139268,1340.3072874297854
301547,9.2513286446,48.910758465,-579.7012449739077,384.52245688893794,1352.8471142089031
301481,9.2524501797,49.1768920271,-519.9631894343431,327.3663231528554,1337.724375238065
101742,-92.5310356059,44.9271752654,-397.54254740787485,224.9794351967983,1316.4169327507611
101721,-92.5311271589,46.0104057861,-313.71157284994604,180.81016910010706,1309.5915820672722
101748,-92.5354240233,44.5687580038,-706.8735206330451,512.9091699607757,1394.78084701551
102280,-92.5393682616,30.6646343643,-538.9304235221064,345.1916457359953,1342.1978493714616
103309,-92.543766789,30.3315773758,-569.7330479488654,374.7947108119027,1350.1143913846818
301548,9.25579317597,48.8650763723,-570.2570032542937,375.304373900478,1350.2559637492002
301425,9.25675990705,48.9562037868,-561.0378094204486,366.36477062256034,1347.798553094925
103323,-92.568507981,30.6903915485,-599.9612736691429,404.4836977806454,1358.655532628398
102078,-92.5726644604,37.2520196044,-561.7083213490181,367.0128950747755,1347.9748735501787
102129,-92.5769507057,36.0477236647,-301.84684218611403,177.54336806249316,1309.1445459208946
102281,-92.5937562021,30.189588712,-376.27533676362225,210.87404678351763,1314.0797761849578
103320,-92.6021718508,30.5351950506,-410.14785956939045,234.03713016956345,1317.9951338565165
102279,-92.6226708175,30.6190818966,-376.6364017178428,211.0998758582117,1314.1160345109574
103312,-92.6271007209,30.3598465281,-588.0545775499014,392.7231662918571,1355.2008264142082
101726,-92.6313212592,45.7852379644,-639.57215122926,444.13139362971333,1370.9815787890525
101729,-92.6477397756,45.6809048658,-617.2270162465566,421.6734146103056,1363.871791320785
101731,-92.6479241666,45.4067990231,-627.0704140219417,431.5390009927452,1366.9541703909713
101737,-92.6559757792,45.0270012917,-487.07809955578665,297.3797295444298,1330.703760464879
102283,-92.6561584813,30.0731620144,-497.4571398534754,306.70245954778534,1332.8181396064929
103321,-92.6717284605,30.5358943387,-404.88813618887286,230.20006504489675,1317.3191961396928
101785,-92.6727103096,43.0648628353,-475.4874169968017,287.144463995693,1328.453889969398
101786,-92.677241849,43.1980774284,-384.6373591205275,216.22974849112734,1314.9498464595474
301419,9.26853193903,48.0726607977,-548.2821788837159,354.1000442093917,1344.516506362248
301519,9.26889604506,48.8943982767,-529.8323563673569,336.59865266543056,1340.0135997621946
101727,-92.6981695267,45.7771574178,-444.29753025071375,260.6876571437665,1322.9874712780004
103307,-92.7060702894,30.2566255156,-218.975796665093,181.08197432790635,1309.6291368161994
101734,-92.7143572321,45.1599685777,-536.3830370974916,342.7781036997791,1341.579152695609
101789,-92.7229238728,42.9104244016,-425.56856608104556,245.72259876375958,1320.1202180538967
101743,-92.7315436765,44.8311045815,-544.7099701171929,350.68848536930926,1343.6220481750336
101747,-92.7321503215,44.5638639194,-514.864235543874,322.63519725655556,1336.574451753522
102128,-92.7437565715,35.9854232006,-417.4284791802136,239.47641250960115,1318.9718521332895
101730,-92.7688447286,45.5973052449,-363.42773905181747,203.17784976247063,1312.8667233217361
102127,-92.7728592639,35.9686072312,-369.95071133726424,207.00123906996376,1313.4638584856275
102284,-92.7768810142,30.152250069,-380.7490161238524,213.7070764702657,1314.5373745561285
301468,9.2778236338,48.8680711455,-464.5017469394053,277.6326224591066,1326.4304232129828
101741,-92.7897847733,44.9148169424,-523.7739739563926,330.91976241029687,1338.5984027052846
102066,-92.7938062146,39.543707836,-465.0991748492843,278.14484085100946,1326.537729227286
101744,-92.8058833916,44.752450121,-555.577480224132,361.0992149820513,1346.3767814516505
101790,-92.810211979,42.5939617054,-422.1369429653082,243.06897088582096,1319.6288566028495
101735,-92.8147619554,45.0774894899,-505.3473220509076,313.8806522840441,1334.488238408158
102243,-92.8186588657,33.5982276471,-502.28284910215154,311.08378469320814,1333.833166355711
103306,-92.8315434038,30.2561561606,-302.83835009071356,177.78218880089693,1309.17695565813
101716,-92.8520908035,44.7479246756,-662.1482020935211,467.0310753833023,1378.5702085657938
101728,-92.8564499418,45.5481561388,-513.617714266076,321.4828074992871,1336.296744772311
101723,-92.8640975655,46.1055130529,-590.587041207863,395.21770763346143,1355.9258206105892
102285,-92.8812562739,30.0704822252,-388.96129952156434,219.09842462833362,1315.4246136689358
102125,-92.8856326382,35.9688981892,-404.7179330577783,230.07724629481135,1317.2977392503392
102286,-92.8941148639,30.7021126204,-405.9206870179363,230.94698966418883,1317.4499256542551
101715,-92.9017059646,44.7811059734,-688.9353160093389,494.43527776271367,1388.0936706388886
101787,-92.9101395153,42.6944762807,-421.97991749629375,242.94824705344539,1319.6066252174523
102287,-92.9145896346,30.5023798349,-402.0893622980489,228.19146806053445,1316.9696809976583
102074,-92.9229234163,37.6854235063,-462.85500654133193,276.22388325621205,1326.1362781602022
102126,-92.9270701707,35.7978192951,-208.72463356002908,184.65156857420442,1310.1274733201979
101725,-92.9339356352,45.8395992379,-578.294702238322,383.1459009961766,1352.456496905399
102067,-92.9479235304,38.9479237297,-541.7335694340454,347.8540947524206,1342.8850530881182
102073,-92.966855795,37.5937568207,-535.0615322081358,341.52831963126386,1341.26037281417
301452,9.29727479441,48.0689162934,-545.6268389053657,351.56311274593327,1343.850593189236
101714,-93.0105465006,44.9435988028,-468.57031728082416,281.1326603905916,1327.167422486607
101784,-93.0199238914,43.6735813427,-383.6559943810957,215.587884992422,1314.8444511526666
101745,-93.0562790064,44.668422142,-434.5171007964823,252.77503124009235,1321.4511004913807
301467,9.30622867715,48.8644315172,-552.7360981884456,358.3681788934516,1345.646887639867
101713,-93.0895908991,44.9437580228,-650.8815115594095,455.5785047711535,1374.7325443812595
101778,-93.1227728459,42.3399170904,-380.78842737290773,213.7323680414321,1314.5414864963561
101777,-93.1520905923,42.3145909483,-466.8109845631493,279.61580835948337,1326.8469372372906
101776,-93.1690992537,42.323602358,-467.98049958578406,280.6235694157315,1327.0596754792443
102288,-93.1895896984,30.2937553817,-485.2688205107054,295.76936256691545,1330.3448088389307
101775,-93.1910463355,42.3268063713,-632.6753994823544,437.17629265609196,1368.7442805111468
101670,-93.2142940284,45.3899827567,-402.4619267784469,228.45748526384145,1317.015799884166
101746,-93.2310548448,44.2560379409,-332.5136657174267,187.72644995476324,1310.5643878055248
102124,-93.2432403068,35.9525845669,-318.70579336097285,182.44557884600002,1309.8183781776404
101678,-93.244678146,45.0935845902,-614.5613880392568,419.00968140153185,1363.0505888189423
301324,9.32692588486,48.6359180923,-569.4929555182123,374.5612304381492,1350.0495953552195
101636,-93.2727232633,47.0020753271,-924.3130062425716,741.7756240560357,1494.178326377134
102065,-93.2729236833,39.6395904979,-487.44739134838983,297.7089766790272,1330.7773778385042
102119,-93.2730897253,36.364908357,-507.3672725771561,315.7302311678172,1334.9244823003044
101682,-93.2771030986,44.9060910687,-521.3072223112074,328.61790935064283,1338.0312122358876
101679,-93.281406768,45.0486995115,-715.1306268171663,521.442420205706,1397.9413407441084
101677,-93.2977600163,45.126791644,-667.9167321686184,472.91242632015013,1380.5737783760285
101671,-93.2979301274,45.3313997069,-496.77101844472134,306.08186126853656,1332.675467009528
101712,-93.3019988037,44.8064381384,-425.26791258153634,245.48894717958427,1320.0767469199632
101668,-93.306005366,45.6314082357,-498.39086969164947,307.547966950541,1333.0129581316392
101680,-93.3105168384,45.0480711714,-465.8398207721686,278.78068242042394,1326.6711964395129
102123,-93.3187852241,35.9146830617,-238.24152989973868,176.12868643259003,1308.9534402551992
101681,-93.3348723294,45.0021008606,-466.8360516777636,279.63738484852644,1326.8514843705661
301323,9.33533781756,48.0613968728,-569.1322979235756,374.21057975748545,1349.9523519642778
102120,-93.3559864222,36.4565269416,-456.73591076179014,271.0304936939161,1325.064271302875
102117,-93.3640845818,37.0070057391,-614.8595943789362,419.3075035291264,1363.1421705336827
101669,-93.3724614345,45.3277507266,-506.2789488479408,314.73311403888636,1334.6890003457981
102072,-93.3769683699,37.6691639779,-490.8836140437902,300.7814627595354,1331.4680930879333
101666,-93.3972858136,45.1936222935,-790.1798326600849,599.7063876574542,1428.9805967782083
101800,-93.4060510783,41.9522175123,-434.3105707607501,252.6101828104288,1321.4195772089083
102122,-93.4062415643,35.9396050098,-213.4273997028832,182.9368606795866,1309.8868995324574
101635,-93.414089618,47.1732847063,-599.2402740042785,403.7692764393951,1358.4430143247982
101711,-93.4224584787,44.8274715942,-466.7179833532267,279.53576675793016,1326.8300718134165
101673,-93.4312410574,45.2941927788,-524.6101028958025,331.70138104482083,1338.7918437003166
101674,-93.4352513877,45.1647525611,-464.2654163394534,277.4301652688389,1326.388062058969
101788,-93.4395026121,43.2480623595,-461.8576675810136,275.37294511436573,1325.959295556395
101672,-93.4400077121,45.2822302708,-491.5911283335062,301.416047190425,1331.6115905455886
101710,-93.4647665732,44.8102342518,-673.8648440444858,478.9887769818879,1382.6670036729943
101637,-93.4856497129,46.710917247,-753.1296100741279,560.923994005515,1413.143135574932
301413,9.35218324095,48.7059056961,-416.82776463796176,239.0222101972868,1318.8894614557537
101634,-93.5302224116,47.2321743082,-827.6905046497111,639.205896878705,1446.0020654120663
101625,-93.547444183,48.3975703276,-565.5271855222516,370.71046856970867,1348.9863031471539
101700,-93.547960317,44.027445834,-438.0742136444886,255.62907557754124,1322.0000071301363
101799,-93.5681883777,42.1400038288,-436.38914491418836,254.27359326334343,1321.7385727905894
101770,-93.5937574098,42.5479242906,-487.67095747177143,297.9083909265378,1330.8220031078124
301383,9.35961243656,49.3230918892,-497.30081042490576,306.56100723550816,1332.7855963089867
101769,-93.6096463022,42.5433965112,-418.0704545136498,239.96286191623207,1319.0602600603509
101638,-93.6097267122,46.6518992031,-892.6162726103225,708.0171000334674,1477.7097172690085
101764,-93.6102530132,42.8644709618,-440.04674579613265,257.22359439443295,1322.3092573542103
101765,-93.6229241082,42.7562576538,-445.58273082132763,261.7423233860493,1323.1956916582592
102115,-93.6229328632,36.2646303517,-358.96477034930774,200.66695656101354,1312.480484436592
102116,-93.6232403453,36.4267730701,-593.5853089821429,398.1759271611943,1356.7910169005868
101708,-93.6395910226,44.6937579491,-649.6491105981291,454.3286513258648,1374.3188560108715
101659,-93.6646372957,45.3352869802,-431.84335771828626,250.64834829249713,1321.0459451030492
102071,-93.668828579,37.8357531547,-599.0615091103722,403.59218667829646,1358.390388555227
102070,-93.6847875264,37.4440433493,-492.065155841159,301.8415823103643,1331.7079767663313
301423,9.3685332933,48.9311369827,-581.6846821065226,386.4657422572483,1353.400740545792
301382,9.36858674831,49.3270011275,-463.66707095779316,276.9180042625663,1326.2810319295886
301552,9.36898539234,48.6779009038,-619.638541823466,424.0861789113792,1364.6196839101751
101667,-93.6933293331,45.7058777819,-547.1372629936553,353.0054719183521,1344.2286478779383
101639,-93.7074791472,46.5405210489,-878.6130155122223,693.1347397875177,1470.637127938691
101665,-93.7354335666,45.0898132169,-470.20981948886873,282.55073171864524,1327.468534680274
102289,-93.7399697539,30.3062649037,-517.9071509273446,325.4553136941934,1337.2579989602746
102239,-93.7604232946,32.5479224892,-744.7726819600691,552.2132861413861,1409.7082350481323
101663,-93.789409574,45.0939977632,-455.8038930683849,270.24534377601907,1324.903898554182
102118,-93.7939659474,36.8190399946,-578.1624599956693,383.0165432690641,1352.4198560318591
101633,-93.801487719,47.2521805148,-1019.9380675039912,844.1173400717028,1547.537359284479
301521,9.3805532273,48.6770475787,-631.0127457676095,435.50261388081765,1368.2106275235826
101626,-93.8078744426,48.197484439,-517.6347941041936,325.202499178578,1337.1964926828982
304001,9.38107475234,51.7524968112,-457.7043791190911,271.84802093335315,1325.231731078317
102237,-93.8145900351,33.6062560297,-638.9553904980182,443.5086019827419,1370.779951197178
101692,-93.8480134389,43.5857955465,-433.0910790490654,251.63876318574168,1321.2342190955778
102114,-93.8554105325,36.2020591155,-522.0779214014426,329.33642877216187,1338.2078604939718
101701,-93.8725727739,43.8981462103,-472.1193338087292,284.20777247581674,1327.8222217251516
102240,-93.8729203729,32.6479195494,-655.3721860819023,460.1376502185881,1376.2501414060366
301551,9.38736081586,48.7181052691,-513.3981481343944,321.27999656349436,1336.2479675431841
101702,-93.910424342,43.9937578252,-496.29567436926436,305.652259271605,1332.5768638878915
101627,-93.9133936823,48.6351096192,-656.3768050999904,461.15861909130416,1376.591830040281
102064,-93.9353474281,40.7232635856,-447.9435119363512,263.68828254524266,1323.5819978086402
101806,-93.9520514445,41.5352391558,-548.5443493209093,354.35083715001866,1344.5825784831404
101632,-93.9597010351,47.3277473051,-898.6217488925083,714.4057851059674,1480.781354678781
102236,-93.9647351745,33.6911245978,-548.3290537786917,354.1448807547515,1344.5283154832587
301453,9.3975273157,48.0732004507,-713.0874325394554,519.3292429968366,1397.1544858043146
102238,-93.9984396413,33.2395220744,-869.1718703055494,683.1128263858676,1465.9402880555335
102182,-94.0272557027,36.7772245171,-500.3358677163203,309.31266222504735,1333.421207865016
101706,-94.0350156033,44.4852277789,-452.5724459681911,267.53551811103364,1324.3538228216776
101657,-94.0395523987,45.6608178441,-522.7251628431147,329.9403136500317,1338.356606119211
102234,-94.04345087,33.5521953273,-697.4007791916413,503.14218622581876,1391.21883761382
101704,-94.0499783386,44.5149720613,-475.2955077929969,286.9766645853742,1328.4176303361824
101703,-94.0686041751,43.9340971623,-474.97021742331606,286.6923695528611,1328.3562433817542
101691,-94.0856032955,43.6105185895,-409.3562813938854,233.45457681714717,1317.8918142276798
101707,-94.0896824919,44.6230466673,-447.30368995422396,263.1597905207843,1323.476811250728
102290,-94.0942371682,30.3567359269,-595.5088756266987,400.0765181566204,1357.3499972194998
101690,-94.1265754949,43.5146555376,-442.55142323893244,259.26016752235756,1322.7069324061067
102069,-94.1437571123,38.0562568409,-411.8049332768748,235.26234048197637,1318.2132465654065
101655,-94.1477201647,45.5468175117,-817.4219768514256,628.3719365414505,1441.2456713566582
101705,-94.1502569029,44.4652506652,-493.3209499688146,302.97033462197027,1331.9642706290585
101650,-94.1777795812,45.9271958492,-535.125382932298,341.58866875269047,1341.2757409241722
102183,-94.1813773075,36.6230937984,-410.2297319975487,234.0974843364192,1318.0058523178461
101640,-94.1854924008,46.3768279934,-888.1325733340294,703.2496858318511,1475.4314335793613
101652,-94.2021909152,45.7645474417,-568.3674106458118,373.4672124961592,1349.7464774471919
102184,-94.2102205158,36.8111859369,-509.8834994870299,318.04077308780677,1335.4728480645877
301373,9.42326573183,48.7061798611,-594.4687415089938,399.0485464716792,1357.0473599003874
101654,-94.2349344499,45.5644206502,-490.09379750463756,300.0738453352942,1331.3084192724696
102235,-94.2355567889,34.3771665375,-331.12266257228146,187.14569172694047,1310.4813255073138
101656,-94.2516746123,45.2897302154,-746.6684206308912,554.1879889018049,1410.4829391433555
102188,-94.2689940707,36.2522313907,-598.373832097293,402.9111176094382,1358.1881914023322
101699,-94.2768417064,43.9978541735,-591.8922758829067,396.5048680770847,1356.301553851605
101664,-94.2855307641,44.8395739042,-413.10023830237037,236.22537936234252,1318.3854612465711
101651,-94.2933849077,45.8440755203,-371.35801939290366,207.84920053232656,1313.5977636755397
102202,-94.2978116141,35.3516320692,-625.9356968392221,430.39944564552707,1366.5948475621547
304007,9.4313368245,52.0012322967,-494.80942192117186,304.31087871579814,1332.2698320821623
101649,-94.3391297995,45.7604007294,-526.1823116065565,333.17296284910503,1339.1572042688276
101647,-94.3604247263,45.8604247337,-501.4384159764786,310.315060536289,1333.6540898475482
101645,-94.3721452962,46.1850982755,-927.500148323008,745.1752157836563,1495.8689437212306
101694,-94.3826318051,43.7683114546,-512.2962607677423,320.26299027566245,1336.0038089435827
101631,-94.4255311007,47.4441285567,-506.74384528585904,315.1588827375652,1334.7894650242945
101646,-94.4303705961,45.9315994455,-583.3913926565718,388.13987629457654,1353.8797428654514
101689,-94.4352697075,44.2398476166,-488.00040816195485,298.2023755148594,1330.8878432588363
101648,-94.4772723429,45.8271530669,-563.0112201426123,368.27323023944973,1348.3185701763698
301440,9.44837957291,48.1059074094,-619.2220853131713,423.6693102886504,1364.4901901633123
101698,-94.5184113263,43.9810817762,-523.8898691518215,331.0280604575089,1338.625179571082
101696,-94.5598788248,44.052173191,-411.4871133629467,235.0267557495028,1318.171221992647
301407,9.45611297155,49.248247831,-581.2363187308006,386.0262385048044,1353.2753050970891
301466,9.45648914758,48.8063511174,-377.89180381687993,211.88895878418128,1314.243023731188
102185,-94.5854237799,36.6270898967,-544.9936756036909,350.95904512516955,1343.6926902854768
301404,9.46059136492,49.2519139443,-566.5266489465939,371.6799091707389,1349.2530338867577
102181,-94.6062571616,37.1604233248,-666.3390380164603,471.3027277122249,1380.0232083992048
301422,9.46104006296,48.9732981112,-495.3948807551551,304.8389340311151,1332.3905472017873
102233,-94.6117238491,34.6395895272,-248.4488942467376,174.48732790674885,1308.7335948051036
101695,-94.6686331068,44.0566464294,-459.5347355642675,273.3977023868694,1325.5504887562267
102190,-94.6935634918,35.9563652282,-477.36356061865155,288.78785193200326,1328.8100759683277
102316,-94.7229234423,30.4645886978,-272.3052994845276,173.4316620065966,1308.5932660524516
102056,-94.7229240563,39.3979237079,-523.3924978733171,330.56338749621284,1338.510346513774
101630,-94.7310725529,47.4770750934,-628.3499556556534,432.8246927525724,1367.3605995595346
101662,-94.7394681296,45.2231654209,-446.8879205098649,262.8168004772514,1323.4086538875854
102317,-94.7807933081,30.4816603292,-311.8704338262762,180.24553181841932,1309.5137442241517
101661,-94.7836256043,45.3770913017,-480.5081463411753,291.55412021260906,1329.4140060885475
102068,-94.7900936468,37.8186451583,-490.7756830068241,300.68471549316337,1331.4462410111255
102191,-94.8354625006,35.9228183204,-426.49760596005626,246.445986970509,1320.2550583373352
101644,-94.8395960739,46.2523700951,-660.0656929441827,464.9107141824954,1377.8533182937615
102319,-94.8479234726,30.4270886857,-661.3446784595637,466.2127632864814,1378.2931963927952
102055,-94.8604241266,39.7533411384,-576.8934549499127,381.7757918120525,1352.0689885450265
301341,9.48983205734,47.6639950119,-719.8917398194255,526.3707169624952,1399.7871003288546
101688,-94.9074377565,44.2773215957,-487.19209995334074,297.4813481829964,1330.726473430293
102189,-94.9229238168,35.9229230844,-504.3772942338589,312.9941308121961,1334.280000784818
102315,-94.9603373139,30.7155580356,-497.32079330465757,306.57908673294884,1332.7897549851818
102063,-94.9645907483,38.9812569565,-480.81470394090945,291.82457478815127,1329.473345735723
301454,9.49795448001,48.1772879714,-741.3034017655564,548.6015019718457,1408.2973416637612
102318,-94.985218444,30.5189861173,-313.17560087327576,180.64365070509857,1309.5686019111474
103232,-95.0327832639,44.6936519671,-429.6288224446622,248.89932360525694,1320.715210733414
101642,-95.0477861141,46.3977858691,-543.5948513832478,349.62569170961933,1343.3450483308009
101653,-95.0849936822,45.864603615,-687.4759462254824,492.9364195897818,1387.5604881695951
102180,-95.0979239723,37.3187566599,-559.6117057824534,364.9873836996523,1347.4247974678842
101641,-95.1213973112,46.8141748096,-494.46313366518496,303.9987503693475,1332.1985718343856
102186,-95.1644239058,36.147605169,-522.545937536817,329.7730517499637,1338.3153814523453
301486,9.51815574568,49.756420543,-525.1538896146983,332.21008820736336,1338.9179725727022
101629,-95.2226327086,47.326949657,-491.37060100588985,301.2181805254828,1331.5668165174943
101628,-95.227090051,47.2560708241,-724.7571296497467,531.4127554656525,1401.6908757793385
102187,-95.2311650133,35.8521819366,-511.3580969724719,319.3981480104769,1335.7967553202
102201,-95.2379441529,35.264589615,-683.2314708980745,488.5807693114961,1386.0191061859373
101687,-95.239183271,44.8399676462,-503.79609801972896,312.4634985515244,1334.1556252920834
101643,-95.2560081014,46.6765589792,-525.9012815614244,332.9097414761906,1339.091740897985
301442,9.52776317048,48.1570441297,-578.2218117489126,383.0745990296705,1352.436299051898
102322,-95.3187568816,29.3687551191,-523.6377035621409,330.79244193486875,1338.5669330342375
301479,9.53591577815,47.6735871187,-445.81700676528976,261.93493577054295,1323.2338059271954
102320,-95.4604236223,30.2479219619,-666.1231431677463,471.08251995967845,1379.9480190148515
101683,-95.468575531,45.139416078,-586.0632745726977,390.7643662485902,1354.6344837265563
101686,-95.481089511,44.872985514,-517.1299880532572,324.7341205596372,1337.0826614787482
104270,-95.5272802798,46.5270087138,-607.4704364268964,411.9409495216567,1360.894242938905
104281,-95.5394937828,46.5760791899,-588.7970009668436,393.4540790166414,1355.4128178773747
102321,-95.5595036075,29.7604218585,-636.8233287412341,441.35691044620467,1370.0852955090318
102331,-95.5812569483,29.3479217724,-781.2545834559123,590.3410188509788,1425.0755464569108
101578,-95.6064612274,46.6434224234,-465.57179643391066,278.5504786053486,1326.6228415426594
102179,-95.6187573514,36.1623144232,-632.0131123270544,436.5094698010951,1368.5314434814734
102054,-95.6269030431,40.6334536622,-468.2277218835785,280.8368859931285,1327.1048003476476
104284,-95.6393936941,46.6643990072,-622.9027254510727,427.35642043784037,1365.6395222242566
102313,-95.6562570585,31.3383386381,-805.8264980541973,616.1564708951754,1435.9619045077238
101577,-95.6643041512,46.6727166679,-610.9963046992118,415.45260144014895,1361.961327870523
301401,9.56812624982,49.0566121841,-285.58778220600874,174.5495868585382,1308.7418969544522
304018,9.56852056885,51.3645241641,-532.8149779978536,339.4073365033352,1340.7218707262664
102330,-95.7562570028,29.5812551487,-790.7505045481951,600.3056611872468,1429.232199967839
301418,9.57716995556,48.2561316319,-413.879067670017,236.8066450550651,1318.4897351567386
102314,-95.7812570678,30.8854220806,-622.9862286388725,427.4401438112332,1365.6657245141723
101685,-95.7890264425,44.7105883035,-514.9998540659492,322.76067568498684,1336.604746490181
102178,-95.843630071,36.5091653349,-656.8924250110244,461.6827751544544,1376.7675110365476
102053,-95.844134546,40.6816339112,-484.2295331933441,294.8463975548771,1330.1399147166965
102312,-95.8850807924,31.5728642555,-597.797132117301,402.3401606035005,1358.0189245389413
102332,-95.8979236945,29.3145884226,-660.2433461997475,465.0915359332337,1377.9143410851727
301372,9.59223426581,48.7059115061,-558.6243378575648,364.0346296799926,1347.1670297990895
101960,-95.9227741835,41.260342713,-575.3151532742526,380.2340907260382,1351.6344765955434
101589,-95.9315740513,47.314573386,-600.3379242647596,404.85702485753393,1358.7667221226554
301465,9.59386559095,48.7936648714,-295.45484003417084,176.15721776150008,1308.9572796470188
104324,-95.9396647839,47.327191028,-509.8838504618037,318.04109587253197,1335.472924935303
102177,-96.0063151275,36.1438140807,-555.4192884662957,360.9470024197605,1346.3359659190799
301331,9.60243730265,47.6277302269,-431.97585712711873,250.75335467983808,1321.065872488819
304010,9.60634610698,51.4980455901,-373.2493068812072,209.00131826114236,1313.7805545852575
102200,-96.0729241,35.6729229827,-525.0968065560245,332.15667384591035,1338.904720490532
102339,-96.1062570807,29.306255082,-791.7468094657866,601.3520304764671,1429.672011032468
102308,-96.1106698051,32.135176394,-802.1080211695685,612.2435160649217,1434.2872507050286
102176,-96.1136167923,36.1270897293,-498.09103380934164,307.27634222097197,1332.950316050884
301477,9.61463408666,47.8267337863,-700.389964429211,506.22154043150573,1392.3354633737872
102052,-96.1562579399,41.0145905527,-437.7661749942059,255.38082509268625,1321.9520265109747
101597,-96.1687962909,48.1267959132,-705.4252228035815,511.4142936708044,1394.231822310142
101579,-96.1850700762,46.2096899686,-502.6141644978835,311.38562969367706,1333.9035965732978
102199,-96.205772876,35.264589569,-699.4868574564714,505.2909266250074,1391.9973832953171
301478,9.6235444264,47.8237451661,-447.94724720714373,263.6913702476782,1323.5826129541554
102195,-96.243093478,34.9770895142,-686.206628307963,491.6332781996769,1387.0980768513855
101590,-96.2440201041,47.2649362109,-553.0277199361376,358.6481858787476,1345.7214852284883
101598,-96.2726431705,47.8897739566,-602.9852270771667,407.4831363109716,1359.55150728072
102048,-96.2812151412,41.2937143928,-507.01299944601993,315.4054978241879,1334.8477151455052
102311,-96.2899827439,31.8485019693,-545.7063561993539,351.6389995963871,1343.870447851503
102309,-96.327288977,32.5146320944,-509.86816016393834,318.02666594364456,1335.4694885405215
101959,-96.4104248459,42.4895907647,-472.92237942725967,284.90636111486174,1327.971923338428
102050,-96.4517362423,40.9691277829,-405.2481620751398,230.4601427281422,1317.3646693143578
101622,-96.4627853682,48.9814748619,-472.2502457114588,284.3215868069654,1327.846587259192
102307,-96.4630488452,32.4265355741,-746.1803821174533,553.6795486166753,1410.283247127263
102306,-96.4852724481,32.6387499597,-642.4899646632304,447.0798549986075,1371.9395727644232
101580,-96.4935791938,45.8230953546,-559.5866844058614,364.96323051702285,1347.4182551089596
101591,-96.5003550063,47.2638634078,-578.6684644703923,383.5115713217074,1352.5601354132452
301485,9.65215512777,49.647920018,-519.9779009611423,327.3800127407865,1337.7277254036449
102310,-96.5230329482,32.1938645989,-539.9440130597358,346.15357200782535,1342.4455631366316
102045,-96.5231264652,41.7109403763,-326.188716402101,185.17243278749996,1310.2009862749655
102047,-96.5354247702,41.5645906152,-372.87242217456253,208.7705936026366,1313.74386975721
102232,-96.5634481705,33.8187559523,-693.8801575778332,499.5186203593928,1389.912460069771
101958,-96.5645915966,42.8395908077,-558.6030374569375,364.0140840301712,1347.161478050711
102341,-96.5646355756,29.0232604295,-675.5763187467603,480.7393259569815,1383.2744102646534
102062,-96.5708805402,39.2395902408,-563.5349387569535,368.7801866510412,1348.4571259917125
104039,-96.5765392356,41.0568225482,-528.3035405929458,335.1622483442908,1339.6535101609863
101581,-96.5771496557,46.1521309208,-456.9198924192957,271.1856702522634,1325.0960200384052
102061,-96.5854246194,40.0532483622,-541.4217405927088,347.55758096237895,1342.808276209181
102060,-96.5943163721,39.1019508525,-463.1612965526191,276.4855556383455,1326.1908071797575
102305,-96.6061359911,33.2478010901,-542.6898003345198,348.7638813788555,1343.121007030229
104335,-96.6091039233,48.2144697544,-445.47516687962883,261.65392562490973,1323.178208468677
101599,-96.6107526815,47.7728962469,-558.4640696993198,363.8800487540756,1347.125266800649
102304,-96.6226110254,32.618442704,-800.4450144058795,610.4942356175322,1433.5414211991529
102049,-96.6685564092,40.6605475084,-379.08117015808506,212.642059931307,1314.3646526832958
102340,-96.689590549,28.9604216583,-649.1444138308714,453.8169760388305,1374.1497888922008
104031,-96.7189121724,40.9555645168,-404.70447145704054,230.0675360571539,1317.296043309499
102173,-96.7270910001,36.5062564327,-571.2820268892909,376.3019795047641,1350.5335887532215
102043,-96.7275406211,41.839451438,-397.49333067163394,224.94502074829597,1316.4110516593603
102303,-96.7354240758,32.7080209144,-860.8069223740858,674.2417439976111,1461.8275287873025
104268,-96.7355966788,46.4979352784,-682.6037005360718,487.93702623507005,1385.7923134952707
102302,-96.7563633045,32.8896949805,-559.6505516226578,365.0248825855409,1347.4349555648464
102040,-96.762157497,41.4520905829,-432.6764747803221,251.30926522935613,1321.1715033868882
101582,-96.7805383125,46.468961336,-503.9575118846379,312.61082938920225,1334.1901383321858
101584,-96.7854255799,46.9270913639,-515.6560964196246,323.36813019132154,1336.7515633785072
101592,-96.7936257986,47.2699274203,-593.0174200986272,397.61522500365976,1356.626574163341
101583,-96.7977003759,46.8023820836,-584.5661006476439,389.2932098244473,1354.210839488029
101588,-96.798561761,47.07302256,-586.2698826705036,390.967490930049,1354.6930920085144
102327,-96.822924013,31.1338936692,-711.9557751390439,518.1592871216778,1396.7200297131478
101593,-96.8476244421,47.3562649124,-533.1062774381503,339.6820923498543,1340.7914522529693
301436,9.68971751188,48.2226173001,-551.8575095152466,357.52498715769656,1345.4225771160384
102298,-96.9269699446,32.7479697157,-549.2422066775069,355.0186811652726,1344.7587361857074
102301,-96.9396161547,32.9641575286,-705.8937862566581,511.89786472676417,1394.4092722308153
102299,-96.9475154523,33.5566695996,-505.6510130904044,314.1584261124764,1334.5535999984863
102329,-96.9478421824,30.8355038755,-601.5482175038238,406.05716062595303,1359.1247964285924
102231,-96.9770908988,34.2354226768,-699.4291445776057,505.2314636817399,1391.975799525784
101606,-96.9980788975,48.173443833,-394.95297569681276,223.17922209648813,1316.1104663921813
101587,-97.0015114378,46.6347009577,-574.1992471131455,379.1450494801351,1351.328517835965
101607,-97.0057942641,48.1937115517,-387.242456975588,217.9502375949086,1315.2338577755397
102351,-97.0147720679,28.7939363906,-644.1281501206363,448.73676134282744,1372.4804098973148
101600,-97.0292526531,47.9269315416,-549.0633049365259,354.84743601606533,1344.713537307715
102175,-97.0354243706,35.9604229865,-708.8212706841682,514.9204463232995,1395.5217162814906
101613,-97.0439355073,48.777149407,-524.2334696794132,331.34921593359724,1338.7046341412513
102172,-97.0562577963,37.0562565112,-605.1823060299572,409.66547406677927,1360.2071883407361
101615,-97.0562654803,48.8234218698,-546.7226404681495,352.60934607460024,1344.124676326794
101595,-97.0611413817,47.4142560622,-533.8715423489646,340.4042683665594,1340.974593530252
101608,-97.0687177664,48.3601321225,-528.2571380539314,335.11868561378236,1339.6426120495573
301484,9.71037374059,49.5730534398,-490.3137856099379,300.2708548762933,1331.3528386042492
304013,9.71043654859,51.4060805085,-442.69861362239214,259.3802570128144,1322.7304760605941
101610,-97.1054321054,48.414370042,-511.05882393580345,319.12246947338303,1335.7308655167933
102059,-97.1197620406,38.9062568203,-347.4144046373307,194.59048030495492,1311.5651907536906
102297,-97.1237040889,32.497818306,-618.2380904065739,422.6846695793142,1364.1847838430194
102057,-97.1261219161,39.3562568935,-459.574858689404,273.4317395950866,1325.5575094236565
101604,-97.1395209072,48.1938298227,-495.9142366095466,305.3077338202705,1332.4978825131095
101612,-97.1475790259,48.572214599,-679.5782426635167,484.836318114479,1384.703596418474
102230,-97.1564223336,33.7272539958,-778.2710903461722,587.2134931671138,1423.7828068666147
102300,-97.1812575607,33.3354225003,-579.9339067076622,384.75027997483284,1352.9118864553463
101605,-97.19794226,48.2981917474,-538.3152468958721,344.6082647946424,1342.047931609086
101621,-97.2144752734,49.0102224513,-504.09475358473765,312.7361212824746,1334.2195007292685
301435,9.72283677062,48.2729764703,-595.1933611234156,399.7646282684403,1357.258100946926
301464,9.72324090665,48.789984299,-293.0214738791829,175.70019443467743,1308.8958525779792
101620,-97.2396459315,48.9783164416,-589.953011792591,394.5928172961856,1355.7438128323479
301455,9.72651968592,48.2637530735,-651.0707018603603,455.7704257896322,1374.7961578342859
102039,-97.2687582939,41.5229238938,-313.1459245656442,180.6344821440303,1309.5673372190122
102356,-97.2770906716,28.2930267191,-613.2259815359959,417.6765327056176,1362.641361673877
102296,-97.2887957086,32.7520890531,-603.0941471409558,407.5912651687441,1359.583919444956
104269,-97.342878169,46.5141421007,-604.2541657655172,408.74324916877134,1359.9297181518227
104055,-97.3478280954,41.3774668407,-315.6492961826173,181.4268096968493,1309.6768616144323
301402,9.73557210767,49.1527935311,-520.9045214033065,328.24271343049884,1337.9391142692812
102295,-97.3602139815,32.7312085853,-544.5017469169794,350.48995327836377,1343.5702445054824
102355,-97.3854240456,28.6520882408,-652.804560960752,457.5299451999675,1375.380472933267
101602,-97.3854269656,48.0187991672,-511.5483756241222,319.5734768943712,1335.8386885046446
102042,-97.4224779996,42.0022283684,-567.7342555565781,372.8521781548417,1349.5764303388903
102294,-97.4437436744,32.6686354422,-516.3446148056951,324.0059560103932,1336.9060004733542
102350,-97.4485287238,29.4853756248,-648.7309936146559,453.3979127772046,1374.011448963282
102394,-97.4604239738,25.8729209909,-663.1413113748945,468.04277877385067,1378.9132812957455
301483,9.7480481307,49.5155687011,-509.06328026457624,317.2868123036257,1335.2934942675518
102021,-97.4943224966,41.3645905227,-443.7466889680448,260.2366529999348,1322.898677199452
101601,-97.5020926232,47.9395914367,-494.1011825280275,303.67266913168686,1332.1242001213757
102293,-97.5565155917,33.0857750257,-537.5764483782356,343.90809331566027,1341.8683136654895
104333,-97.5848182031,47.9472203193,-453.0996860498662,267.97632094923875,1324.442940696556
102349,-97.5853402921,29.8221108906,-527.224848239705,334.15010752898854,1339.4006454131215
104332,-97.5897216145,47.9404439638,-504.021766779178,312.6694867568769,1334.2038834152224
301371,9.76059969474,48.6812784931,-588.3078043813375,392.97243017072833,1355.273081502669
101956,-97.6350806602,43.1892461826,-577.2908483255433,382.1642254606128,1352.1787196200662
301456,9.76389800501,48.2781214357,-678.3359194834081,483.563933043563,1384.258600085985
102020,-97.6756983306,41.3355165823,-448.8244769367895,264.41727795458183,1323.727423396661
104062,-97.6769070637,41.4766622239,-278.4006477264722,173.7939987714526,1308.6413368759308
101586,-97.680878688,46.4439627669,-542.7619632530187,348.832571025434,1343.138845086265
104334,-97.6891977657,48.0267552309,-578.4004968436509,383.24939606344947,1352.485820315485
102338,-97.6936645871,30.2479218849,-643.1021025434334,447.6988619022986,1372.141416006406
102292,-97.6937576841,33.2312557917,-531.0901512003605,337.78208055303725,1340.311355064259
102393,-97.7019706028,26.1730637547,-457.2303667801666,271.4476742348823,1325.149664912978
101594,-97.7063745141,47.5935962321,-458.58511115925756,272.5929515429458,1325.3847410478008
102038,-97.7236183265,41.4180636701,-572.3371209150839,377.32959546650574,1350.8202760494707
301400,9.7770176871,48.9857016232,-265.6193872940647,173.33018652281882,1308.5798210776013
102037,-97.8222282737,41.3937571711,-623.6572330635058,428.11303457406655,1365.8764823159038
301408,9.7854570388,49.1723840537,-487.18796507964737,297.4776620923412,1330.7256494166545
301370,9.7855025478,48.6523127477,-310.0669746015891,179.7127335668997,1309.4405145624366
301398,9.78594250184,48.9853834022,-337.7165861293904,189.99163663864576,1310.8907721713822
104057,-97.8936069746,41.3940467831,-370.9845243892387,207.6233731303805,1313.5620501679732
101617,-97.9146227233,48.910429493,-528.6691127563944,335.5055199310936,1339.7394330524444
103270,-97.9273266474,29.5734179311,-635.3111511077578,439.8319670435318,1369.5948137331836
102036,-98.0062584729,41.3937571591,-542.0135531603564,348.12039860778077,1342.9540597125026
301457,9.8036079123,48.281775146,-599.8935261952652,404.4165563179602,1358.6355455365983
102328,-98.0387130996,30.9108767587,-465.30834497173976,278.32431947419946,1326.5753734267148
104058,-98.0604870434,41.4104706275,-357.98223350919363,200.12602778778933,1312.39788995928
102348,-98.0889055898,29.9936543508,-376.2627914467833,210.86620930435947,1314.0785185055881
102347,-98.1227900406,29.7103668074,-614.70605651546,419.1541580344235,1363.0950087095903
102359,-98.1313682053,27.264461758,-465.1113633777984,278.1552972144979,1326.5399217286817
102358,-98.176882835,28.4312548396,-557.5072003697258,362.95753643693547,1346.8763743669356
102346,-98.1770288321,29.8648337122,-545.4565343025289,351.40060127407514,1343.8080879155448
101954,-98.2229253619,42.7395906794,-503.1832196177879,311.90437402216605,1334.024787290555
102034,-98.2511275482,41.2770904584,-555.6195400891379,361.1396883383819,1346.3876369993134
301462,9.82680500322,48.269218227,-645.1884507307052,449.80975188239944,1372.831602003668
102015,-98.2815630517,40.87326855,-360.39630633081185,201.46279843162085,1312.6023974240454
102017,-98.2818530857,40.9314013018,-635.5685795105504,440.09150032142264,1369.6781823576707
301463,9.83131300259,48.2064892098,-621.6737341066587,426.12456293113297,1365.2545322044168
101955,-98.3188204808,45.6060044376,-538.8370224071065,345.1030506458889,1342.1750668733757
102041,-98.3393697775,42.2684517125,-436.44825300187716,254.32103519554835,1321.7477004006425
102354,-98.3523263966,29.2231570801,-582.1553230193643,386.92721875907404,1353.532588151495
102345,-98.3846599342,29.8605008168,-606.5471367189367,411.02242797149313,1360.616489267653
104054,-98.3977003773,41.3521498336,-704.1401439679013,510.0883600780564,1393.7460061498196
102352,-98.4104243294,29.3562550181,-580.1132291809084,384.9258965377745,1352.9618399632936
102018,-98.41791724,40.9848829853,-218.17831744182018,181.3371788012257,1309.6644482412428
102028,-98.4476508574,41.2021946622,-430.8776187515538,249.8842162016928,1320.901175742601
102033,-98.4503382707,41.2653217305,-546.6453587574131,352.5355276265976,1344.1053131397166
102035,-98.4518090988,41.718949888,-466.3976138844668,279.2601500422108,1326.77203240536
104072,-98.4978287546,41.1690373165,-348.8132248522093,195.29270199651668,1311.669559768981
102228,-98.5355287817,34.1063600781,-687.8893931174321,493.36098875002665,1387.7113748153308
101953,-98.5520853181,43.0645838643,-497.9427761991295,307.14207533255063,1332.9193707839338
102336,-98.5645911211,31.2175471551,-464.317937944484,277.47515075663136,1326.3974720493352
102229,-98.5647240731,34.6226276158,-490.19780838511383,300.1669838373863,1331.3294155683204
304019,9.85660749569,51.3436949173,-287.4607453043851,174.80436403938722,1308.7759014662008
102027,-98.6059106515,41.1227187467,-227.58587100017576,178.57644555648713,1309.2850497424313
102326,-98.6562579117,33.0145890438,-508.44822192846607,316.72193840433397,1335.1593840579674
102337,-98.6687707827,30.7520886156,-572.8618137697179,377.8409028446826,1350.9631906287962
102058,-98.6946066149,39.4312568107,-309.6313576702556,179.58706900677532,1309.4232737834989
101585,-98.7147725756,47.8060627866,-596.6700710653122,401.2248567652128,1357.6889114438982
104056,-98.7270388176,41.3815769541,-350.66855380807135,196.23872759306113,1311.8107457933081
102026,-98.7402943997,41.0356095184,-465.1638384169743,278.2003176457753,1326.5493625604975
102032,-98.7966464733,41.501934961,-304.0667961336399,178.08684802161127,1309.2183622336358
102353,-98.8113341505,29.3229216643,-441.87448142493986,258.7084446892996,1322.5989013775143
102344,-98.8934875003,29.9687953418,-510.56671651396266,318.6693761795813,1335.6226884439088
104067,-98.9644825282,41.5976253429,-301.0772735477014,177.36238016929263,1309.1200130128516
301482,9.89801968011,49.4894705699,-451.1581923626569,266.3557198856054,1324.1159934413718
104071,-98.9814574926,41.6599762081,-298.29860653402534,176.7409092149685,1309.0359596136332
102025,-98.9900157603,41.0398635558,-382.44349767491383,214.79965025646197,1314.7154385347997
102014,-99.0856848442,40.6565764951,-426.56061348309083,246.49512286594668,1320.2642311931918
102227,-99.0976399682,34.6351378219,-664.5571724874565,469.4857498704158,1379.4037349169523
102013,-99.1400137917,40.5983959563,-346.57960739433565,194.17597057046783,1311.5037560443486
103938,-99.1936510902,40.5856853552,-248.45139453215455,174.48701197679932,1308.733552683679
104048,-99.2605738687,41.2226220369,-416.562846250169,238.82220767142022,1318.8532296842218
102325,-99.2684672334,33.5811290947,-500.280994799949,309.26281235560555,1333.40964511194
102198,-99.2812583114,36.4354229518,-420.1151805848638,241.51938300753994,1319.3443094733818
102174,-99.3188336685,36.847998332,-527.731865442852,334.6257037719168,1339.5193750731278
102343,-99.3225593258,30.068362345,-361.9009737532045,202.30905940321733,1312.7325508602528
301330,9.93526446119,47.6562790432,-712.0722919381948,518.279731850497,1396.7647171297228
102030,-99.3770829314,41.7771010418,-477.3381421121122,288.76555135852936,1328.8052296039655
102226,-99.3770915204,34.4788954079,-586.793988963085,391.4828765023016,1354.841923312815
102342,-99.385111329,30.0647320067,-382.2847627836056,214.6968535867292,1314.6986474137307
102031,-99.3860366771,41.9470071499,-470.17646135349264,282.52183578089654,1327.4623845007661
102024,-99.3922310156,41.0447292372,-461.72766845633834,275.262155245295,1325.9362913359512
104010,-99.4260631934,40.752216072,-361.18159316749137,201.9032218840341,1312.6700672974168
102392,-99.4895911907,27.4979212793,-210.63798478733537,183.93840262608995,1310.0271487767302
301338,9.95186003457,48.402321256,-587.5672818470639,392.24360440687934,1355.0619320789556
102012,-99.5395595288,40.6818370732,-287.68028802651304,174.8357845845056,1308.7800984667865
101952,-99.5561233782,43.7483403709,-456.01394872557023,270.4221603952109,1324.9399757740973
102335,-99.5731416886,31.493755389,-623.1900704698659,427.6445366938368,1365.7297113029128
301458,9.96087074631,48.366240055,-658.1953537473455,463.00770842786534,1377.2123774621962
104069,-99.6763360431,41.6478465541,-575.2062186110409,380.12774243819274,1351.6045631554405
102357,-99.7040143204,29.4895122201,-367.31129249765104,205.43272032329895,1313.2175741859694
102011,-99.7106465809,40.644026113,-144.06793075749897,219.44854848676877,1315.4829759462498
104024,-99.7681131717,40.8680527906,-543.1176121092036,349.17116688348756,1343.2268231219284
104020,-99.7684329247,40.8447332067,-333.02613444924555,187.9430809320347,1310.5954357625685
301376,9.98522098833,48.3810464452,-697.7328065001659,503.4841048258788,1391.3425309332595
102023,-99.9353119405,41.3106303422,-412.00018552300116,235.40721074396967,1318.2391093582785
SP-1,-83.1582457,41.30867614,-426.91654125766695,246.77286995705,1320.3161151475394
SP-10,-111.093889,32.351111,-462.01914113065084,275.5105993351737,1325.9878901850796
SP-11,-106.950572,38.923901,-106.91288377657236,246.55507193253297,1320.2754250788387
SP-12,-107.023765,38.907533,-98.06898829347045,253.54594977884167,1321.5987829975884
SP-13,-111.307607,32.471459,-431.29091148784494,250.21096698310066,1320.9630284644873
SP-14,-84.379571,46.496146,-454.88398607964825,269.47195604360775,1324.7463642771095
SP-15,-91.191556,30.445667,-332.9159909234776,187.8964002147944,1310.588742430336
SP-16,-68.445497,44.640715,55.25898373748407,393.4662272870049,1355.416344370585
SP-17,-96.2461608,41.018166,-399.6687192056038,226.47343876547984,1316.6730851041627
SP-18,-72.941264,44.381086,-160.32908384529443,208.98413510478375,1313.7778211314676
SP-19,-116.2028288,43.605091,-355.34948004975115,198.6981424471893,1312.180912215772
SP-2,-101.989284,41.293016,-328.5497311817135,186.09966029196428,1310.3323540736662
SP-20,-121.167,37.58132,-166.7273707660109,205.14569850397623,1313.17270463033
SP-21,-121.37615,38.311348,-395.13443354511276,223.30466324624223,1316.1317438611416
SP-22,-87.657803,32.854756,-292.78506637892707,175.65789164950192,1308.8901747168095
SP-23,-121.53994,38.97338,-271.8220335457763,173.4139310730697,1308.5909162384046
SP-24,-84.224084,33.665688,-442.9537262858503,259.5885042400218,1322.7713279720813
SP-25,-84.358018,33.679069,-426.1008179167783,246.13677561039935,1320.197374213165
SP-26,-76.88405,37.571283,-599.9943501692964,404.51647931742326,1358.6652923405438
SP-27,-88.655746,33.430906,-431.0661730691339,250.03323896202778,1320.9293755372746
SP-28,-88.433519,33.453633,-566.580575499066,371.73223587013257,1349.267449305904
SP-29,-88.776194,33.289214,-743.5447876628077,550.9346569121731,1409.2078593161427
SP-3,-99.161385,40.077165,-233.81853128963348,177.05518011022363,1309.0784282751417
SP-30,-90.117483,31.658917,-442.06790476814416,258.86599172721293,1322.6297275671543
SP-31,-89.834233,30.765533,-498.52294454871384,307.6676505201803,1333.0405761821578
SP-32,-106.524518,35.868558,-178.36510888655,198.61012012759852,1312.1675862436746
SP-33,-95.2857911,39.0926023,-663.0171291759916,467.91625243017097,1378.8703397563338
SP-34,-82.2,29.9683,-912.7805036458328,729.4819922029486,1488.1134941663001
SP-35,-82.2837,29.862,-480.70895698768754,291.7312661011394,1329.452867232391
SP-36,-82.1886,29.9435,-962.2599250335104,782.3071504708377,1514.7086426931264
SP-37,-82.2433,29.9815,-1049.108629877441,875.4568799320119,1564.852243245906
SP-38,-82.2206,29.9046,-760.3757951940725,568.4885410814043,1416.1627787483735
SP-39,-82.2105,29.8763,-404.7109002263136,230.07217324522068,1317.2968532085813
SP-4,-79.04419,33.83207,-399.5668393319212,226.4015274214067,1316.6607179490843
SP-40,-82.3034,29.9264,-648.959687313743,453.6297198878508,1374.087958369835
SP-41,-82.3193,29.8933,-1063.0151177267526,890.4138383726972,1573.2687622072242
SP-42,-82.2683,29.8909,-1017.3422705155565,841.3309295009361,1546.019251984386
SP-43,-82.2105,29.9499,-1052.334095470705,878.9250825348043,1566.7951669826737
SP-44,-82.6819,29.8325,-220.33901216303576,180.6547001243687,1309.5701261286001
SP-45,-83.2387,30.1553,-69.49193177666945,277.2529174090944,1326.35099984254
SP-46,-82.9548,29.6404,-272.4952079277467,173.43907263456003,1308.5942482250898
SP-47,-82.7982,29.9365,-411.0817927076431,234.7267190298605,1318.117759230174
SP-48,-82.9382,29.5861,-198.48442307420638,188.8194681039935,1310.7213991182591
SP-49,-94.526757,37.092542,-660.291547542078,465.1405989160869,1377.9309022340228
SP-5,-84.41527,33.68401,-442.0081093493568,258.81727887601085,1322.620194317414
SP-50,-94.526679,37.091254,-660.3502951007805,465.20039776630034,1377.9510893545446
SP-51,-122.717501,42.179225,-272.37205040848886,173.43423828951862,1308.5936074971928
SP-52,-122.712661,42.20135,-319.25527532002616,182.6346521191529,1309.84472771628
SP-53,-122.716415,42.214651,-423.99504273210846,244.50219603513113,1319.8936011805852
SP-54,-122.641465,42.170556,-214.53292812028934,182.55258940988588,1309.8332880453552
SP-55,-116.989642,32.844144,-458.633961459436,272.6343101609536,1325.3932479262112
SP-56,-117.110272,32.780475,-399.9972460646849,226.70554746769253,1316.7130286528184
SP-57,-117.104078,32.783567,-432.2404358313053,250.96315488440325,1321.1057110167167
SP-58,-72.16147,44.49125,-341.62160740536376,191.78576881537592,1311.1520032748135
SP-59,-121.7902816,42.2193114,-382.3726267581092,214.753742908195,1314.7079389219991
SP-6,-92.656935,45.456254,-625.3859270467035,429.84754139728415,1366.421129599781
SP-60,-121.9288964,42.12792225,-461.64727652360966,275.1936570400244,1325.9220729162457
SP-61,-121.9277778,42.12805556,-462.95811231274683,276.31195154630035,1326.154624898159
SP-62,-78.7934,38.1986,-198.3342256666632,188.88488646028142,1310.7308247327385
SP-63,-78.8105,38.1583,-208.94386697053238,184.5687826513167,1310.1158078967069
SP-64,-78.3708,38.44461,-403.60969506489585,229.27964920946025,1317.1586662635086
SP-65,-95.2725,30.05111111,-621.8806519478545,426.33191410177784,1365.3192650633541
SP-66,-79.182578,33.436432,-511.89574048214087,319.89365344116186,1335.915320700899
SP-67,-92.205328,38.752916,-354.20783121471914,198.0888512582936,1312.0887879881766
SP-68,-92.327163,38.92475,-436.7294885906873,254.54686844092768,1321.791172161675
SP-69,-111.564533,41.875846,-166.5817360888107,205.23119639275663,1313.1860639468628
SP-70,-111.580553,41.9502,-125.22863032523425,232.69589084656175,1317.7576302903076
SP-71,-111.886928,41.720533,-375.31657793631115,210.27683151902264,1313.9840716101285
SP-72,-111.795742,41.739034,111.8696099673246,450.0440954281608,1372.9084027717229
SP-73,-111.835096,41.721091,-393.9102725193773,222.46048589917672,1315.9887774437702
SP-74,-123.448227,40.605435,-233.02884012024776,177.23406123773822,1309.10263426298
SP-75,-73.66748,42.70242,-306.04564304040866,178.59789563948866,1309.2879755417848
SP-76,-73.6675,42.7025,-273.528164724475,173.48375547818677,1308.6001711700433
SP-77,-73.631389,42.732778,-286.0877748579462,174.61527170848046,1308.7506590964065
SP-78,-73.63141,42.73264,-325.1526082136491,184.77551877415985,1310.144948816623
SP-8,-123.24984,44.550674,-589.839478205183,394.4809451468519,1355.7112563726116
SP-9,-123.275026,44.55593,-437.07280255238715,254.82278575671333,1321.844335280166
S19S_0006-D,-76.717163,39.311369,-430.1510390776166,249.31073981409614,1320.792807202592
S19S_0006-M,-76.717316,39.31162,-430.1510390776166,249.31073981409614,1320.792807202592
S19S_0006-U,-76.717476,39.311813,-430.1510390776166,249.31073981409614,1320.792807202592
S19S_0007-D,-119.195598,37.05255,-151.01860864550474,214.85683918437826,1314.7247833351864
S19S_0007-U,-119.195359,37.05229,-151.01860864550474,214.85683918437826,1314.7247833351864
S19S_0008-D,-119.027785,36.961112,-167.5551656331162,204.6614142435085,1313.0971361828508
S19S_0008-M,-119.028281,36.961369,-167.5551656331162,204.6614142435085,1313.0971361828508
S19S_0008-U,-119.028254,36.961273,-167.5551656331162,204.6614142435085,1313.0971361828508
S19S_0009-D,-108.3983,42.9877,-379.93803395441057,213.18792092493183,1314.4530741718195
S19S_0009-M,-108.3983,42.9876,-379.93803395441057,213.18792092493183,1314.4530741718195
S19S_0009-U,-108.3982,42.9875,-379.93803395441057,213.18792092493183,1314.4530741718195
S19S_0010-D,-81.840062,31.667875,-483.70108605876544,294.3776801278107,1330.0360946714504
S19S_0010-M,-81.839976,31.667835,-483.70108605876544,294.3776801278107,1330.0360946714504
S19S_0010-U,-81.8403,31.667905,-483.70108605876544,294.3776801278107,1330.0360946714504
S19S_0011-D,-83.437674,33.955686,-515.7563580116444,323.46097851351766,1336.7740269740336
S19S_0011-M,-83.438589,33.957827,-515.7563580116444,323.46097851351766,1336.7740269740336
S19S_0011-U,-83.437673,33.95569,-511.04149178326577,319.1065068259624,1335.727051934683
S19S_0012-D,-72.33027,42.47179,-146.54116939601124,217.79520293098946,1315.2081755338972
S19S_0012-M,-72.33038,42.47157,-146.54116939601124,217.79520293098946,1315.2081755338972
S19S_0012-U,-72.33105,42.47178,-146.54116939601124,217.79520293098946,1315.2081755338972
S19S_0013-D,-78.1476,38.8952,-582.2115293829833,386.98233990962456,1353.5483463745875
S19S_0013-M,-78.1474,38.8945,-582.2115293829833,386.98233990962456,1353.5483463745875
S19S_0013-U,-78.1474,38.8944,-582.2115293829833,386.98233990962456,1353.5483463745875
S19S_0014-D,-77.9808,39.0941,-533.4874654741301,340.04174997459916,1340.882614659926
S19S_0014-M,-77.9812,39.0942,-533.4874654741301,340.04174997459916,1340.882614659926
S19S_0014-U,-77.9815,39.0944,-533.4874654741301,340.04174997459916,1340.882614659926
S19S_0015-D,-84.439009,31.184396,-447.7659786807606,263.54155922970006,1323.55277492538
S19S_0015-M,-84.437802,31.184508,-447.7659786807606,263.54155922970006,1323.55277492538
S19S_0015-U,-84.437254,31.185895,-447.7659786807606,263.54155922970006,1323.55277492538
S19S_0016-D,-96.6025,39.10445,-454.1332354185255,268.84193986123347,1324.6183537909335
S19S_0016-M,-96.60286,39.10429,-454.1332354185255,268.84193986123347,1324.6183537909335
S19S_0016-U,-96.60276,39.10415,-454.1332354185255,268.84193986123347,1324.6183537909335
S19S_0017-D,-96.44355,38.94668,-352.4102397172245,197.14179361894438,1311.9461427066076
S19S_0017-M,-96.44379,38.94667,-352.4102397172245,197.14179361894438,1311.9461427066076
S19S_0017-U,-96.44389,38.94684,-352.4102397172245,197.14179361894438,1311.9461427066076
S19S_0018-D,-83.504941,35.6922935,-100.65372013618604,251.48418335192196,1321.2047869454736
S19S_0018-M,-83.5044488,35.692083,-100.65372013618604,251.48418335192196,1321.2047869454736
S19S_0018-U,-83.5041467,35.6918387,-100.65372013618604,251.48418335192196,1321.2047869454736
S19S_0019-D,-84.278999,35.9563807,-289.2505077931069,175.07000418525627,1308.811407704287
S19S_0019-M,-84.2789099,35.956601,-289.2505077931069,175.07000418525627,1308.811407704287
S19S_0019-U,-84.2786976,35.9572803,-289.2505077931069,175.07000418525627,1308.811407704287
S19S_0020-D,-88.15755,31.85294,-509.5937354528514,317.77432996400864,1335.4094201238534
S19S_0020-M,-88.1575,31.85302,-509.5937354528514,317.77432996400864,1335.4094201238534
S19S_0020-U,-88.15748,31.8531,-509.5937354528514,317.77432996400864,1335.4094201238534
S19S_0021-D,-87.79835,32.54069,-567.6480887165338,372.7684989691898,1349.5533143952464
S19S_0021-M,-87.79828,32.54082,-567.6480887165338,372.7684989691898,1349.5533143952464
S19S_0021-U,-87.79821,32.54108,-567.6480887165338,372.7684989691898,1349.5533143952464
S19S_0022-D,-87.40811,32.96161,-322.14588027757,183.65865949442994,1309.9878998596676
S19S_0022-M,-87.40821,32.96156,-322.14588027757,183.65865949442994,1309.9878998596676
S19S_0022-U,-87.40828,32.96142,-322.14588027757,183.65865949442994,1309.9878998596676
S19S_0023-D,-102.44896,39.75841,-303.8979013518988,178.0443877495818,1309.2125872372962
S19S_0023-M,-102.44896,39.75861,-303.8979013518988,178.0443877495818,1309.2125872372962
S19S_0023-U,-102.44917,39.75854,-303.8979013518988,178.0443877495818,1309.2125872372962
S19S_0024-D,-96.6227,34.44205,-628.2047799774236,432.6787824595377,1367.3144200812478
S19S_0024-M,-96.62255,34.44223,-628.2047799774236,432.6787824595377,1367.3144200812478
S19S_0024-U,-96.62259,34.44251,-628.2047799774236,432.6787824595377,1367.3144200812478
S19S_0025-D,-97.78275,33.37853,-435.2157032483269,253.33334916037717,1321.5580124868773
S19S_0025-M,-97.78307,33.37834,-435.2157032483269,253.33334916037717,1321.5580124868773
S19S_0025-U,-97.78338,33.37834,-435.2157032483269,253.33334916037717,1321.5580124868773
S19S_0026-D,-105.54327,40.03489,-160.98724070655993,208.58165958515912,1313.713858984045
S19S_0026-M,-105.54371,40.03496,-160.98724070655993,208.58165958515912,1313.713858984045
S19S_0026-U,-105.54393,40.03497,-160.98724070655993,208.58165958515912,1313.713858984045
S19S_0027-D,-105.91125,39.89064,-118.72635629335639,237.51409264780062,1318.6169795576575
S19S_0027-M,-105.91152,39.89078,-118.72635629335639,237.51409264780062,1318.6169795576575
S19S_0027-U,-105.91164,39.89071,-118.72635629335639,237.51409264780062,1318.6169795576575
S19S_0028-D,-111.507871,33.750675,-255.38759955926017,173.77504763823632,1308.6388202071353
S19S_0028-M,-111.508001,33.750788,-298.62103157934905,176.81043966249564,1309.0453491552905
S19S_0028-U,-111.508141,33.750837,-262.22258817002705,173.3974708783553,1308.5887350418627
S19S_0029-D,-111.80126,40.78319,-163.5269833947842,207.04482255485996,1313.470727925912
S19S_0029-M,-111.79582,40.78466,-169.12389718984699,203.75160279008213,1312.9556390872383
S19S_0029-U,-111.79547,40.78464,-163.48468445826194,207.07020478753518,1313.474729213396
S19S_0030-U,-121.929928,45.792233,-123.09991335145502,234.26027889713194,1318.0347767947603
S19S_0031-D,-122.1650676,44.2602628,-139.17432089862746,222.78109600881066,1316.043012712859
S19S_0031-M,-122.1647132,44.2602364,-136.2367836981692,224.81938998704595,1316.3895900095836
S19S_0031-U,-122.1642723,44.2605576,-148.5896817321622,216.44196763032951,1314.9847603387425
S19S_0032-D,-119.02313,39.95545,-239.22614748636067,175.9399790460465,1308.9280617353174
S19S_0032-M,-119.02367,36.95503,-166.1755315888766,205.4701355496037,1313.223427743438
S19S_0032-U,-119.02375,36.95497,-133.39402089585485,226.81806501556613,1316.7324060677088
S19S_0033-D,-119.2554,37.0576,-160.85891269693707,208.65999952303423,1313.726299490272
S19S_0033-M,-119.2557,37.0582,-158.9337272396571,209.84308373734092,1313.9147287262779
S19S_0033-U,-119.256,37.0581,-159.3690537767573,209.57428517182186,1313.8718261598926
S19S_0034-D,-106.5233,35.8677,-205.37875077347366,185.94904560118792,1310.310971537461
S19S_0034-M,-106.5232,35.8678,-204.7952878378719,186.18178471136653,1310.3440202976321
S19S_0034-U,-106.5233,35.868,-198.06175581818576,189.00386923460962,1310.7479762170549
S19S_0035-D,-110.757838,32.42735,-115.20190166860372,240.17384644844813,1319.0986585882401
S19S_0035-M,-110.758821,32.42728,-125.21032447927774,232.7092887208985,1317.7599962164727
S19S_0035-U,-110.759543,32.327329,-118.26666880733575,237.85912243282326,1318.6791712527975
S19S_0036-D,-119.271902,46.372515,-304.59601792635095,178.22107634859123,1309.23662743841
S19S_0036-M,-119.271921,46.372735,-310.68885749185876,179.89417827149046,1309.465429076853
S19S_0036-U,-119.271963,46.372753,-285.7496787825301,174.57066955778055,1308.7447089640145
S19S_0037-D,-75.7830393,39.8577967,-424.1265624386567,244.6039676528295,1319.9124575376045
S19S_0037-M,-75.7830477,39.8578837,-424.4147306692189,244.82710515931706,1319.9538272197794
S19S_0037-U,-75.7831181,39.8579143,-424.1265624386567,244.6039676528295,1319.9124575376045
S19S_0038-D,-75.7839486,39.8594333,-422.9585966786886,243.701681955211,1319.7455453075984
S19S_0038-M,-75.7840693,39.8595115,-422.9056062062134,243.6608258587065,1319.7380015099961
S19S_0038-U,-75.784143,39.8595761,-425.88182790774437,245.9662831051577,1320.165598323187
S19S_0039-D,-84.359197,35.966194,-353.1861765509127,197.5487373389664,1312.0073544746888
S19S_0039-M,-84.358455,35.966319,-332.88756471094,187.88436342707524,1310.5870167950882
S19S_0039-U,-84.357361,35.966243,-354.26207396872815,198.11766359133247,1312.0931381568687
S19S_0040-D,-96.584725,39.087889,-458.5746620259722,272.5841054415474,1325.3829216912447
S19S_0040-M,-96.584798,39.087692,-457.9760917370785,272.07768943615554,1325.2788626022707
S19S_0040-U,-96.58479,39.08766,-464.6420845652203,277.75289006156567,1326.455601408884
S19S_0041-D,-120.858196,44.299994,-254.33125159674833,173.86217450799037,1308.650392693212
S19S_0041-M,-120.858255,44.300038,-255.40988815702343,173.7732920462251,1308.6385870820234
S19S_0041-U,-120.85829,44.300082,-247.24996272911355,174.64371788567348,1308.754454727235
S19S_0042-D,-80.96434,25.40976,-378.62815813310885,212.35458477923046,1314.318174662517
S19S_0042-M,-80.96423,25.40979,-382.07751391013517,214.56277780994998,1314.6767588243786
S19S_0042-U,-80.96423,25.40982,-377.2890807607217,211.5093657722139,1314.1818772075712
S19S_0043-D,-89.472992,43.14501,-436.92456163715525,254.7036146771426,1321.8213668650747
S19S_0043-M,-89.472023,43.145025,-440.3528418713626,257.47177520119544,1322.3575573938792
S19S_0044-D,-79.811134,33.131027,-313.0309111257341,180.59899952103757,1309.5624434136203
S19S_0044-M,-79.810626,33.130966,-346.75969189286195,194.2650993320324,1311.5169550524067
S19S_0044-U,-79.810168,33.130796,-335.15683498773143,188.85904682926653,1310.7271013222817
S19S_0047-D,-149.40333,68.64278,-450.7216349691988,265.99230549131084,1324.042937805279
S19S_0047-M,-149.40339,68.64274,-422.2920923251762,243.1883132842762,1319.6508440832004
S19S_0047-U,-149.40346,68.6427,-426.2176184115716,246.2277570289705,1320.2143397581203
S19S_0050-D,-149.14198,68.66953,-309.603929239066,179.5791961954547,1309.4221940526506
S19S_0050-M,-149.14041,68.66967,-355.23478773996567,198.6366595793866,1312.17160352612
S19S_0050-U,-149.5972,68.62722,-377.1979272540393,211.4520782121127,1314.172658348846
S19S_0051-D,-147.50267,65.1531,-252.67297007020485,174.01442344050812,1308.670628591008
S19S_0051-M,-147.50249,65.15298,-242.81984493559634,175.30597191030262,1308.8429922488285
S19S_0051-U,-147.80559,64.85568,-350.4970376943939,196.15057781666658,1311.7975620305383
S19S_0052-D,-74.69563,42.13187,-105.75801376570894,247.45759204295246,1320.4442640381108
S19S_0052-M,-74.69546,42.13233,-159.42228985668876,209.54146480477002,1313.8665914178578
S19S_0052-U,-74.69548,42.13247,-166.05554502477796,205.5408461471009,1313.2344931528103
S19S_0053-D,-73.00222222,41.869567,-337.69233587317217,189.9807438312104,1310.8891934858993
S19S_0053-M,-72.796633,41.869617,-452.21713515763327,267.23875376066206,1324.2939047216832
S19S_0053-U,-72.796767,41.869583,-432.9189911398471,251.50195254480454,1321.2081693303676
S19S_0054-D,-77.0237,37.57261,-782.4765008274135,591.6223789202705,1425.6068300238787
S19S_0054-M,-77.0237,37.57267,-631.8498496909879,436.3451183070553,1368.4790304720966
S19S_0054-U,-77.02396,37.5728,-644.5742091723675,449.18810432197273,1372.6280441677632
S19S_0055-D,-117.180863,46.732428,-437.5203754423251,255.18288121151022,1321.9138010607421
S19S_0055-M,-117.180621,46.732323,-435.1326470964268,253.26691432756553,1321.545279006534
S19S_0055-U,-117.180384,46.7322206,-469.0791468572297,281.57230266762775,1327.2606210541326
S19S_0059-D,-117.3915976,48.16874998,-218.0650475891359,181.37373976986987,1309.6695110025125
S19S_0059-M,-117.3913007,48.16841972,-229.8463187991104,177.99587485774447,1309.205990682072
S19S_0059-U,-117.3903992,48.16859001,-220.7537515483962,180.52696447870403,1309.552511156138
S19S_0060-D,-119.4768203,46.2531882,-386.0447581812464,217.1562626303289,1315.1025195668296
S19S_0060-M,-119.4769597,46.253117,-265.1842729121193,173.3343343842711,1308.5803704961686
S19S_0060-U,-119.4772256,46.2530248,-276.347621470605,173.64329255177506,1308.6213308744714
S19S_0061-D,-89.6407,43.1095,-502.6309762220518,311.4009495269853,1333.9071729088796
S19S_0061-M,-89.6405,43.1095,-493.0163915116673,302.6963975343312,1331.90198725421
S19S_0062-D,-106.950417,38.544583,-224.91960968164958,179.3029053311572,1309.3843310623681
S19S_0062-M,-106.950472,38.544667,-224.26287649703156,179.48870447538837,1309.409786738172
S19S_0062-U,-106.950056,38.544778,-226.46519272130394,178.87632416865267,1309.3259845888422
S19S_0063-D,-97.709399,30.250335,-645.6507382874573,450.2777121680465,1372.9850008819258
S19S_0063-M,-97.70953,30.250384,-636.0988683983408,440.62621365168513,1369.850084764195
S19S_0063-U,-97.709566,30.250278,-638.0072058310466,442.55145324461563,1370.4705700380337
S19S_0064-D,-78.00803,40.61043,-296.77164024872724,176.42087879320468,1308.9927887676151
S19S_0064-M,-78.00808,40.64061,-188.16860980144935,193.58720020335758,1311.4167143414127
S19S_0064-U,-78.00688,40.61507,-373.6923748511025,209.27327860674586,1313.8238465297654
S19S_0066-D,-106.643178,35.19845,-489.4685064616681,299.5142221823472,1331.1823931606625
S19S_0066-M,-106.643131,35.198511,-537.3779796540646,343.7200837761976,1341.8201409140377
S19S_0066-U,-106.643074,35.198601,-510.9747780163034,319.04506758577185,1335.7123753721314
S19S_0067-D,-85.35412,42.3921,-459.22020784515314,273.130981288489,1325.495502637057
S19S_0067-M,-85.354,42.39201,-447.03475371738386,262.9378916561512,1323.432706804556
S19S_0067-U,-85.35402,42.39193,-454.9845373772922,269.5564160664962,1324.7635472091106
S19S_0068-U,-122.257915,44.207269,-182.67801901980968,196.34364270221994,1311.8264445425045
S19S_0069-D,-123.735151,39.362202,-147.8852299279687,216.90565086545644,1315.0611605354404
S19S_0069-M,-123.734753,39.362129,-139.2648866732114,222.71869868192206,1316.0324514669157
S19S_0069-U,-123.734848,39.362343,-153.23917653483346,213.42648753677042,1314.4917877848209
S19S_0070-D,-123.752414,39.339914,-261.95773311714447,173.4060805341008,1308.5898759113377
S19S_0070-M,-123.752441,39.339892,-262.195178323356,173.39833933183453,1308.588850118512
S19S_0070-U,-123.752011,39.339682,-195.0736433068193,190.3346402402538,1310.9405287223517
S19S_0071-D,-105.458575,40.012917,-177.65110667000945,198.99369561545356,1312.2256991334027
S19S_0071-M,-105.4589026,40.0128376,-125.18290531681725,232.7293583427188,1317.7635405512117
S19S_0071-U,-105.4588818,40.0129961,-167.07181548934452,204.9438385700545,1313.1411849223527
S19S_0072-D,-71.1848201,42.5235645,-309.5181206102429,179.55459678032554,1309.4188206209644
S19S_0072-M,-71.18851406,42.5235479,-298.8659213155354,176.86370402771814,1309.052544542753
S19S_0072-U,-71.1854501,42.5233858,-287.0302063961374,174.74369325023346,1308.7677994595465
S19S_0073-D,-70.9164986,42.7688065,-254.58383672660693,173.84064288471575,1308.6475322599372
S19S_0073-M,-70.9167967,42.7694593,-304.6652828870867,178.2387766881877,1309.239037031341
S19S_0074-D,-119.272998,46.376172,-286.0128640713388,174.60532241926305,1308.7493316860134
S19S_0074-M,-119.272953,46.376303,-291.3253580486505,175.40495670304574,1308.856253913106
S19S_0074-U,-119.272955,46.376327,-275.008014681268,173.56063900042662,1308.6103659919893
S19S_0075-D,-119.465555,46.694742,-265.6362939723861,173.33005187635047,1308.579803242779
S19S_0075-M,-119.465591,46.694842,-265.59560720208646,173.33037926767074,1308.5798466079655
S19S_0075-U,-119.465706,46.694858,-272.0503015081257,173.42210449198978,1308.5919994016022
S19S_0076-D,-119.462605,46.679191,-303.42420190072136,177.9262744752334,1309.1965298304483
S19S_0076-M,-119.46257,46.679318,-304.15588370679376,178.1093182516722,1309.2214189431547
S19S_0076-U,-119.462645,46.679398,-303.42420190072136,177.9262744752334,1309.1965298304483
S19S_0077-D,-105.223141,40.66403,-173.70024259140848,201.1580745559556,1312.5556618789585
S19S_0077-M,-105.223622,40.664282,-176.95582413201006,199.36946193415204,1312.2827351311778
S19S_0077-U,-105.224786,40.664703,-144.0578469134651,219.45533262520314,1315.4841076915714
S19S_0080-D,-106.681374,34.950811,-382.28559096972725,214.69738968111932,1314.6987349607277
S19S_0080-M,-106.681271,34.950833,-379.00032260025307,212.59069854661254,1314.3563442537143
S19S_0080-U,-106.681382,34.950903,-379.81686114935974,213.11056160434921,1314.4405296698565
S19S_0081-U,-76.9259674,38.9603293,-565.245703946128,370.4375700686638,1348.911334332182
S19S_0082-D,-76.5465418,38.8748619,-293.5615859575614,175.79823916006123,1308.9090172595
S19S_0082-M,-76.5464751,38.8748139,-330.24592836241703,186.78512182311647,1310.429882254647
S19S_0082-U,-76.5464942,38.8749661,-288.5310245041053,174.9606178347158,1308.796780392035
S19S_0083-D,-88.3227,40.31083,-380.140589678757,213.31735912628756,1314.4740736416468
S19S_0083-M,-88.3227,40.31083,-379.11201658088015,212.66166273282073,1314.36782422872
S19S_0083-U,-88.3227,40.31083,-393.31637224578895,222.05270328519242,1315.9199054683052
S19S_0084-D,-71.722778,43.954722,-119.83705793570127,236.68278559565965,1318.467495074783
S19S_0084-M,-71.722778,43.954722,-309.498430223385,179.5489584712952,1309.4180474774198
S19S_0084-U,-71.722778,43.954722,-139.90874928176822,222.27586993391134,1315.9575817351897
S19S_0085-D,-115.9902503,43.6479639,-176.46471399320967,199.6362125224589,1312.323287883654
S19S_0085-M,-115.98908,43.64815,-180.8902201724271,197.27254253746767,1311.9657962807753
S19S_0085-U,-115.98891,43.64819,-179.57539443223388,197.96531145884663,1312.0701426038356
S19S_0086-D,-111.8064,40.7797,-166.620476854052,205.2084441524323,1313.1825083067904
S19S_0086-M,-111.8054,40.7799,-166.26610992661787,205.41679556859373,1313.2150830968708
S19S_0086-U,-111.8054,40.7801,-164.3001186652043,206.58217535086308,1313.3978794501484
S19S_0087-D,-116.7743431,43.1233451,-198.25840525402762,188.91795594308002,1310.735590670049
S19S_0087-M,-116.7744702,43.1233625,-192.00844392644566,191.74836382914415,1311.146532467903
S19S_0087-U,-116.7745057,43.1231912,-191.7675136217676,191.8615410821126,1311.1630888329091
S19S_0089-D,-80.44539,37.21008,-382.57247100082134,214.88324101651403,1314.72909827128
S19S_0089-M,-80.44529,37.21012,-382.37787933375176,214.75714468806171,1314.7084945971942
S19S_0089-U,-80.44513,37.21014,-385.56677049851817,216.84080689091678,1315.0504667519629
S19S_0090-D,-75.930606,37.291383,-374.57083492814667,209.81477397984324,1313.9102077203238
S19S_0090-M,-75.930615,37.291374,-375.62958180033235,210.4714116544524,1314.015224301176
S19S_0090-U,-75.930807,37.291396,-375.9553944138501,210.67435782719554,1314.0477463233035
S19S_0097-D,-111.8865,41.720847,-363.841146613364,203.41482882828168,1312.9034188235973
S19S_0097-M,-111.886477,41.720805,-356.3846684777816,199.25580918674962,1312.2654731669647
S19S_0097-U,-111.88642,41.720744,-356.8964982103562,199.5333485958652,1312.3076437228165
S19S_0098-D,-111.580533,41.950204,-111.12110172222464,243.29386844122766,1319.67030011005
S19S_0098-M,-111.580451,41.950345,-115.6537279860102,239.83103866757875,1319.0362852021246
S19S_0098-U,-111.580465,41.950373,-127.11091688124836,231.3234247015495,1317.5159662740732
S19S_0099-D,-84.7119066,39.2385932,-319.4110107129048,182.68856574577634,1309.852246104766
S19S_0099-M,-84.7121004,39.2386399,-377.2282403769849,211.4711256814203,1314.175723245723
S19S_0099-U,-84.7123967,39.2386771,-319.2972252595072,182.64916050315634,1309.8467507322982
S19S_0100-D,-106.950961,38.92352,-127.52284754775987,231.0244395863465,1317.4635047156478
S19S_0100-M,-106.950743,38.922712,-120.90256859331106,235.8884620435387,1318.3251348194487
S19S_0100-U,-106.95145,38.922389,-111.03444036959289,243.36058537621284,1319.682601645602
