,target,predicted
0,-24.54,-135.82404538771718
1,-67.87,-161.8877766002551
2,-988.01,-1022.4719553503217
3,-9.12,-149.59384796061144
4,-88.98,-162.04898805973565
5,-8.93,-118.4126523954189
6,-3.65,-67.65089491007316
7,-2.02,-34.57361495475059
8,-4.93,-41.923709264706
9,-2.31,-42.642953214568806
10,-82.29,-233.93246856406728
11,-24.46,-110.91804612777496
12,-2084.19,-945.7495270880694
13,-58.05,-85.06397231385327
14,-1.78,-17.788370995917518
15,-35.91,-85.06397231385327
16,-38.66,-197.8775386606276
17,-8.2,-37.175100953362566
18,-2.46,-38.67697341134602
19,-77.62,-122.19494337297321
20,-28.09,-162.0091808891772
21,-19.4,-220.08533587516064
22,-22.17,-107.10911198949607
23,-19.2,-1239.522510933981
24,-7.5,-72.5474831705684
25,-2.26,-29.345815347139855
26,-6.74,-37.33412251764273
27,-0.61,-11.294701853361934
28,-3.43,-27.096304303754657
29,-0.71,-11.294701853361934
30,-48.64,-74.34875021097086
31,-2.7,-16.758432112792363
32,-0.94,-8.51708204144197
33,-5.14,-37.33412251764273
34,-0.51,-25.998578115467193
35,-19.51,-150.8011727882939
36,-4.84,-42.642953214568806
37,-31.82,-108.58170753366402
38,-5.88,-68.06368959868239
39,-55.84,-212.9018796376849
40,-34.83,-165.83908948921703
41,-5.01,-63.36241363435582
42,-5.57,-118.4126523954189
43,-17.53,-1297.2120555165304
44,-6.41,-68.06368959868239
45,-7.34,-42.17090924462212
46,-74.17,-135.82404538771718
47,-11.18,-83.8399437076957
48,-8.33,-106.81162386524898
49,-2.86,-27.809481998936
50,-10.1,-106.81162386524898
51,-4.09,-27.80839076643613
52,-1.31,-34.694821968701305
53,-2.51,-23.08663512912772
54,-2.37,-119.87299921282242
55,-21.45,-75.179113538304
56,-161.32,-347.2512976259046
57,-2.41,-33.888135459162626
58,-47.82,-243.26662627870638
59,-21.52,-107.10911198949607
60,-17.58,-134.91828725864497
61,-33.18,-162.04898805973565
62,-2.86,-27.809481998936
63,-19.87,-114.38907997399699
64,-17.87,-61.06961388768815
65,-230.42,-347.2512976259046
66,-1.64,-34.57361495475059
67,-3.78,-47.21200911900323
68,-3.18,-157.89166459211827
69,-1.65,-9.556246915612713
70,-2.7,-38.67697341134602
71,-75.22,-105.60761467874848
72,-1.68,-119.87299921282239
73,-1752.9,-149.59384796061144
74,-1.21,-34.694821968701305
