,target,predicted
0,-12.16,-122.53944487819908
1,-3657.26,-410.00974740535463
2,-1.29,-75.31002017946224
3,-12.66,-88.75199251444926
4,-128.32,-278.5854455902512
5,-115.73,-97.76284064327842
6,-16.74,-103.81067260429279
7,-7.18,-99.74097897202007
8,-30.01,-139.0122974485736
9,-45.43,-166.00878265681234
10,-4.16,-125.78204373569494
11,-10.54,-81.93294717139229
12,-3860.77,-3241.3065859085837
13,-30.43,-115.71748876101123
14,-1.15,-75.31002017946224
15,-31.19,-161.07116822973848
16,-8.99,-80.95075792137521
17,-42.78,-139.0122974485736
18,-17.33,-113.49763739758873
19,-5.71,-119.67323485779269
20,-56.28,-155.23842062354134
21,-93.27,-191.8808200421584
22,-2.66,-78.0984983955867
23,-2196.81,-410.00974740535463
24,-35.81,-257.62194030653666
25,-40.73,-109.05113912137864
26,-15.32,-91.49500605487928
27,-3.26,-78.0984983955867
28,-3631.26,-3466.0441722732894
29,-1.38,-122.53944487819908
30,-669.87,-738.4810589161632
31,-19.26,-161.07116822973848
32,-13.61,-154.3598404868443
33,-12.9,-92.24041720499203
34,-4.36,-123.39959459793346
35,-52.27,-388.5686561974562
36,-2328.29,-2986.683807779998
37,-209.54,-278.5854455902512
38,-2.54,-88.05455828813854
39,-3019.19,-2986.683807779998
40,-3840.88,-3241.3065859085837
41,-22.66,-115.71748876101123
42,-3.09,-93.23596549515534
43,-13.69,-128.97199049361154
44,-5.69,-307.2712080400933
45,-5.14,-78.182793338263
46,-14.92,-388.5686561974562
47,-1.64,-113.2610512042755
48,-5.64,-88.14434993122191
49,-3555.34,-3466.0441722732894
50,-91.47,-180.95084041365809
51,-4.79,-82.8915387661989
52,-7.12,-86.57982622778484
53,-29.64,-180.2172957140173
54,-2199.18,-410.00974740535463
55,-79.25,-124.488179264197
56,-5.78,-119.67323485779269
57,-8.56,-103.71594701645533
58,-70.85,-113.53113815349153
59,-1622.5,-1496.1072063082026
60,-3.07,-388.5686561974562
61,-1.78,-113.2610512042755
62,-7.46,-91.49500605487928
63,-12.07,-91.61131043840395
64,-1388.85,-93.85596512678619
65,-9.63,-98.39594373059379
66,-2128.42,-1496.1072063082026
67,-16.39,-99.74097897202007
68,-38.07,-173.63375933433684
69,-43.87,-147.47091109957736
70,-31.41,-154.3598404868443
71,-95.54,-191.8808200421584
72,-47.19,-86.38913692845205
73,-3976.99,-3522.0280570044524
74,-326.59,-348.7514866939854
