,target,predicted
0,-4.71,-7.811275688654486
1,-0.83,-11.16066011743595
2,-7.06,-9.026521332263844
3,-1.34,-10.765366672596778
4,-22.97,-15.130043365860004
5,-28.35,-11.529879825910927
6,-13.52,-11.694617306606181
7,-0.69,-12.133116023146288
8,-7.24,-17.174270904732936
9,-0.67,-8.020516416523467
10,-0.75,-6.935467480576482
11,-1.93,-11.956028309015293
12,-15.22,-14.317025606462302
13,-11.56,-11.707394646936013
14,-2.67,-10.288972001779786
15,-11.32,-17.174270904732936
16,-543.6,-14.39296359090858
17,-11.47,-14.465003682884204
18,-5.04,-9.026521332263844
19,-6.42,-12.068870316532179
20,-7.67,-15.130043365860004
21,-4.22,-12.082193598450862
22,-1.1,-10.449103459539847
23,-3.58,-11.286085828370162
24,-23.77,-14.55377164789048
25,-0.67,-10.795383083228149
26,-10.94,-11.707394646936013
27,-10.69,-13.708743131499356
28,-0.55,-8.020516416523467
29,-10.92,-9.886546222259746
30,-11.16,-13.81243092404621
31,-11.47,-9.90407148013212
32,-1.43,-10.288972001779786
33,-5.16,-7.811275688654486
34,-2.35,-10.765366672596778
35,-5.27,-10.228681297112693
36,-1.12,-12.81382514409962
37,-1.84,-12.81382514409962
38,-6.42,-13.81243092404621
39,-10.88,-14.496271759016107
40,-4.16,-15.88804660276654
41,-1.55,-9.19719637582484
42,-0.84,-8.509952433933723
43,-1.95,-8.509952433933723
44,-0.47,-6.910122130775491
