,target,predicted
0,-7.86,-67.92980158641275
1,-1.45,-11.297419992562405
2,-4.79,-33.98836413460628
3,-54.61,-60.76098593913814
4,-1.98,-3.336665235695818
5,-1941.4,-3096.653942767817
6,-1.29,-2.531929938650168
7,-7.46,-11.960056036620585
8,-3976.99,-2953.189411652197
9,-1.22,-2.6474958191970166
10,-2.21,-328.6594985105554
11,-15.42,-49.242641648217806
12,-2.71,-2286.129223806578
13,-2328.29,-3020.055032916429
14,-16.93,-17.772889556845616
15,-2.71,-13.868476620479733
16,-0.75,-18.606302554773844
17,-46.77,-4.93303146816958
18,-54.03,-117.32919490437908
19,-1.3,-18.606302554773844
20,-2717.18,-3096.653942767817
21,-2289.87,-2196.2903586620014
22,-1175.43,-142.34229216887078
23,-1776.15,-2030.5925575597316
24,-22.07,-49.242641648217806
25,-53.44,-59.81324691574333
26,-22.66,-36.67817122956867
27,-4.81,-16.543431077042055
28,-82.28,-117.32919490437908
29,-2199.18,-3018.216156235625
30,-6.63,-12.290402654216582
31,-4.01,-4.445851320135915
32,-2718.25,-2196.2903586620014
33,-6.06,-4.276982110187901
34,-2.28,-180.7394334525839
35,-17.98,-5.20783385947534
36,-3049.36,-4018.113451504181
37,-4.87,-5.717425323542238
38,-1.27,-2.6474958191970166
39,-1388.85,-16.543431077042055
40,-5.6,-5.717425323542238
41,-8.0,-40.4199410877098
42,-3462.55,-4822.500971347095
43,-44.62,-102.32754765887586
44,-991.01,-48.77154148328448
45,-3890.98,-2953.189411652197
46,-12.66,-9.288597189656533
47,-1599.21,-4018.113451504181
48,-1739.12,-1910.5654552799986
49,-2.66,-4.22217394152323
