,target,predicted
0,-1590.24,-1500.8079154827578
1,-15.32,-14.835703161522627
2,-3.41,-11.067611284644697
3,-3601.52,-3617.8954041529714
4,-46.77,-14.299087121062431
5,-1.29,-2.128990581026995
6,-2128.42,-1500.8079154827578
7,-3.19,-3.012099492071558
8,-3855.6,-3617.8954041529714
9,-1.55,-2.7157241019544114
10,-8.26,-12.03255912134131
11,-10.64,-14.835703161522627
12,-1.15,-2.128990581026995
13,-29.64,-207.5656485813747
14,-3462.55,-4231.692972739146
15,-6.06,-4.491389989520027
16,-2196.81,-2998.1779838059147
17,-3049.36,-3671.3974611326475
18,-3657.26,-2998.1779838059147
19,-3.73,-14.299087121062431
20,-2236.81,-3534.206328676244
21,-10.54,-10.978543249841312
22,-3800.03,-3534.206328676244
23,-3824.62,-3073.8639290430638
24,-1542.53,-1893.6491532129776
25,-3860.77,-4231.692972739146
26,-3976.99,-3073.8639290430638
27,-3.35,-3.984892131669945
28,-2.85,-12.03255912134131
29,-2289.87,-2476.108431202643
30,-1776.15,-1893.6491532129776
31,-4.87,-5.942518763747472
32,-4.01,-11.067611284644697
33,-3631.26,-3878.638744164112
34,-17.98,-10.510902117141569
35,-2718.25,-2476.108431202643
36,-3114.61,-3558.188545760473
37,-2199.18,-2998.1779838059147
38,-3.66,-11.067611284644697
39,-3840.88,-4231.692972739146
40,-12.27,-10.978543249841312
41,-2.15,-3.012099492071558
42,-1842.39,-1893.6491532129776
43,-1.22,-2.7157241019544114
44,-2.32,-3.7767843983182723
45,-5.14,-5.942518763747472
46,-33.64,-429.9601904372787
47,-5.64,-10.510902117141569
48,-1.98,-3.7767843983182723
49,-3019.19,-3558.188545760473
50,-2228.76,-2476.108431202643
51,-2.95,-5.048215086798736
52,-3105.59,-3617.8954041529714
53,-3.53,-5.137259460709005
54,-694.32,-577.1437523151465
55,-2448.32,-2378.105266174955
56,-3827.24,-3534.206328676244
57,-76.63,-207.5656485813747
58,-2756.74,-3073.4173913145014
59,-2.74,-4.491389989520027
60,-1.27,-2.7157241019544114
61,-1.94,-3.012099492071558
62,-2727.43,-429.9601904372787
63,-2719.07,-3073.4173913145014
64,-3664.98,-3073.4173913145014
65,-3.77,-3.984892131669945
66,-12.66,-12.145960987091984
67,-9.01,-8.368992142251098
68,-1175.43,-429.9601904372787
69,-3971.85,-4760.2872729343735
70,-7.65,-12.145960987091984
71,-3555.34,-3878.638744164112
72,-4001.81,-4760.2872729343735
73,-2.43,-3.7927940953898682
74,-5.69,-18.00135248738123
