,target,predicted
0,-47.48,-251.19739179889353
1,-35.52,-479.4099027978615
2,-2.71,-134.91848684599105
3,-0.99,-124.53141924055637
4,-8.93,-172.9199986503418
5,-1.29,-172.49741322867126
6,-52.27,-167.72192295264392
7,-16.54,-184.37206061775498
8,-35.76,-221.1845748897282
9,-37.43,-468.24691032193005
10,-2727.43,-274.7984015894135
11,-13.09,-269.69237931455353
12,-2.08,-143.71022410907767
13,-1.78,-126.21064498002998
14,-77.62,-202.81309632336507
15,-2.89,-157.59545691694277
16,-4.81,-265.22291055886444
17,-7.06,-167.35915177849083
18,-1011.81,-1397.461934803303
19,-15.94,-159.9403525663251
20,-3.94,-143.71022410907767
21,-1.72,-168.4142174022442
22,-2260.74,-1314.3202347238616
23,-988.01,-1314.3202347238616
24,-33.71,-499.236540637044
25,-1.38,-155.02336697485003
26,-5.69,-164.7438353379374
27,-5.86,-152.34017920275363
28,-2.7,-152.34017920275363
29,-21.63,-162.32370262389202
30,-10.36,-137.89582177991187
31,-11.67,-175.9874124653199
32,-38.08,-479.4099027978615
33,-8.65,-172.57875040352093
34,-1806.3,-1491.0136429479585
35,-7.5,-168.57974301091775
36,-3.07,-167.72192295264392
37,-4.55,-184.94878485796673
38,-24.29,-399.8335111072346
39,-22.83,-468.24691032193005
40,-1918.37,-1713.4322085678405
41,-29.51,-168.43749025583773
42,-1694.52,-257.1255873757002
43,-14.69,-168.57974301091775
44,-21.22,-153.29681625192663
45,-2738.74,-355.2158079706704
46,-12.66,-135.93616994570235
47,-47.19,-142.99434989206262
48,-5.64,-129.61294431165607
49,-27.46,-179.03247757666324
50,-17.66,-186.60277201613735
51,-79.59,-249.66694334060048
52,-3.18,-269.69237931455353
53,-23.78,-371.3743519432686
54,-1.67,-172.49741322867126
55,-2907.84,-1744.6358095486494
