,target,predicted
0,-3.28,-358.6439971425814
1,-260.35,-460.5507707903401
2,-2717.18,-2032.7152907705618
3,-2236.81,-3268.0766719661683
4,-70.02,-276.2141821094972
5,-1.67,-122.7976883832028
6,-2785.54,-1377.4666671078385
7,-2.85,-123.6439438544982
8,-655.72,-706.6520345191082
9,-326.59,-245.85112966273428
10,-22.83,-155.28057499589616
11,-8.26,-124.67139785343176
12,-7.65,-133.07115827023574
13,-3685.4,-3106.9956236024514
14,-4.15,-126.65241319898132
15,-2289.87,-2407.614913593308
16,-3976.99,-3146.446418098609
17,-2.71,-2003.496536508067
18,-97.9,-323.24961658880613
19,-57.26,-195.52722657235108
20,-2.98,-124.54163948634258
21,-1806.3,-2426.6055106233634
22,-2738.74,-382.1564548982212
23,-3.66,-124.35807999337752
24,-47.16,-1234.246101336465
25,-26.77,-139.67715228937027
26,-1788.7,-2426.6055106233634
27,-3555.34,-3106.9956236024514
28,-33.5,-162.4622494787084
29,-17.58,-141.26514134498538
30,-3019.19,-2730.1587029642824
31,-2086.43,-2003.496536508067
32,-13.59,-136.14715259648705
33,-16.39,-127.5333427275078
34,-7.46,-131.407180782217
35,-4007.87,-3869.7953470772222
36,-15.32,-131.407180782217
37,-5.78,-126.65241319898132
38,-18.39,-233.36182171162355
39,-14.63,-150.54183145627098
40,-7.38,-128.24665295927142
41,-3.43,-126.35478188178686
42,-5.6,-125.2403316336532
43,-1.78,-122.04889234040263
44,-19.64,-141.26514134498538
45,-2328.29,-2730.1587029642824
46,-3293.85,-2032.7152907705618
47,-469.44,-245.85112966273428
48,-29.33,-152.30588322005093
49,-2727.43,-304.0084627136945
50,-7.86,-130.7483582775532
51,-7.45,-130.7483582775532
52,-9.11,-127.5333427275078
53,-1575.97,-358.6439971425814
54,-15.42,-132.85955711090912
55,-1953.6,-1501.6905065133344
56,-47.82,-193.60339271128197
57,-2757.22,-2702.2119117934626
58,-1.55,-122.50391848208254
59,-10.54,-127.81492869453344
60,-3.41,-124.35807999337752
61,-5.69,-138.9743828344205
62,-173.48,-394.4084511006862
63,-694.32,-706.6520345191082
64,-132.3,-245.85112966273428
65,-42.31,-193.60339271128197
66,-73.45,-150.54183145627098
67,-114.34,-276.2141821094972
68,-75.22,-192.95633956426207
69,-2084.19,-1779.4045907002223
70,-5.64,-128.2024445161339
71,-36.16,-383.16007981128695
72,-47.48,-358.643937658414
73,-2505.5,-152.85514922982085
74,-22.07,-132.85955711090912
