,target,predicted
0,-2199.18,-2139.8618935343834
1,-3971.85,-3528.385815511705
2,-5.14,-319.6914284204755
3,-2675.86,-2769.47500565521
4,-1918.37,-1857.948221533224
5,-7.84,-323.3703938997877
6,-3293.85,-2441.3817535955054
7,-3023.27,-2761.0919650956203
8,-4007.87,-3528.385815511705
9,-1841.16,-1857.948221533224
10,-3855.6,-3485.525533423127
11,-2965.18,-2785.7347446723184
12,-13.78,-453.9287589040344
13,-38.08,-388.9698690456552
14,-1175.43,-1255.1277586421468
15,-4.87,-319.6914284204755
16,-1776.15,-1909.4642996595478
17,-8.92,-453.9287589040344
18,-3235.01,-2859.0731946296555
19,-8.26,-344.85771470510394
20,-3976.99,-3348.2754852690528
21,-2328.29,-2679.4796387603683
22,-4001.81,-3528.385815511705
23,-127.36,-492.70046384342754
24,-1542.53,-1909.4642996595478
25,-2.85,-344.85771470510394
26,-2718.25,-2593.1537378757585
27,-3601.52,-3485.525533423127
28,-10.64,-332.7484881461248
29,-2717.18,-2441.3817535955054
30,-2.71,-578.5394166877898
31,-4.01,-333.4281096266537
32,-1953.6,-2009.6256271371003
33,-3824.62,-3348.2754852690528
34,-3685.4,-3315.30450539814
35,-3.16,-323.2090974428069
36,-655.72,-961.9247055044348
37,-3555.34,-3315.30450539814
38,-15.32,-332.7484881461248
39,-2196.81,-2139.8618935343834
40,-3114.61,-2679.4796387603683
41,-2907.84,-2769.47500565521
42,-22.83,-405.59484342720566
43,-2741.44,-2746.9136328153336
44,-128.32,-574.1051641298469
45,-1011.81,-1839.662512513219
46,-1939.15,-2009.6256271371003
47,-2236.81,-3165.7305548705685
48,-37.43,-405.59484342720566
49,-12.27,-323.3703938997877
50,-2936.54,-2859.0731946296555
51,-3800.03,-3165.7305548705685
52,-3564.45,-3274.0166486290586
53,-3263.52,-2785.7347446723184
54,-2756.74,-3080.320366338032
55,-1.94,-317.4008679679717
56,-2610.28,-578.5394166877898
57,-1842.39,-1909.4642996595478
58,-3827.24,-3165.7305548705685
59,-1590.24,-1712.8018845219206
60,-3890.98,-3348.2754852690528
61,-2785.54,-1839.662512513219
62,-33.18,-396.55941135614535
63,-1941.4,-2441.3817535955054
64,-1622.5,-1712.8018845219206
65,-3664.98,-3080.320366338032
66,-2086.43,-578.5394166877898
67,-2.15,-317.4008679679717
68,-3019.19,-2679.4796387603683
69,-3631.26,-3315.30450539814
70,-70.02,-492.70046384342754
71,-5.69,-348.8969716689653
72,-7.65,-342.4579690326531
73,-35.0,-405.59484342720566
74,-2289.87,-2593.1537378757585
