,target,predicted
0,-7.22,-64.82144460987261
1,-1575.97,-147.08538808398714
2,-93.9,-147.39495701888734
3,-3.04,-37.980393461181954
4,-1138.3,-396.91294418389197
5,-3.29,-52.24011316522242
6,-45.06,-163.6305572515162
7,-2.39,-48.25419037145854
8,-6.65,-56.59569425532174
9,-2.2,-38.180998044352705
10,-29.9,-95.13161267106211
11,-1694.52,-280.46346494947454
12,-8.2,-55.30229040312033
13,-45.05,-163.6305572515162
14,-2.07,-40.88025217413301
15,-2.07,-43.64989458063253
16,-11.12,-280.46346494947454
17,-23.47,-133.39184868072536
18,-1.16,-25.716747616591388
19,-21.22,-53.42648370561068
20,-7.06,-58.456958949367376
21,-20.56,-133.39184868072536
22,-2.58,-48.25419037145854
23,-35.91,-141.68522451149815
24,-2.5,-37.980393461181954
25,-5.02,-41.89906691916703
26,-8.82,-69.70019745413472
27,-38.66,-163.6305572515162
28,-1.23,-29.98130498094155
29,-4.93,-41.89906691916703
30,-9.91,-67.47189840171775
31,-0.77,-27.929232298100818
32,-7.5,-68.0542776580437
33,-83.28,-144.48810946415043
34,-0.87,-27.929232298100818
35,-1.16,-38.180998044352705
36,-1.65,-25.716747616591388
37,-173.76,-144.48810946415043
38,-14.69,-68.0542776580437
39,-8.15,-56.59569425532174
40,-3.46,-53.42648370561068
41,-1.31,-29.98130498094155
42,-1671.03,-280.46346494947454
43,-1185.05,-396.91294418389197
44,-5.13,-52.24011316522242
45,-33.33,-106.8571091926576
46,-12.93,-95.13161267106211
47,-85.25,-151.86194156908243
48,-3.28,-147.08538808398714
49,-8.79,-69.70019745413472
50,-58.05,-141.68522451149815
51,-9.84,-64.82144460987261
52,-10.78,-58.456958949367376
53,-22.17,-74.70775890862069
54,-47.48,-147.08538808398714
55,-77.62,-120.56834029028828
56,-24.54,-125.06448101876164
57,-3.59,-58.456958949367376
58,-81.84,-138.80900259656684
59,-1.58,-25.716747616591388
60,-82.29,-147.39495701888734
61,-13.61,-141.68522451149815
62,-13.24,-108.56526690699825
63,-5.59,-56.59569425532174
64,-2.76,-39.07249811812892
65,-49.41,-133.39184868072536
66,-59.89,-151.86194156908243
67,-6.67,-67.47189840171775
68,-37.03,-138.80900259656684
69,-9.45,-106.8571091926576
70,-3.78,-52.24011316522242
71,-6.7,-55.30229040312033
72,-16.54,-106.8571091926576
73,-3.65,-53.42648370561068
74,-11.88,-69.70019745413472
