,target,predicted
0,-5.3,-41.89906691916703
1,-21.52,-74.70775890862069
2,-14.12,-68.0542776580437
3,-3.29,-43.64989458063253
4,-3.3,-37.980393461181954
5,-2.86,-39.07249811812892
6,-74.17,-125.06448101876164
7,-65.41,-74.70775890862069
8,-105.08,-147.39495701888734
9,-47.16,-396.91294418389197
10,-51.65,-151.86194156908243
11,-28.74,-95.13161267106211
12,-1.39,-38.180998044352705
13,-1.63,-43.64989458063253
14,-34.83,-138.80900259656684
15,-3.73,-48.25419037145854
16,-2.51,-40.88025217413301
17,-2.86,-39.07249811812892
18,-1.17,-40.88025217413301
19,-8.08,-67.47189840171775
20,-1.21,-29.98130498094155
21,-6.16,-55.30229040312033
22,-0.37,-27.929232298100818
23,-17.87,-64.82144460987261
24,-82.36,-120.56834029028828
