,target,predicted
0,-76.63,-173.69902858328362
1,-7.46,-31.250808842865958
2,-2.15,-15.313473810323293
3,-91.47,-84.73367576498728
4,-1.94,-15.313473810323293
5,-11.39,-16.707070081749237
6,-33.64,-1873.0804852215138
7,-7.84,-15.460903230835648
8,-12.07,-16.707070081749237
9,-3.56,-12.756604918767538
10,-2.32,-9.29230350037615
11,-5.69,-64.15617050910745
12,-5.64,-10.30259283153707
13,-669.87,-707.8353527691517
14,-17.98,-10.30259283153707
15,-2196.81,-2813.7412384522772
16,-31.41,-80.18194799523556
17,-3.19,-15.313473810323293
18,-1.55,-7.472124416121261
19,-3.11,-10.30259283153707
20,-15.32,-31.250808842865958
21,-2.13,-46.1797692103269
22,-16.93,-68.30491437059756
23,-30.43,-33.2402120034226
24,-3.35,-12.756604918767538
