,target,predicted
0,-2.2,-31.428046142287133
1,-0.51,-30.171708613468034
2,-11.88,-39.144743803043816
3,-23.47,-77.22438319528752
4,-2741.44,-1627.5021981844363
5,-8.79,-39.144743803043816
6,-67.87,-282.51519895339754
7,-82.29,-108.24291149492424
8,-65.41,-51.9444414009133
9,-6.74,-33.82925684831497
10,-49.18,-67.61164375998109
11,-3.54,-29.935760857263386
12,-10.1,-40.11991799014581
13,-1890.34,-89.80535221790709
14,-5.3,-34.470299936776605
15,-6.65,-35.105122770714345
16,-1.32,-30.09066005049851
17,-20.56,-77.22438319528752
18,-8.15,-35.105122770714345
19,-45.06,-70.47445807869187
20,-21.22,-33.41774479629488
21,-2084.19,-1633.2800755994772
22,-2.8,-29.935760857263386
23,-29.9,-50.018907955925854
24,-9.12,-77.26064133671483
25,-13.09,-42.69514625362811
26,-2.39,-33.826647565367395
27,-1.97,-30.09066005049851
28,-1752.9,-77.26064133671483
29,-1740.84,-1633.2800755994772
30,-105.08,-108.24291149492424
31,-59.89,-99.19123621134887
32,-26.93,-89.80535221790709
33,-1.16,-31.428046142287133
34,-19.66,-59.53494220696401
35,-16.54,-47.574685860602486
36,-5.14,-33.82925684831497
37,-0.81,-30.075380108444243
38,-37.2,-282.51519895339754
39,-4.29,-37.09252026762475
40,-1.16,-30.649541690028894
41,-1.11,-30.233471925846306
42,-45.05,-70.47445807869187
43,-31.44,-282.51519895339754
44,-3.73,-33.826647565367395
45,-7.5,-41.60564239275263
46,-2.7,-29.935760857263386
47,-20.06,-77.26064133671483
48,-11.12,-1382.385855113487
49,-43.06,-48.85905876508403
