,target,predicted
0,-1.45,-67.73469357523727
1,-2289.87,-422.74795701799775
2,-22.66,-102.5970455735726
3,-170.32,-135.38117837580148
4,-3263.52,-2758.8637390729623
5,-15.64,-102.89567630850433
6,-3855.6,-3362.8829392070893
7,-13.59,-171.98615032177597
8,-9.11,-103.54109041530526
9,-19.99,-85.7091634009118
10,-3.56,-57.16936376955409
11,-54.61,-119.73864627434445
12,-46.77,-55.32461571135042
13,-2.74,-56.35924148240233
14,-24.5,-100.56620109925116
15,-2196.81,-3293.9865960696
16,-3.77,-57.16936376955409
17,-53.32,-187.3140286845694
18,-6.94,-79.73193670488834
19,-3664.98,-2591.9624930133996
20,-7.12,-56.463790171142065
21,-40.96,-72.423534266857
22,-1918.37,-1689.588580600074
23,-20.53,-84.50612229026666
24,-2228.76,-422.74795701799775
25,-1.3,-116.89303455284376
26,-10.71,-155.29161264615158
27,-6.68,-80.60787868969432
28,-3824.62,-3283.2373314712695
29,-29.63,-84.50612229026666
30,-3.6,-177.37166157651527
31,-167.92,-135.38117837580148
32,-11.29,-87.16028295224778
33,-1.72,-166.7110534484451
34,-1531.16,-169.78284259887647
35,-6.39,-81.0690298641804
36,-13.78,-171.98615032177597
37,-11.61,-60.80212279178636
38,-0.75,-116.89303455284376
39,-2199.18,-3293.9865960696
40,-55.85,-152.0577311213866
41,-12.07,-60.80212279178636
42,-9.82,-998.7504946499282
43,-2.28,-177.37166157651527
44,-2718.25,-422.74795701799775
45,-3685.4,-3340.194546391708
46,-3.43,-177.37166157651527
47,-8.97,-998.7504946499282
48,-9.4,-97.32213392844972
49,-43.36,-156.1576386424628
50,-43.87,-132.94701509964466
51,-3.09,-166.7110534484451
52,-1622.5,-1445.9246436462631
53,-29.64,-198.83218810781315
54,-3.99,-116.89303455284376
55,-2.32,-59.63963177448794
56,-21.96,-166.7110534484451
57,-5.97,-62.07812898186451
58,-3.11,-64.25874367622889
59,-22.8,-93.97495804792331
60,-3564.45,-2179.5049603229695
61,-8.68,-998.7504946499282
62,-12.9,-80.60787868969432
63,-25.16,-102.83989050670537
64,-42.78,-163.62806670285204
65,-3105.59,-3362.8829392070893
66,-8.56,-132.55570858704542
67,-9.6,-65.0637886838655
68,-1175.43,-376.9919188303165
69,-15.42,-131.88352579256764
70,-3.51,-66.95310965185901
71,-4007.87,-3531.3352288109077
72,-54.1,-152.05773112138664
73,-30.01,-163.62806670285204
74,-2128.42,-1445.9246436462631
