,target,predicted
0,-29.51,-35.41199588959572
1,-694.32,-707.8353527691517
2,-3.26,-12.818755118153327
3,-5.97,-11.413212671902278
4,-3.53,-12.818755118153327
5,-39.93,-173.69902858328362
6,-17.33,-35.41199588959572
7,-11.61,-16.707070081749237
8,-3855.6,-3541.3754546953855
9,-6.63,-12.266506860468919
10,-82.28,-84.73367576498728
11,-46.77,-19.991455478651183
12,-22.66,-33.2402120034226
13,-7.12,-12.266506860468919
14,-12.66,-15.952800289891602
15,-29.48,-80.18194799523556
16,-3.77,-12.756604918767538
17,-44.62,-80.00832665893402
18,-29.64,-173.69902858328362
19,-47.19,-17.22085487038933
20,-12.27,-15.460903230835648
21,-3105.59,-3541.3754546953855
22,-2.74,-8.68427494903649
23,-7.65,-15.952800289891602
24,-2727.43,-1873.0804852215138
25,-2.85,-59.923484646781176
26,-15.64,-68.30491437059756
27,-8.86,-17.079745929939545
28,-6.06,-8.68427494903649
29,-655.72,-707.8353527691517
30,-3.73,-19.991455478651183
31,-3.43,-38.72952393976651
32,-3.41,-9.68808698730889
33,-9.6,-17.079745929939545
34,-3601.52,-3541.3754546953855
35,-2199.18,-2813.7412384522772
36,-3.16,-11.413212671902278
37,-54.03,-84.73367576498728
38,-5.6,-11.560619616491099
39,-1.22,-7.472124416121261
40,-1.15,-7.022612810843513
41,-4.87,-11.560619616491099
42,-6.18,-12.266506860468919
43,-8.56,-40.01719542441413
44,-1.98,-9.29230350037615
45,-8.26,-59.923484646781176
46,-10.64,-31.250808842865958
47,-5.14,-11.560619616491099
48,-2.71,-7.522150482697796
49,-7.45,-40.01719542441413
50,-1.25,-8.68427494903649
51,-13.12,-68.30491437059756
52,-6.94,-46.1797692103269
53,-13.61,-80.18194799523556
54,-3.6,-38.72952393976651
55,-4.01,-9.68808698730889
56,-1.27,-7.472124416121261
57,-1175.43,-1873.0804852215138
58,-2.66,-12.818755118153327
59,-47.58,-80.00832665893402
60,-43.36,-80.00832665893402
61,-9.01,-11.270215543874578
62,-31.64,-33.2402120034226
63,-1.29,-7.022612810843513
64,-3.66,-9.68808698730889
65,-7.86,-40.01719542441413
66,-1.84,-7.022612810843513
67,-2.28,-38.72952393976651
68,-10.54,-15.460903230835648
69,-2.43,-9.29230350037615
70,-10.47,-17.079745929939545
71,-3657.26,-2813.7412384522772
72,-1.78,-46.1797692103269
73,-2.95,-11.413457016038683
74,-3.14,-17.22085487038933
