,target,predicted
0,-1.65,-47.957785468070796
1,-3.65,-55.24185382054399
2,-2.58,-60.36486912575634
3,-9.84,-70.35499465576889
4,-1.58,-47.957785468070796
5,-51.65,-194.0073720775502
6,-6.16,-63.47286119435415
7,-1.16,-51.61044627181228
8,-1694.52,-1316.622984763153
9,-5.59,-58.75358296791718
10,-1.31,-47.35345498504417
11,-3.28,-254.99275050907343
12,-2.39,-60.36486912575634
13,-8.15,-58.75358296791718
14,-8.82,-70.60058158292084
15,-7.5,-70.29909900977512
16,-8.2,-63.47286119435415
17,-3.29,-49.39361040537404
18,-1185.05,-301.285940590807
19,-12.93,-72.270503919869
20,-2.07,-49.39361040537404
21,-1.63,-49.39361040537404
22,-21.22,-55.24185382054399
23,-38.66,-140.8917226870601
24,-58.05,-176.11846847066903
25,-82.36,-110.17579454307405
26,-82.29,-123.75044016616661
27,-16.54,-85.15170142376753
28,-33.33,-85.15170142376753
29,-22.17,-99.98826198964049
30,-65.41,-99.98826198964049
31,-7.06,-67.40229361698817
32,-1575.97,-254.99275050907343
33,-0.37,-49.79176074531368
34,-2.86,-50.960451566647286
35,-11.88,-70.60058158292084
36,-1.16,-47.957785468070796
37,-45.05,-140.8917226870601
38,-1.17,-49.787220619523424
39,-2.51,-49.787220619523424
40,-35.91,-176.11846847066903
41,-3.04,-50.623011284971696
42,-1713.76,-1736.5036586005456
43,-47.48,-254.99275050907343
44,-29.9,-72.270503919869
45,-17.87,-70.35499465576889
46,-6.67,-63.3007844748565
47,-7.22,-70.35499465576889
48,-2.5,-50.623011284971696
49,-74.17,-117.64328202137882
50,-59.89,-194.0073720775502
51,-2.86,-50.960451566647286
52,-3.73,-60.36486912575634
53,-47.16,-301.285940590807
54,-9.45,-85.15170142376753
55,-85.25,-194.0073720775502
56,-3.3,-50.623011284971696
57,-3.59,-67.40229361698817
58,-3.46,-55.24185382054399
59,-10.78,-67.40229361698817
60,-14.69,-70.29909900977512
61,-2.07,-49.787220619523424
62,-1.23,-47.35345498504417
63,-0.87,-49.79176074531368
64,-34.83,-77.16292221925225
65,-1671.03,-1316.622984763153
66,-24.54,-117.64328202137882
67,-8.08,-63.3007844748565
68,-3.78,-61.76960340251968
69,-21.52,-99.98826198964049
70,-5.02,-56.47858739974778
71,-1.21,-47.35345498504417
72,-2.2,-51.61044627181228
73,-2.76,-50.960451566647286
74,-14.12,-70.29909900977512
