{
    "r2_high": 0.33440266660278495,
    "r2_low": -0.07093188019823593
}