{
    "r2_high": 0.5219916260907123,
    "r2_low": 0.04839934751928254
}