{
    "r2_high": 0.42036316724959144,
    "r2_low": 0.010029948093812968
}