{
    "r2_high": 0.5346589997483677,
    "r2_low": -0.0001709853051383714
}