{
    "r2_high": 0.5770092493402881,
    "r2_low": -0.007757268395749861
}