{
    "r2_high": -0.1550897709071104,
    "r2_low": 0.09680677148148387
}