{
    "r2_high": 0.5391656253862053,
    "r2_low": 0.028819641838446652
}