{
    "r2_high": 0.5068777243514908,
    "r2_low": 0.077399837353332
}