{
    "r2_high": 0.20119200039980778,
    "r2_low": -0.030421249311844534
}