{
    "r2_high": 0.5460689345108187,
    "r2_low": -0.10699044062300955
}