{
    "r2_high": 0.466576788091275,
    "r2_low": 0.0519118729859418
}