{
    "r2_high": 0.06987558536047223,
    "r2_low": 0.07282098454689656
}