{
    "Respiration_Rate_mg_DO_per_L_per_H": 0.7384504295487735,
    "Respiration_Rate_mg_DO_per_L_per_H_high": -2.219035248662707,
    "Respiration_Rate_mg_DO_per_L_per_H_low": -2.2831750002205884
}