{
    "r2_high": 0.6635068116445482,
    "r2_low": -1.6034749296593276
}