{
    "r2_high": 0.5445996629527328,
    "r2_low": -0.08341283753998341
}