{
    "r2_high": -0.23708722774098057,
    "r2_low": -0.00884062609881986
}