{
    "r2_high": 0.5385208308097787,
    "r2_low": 0.05686681984284003
}