{
    "r2_high": 0.2652944108245092,
    "r2_low": -0.00032179883925831376
}