{
    "r2_high": 0.39816754945747723,
    "r2_low": 0.048649384050062694
}