{
    "r2_high": 0.2708406130187391,
    "r2_low": -0.0658322253278858
}