{
    "r2_high": 0.5154910011978602,
    "r2_low": 0.021905588411137322
}