{
    "r2_high": 0.42670943681713236,
    "r2_low": 0.14179852975599494
}