{
    "r2_high": 0.44027936456276584,
    "r2_low": 0.09997286738648548
}