{
    "Respiration_Rate_mg_DO_per_L_per_H": 0.6050780956517546,
    "Respiration_Rate_mg_DO_per_L_per_H_high": -3.5934449640916464,
    "Respiration_Rate_mg_DO_per_L_per_H_low": -1.1629015882455551
}