{
    "r2_high": 0.16712701158143228,
    "r2_low": 0.15560642448443385
}