{
    "r2_high": 0.4656369784518043,
    "r2_low": 0.07635320383531674
}