{
    "r2_high": 0.07999555853801787,
    "r2_low": -0.03130571038870755
}