Sample_ID,Sample_Longitude,Sample_Latitude,Normalized_Respiration_Rate_mg_DO_per_H_per_L_sediment,mean.error,predict.error
300043,0.00215425132404,41.1354301927,-364.3113188713628,210.58833578951706,1319.2336818640179
300086,0.0929537798368,41.6807228018,-487.2256309009939,305.6358055935027,1337.7007534776544
300022,-0.122749631011,41.9274349592,-481.054479926023,300.18402659377557,1336.4656785776233
300023,-0.131028213696,41.9189335585,-531.4324295993503,345.9296599420597,1347.4781593115058
300153,0.144292716085,41.1228657667,-324.4717312559772,189.73212423897172,1316.065476776185
300243,0.15197278372,40.8773167223,-277.95417289330044,175.86865574387733,1314.1384418192222
300040,0.155988967052,42.0066463438,-441.0303328119305,266.1647177011356,1329.238021252334
300156,0.164458586753,41.8933299794,-459.88093134880825,281.87396114594503,1332.4725100976757
300088,0.168800847112,41.9388674072,-448.09388371048226,271.9791474355681,1330.4144906132346
300012,-0.173455555206,40.9438135929,-348.0278797119121,201.21641632663278,1317.7701265369567
300145,0.20188731385,41.6397877024,-466.81128190245596,287.79551425411523,1333.73772467404
300087,-0.206099109907,41.8023187669,-524.9161251389268,339.8693936048572,1345.935089409303
300152,-0.211163696326,40.9177701687,-248.76628265804263,174.13762199607552,1313.9079007252915
300101,0.234624198559,42.1529567829,-292.54619735720706,178.82103344178964,1314.5368089920814
300064,0.243970624332,41.210952793,-309.0209076196065,183.72681361696527,1315.2131394704577
300046,-0.269155186124,40.8132822771,-207.82317234799842,181.16110848599678,1314.857181378179
300021,0.276215703,41.369104296,-387.6182449534229,225.71341035566834,1321.7324251936475
300146,-0.280984065103,42.2299979563,-409.1756467104384,241.19924378880114,1324.4648486834915
300085,0.29385672446,41.5812781006,-434.91506655331,261.20608897379185,1328.2539972124605
300135,-0.326989446909,42.7815326509,-215.95594362508834,178.92116081952332,1314.5504334117045
300160,0.343430427561,41.4757787139,-464.2601944625149,285.60726135210774,1333.2672530032926
300013,0.343444636563,41.52627697,-442.51722467190564,267.38110862085233,1329.4821237764766
300147,-0.348060849653,42.1437312781,-466.9334615301751,287.90056009788225,1333.7603955353336
300010,0.348226716958,42.2094408306,-398.1752991866772,233.13551397290846,1323.0201162753751
300047,-0.35624070233,41.3268235755,-464.084728045311,285.4571108004179,1333.2350964103878
300082,-0.397633200755,42.0980471594,-540.9415892134596,354.83778098294965,1349.7925436921032
300136,-0.401895620107,42.5981241067,-226.14671838159708,176.69087863443573,1314.248730943463
300019,0.42257930911,41.4559237712,-482.4041967039911,301.3722542769529,1336.7330682832182
300011,-0.448247656942,41.1773949232,-325.88931970847136,190.3468041926562,1316.154233386138
300144,0.464663766592,41.9432695395,-289.77042606323556,178.15596934870166,1314.4465031367652
300076,0.477312372639,41.248146714,-407.5241749391201,239.96845150110906,1324.2412612170544
300113,0.494039085023,40.9225655421,-340.5964744604221,197.31199465475422,1317.1795942196084
300111,-0.498265448081,41.4391651338,-534.0291395597151,348.35483531503957,1348.1027970749349
300155,-0.498271735081,42.4025079835,-351.4179757603799,203.07787123116833,1318.055644492173
300083,0.513814205659,41.5395944221,-528.3269906375484,343.0369189374607,1346.7384259565777
300020,0.518770311069,40.8149286152,-430.48388328759467,257.65905073631365,1327.561014274008
300112,0.523215611437,40.981515866,-325.9526095806883,190.37448779497274,1316.1582373700712
300051,0.528682410889,41.235617296,-426.2835956660138,254.33420955498863,1326.9197226448387
300157,0.53147795512,40.7732811277,-504.9547691179466,321.55176778569904,1341.4267030143699
300126,-0.547902122188,42.6333827096,-241.1693850535795,174.61899278783352,1313.9717854033745
300162,0.551863990807,41.223708827,-485.27171411543515,303.90444305727334,1337.3062366951876
300014,-0.552115636536,42.5811851193,-246.37338153233057,174.24776402715975,1313.9225028373473
300059,0.573149736568,41.1899195902,-411.06140360364407,242.61302238452856,1324.7230423090143
300042,0.576806259871,41.8780226341,-282.45667268329953,176.63514357390147,1314.241238943318
300143,0.610354253647,41.7817638202,-432.5009641788321,259.2687440492687,1327.8743697484263
300018,0.631227983374,41.6149365674,-488.36100371613253,306.64403026292666,1337.931471148573
300052,-0.648280148493,42.4061675578,-256.05559484006545,174.03806436772922,1313.894709648669
300077,-0.68933734489,41.5685435535,-451.25966246773794,274.61383218177406,1330.9556029482928
300049,-0.693616038244,40.9894170896,-273.71998285708344,175.26777754697736,1314.0581623505677
300242,0.724716805109,42.7403664075,-194.98919178197772,185.48761441059162,1315.4602674705257
300073,0.727088136305,41.6972472602,-478.96257137127105,298.34711398471404,1336.0542880500411
300241,-0.75253902912,42.1846956765,-438.07989378111023,263.7633387467864,1328.7592554939163
300075,-0.776665461116,41.8768378421,-505.8810310997131,322.39292485299853,1341.628584291929
300097,-0.777174265158,41.9375237311,-551.0057088314026,364.34350676873794,1352.3225396030475
300098,-0.789325116163,41.8190158943,-591.635744113278,403.4166235553211,1363.3690008045035
300041,0.810744995227,41.8025211859,-428.8311645764503,256.34637847900854,1327.306869549464
300036,-0.839474585313,41.6731914002,-554.2082481008722,367.384140551915,1353.1449171921547
300062,0.885146125383,41.9107119519,-281.3754580399831,176.43917303178836,1314.21491468254
300080,-0.885270192102,41.6499643553,-322.3904720576701,188.84850855221316,1315.9383797793457
300159,-0.914512004521,41.6144976853,-373.24609739528046,216.1657305499963,1320.1354791301187
300009,-0.914526750522,41.6694686299,-504.0807981085745,320.758931981531,1341.2368741724285
300134,-0.93141728692,42.2069805554,-305.35347288973,182.49627366315607,1315.0418054551847
300096,-0.947740310271,41.5774309223,-359.4976046799576,207.70701743689958,1318.776806471219
300008,-0.956457198992,41.7102368563,-467.879352784388,288.7145499718388,1333.9363371463182
300054,0.977183815998,42.2531089052,-272.11146118365934,175.07024404923902,1314.0318301111865
300063,-0.9940287921,42.6063891984,-388.1486291428407,226.07840611289467,1321.7948047652637
102171,-100.017947584,37.7479231284,-413.4201762109421,244.39377884603527,1325.0503308676766
102323,-100.180657326,33.0102132144,-496.3912996729789,313.81918341226344,1339.5941699154391
301459,10.0187117201,48.4105934837,-546.5870309457016,360.16054094402983,1351.201567290014
102224,-100.194220496,34.5683416663,-411.2592355146237,242.76185168721688,1324.7503073517291
102225,-100.222925096,34.9562559834,-422.0748802174256,251.0406557616845,1326.292377660051
102324,-100.235424988,33.3354223653,-542.5637057208248,356.3646524467923,1350.1947362167493
101951,-100.368759484,44.3770907509,-398.24103279851283,233.18273212221843,1323.0284376210047
102194,-100.369857014,35.9354228095,-483.1469416839533,302.0271358220884,1336.88086640762
102010,-100.37252051,41.0189846951,-423.4777490071746,252.1341646172533,1326.4997916174486
102197,-100.519232917,36.8227629849,-391.2701769280149,228.24383768997546,1322.166899312391
104043,-100.623046957,41.0851394965,-373.6531803577004,216.42665809382046,1320.17822983397
313265,10.0688057842,50.9562196233,-465.01870380511446,286.25687036351746,1333.4065606649046
101965,-100.756678008,41.1563933674,-511.79818007101755,327.78743126009283,1342.935091613137
102008,-100.761028311,41.1187569343,-488.08246861702474,306.3965411275739,1337.874770151839
102334,-100.764591705,32.0562554455,-511.7068418246946,327.7038895282321,1342.914702952435
101945,-100.818759801,45.6562575488,-272.4473053045999,175.11008371131103,1314.037138596652
101946,-100.843487998,45.260129149,-300.00331580522817,180.84157321714503,1314.8131938787149
301375,10.089530472,47.9390890206,-468.8967259726913,289.5915178115443,1334.1264210644688
101944,-100.935426618,46.3770909634,-291.02913899138275,178.4516259466358,1314.486608146653
101623,-100.960427116,48.9967674342,-575.2103334709225,387.4974087305436,1358.7436483629945
101943,-100.973297864,46.8354673043,-256.11920003824866,174.0387607943714,1313.894801897296
102391,-101.001758837,29.6766518496,-400.1323837562102,234.54646002245505,1323.2694744846794
102333,-101.013093652,32.1979221272,-417.49960241382746,247.5051205419204,1325.6277173054148
301380,10.101711937,49.03075569,-385.52458349933954,224.28107948745156,1321.4885783880052
301397,10.102317215,48.8690742826,-340.3610111435354,197.19235289904077,1317.161677333407
102029,-101.03089702,42.3983641352,-310.90260572257455,184.38798558373736,1315.3056638749501
300239,-1.01065689748,42.6397117372,-271.73940136184405,175.02697429216232,1314.0260659225005
102223,-101.418754189,34.8389546627,-481.29669853481914,300.39709040537986,1336.5135510416317
101941,-101.431260283,47.5022316915,-400.883156553785,235.09051444926823,1323.3660151968224
102390,-101.443953398,29.802283315,-372.8002555257027,215.88062401804683,1320.088824291879
102196,-101.489320042,36.7189463133,-378.5051814084821,219.58046755821636,1320.6989217558178
101950,-101.493759808,44.6020906935,-260.57230183219656,174.15480169137336,1313.9101777313608
101942,-101.62129171,47.2854243476,-330.2449130843001,192.2993221195252,1316.438031006976
102384,-101.756258492,29.7770883199,-548.2165967376485,361.70148894846204,1351.613120423677
304008,10.1965314968,51.1228334521,-423.40683506601073,252.07878414194226,1326.489266299722
102170,-102.01048068,38.0308437008,-390.58062813598025,227.76297717633463,1322.083973870844
102007,-102.252092838,40.9812568119,-274.30968324841825,175.3444461730533,1314.0683905328633
101949,-102.564645499,44.3687572462,-243.46724727901722,174.43287167609563,1313.9470639698784
101964,-102.635426329,41.4937568574,-379.5564875342216,220.27427933766432,1320.8144526509473
101939,-102.768997299,47.7894401763,-282.1047174559778,176.57052866659123,1314.2325562043782
301340,10.2774166655,48.5773252515,-436.6313827766002,262.59048566776875,1328.526937384835
102193,-103.043704761,35.3938102936,-470.1540674329859,290.6774126961541,1334.3625513501286
101940,-103.251991799,47.5895909077,-234.24205152391298,175.39127280155634,1314.0746397251735
102005,-103.527093074,40.3562566352,-466.6270869270761,287.63719152178237,1333.703570565976
101947,-103.827093639,44.0145904349,-168.93917665187163,196.99140085575996,1317.131607776918
102003,-103.918558176,40.3189248751,-500.05468202219595,317.11722255853704,1340.3706177908912
301489,10.3980964645,48.8399104622,-315.01445860845615,185.90182050739554,1315.5187368722113
102389,-104.001812299,30.6143737422,-292.01253536490935,178.6894616411683,1314.518917283241
102388,-104.039592477,32.0770886432,-558.9768648118987,371.9251491629679,1354.3848702543123
313460,10.4145713649,53.8145929048,-506.7823632281572,323.21230998903746,1341.8257180134626
313268,10.4146886429,50.5766381389,-435.98610441127136,262.0693197876033,1328.4240243867287
101938,-104.156261024,47.677090838,-421.74599151888407,250.7849264657558,1326.2439969840877
102192,-104.377082418,35.6562662694,-188.02981557116266,188.21884835324465,1315.8481656594413
102387,-104.385426059,34.6020890471,-293.893178973171,179.16093221546876,1314.5830897384196
101912,-104.472927859,48.1229241899,-437.50150562504723,263.29453347788115,1328.6662754631916
102001,-104.564593328,40.4145899051,-411.905139206476,243.24843730513004,1324.8395610206098
102000,-104.589593337,40.4437565735,-343.79490030008816,198.96218561263538,1317.4278012466762
103917,-104.594136472,40.4766050332,-418.8858697190369,248.57130523197785,1325.8271961227165
101998,-104.63920595,40.4152104071,-465.2615123912968,286.46500170242905,1333.4512579746838
103928,-104.648541277,40.5526015865,-368.1039003470445,212.92028761602205,1319.6079376361695
103929,-104.656277006,40.5522029004,-369.53554831465954,213.81433266903602,1319.7524877978447
102386,-104.7605826,35.060083714,-241.5531949021565,174.58546776791638,1313.967330548837
103894,-104.781201916,40.3398099909,-383.0907829745317,222.63330005909134,1321.209917647115
101993,-104.784979359,40.3479443965,-314.18278704555695,185.5880627912653,1315.4744350402668
103623,-104.852180655,39.6018993478,-259.42947338722496,174.11237216274753,1313.9045544993114
101971,-104.864617579,39.6563259203,-279.1272482813729,176.0557544337238,1314.1634939622704
101981,-104.868760009,39.9229231494,-374.40851111167757,216.9123281044893,1320.2579362676083
101999,-104.868760126,40.8979232831,-265.4033372571786,174.430455657923,1313.946743233882
101989,-104.881260051,40.2577383991,-305.63655021247394,182.58849390223253,1315.0546065846013
103699,-104.947883704,39.8106580281,-337.1273668656882,195.57530938022552,1316.920560183136
103704,-104.948201056,39.8225577451,-470.1368247420426,290.66250573839267,1334.3593040991677
101980,-104.958878425,39.8283258586,-426.8283537100184,254.7633217384341,1327.0020385429311
101948,-104.968760626,44.293757044,-358.483950536206,207.11178522822635,1318.6831885537622
101973,-105.002093351,39.7395897812,-302.37970760320854,181.55573402296076,1314.911611003002
101974,-105.002093353,39.7562564506,-310.1702414408993,184.12827408277582,1315.269280987964
103926,-105.010486451,40.5607716882,-347.58180300118244,200.9751582450857,1317.733309294992
102169,-105.01556621,38.3895895885,-234.93986410400652,175.29918781084464,1314.0623521892087
103669,-105.017770119,39.7397155792,-357.36713901569215,206.46070393193403,1318.581086798216
101968,-105.018625731,39.6188952852,-313.110615629115,185.18921032212293,1315.4182239172553
101997,-105.018908236,40.5563823418,-308.4840766942608,183.5418714812667,1315.187316993568
101996,-105.027026468,40.5689408458,-315.373577312212,186.0384776379711,1315.5380554570622
101992,-105.029870927,40.3854036056,-301.8492177137722,181.39340860368904,1314.8892078341657
103702,-105.031461259,39.8229480471,-236.70222945540183,175.0808327079233,1314.0332408944585
103667,-105.034732247,39.7358397789,-243.66181594526253,174.41872263055365,1313.945185690015
103644,-105.036121131,39.6852842157,-345.0313424345842,199.61246018716508,1317.5261646190816
103821,-105.03976113,40.1564567137,-339.49816478644925,196.75611423507942,1317.0964386417504
103933,-105.043895871,40.5648744845,-273.929264681176,175.29472614094078,1314.0617569987805
101967,-105.052069125,39.5601887464,-348.9318451268476,201.7079605263715,1317.8452722279665
101991,-105.060300871,40.3810015823,-318.2042397368694,187.1402571805535,1315.6943171008602
103716,-105.063756705,39.8854549663,-247.86216895684743,174.17474357070748,1313.9128211155473
103619,-105.064518601,39.5981323605,-239.9565855155705,174.73134179073944,1313.986720632247
101995,-105.069710289,40.5891556375,-325.81688519842646,190.31514578729815,1316.1496552102024
103923,-105.072645848,40.5142164663,-302.00953107650423,181.4422879215983,1314.8959517924293
103640,-105.094572811,39.665014459,-247.37397929564267,174.19705763820906,1313.9157792962621
103688,-105.122561414,39.7770682913,-209.427780814428,180.6875935938935,1314.7920241135653
103810,-105.122820558,40.135484434,-313.15032212025403,185.20386768256438,1315.4202875121225
103683,-105.130843384,39.7647286653,-206.23843952992905,181.6437561134591,1314.9237674971505
103700,-105.1313219,39.8234787672,-215.45437957299256,179.0476611805495,1314.567657128426
103725,-105.148898964,39.9316731311,-253.2599802641449,174.0342090244941,1313.8941989767195
103813,-105.151398989,40.1486176051,-280.4710333670105,176.2810129891951,1314.1936903418732
103800,-105.160332804,40.1021619892,-307.4860884913239,183.20243166429404,1315.1399891880728
103737,-105.167787859,39.9519509108,-181.0794702576953,191.20231350111337,1316.278232320991
101911,-105.172928047,48.172924131,-519.8089204961971,335.14619379813973,1344.7501743488544
103773,-105.211131312,40.0356614907,-325.94464013824467,190.37100075624815,1316.157732995111
101994,-105.222926846,40.6645898927,-116.07220875768074,229.3377337867886,1322.3561760480247
103751,-105.231100203,40.002536768,-139.83333315074833,213.5229323069102,1319.7053090803402
101979,-105.235197562,39.7520897672,-111.20092592754459,232.79634438282662,1322.9603917547577
103988,-105.247612894,40.7019953428,-83.38077670206536,253.7359782935151,1326.8051879889758
101986,-105.259998817,40.2180474378,-316.03428789590293,186.2917460615068,1315.573895622948
101935,-105.314594412,46.4479239323,-251.3051485719991,174.06259404631152,1313.8979590668469
101934,-105.352094156,44.9312570888,-261.8161455651806,174.21089671771418,1313.9176141330493
103804,-105.364703751,40.1102451549,-114.92416299943936,230.14670843782844,1322.4967174245314
103670,-105.3977815,39.7479841249,-109.81355406836876,233.79365259425848,1323.1362485349946
101978,-105.435147311,39.7483204449,-119.56273369932404,226.9019756083494,1321.935916271612
101977,-105.497868426,39.7441539326,-110.90072547752797,233.01168856740296,1322.9983020408329
101990,-105.513034654,40.377353138,-206.48474211941897,181.56776853621642,1314.9132727161575
101985,-105.528343115,40.2188801729,-124.45969089789,223.5470847329124,1321.3642038766143
103902,-105.585496873,40.3565654343,-117.89253769044944,228.0629519682177,1322.1356852662107
102383,-105.606259441,31.0812550748,-502.43182172880597,319.2652675007775,1340.8804462837982
101976,-105.626122503,39.7658273164,-106.86706299059263,235.92927479698736,1323.5152749024571
102365,-105.652402359,36.6852170405,-190.06583355046146,187.39276597217278,1315.7302569039734
102385,-105.656259776,35.7770891624,-121.26360449683003,225.728337102924,1321.7349743292511
102366,-105.668628824,36.377178688,-290.08046547555983,178.22787808723203,1314.4562513531487
102362,-105.735174166,37.3226702872,-376.03379129268353,217.96403801211991,1320.4311349178506
102398,-105.751500431,39.8442153079,-109.32587923224274,234.1454821684525,1323.1984609323697
102364,-105.752093248,37.0812560193,-190.66680741796068,187.15316600418052,1315.696153273727
102367,-105.756259845,36.3187559052,-209.9606336949841,180.53375078678846,1314.770890827387
102399,-105.786129271,39.9277710858,-191.89744326358925,186.66860303123738,1315.6273133192121
101932,-105.802170063,46.3438327617,-286.5056993690492,177.43531748414128,1314.349022172038
103386,-105.818872414,37.3645397477,-349.169793908962,201.8379337841106,1317.8651720521843
102400,-105.826648719,39.9897739309,-239.0861426503244,174.8179742251919,1313.998243646503
103648,-105.827082693,39.6934534954,-97.15175015786804,243.13283858434747,1324.8183412800327
103620,-105.857243467,39.5991598966,-112.85926255160346,231.61132303486062,1322.7523824026373
102397,-105.860426954,40.3270898018,-121.39023580883602,225.64131197726655,1321.7201147991645
103621,-105.885939218,39.6020229008,-106.76712596909468,236.00212196535034,1323.5282625490256
102368,-105.910624507,36.2106890972,-214.09351746730707,179.39866728721344,1314.6155110975692
103593,-105.959948295,39.4772865635,-106.09051309797978,236.49602985998501,1323.6164219038042
103796,-105.96881836,40.0977422438,-229.19216116099423,176.15224424180965,1314.176423980175
103599,-105.977248717,39.4855489202,-106.75810289330595,236.00870048273555,1323.529435599165
103622,-105.996703881,39.6016660728,-120.39010662265581,226.32997005155863,1321.8378552369554
103598,-106.02275523,39.4812748468,-114.63145341758491,230.35357926834058,1322.532733687764
102403,-106.031202606,39.4564508488,-157.2125824177673,203.22989991165647,1318.0790766915302
102401,-106.031256526,39.797900568,-110.73819164571327,233.12838464407028,1323.0188600018703
103607,-106.035405744,39.5392478556,-103.93473234804193,238.0777948527218,1323.899957170416
102404,-106.039593563,39.4895896755,-97.0900820450384,243.17932608455257,1324.8268735305878
103587,-106.043522392,39.4272436494,-102.84695523735721,238.88055974041478,1324.0445543922563
103601,-106.04367156,39.4938251609,-164.8185890753051,199.1141305972064,1317.4507570294138
103594,-106.04784479,39.4804884848,-150.30257373407886,207.18030516681603,1318.6939520005806
103604,-106.047945675,39.5149741126,-173.38723703597495,194.78801157600392,1316.8038690889498
102405,-106.051678542,39.5686101231,-175.75634304883408,193.6528063457073,1316.636422707295
102407,-106.064651566,39.6228890346,-270.2658495674404,174.8645582837583,1314.0044421301125
102406,-106.110586747,39.5775830478,-125.22728382662906,223.02799072384815,1321.2764831178263
102369,-106.110671147,36.0731670909,-226.2161053912019,176.67794388042068,1314.2469920253602
103660,-106.114383034,39.7151136752,-134.8995633076088,216.65198613933833,1320.2151882522844
102370,-106.139593227,35.881255817,-323.06706394236494,189.1332869061712,1315.979278108066
102402,-106.180969095,40.0020890899,-220.12905870958195,177.9290429989414,1314.4157654777327
102408,-106.222813576,39.8319364219,-139.87822034167016,213.49486358308968,1319.700767966078
102372,-106.228139533,35.5479224284,-202.11343250154582,182.96910078996908,1315.1075058860338
103617,-106.239604361,39.5896129278,-107.48699942146254,235.47798457446214,1323.4349025974589
102371,-106.268561237,35.7768904503,-151.5025704311926,206.48036753791877,1318.5841658280629
102411,-106.277472953,39.6271603119,-102.6513794087018,239.02521782142603,1324.0706608593343
102361,-106.289593475,38.1645894749,-168.43967394501112,197.24459579008223,1317.1694996325596
102373,-106.323193072,35.6186039192,-502.31019113305103,319.15520915910116,1340.8542455193572
101908,-106.356261647,48.0437573413,-409.4852193592699,241.4307254489147,1324.5070235316548
101910,-106.364594999,48.1312573485,-386.62758508347724,225.0339806654558,1321.6165679379308
102168,-106.38973204,39.1727845093,-109.7869496935521,233.81282922485693,1323.1396371147023
313461,10.6396724195,53.8484403236,-529.9005299679544,344.50164300994516,1347.1122604409948
102409,-106.402277819,39.5524428757,-131.0153585370952,219.17500621994915,1320.6315699487914
102410,-106.410839686,39.5689632761,-110.39248965157377,233.37683634998604,1323.0626621360846
102423,-106.423086416,38.3977789502,-175.28233249766603,193.8777710167104,1316.6695296422342
102412,-106.443760335,39.6104229975,-111.1627313184243,232.8237287197848,1322.965210747765
102360,-106.468760133,37.6812560609,-326.7097317527248,190.70724612798048,1316.206410073896
102375,-106.535254648,35.3897254313,-276.1502352453812,175.59836559242558,1314.1022967001563
102382,-106.539593022,31.8020884895,-392.7776290608773,229.29996923896633,1322.3496270226287
102381,-106.635519043,31.9395562678,-535.5876427045075,349.8130965090783,1348.4803530949807
102376,-106.677093267,34.9229223097,-470.3655517988677,290.8602836479749,1334.4023998770667
101928,-106.693761379,46.2645904571,-368.3967375248942,213.10255406823836,1319.637358801387
101963,-106.693852795,42.5728313426,-189.4167319803916,187.65372903148386,1315.7674498988474
102415,-106.797191856,39.2065397291,-116.5197281708317,229.02342974472782,1322.3017021716084
103487,-106.799392104,38.5227774585,-215.4545491240663,179.0476181562883,1314.5676512684063
102414,-106.801636462,39.1767848046,-127.48648002202512,221.51110606220314,1321.0212830620087
101961,-106.823038182,41.0230340804,-194.50321094337164,185.669774276566,1315.485965441595
101909,-106.838393982,48.9690056739,-402.2513328425982,236.08590512436385,1323.5432047320119
102422,-106.848105372,38.6685314106,-197.87507651875654,184.4329304193003,1315.3119652831206
102377,-106.856563874,34.4102225793,-366.4593807912714,211.90255907257387,1319.4441082271733
102421,-106.872927007,38.7839384291,-130.40755588568652,219.57443008129184,1320.6979179734549
103558,-106.880648376,39.2603857586,-188.28276867080203,188.11501726058708,1315.833317678514
103518,-106.902363189,38.818996157,-223.81749766168775,177.14290463691776,1314.3095787740035
103514,-106.906152253,38.8146299287,-184.96562681833603,189.5033514463888,1316.032514949121
102424,-106.93112887,38.5227943605,-221.57362106743486,177.61093867121372,1314.3727423107814
101930,-106.985456957,44.8874970072,-321.3184439265595,188.40220536968965,1315.8744055501866
103522,-106.993196996,38.8898840319,-118.72106194921703,227.48598817130446,1322.036283544506
102379,-106.994209658,33.6813115459,-427.80052078844324,255.53068033008873,1327.1495728755867
103485,-106.995908529,38.5226299555,-230.84021594005068,175.88569232757877,1314.140721901367
103526,-107.035261467,38.9109377127,-105.41847222369327,236.98780923966817,1323.7043785989802
303001,10.7055308849,53.3687859089,-481.6170171559868,300.67897092068887,1336.576935214662
102420,-107.055891045,38.8563877661,-113.46167215381031,231.1827781927894,1322.6774123446849
101962,-107.056196326,41.8729876817,-209.37129005638764,180.70400298785808,1314.794279303698
102413,-107.077637674,39.6437562913,-142.5176209176484,211.85734450262444,1319.4368475276103
102416,-107.081363102,39.3770594352,-185.04040122027598,189.47142254854617,1316.0279176964536
102380,-107.206259919,33.1479220078,-371.4327953438965,215.01052194171294,1319.9468113297378
103595,-107.285694622,39.4778129316,-177.1528771580418,192.99637389008564,1316.5400337736091
103436,-107.301732227,37.948614783,-125.28582371146015,222.98847916388118,1321.2698142445076
101929,-107.306261271,44.8479235799,-132.9079658145941,217.93921996770766,1320.4270384212934
103446,-107.318513604,38.0271380195,-110.90645717851271,233.0075746637627,1322.997577490066
102417,-107.331383769,39.543450231,-124.55459209091043,223.48280556939068,1321.353330710246
101927,-107.464594873,46.1479237084,-376.5109315186807,218.27450783186697,1320.4824197857154
102442,-107.544200226,37.476649424,-110.10629919576465,233.58276891057378,1323.0990023901556
102425,-107.647927151,38.5312561032,-114.64908688253743,230.3411099095763,1322.5305618806206
103438,-107.664749535,37.9567125117,-105.37428115757939,237.02018897349316,1323.710176048717
103445,-107.673035471,38.0230633522,-109.95132144067654,233.69438012518762,1323.118711036916
103443,-107.697871499,37.9980323731,-100.29894275739125,240.77289494154428,1324.3872723385807
103450,-107.697995785,38.0772523957,-110.91285673033781,233.00298152133465,1322.9967685492381
300045,-1.07723877899,41.4260490298,-275.3857034899085,175.49020598678442,1314.0878481255272
102427,-107.743760468,38.1812560493,-196.82748320717587,184.8104128181035,1315.3649489323836
101907,-107.889595135,46.9937570914,-344.731907449858,199.4543552489231,1317.5022201202007
102395,-107.972913447,32.8523015884,-197.08378185531856,184.7174916686527,1315.3518966125578
102426,-107.997850935,38.7857116103,-287.55668127467806,177.6600004858713,1314.3793729234092
101925,-108.008633982,45.4770902549,-251.6980087863793,174.0548362031406,1313.896931345681
102438,-108.027182994,40.5021785323,-215.50865727280268,179.0338970253664,1314.5657824840807
102428,-108.047746462,38.6477419689,-296.8550466886038,179.94739337316474,1314.6905052428465
300164,-1.08156701634,41.4681081502,-367.95085323318585,212.82515336756302,1319.5925909536704
101921,-108.177094573,43.4270900113,-182.1542059121637,190.7247427092553,1316.2089452953153
101922,-108.181261459,44.7604234956,-244.01150406157498,174.39392613070902,1313.9418943260687
102443,-108.202093756,36.7229224856,-204.83127297855432,182.08472108367494,1314.984754986161
104185,-108.205955979,44.8601765109,-287.2636102137187,177.59664662331795,1314.3708111053525
102419,-108.26554118,39.2395894888,-217.9475168973962,178.43418812929767,1314.4842409429093
102418,-108.317874301,39.3770895032,-158.09492035059657,202.73968704288458,1318.003581518708
101920,-108.406261227,43.0020899432,-288.67151050244877,177.9059290098585,1314.4126367966626
102439,-108.422927558,40.5476230751,-166.68279892523492,198.14422953392145,1317.3045190431428
101924,-108.451907037,44.8516428752,-310.113330387614,184.10821903140385,1315.2664735743892
102429,-108.460427378,38.9812561085,-274.96888005379844,175.4328442641637,1314.080188968888
101918,-108.468897368,45.7977879225,-379.27365153605325,220.08726087713544,1320.783276163919
102456,-108.648113093,33.1647748042,-184.84043001013055,189.55687576234538,1316.0402232996814
102457,-108.672926872,32.727088539,-208.49726190461809,180.96031853454502,1314.8295315659816
101906,-108.688797062,47.6312570792,-329.2068620828691,191.82533248300865,1316.368876256238
102444,-108.731260543,36.7979224628,-425.05241778230265,253.36674630889468,1326.7346261890696
102430,-108.802621135,39.2113753135,-310.76496878789686,184.33894593133704,1315.2987900781218
101917,-108.843761733,45.4645901789,-395.0285084965445,230.8893026140493,1322.6261490895665
410207,-1.08887625195,9.68960497987,-536.2450722828515,350.42884250871344,1348.640216609267
102431,-109.027094185,39.1291717377,-282.46110286956696,176.63596196110848,1314.241348935507
102432,-109.102094196,39.0895894124,-298.37898386583026,180.37278535964685,1314.7487980189567
104156,-109.164365688,43.931357568,-118.68285494483911,227.51254945108434,1322.0408542672296
102433,-109.19376085,38.7979227003,-215.29617390387156,179.0878834961122,1314.5731361202434
102434,-109.293054528,38.8145893627,-298.1837212217906,180.3174976408711,1314.741214136592
102437,-109.422414775,40.909825292,-210.96446124285143,180.2485589982906,1314.7317609363727
102436,-109.452252557,41.5146985531,-308.8884160654379,183.6810167287549,1315.2067427216161
102483,-109.585624156,31.3522273962,-588.0481092443215,399.9265533906613,1362.3403790172367
102440,-109.63542776,40.0645894971,-269.86611128861085,174.82296798693847,1313.9989080397506
313267,10.9737393611,51.3488383458,-367.4111284338371,212.49034494742332,1319.5386341027568
313410,10.9855953501,52.5775859444,-521.2992284926954,336.52196628699556,1345.093711972352
313273,10.9859513801,51.1519125025,-527.4667113302521,342.23704402413813,1346.5349065272217
102445,-109.864594151,37.1479224398,-457.38932943725587,279.76329374246575,1332.0276125964986
101923,-109.972926084,44.5144389543,-120.39569981343989,226.32611026230046,1321.8371943550223
101913,-109.997928576,45.0020900276,-116.14088060017598,229.28946572718854,1322.3478057180546
103325,-110.106135376,31.4397651895,-350.10783199010444,202.35267478827308,1317.944105486975
103326,-110.134686082,31.5492367015,-319.8107062369807,187.78478029526272,1315.7861467215841
102441,-110.147927741,38.9854226588,-244.9401624030997,174.3320244199077,1313.9336798074087
102435,-110.164695335,42.1936558663,-326.538702473491,190.63182252827312,1316.1954839439109
102459,-110.17263302,31.626794209,-424.1783843262781,252.6819219207283,1326.6040154693665
102458,-110.218760559,33.1895885333,-435.0147289580286,261.28631898891825,1328.2697770726672
101905,-110.260429226,48.0062569622,-399.09626899614005,233.79816367196088,1323.1370456344555
313274,11.0351759752,51.1477028041,-509.6265760641939,325.80346993022454,1342.4522193405878
101915,-110.564595475,45.5979233699,-254.48312029550198,174.02945790601854,1313.8935696672534
101903,-110.66453046,47.8185388237,-384.8676730311208,223.83448248040028,1321.4128559012747
102810,-110.668761901,44.1020898752,-272.54724994504323,175.12208282098868,1314.0387376654678
102812,-110.702095134,43.4520898024,-104.98832980612471,237.30320346713088,1323.7608811902765
102811,-110.714571703,43.6520167099,-280.20069984766434,176.2347609500154,1314.187487066059
110137,-110.722233144,50.0437570918,-453.4373927338025,276.436168230898,1331.3327965989856
102460,-110.723195803,32.8518326743,-376.03464477409847,217.9645926713567,1320.431226475762
102461,-110.772580003,32.9773319307,-423.91396495731544,252.47507211509574,1326.5646317588212
101914,-110.793762104,45.1145899679,-247.93439542248677,174.1715773938065,1313.912401404957
102484,-110.852332001,40.9648982986,-317.3129424063408,186.78864757966195,1315.6443512813537
102814,-110.888257694,43.1978825264,-179.30140833278446,192.0051967619708,1316.3950986605416
102466,-110.9229274,33.6187552268,-217.90392788470416,178.44458340178394,1314.485652085762
102485,-110.960481774,41.2768199074,-251.07740978516375,174.06756404988138,1313.8986174922911
102488,-110.972849004,41.9357739169,-421.84454972398754,250.861535605324,1326.2584854545344
102489,-110.973254666,42.1266084277,-129.2383195720834,220.34626284016744,1320.8264593585045
102462,-110.97709404,33.102088483,-224.36500492076445,177.03354519180542,1314.2948437535138
104052,-111.006172182,41.3186141609,-269.3171801122759,174.76757472818608,1313.9915393069573
102487,-111.014758272,41.5061974594,-291.5489562512608,178.57659781536012,1314.5035798662561
102486,-111.018441467,41.4345554935,-389.3930451464445,226.93814363546463,1321.9421247659088
102463,-111.039593956,31.6145882639,-340.37655387306813,197.2002424879983,1317.1628585073372
102815,-111.039595147,43.0770897334,-246.15915393667584,174.25948831061947,1313.9240577218204
102490,-111.056261684,42.1979229706,-210.0541901431555,180.50691519999492,1314.767206249423
104111,-111.072754133,42.2106694917,-391.98700657147026,228.74521836338525,1322.253544188106
104085,-111.076612517,41.7768510398,-458.2225768532236,280.46804586872304,1332.1758085730705
101904,-111.085691962,48.3019899167,-448.5556486521869,272.36236334625085,1330.4928850472857
102464,-111.093760679,32.35208837,-507.2477815988169,323.6357464050338,1341.9277762029662
104073,-111.139178292,41.6691729049,-353.77841787166227,204.40263271516713,1318.2604054035703
102491,-111.168646429,42.1942116953,-248.99516183063454,174.12909082055737,1313.9067700806966
102818,-111.241400907,44.0686175994,-349.72885544192945,202.1442616399506,1317.912122528606
102502,-111.247783032,40.7350473446,-123.65601352276902,224.0925753624856,1321.456598805457
103962,-111.260322145,40.6396954757,-142.16348216210284,212.07556833393414,1319.4719045428953
110162,-111.306263056,49.1479236237,-480.0008870644727,299.2581426907251,1336.2580200547336
102492,-111.318284719,42.1221644823,-452.9586620919823,276.03487912507313,1331.2495313379413
102493,-111.347811257,42.214720134,-350.4411211055132,202.53646827292405,1317.9723370292577
102494,-111.356261778,42.4020896345,-300.7027524549177,181.04828880811564,1314.8416418239274
104007,-111.368706717,40.752305141,-165.31326025283994,198.85524225077683,1317.41165455772
102504,-111.397928239,40.8979227971,-222.9312660953123,177.3239523309673,1314.3339926609863
110154,-111.406001283,56.7190100111,-432.0405241033999,258.90056740652847,1327.8025320044078
102503,-111.406352916,40.8058098514,-171.50258658356236,195.71024040041095,1316.940605491182
102447,-111.411016453,35.8778676467,-359.0006525102301,207.41469229772113,1318.7307969312208
101901,-111.418762433,46.1479233454,-338.60059182323045,196.30597863974316,1317.0292697748225
104006,-111.472788178,40.7435424143,-261.20659641400135,174.18211641008196,1313.913798493261
313269,11.1474168285,50.2980845218,-408.0140481466544,240.33281757530247,1324.3073372135254
101902,-111.481262728,47.5270901326,-438.0865452226385,263.7687337371964,1328.7603264288177
102825,-111.506678538,42.8152841117,-325.24990959396837,190.0682709539321,1316.1139797970814
102817,-111.51053996,44.0689992874,-402.0509520955729,235.9398066488123,1323.5171523464942
110155,-111.522932882,58.3819217617,-506.9249919125988,323.34204917801355,1341.8569748525854
103814,-111.546584305,40.1524178994,-134.44392602836933,216.9452738734598,1320.2633495064251
102467,-111.573165691,33.5521596723,-269.481879667431,174.78398567633985,1313.9937221474086
104011,-111.581208927,40.7686565944,-136.6072179460118,215.55922414038096,1320.036302268198
102446,-111.581261144,36.8645889613,-265.10042444951466,174.40860336637053,1313.9438424537414
102495,-111.583567909,42.613816568,-336.877053353734,195.45217677427567,1316.9022794420614
110142,-111.591123343,50.0479236671,-448.26384216866364,272.12015151743117,1330.4433235037727
103828,-111.602720273,40.1654963865,-130.7993008403557,219.31684931353982,1320.6551179572632
104128,-111.614545392,42.6481823909,-364.97886377814956,210.99489997021294,1319.2986424639928
104129,-111.617789648,42.6561174185,-251.63261172097856,174.05605595660964,1313.8970929296804
102819,-111.618762073,43.9229231073,-357.46978046260637,206.5203341074949,1318.590424883241
102472,-111.652094227,33.8062552153,-187.73158601966696,188.3416992144269,1315.8657438572038
103889,-111.65612266,40.3138949317,-107.61785807396404,235.382856985741,1323.417979912871
102816,-111.660428698,43.6145897388,-310.39549271683893,184.2078306013799,1315.280420689353
103879,-111.664437313,40.281394927,-107.47851505104674,235.48415387850025,1323.436000311979
103865,-111.67319922,40.2482852173,-319.73622574184014,187.7545932098795,1315.7818388567696
102469,-111.692197953,34.539588647,-139.26545395465743,213.87866649738604,1319.7629121083053
102470,-111.694035088,34.1606533266,-158.7202708640268,202.3942469775685,1317.950488980338
102496,-111.697986001,42.6441533065,-278.7053493933056,175.98743790296805,1314.1543434823573
104014,-111.706424594,40.8020222951,-122.20366133418545,225.0834764539908,1321.6249965729721
102471,-111.714485016,34.0730311584,-241.43434877029142,174.59574436291726,1313.9686960287659
104118,-111.726673629,42.4068253269,-307.0096122729183,183.04238447249625,1315.1177037464258
102823,-111.727029041,43.4439851217,-237.81247572872178,174.9537539755335,1314.0163150524525
104119,-111.735206102,42.4105520412,-395.39215415601177,231.14744148700515,1322.6712365133985
104113,-111.755994662,42.2567789205,-223.45601948931684,177.21614960328967,1314.319452748878
104110,-111.776400723,42.1938951333,-232.10341398884606,175.69330579726036,1314.114986557822
102820,-111.77778987,43.8350064171,-348.402395245007,201.41963660847583,1317.8011724859655
104125,-111.793668663,42.5356087656,-305.8283197530368,182.65123207976973,1315.0633189220023
104008,-111.797485004,40.752697486,-123.58610696731284,224.14011992375086,1321.4646622416085
103985,-111.804456074,40.6944505202,-241.82197407109476,174.5625719450279,1313.9642886007052
102509,-111.806261641,40.7812560854,-115.78486515011637,229.53985136596708,1322.391244510869
104096,-111.818878409,42.0109530131,-341.5575900777387,197.80298547732625,1317.2532335347057
104108,-111.830653285,42.1683384832,-303.8339118954499,182.00920331897004,1314.9743002381076
104005,-111.831206811,40.7436099343,-120.88733022279632,225.9872149760587,1321.7792105819071
103986,-111.833622747,40.6939278192,-243.9961670757197,174.39499662662476,1313.9420364088724
103975,-111.835258026,40.6644825637,-157.0133997400911,203.34101625501654,1318.096213895449
102468,-111.835427651,34.5062553012,-278.6279870397019,175.97503588159023,1314.1526826999295
103998,-111.842957537,40.7194577753,-111.42512632021663,232.63568204635237,1322.932130063771
102506,-111.843000824,40.6143984456,-242.39017181671747,174.5157478481163,1313.958068752912
104077,-111.843373378,41.718760264,-271.0462792934585,174.94879548932857,1314.0156548675748
102498,-111.84790052,41.9229508309,-301.51251270880704,181.29124254414705,1314.8751175747052
104002,-111.847986563,40.7231162546,-120.69677747928615,226.11848106210874,1321.8016597325523
313271,11.1855485056,51.3064549513,-448.75253209162844,272.5258690400358,1330.5263655748881
103957,-111.856955409,40.6271681867,-275.985705451007,175.5747673793225,1314.0991435710616
103978,-111.865010972,40.6684021661,-157.7350491992957,202.93922899567565,1318.034290471706
103970,-111.872478256,40.6604708064,-256.2647549443038,174.04045639462132,1313.8950264979096
102507,-111.877105424,40.6645169697,-244.7389156276582,174.344951699594,1313.9353950545012
103990,-111.877224137,40.7021543769,-270.4441045208566,174.88344460957188,1314.0069556103588
102499,-111.885328997,41.7230062933,-430.78075910120396,257.8954438976742,1327.6069147820347
104034,-111.89790435,41.0313092981,-182.4812806974344,190.58056729890075,1316.1880613445273
102821,-111.90209545,43.8229230711,-453.823494640599,276.76009158099316,1331.4000933174875
104044,-111.902367642,41.0933601342,-224.2071107445793,177.06488761718074,1314.2990658981612
104087,-111.910066163,41.7984743356,-448.0930383371056,271.9784462078147,1330.4143472600977
104107,-111.910133257,42.1392964718,-296.2447700467586,179.78097872346757,1314.6677376830476
104103,-111.918748712,42.0980628654,-320.88507969336354,188.22350730308307,1315.8488320834456
102497,-111.922560747,42.0147140865,-413.2985643618069,244.3016365568279,1325.0333391346192
102508,-111.922928325,40.7336181315,-509.4687595433055,325.6594764148401,1342.4172804209138
104041,-111.930634122,41.0854091106,-225.45366338633815,176.82176313855805,1314.2663337822066
104106,-111.931122966,42.1228474214,-320.86555530619813,188.2154797805007,1315.847683823207
104051,-111.93517074,41.2396935633,-121.82516225143472,225.3427919113037,1321.6691848039266
104033,-111.935539476,41.0149825367,-185.60287559268514,189.23217499581324,1315.993493998941
104078,-111.943514191,41.719098373,-402.9626946166764,236.60543031280588,1323.6359733126787
104086,-111.951833404,41.7858596315,-465.3144568637883,286.5103965508385,1333.4610108756885
104040,-111.952618096,41.0813949962,-225.924360974013,176.7325367545909,1314.2543322133683
104038,-111.964610561,41.0641162568,-227.26630613672612,176.48593631647523,1314.2211936776082
104049,-111.968067292,41.235283901,-120.53909343025072,226.22718869065537,1321.8202605107742
102500,-112.055899188,41.8354809026,-300.2966222306358,180.9279039361658,1314.8250707286613
102822,-112.056404748,43.6058107741,-478.8567286520468,298.2543267442572,1336.0335712906185
110136,-112.08602259,49.9610160989,-496.34379673253443,313.77651746021417,1339.584175445259
102828,-112.089595297,42.6229229308,-207.5355897869979,181.24759140362326,1314.869099790359
102505,-112.091121997,41.2812561188,-369.97596337628664,214.09085844305253,1319.7973162053247
102501,-112.097928477,41.5770894842,-392.57710990801297,229.1590986038892,1322.3252068484671
102824,-112.135685317,43.4103566829,-474.1726227713962,294.1631184274795,1335.1262114260485
102465,-112.16908913,33.2314138527,-456.23370666225696,278.78773353846856,1331.8230590305195
102829,-112.226873555,42.6273942412,-300.752032777425,181.06296321010385,1314.84366250909
103335,-112.256236704,33.3854441485,-456.8456612114018,279.3040673611469,1331.9312378041047
102482,-112.34792618,31.9521093109,-633.4815939635521,444.59235743273535,1376.1149750226145
102510,-112.393838404,39.4811790808,-308.72260436087925,183.62384325493693,1315.1987591256343
102830,-112.394094776,42.7564040208,-133.03456941477071,217.85698699932232,1320.4134681902929
102831,-112.468762275,42.8727030214,-164.26362057290294,199.40587746966554,1317.494882025483
110148,-112.474865225,53.9895905133,-501.67958047474144,318.5848542651768,1340.7186019299718
102826,-112.476835093,43.1313433598,-300.1471865765146,180.88385551390977,1314.819010122485
102827,-112.518762131,43.1229229472,-418.1712928801899,248.02116587659245,1325.724163963484
102832,-112.547624312,42.9437605553,-259.20908758842756,174.10519396414384,1313.903603297893
303004,11.2604084688,53.12809043,-485.7570283857209,304.33403442015606,1337.403927278645
102477,-112.727094404,33.3520884307,-481.3805582093151,300.4708740621162,1336.530136717293
102478,-112.76876107,33.2270884114,-389.2154446936629,226.81515644269555,1321.9210170755357
102511,-112.768761526,38.2520890541,-238.88100965401281,174.83911933108192,1314.0010570172167
110141,-112.847930483,50.7770902545,-463.4503161332502,284.9146205247223,1333.1190498911344
110150,-112.847931117,52.935423736,-566.6295754255584,379.2449574550914,1356.4132106216778
110135,-112.868763539,49.7020901715,-509.95545165960334,326.1036212270107,1342.5250954716876
410004,11.2895247222,3.43535075239,-658.6696607862516,469.73094711107797,1384.4411229329203
110145,-112.906264076,51.6520903109,-474.1327795693822,294.1284471199921,1335.1185728612695
313411,11.3066924527,52.3977067566,-459.0810657228036,281.1953082693157,1332.3291115886382
110144,-113.081177076,52.3103364343,-493.45408232337974,311.1859352486832,1338.9797408812772
313400,11.3189085247,52.0147403829,-329.43290370790015,191.9280890793314,1316.3838541897796
110153,-113.286125156,54.7229237929,-483.39113036369207,302.24259261550986,1336.929558722089
101576,-113.314355972,49.0018555966,-443.13515700914365,267.8878280058723,1329.5841261791593
313272,11.3362639431,50.7145553053,-423.40337003851766,252.0760784011433,1326.4887521181602
110140,-113.416683957,50.8312568619,-445.7100614957953,270.0068114124735,1330.0126835496815
102835,-113.452094969,42.0646265476,-215.7826205554316,178.96469986788753,1314.5563601431083
102836,-113.500290036,42.6727839289,-471.24966004306447,291.62546690567325,1334.569396150626
102837,-113.519456673,42.4555616829,-223.3324470793989,177.24137867229422,1314.3228547459526
313412,11.3648770165,52.3318595541,-467.03242303077207,287.9856599749406,1333.7787674667402
101575,-113.656017451,48.7984186747,-188.21994595364802,188.1407728228906,1315.8370000088496
110149,-113.672931217,52.6604236233,-512.6886176478523,328.6022991902483,1343.1342193641751
110147,-113.75209813,53.3687569909,-393.68356628709796,229.93788060713774,1322.460392273431
102698,-113.814582731,46.8269766216,-258.5848755154567,174.0866252609073,1313.901142890372
110134,-113.827097042,49.5562567254,-486.9404507073632,305.382811884945,1337.6429725411226
110143,-113.864876138,52.2684785759,-569.0249511328291,381.54402206430404,1357.0578104734157
102448,-113.922928274,36.8937554797,-269.20882563754446,174.7568758836746,1313.9901163488698
102838,-113.935266025,42.1273243378,-236.45549326704656,175.11017541161036,1314.0371508167414
300142,1.13951636343,42.4105987322,-132.46032181943838,218.23041633440175,1320.4751322184682
102839,-113.984931153,42.1649340159,-168.38729694512668,197.27121191023465,1317.1734856283842
102704,-114.010297931,48.4979843299,-410.0323999655792,241.84046475966252,1324.5817719525903
102840,-114.022532258,42.2940848456,-180.36225495894791,191.52426267120168,1316.3250371339298
102872,-114.022929247,43.9979229015,-126.46569569408466,222.19445612972808,1321.1360401293578
102454,-114.027094723,34.2645884822,-266.1588404554965,174.48761574868894,1313.9543326324383
110139,-114.052097485,51.0354234718,-469.3171840416394,289.9543893796521,1334.205234630123
102699,-114.060763606,46.83134484,-425.38085537985967,253.62451348926103,1326.7838761593987
102700,-114.131166303,46.8728194944,-394.8337528899956,230.75120846613774,1322.6020491449715
102880,-114.185179856,43.31467353,-225.48536251160257,176.81570975599422,1314.265519372098
102705,-114.186268455,48.3605706165,-451.8348488093231,275.09437238811677,1331.0548350513236
102845,-114.272459408,42.3269139813,-137.95269112449435,214.7054572955764,1319.8971526548564
102449,-114.298051936,36.6725702364,-297.10603203663555,180.01648873060574,1314.699964405868
102876,-114.319286011,43.326929653,-234.2232239416429,175.39380147622782,1314.074977233102
313401,11.4357260063,51.955897433,-535.879387060791,350.08629928523317,1348.551251210396
102841,-114.360738579,42.589682886,-360.2444264437905,208.14815236828306,1318.8463570591628
300035,-1.14396607251,41.7480041774,-408.3949859168262,240.61657957407735,1324.3588632088445
102878,-114.397790326,43.3650061412,-259.0876966026877,174.10137882225513,1313.9030977593836
102450,-114.418786197,36.5229554071,-367.01191710625824,212.24339047190188,1319.4988885910072
102479,-114.419727233,32.7604671378,-414.59253320545133,245.28387225442694,1325.2147894518914
102846,-114.426401278,42.3316727047,-166.87362203656332,198.04583457989764,1317.2897224180954
110138,-114.46668428,51.1729234352,-341.1530317970695,197.5957997137922,1317.2221377802712
102455,-114.46876137,32.8832158339,-529.2557817465786,343.9012212230703,1346.9588375865883
110088,-114.477035602,49.0021821816,-285.49394802313,177.2256121002908,1314.3207286572851
102703,-114.477097041,49.0020899476,-301.65662062955886,181.3348869503641,1314.8811358519051
102855,-114.493762437,42.5604227216,-247.51949752643483,174.1902398628915,1313.9148754228281
102856,-114.531087438,42.5935326314,-225.638584675136,176.78654032414389,1314.2615953582738
102480,-114.54002434,32.7187927953,-515.2200824162343,330.9232112383671,1343.7039227189177
102879,-114.540308317,43.3311352044,-306.59763195050726,182.90505414825938,1315.098596694131
102706,-114.584979947,47.3687408305,-244.12831008959637,174.38582461031487,1313.9408190702175
102860,-114.622877029,42.564610704,-258.5048198223477,174.08443232984976,1313.900852337611
102868,-114.68508573,41.94824099,-283.73471522695775,176.8764399077076,1314.2736911268976
102867,-114.685363507,41.9399669533,-250.28475398346438,174.08756776203862,1313.9012677683195
102512,-114.689595343,39.2020890247,-116.01848474692841,229.37550493364552,1322.3627272641418
102863,-114.706262497,42.6687560466,-355.35736540979553,205.30167035374848,1318.4001046889878
102481,-114.718761406,32.7187549123,-604.8351407856247,416.3152721920988,1367.2411879600013
102452,-114.739652747,36.01453092,-261.0960961010561,174.17716465222597,1313.9131420608378
102864,-114.806258316,42.6270291501,-251.92495306402708,174.0508253350944,1313.8964000231229
102881,-114.80626255,42.8854227255,-316.9838326961746,186.6599024882608,1315.626078865428
410001,11.4847156654,3.31858991073,-558.1653676241191,371.15126794570176,1354.172560603558
102870,-114.852219858,42.697823876,-234.9128459593626,175.30269386450686,1314.062819910086
102869,-114.864603095,42.4524020807,-281.5326428478415,176.4671968981076,1314.2186773041124
102882,-114.869469343,42.8646034728,-349.4250819785926,201.97764833024897,1317.8865772967383
102451,-114.91028175,36.1188669246,-312.7892328258409,185.07089676296113,1315.4015725330958
110146,-114.939658617,52.3764802028,-479.78319966259994,299.0670235257004,1336.2152314482937
313399,11.4975224925,51.2736876585,-456.32260972387894,278.86270730407733,1331.838755149757
410002,11.5020282958,3.5104069246,-637.5234238290486,448.61015103934824,1377.4182835324357
103087,-115.043761746,36.1437553197,-419.88530207891284,249.34271558037452,1325.9720396776436
102702,-115.085547215,47.3018809799,-259.60477916422326,174.1183139195639,1313.905341885817
102701,-115.12685177,47.2977202966,-151.516338899044,206.47237000597184,1318.5829134983426
110076,-115.164597228,49.1812565534,-274.7350419893554,175.40116141469824,1314.0759596079367
102884,-115.172862677,43.0022251762,-352.2278195499142,203.52976110477732,1318.1253445136626
102885,-115.201672802,43.0020893692,-357.2159285336498,206.37293423992494,1318.5673468506232
313402,11.5237813966,51.9310425489,-533.3082843910253,347.6810293045324,1347.9288402331013
102722,-115.352270461,47.0560349576,-148.83963900556515,208.04133298745393,1318.8295024092733
102515,-115.397928224,33.1104215957,-363.69350826584764,210.21356193198773,1319.1739088588843
104325,-115.401764485,47.3853463138,-170.56157963297426,196.1769826132839,1317.0100488231467
102516,-115.502094879,32.6645881998,-468.089338293925,288.8954320273665,1333.97549859065
110070,-115.547930727,49.52708987,-376.26930234347066,218.11718567558168,1320.456423696341
313403,11.5563971753,51.8606314961,-546.4358171306197,360.01765161825466,1351.1634873954438
104326,-115.618863306,47.4187916666,-112.78721746765368,231.66264390073448,1322.7613695496905
102713,-115.726337571,47.4646039074,-110.66011721751275,233.18446670367507,1323.0287433407377
110066,-115.797930943,50.1520898847,-196.52803627859362,184.9194424843906,1315.38027216567
102715,-115.801596103,47.5231366502,-108.42754297556561,234.79528960890948,1323.313601613928
313270,11.5807566853,51.073094977,-400.651334665446,234.9223587281339,1323.3361533730895
303015,11.5813438284,53.0354990213,-487.1889993687082,305.60330279914865,1337.6933276635727
104329,-115.859345413,47.6269737738,-123.77096876334713,224.01442579408445,1321.443348448108
104331,-115.860459474,47.701599421,-113.70179739404628,231.01224538497712,1322.6476166053087
110071,-115.868810758,49.5978718849,-301.27052967949857,181.2182324427307,1314.8650531379874
104330,-115.88490258,47.6568774163,-110.89012949229168,233.01929403132937,1322.9996415663738
102716,-115.889549784,47.4897492505,-136.43428188193013,215.66942444623595,1320.0543022295958
110069,-115.94758614,50.976705662,-153.46421081746757,205.34863247163125,1318.4074184605697
102717,-115.956003859,47.4935011578,-131.92402116319053,218.58018017286196,1320.5329815488499
104328,-115.960180112,47.6179875971,-127.91004500100267,221.22854755582833,1320.973932539002
102711,-115.964972504,47.6565978513,-131.46178954015048,218.88241768609618,1320.583042813289
110068,-115.969147248,50.9479251026,-113.0219842707305,231.49546349469412,1322.7321005451245
102710,-115.977683698,47.7071523285,-151.18653713934523,206.66414687971925,1318.6129567842934
102886,-115.989336652,42.7808754019,-181.25716593481962,191.12294894485782,1316.266706183543
110054,-115.997610531,50.8022314015,-186.94868314334536,188.66643623559716,1315.912263167927
102529,-116.010224306,40.7274036339,-154.7954940112156,204.58948743509498,1318.289391052985
110065,-116.03959786,50.8812565721,-277.19177330259976,175.7518416070607,1314.122813903696
313414,11.6065052265,53.0024078096,-575.6175176815154,387.89014648147685,1358.8557046027058
313404,11.6070630805,51.8517929334,-559.6050301107366,372.5245068864338,1354.5495813830055
110161,-116.128077362,58.4020902664,-471.1068185112418,291.501764016703,1334.5423704846335
313405,11.6180143684,51.8563214368,-556.5626453549785,369.6241758522758,1353.7548122050641
102707,-116.181404936,48.1520123213,-215.37645611588624,179.06745327062427,1314.5703530107173
110074,-116.18150873,49.0025313706,-188.50997770971082,188.02204260034878,1315.820028992378
102723,-116.188931924,47.2730103955,-145.18467607465033,210.22892941278417,1319.1763577914592
313396,11.6194166545,51.5103610361,-303.84454033220425,182.01256328838008,1314.9747653049092
102718,-116.222690321,47.4770254724,-136.14500027042618,215.85399887810902,1320.084470412998
102720,-116.239747256,47.5521979936,-154.93136092332878,204.51242060562404,1318.2774330071295
102719,-116.239805566,47.5147243275,-135.4495353288347,216.2989361382958,1320.1572974340795
102712,-116.252103198,47.56928555,-175.48098828851306,193.78335664287556,1316.6556305677177
102721,-116.310181249,47.5646999937,-189.18924020223787,187.7457221203654,1315.7805730319901
102892,-116.32709669,45.7479228383,-148.19157504615038,208.42544556639209,1318.890149539924
102696,-116.410430745,48.910423067,-393.83066701686647,230.0416862038351,1322.4784450362124
303002,11.6438429126,53.0353745473,-487.7511167295078,306.1022462167043,1337.8074021819457
110052,-116.439598099,51.4229232259,-114.17226137566152,230.67860872351852,1322.5893847738657
102697,-116.502388799,49.0014626455,-419.9978688194952,249.42974289862985,1325.9884075045195
313406,11.6549558315,51.8559416017,-557.7964529760027,370.79960398828274,1354.076218870918
104307,-116.560693699,46.964308192,-150.9011129543896,206.83046960914868,1318.6390345172692
110073,-116.581264163,49.1145897289,-460.45176210575204,282.35890422018593,1332.5751802379928
104302,-116.639351248,46.9438366933,-164.08082527364496,199.5022733065482,1317.509475202503
313413,11.6652609103,52.2482588992,-508.3763938590661,324.66348948841113,1342.1760099184778
102724,-116.65636337,47.822916695,-183.9122943062021,189.95620138618975,1316.0977998002145
102891,-116.697857582,45.2526434534,-133.87819280213014,217.31042700271516,1320.3234004886822
104298,-116.706026976,46.9273287169,-398.431639190085,233.31971757195683,1323.0525880711439
303009,11.6813518667,52.0664303491,-504.75168046442616,321.36746037122555,1341.3825348420733
102894,-116.822930262,46.4520895116,-259.69377159932174,174.12140881116818,1313.9057520234396
103380,-116.831150949,34.1692270523,-113.10999849467058,231.43282783714437,1322.7211399212579
313390,11.6841877309,51.7028102581,-484.62970504263626,303.3366034406257,1337.1773088041803
313263,11.6936310317,51.073113426,-400.86740491093855,235.07908411776637,1323.3639846933809
102888,-116.964596443,43.7770892813,-375.23778484032135,217.44781378721785,1320.3460197670668
102453,-116.97245323,33.8187535463,-352.58767719104014,203.73144225788036,1318.1565008595794
102890,-116.977096528,44.2437559859,-427.1163561293809,254.99044066239594,1327.045660489155
102725,-116.97724771,47.7023634901,-344.316455047598,199.23565242633495,1317.4691288192075
102889,-116.98126313,43.8757779264,-438.40797123645206,264.0295439573044,1328.8121237692694
102898,-117.023031655,46.7312985287,-361.66347702806775,208.99236275863638,1318.9798587868324
102899,-117.036291124,46.7310043947,-378.6228276971292,219.65792608331913,1320.7118022812997
102726,-117.044102454,47.6985175617,-365.18771577460893,211.12244425392498,1319.3190465773039
103379,-117.056588064,34.1476537945,-204.69657058203816,182.12754119479902,1314.9906849310978
102887,-117.064358249,43.7768504593,-271.45923500847886,174.99499276978042,1314.0218063975917
313407,11.7067772298,51.8480247691,-556.3771399004764,369.4475396077492,1353.7065947671651
102553,-117.068704755,34.1440296932,-154.3245756336152,204.8571912939463,1318.3309633846652
102895,-117.085739453,46.9143416859,-446.4539879067146,270.6212410897132,1330.1375554140375
102554,-117.097928604,34.1062549591,-159.69229242328953,201.8606149968962,1317.868645988977
102900,-117.135598754,46.7188917287,-353.1620116610188,204.05444506613588,1318.206462108703
103371,-117.135949415,33.9855357391,-378.50404563565996,219.57971998811144,1320.6987974644148
102727,-117.155968218,47.6810978313,-451.3633749581893,274.70043735134044,1330.97347474505
102901,-117.172726275,46.7313805227,-353.21995416392605,204.08710781866995,1318.2115186007456
110055,-117.177098265,51.4812564777,-309.6708443361555,183.95291527109256,1315.2447434719625
313382,11.7187094558,51.1278988725,-389.8191157397434,227.23358279747947,1321.992874922128
102728,-117.196331005,47.6726800326,-467.6331117498216,288.50251967954375,1333.890461790375
104286,-117.222744332,46.7605229191,-370.01202440649615,214.113531204869,1319.8009942559192
102896,-117.234080637,46.976842315,-358.7500043647089,207.2676222768097,1318.7076732309465
102513,-117.243762442,38.8895888029,-156.79725194717696,203.46178515265862,1318.114850159652
102556,-117.260540525,34.1854094287,-228.83563468812383,176.2122174669973,1314.184464136801
102517,-117.318762014,34.5729216677,-332.47668771758885,193.33643741687249,1316.5899278921065
102897,-117.318806071,46.9189109542,-311.5287361049841,184.61241863324022,1315.337145110526
102559,-117.331216299,34.2101836067,-173.92101647327783,194.52988485477786,1316.7657104798516
102708,-117.352097618,48.9979229713,-224.86791531186887,176.93477322949653,1314.2815429624154
103376,-117.360051164,34.0313361659,-419.90354911014407,249.35682072183465,1325.9746921545657
102902,-117.360430455,46.8770894888,-272.9802675771207,175.17482781306222,1314.0457680359655
102552,-117.360539517,33.2186439047,-382.8781353306594,222.49022289720884,1321.1858156515095
102729,-117.373539251,47.6814006563,-394.26306382544374,230.34718149648486,1322.5316193638885
102903,-117.380985085,46.8936722331,-422.572403150812,251.42796583649763,1326.3657422440365
102560,-117.393486354,33.9898186885,-455.00655008782354,277.754166878078,1331.607088225363
300500,11.7423137327,58.6381515729,-509.6621188580715,325.83590307031886,1342.4600909984417
103368,-117.431618056,33.9687482777,-462.1365139139129,283.79313508789227,1332.8798159312448
102909,-117.432143804,46.8101689132,-275.1994076645521,175.4644283733545,1314.0844058957105
102561,-117.446960798,33.9687549237,-420.7924302201474,250.04484993496064,1326.1042520001554
102730,-117.447704196,47.6608827936,-371.2967194173423,214.9242999351277,1319.9327690820087
110056,-117.447764957,51.3852564398,-137.47257052827788,215.00938007618,1319.946625327948
102731,-117.447874019,47.6524181689,-251.45220851027614,174.05956910708346,1313.8975583323222
110057,-117.451805525,51.3898905422,-138.71997668748838,214.22146275744817,1319.8185084699471
103360,-117.464049351,33.9607193071,-493.13459176138474,310.90011301125867,1338.9133431497007
102558,-117.468747774,34.2644731682,-158.9297997935423,202.27887621864525,1317.9327767220045
103365,-117.505823922,33.9689255757,-339.605662490683,196.81027541934688,1317.1045306673777
102732,-117.519078386,47.7397428601,-340.45204728615425,197.238579236196,1317.168598674068
102906,-117.522930558,47.206256162,-256.1915002103172,174.03958530926772,1313.8949111129537
103359,-117.526654537,33.9649311914,-414.9371331094897,245.54613080944844,1325.2633559219032
102563,-117.539455973,34.1856732717,-181.3616503892568,191.0763573505005,1316.259941855039
103356,-117.559789811,33.948066667,-431.0768546956829,258.13139638623085,1327.652770115063
313408,11.7571986649,51.8304642216,-558.6087239057617,371.57401684255933,1354.2884885379515
103354,-117.593755363,33.9310391966,-524.0701333169344,339.08536423976926,1345.737323713477
102565,-117.597682904,33.9817919828,-471.088522888825,291.4859218348856,1334.5389101940143
103374,-117.597809273,34.0114653863,-424.11299395451005,252.63075413812254,1326.594270351825
110060,-117.60209767,49.018756278,-234.46719338135142,175.36121432917108,1314.0706281189364
110064,-117.610431003,49.0062562759,-229.48391756678367,176.10377679382398,1314.1699282798033
103357,-117.614524166,33.947860708,-478.1051698968118,297.59590050788086,1335.8867392833085
104310,-117.618412569,46.9979816638,-357.10071404793547,206.3061199297881,1318.5568911936937
110159,-117.621778253,55.714589967,-474.77394606945575,294.686653016527,1335.2416574013776
102564,-117.627132804,34.177204329,-171.60793954694893,195.65824392150046,1316.9328793102325
300110,-1.17630091818,41.8317713133,-445.81845807238244,270.09627760102677,1330.0308490286327
313416,11.7640486505,52.7979823457,-506.4827465378057,322.9398392216878,1341.7601126693341
102566,-117.643497183,33.8851808958,-228.32382928024055,176.29974377169333,1314.1962029498713
313392,11.7653615196,51.8620651892,-501.3347073099107,318.2731176387974,1340.6445605026763
110152,-117.655372408,53.3812329809,-305.64209760014546,182.59030575943868,1315.054858152777
103358,-117.668684919,33.948134329,-445.2211736995771,269.6035650452923,1329.9308788350716
103369,-117.685640904,33.9731719921,-417.03918869617337,247.15200071101424,1325.5618324504337
313395,11.7686529919,51.2101631113,-452.53166699795895,275.67728095780615,1331.1754292467178
110059,-117.702098291,51.2145897347,-98.1598378940948,242.37423576885848,1324.679331143365
103370,-117.710423024,33.9898334935,-442.56415622172756,267.4195689385659,1329.4898593239375
110061,-117.714597732,49.1729229417,-243.03379445873674,174.46529718555118,1313.951369007216
110151,-117.721463808,53.3687920939,-305.64647211265753,182.59173466441294,1315.0550565514943
102893,-117.727387179,45.6193877817,-150.96104751402297,206.79551749539675,1318.6335526787127
102709,-117.772931012,48.92292292,-262.1217588942921,174.22625982054652,1313.9196511982575
102905,-117.795685729,46.9437561163,-247.0400916650796,174.213235059552,1313.9179241732754
102567,-117.79756792,33.8558538034,-309.29522975089003,183.82195289392766,1315.2264331892177
102546,-117.802125725,41.7727579104,-237.993840688855,174.93376624176972,1314.013653949389
102904,-117.805888619,46.9437732193,-311.53860147450814,184.6159724360148,1315.3376439045564
313391,11.7813522619,51.8314003497,-501.2969377922721,318.23898504126214,1340.636457729681
102733,-117.835430761,47.8354228401,-333.37657705536225,193.76152209740658,1316.652417169922
102545,-117.835560537,41.9684397276,-198.70009046369103,184.13999346387692,1315.2709216685248
102910,-117.893378628,46.8608054034,-302.92835352148575,181.72536039979687,1314.935042808705
102908,-117.922975985,46.9186988802,-363.533796590255,210.1169137945476,1319.1585111943293
410003,11.79380547,3.29845975306,-516.7940487823887,332.36941840046796,1344.060820975658
110062,-117.943704078,49.0145841636,-138.04577303912052,214.64663019183627,1319.8875846247686
300585,11.7948898301,59.5113724551,-382.88881633662595,222.49740601791638,1321.1870253217733
102911,-118.138864491,46.7604227341,-357.5333687450457,206.55729728281705,1318.5962146368677
313389,11.8149218437,51.581854561,-438.41482017975807,264.0351034568712,1328.813228430307
102514,-118.202157745,37.8314509863,-193.07598029266978,186.21225432215195,1315.562641554416
102568,-118.206113305,33.8172274602,-515.619433383001,331.28991967656214,1343.7942815301744
102569,-118.206262104,33.7979215286,-461.51721937573967,283.2654161784783,1332.767555201079
110058,-118.218764995,51.0020896621,-360.4009730636369,208.24089892708088,1318.8609980509143
102518,-118.22709574,37.0562552132,-352.5859712421663,203.7304848878594,1318.1563528908612
104323,-118.272862253,47.2976520286,-282.0402977278283,176.55878788718815,1314.2309788519244
110086,-118.3020978,49.0062561999,-149.93416182537598,207.3963425855769,1318.7279109474282
102530,-118.306262835,40.4645888722,-207.15667426816452,181.36228851935974,1314.8849150746516
110160,-118.308673675,55.1356610441,-437.958726915222,263.66507508445545,1328.739753305058
313383,11.8357329204,51.1657441706,-482.1616880845501,301.15858712863627,1336.6849123092588
102742,-118.364063462,47.3061226343,-259.41900029370595,174.11202369438834,1313.9045083219899
102574,-118.423033637,35.7555810516,-242.28060571416216,174.52461023429308,1313.9592458563266
110085,-118.465855396,49.018756183,-241.47177570625593,174.59249796324895,1313.9682646620283
102527,-118.602119047,39.4774492935,-429.92887977524356,257.2176063866975,1327.4754073914878
102570,-118.702446249,34.4022910086,-247.3906100355982,174.19627130537285,1313.915675045621
102528,-118.722929451,39.5588113623,-346.6110779536041,200.45314037616654,1317.6537943179771
110083,-118.760014551,49.0020061496,-140.77985346036462,212.93260819577654,1319.6099256321734
303012,11.8761940988,51.9148995806,-500.9372824024131,317.91404007112635,1340.5593597704806
313409,11.8761940988,51.9148995816,-501.00587964847733,317.97600603266216,1340.5740563677855
110084,-118.77709789,49.0062561479,-148.63576027176308,208.16199649830628,1318.8485420927059
110158,-118.802099824,55.0729231209,-462.7742155231301,284.3371579060183,1332.9957537666678
102548,-118.868763284,42.7895890266,-182.19462474950373,190.70689649265748,1316.2063594147219
300240,-1.18971336029,42.2647248481,-449.8867809684188,273.46914044054694,1330.7198920010126
102526,-118.993001503,39.4943576249,-439.43405846143577,264.86345004097507,1328.9780688038095
102807,-119.002257668,46.589617197,-282.5339511389047,176.6494372244707,1314.2431600984714
110034,-119.006265771,52.9854230042,-142.7169831875237,211.73470012811242,1319.4171605039235
102912,-119.018763952,46.2187559393,-440.915674197161,266.071089304425,1329.219276401579
110087,-119.018918482,49.0022443286,-141.2017954958005,212.670505687764,1319.5676580544794
300597,11.9041366331,59.6535747079,-379.3377612329017,220.12962868108576,1320.790336736746
104314,-119.052130099,47.0145462351,-298.53369246981566,180.41675317715573,1314.7548307653717
102808,-119.068713994,46.3851890921,-262.0499187273719,174.22259240261818,1313.9191649022337
102809,-119.085430661,46.3635541513,-278.01032568809967,175.8774085923891,1314.1396132249681
102519,-119.096413596,39.1520886896,-330.53100730635487,192.43089859665014,1316.4572575395712
104315,-119.114238699,47.0355221609,-294.7152818048534,179.37385717909606,1314.6121256223075
102575,-119.139829731,36.873155655,-277.1375681735066,175.74368011259196,1314.1217224037548
102747,-119.147681066,47.0062117215,-284.94951063954295,177.11545057532322,1314.305878791689
104262,-119.185583802,46.3815584478,-269.5911200506147,174.79496945707464,1313.9951832261008
102750,-119.238920193,46.9193140723,-361.33077781074087,208.79373391345607,1318.9484006265816
102525,-119.25602611,39.2937629243,-293.198604013893,178.98426822184945,1314.5590243366044
102743,-119.264390049,47.1897767206,-358.7187943582832,207.24932694790263,1318.7047977899576
300468,11.9284912421,58.3530529333,-269.46302934236894,174.7820983123711,1313.9934710965538
104294,-119.298155494,46.9017842308,-416.6996851584331,246.89193164142938,1325.5133670029627
102524,-119.310723414,39.289804197,-288.9174714467235,177.96123720837997,1314.420123911161
110037,-119.318765113,50.6895895172,-365.3469984770166,211.21982690714364,1319.3346336212728
102542,-119.322726153,39.7358830519,-378.3612504693314,219.4857659162123,1320.6831798859712
102576,-119.335415588,36.8313902746,-298.0298957999874,180.27410425928304,1314.7352634125173
102543,-119.339596251,39.7772046973,-373.98021762072096,216.63669675324368,1320.2126792960485
313417,11.9357665337,51.9648112257,-493.39625631048654,311.134194146752,1338.967716922721
102544,-119.36046151,39.8313204488,-400.83790074340345,235.0576759475404,1323.3601819670082
102752,-119.368331305,46.819029547,-290.71818304515114,178.3776692604597,1314.4765700021771
102754,-119.455571643,46.819094614,-353.5598808381742,204.27900827217763,1318.2412424949232
102744,-119.455602524,47.2615341936,-368.2483264241829,213.0101415452787,1319.622438652448
102806,-119.481612975,46.2562558944,-355.60526643655857,205.443749611357,1318.422236784661
102541,-119.485429581,39.5645886967,-325.5898419893791,190.2160878113656,1316.1353350838033
102577,-119.539355752,36.485522467,-596.5878394937699,408.2453759821971,1364.805607844846
102540,-119.551858893,39.556120724,-266.7074548823231,174.5314992287118,1313.9601608941257
102584,-119.560236008,37.731301737,-204.06983592240567,182.32816430529064,1315.0184864452785
103422,-119.560252212,37.7353400994,-207.13414739817108,181.3691341276531,1314.8858593079892
313388,11.9560607094,51.5118957253,-491.1323028592758,309.1115704359203,1338.4991681623324
110081,-119.568764729,49.1145893999,-346.55332317635845,200.42221191329125,1317.649089561447
102734,-119.573953182,47.943989038,-235.18749580401132,175.26727626023057,1314.0580954895313
102523,-119.589536741,39.2314405202,-414.1296107236835,244.9320111001369,1325.1497086199174
102755,-119.605645468,46.843466475,-332.8162143548481,193.49635802961683,1316.613421154676
110082,-119.606314824,49.4810260832,-189.2601371636109,187.71702320177184,1315.7764783555106
103424,-119.606334818,37.7359200914,-223.79849239610036,177.14673495343135,1314.3100950302999
103419,-119.639846387,37.7232773004,-223.97374767789313,177.11150097343514,1314.3053465503965
103418,-119.656202403,37.719022339,-203.26436648240247,182.58935867619644,1315.054726654248
102585,-119.666304263,37.718504016,-198.85808129475447,184.08433407980553,1315.2631304220079
102520,-119.689596195,38.8770886189,-322.45000967627976,188.8734719304759,1315.941962471357
102522,-119.694882344,39.18138309,-338.0962391348177,196.05469157110784,1316.991838350161
102735,-119.7015693,48.28152506,-329.4286744826472,191.9261641673401,1316.3835735399782
102579,-119.702095982,37.0020884407,-417.6663858672871,247.63315894715373,1325.6516290504233
110079,-119.710431411,49.0770893818,-158.1441761063366,202.71241825751366,1317.9993872190166
102803,-119.710547483,46.2570387635,-269.2795346879646,174.76384884712547,1313.991043750967
102758,-119.735918583,46.6400090992,-348.62300425835696,201.53962743726422,1317.8195178481178
102536,-119.741910876,39.5185545489,-561.1237063260087,373.97464695105145,1354.9491122385587
102757,-119.83116917,46.831255896,-200.73000145174035,183.43564770444462,1315.1724970674545
102521,-119.834447683,38.7686643209,-240.71762477675114,174.65970386986945,1313.9771962822663
102535,-119.866485194,39.5105053293,-473.7737924605481,293.81615812635204,1335.0498099209722
102740,-119.876937414,47.4688046937,-181.76870374417828,190.89537151984922,1316.2336810238505
102741,-119.896551189,46.9312558973,-228.66554059172006,176.24111878569033,1314.1883396776605
102800,-119.918124387,46.2190095193,-464.5661235729541,285.8691632415237,1333.323381136888
102534,-119.972775825,39.5227100953,-325.3949240864515,190.13125678880027,1316.1230774520989
410210,-11.9978107056,13.6684454691,-519.4886741452029,334.8508303955968,1344.6765926461705
102798,-119.981487653,46.2894534722,-286.5537504799563,177.44543803672119,1314.3503884710265
313387,11.9982744949,51.3855900028,-526.1869875925842,341.04838264342817,1346.2332856892199
102737,-119.985086838,48.0773698981,-217.1650294059946,178.62259223419898,1314.5098290428868
102531,-119.993197836,38.9240273897,-274.32092198602925,175.3459294650036,1314.0685884587
102799,-120.01889669,46.2520155451,-427.41922141834397,255.22947087563003,1327.0916106272953
102533,-120.035429655,39.4270886414,-233.4938148430495,175.49354974353133,1314.0882946725765
313394,12.0059472755,51.3893862351,-527.6600761431406,342.4167751569393,1346.5805984428755
110003,-120.060314433,56.1230423998,-373.6643808304087,216.43384541212865,1320.1794081236746
102791,-120.093353953,46.2731955348,-530.6498721094949,345.19991853451603,1347.291001955454
110080,-120.097931553,49.3520893536,-142.97582921123575,211.5756828092658,1319.3916513871463
102738,-120.10196656,47.3556350954,-169.95458842581,196.480249588685,1317.0552564992581
104251,-120.131264174,46.3395891673,-266.2905423580234,174.49796824512654,1313.9557074405407
102796,-120.143137089,46.2771035921,-458.58564473275237,280.7754727878174,1332.2405662316085
102736,-120.144320051,48.8234779448,-107.35450978844766,235.5743449465869,1323.452051338056
313386,12.0146314282,51.3561493184,-559.5660713679155,372.4873269391045,1354.539356727642
102739,-120.147793222,47.2935778702,-165.36661785611145,198.82738284442277,1317.4074496383635
102786,-120.186710724,46.3437558276,-309.03560584653235,183.7319003460732,1315.2138500634312
102790,-120.198844204,46.3146893812,-379.9007581188548,220.5022762455501,1320.8524951800498
300048,1.20209739461,41.9315420686,-375.86853869012117,217.85669068587725,1320.413419301128
313264,12.023536575,50.9352207445,-400.72480739271737,234.97563753117538,1323.3456126148894
102532,-120.235852423,39.4314832167,-207.67837470364813,181.20459127679578,1314.8631731452838
102586,-120.330850272,37.5230836178,-441.1622340789204,266.2724565997421,1329.259598926243
102795,-120.377825081,46.251885981,-290.8176917390074,178.40127069562922,1314.4797729823422
102793,-120.401337348,46.2478530997,-260.21343096960976,174.1405379657775,1313.9082871939368
102913,-120.406264062,45.5854224219,-222.53562784303068,177.40638266609952,1314.3451163239301
102794,-120.406565051,46.2562583064,-316.10281002496004,186.31814899031954,1315.577634667401
313415,12.0435834856,52.8437047805,-584.1299615022548,396.123077157403,1361.2286921933965
102595,-120.460158165,37.6645737675,-494.2947530261065,311.93858515655484,1339.1548607623272
102780,-120.464597607,46.5395891448,-544.4114638204826,358.10641458003687,1350.6554943275742
102767,-120.47275901,47.0146535612,-332.97173575116045,193.5697978164969,1316.62421625178
102768,-120.472851286,46.9729241127,-308.65091739771543,183.5991734055958,1315.1953150270542
102782,-120.473411083,46.5359661905,-432.6983081521412,259.4266755581674,1327.9052150605696
102772,-120.481089456,46.8609262974,-278.0190504427843,175.87877040412332,1314.139795483251
102771,-120.497752496,46.9268758749,-345.3049555909222,199.75727874043434,1317.5481132025798
102773,-120.497924497,46.8601458534,-290.72848647541684,178.38011016763355,1314.476901241445
102769,-120.502078448,46.9310997312,-496.59268349719986,314.0000899218249,1339.636561409403
110078,-120.506264987,49.4562559802,-227.45492802301328,176.4521999804337,1314.2166636714928
102777,-120.522777498,46.6269981531,-359.356288149595,207.6237908440129,1318.7637008646896
313385,12.0563181497,51.3113471727,-557.8083260097441,370.8109203656378,1354.0793177861872
102774,-120.606005975,46.7434994567,-249.423868091668,174.11405340698573,1313.904777290845
313384,12.0633694873,51.290659877,-525.5095025970755,340.4196947715782,1346.0741542657554
103399,-120.639906007,37.5187805485,-356.2784372450214,205.83082334339068,1318.4826081644433
103396,-120.647790635,37.5055606454,-462.25937685550036,283.89790066719365,1332.9021262632657
102792,-120.648314122,46.0191209998,-122.86129246983693,224.63397850664907,1321.5485176464845
103381,-120.653262935,37.2557802077,-438.0330106318542,263.7253141941898,1328.7517080104615
103394,-120.657790636,37.5025050891,-360.6340213174637,208.3791464790474,1318.882833644153
102776,-120.664176272,46.6311825674,-257.28591319734494,174.0563390139984,1313.8971304272075
102547,-120.673042515,40.4184388354,-201.18678042183353,183.28039003471062,1315.1508512582009
103390,-120.71021254,37.4138315288,-595.2038396567169,406.89454762888374,1364.4021522571738
102596,-120.754940486,37.6354921181,-615.1591971218331,426.46392375168864,1370.365476234563
103387,-120.801957313,37.3855283034,-561.6416343676531,374.46955820067484,1355.085794410414
102580,-120.850363933,37.2938233549,-613.2190760795163,424.5529579206781,1369.7719789341188
102581,-120.855959278,37.2479769641,-437.56883807756026,263.3490757585749,1328.677084884356
102914,-120.902097487,45.6187557077,-298.83203848617745,180.50194838512007,1314.766524355073
313246,12.0944687388,50.4274510085,-290.3089017736129,178.2812436391019,1314.4634882823484
102766,-120.946643299,47.193873816,-353.16346681617233,204.0552651805984,1318.2065890602348
103423,-120.952829038,37.7394574947,-564.0293684614071,376.75350101994815,1355.7187247820552
102781,-120.956347835,46.493385387,-183.23470135262818,190.25053441937422,1316.1403139638082
103382,-120.960368146,37.2769312325,-492.66998064925866,310.4846771784542,1338.8169385530286
102587,-120.960429556,37.3479217203,-492.5854231171804,310.409096709967,1338.799412725518
103408,-120.984390808,37.6363245602,-513.656383947119,329.48882708055265,1343.3513864081924
313248,12.0984683732,50.4777933887,-353.7179090896776,204.3683836697026,1318.2550953581256
102597,-120.989089841,37.6270884094,-508.4360064833428,324.7178108903078,1342.1891509408383
102589,-121.014499195,37.4147918659,-396.03747933554837,231.60646378648394,1322.7515315665198
300044,-1.210410747,42.6190666035,-265.4203209736318,174.43169893526417,1313.946908283336
102603,-121.047424071,38.4980014735,-484.13227383006506,302.89699714264526,1337.0776533440107
110089,-121.060270867,49.0210058942,-266.0096589510274,174.4760284185524,1313.9527939338634
102592,-121.081603983,37.4982948788,-549.5756516290379,362.9881521859274,1351.9580092670217
102600,-121.110674157,37.731010543,-523.087888141401,338.17587396864235,1345.508447364174
102588,-121.126899962,37.3145006566,-316.42828915039775,186.44391213373837,1315.5954517121238
102594,-121.151826704,37.5191300765,-308.74454292425247,183.63139889199027,1315.1998140407882
102687,-121.164774392,48.7313824702,-131.78024150474775,218.67411558191242,1320.5485333827855
300372,12.1192825839,57.3978567173,-425.9150284126146,254.0442456755278,1326.8641750212198
102915,-121.210430901,45.7604223524,-250.88408857490614,174.07205524101946,1313.8992125006114
103405,-121.210472833,37.6182973257,-473.5995498195215,293.6646460786557,1335.0164735127416
102601,-121.264596307,37.6770883946,-537.8326869129727,351.91725389103846,1349.0277290627143
102602,-121.302174026,38.1563327592,-504.1743911783089,320.8437973879498,1341.25717240066
300432,12.1332185321,57.9647678462,-466.6429229538827,287.65080122624676,1333.7065058100286
110038,-121.339598735,50.4229226002,-252.3161426280717,174.0447208158412,1313.8955913761788
102655,-121.377040129,47.1769098546,-111.68208818871265,232.45171606296807,1322.899792310254
102620,-121.381263106,38.6437551365,-413.9573598055735,244.80121673991934,1325.1255396796332
102656,-121.401945511,47.206383769,-112.90713564539587,231.57722908660813,1322.7464130457226
102619,-121.42292977,38.5687329863,-574.2857003691433,386.60595449935835,1358.4896849988424
110042,-121.452098466,49.3854225353,-116.89183359871478,228.76253864511838,1322.256540646048
313393,12.1488441723,51.0562662526,-435.8829583251864,261.9860883051321,1328.407607121895
103801,-121.497486587,40.1023869892,-171.49036374670027,195.71627630939054,1316.9415024997534
102621,-121.502096436,38.455658983,-524.0866020245986,339.10062057266066,1345.7411679318793
102615,-121.52291321,39.1773820357,-526.7923520215506,341.61049002386613,1346.3757971265827
313398,12.1525972727,51.3690574704,-526.6476860302852,341.4761317607574,1346.3417132200073
103838,-121.531064128,40.1894996544,-154.09922738041496,204.98561764771028,1318.3509258298066
103531,-121.539938183,38.9733827668,-469.73288378134777,290.31340588934876,1334.28330343783
102571,-121.547929564,36.5562549408,-285.6815445528132,177.26400583252956,1314.325906294816
102616,-121.577096533,39.1437551639,-523.4392339239251,338.5010948174091,1345.5902241717122
103792,-121.585085978,40.0853707528,-211.17899990563404,180.1883941177184,1314.7235137353468
102573,-121.596951514,36.9017832694,-293.37564753749615,179.02901737153064,1314.5651179210981
102618,-121.598066506,38.7730584812,-519.718933071362,335.0631886201426,1344.7294897347167
313250,12.1603771953,50.602470173,-363.6536170917795,210.18941305026857,1319.1700608914346
102617,-121.606263173,38.8895884739,-519.2523271961626,334.63290926311316,1344.6223425764535
102614,-121.635440527,38.7770777656,-544.6165056223956,358.2998566388962,1350.7067955190528
102572,-121.672929591,36.631254939,-366.5117033529273,211.93478574197792,1319.4492842096631
103665,-121.702024678,39.7309091095,-513.3547918229172,329.21245243382447,1343.2836256842363
313251,12.1722878623,50.6231291657,-321.5911960548993,188.5151831928018,1315.8905860625762
313249,12.1733563214,50.5361445225,-373.9634552000372,216.62592210672207,1320.2109113026152
102613,-121.77266285,38.8146973617,-443.62498311609784,268.2899953514844,1329.6652141797174
102609,-121.777312596,39.7694105347,-353.6796535891489,204.34673818571292,1318.251739843735
102663,-121.847564901,47.3894605762,-326.0645670613302,190.4235092439637,1316.165328925922
110033,-121.847933361,54.0812560238,-451.2702437876029,274.6226672792528,1330.9574259071794
313244,12.1855266744,50.3984339881,-321.9872147987877,188.67991707264758,1315.914196025119
102610,-121.863324612,39.7271106752,-383.0368019512372,222.59696593502383,1321.2037955733297
300392,12.1891918257,57.6108735749,-351.5264328160912,203.13823002757056,1318.0649455518603
300435,12.1924612,57.9861648199,-420.20538761586204,249.59025480802654,1326.0186105364548
102682,-121.939787693,47.7437591415,-328.9415792963417,191.70506299737056,1316.3513555934528
102608,-121.948331503,40.0140526599,-380.0226573035226,220.58309887004972,1320.8659900614477
104182,-121.99751066,44.777233838,-249.76870499269185,174.10284937881164,1313.9032926192535
102612,-121.999380915,39.2145884708,-520.1715370721078,335.48075132000037,1344.8335936836672
104175,-122.001868085,44.5022894313,-299.0216012877925,180.55635714636108,1314.7739951413166
104194,-122.00259398,45.018739029,-358.60714861470177,207.18391174730283,1318.694518636067
102917,-122.026691494,45.4811631943,-198.29051822294832,184.28494025498733,1315.2912222769066
102916,-122.027482215,45.6143012913,-338.18636446615585,196.09950805838767,1316.998510726051
102685,-122.031041729,48.0020924759,-358.3763661486175,207.04884907418847,1318.6733052946968
102683,-122.043571078,47.8315645777,-332.07759801827234,193.14918171255823,1316.5624431032982
104201,-122.043591859,45.0769700498,-230.36563500573234,175.96064748992868,1314.150756062245
102671,-122.047912319,47.5479980393,-392.42756410835943,229.05411499415442,1322.3070172201496
102657,-122.056009041,47.2767040818,-302.04864280351643,181.45423607403166,1314.8976005693771
102684,-122.056370284,48.0185764952,-445.47251331722805,269.8108223526397,1329.9729095182736
104195,-122.064423249,45.0273212937,-231.74125272683816,175.74740330164732,1314.1222203285226
103731,-122.064721629,39.9407187689,-488.8134197168936,307.04622149873387,1338.0237076862816
102604,-122.118328745,41.0939581453,-206.1015112897623,181.68615477266323,1314.9296251244668
104164,-122.155933717,44.160710763,-225.43099110257333,176.82609665589672,1314.2669168218665
102659,-122.164245759,47.314842475,-406.4200375936644,239.1494491355296,1324.0930931077776
102665,-122.18180369,47.568438625,-322.04700130772574,188.7048583923391,1315.9177724215017
103517,-122.185184876,38.8273070337,-362.5789588279587,209.54113061874853,1319.066922341273
102607,-122.185541708,40.2894769487,-469.7662733333241,290.3422533937174,1334.2895803758777
313261,12.2189422541,51.3773291901,-526.1295652349199,340.9950803712553,1346.219783330825
102674,-122.210564575,47.8187940677,-428.86340510012985,256.3719310895821,1327.31180483129
102670,-122.214723781,47.7066329454,-307.53509589804776,183.21896708060436,1315.142292716639
102673,-122.223245761,47.8313433277,-416.6550579780669,246.8577660690757,1325.5070037017945
110044,-122.231275987,49.0020782686,-505.71618609819404,322.24315951484704,1341.5926036051353
102622,-122.235790482,38.8899489709,-221.0447371630377,177.72588192552854,1314.3882795049954
102606,-122.238288433,40.3850817646,-468.50324739877783,289.2521632294229,1334.0528003519182
102675,-122.239683102,47.7649534032,-407.47226966451836,239.92988038380042,1324.2342722097474
102921,-122.252650596,44.2140356514,-210.5902739624241,180.3541589822509,1314.7462427617313
102661,-122.260330733,47.4811549548,-413.42512889627596,244.39753213105718,1325.051023132938
102680,-122.277098176,47.6979223537,-369.49227274655766,213.78719874133802,1319.7480920765004
102690,-122.289598463,48.8395890792,-427.3306310007537,255.15953253921737,1327.07816169189
102624,-122.306530764,38.3687270538,-444.13028830602343,268.7053310303899,1329.7490797583002
102651,-122.314618556,47.1767321476,-465.3716622708193,286.55944947194655,1333.4715513559183
102611,-122.322842917,39.8191128588,-507.04781453037424,323.45378921040606,1341.883904795219
104165,-122.331747331,44.1887429703,-149.2711210230609,207.78650233623895,1318.7893276589034
102689,-122.333172448,48.4437557204,-466.77827363365975,287.7671386696368,1333.7316020444312
104212,-122.33580383,45.3770129487,-370.2819828445939,214.28341138008219,1319.8285648471851
102650,-122.339781249,47.2146271447,-505.6563523947844,322.1888063547352,1341.5795493127432
104179,-122.343660846,44.5939655979,-236.20855417251397,175.139942797723,1314.0411179856906
104214,-122.359893007,45.4022701407,-353.25719384480607,204.10810754605833,1318.2147699672946
104217,-122.360471668,45.514527133,-411.434622466268,242.89387633235782,1324.7745073610274
104218,-122.381519967,45.5316974655,-410.3425010805712,242.0730062445274,1324.6242488140392
110047,-122.406209474,49.0023046866,-501.9757238491767,318.8526468085143,1340.78226068616
104213,-122.406224876,45.3976477714,-396.81124635423475,232.15840595780548,1322.8482851978015
103995,-122.426453636,40.7143456129,-265.6257932277075,174.44689227444812,1313.9489253460758
313428,12.2437061342,52.8434350494,-468.9098484399409,289.6028391300494,1334.1288785668646
103947,-122.443619215,40.6079797391,-408.9608203193094,241.03874984652424,1324.4356304182813
102605,-122.443763533,40.6020885436,-413.15851219157975,244.195566837289,1325.0137867421909
110041,-122.443766249,52.5270892243,-383.1046924301813,222.6426638941071,1321.211495552381
102648,-122.447688044,47.1231122641,-485.56774499989933,304.16644906969356,1337.3658022147722
102918,-122.451816495,43.5936130411,-215.1726396473422,179.1193978390639,1314.5774297758664
103956,-122.457359572,40.630929636,-189.49967135264416,187.62025874113982,1315.7626768091525
103955,-122.469105897,40.630867227,-193.33610231639182,186.11255142456395,1315.5485327389695
313242,12.2474926035,50.3400379173,-390.6573151736782,227.81638527626092,1322.0931758368001
313240,12.2481100476,50.2689809374,-232.83380845610196,175.5868005531662,1314.1007513590394
102926,-122.485213057,45.1647127531,-376.0099867692605,217.9485689638502,1320.4285815246824
104224,-122.493800558,45.7603154344,-373.7030929417787,216.45869024956977,1320.1834814821966
102649,-122.518507317,47.2019523187,-375.8939624549831,217.87319978360608,1320.4161432585718
110048,-122.518881928,49.0105431173,-474.5261681776411,294.4708677569586,1335.1940503729902
104225,-122.519557568,45.8559529083,-316.07905875616063,186.30899425655466,1315.5763381631577
102693,-122.527134611,48.9231926421,-536.0286265202228,350.2260810210111,1348.5875455532098
102941,-122.562811277,45.9519573752,-232.79691933999504,175.59209635765401,1314.101458981448
313241,12.2566528263,50.3065043945,-318.54845037407296,187.2771916264532,1315.713801211109
102644,-122.575979945,47.4314914096,-249.5362161883712,174.11031581654703,1313.90428200369
102695,-122.577098505,48.8198931175,-508.35280446375475,324.6419949018816,1342.170810682369
104221,-122.589534664,45.7230493973,-462.3805152411407,284.0012185031421,1332.9241359901787
110045,-122.589677913,49.152246692,-490.9829512089012,308.9783531547857,1338.4684093814608
313421,12.2605179436,51.8550826957,-565.9049911228669,378.55023472011135,1356.2191343586574
104215,-122.610411868,45.4230934235,-412.38262994937463,243.6088084391015,1324.9057746658868
313253,12.2613197997,51.1572050399,-504.2869659022854,320.9458867842225,1341.281596995055
102927,-122.627097632,44.9520888255,-205.64118246809844,181.82949998290314,1314.9494390500067
102939,-122.643728165,45.4520195679,-480.8708938196879,300.0225889232385,1336.4294272643422
102642,-122.644192521,47.7519634582,-279.80398981306564,176.16773987243866,1314.1785011046475
102940,-122.668764421,45.5163560322,-397.23844027528924,232.46385534535753,1322.9019254033617
102938,-122.67260893,45.4312358331,-340.5125186133126,197.269306436876,1317.173200249679
102937,-122.672931054,45.3520888456,-396.5901183235165,232.00049845570135,1322.8205817409964
104209,-122.698138252,45.2312898216,-412.1380081901111,243.42411818038514,1324.8718283312514
102645,-122.698416167,47.3809360975,-307.28182530818265,183.13366042370032,1315.1304109380474
102643,-122.706134072,47.5271080406,-219.79880290249753,178.00360636562317,1314.4258610028419
104222,-122.714836285,45.7526209157,-423.82737559995684,252.40736835146387,1326.551747875674
104206,-122.722606259,45.1937374055,-424.217562123587,252.71258291767577,1326.6098558954013
300379,12.2734412747,57.4894740228,-377.5689671210579,218.96571059472672,1320.5968509011932
313260,12.2743288327,51.3809692274,-520.3449560347899,335.64079468554746,1344.8735268608123
102930,-122.747921926,45.2315797566,-483.2086143723773,302.0815447371512,1336.8931594800977
102936,-122.755963081,45.4023811678,-477.7491198409737,297.2842355492077,1335.8173441380268
110035,-122.7700168,53.9270058991,-393.4558409846738,229.77730400887882,1322.432482069116
104220,-122.776976331,45.5973944719,-409.4133134628944,241.37693666389674,1324.4972199846784
102641,-122.785266715,47.6398617679,-287.3314591419637,177.61126557769794,1314.3727864856326
104202,-122.789373214,45.0893618479,-458.57767275347857,280.76872027328,1332.2391431262593
104205,-122.793779063,45.151817643,-479.27679914910146,298.622670060277,1336.1158479966562
104207,-122.806235469,45.2184669985,-433.45153807066686,260.0301967467687,1328.0232540938648
104154,-122.810362255,43.869852736,-339.2957260011137,196.65426370346302,1317.0812274216978
102646,-122.814277494,47.4100679039,-343.89594493596763,199.0150713260235,1317.4357892545643
104204,-122.818558344,45.126838809,-479.07576652192245,298.4463632210573,1336.0764543669534
102929,-122.822444539,45.1019963459,-423.086538865249,251.828785889955,1326.4417807038133
102928,-122.835497985,45.0562814981,-472.8789857554434,293.0385321429845,1334.878886459146
104191,-122.852090418,44.9690811159,-420.5444749080431,249.8527427162386,1326.0680424611407
102935,-122.856212255,45.3766571036,-401.41871480988794,235.47954774046363,1323.435180731549
300461,12.2871929678,58.2829507575,-501.4694829003243,318.3949280768979,1340.673483894937
102920,-122.873415992,43.7359618889,-327.62502622628983,191.11341414541837,1316.2653217570587
104223,-122.881088473,45.7609484344,-388.17581039495633,226.09713467505452,1321.7980082078216
102933,-122.898436188,45.5311755824,-478.53732676883476,297.9744127930563,1335.9711115414364
102934,-122.898685503,45.5190238524,-396.68943128586017,232.07140075551388,1322.833018654479
104196,-122.90195694,45.0395171577,-430.92771366958755,258.01252645820097,1327.6296637252567
104197,-122.906548925,45.0438764091,-312.41451049566194,184.93367291042887,1315.382272789943
102942,-122.914833786,46.1441837291,-441.89373965897914,266.8705502771702,1329.3795360239053
102625,-122.927133674,38.5058792941,-279.5313583617781,176.12226969007386,1314.1724065261292
313255,12.2980162277,51.1931594269,-511.9968745821515,327.9691943244446,1342.979468428211
104210,-122.984977608,45.2936338708,-433.3858490686937,259.9775183736437,1328.0129405444861
313420,12.2986511017,51.7277984161,-558.6770982538459,371.6392251666738,1354.3063810956442
104183,-122.989766781,44.8398105902,-366.77233661670914,212.09546684448426,1319.4751029291435
104192,-123.023024889,45.0020218296,-378.60736719753515,219.64774423203755,1320.7101088960126
102919,-123.052044054,43.7190103405,-313.53169366138235,185.34509387804633,1315.4401788065302
104152,-123.068706807,43.7940130327,-302.88660624840236,181.71239100646935,1314.933250488093
104208,-123.06893394,45.2188313546,-400.3995897194144,234.73991716386362,1323.3037780131938
104151,-123.085098161,43.6484600396,-335.41841721070074,194.74056182036426,1316.7968509272816
102924,-123.130652809,44.6190285069,-510.68820658233795,326.7727719669317,1342.6877912205973
104163,-123.17690937,44.0479807987,-437.89809077368443,263.61591111633567,1328.7299984525037
102640,-123.17709823,47.3104222356,-316.1603574042863,186.34034292128007,1315.5807780573243
102943,-123.183986157,46.1855434286,-374.3310453838171,216.86242742848393,1320.2497387328158
104176,-123.202058947,44.5270719393,-481.0256634553993,300.1586837268983,1336.4599865355335
104147,-123.214530832,43.4148463803,-331.70065116596766,192.97303176905731,1316.5366121699906
104219,-123.222472657,45.5940147506,-156.09871069682723,203.8534197842613,1318.175358953289
313429,12.3229373748,52.7981146967,-542.7765029367025,356.5651077349366,1350.2476573754614
313259,12.3230593468,51.3687067334,-519.89194426286,335.22278236968936,1344.7692642284662
102925,-123.235028011,44.7816135034,-559.7634439559138,372.6756984693423,1354.5911694764243
104174,-123.260516671,44.3727418696,-491.52325091296467,309.46041069202954,1338.579771989542
104177,-123.264610279,44.5523549414,-527.1146621730895,341.90990153911116,1346.4517967474287
104181,-123.277191902,44.668353213,-251.3913919859251,174.06080252126714,1313.8977217303645
104178,-123.282336078,44.5570712418,-408.0928813687969,240.3915105179883,1324.3179899567226
104169,-123.285286809,44.2475274152,-414.4749605802607,245.1944582529814,1325.198242736485
102632,-123.314813441,46.939804144,-413.7083853677379,244.61229047549284,1325.0906508030162
300358,12.3318000005,57.2521000002,-439.21336997129976,264.68392601568956,1328.9423015635305
102638,-123.326893764,47.5143843585,-191.16033812821644,186.95785559689602,1315.6683852564383
104211,-123.339493168,45.3605974993,-215.53060974828156,179.02833529290334,1314.5650250298168
102931,-123.372931223,45.6437554577,-183.15193517635734,190.28664786980093,1316.1455347154508
104170,-123.393800045,44.2648752576,-155.42961296225212,204.23045293667514,1318.233719072841
313256,12.3395853281,51.3022701859,-504.475887036583,321.1172419965001,1341.3226097033232
102947,-123.414366868,43.2231858194,-418.00595236789115,247.8940412551102,1325.7003869214511
313419,12.3482951208,51.6481600885,-561.7400381977676,374.56360935011134,1355.1117878770287
313257,12.3520107542,51.3352373866,-504.4605391919383,321.10331977708086,1341.3192767442645
500002,123.54467898,66.8054046416,-422.78319730677555,251.59223008231046,1326.3968902374902
102948,-123.556264185,43.5895886508,-352.1553989317828,203.48923864075462,1318.1190881086916
102637,-123.585431807,48.0562555613,-229.54241403905715,176.094125356353,1314.168634985219
102635,-123.6229317,47.5979222014,-198.41228587798642,184.24174803393282,1315.2851713269233
102626,-123.631232218,39.7314475005,-100.48263050479257,240.63592174744784,1324.362377534615
102631,-123.651880243,46.6519284961,-358.0001546255506,206.82912987465653,1318.6388243786098
313424,12.3684236755,53.0144479556,-547.6688306324397,361.1832888431081,1351.4745385442593
102944,-123.760431297,45.7104220882,-212.59643694163714,179.79787917590173,1314.6700489286454
102945,-123.835233058,44.3814697273,-248.095992191987,174.1646196802937,1313.9114791119969
102946,-123.881160918,44.064227562,-242.69649621735255,174.49139334990784,1313.954834287346
300412,12.3900321003,57.8106337904,-394.2754923808305,230.35597046123837,1322.5331501784874
300469,12.3909848834,58.3626763351,-533.706564674517,348.0532606497007,1348.024900527725
102629,-124.002097237,41.5145884751,-256.42596001631733,174.04249980336445,1313.8952971723807
313425,12.4020279923,52.9686229448,-536.7391946550982,350.891868995064,1348.7606028946514
300161,-1.24043890549,41.6725819382,-337.8032535030317,195.9092619695615,1316.9701967468181
102949,-124.060430751,42.5812552063,-223.7696390933559,177.1525544233231,1314.3108794089026
313426,12.4061581136,52.8851996229,-541.1594983255,355.04277498504257,1349.8464476609827
102630,-124.077097291,41.7895884868,-256.93788867590257,174.05014209972478,1313.8963095156441
102627,-124.097789875,40.4938956206,-269.03702267887655,174.74007129428134,1313.9878814927574
313418,12.4188533167,51.6100543454,-516.0845613564672,331.7172236459328,1343.8996899535546
300413,12.423140993,57.8186810501,-376.42370701564,218.21769402574262,1320.47302970557
313201,12.4271008494,50.4481349122,-242.05655990855035,174.54298050374706,1313.9616859851833
300706,12.4303999996,60.9709999999,-260.1168675383006,174.13684686184808,1313.9077979937867
102636,-124.31471178,47.5393028916,-296.0777152167171,179.7358190122422,1314.6615628479808
313266,12.4357419031,50.9057670671,-318.1173691582597,187.1057989354186,1315.6894163096226
300766,12.4360725431,61.8148744417,-404.60108663846756,237.80710188308854,1323.8513050565489
300433,12.4362000001,57.9779000003,-416.0355121181052,246.38393904854775,1325.4188415798883
300386,12.4405805525,57.5607756487,-374.4753811868248,216.95542012170642,1320.2650167727995
313202,12.4595106781,50.4523356526,-241.559320004304,174.5849406695629,1313.9672605139328
300349,12.4778081456,57.1519518719,-371.5424365186484,215.0800418761267,1319.9581374450215
313215,12.4936505409,50.7402004514,-399.11733555507806,233.81334880678799,1323.139728930448
300330,12.4980945362,56.9017514532,-518.855630267882,334.267257465289,1344.531390339125
313238,12.4989854763,51.6021942937,-543.5903668236067,357.3320933703346,1350.4504008464435
313216,12.5019053506,50.7896434555,-398.795859590318,233.58175688747906,1323.0988237257775
313213,12.5019743356,50.6856383149,-370.8673952634016,214.6526983261046,1319.888571468278
313203,12.5022861006,50.46887699,-257.8110526257137,174.06722373176075,1313.8985724064007
300617,12.5053990418,59.932677656,-280.92523393771467,176.35978298033567,1314.2042585712336
300511,12.5099512352,58.7753703152,-379.33196768060856,220.12579937082293,1320.7896985298373
313217,12.5182113079,50.8113428403,-382.59674556755266,222.3011162420114,1321.153982878733
300373,12.5191,57.4146999997,-451.2026701600613,274.5662485268526,1330.945785907151
110029,-125.297932598,50.0262160663,-385.0081010710022,223.92983789336424,1321.429011522315
313239,12.5302998819,51.6062510771,-533.4342879509395,347.79877740485887,1347.9592166524212
313454,12.5327023281,52.3892713859,-569.7391969007479,382.2302585678658,1357.2509092863972
410007,12.5359715964,3.89785788066,-672.5579118519129,483.68672567558195,1389.2382476698012
313205,12.543366408,50.4891601526,-241.28396425843974,174.60888228278287,1313.9704418159251
300467,12.5515970387,58.3338033027,-408.79408512008615,240.91426433095,1324.4129805132602
313212,12.5687683821,50.6525684422,-348.5741927877914,201.5130604416969,1317.8154551083674
313448,12.5693599831,52.0476436806,-372.39715359085733,215.6234487914841,1320.046791542871
313218,12.5775076398,50.856158928,-376.2810770598245,218.12484746872866,1320.4576893172875
313237,12.5814656691,51.5859662024,-551.8146139934432,365.1108184714354,1352.529471013026
313449,12.5940133232,52.0433316582,-418.75983410446656,248.47418733718214,1325.8089915092473
313453,12.6019111558,52.2772406066,-524.7586933162123,339.72344361559686,1345.8982421921555
313219,12.6092820024,50.8693131331,-368.5325642318167,213.1872009343297,1319.6510307032343
110092,-126.095182693,59.4105386118,-374.968925137936,217.27394402563974,1320.3173962901312
313236,12.6110575076,51.5273256015,-517.063973087756,332.61767290886667,1344.122232732278
313208,12.6232102716,50.5147984078,-233.4477374933233,175.49996762127535,1314.089151781173
313235,12.6433260143,51.460293796,-547.7118802923414,361.2240067489684,1351.485421025944
303017,12.6471869506,51.8563201168,-507.0719119490423,323.47571410629524,1341.8891898403804
313450,12.652443493,52.0683542063,-417.47250363341425,247.48432312257776,1325.6238344211133
300789,12.6550540252,62.1039128876,-302.3272543611375,181.5396097809941,1314.909384753691
300342,12.6559979673,57.0694653781,-511.2853471008865,327.3184815124879,1342.8207060265102
300334,12.6607320267,56.9774100315,-430.87292834167323,257.9688723600349,1327.6211806462725
313220,12.6700812235,50.9031825779,-381.98131896234025,221.8884089820883,1321.0846022244364
313211,12.6724824887,50.6353583607,-355.11493311108273,205.16296774211742,1318.3785129949015
313209,12.67670525,50.5564761952,-203.78383315806258,182.420476516863,1315.0312887709304
313233,12.676816704,51.4015519281,-545.7079302039009,359.3300779782488,1350.9804458739395
313451,12.6852108387,52.0979281487,-432.7155792170208,259.44050108743494,1327.9079161592472
313210,12.6944634355,50.5815845793,-242.78613939789554,174.48438407930286,1313.9539034842235
313452,12.6978760548,52.1275358762,-539.8818857033483,353.84142016392127,1349.530959562438
300378,12.7017131721,57.4746079136,-449.6157356486289,273.24352927614393,1330.673546173207
313232,12.7230224939,51.3607108457,-545.3004261106291,358.94531888012875,1350.8781596205674
313229,12.7351062169,51.2395556807,-486.9000980223303,305.3470216841027,1337.634802120985
300353,12.7444592216,57.1728777317,-399.62901425337145,234.18255121266426,1323.2050209572085
313228,12.7482509419,51.2109906384,-456.4969571341976,279.00977536259063,1331.8695562786086
313221,12.7635519242,50.9435719672,-425.0671743253181,253.378322648491,1326.7368369733529
313231,12.7650591973,51.2896503429,-368.88458265555306,213.4068904421432,1319.6865389485788
300148,-1.2768084965,41.6369109072,-339.92574891513533,196.97186296772458,1317.1286858142869
300029,-1.27689879351,42.6147841481,-273.09982997450004,175.18960835044473,1314.0477385041522
313222,12.7694023547,50.9813510034,-415.15132759074623,245.70928670730655,1325.293595309397
300028,-1.27714158853,41.9187626065,-546.5669513302375,360.1415657389994,1351.196509604296
313230,12.773150468,51.2485722855,-487.11831372772644,305.54058882231675,1337.6790017084752
313227,12.7815900267,51.1815226609,-507.68776902407154,324.0362531653392,1342.0244236076057
300329,12.7895248654,56.8773677642,-370.4367219082035,214.3809038715203,1319.8443969418004
313223,12.7901117394,51.0227415138,-366.0598466363231,211.6568118737642,1319.4046635534
313225,12.7941994067,51.1561921268,-490.9121700020811,308.9152277164354,1338.4538386171528
313200,12.8061674567,51.1560987158,-411.6394056742554,243.04812520404028,1324.8027971585404
313224,12.8111751641,51.1185893017,-415.98928154268174,246.34861826973471,1325.4122762058987
300698,12.8267858074,60.8724978228,-263.33384157480066,174.2933259461666,1313.928545874269
110009,-128.411193402,54.6354218297,-262.38806888386455,174.24015525722842,1313.921493810782
300357,12.8567271219,57.2312634705,-434.9507289381082,261.23479557174596,1328.2596427699318
313430,12.8603032532,52.0899241201,-443.5000897994065,268.18741109294217,1329.6445192842443
313422,12.869276506,51.8018242492,-560.8153098559737,373.6800415757123,1354.867828854874
313431,12.881863665,52.1098278607,-490.0915658814655,308.1838197025388,1338.2852188230809
313126,12.8978084513,51.6477752405,-497.4305111084666,314.7532199642317,1339.8132891085036
300595,12.9024877017,59.6728986815,-328.2772715719833,191.40543809891503,1316.3077535013354
300315,12.9146891427,56.6516967025,-497.50981917471546,314.82455187141335,1339.8300484221613
300835,12.9166032229,62.8055937907,-231.57589565098414,175.77238691167682,1314.1255618069847
313199,12.9279175708,51.1649853996,-389.69672475757966,227.14866038919044,1321.9782804987751
313432,12.9352113414,52.173445655,-534.7634987938341,349.0417099832007,1348.2804513534606
300390,12.9355523114,57.6191461166,-388.7225643414602,226.47434004976452,1321.8625824551018
300403,12.9392517847,57.7145444115,-437.6346197875948,263.4023703275,1328.6876491064559
300438,12.9480143505,58.0102422059,-315.08214311611334,185.92752269109826,1315.5223692084992
313433,12.9775533099,52.2308700127,-527.8053962480401,342.55187072756263,1346.6149577116864
300310,12.9808585862,56.573204635,-529.7850732629859,344.3940975285911,1347.0847614780696
300298,12.9865006587,56.4814601154,-467.50216931627244,288.38980560520224,1333.8660877955106
313434,12.9941575523,52.2309912468,-563.9981072448218,376.72357422911284,1355.710408447856
110006,-129.972935417,55.9604216253,-171.27354890959398,195.82346110601594,1316.9574359535823
300388,13.002311895,57.5941636765,-335.54233409492423,194.80062276231325,1316.8057346558298
110007,-130.031122074,56.0521774959,-112.18763880667385,232.09032052613333,1322.836337978292
110001,-130.077102127,56.0270882778,-145.4647026675224,210.05951078822633,1319.1493692021702
313198,13.0106575417,51.1481217342,-390.62226133174624,227.79197011821785,1322.0889689594396
300150,-1.30208879059,41.6275225414,-347.07331368810765,200.70119976395392,1317.691554112944
313197,13.0262153399,51.1356394031,-389.85270057801057,227.25689390748056,1321.996882001758
300319,13.0691423895,56.706347531,-381.8878645109698,221.82584491504798,1321.0740954489154
110008,-130.693614285,56.3564298501,-166.8149853087462,198.0760520988782,1317.2942657618198
300809,13.0699150926,62.4784272386,-328.1244802844087,191.33683786794165,1316.2977800327694
300725,13.0717383067,61.4471760443,-509.84023950792186,325.99845927216734,1342.499555173752
313435,13.0810885975,52.2105469641,-563.2155597486465,375.9746413428803,1355.5024865808257
300621,13.0930150105,59.9637736466,-264.33937778425565,174.3563942890361,1313.93691341075
313437,13.0934339125,51.9900720168,-461.9182710893575,283.6070962905744,1332.8402174530395
313196,13.0980917949,51.1315121198,-363.36865813544875,210.01708371617585,1319.1426138392096
300095,-1.31027876127,40.9856853333,-281.181314190749,176.40477897613965,1314.2102975701853
300441,13.1101082919,58.0387926143,-359.0370314241941,207.43605860551514,1318.7341576692725
300331,13.1103924239,56.9437474997,-284.4075609558164,177.0076619496947,1314.2913575698472
313438,13.1147993313,52.0105283585,-496.03256379740935,313.49703963851476,1339.518739718115
313447,13.1196640427,52.3649125298,-580.9687348693685,393.06071026754574,1360.340686059901
300475,13.1228901129,58.4962634461,-424.4891371693446,252.92521287499758,1326.6503772666547
300663,13.1238932,60.5356602369,-376.2846047836972,218.12714304599572,1320.4580685229284
313124,13.1311088306,51.4855268451,-556.1825746538866,369.26230260210207,1353.656052443493
313446,13.1316232177,52.3237047864,-581.284663768962,393.36650031562215,1360.4290734045842
313195,13.1414099695,51.0890414883,-360.41901243385314,208.25159256672035,1318.8626865600793
313445,13.1434951496,52.306883081,-616.5735075076549,427.8580610280613,1370.7999783267385
313439,13.1560102917,52.0600688276,-518.8404846294649,334.25330005372103,1344.5279204206572
313444,13.1560264927,52.2811500969,-593.0161266510892,404.76131972563775,1363.7674970976302
313436,13.1562446747,52.2721569052,-567.4252723563957,380.0082533237326,1356.626821490733
313194,13.1565400537,51.0722852839,-329.37807584634277,191.90314135975143,1316.3802170564684
300610,13.1572437378,59.8304470675,-501.1698212524394,318.12412034309625,1340.6091959023568
313443,13.1646302474,52.2767797865,-585.9754544935132,397.913487995605,1361.7507863492215
110005,-131.672070062,56.7356235315,-196.50687546254164,184.9271661500763,1315.3813580001017
110091,-131.76,59.9319999999,-345.1852033474396,199.69385519397,1317.5384988667788
110004,-131.764391158,56.8291644892,-425.34368600786064,253.59533018670763,1326.7782978653215
300109,-1.31869500896,41.8853857848,-534.0904251754679,348.41214094921526,1348.1176062030756
313442,13.1935958418,52.2563442289,-618.3618224291258,429.62215717699996,1371.351617248951
313440,13.1981154372,52.1186842315,-561.5704743315589,374.4015498286343,1355.0670022947124
313441,13.2061894368,52.2151733914,-616.037074256728,427.3291726747834,1370.634992261911
102951,-132.128270883,56.7064317341,-189.4509891369172,187.63990005819983,1315.7654776926418
313193,13.2144182545,51.0696061767,-328.77315400939017,191.6288880299087,1316.340264111629
300833,13.2212000001,62.7756000002,-355.2380681755782,205.23338693519804,1318.3894732994447
300259,13.2344350932,56.0861317357,-558.4696453589878,371.4413881496997,1354.252105416296
303025,13.2344958632,52.5354476809,-514.5741838527175,330.33043664419904,1343.5580588748078
300574,13.244292105,59.3956983196,-498.76487427965026,315.95432746652153,1340.0959656825762
313122,13.2482027253,51.3477561687,-483.33559951479464,302.1935889731088,1336.918481213549
300026,-1.32733368968,40.885400149,-302.44619328236394,181.5761951786566,1314.9144363225507
313192,13.2769307667,51.0648943243,-364.5188871214686,210.71457406309466,1319.2538390758946
300308,13.3021971808,56.5686326347,-421.7611683533161,250.79672198056403,1326.246227497025
110114,-133.069324779,60.7856894906,-241.41276376222783,174.59762086153484,1313.968945372912
313188,13.3108154845,50.9979109817,-321.79109813495313,188.5982343456956,1315.9024865818167
313191,13.3186673621,51.0356044579,-339.28448896628606,196.64861571992307,1317.0803841294032
300710,13.3217133664,61.0961616173,-253.6343703663644,174.03169114015125,1313.8938654682104
313190,13.3351611085,51.0187470725,-320.79468683859386,188.18635890549692,1315.8435187635357
313187,13.3359233716,50.9602819216,-323.2614139443959,189.21553093548508,1315.991100783395
300128,-1.33554514136,42.831113444,-253.18092753350174,174.03486065596255,1313.8942852898915
110133,-133.627718273,64.7497033406,-140.95176296400595,212.82574254061234,1319.5926859761908
313186,13.3727229926,50.9434270922,-322.84967468105515,189.0415266638022,1315.9660934071499
313185,13.3858875077,50.9149504519,-322.9766631620248,189.0950986823328,1315.973790217562
313184,13.389976166,50.8982228235,-322.83072143852417,189.03353817256632,1315.964945865935
313183,13.3935176193,50.8568474411,-316.7098931972853,186.55318763422875,1315.6109424941656
313120,13.4069797564,51.2109404184,-433.44691695795024,260.0264906270539,1328.0225284315457
303019,13.4069797574,51.2109404194,-433.3119333152862,259.9182530337111,1328.0013397786884
313181,13.4271679711,50.8023524786,-314.0639052268579,185.54352469228718,1315.4681523127545
300337,13.4315412165,57.0228135872,-421.92551925088407,250.92448933831437,1326.2703945815833
300578,13.4345527167,59.4380561781,-342.5091464040167,198.29324194876247,1317.3269411943434
313182,13.4567941516,50.7940633369,-316.8049963694435,186.59018949106974,1315.6161898548557
110101,-134.891440602,60.1334859256,-249.8196156679602,174.10126260170344,1313.9030823593505
300677,13.4964559338,60.6784595757,-304.39280396469803,182.1867816716915,1314.9988911059138
110102,-135.030826576,60.2796531527,-150.223825725219,207.2264379474192,1318.701200719204
300481,13.5130086812,58.5567465522,-453.8234713299126,276.76007201680346,1331.4000892506506
300678,13.5134583713,60.6809994579,-339.667627250061,196.84151978367856,1317.109199764637
110105,-135.147255287,60.8381002679,-444.61913450808345,269.1075801995606,1329.8304214879267
110107,-135.184687603,61.4378636065,-393.83224328197116,230.04279887760123,1322.4786385833743
300686,13.5214999999,60.7349000004,-364.8999158573536,210.94672975072123,1319.2909394771186
300628,13.5287666075,60.066209004,-381.30032289916846,221.43315666750107,1321.0082146094433
102952,-135.294039948,59.4718471319,-129.9976664082567,219.84448883107058,1320.742843805443
313180,13.5313540537,50.7399771324,-316.27503855936243,186.38462512155155,1315.5870509683484
313117,13.5356708921,51.1272204504,-437.2748780531487,263.11101949134684,1328.6299216755847
110112,-135.495296554,60.7210728492,-269.703970013664,174.80639896512537,1313.9967036918506
300623,13.558551054,60.004743625,-453.55635001668725,276.53594191529794,1331.3535170513037
300299,13.5653557215,56.5066881785,-411.7603106630526,243.13924287808243,1324.8195166214987
110124,-135.701730039,63.9142560554,-329.8971758957404,192.13994257867043,1316.4147590056978
300870,13.5901552046,63.5244379542,-254.74563755156382,174.02974366059215,1313.8936075164022
300787,13.5904999996,62.0502000002,-325.3057305009779,190.0925035122619,1316.1174795911852
313179,13.6275142917,50.722758035,-316.32330430713637,186.40328356142246,1315.5896945158756
300071,-1.36341382166,42.5311220962,-427.7302430691303,255.4751409294352,1327.138880383967
300267,13.6349971203,56.210095335,-424.40131544357484,252.85643514983082,1326.6372665467284
313115,13.6440163001,51.097946042,-435.8107271278594,261.9278153447853,1328.396115864988
300843,13.6486664204,62.8964394222,-286.9214839877378,177.52337289793675,1314.3609124281484
300269,13.6523346547,56.2304538917,-322.57758630915185,188.92702571315732,1315.9496499633694
110117,-136.592004025,62.8115633902,-413.44682163754595,244.4139722024554,1325.054055501766
300266,13.6653425088,56.210763473,-313.6484520646837,185.3884920780798,1315.446294300485
110126,-136.715857534,66.4492691982,-315.3093484966686,186.01398440228542,1315.5345919386186
300322,13.6769528248,56.7560947512,-499.45025604413695,316.572039599301,1340.2417380644267
300859,13.6932603801,63.3313075232,-291.935226267107,178.6705474179775,1314.5163463070876
110100,-137.016287732,60.1274352021,-210.5384391672921,180.3688538058929,1314.748258647695
300721,13.7074864323,61.3138368873,-302.4430278170804,181.57522040700002,1314.914301716939
300850,13.7268269699,63.0780858262,-245.5024502595656,174.2973351169417,1313.9290776989303
300384,13.7356999996,57.5686000004,-427.87648360545484,255.59072432212977,1327.1611351126153
300937,13.7386567529,64.645932645,-279.9129168530385,176.18604114403755,1314.1809545446558
300830,13.7769424911,62.736287678,-475.63388664241825,295.43621515378686,1335.4072852198647
110099,-137.795030224,60.4913589032,-267.9679938659673,174.63989454992264,1313.9745632858737
300856,13.7838999996,63.2912999999,-330.3963638243461,192.3689246987257,1316.4482000381322
110098,-137.982474823,60.1194985125,-115.32419301640275,229.8643906943336,1322.447616468483
110130,-138.264492792,65.3639127864,-195.98478417088427,185.1185191341025,1315.408273624694
110132,-138.313230853,65.3641283344,-162.2707849419737,200.4647656305232,1317.6555629045079
300812,13.8375318831,62.5500109836,-418.0472134305207,247.9257595385981,1325.706318321175
300800,13.8621756991,62.4331160059,-238.0702436275091,174.9254109849238,1314.0125416456797
313112,13.8644256663,51.0102661428,-417.8897740417631,247.8047536172741,1325.6836938384708
300350,13.8685669056,57.1811289213,-520.9354883515565,336.18599020782926,1345.0096952088907
300719,13.8773383324,61.2933876476,-322.35874751907954,188.83521443396606,1315.936472024473
300726,13.8876000002,61.4548999999,-239.68717261873525,174.75762044393582,1313.990215373433
300306,13.8946149708,56.5736382171,-450.1744080767397,273.70869247253125,1330.7691417105061
313110,13.9415117497,50.964771697,-358.45673722821033,207.09586127827976,1318.6806876391595
300571,13.9531747706,59.4029856022,-548.1899686512445,361.67629294726936,1351.6063780087654
110127,-139.761918674,67.5365632521,-417.2596345587528,247.32101262409915,1325.593355248624
300311,13.9895291756,56.5943295368,-314.36631976106395,185.65697498805966,1315.4841589907542
300072,1.39927619792,42.322980711,-265.3138680682396,174.4239378103264,1313.9458779855263
300724,14.0293999999,61.3877000004,-280.8686648175594,176.34990006460166,1314.2029323687761
300394,14.0721543215,57.6683009256,-392.0796321871345,228.81011532697283,1322.2647726797525
313178,14.0725420785,51.4985242692,-525.0484271971415,339.9920638236001,1345.9660707673597
300268,14.0725805205,56.2230317151,-367.28126538636036,212.40994648334757,1319.5256896168992
300421,14.0778170619,57.9150127241,-422.18808663234375,251.12873590755433,1326.3090522922705
300682,14.0798461361,60.7145124907,-391.23969227294157,228.22254917720065,1322.1632244722412
300422,14.102878003,57.9397153631,-406.4336055190008,239.1594942280869,1324.0949074267028
110002,-141.143489842,64.7923429321,-344.1264119294351,199.1358663057111,1317.4540422508942
600679,141.156675097,-34.156294747,-415.49436773436315,245.97081398094625,1325.342107353548
300364,14.1167205192,57.3732549592,-489.6111848449931,307.7560303269321,1338.1867711184736
300523,14.1168165602,58.9815419443,-476.1522150059682,295.8885022912562,1335.5074189168913
300417,14.1190152404,57.8767681439,-440.6524670489565,265.8562517408867,1329.1762888283886
300416,14.1190236474,57.8765886219,-441.46635020590713,266.5209869842184,1329.3094059311159
300430,14.1191918674,57.99836194,-424.9710727438793,253.3029405358897,1326.7224426676528
600686,141.210655642,-34.1022101175,-425.40093592979724,253.6402808521179,1326.786890297246
313170,14.1231213567,51.2519375127,-308.2599496021186,183.4651444370378,1315.1766114926152
600422,141.285568059,-37.92725186,-564.9537632278812,377.6387275719484,1355.964995402188
300437,14.1353284347,58.02266033,-384.46238666931924,223.55962748612953,1321.3663259049822
313171,14.139253114,51.2981728826,-346.3458444303301,200.31122488646258,1317.6322123450873
600421,141.406663674,-37.5855535817,-519.3501753337001,334.72312269893393,1344.6447966147864
600428,141.427377302,-37.6232453968,-528.2374139214755,342.9536015871639,1346.7172060367766
601236,141.427854512,-37.4932182321,-345.1924438363532,199.69768811945994,1317.5390798128728
601240,141.506695442,-37.6431454885,-489.13120895337005,307.32888073530813,1338.0885998796612
313172,14.1565852305,51.3280935151,-455.1486706712334,277.8737408092763,1331.6320347698293
601139,141.660500102,-38.2440416242,-513.6465183558475,329.47978497511093,1343.3491686457173
300436,14.1725730728,58.0189457967,-385.77429646810873,224.4511999687535,1321.5174616180097
600298,141.768990178,-38.1520196436,-584.9046209030323,396.8743814647247,1361.447514543584
600475,141.831236142,-37.710527715,-445.4006667004718,269.75156527757554,1329.9608893360723
601242,141.84,-37.673,-426.1701651326857,254.24493897348603,1326.902614809213
600424,141.856778552,-37.1565216092,-469.8285947940849,290.39610144065097,1334.3012987799357
300007,-1.41877730424,41.1066590263,-268.65015173954055,174.70294498804472,1313.982944783299
601499,141.902417509,-34.1103309962,-662.7039158823186,473.7783018791329,1385.8195912619253
600368,141.943600711,-38.2601960905,-518.7783721082719,334.19606273841197,1344.513692211333
600427,141.959,-37.2349999997,-414.3179587455121,245.07510993080177,1325.17616553479
601290,141.973756954,-36.4060556351,-582.6348670743191,394.6740230274262,1360.8077177347825
313176,14.1984520669,51.4774337704,-524.5655847821856,339.5444493551473,1345.853072694707
300939,14.2075330637,64.6814423619,-171.69843125702178,195.61362388888253,1316.9262507995031
601431,142.086129464,-34.1682090409,-556.0840799831623,369.1685402738601,1353.630478129769
600732,142.181482538,-36.8086770564,-483.1940290131937,302.0686767934359,1336.8902519255766
300898,14.2217961379,63.9024842245,-329.1668506571684,191.80717022520744,1316.3662297186509
601590,142.22314051,-32.5225868518,-482.6235411963147,301.56557750016714,1336.7766671089469
600841,142.227458273,-38.3185417273,-512.5788861729028,328.50183768991536,1343.1096446528652
300279,14.222964356,56.3479852204,-543.8517224097857,357.57850379388003,1350.5156224825257
600852,142.243756954,-34.3062708634,-535.4895971375192,349.7212978929902,1348.4565422711448
601497,142.268654074,-33.7436911848,-573.4742001891619,385.8240036483088,1358.2673602737807
313175,14.2311625476,51.4105324999,-419.48589088976746,249.03415672862462,1325.9140512911956
313107,14.2314606847,50.8906495059,-301.9217412242613,181.4155021069258,1314.8922558896613
601239,142.336,-37.6310000005,-382.9823076777928,222.56029580261324,1321.1976178685916
600420,142.369007909,-37.310852624,-281.48905187940716,176.45940933390034,1314.2176316487173
601500,142.377687917,-32.4354939026,-593.9611256922941,405.6824734207633,1364.0411758574896
600809,142.406849087,-37.2189948744,-413.92488976595337,244.77656943051917,1325.1209866031359
600854,142.410610963,-34.5600558404,-596.9158953050667,408.56571500845024,1364.9014629907392
600763,142.48530203,-38.31469797,-530.6236125504986,345.17544036681164,1347.284730421271
600551,142.506181955,-37.3687174948,-234.68891186563079,175.3319370490816,1314.0667214199125
600399,142.543992091,-37.1770079089,-152.4216135077888,205.9482053199419,1318.5009379854075
600836,142.585618071,-37.0275174625,-563.1603345328649,375.9218036763373,1355.4878319900793
600514,142.627510355,-38.3309792904,-589.3384662699827,401.1810115234616,1362.70916346845
601286,142.643876059,-36.9063336465,-552.5569317935515,365.8153841714257,1352.7198362892377
313174,14.2649528734,51.3773670911,-499.96781161866045,317.0388418650962,1340.3520759282078
600176,142.656272436,-38.3480138058,-527.7820087381357,342.53012748031455,1346.6094268293145
300408,14.2692263258,57.7896810697,-451.7002213532226,274.98184732567705,1331.0315836044376
600513,142.702734468,-38.2437551782,-597.9716353839874,409.5969984139604,1365.210519042254
600515,142.727045178,-37.6935277156,-552.0937883643074,365.37574811074046,1352.601011940098
601430,142.760555636,-34.5980732725,-537.9309100597515,352.00940679082714,1349.0517716763595
601432,142.760645636,-34.5981932725,-545.94007859269,359.5493254095054,1351.0387772363622
600608,142.781840407,-37.4851945184,-530.5204353984939,345.0792682583439,1347.2600942563424
601009,142.823039185,-36.5727579839,-465.9085900577519,287.0200971675353,1333.5706191919332
601223,142.868865562,-35.4437016575,-537.2431623679278,351.3643266411986,1348.883594025043
600832,142.881541726,-38.3058332993,-590.1609141287101,401.98105348311424,1362.9449099480466
300459,14.2929809888,58.3030354562,-359.2037044180322,207.53401697486748,1318.7495700077475
600286,142.964370162,-38.4437606997,-512.9490741179859,328.8408005519775,1343.192589430704
601011,142.981048732,-36.4310832482,-494.5294094917666,312.14881929365384,1339.2038476573746
600038,142.981194757,-36.6439784708,-433.3774246069202,259.97076312155315,1328.0116181238388
601050,142.99,-38.4480000001,-484.92715683452775,303.5996268784066,1337.236999800186
600034,143.168902436,-36.6985000003,-516.7060825448046,332.28852930147127,1344.0408203991533
300383,14.3170309867,57.5653708111,-446.48988975543136,270.6509184095481,1330.143593688225
600404,143.252428099,-38.6981322318,-451.4519581686563,274.77442330628924,1330.9887467207222
600557,143.255758678,-38.5893074377,-505.9634252190825,322.467792464986,1341.6465769237202
600030,143.29839,-36.4392878679,-426.85228100798713,254.7821840883135,1327.0056599437344
600851,143.344228222,-34.8478570562,-536.213386894638,350.39915795304296,1348.632503719266
600831,143.360517056,-37.6897411663,-520.3040445928275,335.60303616323694,1344.8641039435463
601498,143.38042,-31.5598600001,-604.2164713606155,415.70873223186305,1367.0566229120568
600027,143.402034163,-37.1896572519,-331.8216335549468,193.0294917627801,1316.5448890501575
600960,143.418711479,-38.3519803561,-568.6783397361321,381.21111977828457,1356.9642508321683
600403,143.481602488,-38.5226024872,-445.64531230310695,269.95338007147836,1330.0018374445617
601419,143.493552014,-34.664438949,-590.6849744794039,402.4910286891105,1363.095406920995
600031,143.510916752,-35.909520812,-478.6377193260473,298.0623790875045,1335.9907342572394
600683,143.527177158,-38.6559114213,-231.68107926036646,175.75647427465438,1314.123433488404
601538,143.53518,-34.6437600003,-608.9788839895197,420.3825598043141,1368.4851321010115
600862,143.564,-35.3279999999,-539.1574762859279,353.1608258078538,1349.3526703865004
600721,143.573597157,-38.4851960911,-400.72219009264194,234.9737393418265,1323.345275570278
600012,143.581134439,-38.6685580123,-345.6912616793649,199.9623077366491,1317.5792138271083
601396,143.581393198,-35.0440655914,-516.2442271340076,331.86395373060884,1343.9359151312262
601301,143.585531269,-37.8100937053,-474.2166258935416,294.2014122288576,1335.1346490715266
601525,143.606192668,-34.6393944239,-654.9462263498469,466.00033622863606,1383.1798052166232
601400,143.62213,-34.99015,-600.9535403040951,412.51290323878106,1366.0881946391246
601300,143.644085025,-38.0143870552,-604.118182761837,415.6123879372616,1367.027328622514
600408,143.655929243,-38.568568565,-250.5663485231688,174.07998004091283,1313.9002624419172
600202,143.677482537,-37.5226632495,-485.11975350119206,303.769991097912,1337.27568873644
601528,143.702536149,-34.5518764387,-539.310057791555,353.3041437327127,1349.390187519014
600118,143.709602488,-38.422796802,-450.18098658605606,273.7141730917242,1330.7702689589894
600070,143.731453147,-38.5279114207,-397.3266218757979,232.52697026602186,1322.913017584675
601533,143.785296531,-34.3772294432,-620.8235613283094,432.05288148276986,1372.1150653613051
300798,14.3817720521,62.3718479018,-268.2893708939961,174.66921491204423,1313.9784605661862
300489,14.3821117771,58.639647147,-411.36501490362673,242.8414693273348,1324.764899678035
600095,143.831620053,-38.2979114206,-566.1607214965376,378.7953870352039,1356.2875821274206
600068,143.83518741,-38.326822842,-601.1342823299483,412.689789433771,1366.1416187558248
601249,143.864629527,-37.9310557103,-551.1097581986907,364.4421792853492,1352.3491273469838
601211,143.868557105,-37.0949114211,-472.8306935630987,292.9965959771629,1334.8696810730626
600706,143.868750051,-35.921916752,-544.9588204912255,358.6228777128198,1350.7925187137062
600711,143.890047882,-36.8354281766,-591.9290606522479,403.70227178482475,1363.4535505245944
601008,143.906453147,-38.3270885791,-502.8267604603845,319.62274124206493,1340.9656061633298
600715,143.910404313,-35.7353744826,-550.1748296314124,363.555847948603,1352.1105408847025
600710,143.910616059,-36.8147137929,-579.380797776219,391.52461464161547,1359.8976373478113
600709,143.914131716,-35.7019403408,-537.9379575310595,352.0160190245081,1349.0534970281044
600667,143.918937692,-37.8102498473,-515.0398351672098,330.7577480392737,1343.6631825282357
600056,143.931648368,-35.6022411546,-398.46903166075657,233.3466027282993,1323.0573295208085
300401,14.3934661221,57.7352539702,-352.2255266983742,203.5284778187643,1318.1251463640006
600066,143.936,-38.3009999999,-598.6947004267042,410.3036438229963,1365.4226965772623
600285,143.948442436,-38.5725437564,-258.20716586129055,174.0766548049686,1313.8998218821644
600708,143.968944365,-36.98541665,-556.7248709759067,369.77866500569814,1353.7970015062417
300275,14.3980916084,56.3227660893,-338.499346353591,196.25543909179265,1317.021737697221
600069,143.989411624,-38.2396472078,-595.1020574808019,406.7952444346816,1364.3725411662929
600065,143.989531269,-38.1521092876,-612.4637850025616,423.809485074221,1369.5417262109142
601313,143.997,-38.3080000005,-499.7879105088275,316.87654878974945,1340.3136973734158
313164,14.4020676988,51.5234830262,-546.9868243742287,360.5384084330465,1351.3023363220123
600817,144.039703768,-37.6436489345,-434.12128766891374,260.56778637075035,1328.1286200846844
601543,144.060708116,-35.0892593932,-591.8545368347966,403.6296919017313,1363.4320622526745
600716,144.060812385,-37.1100416244,-535.9924208696533,350.1921681426168,1348.5787388292615
313163,14.4061060551,51.5065003498,-527.3084772334378,342.0899911108191,1346.497538880816
600550,144.098268876,-37.2063075503,-371.43343173392213,215.01092533302634,1319.946877039549
313152,14.4105878265,51.1687320159,-452.6624465299068,275.7867731178841,1331.198108630218
601395,144.127208165,-35.631143838,-567.8607919158027,380.4262109242012,1356.7439560035045
600489,144.127369694,-35.6562708631,-440.90152590769907,266.05953774322006,1329.2169641627474
600067,144.189864466,-38.1395730975,-573.9325634680642,386.26562688290994,1358.3928720017423
300672,14.4247771117,60.6369923403,-469.50484490761545,290.11643061067247,1334.240459401592
601264,144.248418709,-37.5977503227,-473.6149265984925,293.6780151994348,1335.01941439268
313153,14.4271838459,51.1934519339,-452.1614593465439,275.3674893984168,1331.1113080473328
600811,144.281755278,-38.0894900004,-512.3690616646797,328.30977226669796,1343.0626816197766
600833,144.285206568,-36.1606197048,-488.4048409893405,306.68299001693885,1337.9404009744321
601534,144.302511848,-34.4770234885,-638.9694255433379,450.049113269047,1377.8876095488158
300428,14.4317201482,57.9950147897,-490.650329758364,308.6817605360026,1338.399973655671
600064,144.348,-38.1639999996,-531.187397806761,345.7011094559386,1347.4195030772566
313148,14.4356436476,51.0806402676,-357.906716216841,206.77464637955336,1318.6302797142512
600079,144.364084516,-36.6352233191,-347.7109694545823,201.0449283673738,1317.743952145536
600948,144.398430599,-37.7311770507,-433.79235753061124,260.3036510335117,1328.0768241842302
600949,144.415,-37.7185533627,-428.7267964624584,256.26367522433793,1327.2908993259086
601263,144.427346083,-37.6809999996,-415.7639014756896,246.17649715948352,1325.3802955935355
600039,144.431323089,-36.7724543774,-398.19222130388073,233.14766841653736,1323.0222581203848
102953,-144.434876462,61.4652593698,-131.72793734228188,218.708304712715,1320.554195307487
600545,144.439239257,-37.3517289613,-320.64734059608566,188.12589734236494,1315.8348731678927
601420,144.447727694,-35.0438613014,-609.7656310394617,421.15571919778023,1368.7228353493974
600214,144.45215787,-37.3855224461,-275.70768976574914,175.53529317970583,1314.0938700662064
601494,144.456583813,-29.2397662642,-566.9572204167815,379.55921116413896,1356.501107619687
600864,144.464475277,-35.9396578105,-553.0350403816766,366.26938799566017,1352.8426829371588
313150,14.4482389706,51.1065888757,-468.943574385221,289.63193710532573,1334.1351952427003
600688,144.485512534,-37.9562186644,-582.0976989268697,394.15370911462,1360.6569026035577
600265,144.493572374,-36.9642560153,-495.6975386246617,313.19632108925686,1339.448392338331
600690,144.506634401,-37.9770501381,-590.7443061500182,402.5487750815313,1363.1124592320093
300363,14.4522038139,57.3560946408,-527.5124309717621,342.2795371164554,1346.5457072533964
601046,144.523063709,-37.468566934,-281.38603465904646,176.44105371618434,1314.215167174071
600219,144.530897699,-36.8437007673,-496.8501972556117,314.2314862362686,1339.6908177397308
600220,144.531401534,-36.85171816,-506.39273981117657,322.85800565952917,1341.7404190126879
600222,144.539661557,-37.0182152078,-497.82287251395496,315.1061902585632,1339.8962539439988
313147,14.4567756043,51.0441205066,-358.28636372355203,206.99623359727653,1318.6650450047398
600542,144.573104032,-37.4766645167,-486.54170801416296,305.02924175229055,1337.5622970605414
601259,144.577,-37.7520000005,-569.2750853881214,381.7843104790121,1357.1253884302032
601199,144.581119286,-37.7272628574,-496.5351057994006,313.948362175998,1339.6244377835476
601260,144.58534182,-37.818701083,-587.1847752208523,399.0877504098976,1362.0943773179326
601265,144.585755715,-37.7769564265,-572.6651238292171,385.04479112405824,1358.0462257838146
600835,144.635528598,-36.5478511178,-494.30501231161224,311.94777534978357,1339.1570015272941
601270,144.639947003,-37.8848703935,-392.4664444405189,229.08140331343117,1322.3117444604147
601278,144.665,-36.9479999999,-412.88833108828067,243.99107718898134,1324.9761152344347
601014,144.672861982,-37.4645690087,-387.5137687352232,225.641614336711,1321.7201664173742
600849,144.673243811,-36.0977087236,-425.6808201948907,253.86013828056448,1326.8289377315077
601890,144.690072557,-41.1314085691,-503.9681689351266,320.65681802790056,1341.2124571229097
600223,144.702087558,-36.3304646239,-519.948589105547,335.275040360503,1344.7822920021779
601532,144.714786394,-34.5227476663,-610.2193906868662,421.6017751522511,1368.8601524646058
600217,144.739385313,-36.1437102024,-542.3459625023498,356.1595745632253,1350.1406233229752
102954,-144.741003728,60.6630252924,-186.65238154841916,188.79017891271317,1315.9300102390662
600544,144.744068756,-37.5813592623,-485.8836368804603,304.44615449903444,1337.4294453103478
600363,144.744214009,-37.4644305987,-454.4600491413279,277.2946755441852,1331.5113207476118
601987,144.752117789,-40.7771718168,-496.2799617884337,313.7191865703254,1339.5707477457997
600589,144.775331613,-37.7648374175,-522.0801325965331,337.2436777865125,1345.2744546749066
600313,144.801932028,-37.6315541465,-474.97621681952114,294.8628697010876,1335.2805593291077
600867,144.806742924,-36.1230283047,-572.479525242895,384.86610013632367,1357.9955726098804
600312,144.815067972,-37.4269227186,-441.09988671050047,266.22152629553364,1329.2493976891687
313155,14.4826666494,51.219265258,-444.11576266309146,268.6933851829216,1329.7466658860071
600748,144.831261199,-37.7305033187,-499.1013701459893,316.2575346911577,1340.1674852207182
600749,144.83520212,-37.7400423985,-500.0840428791546,317.143715912661,1340.3768860797268
600588,144.851851382,-37.8565881331,-534.6463883959144,348.9321420275597,1348.2520906469367
600468,144.852319437,-36.1019102939,-612.0808169438426,423.4326103572743,1369.4251479025313
600746,144.852324379,-37.7685745608,-500.15543087078356,317.20813583497824,1340.3921298014982
601881,144.877054847,-40.9144751111,-526.4902203953975,341.3299069334555,1346.3046332688214
600596,144.898000876,-37.2606802728,-330.8272115571987,192.56755177341475,1316.4772395259636
601883,144.910632908,-40.985268326,-524.1761365839012,339.1835681710003,1345.7620715085955
601880,144.914543625,-40.8561483413,-474.2681049140215,294.2462153505098,1335.1445223053545
600595,144.914865327,-37.2101642056,-393.8788407127491,230.07569490873755,1322.4843611860342
601765,144.922642892,-40.8558880763,-473.11528327542436,293.24377624413177,1334.9239575720458
601882,144.931156143,-40.7852936044,-459.4925645194466,281.5443216194561,1332.4028164297965
601767,144.943592622,-40.9067785395,-417.8190476264912,247.75041289437192,1325.6735372191852
601878,144.951647422,-41.0315939758,-485.42698652201074,304.0418552149935,1337.3374704675218
600568,144.956051811,-37.3019292482,-378.38431329943614,219.5009358218112,1320.6857010737056
600567,144.956528135,-37.2979905299,-377.1878254143633,218.71627958099145,1320.5555161172304
600141,144.961,-35.9689999999,-531.9131470250089,346.3781919887872,1347.5933778700887
601394,144.968671557,-35.5311649527,-508.6130319916865,324.87914517567174,1342.2281919122283
601766,144.968884101,-40.9227860758,-418.157688587458,248.01070361640623,1325.7222066866798
600594,144.969197217,-37.1515867448,-440.43082481040926,265.6754415872606,1329.1401357481009
601764,144.980630092,-40.9020862071,-287.8075576551449,177.71466239525952,1314.3867624957866
600805,144.985019623,-37.1399950938,-435.51665169503536,261.69067402241996,1328.349377635343
600340,144.985457383,-37.2930423415,-473.6197366949044,293.68219733667246,1335.0203343868554
600760,144.989357972,-37.7770306205,-545.3840954200688,359.0243078323966,1350.8991501249923
601879,144.990322077,-41.0522298155,-423.5112032512908,252.16029466268503,1326.5047585283164
600593,144.994188208,-37.1435818401,-356.5901068558801,206.010655237957,1318.5106940277228
600142,145.01,-36.0139999997,-570.043249604756,382.52248571282087,1357.3332355283317
601948,145.018421886,-41.0601908992,-369.9838990858176,214.09584748474583,1319.7981255116656
601950,145.018578891,-41.0437679648,-370.3908857589499,214.3520161156181,1319.8397050425192
300369,14.5020774141,57.4023185796,-306.31633202971705,182.8118472443716,1315.0856366361825
601345,145.027210139,-37.7894445626,-545.139604517081,358.7935084494377,1350.8378296077406
601120,145.027591651,-37.1103431784,-522.2459893008979,337.3970348869224,1345.3129075959919
601123,145.031686355,-37.0857080793,-517.3384611356726,332.870196420718,1344.184744690648
600339,145.035378216,-37.202011012,-456.29766623174146,278.8416706498924,1331.8343506174924
601746,145.042512264,-40.9774658373,-513.6654173018173,329.4971065008266,1343.353417156599
601949,145.048143888,-41.0685365679,-370.1060366073331,214.17266175840146,1319.8105883946275
601131,145.051805386,-37.2064271703,-522.5675965037435,337.6944765062993,1345.3875351201818
601121,145.052253404,-37.0645476516,-496.7537692444294,314.14482926199474,1339.6704945418267
601135,145.056,-37.1389999997,-482.8152436453368,301.73458860583315,1336.8148047336347
601130,145.056259485,-37.1983782157,-487.9383134857295,306.2684911146547,1337.8454502832312
601134,145.056343178,-37.1020434477,-491.1291155503137,309.1087271716318,1338.4985115447687
601132,145.060324712,-37.2859999999,-403.4939445789553,236.99429512980797,1323.7055398078414
601403,145.062835632,-35.402066992,-468.92835105068974,289.61880255543406,1334.1323438802983
601777,145.064181228,-40.877087967,-493.8705294225656,311.55867600279225,1339.0664168690469
601133,145.064449194,-37.1801946142,-490.65276614569973,308.68393253709036,1338.40047459662
601743,145.064501723,-40.9558133616,-531.0050336141885,345.5310447052966,1347.375880387143
601748,145.066654543,-41.0058004897,-423.0654342283977,251.8123212074013,1326.4386549349933
601402,145.069033393,-35.631140274,-444.21378956567753,268.77400967087084,1329.7629595038554
601753,145.072799618,-40.9519609492,-428.6326854888372,256.1891195017744,1327.2765066650538
601344,145.077506982,-37.7604930182,-505.68574656716663,322.21550765906994,1341.585962050098
300478,14.5083077256,58.5437231941,-584.1781238652959,396.1697775688739,1361.2422829360191
601122,145.085250501,-37.0352676532,-504.46058870478936,321.10336469039584,1341.3192874962278
601124,145.094371559,-37.0350738561,-577.3469421690727,389.5593262076044,1359.3331191541008
601744,145.097298477,-40.9060589804,-539.011037406838,353.0232951148774,1349.3166815420539
601757,145.0975329,-40.9653211893,-366.52368990536615,211.94216996418157,1319.4504703106593
601742,145.101433186,-40.852401809,-538.2757569725487,352.3330037267803,1349.1362443093099
601496,145.1022986,-30.51859732,-696.0578648088383,507.4354151958218,1397.684070449703
600963,145.106027928,-37.7310432947,-562.2126578136237,375.01541417743584,1355.2367398593383
600964,145.106298917,-37.601726544,-564.030626556656,376.7547054252609,1355.7190594861345
601778,145.106330668,-40.8810098374,-491.3596188088376,309.31438071342836,1338.5460194965378
601763,145.109224055,-41.0137088193,-250.19910311189204,174.08998085892583,1313.9015874978445
600455,145.109942662,-37.0226394531,-577.7300118209921,389.92929387884584,1359.4391911441828
601755,145.110416204,-40.9686532116,-365.80355089148287,211.49948099745788,1319.3794339219057
601747,145.11453992,-40.8816099244,-536.2967788949433,350.4772857786921,1348.652804854049
601722,145.118382497,-40.8560462343,-467.8073146014509,288.6525109842653,1333.9229109252963
600452,145.118697523,-36.1771951662,-430.494436859777,257.6674511105219,1327.5626446822341
601745,145.122833265,-41.0146207964,-334.6602970750598,194.3747105423398,1316.7427950409729
601835,145.131468406,-41.0050641686,-229.18005489146685,176.1542672483869,1314.1766951455618
313145,14.513423429,51.0440651126,-357.853192668739,206.74345274664117,1318.6253885950691
313161,14.51386555,51.364171722,-527.5360537108927,342.30149346066923,1346.551288521644
601754,145.138699493,-40.9813081187,-366.5313287514628,211.9468760935992,1319.45122626027
601756,145.143416314,-40.9818375727,-344.6293603921151,199.40030089226062,1317.4940380092119
600950,145.143856794,-38.060321832,-569.8731222491812,382.35896795103963,1357.2871621607856
300016,1.45156902125,42.3643735444,-245.04752005411075,174.32523851734996,1313.9327794746678
601731,145.159967086,-40.8476977486,-447.6549288997619,271.6152081988424,1330.3401375282922
600445,145.173005569,-36.7147473816,-576.2135869538167,388.465248546922,1359.0199812815542
601544,145.181706337,-35.2938239061,-463.59493833453837,285.0382341216033,1333.1454740969032
601889,145.184760002,-40.9016127501,-260.5984162580172,174.15587322114024,1313.9103197598047
600292,145.185421904,-38.0230062509,-584.9754800125455,396.94312119155956,1361.4675543894507
313162,14.5188890954,51.4436707206,-549.5206671771042,362.9360699974277,1351.9440266146642
600776,145.193550277,-37.9896841461,-368.9176111866469,213.42752616850134,1319.6898761149534
600291,145.194157927,-37.9980191238,-582.9441713489115,394.9736977217734,1360.8946623768884
600459,145.201575472,-37.093573107,-438.1613439084246,263.8294088766176,1328.7723722226015
600139,145.206451245,-36.0564634852,-458.9813742898134,281.1107952229599,1332.3112772114405
600290,145.206665022,-37.9937273285,-566.6980040565061,379.3105835862986,1356.4315607558212
601338,145.21,-37.7400000005,-474.21881978909363,294.2033215408944,1335.1350697961573
601732,145.213900614,-40.8940003324,-338.1604240747084,196.08660482268397,1316.996589511447
600147,145.214390043,-36.0689877602,-529.0854783361996,343.7426863035788,1346.918369679876
600454,145.222466964,-36.6185825807,-596.0031837055134,407.6746113761026,1364.6349874433643
600366,145.223138803,-38.0313732256,-576.1709902266248,388.42414308651905,1359.008232177565
600293,145.227373226,-37.9476650217,-513.1758200229876,329.04848778607476,1343.2434505733488
600573,145.247959473,-37.4272441416,-333.8719771700346,193.99721449612727,1316.6871228299267
600144,145.257426764,-36.0639641018,-507.15984727990605,323.55572668856513,1341.9084799146551
600577,145.26482159,-37.1474364484,-416.72787250062186,246.91351364714984,1325.5173870664526
600530,145.27279086,-36.9476015479,-449.3130870655059,272.9917625335103,1330.621870632317
600956,145.273064754,-37.4224445582,-318.43420119813806,187.2316701918802,1315.7073225139152
600258,145.277366885,-37.4145136715,-308.55109229727236,183.56486910463894,1315.1905266398849
600527,145.284768336,-36.9518046963,-358.1743567766201,206.9307992733766,1318.654775095367
600576,145.285395788,-37.3642260184,-317.59959837443097,186.90126299378852,1315.660344580837
600578,145.285689097,-37.347491717,-316.64632895243466,186.5284840543869,1315.6074397621512
600574,145.293774563,-37.3006259021,-299.7282686943227,180.7610831923164,1314.8021255651947
601690,145.297202326,-40.8716196796,-510.1081789588486,326.24304662095466,1342.5589691564453
600847,145.302224173,-36.6481922621,-579.6182356649101,391.7542070457496,1359.963756477333
313158,14.5321965625,51.3321704234,-532.5401971309261,346.9635541080759,1347.7439549384749
600236,145.343860361,-36.5723265749,-507.74769845718646,324.0908206015123,1342.0376001409409
601347,145.348334345,-37.6771386363,-471.39606808745367,291.75228857196447,1334.5971145184128
600232,145.352134571,-36.5932691416,-530.651934745913,345.20184127122866,1347.2914945960808
600237,145.360525561,-36.610367382,-497.99413247068014,315.26031104119534,1339.9325072225413
600235,145.361,-36.514,-506.2815821652,322.7569535347519,1341.7161068008866
600166,145.385413441,-36.3976790224,-600.3060548193562,411.8793657119077,1365.8970210426326
601064,145.390034029,-36.4516661319,-574.1492132293812,386.47440909887814,1358.452254988088
600456,145.394,-36.3799999999,-596.0597252160992,407.72980172017697,1364.6514761669623
600163,145.406401222,-36.4105494925,-590.2937421893831,402.11029743819165,1362.983034193649
600119,145.410186616,-37.214712401,-312.23714078401275,184.86899291466466,1315.3731807875577
600840,145.410543155,-37.5058884831,-324.482148863643,189.7366036698269,1316.066122566057
600132,145.414932884,-36.102399326,-487.2093560288857,305.62136485655134,1337.697454154218
601357,145.418854929,-37.4266165505,-445.2867704713689,269.65764587848236,1329.9418431550378
601352,145.422708647,-37.5140467618,-331.71011265253014,192.97744466061238,1316.537259002431
601065,145.426766613,-36.5272495991,-548.4415838513453,361.91439712443383,1351.6701117653806
601358,145.435108659,-37.2104456707,-510.24900631705987,326.37162951397613,1342.5902207097677
600146,145.435583053,-36.0972684626,-483.03513487241406,301.9285099741315,1336.858588381394
601493,145.443696267,-29.7561737599,-647.4301742777716,458.4846486064996,1380.6658658783883
600276,145.452287599,-37.2106476367,-307.66680817770896,183.26347592438105,1315.1484942019972
601353,145.460571926,-37.2487942458,-501.8515831752993,318.7403789165667,1340.7555665913794
601359,145.46409112,-37.3853740981,-508.7629378471153,325.01578886310296,1342.2612723327004
601355,145.464628449,-37.2769092832,-548.9792334421804,362.4233342692858,1351.806470400538
601354,145.471719426,-37.3811942618,-489.53634571963323,307.6894096385771,1338.1714512713347
601059,145.476886375,-36.6072703838,-546.9361736280106,360.4905288692385,1351.2895624544424
601340,145.480312097,-37.6645695142,-494.34139679235943,311.9803692888824,1339.1645944451793
601800,145.485269916,-41.0559066598,-207.02738930286208,181.40161726488705,1314.890340271846
600145,145.489551179,-36.0891057269,-431.22471307674687,258.2492890518467,1327.6756966555045
601346,145.4979871,-37.6778764513,-525.2269099830147,340.15757762349097,1346.0078892074057
600505,145.501748492,-36.4812174263,-650.9461706553267,461.9979607038539,1381.8365228522562
600874,145.502083194,-37.3222547879,-441.27682331787446,266.3660811754979,1329.278356626138
601426,145.50209304,-33.4855986935,-612.597587033849,423.9411742381381,1369.5824836088939
600875,145.50667734,-37.335641489,-453.90353064854384,276.8272695220876,1331.4140593162401
601309,145.510624194,-37.7688407829,-529.9857441028369,344.5810255555964,1347.1325633978422
601405,145.514597762,-35.3480722736,-495.7337551767821,313.2288228535033,1339.4559924312878
600071,145.51615883,-38.4647505074,-567.8221053131118,380.3890794007647,1356.7335449237096
600876,145.518922042,-37.3556994477,-428.7340028823029,256.2693849930558,1327.2920017383565
601773,145.522733377,-41.1267993567,-331.5607110645164,192.90781424977808,1316.5270544096393
601343,145.535267512,-37.7687516129,-495.3360140086239,312.87196126577095,1339.3725860790883
600465,145.542771922,-37.1646315329,-433.5967100914895,260.1466461201019,1328.046060075264
600234,145.560265315,-36.7603638914,-592.7506476635122,404.5026249791424,1363.6907397973014
600873,145.564623497,-37.4141870485,-277.71051139873487,175.8309118492149,1314.133391157694
600967,145.564643411,-38.5644321147,-591.2646927352723,403.0553390005269,1363.2621415159758
601772,145.580731659,-41.0395076505,-379.6736482781038,220.3518264421136,1320.8273875152158
601058,145.581149698,-36.7563196711,-675.3276599010094,486.4773057056157,1390.2122964355085
601774,145.601775105,-40.997823219,-379.6061553406457,220.3071482530909,1320.8199346486651
313157,14.5605747009,51.3018076299,-531.566827535363,346.0550397557954,1347.5103527373285
601810,145.606329061,-41.0727108752,-337.44807376171445,195.73350126535183,1316.944062483858
601771,145.609778781,-40.9689118266,-413.9980608099619,244.83211557923505,1325.131248221435
601702,145.614762233,-41.0727646392,-310.40034593840323,184.20954786452958,1315.280661196822
600694,145.622718804,-37.7772811956,-566.4052907655953,379.0298796333003,1356.3530918786334
601806,145.627028372,-41.0175108577,-402.87022520462307,236.53782118698285,1323.6238895720262
600137,145.627760926,-36.0978392756,-486.1285023258255,304.6630556707332,1337.4788363501395
601811,145.630979915,-40.9983219491,-430.8650776178346,257.96261724392474,1327.6199652344906
601930,145.635194809,-41.1643799428,-258.4998411355979,174.08429736658235,1313.900834455748
601809,145.639066626,-41.1811398492,-310.7055001594702,184.31779043540973,1315.2958253050476
601808,145.639312978,-41.1647111438,-310.68282599692134,184.30972952799732,1315.2946957212964
601335,145.659845438,-37.7517001854,-282.858974843942,176.70997295398377,1314.2512981676266
601770,145.659898438,-40.9690016596,-414.13592210021767,244.93680483745203,1325.150594671366
601805,145.66075303,-40.9769335663,-430.96450052299,258.0418424547879,1327.6353613290646
601691,145.668390097,-41.0273828855,-329.9925319321621,192.1835876338571,1316.4211300149034
600156,145.668830855,-36.4315826592,-597.5238460432704,409.1595121616601,1365.0793261148826
601701,145.668863689,-41.1515741128,-311.8057043367679,184.71239824104154,1315.3511813420216
600648,145.669163824,-38.4977908642,-423.2177457090173,251.9311683573626,1326.4612221183852
601692,145.670104216,-41.094059359,-329.0155967624277,191.7385843788812,1316.356237852623
600004,145.677,-37.5180000001,-271.6375100655313,175.01528342298212,1314.0245087613553
601225,145.677463966,-37.1896398349,-310.0589137055407,184.08906010554293,1315.2637918852768
600198,145.679212299,-38.1310830888,-605.5523022798778,417.0186074004468,1367.455512662881
600462,145.681456078,-37.1978960196,-435.5827325087387,261.7439465264331,1328.3598735798694
600168,145.681729281,-36.4351240975,-601.7390017352269,413.28172726112837,1366.3205503401596
601693,145.685074497,-40.9814793457,-330.3046974221671,192.32678376118687,1316.4420427598843
600131,145.68524008,-36.1020010059,-441.6684454979518,266.68623906533355,1329.3425481420154
601807,145.685583472,-40.9813056797,-330.5790128573691,192.45301637540612,1316.4604907500593
600008,145.689525877,-37.5514458009,-271.5912798120471,175.01000156166634,1314.0238052792304
600357,145.68958532,-37.1769058479,-313.9953790208859,185.51788737797736,1315.464536477925
601688,145.689669983,-41.0082584589,-383.25096699146,222.74117325937965,1321.2280993298846
600006,145.689688965,-37.5353779285,-271.59214475059144,175.01010025277878,1314.0238184235407
600111,145.68975992,-36.0852807646,-471.48708760432476,291.8311469091092,1334.614355722349
601226,145.702,-37.1930000002,-465.67463341927737,286.8193251979613,1333.5274221030884
600005,145.702072439,-37.6104456708,-271.1182748140165,174.95676876047887,1314.0167164572156
601109,145.70237057,-37.4269099546,-462.72000729417476,284.29088857630694,1332.985884967054
600148,145.706080362,-36.1061993963,-451.2103426802113,274.5726540960871,1330.9471073529796
600510,145.706176049,-36.6269208714,-480.75249946852546,299.91850141082745,1336.4060639200986
601689,145.706253372,-40.9873091652,-382.9466910377778,222.5363338899127,1321.1935816128753
600966,145.714453317,-38.556341508,-601.603731601249,413.149300348607,1366.2804999605453
600003,145.714458984,-37.3183647456,-585.335801201057,397.29270903533603,1361.5695196524232
600007,145.714537105,-37.2489189448,-623.4250335905015,434.6244592259295,1372.9269757533814
600469,145.714944334,-37.2352583027,-504.57488953798264,321.2070544186636,1341.3441139402703
601224,145.715,-37.1889999999,-436.69958684136753,262.6456189000053,1328.5378358636463
601704,145.722398929,-41.0103352051,-351.6674353729622,203.21677515357703,1318.0770530958023
601705,145.722709283,-41.0972063943,-331.80068912989236,193.01971228888462,1316.5434552364682
601404,145.722960814,-35.7898365991,-479.9639633622379,299.22572104265987,1336.2507595235988
601108,145.735259007,-37.4646568487,-282.14883899686856,176.57858536026706,1314.2336386661725
600769,145.735532129,-36.9893560814,-426.5466860075459,254.54136957697847,1326.9594451301134
601409,145.735737475,-35.3523336389,-528.1409759808419,342.8639103013355,1346.6943681403798
600507,145.743484084,-36.6898774796,-350.9573347731262,202.8220669059752,1318.0162559763467
600197,145.743544656,-37.93936378,-297.2092783651417,180.04502270421614,1314.7038717500059
600511,145.743949549,-36.6559441438,-480.639756487527,299.81939939527746,1336.383826768208
601957,145.759592632,-41.0847028432,-366.4280709674108,211.8832794866977,1319.4410120653113
600473,145.768299397,-37.2397611131,-490.17913442152656,308.26183133302897,1338.303185698475
601110,145.773026499,-37.5271798359,-210.53861272571794,180.36880457625998,1314.748251893937
600150,145.777012085,-36.1519242381,-467.49395299467596,288.38273390986103,1333.86455887066
600125,145.785523648,-36.9684065316,-377.0457172413467,218.6234048587266,1320.540136968929
600443,145.826805157,-37.2897919742,-357.01668271752624,206.25742275549555,1318.5492727371372
600149,145.831508251,-36.2684643267,-569.5240052020491,382.0234716391751,1357.1926882639552
600134,145.872735439,-36.3435661399,-537.1393423732499,351.2669809619863,1348.8582401824303
601171,145.881271765,-38.6930002253,-628.8842624450957,440.0303498733443,1374.6478709122393
600655,145.893546482,-37.8813168972,-275.428366196791,175.49614108375812,1314.0886407427715
300381,14.5896844193,57.5439566264,-306.5205431653907,182.8794658603491,1315.0950380969664
600449,145.926941559,-37.2184648723,-380.4055982015788,220.83731710493436,1320.90846799466
600332,145.93113716,-37.0269576045,-414.3099396330606,245.06901561532644,1325.1750384792795
601495,145.936557925,-30.0855213221,-667.1847356284106,478.27999554461576,1387.3650616661976
600153,145.939810269,-36.4728584846,-610.8411664312108,422.2131520926043,1369.0485769299303
600155,145.943807138,-36.4814276773,-625.8280401299339,437.00243738410705,1373.681619034609
601730,145.951913667,-43.1395693322,-323.9122238461967,189.49236830896626,1316.0309334667008
600676,145.956361485,-36.7394204177,-367.55751081134804,212.5810449152715,1319.5532429012342
601279,145.957,-38.3929999995,-451.2435438452144,274.6003739626205,1330.952826201705
600331,145.960563595,-37.0184513608,-416.2437753433954,246.54311743005627,1325.4484406969682
600677,145.985732436,-36.7229577723,-368.05162165749704,212.88778149278468,1319.602693125023
600502,145.993537612,-36.5647292812,-580.2067882377253,392.3234550409551,1360.1278445679902
600678,145.993665201,-36.7269111477,-459.4265660026992,281.48832682172315,1332.390985533446
601172,145.993878139,-38.5818485191,-565.4092540665945,378.0751246166406,1356.0865975474364
601398,145.994225726,-36.0103078634,-595.8241701082954,407.4998866310828,1364.582799905612
600866,145.998167455,-36.006022114,-682.4131860693515,493.6267306847278,1392.7301998019527
601411,146.001853105,-34.5688566061,-665.3848487648418,476.47093540153435,1386.7424463382908
600796,146.002,-38.206,-592.1043656340809,403.8730157230198,1363.5041155138115
600696,146.006499355,-37.867570691,-301.93604346749316,181.41986280040027,1314.8928575410282
600170,146.010407912,-36.852184176,-338.2713101877562,196.14178368215775,1317.0048061795042
600167,146.010620947,-36.7476498064,-545.1476866876887,358.8011372881749,1350.8398559093457
600161,146.014609643,-36.839329071,-393.6837395285971,229.93800282275086,1322.4604135232214
600200,146.014859611,-37.1019003387,-392.80259420398767,229.31751623235814,1322.3526698444982
600657,146.018714745,-37.9063867522,-334.1450278170283,194.12762884378384,1316.7063440548939
600159,146.019,-36.7979999995,-367.48194828861904,212.53421579535876,1319.5456995032957
300405,14.6038294045,57.7728502273,-462.6064965057914,284.19401628166327,1332.9652280101673
600491,146.048,-36.9900000004,-394.6763417969005,230.6396735514015,1322.5825944755934
600386,146.052,-37.0390000005,-486.7959039307417,305.2546176527449,1337.6137117240605
600320,146.059392441,-37.1687235962,-398.9102952299684,233.66416379302274,1323.1133744449064
600500,146.060140389,-36.6144781873,-578.8295558107282,390.9917148551022,1359.744307316353
600173,146.064609009,-36.972898426,-480.00839925809123,299.26473915309396,1336.2594973635412
600390,146.073324903,-37.0353754862,-477.895600549069,297.4124354313387,1335.8458806850042
600112,146.073778006,-36.3436833739,-351.97439054387746,203.38805270683818,1318.1034709679564
600087,146.077123549,-37.5187961982,-277.7225719827468,175.83277100644366,1314.1336399140307
601839,146.089726196,-41.2523880991,-281.47797706553973,176.45743275268802,1314.2173662555078
600319,146.101649099,-37.1603673025,-394.2734414503351,230.35452009656692,1322.5328975578695
600388,146.102114867,-37.0601932462,-438.56481093951265,264.15687814312696,1328.8374304120941
600172,146.105,-36.9770000003,-546.2892882706027,359.87920583044496,1351.1266050903766
600128,146.119037237,-36.9682498516,-355.2289584350172,205.22817508333037,1318.388661981712
600321,146.131307207,-37.1436959481,-394.06256946790637,230.20546176575348,1322.5069432032024
600442,146.131,-37.3309999996,-277.39254443122655,175.78223742416728,1314.1268794099528
600461,146.135699303,-37.3056112725,-277.6821794013144,175.82654814321876,1314.1328073013983
600387,146.139497298,-37.0563630629,-347.8312938218358,201.10998755584248,1317.753879633297
601540,146.143553188,-34.6446938234,-480.73688134107397,299.9047719548647,1336.4029827994227
601115,146.151674768,-36.9812360437,-531.4705121846588,345.9651856175128,1347.487280033936
600165,146.15603152,-36.9893909914,-429.41684282238623,256.8109035680085,1327.3966627897296
600661,146.16069553,-38.0892318444,-531.3659289815683,345.8676272187552,1347.462235371302
600389,146.176931523,-37.0646114146,-347.65002062827296,201.01199742022567,1317.738928354461
600519,146.181353967,-37.2187530053,-336.3376993129434,195.18786832260568,1316.8630772157817
600547,146.188779372,-37.2898489342,-266.6451547399826,174.5264152913488,1313.9594856114638
601159,146.193731798,-37.9811790084,-368.4242479878125,213.11969309058125,1319.6401266166918
300760,14.6200115718,61.7841476352,-252.40378265684038,174.0434936192181,1313.8954288165696
600520,146.202187498,-37.2273088961,-280.57154756161475,176.2983302862271,1314.1960133311948
600101,146.214309344,-37.0139601864,-303.14188990145726,181.79185876777578,1314.944234600136
601873,146.231188737,-41.5515326068,-246.464409245466,174.24287490488288,1313.9218544681464
600526,146.235027793,-37.2394170301,-258.52276000121634,174.08492003091536,1313.9009169553328
601160,146.243111659,-38.0938883408,-480.6618426499413,299.83881200507045,1336.3881821456318
600938,146.247787722,-36.163247641,-560.3895551543479,373.27343179378875,1354.7557400051887
600378,146.247962259,-36.6187617937,-503.10258250289485,319.87249803417996,1341.0251582996202
601417,146.256355122,-34.6185836462,-570.756242806303,383.2079767170903,1357.5265793396093
600909,146.273138803,-38.1700000001,-440.45692202622536,265.6967262408266,1329.1443903989464
601524,146.28209,-35.3473499995,-474.3669965691657,294.3322928413119,1335.1634951582214
600393,146.306488977,-38.6311133852,-434.8747189130287,261.1736139942852,1328.2476112685956
601219,146.306681566,-37.9437027653,-314.92209159656926,185.8667861088203,1315.5137864622766
300452,14.6309740537,58.2230236515,-490.86968394692167,308.8773398766863,1338.4450946091113
601874,146.33090028,-41.5141719008,-326.630732301678,190.67238901042745,1316.2013600224088
600940,146.331493796,-36.3481426913,-610.5657278661544,421.94229765463723,1368.965069950278
601218,146.334951152,-37.9604543767,-315.19394150485664,185.97003153863255,1315.5283778103665
600665,146.339474229,-38.168984525,-535.9505719934109,350.1529707454428,1348.5685607768532
601006,146.343792749,-36.3312570759,-516.7467094736116,332.32588675170916,1344.0500568056252
601216,146.356377902,-38.0477823169,-462.122532131647,283.78121425884075,1332.8772778317275
601876,146.360116336,-41.5228711405,-252.9242158829475,174.03726521879105,1313.8946037939004
600824,146.373,-38.1950000001,-513.2575052490462,329.12331960607975,1343.2617837571427
600010,146.373219422,-38.6399999999,-492.6516108212761,310.4682568692361,1338.8131306188018
600546,146.38610364,-38.0520861983,-353.4541801739252,204.21928526112856,1318.2319889406647
600583,146.389501771,-36.9142724052,-271.9027536478939,175.04585967265405,1314.028581569835
600580,146.389520047,-36.5149021241,-569.4636349141006,381.9654645035501,1357.1763615194996
600582,146.393842277,-36.9101577228,-267.8329294383498,174.62777632607526,1313.972952711921
601877,146.39825806,-41.5561064672,-228.44397781638676,176.27904499266992,1314.1934263636467
601188,146.402090461,-37.8894946998,-277.2033672807567,175.75358975491199,1314.1230477035367
601875,146.409809116,-41.2565233734,-508.0427246635052,324.3595045076642,1342.1025103762945
600660,146.410525771,-38.1686598029,-491.9354954169593,309.82845072805657,1338.664905446633
601707,146.410648742,-41.2642682211,-390.9578888619346,228.02588660292503,1322.1292921476872
601872,146.423027968,-41.2742416499,-381.97154462888915,221.88186413027876,1321.0835029716409
600358,146.431253535,-37.2018443409,-143.05049397587933,211.5298602387807,1319.3843041231514
601932,146.431375517,-41.3436597196,-277.4599358333587,175.7924988766882,1314.1282520573118
600002,146.43159576,-37.8522819808,-267.3080201322616,174.5818284563335,1313.9668470022564
600097,146.443617923,-37.1937240623,-137.39820452539735,215.05652803224788,1319.9543061951726
601729,146.464513074,-41.4059823558,-338.2026706023363,196.1076206470981,1316.99971870527
601870,146.468922827,-41.4100926731,-330.41095892536526,192.37563821231012,1316.4491810820077
601856,146.47885634,-41.5523865719,-398.31433591106594,233.23540182045065,1323.0377216301285
601871,146.497830526,-41.384757151,-372.0122001699387,215.3783859916528,1320.0067838258499
601202,146.535339353,-38.2272390778,-476.3497454035822,296.06096135045567,1335.5456386921605
300784,14.6535537416,62.0300256875,-354.4666041459682,204.79322094373438,1318.3210244619493
601203,146.539766082,-38.2554704161,-485.8082203535939,304.37936583099014,1337.41424343304
601206,146.54,-38.2687635022,-474.430569498076,294.38763527618096,1335.1756963026987
600599,146.552702765,-38.1561209689,-572.5173059926393,384.90247303669713,1358.0058814098193
601169,146.555901312,-38.4686480318,-303.92559448813347,182.03820869203298,1314.978315265198
601952,146.564642592,-41.25157878,-420.8921442841487,250.12214409147302,1326.1188284459317
601033,146.585666885,-36.8233324596,-259.5407893435962,174.11612126174967,1313.9050513173052
601007,146.602114631,-36.3106284562,-342.8324480801385,198.46074610765692,1317.3521654969495
300692,14.6610009102,60.7832574454,-338.76909024284873,196.3901953879353,1317.0418250907621
601868,146.619137916,-41.6480431038,-480.2041724574566,299.43667391647693,1336.2980138726753
600728,146.623072626,-37.6272866361,-313.49288189385663,185.3306845705985,1315.4381486171446
601189,146.626802535,-37.976426729,-468.7721317176355,289.48403744266676,1334.103095014775
600294,146.627254838,-36.8144414769,-256.5625970773644,174.04436798410487,1313.8955446384925
601866,146.635615743,-41.5730233566,-338.48030997540315,196.24594188673143,1317.020322508694
601814,146.655716839,-41.6728955729,-185.60998643311885,189.22916094361253,1315.993060599226
600432,146.656870114,-37.9144139409,-376.48376441172167,218.25680972855739,1320.4794944211674
601867,146.660292524,-41.5228350425,-458.3044717557159,280.5373718061177,1332.1904057505362
600190,146.660895462,-36.7146420276,-398.18171141280544,233.14011951087858,1323.0209278463592
600731,146.668632718,-37.770535023,-295.57254022229796,179.60028810007913,1314.6430404028029
600939,146.669067016,-36.5357339008,-488.8696287971916,307.09620799681807,1338.0351793431737
601170,146.677423696,-38.5390906626,-593.2451402954382,404.9845111223001,1363.8337561605015
600188,146.702080646,-36.9105838708,-151.87574445489224,206.26387531274878,1318.550282110215
601983,146.709748324,-42.7060079784,-282.26195025536924,176.59929671895262,1314.23642157548
601928,146.717904474,-41.5730749316,-457.3237949174134,279.70791266583365,1332.0159821119912
300730,14.6720124901,61.4698725802,-266.24153351337276,174.49410242176683,1313.9551940511033
601418,146.72709,-35.6973500005,-543.9639169285359,357.6842988436142,1350.5436378855525
600980,146.768959012,-38.0063372655,-476.4384171672528,296.13839580261936,1335.5628063338854
601185,146.780925322,-37.9895758941,-597.0727477264647,408.7188975083004,1364.9473240291345
600659,146.789935781,-38.1438990599,-514.4486728437282,330.21529600620005,1343.5297547543773
600727,146.807249677,-37.9020637089,-551.0360177198031,364.37224860131926,1352.33028352717
601925,146.814726696,-41.5396972409,-464.61166115773494,285.9081594654982,1333.331742606784
601680,146.822860729,-43.0687759024,-355.9059125467543,205.61639410115143,1318.4491502204605
601924,146.826830485,-41.5232839415,-604.7526255262976,416.234363869345,1367.2165541199436
601844,146.830698144,-42.9982800415,-260.2765197212008,174.14298316217852,1313.9086112734467
601927,146.832959131,-41.5184462301,-500.7908727240266,317.7818010806069,1340.528005411274
601803,146.843606939,-43.0354657706,-347.3850614822801,200.86902638139753,1317.7171266828495
601926,146.847790306,-41.5083514363,-493.35123912985387,311.09391674212156,1338.9583582874595
601953,146.863906871,-42.9854994635,-300.1427251848466,180.88254249740854,1314.8188294872498
300806,14.6878559024,62.4993718254,-261.9178782955305,174.21594159310837,1313.9182830370648
601191,146.882,-38.0099999998,-552.0668020091981,365.3501362572718,1352.5940936796603
600037,146.885227189,-37.8019511516,-460.682804055977,282.55532874606115,1332.6168143906518
601830,146.906295134,-43.1809425607,-315.37197967393223,186.037868114929,1315.537969260729
601327,146.906375806,-36.3060403228,-260.51793827727755,174.15258565362356,1313.9098840041265
601955,146.910446229,-43.1356263489,-255.07159947863929,174.0307405557484,1313.8937395589785
600654,146.919,-38.1399999996,-598.4845043768555,410.0981933884984,1365.3609736675517
601956,146.922652516,-43.161032615,-294.9199793277067,179.42751701104055,1314.619448378367
601933,146.92279975,-43.1770444283,-287.7249061631537,177.6966102475824,1314.3843218356556
601831,146.926512301,-43.1688994447,-435.5850742477472,261.74583452860577,1328.3602455986745
601804,146.927766757,-42.9980801895,-335.3826191636392,194.72322461638132,1316.7942870467264
601934,146.930597565,-43.1985548811,-287.4168864271706,177.62971325293134,1314.3752794480781
601832,146.931259038,-43.1646400293,-435.9395341013727,262.0317383088991,1328.416610884958
601733,146.935213985,-43.0099555495,-221.60882970197468,177.60334921937138,1314.371716771109
601833,146.947829324,-43.1643998523,-317.89690935912023,187.018533481929,1315.6770090184089
600942,146.952457742,-36.7270462677,-294.3837117008006,179.28748235943667,1314.6003428893055
601986,146.956191327,-43.0272737709,-175.76345933559185,193.64943727528768,1316.6359271837186
601709,146.956210189,-43.1232560369,-272.14071977104487,175.07368537600942,1314.032288608249
600560,146.956675116,-36.139284056,-515.2842358988202,330.98211042720476,1343.7184294400151
601761,146.964390782,-43.3352855964,-328.4477760919504,191.48212989793475,1316.3189075084138
601708,146.971868543,-43.1317825516,-272.8479008783271,175.15857383096173,1314.0436013239403
601230,146.981068364,-37.7268887334,-322.5172372467284,188.9016819239049,1315.9460116690102
601179,146.990020414,-38.0477596319,-559.0953094715152,372.0381413026713,1354.4159031766576
601768,146.994331256,-43.1145543642,-223.05846550856504,177.2976609868282,1314.3304458108298
601840,147.001831137,-41.5345793484,-529.0865876241309,343.7437188548056,1346.9186331943092
601740,147.009394217,-43.2979297533,-194.3622008433157,185.72287286324317,1315.4934609105705
601922,147.010437464,-43.0856235288,-199.3735935423404,183.90370430107123,1315.2378616241058
600563,147.019031782,-36.2560747537,-474.14848088859407,294.1421100478936,1335.121582889484
601397,147.022923659,-36.0975298546,-580.4723115246713,392.58033544945346,1360.201962936203
601885,147.04752115,-43.0135767668,-433.41583349011614,260.0015628849449,1328.0176478106414
601888,147.047719361,-43.0172403911,-433.47196871199515,260.0465825785952,1328.0264625769703
601725,147.055895937,-42.9359196414,-252.42375741734853,174.0432211122294,1313.8953927193043
601685,147.056566302,-42.9818463612,-211.24619678133615,180.1696066115896,1314.7209389602303
600935,147.064334098,-36.8814696174,-239.6855093125905,174.75778417422734,1313.9902371491883
601884,147.064396343,-42.9939878322,-433.5467727877558,260.1065842682551,1328.0382130697872
601783,147.068891786,-43.1559877076,-229.52165581926945,176.09754776126735,1314.1690935802085
601963,147.069034454,-41.4980587474,-359.2917018913298,207.58577978795762,1318.757717006452
601829,147.073848432,-43.0729154167,-244.8343879025315,174.33878532314637,1313.9345768575558
601836,147.076649507,-41.8458381802,-430.15693774823023,257.39892434787527,1327.510552293027
601822,147.080957808,-42.5943475391,-375.3759506555729,217.53726122663525,1320.3607538153653
600036,147.08099613,-37.9731872578,-622.6163711079748,433.82477541744237,1372.6740312105744
601672,147.081430007,-43.1397649783,-181.65866296021176,190.9442155403242,1316.2407658335933
601698,147.081443922,-41.7138849673,-552.0217047511786,365.3073371233726,1352.582533803414
601673,147.085216508,-43.1307175945,-181.3502014259206,191.08145996677237,1316.2606825917605
601187,147.0854509,-38.1434012669,-582.6562875723665,394.6947748721582,1360.8137365213795
601305,147.089,-37.4059999998,-297.8368926813321,180.219860634985,1314.7278267235345
601726,147.089920571,-42.9650308138,-252.173264097729,174.04683171786738,1313.8958709977446
601776,147.09359235,-42.9852974625,-389.89578882315703,227.28680626240015,1322.0020243913607
601825,147.0937549,-42.5393146076,-305.7856392208276,182.6372505406133,1315.0613770767238
600395,147.09389894,-37.8103830413,-466.6757187048859,287.6789875387115,1333.7125852541067
601918,147.097508931,-41.1102554333,-535.3615719875836,349.6014417753033,1348.4254626360573
601920,147.097622452,-41.1266102427,-434.25900993295227,260.67844333511744,1328.150334492867
600564,147.098001253,-36.5937633066,-317.0705017825877,186.69374979206913,1315.6308815185657
601681,147.098252058,-41.6185747914,-515.6953117783393,331.35961336408536,1343.8114650361824
601895,147.101536216,-43.1687782777,-228.33621190738177,176.29760623810077,1314.1959162009211
601797,147.106229883,-42.6180009861,-182.21947640934653,190.6959278114913,1316.2047701926097
601824,147.109910417,-42.6314989642,-307.1171804825596,183.07840233321514,1315.1227173137788
601886,147.110507161,-42.9604025334,-263.47132159788396,174.30155134854562,1313.9296370035968
601683,147.110529243,-41.5912490971,-514.1461093816552,329.937795399914,1343.4615770565415
601921,147.114290873,-41.0669808438,-457.93662783666065,280.22606754861715,1332.1248849592355
601682,147.11483902,-41.5811606573,-490.3827298953537,308.4432428342833,1338.3449832700176
601827,147.122821786,-43.0434836013,-185.24911703346189,189.38245377597408,1316.015111612364
601826,147.123549016,-42.5273012616,-305.5723912116719,182.5675516061442,1315.0516990192273
601917,147.126711619,-41.2105652356,-359.3783717280795,207.6367915018182,1318.7657477274213
601973,147.127282595,-42.6604108876,-182.65852487901103,190.5026653531376,1316.1767836049014
601964,147.135748656,-41.589489405,-490.9998977153883,308.99346759894905,1338.4718985517468
601958,147.139334661,-41.2229894317,-319.4061984502765,187.62118857153843,1315.7628093979902
601887,147.139514369,-42.918571686,-263.14190216586525,174.28205293831064,1313.9270505512425
601736,147.139521487,-42.460300627,-177.11267277565102,193.01513835314938,1316.5427846550906
601798,147.139940073,-42.9391774197,-262.91906691353677,174.26927339042481,1313.925355506134
601892,147.140077779,-43.1601705459,-227.9468388470924,176.36529365622735,1314.204998088328
601710,147.140495228,-42.1683731659,-461.6882158394641,283.41106788311004,1332.798519504182
601828,147.14377166,-43.0348998016,-184.6011748298463,189.65938827929168,1316.0549926793976
601424,147.147861858,-33.0896128747,-637.3934199649993,448.4808199866202,1377.3761672432718
601823,147.148393863,-42.4099067009,-404.32999370372204,237.6077807941001,1323.8155149747233
601893,147.151416235,-43.148351832,-227.87262578029538,176.37830530804652,1314.2067443051844
601894,147.155458108,-43.1262800521,-228.20029179711625,176.3211233117541,1314.1990711912001
601781,147.15632988,-43.2356168382,-263.712164461125,174.3162644853096,1313.9315888804892
600566,147.160463687,-36.7896815658,-236.5017467972067,175.10464431055948,1314.0364137469792
601821,147.160623626,-42.4642782994,-410.4328028136,242.1407675411342,1324.6366337601057
601919,147.161298802,-41.2603907148,-293.9171958802405,179.16709387259772,1314.583929507982
601307,147.167,-37.4899999998,-298.8496569941864,180.5069962056163,1314.767217370843
601834,147.168886817,-41.4523520206,-283.61582261218825,176.8535527554404,1314.2706111437308
601817,147.172622549,-42.3643790771,-372.190043650876,215.49153688832683,1320.025250767722
601904,147.176820018,-41.4438038579,-467.33213532000843,288.24347951166936,1333.834458872198
601734,147.176918797,-41.4311721089,-360.4590012779971,208.27530226662384,1318.8664305865655
601780,147.181453109,-43.2104435471,-263.4601332590666,174.30087724463044,1313.9295475793754
601818,147.182018849,-42.6836395465,-438.26610356684006,263.91440580413564,1328.78925107966
600035,147.182080646,-38.0226632269,-633.6115968173965,444.7214860231829,1376.1566990443214
601858,147.185373725,-41.7550771417,-552.3263778831142,365.5965129247588,1352.660663454304
601905,147.189350883,-41.4555137899,-494.20361215705066,311.8569472027992,1339.1358466236888
601816,147.193574333,-42.6938736404,-432.35831515600455,259.1546332012152,1327.8520942121345
601961,147.202174746,-41.5977941397,-513.9137130593758,329.72471069226043,1343.4092619283929
601815,147.214368528,-42.3350349167,-407.9110355815925,240.25614642780104,1324.2934252235157
601735,147.214872637,-41.4308362179,-325.5655815434683,190.2055187043915,1316.1338076120915
601951,147.222979685,-41.4942566631,-400.71717541739525,234.97010251507868,1323.344629818643
601762,147.223433309,-42.3179349843,-338.9304159762237,196.47095111067637,1317.0538693706603
601898,147.231613326,-41.4893516607,-447.1541264317776,271.2004052584696,1330.255509293704
600793,147.231629383,-36.4087867293,-301.03983330423324,181.14895096591016,1314.8555063694048
601960,147.23526607,-43.0728403297,-194.7203136437412,185.5882366893804,1315.474459573947
601813,147.243835452,-41.8563649991,-442.7180728593555,267.5457318463563,1329.5152420424133
601862,147.259963332,-41.8231686883,-563.9232384387853,376.65190391787695,1355.6904945151957
601820,147.26454204,-42.6855232577,-465.95083259711714,287.05635668887345,1333.5784236817065
601903,147.264548867,-41.4978863854,-411.60064749310834,243.01892346307318,1324.7974401224685
601684,147.271710806,-42.677615687,-394.9950701683239,230.86558496926625,1322.622008934184
600297,147.272927353,-37.4938922851,-387.94478810847784,225.9380264837785,1321.7708016162555
601975,147.273216893,-42.6932560413,-422.83108902986936,251.62956409801083,1326.4039722957893
601971,147.302360266,-41.3886099694,-322.3758120074525,188.84236462572986,1315.937498086946
601913,147.30691178,-41.3645028614,-279.73492461300344,176.15617561621957,1314.1769509474846
601492,147.310349925,-29.0267689455,-677.8753381583582,489.04622268422025,1391.1133196528594
601819,147.310611804,-42.4014883102,-346.83787578171786,200.57473497047488,1317.6722978428174
313142,14.731400633,51.581754768,-488.6745022361653,306.92269929341603,1337.995367531387
601974,147.322421201,-42.68919166,-275.7179920183928,175.53674695596848,1314.0940642609182
601914,147.332262878,-41.3106884829,-281.32840032896945,176.43081416384956,1314.2137924936007
601724,147.335544994,-41.3564373287,-215.7676549885341,178.96846791870576,1314.5568731337048
600779,147.339803075,-37.6020677161,-316.17342589606983,186.3453854797758,1315.5814923004582
601970,147.344313929,-41.3304698786,-318.56092866655007,187.28216772495534,1315.7145095124752
601686,147.351572526,-41.3314192796,-195.48760767829168,185.30214992760676,1315.434128704926
601687,147.364389816,-41.3229075799,-148.04734362119086,208.5111556479718,1318.9036970998097
601406,147.368273577,-35.0978524819,-579.9840386064328,392.1079877636214,1360.065709538304
601696,147.372585536,-41.0186296018,-460.520435821263,282.4172797004759,1332.5875506199627
600781,147.372648257,-37.7646097105,-522.8714192654309,337.975557066865,1345.4581143122043
601529,147.376904853,-35.1108492699,-584.9637906124678,396.93178122410154,1361.4642482047161
601985,147.381025976,-42.5521206446,-332.75155745773924,193.46586062938675,1316.6089394436617
601959,147.381739316,-41.3060052335,-208.45656092607155,180.9723654066477,1314.8311896341568
601897,147.384337557,-41.4947711211,-276.29970979158617,175.6199573940552,1314.1051821026292
601864,147.393532783,-41.9107140056,-259.5394813004561,174.11607672616907,1313.9050454155383
601721,147.402119531,-42.556461928,-397.54638137191364,232.6843554092062,1322.9406900712113
601968,147.40680146,-41.2937954775,-302.42494877032215,181.56965428712726,1314.913533108486
601712,147.410820828,-42.5148530085,-425.6881963677413,253.8659347710128,1326.830046777301
601896,147.414120175,-41.6024770281,-345.32978155455135,199.77043508904384,1317.5501079388066
601719,147.414492877,-42.581328189,-400.2111796021725,234.60348794428197,1323.279583742422
601699,147.414694517,-42.5144225995,-187.1559291096592,188.58015943881767,1315.8998961653065
601715,147.417884048,-42.4267101093,-425.7459416123693,253.91131733881548,1326.8387306928553
601749,147.418525236,-42.7557853335,-302.22552769170625,181.50838503283916,1314.90507415217
601694,147.41941514,-41.0811073739,-459.2698713542963,281.3554107596733,1332.3629112811716
601857,147.422898826,-41.9305927532,-438.49787399856825,264.1025279708561,1328.8266273199417
601490,147.427153651,-29.1016381827,-523.3732300391742,338.4399901910682,1345.5748537909085
601760,147.430892744,-41.9189877582,-494.19343521233634,311.84783196944784,1339.1337239043528
601901,147.432030843,-41.49321158,-275.85060828699625,175.55552258045861,1314.0965724414596
601910,147.435430476,-42.7398668512,-282.771635169005,176.69363952039538,1314.249102126708
601727,147.435912533,-42.5309195169,-225.101822619189,176.88938244489051,1314.2754330107632
601718,147.435940504,-42.6883579479,-464.3704816210589,285.70166041935926,1333.287477988252
601711,147.439209595,-42.6106687285,-408.8963835957519,240.99063268586127,1324.426874250227
601720,147.439645335,-42.7313432565,-503.29626018781664,320.0479221589587,1341.0670127447627
601491,147.443885459,-29.1143512198,-524.3705435823505,339.3636978064647,1345.8074823624559
601716,147.452727024,-42.4312203526,-425.8498006868477,253.99295931508468,1326.8543565800762
601717,147.456353774,-42.6642034519,-460.99748259852174,282.8229927159302,1332.6735929711708
600787,147.457,-36.5310000004,-278.07073529651564,175.88684780880155,1314.1408765524384
601232,147.457,-37.0889999996,-374.613319192233,217.04435810969647,1320.2796346157675
601695,147.460739845,-41.2351416037,-327.4015354633788,191.01384681400322,1316.2508688956593
601843,147.460768351,-41.1526135518,-376.12823363888754,218.02542911888654,1320.441270157961
601812,147.463451439,-42.6941115474,-262.02272751440626,174.22121328322723,1313.9189820349557
601989,147.464289266,-42.6479435536,-359.5966752005205,207.7654106676401,1318.7860046511669
601697,147.464527445,-41.1476377554,-371.8052064292738,215.24682925148113,1319.9853248035413
601703,147.464993603,-41.3219434308,-245.56184347335673,174.2937939668893,1313.9286079575509
601969,147.468884426,-41.3180526915,-304.23230074204037,182.13559774227056,1314.991800795286
600088,147.472789176,-36.9314488606,-290.7811361808113,178.3925933100289,1314.478595315181
601859,147.476229517,-42.0190338255,-499.3424658943521,316.4748571685146,1340.21878639785
601982,147.48119406,-41.0140322904,-468.448287710068,289.20478133656576,1334.0425277111015
601714,147.481194688,-42.4557082917,-420.49051356063575,249.81095374349948,1326.0601693754816
601909,147.488999434,-41.5015408627,-363.37866404020554,210.02312956596913,1319.143576395905
601861,147.490621908,-42.0316008806,-553.3951195390342,366.6114214708037,1352.9353253377408
601759,147.498152202,-41.9308979702,-519.1754754363766,334.5620602619251,1344.6047123078956
601793,147.502072509,-41.0103548041,-558.4636083004854,371.43563136502837,1354.2505264689512
601946,147.502085055,-41.4855356584,-233.75620022834397,175.45726766687594,1314.0834497744122
601899,147.503216616,-41.480762444,-352.8293297545598,203.86717908799687,1318.177486874659
601788,147.505902514,-41.2566543134,-283.45113403060896,176.8219987194841,1314.2663654773517
601784,147.506164652,-41.227175701,-270.00335316936014,174.83712824063235,1314.000792087024
601794,147.51054959,-41.2683971724,-142.8957729257199,211.6248372871442,1319.399534618193
601981,147.510671772,-41.0724603872,-439.48876798316167,264.90796904759867,1328.9869420949244
601415,147.511000365,-35.1939092698,-373.4871943252358,216.3201964349576,1320.1607809579687
600788,147.51125,-36.5567899996,-248.51970488488135,174.14720455872032,1313.9091707760895
601713,147.523359387,-42.4889483714,-408.8949359652987,240.98955180965072,1324.4266775761166
300265,14.7524945038,56.1899831483,-553.4194993858703,366.6345828592192,1352.9416016747539
601906,147.526780627,-41.4518548206,-263.3990240370236,174.29721009827597,1313.9290611147685
600791,147.52704612,-36.5603477299,-261.7561453591371,174.20795371781273,1313.9172239271552
601846,147.531593539,-42.3352648327,-272.9190234207011,175.16729303261744,1314.0447635991209
601900,147.534320839,-41.4730619234,-345.4825410150755,199.85144892587968,1317.5623939046181
601902,147.534777198,-41.4065286928,-216.60045609013923,178.76088284873038,1314.5286278475462
601789,147.535654892,-40.99752224,-494.98101592302953,312.5536035688892,1339.298254795321
601790,147.544206624,-40.9945675648,-495.0171732461815,312.5860223353393,1339.3058207718368
601854,147.556106556,-42.3518393091,-295.65747750270197,179.62296689909928,1314.6461388645728
601847,147.560228492,-42.3727157678,-295.22346333764864,179.50754389998554,1314.6303733410768
601787,147.560738714,-41.2062992923,-347.62660593065993,200.99935063565871,1317.7369992338574
601966,147.566477939,-41.8142322826,-397.1806980218936,232.42253885399,1322.8946657845547
600784,147.569137009,-37.8182263199,-560.6592806672396,373.53101430374187,1354.8267338817448
601485,147.56924,-31.1178899996,-589.1212958809632,400.96981909448533,1362.6470034526767
601775,147.573779433,-41.468722826,-265.22399791314456,174.41744433626567,1313.9450160043566
601860,147.576799408,-42.1644905596,-354.00900590211575,204.53328823944193,1318.2806704916572
601792,147.580239574,-41.1858442406,-306.5264117253114,182.88141262182145,1315.0953088185083
601801,147.58466526,-41.2142055319,-169.32910550538153,196.7945484480343,1317.1021807334312
600780,147.585513692,-37.8267589987,-643.1015816978074,454.1655880436811,1379.2376305615205
601728,147.593495418,-42.3891782162,-348.2881378331838,201.35757376308305,1317.791687902777
601863,147.603125443,-42.1802631709,-370.76000771716684,214.5848648912527,1319.877541453862
600790,147.610355079,-36.9477420319,-356.11854115336325,205.73871653792514,1318.4682323349953
601791,147.614376452,-41.1112665664,-428.3854544018797,255.99334897214138,1327.238733202082
601785,147.614453866,-41.1344942893,-429.0622271987337,256.52955798425955,1327.342259672875
601908,147.61510356,-42.4229449889,-343.9224537212154,199.02895331858616,1317.4378863737697
601750,147.617943131,-42.3071695064,-307.58091450229836,183.2344390373229,1315.1444482805746
601786,147.622727143,-41.0472923351,-464.8106903001839,286.0786352945805,1333.3683083701608
601853,147.635402809,-42.3938269535,-401.15659737175736,235.28904670587127,1323.4012980549974
601679,147.638937144,-41.0893410976,-407.76204860004395,240.14530478440557,1324.2733205814764
601907,147.639755824,-42.3980163359,-374.3747570074265,216.89058235560452,1320.2543637149804
601915,147.639854716,-41.0646392526,-283.6884241188424,176.86751802626432,1314.2724904397357
601751,147.660135378,-42.3317767364,-351.1276893581277,202.91656426026145,1318.0308009470352
601851,147.68138525,-42.3978290519,-404.5503409755238,237.7697764493711,1323.8446006940082
601911,147.689938354,-42.3934905195,-262.16794702650157,174.2286358963396,1313.9199662689482
600914,147.69380249,-37.5854248607,-323.7626021778374,189.42852840690065,1316.0217428174576
601912,147.698243903,-42.4104238749,-262.20834483384,174.2307257663326,1313.9202433918726
601865,147.698291747,-41.2723673597,-275.5051131009229,175.5068477755275,1314.0900706610628
600820,147.701750507,-36.8671666293,-326.91844764669423,190.799491046669,1316.2197787518473
601944,147.702149582,-41.2765295311,-277.9851304398657,175.8734787393009,1314.1390872802458
601837,147.702858447,-41.2232281457,-247.11444860356886,174.20956794094567,1313.9174379526537
601706,147.706057879,-42.8648395665,-439.7985176794894,265.1601300086076,1329.0372285004196
601752,147.706882693,-42.3517766581,-326.89889950565123,190.79084207386018,1316.2185250227817
600915,147.710705973,-37.7356864871,-490.2104518994856,308.2897331790084,1338.309612824132
601855,147.714444133,-42.3559912314,-395.10141059337855,230.94102282997477,1322.6351788076897
601845,147.718351334,-42.3476885727,-394.7784945028198,230.7120465741382,1322.5952172257096
601942,147.731016095,-41.2142602909,-437.6372600313697,263.4045095562952,1328.6880731941892
601154,147.731226771,-37.2687422575,-424.96878224259274,253.30114411048663,1326.722099688392
601972,147.731434626,-41.7891286095,-515.7034847888477,331.36712054078214,1343.8133161899325
601941,147.739435387,-41.1688733992,-417.2967780107924,247.3495010110661,1325.5986707311977
601738,147.747006053,-41.2236257927,-381.0022693639645,221.23437868056692,1320.9749091122326
601795,147.751684472,-42.2803125611,-333.90690957401375,194.01387881300053,1316.6895782096706
601939,147.768694674,-41.1524185558,-408.30421414429935,240.54892992883254,1324.3465739313863
601796,147.768766128,-42.3111226897,-256.86768599166584,174.0489903139037,1313.8961569405642
601151,147.772556242,-37.1597955015,-276.2226815726358,175.60881238324438,1314.1036927048594
601848,147.772821639,-42.31453478,-256.71522906024745,174.04660260722565,1313.8958406483414
601737,147.777334389,-41.2643046051,-167.2992633111391,197.8269556349222,1317.2568331838997
601979,147.781304349,-42.2103702204,-350.9883709512119,202.83927383941202,1318.0189039636703
601891,147.806443816,-41.2689255885,-179.76924811288802,191.79240792818322,1316.3640787915724
601936,147.810591907,-41.1480338495,-318.85741504779185,187.40064656382827,1315.731379319668
601947,147.81871979,-42.2730923135,-230.56428267602405,175.92909553011754,1314.146531726177
601852,147.826845847,-42.326906358,-273.57495238486496,175.24927078355483,1314.0556940647768
600494,147.827,-37.4820000001,-295.478037288079,179.57510685320614,1314.639600497123
601916,147.830637437,-42.3350715597,-323.4120887277465,189.2794281135521,1316.0002895519774
600908,147.831519035,-36.4434809652,-219.09137846591022,178.1656199637021,1314.4478111857256
601923,147.832152008,-42.555988882,-345.16628533295454,199.68384158821593,1317.5369811831933
601535,147.843591306,-35.0311373123,-424.29425894899805,252.77261645359314,1326.62129329462
601945,147.865739606,-41.1270472027,-355.40219034428713,205.3273422776052,1318.404102572758
601483,147.868541004,-31.7351971886,-603.1868195646717,414.6996847145305,1366.750119332801
601153,147.872878139,-37.6731514809,-550.3648056068971,363.7358972364683,1352.1589637066763
601152,147.881247905,-37.0020510024,-253.56711694203187,174.0320743013886,1313.8939162198517
601988,147.881284923,-41.1312510231,-270.4903788519008,174.8883817043167,1314.0076127058965
601967,147.889788822,-41.4645304576,-514.7717764425264,330.5117343509259,1343.6026446600765
601674,147.893480986,-43.0729884467,-281.0005965273005,176.37298119034728,1314.2060297715368
601489,147.902263642,-29.1145581778,-518.93155522465,334.33722911661056,1344.5487878717036
601849,147.905983441,-42.3348211257,-315.9176716405442,186.24687043891225,1315.5675417636996
601943,147.935074945,-40.9145468901,-620.7534640742281,431.9836304730019,1372.0932611125709
300834,14.7943816522,62.7936948007,-292.8809930170022,178.90447303748124,1314.5481621708323
601938,147.947692243,-41.0843977632,-416.3038166739161,246.58902679986517,1325.4569809435532
601991,147.951661718,-41.0813516719,-287.6075982214924,177.67106244465168,1314.3808681748626
601965,147.960521213,-41.6316607295,-457.6974638555782,280.02378075292455,1332.082346546585
601937,147.976837707,-40.9482836459,-494.9535830017784,312.5290081358021,1339.292515143814
601423,147.98991926,-33.4016001085,-571.5092047541962,383.9322407854123,1357.7312052495527
601842,147.997883161,-42.2854028796,-274.1284103345885,175.32063593690867,1314.065213594522
601700,148.001620527,-42.2615371516,-266.31594870211984,174.49997857818573,1313.9559744213966
601935,148.018572599,-40.9519467332,-491.46679865248063,309.41002747286547,1338.5681250106973
300402,14.8024176609,57.7353210332,-465.22903702658294,286.4371592484316,1333.445276864486
601940,148.035197178,-40.997827876,-372.6605680047839,215.79144007198414,1320.0742425341973
601869,148.036008132,-42.1223644911,-427.3379272866266,255.16529201435213,1327.0792690878204
601195,148.064617744,-37.4479547733,-350.73810990832186,202.70064134735284,1317.9975759448582
601929,148.076419219,-41.2479809897,-218.14164497897434,178.388035069616,1314.4779767078232
601977,148.076969618,-42.0473922949,-526.0464442954719,340.9179286029531,1346.2002429938952
300420,14.8087156764,57.901851486,-484.0342848103895,302.8104360556727,1337.0580467496995
300506,14.8092000005,58.7774000004,-449.881608225951,273.46483359514036,1330.7190069308817
601978,148.102048324,-41.8475688583,-338.85201092283165,196.43168832200342,1317.0480129330622
601393,148.106118686,-35.9267327564,-308.45563437097826,183.53211872703474,1315.1859559766935
601407,148.108402239,-35.0732555228,-510.0980661282439,326.23381384223893,1342.5567256127197
601414,148.164860597,-34.9314622381,-385.41159966883845,224.2041717163243,1321.4755278887676
600180,148.173,-37.4935782241,-308.0062594476484,183.3786431869707,1315.1645474886361
601954,148.181128963,-41.4439587609,-375.0673204407597,217.33754678770836,1320.327864372177
601537,148.185107164,-35.027572239,-446.06013293800305,270.2958220673088,1330.0713859116497
601677,148.214652627,-41.0476965672,-461.64563863018907,283.3747971436281,1332.7908072349865
601782,148.21864862,-41.2892895631,-442.3989117692091,267.28416946513255,1329.4626310809042
313127,14.8232851396,50.8617266335,-397.92662668200893,232.95699501527278,1322.9886702917906
313128,14.8233875576,50.8725493064,-397.50121743339,232.6519993024892,1322.9349995269383
601678,148.235263759,-41.9355313176,-338.8683951415433,196.43989065948463,1317.0492362991617
601484,148.23952,-32.2192699997,-604.8382477102559,416.31831867624095,1367.2421155959566
601416,148.248327018,-35.3884765959,-248.40887663627007,174.15164391574663,1313.9097591815244
601739,148.252852999,-41.7811747668,-300.92959371235116,181.11595593973385,1314.8509610179622
601541,148.269287441,-35.3637997889,-251.95244259790118,174.05036290543816,1313.896338765509
601094,148.273192741,-37.4976545694,-329.24436500409973,191.8423633294217,1316.371358151533
601125,148.327597157,-36.9561996436,-270.8581004826373,174.92811661739879,1314.0129018305736
601027,148.36,-37.4100000002,-347.0959013590202,200.71334539240993,1317.6934041014654
601095,148.360376803,-37.6602621829,-357.96829677923915,206.81054980155898,1318.6359102129434
601412,148.37730496,-34.7899837804,-397.764537306752,232.8407259189783,1322.968202127463
601475,148.385578785,-29.9228956067,-536.0526137382119,350.2485498087251,1348.5933808368666
601466,148.389659281,-30.1434773199,-641.09973616807,452.1705253759729,1378.5819686230768
313129,14.840129209,50.8987174785,-391.0262313585491,228.0735592000708,1322.1375150112344
601097,148.414806233,-37.0850659713,-295.9526579429046,179.70212343626199,1314.6569565332989
600311,148.423193767,-37.0853449363,-293.10350618053354,178.96031111487196,1314.5557626621344
601099,148.451,-37.7142913683,-499.9569342546957,317.02902811759793,1340.3497546771453
600129,148.548,-37.5104375645,-378.71262268632205,219.71707827370906,1320.7216416334782
300141,1.48549447206,41.7941120362,-290.2246908844785,178.26153310141837,1314.460815078777
601408,148.575934977,-35.0018889859,-293.85152629094927,179.1502544040982,1314.581634531286
601425,148.664378242,-33.5728290707,-404.8373273961295,237.9809551551087,1323.8825458515691
601422,148.685530519,-33.8350840744,-494.5993309923902,312.2114759371991,1339.2184533901773
313130,14.8687375694,50.9226037905,-390.3068360442903,227.57244014133502,1322.0511622875176
601447,148.735489211,-28.935230151,-580.9040380745748,392.9980968846676,1360.3225956915019
313140,14.8750586369,51.4856719921,-513.3765273623372,329.23236756175186,1343.2885066299834
601522,148.80178162,-34.9525488158,-471.5757920725274,291.90801082957114,1334.631165146525
601464,148.818786504,-30.2731440487,-660.2247409277277,471.2904282692262,1384.9710206253724
601523,148.81954,-34.9856699996,-476.09514430854074,295.83868512391933,1335.4963825520997
601458,148.889467957,-29.4765259008,-533.2334933555763,347.6111447066218,1347.9108160847077
600074,148.902,-37.6060000004,-468.11995574869775,288.9218113744479,1333.9812117424244
600364,148.915,-37.4470000002,-319.74664276913626,187.75881347217512,1315.7824410708533
601427,148.93591,-33.9817799995,-358.73196776311374,207.25704873673317,1318.7060113781824
102992,-148.963403175,70.277730639,-346.7044572307752,200.50317714939166,1317.6614072821951
600269,148.981671929,-37.4395573096,-329.3253219484098,191.87915150100957,1316.3767200063369
102978,-149.019590626,61.6956539469,-115.22945122158637,229.93121195032802,1322.4592328018439
102977,-149.025851171,61.7389646915,-113.73927642944962,230.98564329981593,1322.6429705723779
601487,149.081205619,-32.6350124411,-435.78532600577876,261.90732526859756,1328.3920758658737
102987,-149.088226105,64.5701919917,-374.2189176030112,216.79023546483876,1320.237882499512
601413,149.093359515,-36.1687372535,-300.93158651597554,181.11655175111818,1314.851043088954
600226,149.131562436,-37.6103472077,-533.76608428036,348.1088988747944,1348.039267109722
601428,149.14424,-33.6137200001,-284.31358373133526,176.98916079518457,1314.2888659776734
601549,149.182207335,-33.6186024455,-300.9646636323365,181.12644464095732,1314.852405839594
600225,149.198366373,-37.3730000001,-382.89540258941827,222.50183554399518,1321.1877712930668
313131,14.9226317108,50.9983351698,-395.6571393799952,231.335782929774,1322.7041636955807
601429,149.259832797,-33.5480125326,-330.1248385150797,192.24422004537462,1316.4299830734444
601441,149.489775827,-28.4981694198,-622.0413110731524,433.2562721920592,1372.4944654123942
601298,149.493805482,-37.6890000003,-482.72289164205915,301.65316218265434,1336.796428200154
300699,14.9510192722,60.9051547755,-436.31060343437315,262.33130312025617,1328.4757328572723
600413,149.519229239,-37.4151146196,-487.6763486183845,306.03585851530596,1337.792213645712
410218,-14.952125815,16.6561271793,-588.071933234594,399.9497062801227,1362.3471759237625
102980,-149.525953213,63.2684987,-246.68930082735625,174.2310328732879,1313.9202841154356
104354,-149.539414761,63.2748173755,-80.63176534614468,255.90339387192125,1327.2213858995274
300615,14.9567554647,59.9272863446,-467.8803142370815,288.7153780224168,1333.9365163681973
601471,149.6817,-30.2595399995,-650.1419388857498,461.19394905791586,1381.567920459045
102975,-149.684132703,61.2371270729,-160.4004264752823,201.47440525632453,1317.8095447246103
313139,14.9692428877,51.4152962813,-532.7734319471922,347.181367684371,1347.8000453557959
601488,149.756118878,-32.706482134,-215.75295338018563,178.9721708520561,1314.5573772693954
601460,149.772997983,-30.3312560095,-604.8408719270451,416.3208918465645,1367.2428991155202
102976,-149.850465542,61.2305518454,-364.8201643604132,210.89809301582505,1319.2831636277353
601448,149.852193704,-29.4644795058,-593.6801017081729,405.40849111843494,1363.9597152646484
601449,149.852282346,-29.4225459253,-647.6506393893007,458.70481347838876,1380.7389927506713
313133,14.9855415881,51.097633418,-456.72679568531044,279.203727559591,1331.91020030521
300389,14.9898660274,57.6230394519,-552.7584985420747,366.00676849119503,1352.7716048081663
601470,149.99003,-30.7734300001,-511.8363505675893,327.8223460492105,1342.9436141413764
102981,-150.009282474,62.3547082074,-249.58041900966006,174.10886841016324,1313.9040902033
601392,150.027176382,-35.9223599421,-557.0087219313821,370.0490234029843,1353.8708726888974
601456,150.052346338,-29.6687490137,-536.987549329834,351.1246696756094,1348.821186758534
313135,15.0060435158,51.1809584389,-444.8954882039264,269.33517057058816,1329.8764958822987
601389,150.09393,-32.1274233261,-411.58114559024466,243.0042314581791,1324.7947451210978
601375,150.102218397,-32.3396175116,-352.02942385700453,203.4188024831694,1318.108216117926
300659,15.0135640854,60.5085315506,-261.5958226513081,174.20020779220073,1313.9161969428415
601459,150.255446203,-30.9646811559,-605.1236529654016,416.5981919263899,1367.327361574481
300454,15.0278728676,58.2482656456,-509.6693436908516,325.84249595707655,1342.4616912096346
601440,150.306476431,-28.5478947579,-688.7512491414242,500.03445250410914,1395.014162610896
300990,15.0312874658,65.8410657629,-264.62620928605395,174.37561885239478,1313.9394646040776
601377,150.318963513,-32.4146442009,-324.98698284444674,189.95434657967664,1316.0975320919063
601386,150.335257143,-32.2936082528,-415.9932067868564,246.35161701292458,1325.4128335725352
601479,150.335257972,-31.0355075937,-500.70333501581683,317.70274722169984,1340.5092673257093
601451,150.351481473,-29.8352747294,-475.89400370046326,295.6631443432828,1335.4575077915626
601388,150.351719926,-32.1316224444,-367.0083332435305,212.24117613403268,1319.498532413224
313136,15.0357806342,51.2561511551,-599.0392363312219,410.6404499096184,1365.5239431426564
601467,150.46142,-31.2734300004,-455.4198545274877,278.10199495830824,1331.679683630296
601462,150.485539408,-30.8851482333,-419.3955117416436,248.96438625303492,1325.9009487198678
300477,15.0489960553,58.5357407814,-546.2071193986203,359.80157680835447,1351.1059302910605
102983,-150.520738638,61.5491175937,-417.4870174848744,247.49546181185363,1325.625913978509
301000,15.0560158309,66.0407976274,-266.53023432657164,174.51710492513425,1313.9582489962704
601381,150.573344422,-32.343723872,-338.27104571071146,196.14165200535487,1317.0047865688582
601453,150.586558837,-29.7973755823,-470.1990677152171,290.71631915214687,1334.3710272691278
102961,-150.597936446,60.4850210147,-364.1410111817701,210.4848801001954,1319.2171712590343
601468,150.618763926,-30.3893891683,-378.01333592674024,219.25713573006976,1320.6452028317253
601469,150.689732147,-30.4477277371,-413.3508219148495,244.34122642882858,1325.0406390472099
601578,150.689809339,-30.5853918225,-403.68015163704246,237.130772394151,1323.729981306664
300017,1.50707429584,42.3561544337,-246.44249498629247,174.2440468745422,1313.9220098868548
601474,150.727233095,-30.4060732107,-441.75131661282217,266.75402424217754,1329.3561485333007
601434,150.73171112,-28.7982594446,-712.3915831879993,524.0312809354731,1403.7944449216086
601446,150.847486509,-28.5723733019,-564.5391391542844,377.2416023651251,1355.8544489542014
601455,150.90196198,-29.9184579223,-360.6802770320362,208.40661123364902,1318.8871732638042
601387,150.92365,-32.48953,-602.4626898743597,413.99035946088674,1366.535062821459
601480,150.927113373,-31.1790605136,-433.5841613094906,260.136578477461,1328.044087994015
601384,150.927201587,-31.8102574318,-394.18211538556517,230.28994899221294,1322.5216522993983
102991,-150.929197551,70.1685933889,-516.6572667913804,332.24364412718575,1344.0297240972043
601439,150.931453776,-28.7153033018,-661.9248142543598,472.9962453654099,1385.552419911881
601465,150.943866404,-31.1063860606,-476.24018639386924,295.9653014446128,1335.5244362620608
601376,150.989593423,-32.1103238927,-461.9264974986729,283.61410747125643,1332.841709337839
601380,151.018768406,-32.6479660182,-694.2110351174097,505.5633514366384,1397.0054983820717
601390,151.039730024,-32.3518505597,-471.59886842222613,291.92800870645357,1334.6355391870882
601382,151.047991401,-32.3940407461,-551.714889769808,365.01619631623373,1352.5039311466219
601481,151.055705431,-31.0646480162,-430.0820144643011,257.33934455604106,1327.4990012992203
300997,15.105608439,66.0151249883,-255.82268346691916,174.03574531147186,1313.8944024692448
102962,-151.083415256,60.4865414068,-483.5041943720459,302.34237903372536,1336.9521211897109
601463,151.127203446,-31.0599719838,-430.8748638016661,257.9704144700427,1327.6214802931368
601562,151.131645868,-30.2311544792,-505.86415072857557,322.3775873458832,1341.624898776423
601461,151.139831592,-31.4018863801,-345.7344338879579,199.98526200605423,1317.5826976753774
601473,151.140674056,-31.3431524642,-301.3254612663872,181.2347757243326,1314.867333279576
601454,151.14796067,-30.4809160039,-491.74374174798106,309.6572334436799,1338.6252882781976
601445,151.164463176,-28.7854421186,-477.9338553995014,297.4459208085579,1335.853336260963
601373,151.168695836,-32.5604070029,-636.9579702310042,448.04767203376787,1377.235192916872
601477,151.169341985,-31.0355311227,-332.3706605038497,193.28661274897237,1316.5826122434798
104341,-151.198456739,60.0197808682,-221.1323451233776,177.70672034730362,1314.3856886966203
601435,151.235531152,-29.3935098159,-422.4788270995453,251.35507701444934,1326.3519272556716
601433,151.281326882,-28.9977973761,-572.679817509593,385.05893884572976,1358.0502371336984
601450,151.360652031,-30.4686908538,-497.4627757461228,314.78223882904103,1339.8201066098827
601391,151.362302313,-33.2688330615,-380.6388304784493,220.9923856525705,1320.934402122342
601385,151.406272797,-32.6628010504,-617.8160700290091,429.08364409984546,1371.1830052286593
300055,-1.51433479915,42.9726402397,-238.91533805171605,174.83556140238605,1314.000583608996
601443,151.468891711,-28.9851443351,-434.69110509426224,261.0258677789638,1328.2185677981074
601378,151.469051183,-32.3355027913,-338.6771419766199,196.34422256371067,1317.0349706549337
601438,151.469574059,-29.4562375881,-545.3352680335679,358.9782111404105,1350.8868998800244
601379,151.510221036,-32.3062434179,-370.1491285889025,214.19977579597807,1319.8149886044414
601442,151.518800399,-28.8017371669,-311.40450275186623,184.56771276741154,1315.330871222176
601437,151.602088593,-29.0183523578,-506.9218687630626,323.33920804311674,1341.8562902382075
104339,-151.65445499,59.8545795265,-314.30263349455595,185.63304124710731,1315.4807813862371
104340,-151.685849483,59.9225447262,-346.26275126653695,200.26682867278834,1317.625463802423
102957,-151.786604334,59.8577020608,-309.73021966716226,183.97369041493022,1315.247649288446
102956,-151.832151023,59.7794221523,-378.86486060038726,219.81742583641696,1320.7383392993647
300927,15.1839394485,64.5204215806,-250.41252541406422,174.08405916317648,1313.9008028951891
300633,15.1950983624,60.162573863,-455.0934110799918,277.82724390032274,1331.6223329634959
601372,151.960190501,-32.477275679,-518.6622427991188,334.0890581930019,1344.4870988589596
300958,15.2057917323,64.9949478659,-291.3099560409651,178.5189304388413,1314.4957469383164
300805,15.21489306,62.5000681904,-263.56877027681577,174.30745795757747,1313.9304205678195
601370,152.3025,-31.9192499999,-570.8732972828832,383.32054657305935,1357.5583602994618
300691,15.2309303304,60.7861086046,-270.402805894535,174.87905031150157,1314.006370772892
300807,15.2332415495,62.5098902232,-369.02651808578094,213.4955975961722,1319.7008867113948
300448,15.239228243,58.1938215161,-480.05566287279873,299.3062430695504,1336.2687930705797
300753,15.2429815204,61.7156438905,-286.9917538315769,177.53836249090233,1314.3629370724987
601369,152.468994757,-31.4270631011,-410.5349217126054,242.21742070947357,1324.6506479404463
601363,152.681757507,-29.5058431372,-559.4468217064245,372.3735284730919,1354.508067492178
601366,152.710372616,-31.0065428313,-612.4881757417575,423.83349004107686,1369.5491548222335
102984,-152.91378648,60.0972856396,-182.4594508476005,190.59017298334908,1316.1894522566718
104344,-152.95299178,60.1039248812,66.53863789104376,387.7210388382137,1358.8074418958995
601365,152.985680496,-30.0683518007,-566.2975808212777,378.9266027420268,1356.324235004119
601360,153.293449931,-28.3478923874,-374.9196277093406,217.24209067017986,1320.3121548151578
300335,15.3364274101,57.0187004789,-405.2548892122341,238.28860259019172,1323.9378831041436
601362,153.406124237,-28.7479286445,-573.7788634773849,386.11752586597896,1358.350766177411
300264,15.4023249165,56.1817019166,-501.36174080083083,318.2975489668117,1340.6503607847105
300345,15.4245876274,57.1354143466,-522.2800705883909,337.4285508076913,1345.3208119605054
300915,15.4551446659,64.2432406327,-274.21976707151487,175.33260877625395,1314.0668110466002
300780,15.4696413791,61.9578333506,-371.5934288400029,215.1123889903281,1319.9634086182166
300370,15.4934144751,57.4146804397,-468.6175655763952,289.3507334173818,1334.0741760198612
300722,15.4973640944,61.371268023,-282.56612437686044,176.65539935226585,1314.243961490485
410217,-15.5193395179,16.5188559399,-632.9388521289663,444.05333888314965,1375.9409245920292
300515,15.5391476029,58.9101979934,-306.1199311357063,182.74704196533676,1315.0766295318974
300631,15.5795909272,60.1115645448,-439.2126594559364,264.6833481805233,1328.9421864768785
300497,15.5945059344,58.7027698782,-468.2175253275308,289.0058843932826,1333.9994233161565
300368,15.5978499017,57.4106530693,-459.78960044616184,281.7964195409352,1332.4561089431747
300058,-1.56031178695,42.0277584535,-456.9659585609731,279.40563912592694,1331.9525409597982
300966,15.6419959144,65.2244266628,-237.26543936853548,175.01535378445965,1314.0245181328219
410216,-15.6974918947,16.4528806785,-555.3564381198037,368.47607032669436,1353.44178840366
300811,15.7364049342,62.543618989,-465.4101726573555,286.5924744105659,1333.4786487164558
300271,15.7395519374,56.2690521239,-302.8455285192167,181.69963962067743,1314.9314884176204
102985,-157.460194413,59.3320234513,-538.8831657968525,352.90321627008007,1349.2852701514462
300409,15.7643000005,57.8147999998,-478.27997058235366,297.74897273866986,1335.9208475657633
300673,15.7806048818,60.658345318,-277.51563643364204,175.80100247847452,1314.1293896212546
300397,15.8058745669,57.7231405072,-394.7560577030093,230.69614800742548,1322.5924439899686
102986,-158.087854974,61.878013122,-148.77030168317575,208.08235129735021,1318.8359735445983
300419,15.8442418151,57.902186683,-512.3276982313973,328.2719149209832,1343.0534279468495
300354,15.8535676579,57.2354504068,-464.7364941992163,286.0150766020796,1333.3546730849928
300445,15.854916715,58.0982062902,-361.35213232405175,208.80647016002155,1318.9504168749418
300484,15.8712904423,58.5938664992,-463.1614488524987,284.66781123154567,1333.0663235357997
300056,-1.58902916033,42.8394397147,-257.5213439876216,174.06099067547635,1313.8977466564218
300129,-1.58910120834,42.6354576988,-263.0835565335953,174.27867484206786,1313.9266024777037
300355,15.9105999996,57.2564999996,-512.7628834626767,328.6702979191174,1343.1508570998776
300138,-1.59376730872,41.8224511756,-394.02241284358087,230.1770909653392,1322.5020050643252
300006,-1.59428559077,41.3854819054,-241.3273975626906,174.60507245811118,1313.969935547232
300923,15.9473774776,64.4187470292,-203.45692100986372,182.52657521371472,1315.0460109262876
300790,15.9780814962,62.1973156584,-312.17344462320403,184.84580821142796,1315.369922496037
102990,-160.143435622,66.9796362061,-404.6700984104586,237.85787360091157,1323.860426263978
300512,16.0203394477,58.8265012445,-479.2509431275678,298.5999911690495,1336.1107794341196
300107,-1.60211425141,42.08181608,-440.09914199899646,265.4050358331429,1329.0861120482323
300385,16.0402248223,57.5936802465,-366.84138004627437,212.13807441646924,1319.4819524385402
300701,16.0428033175,60.9274280643,-372.4232248150082,215.64006470948155,1320.0495057768871
300994,16.085020146,65.9704174626,-212.50252768604656,179.82337550414343,1314.673536118986
300906,16.0921254296,64.1155968691,-435.93235771308315,262.0259474590633,1328.4154686451502
300972,16.1219189471,65.4177972758,-268.09015559052176,174.65095920424088,1313.9760339309298
300485,16.1234583132,58.5942578263,-592.5982128829559,404.35410260326177,1363.646691957262
500001,161.302905029,68.7583983352,-474.2218711061694,294.20597706419073,1335.1356549557763
300371,16.1353240542,57.4357063464,-495.1386413722989,312.6949420854411,1339.3312461821056
300759,16.1610824623,61.7965985942,-445.4379754193113,269.78233530501706,1329.9671306601992
300945,16.1737560424,64.7501908306,-445.5303998661278,269.85857230091614,1329.9825973441093
410206,-1.61858357878,5.10924742989,-677.0035645322719,488.16695957722254,1390.8044580805613
300804,16.193743058,62.4752153674,-357.4070547047738,206.48388817808097,1318.5847171384298
300005,-1.62747862851,42.3526458804,-491.3940203010501,309.3450789420087,1338.5531136490372
102988,-162.860085905,61.9117367947,-309.1711766816769,183.77887632945706,1315.2204133067628
300964,16.2877818918,65.1601033935,-289.52843489536986,178.10026008353736,1314.4389536360059
300708,16.2890727859,61.0516737966,-266.2489995159032,174.49469031101808,1313.9552721233067
410215,-16.2977464183,16.1602057312,-511.06957074723107,327.121248215238,1342.772643163313
300822,16.325924275,62.6507304829,-368.9160101734898,213.42652578839247,1319.6897143283334
300768,16.363026458,61.8654045909,-411.1990445617765,242.7165597004365,1324.7420082969777
300696,16.3663541103,60.8827207146,-412.1591477143825,243.44007281930823,1324.8747598351192
300970,16.3673289834,65.3699397769,-363.76522337323075,210.25699123750104,1319.1808301207766
300741,16.3804373315,61.5775981611,-445.84319066965384,270.1166938441552,1330.0349952114761
410214,-16.4061270693,15.9982778438,-536.3456501146757,350.52307461986095,1348.6647048228315
300688,16.4322035618,60.7589599144,-374.3714283421409,216.8884381092353,1320.2540114611877
300346,16.4560565757,57.1439232513,-593.0466346768355,404.7910505311381,1363.776321389984
300635,16.4967362711,60.1915878944,-349.39982337628777,201.9638123035836,1317.8844568755228
300685,16.5272089376,60.7495982626,-471.16396827091444,291.5512530716844,1334.5531811664773
300387,16.5330515441,57.6103385708,-381.911723130875,221.84181463662483,1321.0767770705702
300486,16.5394456946,58.614830698,-554.1546816591394,367.33322165531285,1353.131093399884
300717,16.5835410123,61.2304400864,-486.67501973729003,305.14742896161863,1337.5892544409066
300614,16.6108882215,59.9223410921,-572.9801630211082,385.3481539313415,1358.1322689385547
300653,16.6467112935,60.4654476171,-327.5538991207284,191.08169891116242,1316.2607172793203
300439,16.6603359116,58.0566307388,-504.23638468237084,320.90001507792886,1341.2706214149734
300697,16.6765,60.8912000003,-518.8334518542703,334.24681909734693,1344.5263092519197
601602,167.534200794,-45.8066279809,-376.93768090628913,218.5528433919022,1320.5284569249463
601610,167.685237726,-46.1300186817,-493.3847665396939,311.1239138870715,1338.9653281494275
300644,16.7697495497,60.3064764239,-494.2782034782745,311.92376045003726,1339.1514076187152
300737,16.7814963907,61.5500968098,-364.12861369269336,210.4773533626225,1319.2159703674106
301049,16.8179400977,67.2968638953,-190.93129383933052,187.04833454374398,1315.681245457836
601609,168.268597355,-46.3181554362,-548.8065310727523,362.2598314335172,1351.7626439816036
300949,16.8396134575,64.7924623681,-327.5179033357288,191.06565831373794,1316.2583887598805
601608,168.42725099,-45.7185425536,-484.9435471272716,303.61412333366076,1337.2402910776964
601607,168.552064834,-45.5434993331,-500.97784866490235,317.9506841755045,1340.568050403099
601595,168.714850563,-44.9899404173,-253.5406020723917,174.03223368574754,1313.8939373311473
601606,168.797749655,-46.3893400281,-543.0422038789746,356.8154478825058,1350.3137872514994
601594,168.868613909,-45.0065686657,-283.0748165049099,176.75054680227782,1314.256754210835
300002,-1.69232837288,42.1810386252,-471.1425627979457,291.53271637492736,1334.549131696109
601593,169.280500916,-44.7307365089,-442.1487827384594,267.0793125281491,1329.421460400878
601618,169.301876624,-43.9437063668,-198.12499222346435,184.34378804849,1315.2994687089176
601596,169.4100702,-45.6643663891,-423.9237497259738,252.4827238083079,1326.566088069327
300796,16.9459575803,62.277501182,-331.46286258969656,192.86227023835664,1316.5203817166628
300797,16.9643451068,62.3651217583,-425.01660808031613,253.33865597061956,1326.729262058727
601605,169.747741759,-46.2351682904,-524.8888376005934,339.84409460726044,1345.9287012443576
601603,170.094043716,-45.5978215836,-424.65825116261266,253.05770213714953,1326.675642651522
300853,17.0162302231,63.1873804903,-317.8445461037659,186.99784485020456,1315.674068366674
601604,170.243841506,-45.8480461753,-331.95794096031983,193.09318965010632,1316.554229829955
601601,170.272753956,-45.2559513703,-466.3812691892474,287.4259800121175,1333.6580349474225
300884,17.039267631,63.6938373282,-333.4159945735464,193.78023190877278,1316.6551706777718
601645,170.451090979,-44.7021802015,-306.32682015325844,182.81531421849508,1315.0861185894637
601646,170.490461435,-44.7264426855,-412.814116576083,243.9349381151285,1324.965778511704
601643,170.94075663,-44.1687938894,-396.7264583518255,232.09784254015864,1322.8376577289032
601644,170.976986021,-44.0812027951,-364.88719665391994,210.93897129624463,1319.2896989688854
300831,17.0977393868,62.7661260094,-280.7613955628022,176.33121611419122,1314.2004253424225
601647,171.102155578,-44.9270449471,-522.1654085461843,337.3225238515793,1345.29422257419
301041,17.1247259331,67.0943316526,-119.57839310176225,226.89113021000267,1321.9340547704592
300982,17.1271340333,65.6919750705,-339.3412309577165,196.67714149569204,1317.084643514156
601616,171.297768104,-42.4521891704,-381.2445885664656,221.39596433440354,1321.0019807772642
301040,17.1317604596,67.0671266203,-136.21902231409547,215.8067415666547,1320.0767439431359
601642,171.324689401,-44.2689011257,-551.8691202044357,365.1625390954286,1352.5434337397505
300829,17.1404926124,62.7397242553,-280.1076925858166,176.21895700857488,1314.1853678241455
300827,17.160227079,62.7211028957,-280.57908055311725,176.29963074415812,1314.1961877872043
601615,171.696671203,-41.831122507,-246.68882294230025,174.23105767939344,1313.920287404824
601617,171.786018636,-42.3561755364,-349.5329912594655,202.0367890804914,1317.8956424299495
601599,172.051057537,-43.3606799265,-496.3969774969736,313.82428326404255,1339.595364638175
601635,172.38574799,-41.7648169245,-264.02443538865356,174.3359164614708,1313.934196207084
601597,172.540937817,-42.7897069723,-302.1283876027415,181.4786251181959,1314.900966449065
601600,172.640265503,-43.4185362163,-567.6014161846259,380.1772796347158,1356.6741775917856
311500,1.72734299607,43.2221564024,-528.5925847504242,343.2839952988609,1346.8013816529306
601631,172.822822586,-41.251415837,-266.23178283693414,174.49333518977932,1313.9550921624175
601632,172.91485359,-41.6312622054,-244.06082297363798,174.39049436035748,1313.9414388461703
601633,172.918832845,-41.8976388405,-237.7497938213332,174.9607123774122,1314.0172415419463
601598,173.097735914,-42.8977551292,-346.87217342134363,200.59314277640792,1317.6750999858848
300106,-1.73502136141,42.1976926256,-536.5262564716967,350.69230684453174,1348.7086988204062
601659,173.686558819,-35.2764013956,-267.10410007993846,174.56447103922636,1313.9645409002098
601634,173.951814255,-41.4396587116,-395.504584397624,231.2273281629921,1322.6851996916314
601660,174.045873032,-35.2770232077,-443.09533666231397,267.8551531945474,1329.5775431642824
601661,174.052011083,-35.7351665896,-510.7446103384734,326.8243023443555,1342.7003332079607
601662,174.152233582,-35.6521955577,-479.8446031662726,299.1209265515214,1336.227296867915
300854,17.4166064232,63.1790677226,-267.3311807250967,174.58381729619498,1313.9671112534004
601652,174.207089077,-39.5768792285,-522.6672791867601,337.7866882779475,1345.4106833869268
601650,174.256455021,-39.0480191137,-517.5479985258823,333.06301514982545,1344.2325067690438
601651,174.260996576,-39.281381882,-474.2795982963446,294.2562187500878,1335.1467269431453
300879,17.4411372642,63.6297685779,-353.75230324158343,204.3878495146601,1318.258113277943
601591,174.514648299,-36.3770967167,-414.43120100043046,245.1611875325215,1325.1920872334888
601592,174.614673025,-36.743757889,-376.068205747685,217.98640519472596,1320.4348272609343
300081,-1.74781143947,42.8143761656,-542.4851426732139,356.2906548613704,1350.1752074954713
311499,1.74799722078,43.194111139,-494.46394914077916,312.0901654260173,1339.1901775138338
601663,174.919070377,-41.1976180766,-415.22330896608827,245.76414076212794,1325.3037663413024
601622,175.131195008,-37.4311768099,-595.4527216802235,407.13739079088487,1364.4745930847905
601653,175.143576184,-39.7896024151,-333.1399391441482,193.64935870128627,1316.6359156271385
601620,175.152048011,-37.7980969953,-578.9316026644465,391.0903526652676,1359.7726737001806
601648,175.188714034,-38.9442705081,-375.81211989498354,217.82006263004342,1320.407376485776
601664,175.193115143,-41.0522311655,-227.40709095137697,176.4607343512734,1314.217809558859
601621,175.289568847,-37.7955260571,-545.9790256082538,359.5861120699245,1351.0485676641897
601619,175.348078379,-38.2681032822,-450.2650091301839,273.78417962675707,1330.784669737291
601655,175.44403839,-40.1222679886,-544.6466732200337,358.3283203006177,1350.7143463084105
601665,175.444150053,-41.1979494816,-557.0677042082017,370.10520906332727,1353.886230807339
601658,175.473003152,-40.4353804195,-583.2337078179195,395.25426968935443,1360.9761195192073
601667,175.605819959,-40.7599329863,-234.2984725154562,175.3837089549088,1314.073630189981
601657,175.623237073,-40.3766425066,-571.3610786608615,383.7897322762849,1357.6909143080384
300079,-1.75643059718,42.1813255142,-406.5333974928181,239.23339038327853,1324.1082566271434
300127,-1.75653117619,42.23890694,-520.0680967019126,335.38530256086113,1344.80978631468
601666,175.672929337,-40.997655381,-531.1630372929108,345.6783902775292,1347.4136743030176
601623,175.702206026,-37.5436701432,-515.5575884223085,331.2331197170423,1343.7802795812188
601624,175.718697921,-37.4187105999,-298.3732062443686,180.37114616034353,1314.7485731352176
601654,175.803542497,-39.8104713778,-389.3706258752596,226.9226131767376,1321.9394587366146
601649,175.81449066,-38.9976673205,-373.88571842782545,216.57596676252223,1320.2027153331474
300874,17.583334277,63.5774268736,-416.95447633339836,247.0870834492586,1325.5497301125129
311593,1.76021180379,43.3230958907,-454.13397190261617,277.0207490503287,1331.4543009800598
300089,-1.76041099751,41.5730760769,-280.49115348507866,176.2844742166387,1314.1941546224177
601641,176.077160294,-38.677519286,-452.71333325288987,275.82938463545787,1331.206937189808
601656,176.110619492,-40.2395718813,-507.58402584007786,323.9418008812434,1342.0016209200635
601625,176.297942556,-39.8145276421,-378.9559726417913,219.87751913875326,1320.7483422728596
601628,176.331266439,-39.3771250779,-258.76511950670806,174.0917194961352,1313.9018178657855
301054,17.6475429773,67.3648417919,-47.24427586890529,283.3864249816834,1332.7932795665627
601636,176.502169794,-38.181534743,-319.96949752436217,187.84923737531992,1315.7953473760208
601630,176.635269641,-39.1812146027,-465.19145344380945,286.4049392875683,1333.4383560713297
301017,17.6672868349,66.4794356247,-258.66720847305777,174.0889252811185,1313.9014476357918
601638,176.697618579,-38.4568550998,-299.72259402409225,180.75942730826807,1314.8018979126505
601639,176.747895024,-38.4809877568,-550.075444913168,363.46166686973623,1352.0852204937462
601637,176.765077434,-37.939930119,-595.6279189271763,407.3083564865384,1364.525616270233
601640,176.801796842,-38.0416410614,-558.6244813514244,371.589044366209,1354.2926116932363
601627,176.860550877,-39.5979520572,-589.7008590545796,401.53348623869744,1362.8129735091666
601626,176.927170326,-39.7183265152,-440.09940471869453,265.40524993435486,1329.0861548020928
601629,177.127588015,-39.0730365808,-409.0789003785228,241.12695151287204,1324.4516853927837
601612,177.560992001,-38.4147480933,-364.56859295873574,210.74482814487413,1319.258671672734
601614,177.602743147,-37.8561206951,-291.18589344512225,178.48913554361954,1314.491700887078
601613,177.614975793,-38.2022766987,-259.6383487818162,174.11947515275494,1313.905495772571
311594,1.77808411427,43.3347845257,-403.9041622170206,237.2950786716401,1323.7594247277993
601611,177.881606838,-38.4680942477,-458.64037260818174,280.821831736099,1332.2503373516226
301080,17.7904638411,67.9004086363,-247.4375092801325,174.1940637651477,1313.9153823762438
300030,-1.78626831565,42.831339656,-470.46370258658743,290.9451766264766,1334.420906609345
300031,-1.78632099066,42.7929959479,-373.8969300635524,216.58317030900741,1320.2038970761278
300067,-1.78917908489,41.3356876913,-264.2475269373645,174.35035385213078,1313.936111872361
300619,17.9170346136,59.9585870761,-411.0782844708265,242.62571812002957,1324.7253674959027
300149,-1.79714965555,41.2625782512,-219.39422980751195,178.0958785468045,1314.4383599656746
300053,-1.79790109261,41.3239340023,-204.75515847257114,182.1089038515279,1314.988103769726
300004,-1.79814697163,42.3183069836,-508.46175222564483,324.7412725704931,1342.194827252958
300037,-1.80180142494,41.8691705254,-164.8481440430387,199.0986321099318,1317.44841474038
300916,18.0579230383,64.2331304768,-267.8438801860985,174.628754344403,1313.9730826914881
300920,18.0984200576,64.3242955294,-374.63774169687196,217.06011179931562,1320.282224499075
300168,-1.81894237635,42.6730779629,-393.39933926785153,229.73748613268842,1322.4255641541652
311363,1.8220403299,42.5328819043,-177.95377819280418,192.62422821792498,1316.485531060044
300855,18.2634176863,63.2623348405,-348.17031552190446,201.2936336116724,1317.7819194109793
301082,18.2894768414,67.9241245702,-106.85812251687891,235.935790690639,1323.5164364384416
300130,-1.83142881639,42.4899050898,-464.42666213507516,285.7497545821129,1333.2977846068868
301014,18.3309039729,66.4135957002,-259.3385876895616,174.10937257669457,1313.904157011821
301033,18.3592581822,66.8845506492,-223.24410688481532,177.25947390210231,1314.325295078028
300105,-1.83908120102,42.2522255811,-476.5168496163711,296.206897465288,1335.5779970858707
300996,18.7015535155,65.9823570075,-414.86221328643705,245.48908879591403,1325.252788305591
301055,18.7206424571,67.3934959813,-245.21711907002543,174.31467487156075,1313.931377991055
311587,1.8727898441,43.3514427561,-354.7626833479575,204.96186343465962,1318.3472325819562
301066,18.7323526871,67.6467943623,-379.6974576406323,220.36759107182417,1320.8300175982877
300861,18.8549815982,63.3759929449,-290.26020807373834,178.26984092692686,1314.46194177618
300909,18.8928000003,64.1246999998,-277.35601293467846,175.77668723244489,1314.1261370082811
301046,18.9110860679,67.160149512,-244.47983133155694,174.3619912694345,1313.9376561288352
301022,18.9193057655,66.6002547087,-391.26761386414796,228.24204770563432,1322.166590311053
311586,1.90106539544,43.3683139875,-348.11989342033223,201.26628874686014,1317.7777427092283
301059,19.0588431071,67.486808398,-374.61946463463795,217.04832202170115,1320.280286259827
300094,-1.90629713158,42.0565352319,-297.3267587610178,180.0775689019042,1314.7083292561565
311364,1.9066486849,42.4523982497,-323.82696096765056,189.4559744906497,1316.0256936945025
300946,19.1052987499,64.7321169431,-356.6900004432437,206.0683763754402,1318.5197138973328
301057,19.1152306327,67.414513039,-370.4564345029488,214.3933298430507,1319.846415335923
300929,19.1472696714,64.5234147668,-370.7232737313272,214.5616706046035,1319.8737707396615
300015,1.91803388184,42.4279052696,-325.8213356411946,190.3170901345348,1316.1499363640796
300897,19.2041346561,63.8649119584,-343.12031084618053,198.61028631663896,1317.3747022106777
311585,1.92255247722,43.314239103,-339.79085477686124,196.90370732900044,1317.1184951073303
301089,19.227390371,68.3025976685,-242.22545841055123,174.52910103822592,1313.9598423479713
301056,19.2539901802,67.4076223735,-290.69041294112577,178.3710937433005,1314.4756777046412
300934,19.2698491815,64.5769767893,-369.96503766862514,214.0839900123711,1319.7962020605723
300078,-1.93117435764,42.3188395616,-439.77767856550565,265.14315960428854,1329.033842789129
301071,19.3884435804,67.7048421411,-333.9672565081403,194.04268088546502,1316.6938224959943
300876,19.4184565058,63.5596064781,-399.97944110034746,234.43581735813575,1323.2498678081445
300104,-1.94571842484,42.3308444156,-467.0369939218988,287.98959096703067,1333.7796162407237
300003,-1.94724849897,42.3775537165,-493.47557832259906,311.2051702670398,1338.9842113314226
301045,19.4772515167,67.1184158445,-425.81810786046213,253.9680436217526,1326.8495873213947
311362,1.94783438431,42.4355732433,-452.9246698853407,276.00640024435694,1331.2436265273693
301086,19.4939627211,68.2577788188,-251.94408156547988,174.05050301979216,1313.8963573263065
300034,-1.95176633834,42.7647033335,-273.6824700988737,175.26297747444733,1314.0575221302543
301070,19.6003833069,67.6442237891,-335.01215465976236,194.54416642074762,1316.7678204156714
311509,1.96111648841,43.0804613406,-478.5303501612032,297.9683002265044,1335.9697482105526
300901,19.6769698832,63.9038517986,-265.55107778349463,174.44133508117713,1313.9481875548968
300873,19.7219821809,63.5321706028,-510.39359152677866,326.50366446792367,1342.6223233303092
300132,-1.97289337909,41.9770570273,-209.44894268976813,180.68145142217952,1314.7911800289503
311524,1.97997162097,43.2942502313,-508.77342785355773,325.02535168383093,1342.2635879107697
300090,-1.98529636412,42.5946695274,-469.76596940725557,290.34199080407143,1334.28952323623
311496,1.98917092673,42.952253249,-265.0662698340698,174.40617771461856,1313.9435204828696
311522,1.98945235475,43.3351678097,-324.4170826620534,189.70863526612285,1316.0620906661013
300166,-1.99381725382,42.6353974578,-426.5646626320323,254.55552996392225,1326.962161491091
300888,20.0172841134,63.6699867742,-340.5453521595154,197.2859971362804,1317.1757000719192
311493,2.0021279708,42.9940052085,-327.3604178472874,190.9955560424538,1316.2482146699615
311361,2.0021547778,42.468019208,-266.3240208462428,174.50061820170112,1313.9560593667773
300140,2.00627445915,42.456774174,-226.3395529632952,176.65500760300276,1314.2439088331782
311523,2.01087414553,43.3185828553,-484.7385042489374,303.43279679852014,1337.199133400432
311584,2.01101167954,43.2894911849,-510.5608097793527,326.65639430220847,1342.6594728867087
301037,20.1137741234,66.9282710688,-380.47809053932303,220.88549582973073,1320.9165236538759
301028,20.1353681422,66.7672886405,-354.4916281299854,204.80746032805473,1318.3232365394772
311495,2.01438671582,42.9773798261,-270.9794093991204,174.94142045986968,1314.014672972266
311583,2.01465711984,43.3064957673,-523.4134715110737,338.4772441948304,1345.5842244287876
301031,20.182183709,66.8381061394,-457.96846438008924,280.2530020716052,1332.1305511713338
311498,2.02373301559,42.9855052118,-168.6860516413666,197.11956475572808,1317.1507821822763
300093,-2.02460690737,42.2186887433,-376.53689204491326,218.2914222439532,1320.4852158275694
301064,20.2766082088,67.5163741975,-499.14404944784314,316.2960008767091,1340.17656313058
300963,20.302597877,65.0663687318,-288.6015549045335,177.89026761928253,1314.4105171169142
301098,20.3688119625,68.5830816357,-209.9158497625255,180.54661511835988,1314.7726573155496
300926,20.3992425,64.4261884188,-405.9132759325805,238.77460583098807,1324.0254425741364
311497,2.04791637659,42.9312503503,-264.68757358382754,174.37980282846692,1313.940019874724
301052,20.5336785021,67.2715758852,-434.3664478590631,260.7647937019546,1328.1672853328066
311478,2.05664770831,42.6349419238,-212.48642566777852,179.82775257133395,1314.6741348291414
300103,-2.06047894134,42.3733810961,-476.38110073066036,296.08834181714644,1335.5517086035725
300032,-2.06050685834,42.6813249706,-338.9110811755581,196.4612661920866,1317.052424661863
311581,2.06086144666,43.3700566856,-476.03174726329667,295.78335087442593,1335.484126018875
301090,20.6279928209,68.2752189053,-351.4343582465073,203.0869852775264,1318.0570487588952
301099,20.6812744263,68.5928750665,-303.35140545014804,181.85736527638025,1314.953292516187
311508,2.07322375369,43.1148675755,-339.09307720954916,196.5524979483768,1317.06603655384
301102,20.7488166749,68.9192468635,-310.06759411966596,184.09211516726072,1315.2642194862028
301067,20.8606473212,67.5778497616,-512.4547687252402,328.3882199710036,1343.0818602042166
300992,20.8981533283,65.8595307854,-261.7439223488868,174.20735712706755,1313.9171448272878
301047,20.9209615492,67.1168107364,-497.2282576262803,314.57133972023047,1339.770572884505
311398,2.09330246635,42.5186930512,-244.41466370100687,174.36634757484518,1313.938234225828
300941,20.94315623,64.6412711516,-286.7525992405234,177.48747467756812,1314.3560643377102
301096,20.9509970646,68.501122958,-299.6793517207625,180.74681540684068,1314.8001640833518
301100,20.9537122039,68.6088586259,-362.10329246999027,209.25559884720371,1319.0215941533318
311528,2.09706839366,43.2768072999,-544.2849047222873,357.9870313753923,1350.6238465342085
300050,-2.10339507589,42.4188706329,-436.64649801998274,262.60270339866827,1328.5293523389626
300973,21.0373505618,65.3627339643,-323.5131978749458,189.3223720601097,1316.006466836832
301063,21.0719215806,67.4772245702,-522.5816526237116,337.70747861196025,1345.3907987288833
311579,2.11461455911,43.2559974672,-430.75989442651604,257.87882406399655,1327.6036863817922
300965,21.1501965141,65.1269844258,-310.62500603005526,184.2891870266941,1315.2918172971556
300959,21.209219602,64.9552242866,-504.87155779985665,321.4762463889548,1341.4086018757396
311520,2.12262283977,43.2017449217,-495.4904361734846,313.01049040994764,1339.4049526937588
311477,2.12349219384,42.6267897961,-324.2481408107893,189.6361185794511,1316.0516394366045
311476,2.12586031404,42.6052921593,-237.74578488702758,174.96115829528824,1314.017300915754
311576,2.1266083491,43.3189921674,-444.2306864749436,268.78790868870595,1329.7657688672628
301097,21.341599344,68.52605081,-322.04201479622753,188.70277743662714,1315.917474010506
300163,-2.13479406449,42.8983804766,-310.23970206065053,184.15277631958418,1315.2727113492874
301092,21.3793135221,68.3245520873,-370.8610671889762,214.64869993349873,1319.887921217948
311577,2.13820957006,43.3859716649,-391.75587755495144,228.58339109461664,1322.2255582457212
311479,2.13965125618,42.7089390619,-231.56254094564227,175.7744124132319,1314.1258327318246
301039,21.4363214498,66.9414211709,-374.60604489639536,217.03966623699813,1320.278863314172
311589,2.14409487655,43.2812240893,-478.816355231314,298.2189372255316,1336.0256714276939
301076,21.4416464762,67.7555913163,-413.08648591093856,244.1410356152954,1325.003737906125
311399,2.14780341086,42.5022894558,-190.10655483278072,187.37646971054448,1315.7279360092195
301095,21.5311096286,68.4332572863,-305.5593135738565,182.56328583068282,1315.0511068118951
311592,2.15585984452,43.2353092265,-327.31097931204306,190.97357512760257,1316.2450252862925
311578,2.15848943174,43.2519827678,-561.8437711456085,374.6627609347711,1355.1391975089348
301085,21.6300054318,68.0977578906,-360.3110479268704,208.18761077172664,1318.8525851939382
301018,21.7421900391,66.386120612,-258.3741341644617,174.0809446148376,1313.900390239644
311488,2.17678031225,42.9064461972,-229.89409202258142,176.03656756459569,1314.1609236748059
301005,21.8054326493,66.0411237204,-292.97804511772824,178.9287900649943,1314.5514718366935
301043,21.8116818779,67.0264800959,-401.69896397430637,235.6834318642454,1323.471473152785
311511,2.18247902972,43.1102713671,-426.0982181487382,254.1883305362019,1326.8917693522242
301027,21.8390932591,66.7015569101,-310.7162797088933,184.32162369662757,1315.2963624811161
311590,2.18608053802,43.2646716029,-434.47331608218616,260.85070897285755,1328.1841561189988
301094,21.8655386243,68.3572902271,-320.18792517942404,187.93812151518716,1315.808039841888
311487,2.19005673235,42.8984942786,-408.61102820863937,240.77767372215715,1324.3881411266668
311484,2.20136729529,42.818704462,-242.04947265396405,174.5435670470993,1313.961763900084
311486,2.20158612131,42.8890723498,-238.83549180835635,174.84384897489255,1314.0016863452838
311485,2.20237781437,42.8438118301,-251.665254274035,174.05544354668507,1313.897011801963
311575,2.20325787844,43.2515356948,-578.8706540410891,391.03143939217233,1359.7557305586208
311490,2.20697835075,42.9310912123,-343.347501100365,198.7285716565971,1317.392540356353
311591,2.2075395398,43.3644470231,-402.07422982089594,235.95677300592658,1323.520176998169
311512,2.20979465598,43.097338265,-550.9719493459326,364.3114935337714,1352.313914930517
311669,2.2111375661,43.0560535336,-412.2319243321871,243.49500789289343,1324.8848550204862
301093,22.1285897741,68.3179848948,-384.95666884299186,223.89490646621266,1321.423092478487
301003,22.1350434886,65.9488086688,-422.318861153945,251.23052044339832,1326.3283283546934
311481,2.21895956674,42.7776061026,-244.18120302792482,174.38218588242296,1313.9403361443115
311571,2.22316047609,43.2812958663,-464.933291029163,286.1836770783651,1333.3908493836263
311482,2.22340192311,42.7934235059,-243.16033324976337,174.4557020818043,1313.9500950122685
311480,2.22591692032,42.7606566162,-194.1749904207495,185.79353779357425,1315.5034393264607
311607,2.22611579634,43.4019642462,-356.16724462444074,205.7667608001568,1318.4726087576046
311489,2.22703621941,42.915024072,-235.1386944598001,175.2735333531124,1314.0589300666766
311507,2.22723880643,43.0817283377,-478.76850141067666,298.1769935343813,1336.0163096560975
301081,22.272699482,67.8099786508,-398.87287002930015,233.6372093293579,1323.1086145049107
311530,2.2305311687,43.2576292013,-466.80086416607116,287.7865584645533,1333.7357922117733
300131,-2.23114291646,42.9196604223,-183.8866691667986,189.9672895083894,1316.0994002266918
301034,22.3140198214,66.7775781863,-343.19731253129385,198.65035079250285,1317.380743013909
311505,2.23521019209,43.0479089779,-482.2673466536238,301.251670428453,1336.7058872952673
311491,2.23546677911,42.939811265,-508.1774992904425,324.48227533839133,1342.132186933416
311483,2.23558423112,42.8103976363,-244.3430556473388,174.37116700211843,1313.9388737972458
311504,2.23624446417,43.0350013989,-413.1081910291417,244.15746727411909,1325.0067656505032
311513,2.24708712907,43.0975211961,-477.99286372924433,297.4975760455272,1335.8648389514783
311502,2.25161680345,43.0025144982,-276.0029484577276,175.57723223553413,1314.0994728989829
311501,2.25633977384,42.9647155911,-351.5965149107992,203.1772586305408,1318.0709611468255
311492,2.25635631584,42.9436795023,-288.6987098183415,177.91202656836296,1314.413462115919
301024,22.5672894844,66.5188088649,-392.2820673586219,228.9520369043395,1322.2893387593128
301050,22.5857356069,67.1899982885,-518.1478755407798,333.6152605198339,1344.3694441059017
311401,2.26443251051,42.5475906145,-298.18946969629815,180.3191220177418,1314.7414369217786
301088,22.6507788413,68.175054991,-376.7018874164502,218.39897732224853,1320.503000181862
301065,22.659889916,67.4592794268,-500.32900878160586,317.3647945760915,1340.4292122414445
301029,22.6926424597,66.6797032102,-441.4173470769656,266.4809288874047,1329.301375029225
311503,2.27121519107,43.0352092819,-333.23317098580145,193.69351696656167,1316.6424111005883
301021,22.7242094144,66.3838442918,-405.2434938001082,238.28020073790577,1323.9363709248232
301011,22.7457304331,66.1380923654,-297.6385124158015,180.16433978391788,1314.7202172035195
301023,22.7633939066,66.5034198147,-453.3258771771756,276.3426576503731,1331.3133833290965
311531,2.27773315761,43.4138827932,-314.0959742375705,185.5555313972125,1315.4698458824498
311515,2.28108656388,42.939273931,-269.1937642606564,174.75539487822695,1313.989919380259
300125,-2.28454294888,42.347067157,-294.265094856655,179.25674580726934,1314.5961513374768
311516,2.28543938224,43.1186620168,-472.3746596891834,292.60074498346233,1334.7828498144452
311570,2.30149062257,43.2530790229,-557.2116926406077,370.24238052140197,1353.9237351224956
311427,2.30197827061,42.7275935394,-149.6138710151656,207.5845980133663,1318.7575309837155
311572,2.30201293162,43.3730418578,-359.17663212337067,207.51809836831458,1318.7470649613958
300998,23.04680037,65.8782953899,-484.11894073282184,302.8852182960576,1337.0749850536226
311519,2.30643116498,43.1768563746,-552.0563707604451,365.34023644668014,1352.5914196684862
311518,2.31011007129,43.1565266139,-476.51050426117047,296.2013552216462,1335.576767928012
311403,2.31081937434,42.5605851196,-241.15641071667844,174.6201431312787,1313.971938277634
301087,23.1475977034,68.1580670216,-400.26845714802977,234.64495280242488,1323.2869356528638
301084,23.19138261,67.9590800751,-396.3823126535742,231.85223037883972,1322.7945860660063
311532,2.32284558734,43.2314047271,-372.81900576709234,215.8926003810955,1320.0907828983602
311428,2.33134985504,42.8145402146,-230.5910696726363,175.9248604128719,1314.1459647638778
410203,-2.34318695873,35.1232062093,-583.3560991993994,395.37288605306946,1361.010572780325
301075,23.4762270286,67.6167300238,-436.73236298572215,262.67211694851716,1328.543074655884
311407,2.3562346491,42.5730631087,-235.64369469305825,175.2095396044216,1314.0503958989884
300102,-2.35927604406,42.4653098657,-432.81841743637386,259.52283580682075,1327.9240047906012
311517,2.3598245304,43.1017385784,-403.5165588117504,237.0108649430354,1323.7085065432423
311533,2.36390376474,43.2394099188,-566.0667538014213,378.7053012914593,1356.2624249827722
301035,23.6741053899,66.7530286463,-236.6825288118233,175.0831608743732,1314.0335510996879
311606,2.3731912885,43.3681481854,-247.3792425302966,174.19680858282922,1313.9157462768826
311408,2.37320781151,42.5814155873,-216.878688166717,178.69248435718114,1314.5193281803183
311365,2.38508351749,42.4142350835,-138.95532403387625,214.07343128261468,1319.7944893713593
311521,2.38555166253,43.2352322774,-548.5236809427827,361.99209603567095,1351.6909179935305
300165,-2.38595271927,42.4692917421,-494.6294305850636,312.2384499220178,1339.2247420816266
301038,23.8857873135,66.8014219923,-383.2969998026951,222.77218843285695,1321.2333284219933
311535,2.39336069317,43.2482161165,-504.18308808359,320.8516837719496,1341.2590589342499
311605,2.39390839422,43.3852506799,-159.32241505018374,202.06319870941792,1317.8996913523335
300069,-2.39502326602,42.3402848884,-259.8574159774422,174.1272380394342,1313.9065245370907
311609,2.41036532958,43.2524132819,-531.4062459821828,345.9052350410709,1347.4718890658582
311366,2.41484453495,42.4063711859,-142.81422474835352,211.67493231682656,1319.4075705274802
311409,2.41493860696,42.6228716648,-423.9652694334831,252.51519457178452,1326.5722685491057
311537,2.41892776329,43.2144522557,-485.964343238185,304.51763570436884,1337.4457187672601
311410,2.4226756406,42.6324766876,-221.05565904842834,177.72349046254934,1314.3879561438803
311612,2.43529010064,43.2442041772,-451.52698606450235,274.8370981097003,1331.0016869603342
311613,2.44008404004,43.2149541828,-521.799770255244,336.9845021995941,1345.209505956824
300158,-2.44382527106,42.8729751795,-437.22729924915427,263.0725046996215,1328.6222950571116
311614,2.45932853863,43.1990846755,-483.78658489028203,302.59167847750524,1337.0085205703547
311611,2.46070305175,43.3726226298,-243.56688464135271,174.42559459511128,1313.9460979217347
311425,2.46715744928,42.8528942368,-250.45362856837963,174.08295368437908,1313.9006564262659
311426,2.4806778454,42.8332083552,-250.46780969977377,174.0825749014143,1313.9006062401377
312029,2.48256811555,42.8061494219,-292.6829305629846,178.85502733301686,1314.5414337312418
311411,2.4842844437,42.6441486525,-278.2467087609779,175.91447914853137,1314.1445750631829
311429,2.49191558733,42.8055665699,-291.92830714996234,178.66885640900472,1314.5161164643043
300124,-2.49358347217,42.3399168884,-395.6320795245573,231.31796275956157,1322.7010471339047
311438,2.50183510615,42.8728884585,-252.5263722249339,174.04186328053365,1313.8952128568146
311415,2.50231403719,42.6270513051,-405.9982701014927,238.83742825333516,1324.0367734049387
311367,2.50494515341,42.4064684689,-251.4907867523786,174.05879953382677,1313.8974563827464
300024,-2.5144444349,42.323016271,-258.94553753170334,174.09703622463115,1313.9025223417814
311434,2.51908433358,42.7563836648,-264.7119272008223,174.38147026656304,1313.9402411701312
311625,2.52152675878,43.0060195595,-242.73015302410332,174.48875544001797,1313.954483979145
311439,2.52652397719,42.8773149528,-247.80693875269273,174.17718819027192,1313.9131451811281
311382,2.54035973334,42.4143788665,-170.38529581245484,196.26488105347966,1317.0231447202555
311618,2.54328733658,43.4060606196,-160.54814737909834,201.39411197126697,1317.7972714080836
311621,2.54683985187,43.3063521983,-448.2454819789114,272.10491675859976,1330.4402075696971
311383,2.55645271467,42.4062749119,-205.84270381694742,181.7665935176872,1314.9407419016713
311440,2.55655748068,42.8815000862,-255.08516964101688,174.03079748005533,1313.893747098843
311441,2.58929126138,42.8647803898,-250.38626594825885,174.0847713330495,1313.9008972536608
311385,2.58994092044,42.4229101782,-197.48153991978046,184.57401280487468,1315.3317552605458
311626,2.59418496979,43.0938467537,-373.04493317306134,216.03700411089667,1320.114406912941
311369,2.5979003901,42.4354919163,-258.3031160581585,174.07909720231882,1313.9001454740269
311615,2.60007543428,43.2022997977,-528.368842708707,343.075848909476,1346.7483426011158
311637,2.60651117581,43.3189954594,-462.7604930110792,284.325444655746,1332.9932552989837
311373,2.60779727192,42.4692282801,-221.15944565221042,177.70080270260667,1314.3848886361427
311412,2.61473621149,42.6724953229,-486.41707068546134,304.9187647931207,1337.5371072672551
300119,-2.61519809024,42.9303306622,-437.44849175101876,263.25159604900034,1328.657767454148
311384,2.61867082082,42.3813739888,-175.80089118428134,193.63171993100687,1316.6333214518515
311616,2.61932488187,43.2269305558,-476.68804735393206,296.35644786986853,1335.6111726052386
311636,2.62707079751,43.1053381247,-454.61699622079067,277.42658425380597,1331.5387977241326
300066,-2.62729594724,42.9104545986,-437.34143378306493,263.16490336221494,1328.6405934471286
311708,2.62769926456,43.4056009985,-164.04068292877997,199.52346198605014,1317.5126838390565
311622,2.63166472489,43.2647546229,-480.9803878718896,300.11886795511407,1336.4510447811226
311443,2.63915173951,42.8815081062,-217.53691543883795,178.53257761462075,1314.49760040238
311436,2.6426750718,42.8021128836,-275.74204630302916,175.54014401095853,1314.0945180439962
311371,2.64318130484,42.4651137057,-272.2337219404544,175.08466145602694,1314.0337510395484
311709,2.64363736688,43.3768302242,-167.6932751239152,197.62507749895008,1317.22653004347
311442,2.64449215395,42.8684078011,-232.42036025383592,175.64666241182923,1314.1087512874683
311617,2.64651310612,43.2229405774,-528.6181039821009,343.3077385207952,1346.8074337195192
311447,2.6607412643,42.9475314506,-176.71751668728936,193.19999002130467,1316.5698980069865
311413,2.66344499852,42.6974620919,-461.2299809780812,283.02085389355955,1332.7155975423016
311623,2.66494188364,43.2515196828,-493.72990548126785,311.43278795554164,1339.0371322736557
311619,2.66515003866,43.2433618031,-496.2373150931823,313.68088768251465,1339.5617789005423
311444,2.66998241706,42.8683559481,-275.4073698845267,175.49321866016206,1314.0882504571746
311435,2.68101727897,42.7772204795,-591.3487130865419,403.13714127521746,1363.2863290114256
311437,2.681290697,42.7858312543,-471.99077214694364,292.2677461874328,1334.7098919448288
300025,-2.68314172186,42.4983861605,-441.1474432709068,266.26037363034925,1329.2571785623984
311986,2.70079239661,43.1350256402,-493.3222738922841,311.068002456709,1338.9523375932024
311629,2.71438257973,43.1101373201,-413.21271500164096,244.23661216878784,1325.0213518723317
311445,2.71537631382,42.8594280664,-278.8803831041687,176.0156406809545,1314.158120607342
311375,2.71903043512,42.4946295712,-445.12343051829635,269.5229956881998,1329.9145481566234
311448,2.72249857141,42.8979746605,-345.25304872061224,199.72977986806876,1317.5439442994082
311451,2.72338599048,42.7980633193,-389.81380211698263,227.22989494265806,1321.9922410322786
311416,2.7272931528,42.6903571224,-507.74869136614893,324.09172470443406,1342.0378184744977
300167,-2.7307708028,42.4348160122,-491.8279872611211,309.7324510754875,1338.6426899823282
300121,-2.73090462981,42.4143308965,-520.9969802604227,336.242779857174,1345.0238909402221
311446,2.7321185812,42.8562079531,-498.2946592559984,315.53084182623473,1339.9961837025755
311452,2.73252555124,42.7773345306,-467.0510487514905,288.00167839292453,1333.782226209
311450,2.73416619037,42.8061794829,-439.0940011702649,264.5868613835324,1328.9229727153802
300084,-2.7356117832,42.9979647778,-175.29934527979086,193.86967793199247,1316.6683379710128
311666,2.7357620465,43.2773809209,-439.31785834130835,264.768912894426,1328.9592309131199
311771,2.73979940984,43.2692068813,-462.79195655994766,284.352301713668,1332.998984127053
311449,2.73992102085,42.8652269088,-411.7069861445347,243.09905147463684,1324.8121410304793
311665,2.73994929585,43.2692546003,-457.87858447421013,280.17696557522055,1332.1145567228189
311788,2.74351914415,43.3599470628,-213.8453414386418,179.4639013082139,1314.6244148298247
300123,-2.74748706918,42.6478193918,-262.78384426584734,174.26167979921314,1313.9243483703078
311630,2.74813452153,43.169640656,-563.2403446740576,375.99835540108404,1355.5090643216718
311378,2.75223279587,42.4952637402,-405.9917371080813,238.83259880550725,1324.035902249666
311459,2.75698264326,42.9896832631,-360.3188917363977,208.1922576256121,1318.85331873152
300065,-2.76526509265,42.8479997364,-511.0665025756324,327.1184440496665,1342.7719600257408
300092,-2.76845573792,42.2778828652,-242.95640794261848,174.47121763166786,1313.9521551319026
311462,2.78212277234,42.9817888435,-387.3467102437882,225.52688147816812,1321.7005842713252
311463,2.7888879609,42.9933973744,-401.19111810409174,235.31412496277855,1323.4057569773877
312014,2.79035680002,43.4934878178,-244.64696569355183,174.3509479475553,1313.936190704901
311468,2.7985501177,43.0474751819,-291.7837311024283,178.63359027193528,1314.5113235599517
311386,2.80207109999,42.4642052026,-176.40354092848608,193.34741082972593,1316.5915393425757
311544,2.80712631541,43.5146307066,-234.75748525739036,175.32294728321574,1314.065521972922
311387,2.8190882324,42.5023619578,-441.6319003357862,266.65635067863786,1329.3365524016644
311624,2.8190990774,43.2348179644,-441.0801089827807,266.205371788336,1329.2461623652937
311380,2.82328734575,42.5184727151,-492.72457183623567,310.533477161513,1338.8282565855543
311379,2.82341686176,42.4937089151,-236.96152890855444,175.05042729097997,1314.029190044365
312028,2.82356109577,42.6770230413,-522.6963326243738,337.81356596196315,1345.4174317072868
311417,2.82628604899,42.6901979073,-601.2279639817901,412.7814789976153,1366.1693195198584
311466,2.82686682804,42.9932867484,-435.88743482680366,261.9897000871722,1328.4083194355796
311460,2.82708220906,42.9481091117,-237.4974843020227,174.98898336296622,1314.0210061077028
311464,2.82710941806,43.0062571005,-403.64489443207594,237.10492418491094,1323.7253511460099
311470,2.8275235891,43.0438917146,-300.81934630648465,181.08303075922848,1314.8464260980604
311467,2.83094981238,43.0147187442,-469.4065623145208,290.0315592958791,1334.2220076064905
311633,2.8324222955,43.1896099617,-560.8174822765492,373.6821166236745,1354.8684011660484
300074,-2.83864878573,42.5939466604,-424.0625286508326,252.59127157671585,1326.5867520334418
311632,2.84028867715,43.1808078189,-482.7926305350004,301.71464969610156,1336.8103044318352
311469,2.84360343443,43.0134793761,-298.39986987996633,180.3787127145432,1314.7496112166948
311465,2.84470562652,42.9693031724,-398.77934652744443,233.56986856352,1323.096724995824
311381,2.84737225574,42.5317470312,-512.2791194711358,328.2274560199662,1343.0425619016075
311627,2.85583736844,43.2397800348,-532.3682155004545,346.80297315278244,1347.7026238683015
311455,2.86101025687,42.7768053535,-441.40783600824864,266.473154488162,1329.299816541312
311735,2.86469247917,43.5396053516,-266.59708090656807,174.52250988658443,1313.9589668825306
311639,2.86632706931,43.3438341254,-465.55867376951994,286.71984372222335,1333.5060288495104
311420,2.86760603341,42.698669984,-580.7806177906034,392.8786578173696,1360.2880944720027
311640,2.87674247117,43.3273492651,-450.3562227517782,273.8601914185523,1330.8003098277745
311641,2.88451489881,43.2890701489,-480.6634671203294,299.8402398568617,1336.3885025064062
311418,2.88570002291,42.7022098513,-622.491305458356,433.7011235806152,1372.6349568581527
311634,2.8892534992,43.2264639607,-493.60335643329216,311.3195196495193,1339.0107929022463
311419,2.88958817923,42.697618445,-540.0167223153926,353.9681475509438,1349.564192498653
311471,2.89774180191,43.0520309893,-410.23129381222657,241.9895855670964,1324.6090063550184
300033,-2.89786918662,42.6774739163,-489.20662970576115,307.39598214063096,1338.1040131582065
312027,2.90278038632,42.5605832866,-513.6071609177509,329.44371367769264,1343.3403219868167
311543,2.91012090993,43.447329942,-194.3192493551606,185.73906838678963,1315.4957475108336
311736,2.91511626434,43.5603122023,-254.68172160412703,174.0296315972075,1313.893592673225
311454,2.91562087639,42.7647116705,-586.9247701853396,398.8352141879704,1362.0204067011107
311547,2.92279750698,43.4270006503,-398.5776898926346,233.42474994036107,1323.0711145205364
311474,2.92350444704,42.9440990614,-368.8798210046841,213.4039157613614,1319.6860579153579
300060,-2.93091260636,42.685784718,-436.4437841846242,262.438885810983,1328.4969811706778
311421,2.93330885185,42.7145961184,-601.3781153082481,412.92844662257727,1366.2137322630122
300091,-2.93535971273,42.5146786288,-477.34479557284317,296.93052070193795,1335.738669919464
311643,2.93602368507,43.2554923811,-446.5131649197017,270.6701594382158,1330.1475088892223
311644,2.93975644238,43.2484039955,-464.7918008206828,286.0624531902741,1333.3648365391718
311389,2.94781928605,42.6222537817,-650.7336087942922,461.785434471562,1381.7654821582364
311737,2.95159320836,43.5646376247,-270.45357908644866,174.88445431863707,1314.0070899946554
300001,-2.95579940042,42.6900046683,-421.6571909011035,250.71592049315342,1326.230950092262
300027,-2.9603889578,42.5436339052,-488.4162691024257,306.69314697648076,1337.9427291914371
311388,2.96086452913,42.5354306475,-456.31734294995636,278.8582653677081,1331.8378250965022
311647,2.96115090115,43.2475565445,-529.3578536254694,343.9962516822168,1346.9831035931036
311472,2.96485692746,43.0560689276,-537.1371571841235,351.26493213763575,1348.8577066331172
311654,2.96502494347,43.0012114161,-384.1332475163494,223.33679521042887,1321.3286435587324
311548,2.97369807219,43.4305059656,-397.40319402962183,232.58179356845926,1322.9226549172918
311422,2.97407839122,42.7146624344,-593.05632400484,404.8004931181322,1363.7791241335885
300169,-2.97429892695,42.697925846,-549.5610167806647,362.9742895959746,1351.954287356491
300118,-2.97740721121,42.3904565985,-254.64657143887433,174.02958162454695,1313.8935860541785
311545,2.98536026416,43.5356288803,-272.62145219117735,175.1310338118337,1314.0399305949177
300068,-2.98543861187,42.6519619942,-415.755132875491,246.16980306993258,1325.3790522478405
311457,2.98566381618,42.7642356825,-607.5542363118884,418.98326605496766,1368.0559335889677
311390,2.98600987021,42.5933968453,-607.0149613925848,418.4538419298422,1367.893884049395
311397,2.98963533351,42.6563070335,-543.9526460818042,357.6736704366122,1350.5408230473793
311733,2.99962231934,43.5727494164,-255.62204175245307,174.03403870343345,1313.8941764165495
311395,3.00153804649,42.6359292649,-554.3921357524786,367.558955005368,1353.1923904598832
311391,3.01353363749,42.576700877,-450.229791592058,273.7548353354123,1330.7786330052843
300117,-3.02244836493,42.3061913316,-171.35615493308657,195.78259784390428,1316.9513604580854
311423,3.02402647935,42.7107995421,-603.4801568729998,414.98709880954357,1366.837354030192
311738,3.02762571365,43.4522068924,-439.47524380739014,264.89696343509263,1328.984748381646
311392,3.03108229294,42.552537365,-254.49985445409774,174.02946235411983,1313.8935702564186
311655,3.04237665287,43.2438163722,-542.0333846628473,355.8652429945086,1350.0630101463544
311546,3.04466046606,43.4768891044,-397.5918391451093,232.71692779238634,1322.946419427114
300238,-3.04780543203,42.8105068573,-445.429092475964,269.7750089511579,1329.965644536915
311599,3.05334484378,43.3605300978,-500.98010035213747,317.95271821078387,1340.568532829083
311542,3.05628783402,43.6599352166,-219.59391343365078,178.05020823305048,1314.432172782501
311393,3.0608892764,42.5278761349,-189.99942110358464,187.41936266290952,1315.7340451986738
311732,3.06909833108,43.5770218927,-274.1481578585521,175.32321933719817,1314.0655582704594
311596,3.07309647841,43.4483122331,-551.1229933249377,364.45473103968595,1352.3525099511237
311739,3.08755954661,43.4390714693,-475.49215077632203,295.3126020677214,1335.3799433621514
311549,3.10123607274,43.4393024463,-446.95145359139525,271.0326620888761,1330.2213214773237
311394,3.10619640715,42.4609740574,-194.14025742789983,185.80666941128257,1315.505294018845
311539,3.11083722454,43.7470426268,-246.8851352775695,174.2209957260415,1313.9189531876264
311659,3.11166475161,43.2557942761,-467.9142869638757,288.7446378837269,1333.9428496380567
410219,31.2065638482,-1.19385461563,-719.2977093062632,531.0682989526886,1406.4364892686751
311731,3.12278565653,43.5972220704,-260.2232620530222,174.1409172501098,1313.9083374629313
311728,3.13151125425,43.7230170088,-247.07568960676676,174.21147484440658,1313.917690786359
311730,3.13494522453,43.5972263794,-407.0000905470207,239.57931778856604,1324.1708008055189
311538,3.13925442689,43.8063646207,-227.95462258631966,176.36393099884057,1314.204815221455
311597,3.14003709495,43.4028216113,-551.6988503561631,365.0009781809131,1352.4998241282392
311740,3.14388539427,43.4141128432,-489.12942439375547,307.3272931067063,1338.088235237942
312008,3.14822030763,43.6016899258,-458.5621953809387,280.75561074637784,1332.2363803617834
311540,3.16427471396,43.665035471,-431.1108566701212,258.1585033825058,1327.6580407102538
311541,3.16436572897,43.6335185804,-382.4159008571504,222.1797146189721,1321.133560917314
311551,3.16630667313,43.3476233777,-509.35320113554064,325.5540557983005,1342.3917101355391
311550,3.17274663266,43.3688426595,-526.8584690107405,341.67190222024095,1346.3913803054045
311729,3.1852759837,43.7062063544,-241.67141030191192,174.57533862440343,1313.9659847384632
311741,3.19824197277,43.3397343741,-580.124811467676,392.24415496338656,1360.1049728961495
311769,3.20127169002,43.4850714751,-405.9532736280994,238.8041673172107,1324.0307740086562
311662,3.21121355884,43.2268174257,-530.6817289473502,345.2296150679167,1347.2986110413076
410205,32.4645021683,15.5017532528,-617.0614680632591,428.33927105782436,1370.9502512214815
311770,3.25064875311,43.3767295792,-469.09297125221934,289.7608531688939,1334.1631880032742
311745,3.25207870322,43.3103439637,-543.7413672441892,357.47445265922454,1350.4880763997535
311715,3.31363003532,43.4406598374,-487.69606656237636,306.0533656987374,1337.7962187304236
311698,3.32700565142,43.7560091135,-306.9612252366326,183.02620438906098,1315.1154518470842
311711,3.33615637218,43.4974410201,-422.0652205746262,251.0331414086586,1326.290955363639
312010,3.33942628345,43.6979688397,-465.72183141535373,286.85982199265527,1333.5361328691295
300061,-3.36059522291,42.7940955979,-441.0156499506064,266.1527265366752,1329.2356202106535
300038,-3.3894989583,42.8023037396,-414.43193118219244,245.16174265730635,1325.1921899319593
311748,3.4016958186,43.3114029617,-567.2341543735997,379.82488049226754,1356.575467873004
311716,3.4101101713,43.3980017369,-538.3938003287276,352.4437951305997,1349.1651822219378
311700,3.41458513167,43.6692487934,-307.77686578658694,183.3007433917684,1315.1536878714478
311714,3.42728920472,43.423314144,-361.9179291318094,209.14456515178838,1319.003983817496
300057,-3.43556299411,42.7648774205,-251.8353519612416,174.05236771201396,1313.8966043414728
311712,3.43567178141,43.4563201577,-539.59650323098,353.5732486897667,1349.4606709285492
311713,3.43576108342,43.4513518513,-547.4477923188547,360.97424477914404,1351.4186862655733
300039,-3.44338555376,42.7271965574,-283.71277724912125,176.8722100047928,1314.2731218684623
311718,3.4439305881,43.3845333618,-578.8556049680468,391.01689321319355,1359.7515475159398
311717,3.44806444044,43.5099526162,-496.7386036989139,314.13120140196105,1339.667298954533
311710,3.44821700745,43.4773501985,-523.0158553216705,338.1092111774536,1345.4916940943688
311719,3.45610358911,43.3353605747,-612.1727985582723,423.5231222543334,1369.4531373062582
311707,3.46071005349,43.5021592365,-501.6366248071887,318.5460188343364,1340.709374290006
311704,3.47677720382,43.5812911451,-435.5623442055085,261.72750912974266,1328.356634804507
311706,3.47680586682,43.5224292602,-537.8360938813926,351.92045017612014,1349.0285628725796
311705,3.47683475382,43.568118362,-545.3877871256917,359.02779315157346,1350.9000764117175
311702,3.47686959082,43.6268084368,-546.3431967937155,359.93013867166883,1351.140172194618
311681,3.48850923679,43.8979722873,-244.11689933706143,174.38661204512033,1313.9409235785563
300115,-3.48946801457,42.9978326028,-443.118923453725,267.8745071185012,1329.5814423185495
311703,3.49769090355,43.6018418408,-517.6121245447655,333.1220330369926,1344.247130957918
200489,-35.014481634,-8.25224761465,-504.46624285063467,321.1084936070127,1341.3205153357117
311701,3.50217972892,43.6225356555,-575.9647707216984,388.2251585639608,1358.9513729107111
311672,3.50287772298,43.9776280379,-231.9622856361604,175.7142852809446,1314.1177916175122
200479,-35.039166667,-7.99861111066,-565.6175918816376,378.27477426290335,1356.1422731548284
200464,-35.0474999997,-7.12999999979,-665.189341434991,476.274495064623,1386.6749636605387
200488,-35.0639719931,-8.28290717818,-445.61572534971384,269.92896727997817,1329.9968825417338
200467,-35.0645736721,-7.61483413591,-525.5067047237119,340.41709926992127,1346.07349787047
200470,-35.0686111114,-7.54277777795,-544.5273297181426,358.21572167923597,1350.6844796073103
200478,-35.0768849421,-7.98055555617,-607.3964109240931,418.82830915808046,1368.0084841645214
311682,3.50991001056,43.8932923349,-245.20052780812847,174.31569981983233,1313.9315139677458
200481,-35.099714784,-8.11922467064,-440.1762366140905,265.467869030888,1329.098660627455
200469,-35.1182427486,-7.5602977594,-468.7808801456253,289.49158347655816,1334.1047324320753
200493,-35.1397978893,-8.36872808329,-533.8950742247107,348.2294873201946,1348.0704121199233
200463,-35.1475,-7.17277777833,-623.160241688733,434.3625763167402,1372.844094534558
200487,-35.1566666667,-8.28222222213,-484.04397982964747,302.8189998532,1337.0599862631395
200457,-35.1651946744,-6.84752599542,-650.2009447747553,461.25293090287335,1381.5876108522348
200475,-35.1733333331,-7.89416666702,-553.6869375480445,366.88868289076265,1353.0104825267294
200507,-35.2025756665,-8.79831552383,-588.4972796309829,400.3631236785857,1362.4686018384311
200476,-35.2066666669,-7.97194444446,-480.4675673253935,299.6680758156369,1336.3498852684281
200454,-35.220412948,-6.44756768633,-637.9973237735956,449.08165428387684,1377.5719191418782
311757,3.52236151559,43.3939263526,-505.6967553338894,322.22550812182067,1341.5883639471012
200466,-35.2305302088,-7.7525368443,-542.253848147992,356.07282930972593,1350.117743001153
200462,-35.2314868699,-7.14786342927,-644.9762722511289,456.0352956324901,1379.854431110944
200486,-35.256157026,-8.26389522761,-363.613739230439,210.1652782712657,1319.1662156016325
200485,-35.2647222217,-8.24249999984,-364.3675628134624,210.62252600557346,1319.2391400556849
311673,3.52712978698,43.9684043141,-233.76244139930947,175.45641012631341,1314.0833352753195
200483,-35.2848797063,-8.22302371223,-438.7171585093564,264.2806103654642,1328.862032420611
200477,-35.2853149674,-8.11417956222,-477.96986501430763,297.4774426706579,1335.8603553859098
200484,-35.2857130394,-8.22191259714,-425.9252287770499,254.05226670604503,1326.86571076819
200482,-35.2857130394,-8.22357927028,-481.68808610967915,300.74152969428445,1336.591009949099
200468,-35.2898188307,-7.51823825192,-500.96746294530817,317.94130242944743,1340.5658253082643
200497,-35.3061259871,-8.63537120635,-525.6158577723035,340.5183624092342,1346.099110515924
200451,-35.3145113848,-6.06305555551,-601.5857120668477,413.13166025477597,1366.2751658793927
200452,-35.3358110196,-6.31465387433,-623.1652168337017,434.36749652687115,1372.8456512779999
311697,3.53541941167,43.6512157439,-584.2925655407627,396.28075068672325,1361.2745841889237
200492,-35.3688578493,-8.28180239209,-424.5513910846512,252.97397731665117,1326.6596750460533
200461,-35.3727777776,-7.33444444371,-506.2223645000472,322.7031247365604,1341.7031590141817
200447,-35.3870721758,-5.46452305399,-627.6939729774322,438.8506217402993,1374.2706896371405
311758,3.53968748002,43.3855810599,-456.12326735211,278.69461574150284,1331.8035699896582
200495,-35.401388889,-8.46750000046,-479.7682617304515,299.05391102371794,1336.2122967150378
200456,-35.401809275,-6.86032872148,-657.4735019573225,468.53196280635996,1384.034775706548
200508,-35.4065240594,-9.05116849975,-516.0632728237474,331.69766171426767,1343.8948615798065
200448,-35.414258497,-5.62271372708,-610.5468535214026,421.92373873965533,1368.9593498369277
200506,-35.4465166197,-8.83955086024,-470.6239924615342,291.0838448668902,1334.45114745216
200474,-35.4516592281,-7.88102181993,-627.9066078243357,439.06132663961967,1374.337989267719
200494,-35.4521404062,-8.38027777824,-474.8300522520261,294.7355266315456,1335.2524446158743
200455,-35.4683407715,-7.02701518127,-644.4412183486937,455.5015298707682,1379.678116050445
200504,-35.4897222223,-8.74777777765,-407.0040186901604,239.58223182559587,1324.1713280389467
200496,-35.497777778,-8.49722222192,-320.0151552840064,187.86779577360068,1315.7979969899354
200453,-35.5270349874,-6.6055629854,-537.9511330308418,352.02838093973844,1349.0567227440617
200450,-35.5306237837,-5.83133391134,-546.0627678121109,359.66521306883027,1351.0696228121412
200509,-35.5396565694,-9.12943876923,-523.1795223686718,338.26068372854894,1345.5297656872551
200510,-35.5397222224,-9.15916666669,-522.3714609353545,337.5130672852715,1345.342012568628
311696,3.55401148021,43.6638903009,-572.754726438542,385.1310665307145,1358.070689839443
311695,3.55629035939,43.7099734727,-308.06144971001527,183.3974301985481,1315.167167168237
200503,-35.5769444435,-8.68128918115,-488.18429299880637,306.4870049781371,1337.8954908416288
200449,-35.594879706,-5.86851531842,-547.8248028813074,361.33081955811315,1351.513973792514
200491,-35.6041666668,-8.21064661521,-491.36419380369,309.3184631363255,1338.546962878372
200473,-35.6338814512,-7.93964994978,-543.8792496635944,357.6044600202066,1350.5224951922266
311759,3.5684349824,43.41081741,-392.95605174960065,229.42541540145226,1322.371385589549
200502,-35.7233333326,-8.67861111093,-451.76296152373874,275.0342833362159,1331.0424175074813
200505,-35.7604352607,-8.91010087108,-412.17106075598343,243.44906443398045,1324.8764120353549
200501,-35.8398202033,-8.62316105434,-385.34965825351827,224.16202533050318,1321.4683779017064
200516,-35.8601500459,-9.46892127232,-497.00583351970283,314.3713742023738,1339.7236360950653
200500,-35.9152777785,-8.49749999994,-556.8216303710831,369.870818733837,1353.822175451685
200515,-35.9478683202,-9.31417771551,-499.2926197136959,316.42992076509734,1340.2081759746509
311760,3.59693307976,43.4624057802,-519.8329020363194,335.16831585906175,1344.7556879038268
300114,-3.59780635854,42.9435348993,-290.2844953252276,178.27552648097546,1314.4627128739571
311761,3.59788629784,43.4767069994,-315.3092942138806,186.01396371146558,1315.534589012978
311694,3.59794068584,43.7479726339,-289.1966687874527,178.02447808879424,1314.4286876786744
311674,3.59823174986,43.9770818358,-261.9163158478505,174.21586358988392,1313.9182726944105
200490,-35.9938517,-8.29773989441,-528.7582673319879,343.43815733136404,1346.8406840101977
200460,-35.9975831043,-7.52833333275,-488.7035318081565,306.94850977064715,1338.0012884314856
311671,3.60188566217,43.9563908641,-158.1101395965717,202.73126032455286,1318.002285319216
200518,-36.0227777784,-9.50666666744,-509.00036638722503,325.2322593506728,1342.3137050318146
200514,-36.0355481174,-9.15231869312,-457.3662000231901,279.74374704159067,1332.023507376189
200513,-36.0518241498,-9.00629330804,-397.8099560930499,232.87329808211993,1322.9739351754208
311677,3.60528937145,44.0856214298,-213.51298804720474,179.55185051735933,1314.6364239659963
200471,-36.0597742885,-8.01419926295,-536.2068664871907,350.3930493909567,1348.630916617066
311692,3.60649653955,43.8149012384,-230.1504656576992,175.99511198544462,1314.1553711934764
200499,-36.066111111,-8.57694444351,-396.65505944045714,232.0468585822288,1322.8287133154372
311668,3.60974398682,43.9904210119,-258.83480984824354,174.09374739572112,1313.9020865635991
311762,3.61033256087,43.435327086,-510.43092879337917,326.53776423670666,1342.6306162405956
311683,3.61460693722,43.8815505949,-246.24078359539646,174.2549847781416,1313.9234604473445
200519,-36.2152777783,-9.50111111098,-408.99207273835873,241.06209089139472,1324.4398785368953
200511,-36.2174999995,-9.1677777784,-463.29278955715904,284.7800134210372,1333.0902881042905
200498,-36.2312016536,-8.48360493379,-562.7844537439256,375.5622271834553,1355.388153512082
200520,-36.247235519,-9.37680625069,-504.2020633780106,320.86889091547886,1341.2631752759128
200521,-36.2852777781,-9.68583333326,-486.8259751097744,305.28128475191875,1337.6197976307305
200523,-36.3036111106,-10.0311111108,-494.94368416854815,312.52013338894636,1339.2904442156448
200459,-36.4336111114,-7.39321535657,-462.32113394161854,283.9505699026325,1332.9133453986888
311675,3.64448853269,43.9976946665,-272.6706418154148,175.13698747501115,1314.0407240933278
200522,-36.5024033911,-9.73963221971,-528.8679081281543,343.54018752916124,1346.8667048529583
200458,-36.5062078044,-7.72278563684,-506.02544223064876,322.524149082011,1341.6601234794787
311667,3.65260086236,44.0022415619,-277.13275435677275,175.74295623485634,1314.1216255963757
200512,-36.5936272736,-9.03944444378,-543.3234218954133,357.0804677540448,1350.3838419669207
200757,-36.5936693256,-10.2928245805,-592.3205279770805,404.08357666523915,1363.5664989740935
312009,3.66896734372,43.8018507943,-416.3915828082236,246.65615063381995,1325.4694703535756
311684,3.67254889101,43.9359776644,-267.0861160408803,174.56295349506752,1313.964339290384
311679,3.67326929207,44.039629725,-240.90641590510916,174.64252621996596,1313.9749130627974
311676,3.67350029909,43.9976871095,-254.97435042063296,174.03036868732377,1313.8936903034967
200446,-36.7685577581,-5.28957927252,-620.2951051115556,431.530858076842,1371.9507796077928
312006,3.67743474242,44.0017960369,-250.82014134033008,174.07359587647107,1313.8994166127252
200438,-36.7812921962,-6.59375371842,-513.4527845900833,329.30224172965586,1343.3056340989833
200756,-36.8234610646,-10.2100747366,-612.2432214082166,423.59242251730194,1369.4745709972021
200445,-36.8387524309,-5.38304747825,-692.344296193156,503.67205294428726,1396.3221680940999
311678,3.68521105306,44.0563691494,-235.8626646001084,175.18231156803225,1314.0467657127786
200751,-36.8561421513,-8.49805555599,-457.5731867557604,279.9187024730739,1332.0602614702175
200444,-36.8942484835,-5.6169603706,-662.6785797953024,473.75286652675265,1385.810895734411
311680,3.68946191141,43.9901888039,-263.83342846050664,174.32381878964006,1313.932591113904
200442,-36.8977182748,-5.62266719708,-500.270459912514,317.31194892467045,1340.4167013001095
311765,3.69015417347,43.4685273697,-452.6233562580294,275.75404266921987,1331.1913281877673
200760,-36.9106089089,-10.5808377483,-528.4635754626524,343.16397310314665,1346.7707943929552
200759,-36.9377777781,-10.4488888894,-485.96973693715347,304.5224131659719,1337.446806536365
311685,3.69406236079,43.9393543437,-354.7962953452511,204.9810310717609,1318.3502126874848
200758,-36.960833333,-10.589444444,-531.5202979961251,346.0116306144253,1347.499205459635
311764,3.69787182611,43.4818037668,-464.3254404321058,285.6631056901339,1333.279216873355
311742,3.69835645215,43.6562925233,-385.9650754892017,224.58130200949017,1321.5395648281485
200755,-36.9980717191,-9.97704371436,-534.3141896673552,348.62140042825746,1348.171703096625
200754,-37.0064868698,-9.76454989078,-483.8804451942597,302.67456254745923,1337.0272813249514
311690,3.70132361739,43.8440696808,-402.01239518010425,235.91170700260804,1323.5121433877282
200762,-37.0363888893,-10.6969444439,-582.3696822451362,394.4171379213096,1360.7332357519354
200753,-37.0847222223,-9.3877777776,-658.1899414777616,469.25003593268775,1384.2780271378736
200761,-37.1102257124,-10.5983509258,-496.11926004536826,313.5748791294529,1339.5369591821443
410224,37.114549201,-1.20224172633,-501.7340893649245,318.6341376511965,1340.7303136241144
200440,-37.141666667,-6.18166666733,-667.3136539956574,478.4096111945015,1387.4097506782805
311670,3.7146443585,44.0011524518,-241.8790781049912,174.5577692809724,1313.9636505665762
200439,-37.1769977979,-6.3687083978,-541.4602148260841,355.32572998594674,1349.9208993803825
311686,3.71876840784,43.9229025613,-473.14624085951107,293.27067127955127,1334.929865883093
200763,-37.1935577583,-10.6644487812,-508.8873827576216,325.12924168029394,1342.2887483658267
311743,3.72345268223,43.6643214609,-326.00581891409155,190.39777792310926,1316.1616063508127
200424,-37.2394720761,-5.63087228075,-481.47703771387444,300.55577254977055,1336.5492256579569
200752,-37.2479873268,-9.3732026594,-575.9273597487497,388.1890628604678,1358.9410615322442
410223,37.2606232771,-0.797775524862,-507.2122870163215,323.6034455732391,1341.9199865046974
200436,-37.3012165292,-6.45551787899,-519.247616116523,334.62856599774085,1344.6212616850885
311688,3.73139798788,43.8847399362,-397.1214348702127,232.38014385323376,1322.8872179634755
200423,-37.3147222223,-5.86722222231,-489.9288254562962,308.0388647293581,1338.2518456470166
200767,-37.3438070717,-10.939391501,-556.0619725609565,369.14749597476987,1353.624738979876
200437,-37.3563504117,-6.37819822459,-698.9005617651803,510.3187496943576,1398.7334579838673
200422,-37.3602910741,-5.22227396695,-497.4744937000657,314.79277826640225,1339.82258282303
311687,3.73637339529,43.9117803494,-261.80873598507594,174.21053197876148,1313.9175657727608
200435,-37.3890401914,-6.66435099127,-454.4649990681577,277.29883516795206,1331.5121870187286
200768,-37.444211294,-11.2637406068,-587.3267424505293,399.2256553827055,1362.1347892589945
200750,-37.4463888892,-9.75138888869,-560.6871814808515,373.5576618396281,1354.834080953452
310947,3.75174607857,44.1768770634,-246.32978696675212,174.2501250738239,1313.9228159531056
200421,-37.5228731405,-5.44999999979,-562.8622364378004,375.63662824277867,1355.408771061888
200770,-37.5680555562,-11.5397222217,-584.268543993847,396.2574565813223,1361.2678032224935
200434,-37.6058333334,-6.58027777831,-643.3982655064952,454.46139550924323,1379.3350645155454
200743,-37.6516058762,-7.74728257087,-585.2031175005112,397.16396924489044,1361.5319602052134
200420,-37.6730254299,-5.59348216166,-531.9280368818655,346.39208806477734,1347.5969497100277
310830,3.76950171504,44.5605810181,-302.6823305004175,181.6490776111546,1314.924502620161
200766,-37.7024763994,-10.6393120952,-548.469920937462,361.9412155435435,1351.6772927378163
200431,-37.7144475864,-7.10995384613,-576.9489727076642,389.17506110339775,1359.2230458533022
200783,-37.7520052355,-12.051771657,-600.1159486058388,411.69339487668776,1365.840953983657
200749,-37.7561111108,-9.62611111132,-483.81057769808865,302.61286444558357,1337.0133155364817
200433,-37.7977575093,-6.72695505044,-686.33862369716,497.593950593137,1394.1412410013484
200781,-37.8034818827,-11.7313553505,-624.9330200449622,436.1164518612056,1373.4000217627424
200417,-37.9227451586,-4.98985102272,-542.1782134939115,356.0016081565934,1350.0989612632015
200432,-37.9241666667,-6.96583333321,-650.0914747541732,461.1435064832754,1381.5510825755177
200430,-37.9268508049,-7.20594840208,-588.524535032794,400.38961808711554,1362.4763874892808
200426,-37.9351740036,-6.79785690531,-601.8350141139452,413.37572712143674,1366.3489861551006
200780,-37.9361111107,-11.6636111109,-648.7310301759485,459.7839893637128,1381.0978883008638
200785,-37.939544037,-12.1268917932,-607.5900378018271,419.0184185128125,1368.0666998530712
200779,-37.9560905434,-11.6061511162,-662.8538150288713,473.9287926786623,1385.8710476533338
200744,-37.9727777777,-7.86833333288,-501.10991958849326,318.0699983040395,1340.5963538720468
200769,-37.9732887058,-11.193477963,-611.2496746655394,422.6149269918907,1369.1725372319793
311773,3.79826301542,43.6428036042,-456.78375462021063,279.2518063327054,1331.9202797217156
311689,3.79897679147,43.8231992391,-326.75634907556497,190.72783009795398,1316.2093926757125
200419,-38.0166666674,-5.91874907457,-481.5162344741475,300.5902677427899,1336.5569831681612
311776,3.80254306977,43.556434522,-443.8729978406719,268.4937929294203,1329.7063499267504
310946,3.80668368511,44.160554841,-240.60139452799228,174.67039677526293,1313.9786176736372
200792,-38.0689483917,-12.5119444441,-607.5786453928907,419.00723256599105,1368.0632738058957
200428,-38.0931187927,-6.7867831044,-580.346778177475,392.4588831286198,1360.1669144411865
311774,3.81057130043,43.5727361374,-521.4281685739069,336.6410938784844,1345.123520826841
200393,-38.1174806777,-4.34753832357,-551.1141205972846,364.4463164252403,1352.3502422633794
200791,-38.133055556,-12.3761111109,-602.2936466322747,413.8248097091484,1366.4849188061708
200747,-38.1642497706,-8.52735803941,-590.0522232951774,401.8753025888649,1362.9137239843124
200796,-38.1649131536,-12.6270540486,-563.0661152588804,375.831662456558,1355.4628356021994
312013,3.81779966003,43.6151687919,-459.4893672014265,281.5416087758472,1332.4022431930932
200410,-38.1988888894,-5.22667514231,-656.545874385801,467.6024818027125,1383.7203984844448
200418,-38.2021702807,-6.10990198939,-557.7651187875226,370.7697393432596,1354.0680410550142
200745,-38.2448648302,-7.99799679161,-488.00333068934805,306.3262413900299,1337.8586720420199
310950,3.82663684076,44.1060608675,-248.767611097172,174.1375714702123,1313.9078940288919
200409,-38.2768598859,-5.49354198639,-573.5512262564932,385.898207609163,1358.2884402180043
200795,-38.2770585879,-12.5810921078,-565.0235826588464,377.7056114214791,1355.9836241980092
200416,-38.2854190556,-5.20999678393,-564.2353248164808,376.9506819706281,1355.7735344931382
200794,-38.289640406,-12.5261135483,-596.2040726561846,407.8707072507542,1364.6935824671868
200748,-38.301948408,-9.06465149587,-558.741642911362,371.7007840800561,1354.3232749530753
200790,-38.3190997264,-12.4226554737,-566.3056324650697,378.9343227415925,1356.3263918192863
200429,-38.3229549237,-7.43503603603,-509.52281764889165,325.7087967566308,1342.4292459860023
200765,-38.326111111,-10.2557862214,-468.320515302083,289.09464311422533,1334.0186553685205
200782,-38.3466666667,-11.7822222217,-679.9605291935759,491.1502555028211,1391.8543866634832
310831,3.83496176345,44.5395149224,-301.8122631048157,181.3821627399332,1314.887656476442
200394,-38.3605169118,-4.50210756036,-533.3493294682332,347.71938374077826,1347.9387337794553
200425,-38.3805321455,-6.92247743562,-556.4658185549135,369.5319754408773,1353.7296410536085
311557,3.84004752287,43.9777222439,-215.49466164928597,179.0374444097812,1314.566265615652
310944,3.84417401321,44.172364524,-264.4921153320796,174.36656319364565,1313.9382628395667
200415,-38.4439987947,-5.11874808438,-664.6872094083426,475.77002398832167,1386.501776385354
200427,-38.4480555561,-6.73527777813,-588.8035693561753,400.66088501899964,1362.5561291110553
310945,3.84840104656,44.1560801046,-255.58070266479973,174.03372056451863,1313.894134276968
200793,-38.4974020191,-12.5097295889,-618.0243022196202,429.2890984533286,1371.247311845958
200778,-38.5130555564,-11.0983333331,-558.9957020073929,371.94311855768217,1354.3898049071058
200746,-38.5275682286,-8.17264849706,-636.3221999207747,447.41539604435275,1377.0296281530834
200764,-38.5974628114,-10.0024407545,-456.9413436726126,279.38485390561937,1331.9481809686736
311750,3.86044900956,43.6847621876,-466.59681876353875,287.6111796703562,1333.6979608836734
311752,3.86060633157,43.6973494737,-466.30906861965263,287.3639608918479,1333.644670147692
311775,3.86072560758,43.5514511366,-549.8723275622688,363.26920703095016,1352.0334969854812
200408,-38.6349154405,-5.89772933483,-694.7181990308897,506.07735263149345,1397.1915928176766
200789,-38.6436483002,-12.3061004051,-590.8075205616249,402.61030256746096,1363.1306305440273
311751,3.86469472091,43.6637765179,-465.8161567211531,286.9407649075906,1333.55354701626
310828,3.86472516191,44.4770259422,-242.8327988294159,174.48075686340093,1313.953421818871
200391,-38.676757251,-4.42693828814,-492.94578185280784,310.73125645513335,1338.874144171916
200386,-38.6850468197,-3.76406233029,-496.8354786002142,314.21825833611206,1339.687715128296
410220,38.6986111111,-6.71500000046,-715.8162685212297,527.5194415348974,1405.1002887307313
200798,-38.7350459148,-12.5270529063,-646.3960345520261,457.4521551478959,1380.3233441637324
200797,-38.7354724508,-12.522411222,-643.7509918574457,454.8131230290807,1379.4509911821299
200788,-38.7606014709,-12.2356903152,-609.4511557178103,420.84663991221595,1368.6277633159782
200389,-38.7771968753,-4.19333333281,-268.8069338479179,174.717871355788,1313.9849294284131
200787,-38.7936706137,-12.3309602991,-618.2573824602952,429.51909231869445,1371.3193321980734
200392,-38.8069444438,-4.3780555561,-525.770780203599,340.66210486119536,1346.1354797650772
200777,-38.8372222223,-11.0639461813,-568.4998246301265,381.03969511066674,1356.9161025811154
200407,-38.8688562699,-6.4060916789,-667.339975686564,478.43607591044605,1387.4188765208871
200786,-38.8807887059,-12.1347222219,-691.1854059222562,502.4983993091297,1395.8992447530488
200390,-38.91846734,-4.61894962803,-549.2789683413272,362.70715531122147,1351.8825913176975
311753,3.89326659628,43.6396990559,-491.8932643517257,309.79073876620674,1338.656177671924
311767,3.8936085713,43.5725461824,-549.8903098974127,363.28624461335835,1352.0380748038021
200387,-38.9433232,-3.9974259226,-419.84704266501035,249.31314312333365,1325.9664790363029
200405,-38.9559565361,-7.01416666721,-671.6361954748598,482.7586052827434,1388.9153794124516
200742,-38.9638888887,-8.7652777781,-617.9954441662169,429.26062421410387,1371.2383978340808
200406,-38.9642898698,-6.74955449831,-680.4928579063112,491.6876024883066,1392.0440936387731
311754,3.89816211468,43.6106825855,-530.5549809254086,345.1114673557988,1347.2683419031146
311778,3.8983560717,43.5404821917,-626.2200206193189,437.39056789214317,1373.8051423236507
200404,-38.9845929945,-7.30179873701,-685.3198340842357,496.5638886612455,1393.773925612139
200388,-38.9853612835,-3.67055555556,-553.4946796770122,366.7060084613939,1352.9609590951184
200403,-39.0103937086,-7.68492559171,-505.06492239925416,321.651752623053,1341.4506737705178
310948,3.901984257,44.1313218656,-260.31579567083594,174.1445188525023,1313.9088148118437
310953,3.90315471409,44.0473130496,-299.0640662075349,180.56857506651667,1314.7756730695342
200819,-39.0322222224,-13.030833333,-607.0239008059459,418.4626169092303,1367.8965684379853
200818,-39.0479650127,-12.2312320799,-591.2997153371941,403.0894365688171,1363.2722230234358
311755,3.90650550537,43.5939978931,-543.4044000276836,357.1567929207674,1350.4040265503293
310926,3.90703732542,44.2479006302,-246.84736485946735,174.22291166516396,1313.9192072357348
200824,-39.0802777784,-13.3649999997,-642.6092212821889,453.6747551563608,1379.0760833471365
310832,3.9104624047,44.5144383693,-251.3186544645091,174.06231020338296,1313.8979214639292
200828,-39.1202777777,-13.5980616,-605.484828961534,416.9524242283578,1367.4353309256708
200402,-39.1314601506,-7.21431807177,-482.7570298533551,301.6832604417059,1336.8032203075486
200829,-39.1732663921,-13.7851383974,-570.1870765231575,382.6607390659793,1357.3722044510916
200848,-39.2226202941,-14.6602770359,-672.4237112233056,483.55157611764173,1389.1911988490822
200776,-39.2244444443,-10.9980555558,-535.3550161139502,349.5953045832127,1348.4238714812652
200385,-39.2270646355,-3.61416666689,-498.316645986915,315.5506380162492,1340.0008452782245
310951,3.92298707774,44.0819722225,-306.8650116829159,182.9940716908976,1315.1109802856593
200383,-39.2356960162,-4.10219427127,-481.06626271643563,300.19438937151426,1336.4680062029283
200384,-39.2441565329,-3.67401537384,-488.2852254547753,306.5766889559592,1337.9160386231617
200414,-39.2441992849,-5.42283768054,-504.7711704096359,321.38514602373357,1341.3867720678443
200741,-39.2466666671,-8.62305555633,-618.0340155466143,429.2986826759312,1371.2503123577344
200740,-39.2735118434,-8.56936363289,-617.206493709006,428.48231101953274,1370.9949493162017
200401,-39.2893804537,-6.37307500716,-659.4425516422037,470.50592292012453,1384.7042585681654
200413,-39.2925,-5.2011111112,-528.3851366684904,343.0910056438101,1346.7522037656279
200855,-39.293829386,-14.8145837926,-625.2975677149594,436.47727867967365,1373.5146431682144
200867,-39.2982156154,-15.5646949397,-592.2197828299998,403.9854390090849,1363.537419774484
311780,3.93154139044,43.6608939307,-539.0362297696099,353.0469537487347,1349.3228715712023
200739,-39.3159536279,-8.55641475382,-606.0392209030975,417.49628133814343,1367.6012595508505
200822,-39.3194444442,-13.1738888889,-615.4119758649643,426.71303043876196,1370.4430198078744
200823,-39.3218018364,-13.2851523061,-598.2895022992104,409.90761410160036,1365.3037436015331
200846,-39.3230717195,-14.3141604222,-556.7339204104446,369.7872834177721,1353.799355580948
200845,-39.3266666668,-14.3133333331,-519.4453122869027,334.81084513073733,1344.6666360890542
200854,-39.3311111111,-14.8474961823,-669.6557292904835,480.7652822596936,1388.2237992557746
200901,-39.353190725,-16.4232107197,-570.248842930967,382.720115907794,1357.3889447444199
312007,3.93562917978,44.0692645615,-378.9359970247512,219.864341783453,1320.7461485772978
200847,-39.3807948562,-14.6722232138,-529.2686107216774,343.9131646959622,1346.9618870053773
200411,-39.3811111113,-5.59499999979,-484.3519861589246,303.0911299027665,1337.1216448848734
200817,-39.389954085,-11.8058172997,-625.9925635158764,437.1653369416141,1373.7334501340388
310952,3.93957966011,44.0743699789,-272.72466966761544,175.14354504744426,1314.0415981108363
200821,-39.4099640986,-13.1684833614,-597.6344943434744,409.26760498360267,1365.1117290108193
200844,-39.4644667582,-14.3265292062,-627.5773825845323,438.73509757298575,1374.2338032650312
200851,-39.4675000004,-14.9354141216,-661.444694621151,472.51440552211864,1385.388004719189
200853,-39.4805555565,-14.8780555559,-674.8211008990015,485.9667598636336,1390.0337232910047
200825,-39.4810503205,-13.6851383372,-633.061096686238,444.1747344836494,1375.9801070318986
200827,-39.4888368232,-13.6059716226,-611.9238516494296,423.2781621963741,1369.3773996916389
200398,-39.4896015122,-6.56844934633,-540.4699598483945,354.3942328107583,1349.6760101755606
200820,-39.5057502286,-13.2266683122,-581.2623084692941,393.3448605427319,1360.4228164468852
200400,-39.5070591297,-6.62684974216,-504.48966390142965,321.12973937453233,1341.3256016734526
200399,-39.5091666669,-6.55625349832,-496.0504825682383,313.51312714944754,1339.5225048833336
200382,-39.5097222219,-3.30388888922,-512.9744689351238,328.86405832372236,1343.1982835944377
200866,-39.5143849423,-15.6022303548,-520.4074495856191,335.69847506464276,1344.8879233432879
311558,3.95220241915,43.9441269761,-460.1789834883183,282.12710422643136,1332.5260834719468
200814,-39.5222222219,-12.5855555562,-571.1722071312167,383.6080434410312,1357.6395660065857
200900,-39.5236111111,-15.9483333334,-496.28992002542253,313.728129869813,1339.5728422394598
200902,-39.534925621,-16.6151430586,-608.1076761086615,419.52674136743235,1368.2224771272658
200904,-39.5436111107,-17.0471983373,-623.8297666392543,435.0248041072301,1373.0537645636562
200841,-39.5461111109,-14.2102805546,-537.0657499041112,351.1979831046683,1348.8402735426762
310879,3.95978334378,44.3231846565,-239.19506009903435,174.80685996377957,1313.996765020482
310881,3.96034110983,44.3355750125,-148.68370404638415,208.13360683991914,1318.84406147584
200907,-39.6229650133,-17.2516369253,-576.0384589429361,388.296258573209,1358.9716864658537
200775,-39.6327777781,-10.9733333328,-547.0446211170683,360.5930453842153,1351.316914929047
200397,-39.6386111106,-6.52055555637,-482.9691592245272,301.8703197472779,1336.8454473641364
311786,3.96429168915,43.6264383378,-559.9127032258207,372.81816849763675,1354.630372816078
200909,-39.6450000001,-17.5102777777,-627.3215551757339,438.4816296298883,1374.1529025973698
310949,3.96500327921,44.0813344915,-267.14854845145027,174.56823092226654,1313.9650404182084
200381,-39.6522222217,-3.28416666659,-549.21009212192,362.64193005959004,1351.8650929849616
200910,-39.6646093657,-17.7976593814,-629.5430117599802,440.68350668697485,1374.8570883040256
200412,-39.6893731818,-5.04361902417,-541.4929597725555,355.3565451841964,1349.9290108739578
310927,3.96954441059,44.2517035125,-244.27058592391253,174.37607916718517,1313.9395256934831
200813,-39.6977777785,-12.4872222221,-507.72610101215173,324.07115509056297,1342.032851220724
200850,-39.7224999995,-15.1444444439,-636.3919397510535,447.48474480685695,1377.052162058051
200826,-39.7294444441,-13.489176036,-368.1319508030796,212.9377330972743,1319.6107525973334
310954,3.97302949788,44.0735258118,-333.1421493897273,193.6504050718305,1316.6360695265714
311789,3.97341446291,43.931365662,-495.8566409049633,313.3391152235175,1339.4817883506112
200849,-39.7691666674,-15.1530555556,-625.1613933828647,436.3424876410754,1373.4718150419749
200906,-39.7732515167,-17.2517999773,-610.0659371796618,421.450916033547,1368.813696168843
200816,-39.7859089998,-10.468447375,-462.71819276798453,284.2893398690051,1332.9855546693102
310955,3.98105944554,44.0730827478,-251.1446302252101,174.06606098516767,1313.8984183645198
200738,-39.8240166199,-8.81385964612,-564.3577594062357,377.06791310420965,1355.8061333710873
200852,-39.8270585882,-14.964171193,-460.3107971621698,282.2391013904055,1332.5498004005547
410221,39.8270884715,-3.11866951489,-630.9416137333942,442.07082731888084,1375.3023945882933
200380,-39.8355555559,-3.36416666721,-526.0868545753076,340.9554361276646,1346.2097420606124
310827,3.98480157185,44.5980885082,-243.22617684576224,174.4507514246162,1313.9494377130757
200812,-39.8480555559,-12.5155555564,-647.5326810518918,458.58701357023796,1380.6998621022472
312081,3.98523476389,43.6067723652,-568.0367524918156,380.5951105395171,1356.7913245449654
311559,3.98559560092,43.9146631677,-519.7412123176192,335.0837384820659,1344.7346102443455
200378,-39.8688990226,-3.02260269295,-556.8233788302612,369.87248402787515,1353.8226304190832
310882,3.98826403914,44.3069903141,-263.5779162762312,174.30801556739746,1313.9304945410693
200919,-39.8944518827,-18.093924007,-601.1602651993013,412.7152193505173,1366.1493009468036
200922,-39.9353906341,-18.4097718921,-613.1972633932983,424.5314828478064,1369.7653230107892
310928,3.99444184165,44.2307387878,-268.83980025472135,174.72102100642152,1313.9853482346828
200396,-39.9594444441,-6.64555555571,-508.17923428591695,324.48385592763555,1342.132569067438
310880,3.99682655384,44.3570148653,-257.0953179911133,174.05284488578354,1313.8966675529432
312389,3.99801986994,44.4637867931,-237.08999363810523,175.03552736242,1314.0272052103546
200905,-39.9812239669,-17.1853067488,-598.1127150178921,409.7348533218226,1365.2518852653345
310956,3.99929005905,44.039277341,-380.0337899276332,220.59048255153556,1320.8672231478129
200370,-40.018460517,-4.36470154699,-516.703640345656,332.28628369046345,1344.0402652163045
200379,-40.0352176824,-3.74790427596,-553.718896099773,366.9190509715286,1353.018717594011
200921,-40.0358928364,-18.2647222221,-620.0691254986764,431.30766668070567,1371.8805937586003
200774,-40.0466666673,-11.1822222221,-560.2966179224345,373.1846900105821,1354.7312918258694
201014,-40.0638888888,-19.4102061999,-674.7204994255688,485.8653759945638,1389.9982819357128
311560,4.00646686764,43.8974913572,-493.183498525145,310.9438581567566,1338.9235015934644
200863,-40.06682415,-15.3897275582,-373.44626496771235,216.29395953949506,1320.1564820608075
200838,-40.0808333332,-13.864166667,-421.1975757746669,250.3590411904672,1326.16353052695
200934,-40.0935949482,-18.6432266344,-612.908398557202,424.24710972294315,1369.6772139092352
200839,-40.1059895292,-13.6851460712,-458.5179572747062,280.71814262677697,1332.228484830482
200772,-40.1127777778,-10.8450000002,-574.7264447928023,387.0308186713717,1358.6106560730807
200920,-40.1141666669,-18.0890603365,-652.1090608989851,463.16094161297985,1382.2257840272396
410222,40.123453225,-2.26440448121,-661.4780569983773,472.5478849428281,1385.3994239055519
200371,-40.1263888889,-4.09694444384,-515.452522360106,331.13663293084966,1343.7564994680677
200903,-40.1565091834,-16.8395662522,-418.426774512889,248.2177211879587,1325.7609502869052
311561,4.01594262943,43.8804703308,-523.3406773427417,338.4098552377341,1345.5672745410832
200395,-40.1602584557,-6.32656420232,-423.43400807869875,252.1000036867455,1326.4932989098556
200376,-40.1855422798,-3.82305828718,-491.38420211455673,309.3363175231558,1338.5510888765812
200810,-40.2144667582,-12.7605424997,-600.7354263470867,412.2994642476327,1366.0237583632208
200908,-40.2188219476,-17.3767918786,-614.0577136819692,425.37878127375416,1370.028163123605
310930,4.02276118899,44.1568271827,-254.4541819994331,174.02945463800208,1313.893569234394
200865,-40.2351872349,-15.2431887971,-422.7503208314669,251.56660415176907,1326.392029725129
310883,4.02762154139,44.3024373027,-267.46107611916455,174.5950375497106,1313.9686021099894
200899,-40.3063740128,-16.1350272419,-599.9898125678287,411.57001275849575,1365.8037690663775
200369,-40.3149164935,-4.19515119696,-539.9644915269389,353.91905626345954,1349.551317505308
200928,-40.3361111113,-18.5638888888,-566.2036727892246,378.83656585247576,1356.2990834697162
200935,-40.3377703404,-18.8476793663,-506.51248958886396,322.9668832868247,1341.7666219927742
200375,-40.3413888887,-3.68888888907,-553.2312068018043,366.4557118354363,1352.8931402482276
311562,4.03557777105,43.8898484376,-486.8755935915111,305.32528883636047,1337.629841247907
200864,-40.3641666666,-14.9808307224,-456.7774524758166,279.2464864631218,1331.9191643624222
200372,-40.369073027,-3.99873457071,-533.1662623645215,347.54832820996563,1347.8946177781986
200771,-40.3799999999,-10.8016666666,-430.25579408990586,257.47755373270604,1327.5258004536383
200373,-40.381505939,-3.90813263221,-531.2976269305584,345.8039180190312,1347.4458838525602
200917,-40.3832427912,-17.8396133579,-581.8265052590463,393.89108756302437,1360.5808498782703
200811,-40.4021329677,-12.1766216414,-480.62249210784915,299.80422533118525,1336.3804225295755
200368,-40.43,-4.14416666674,-408.9733089183197,241.04807673173315,1324.437327883038
200933,-40.441801836,-18.6978376149,-555.1881752065966,368.31599379614363,1353.3982161507142
200773,-40.4702777784,-11.205962421,-450.5548589090722,274.02577194729423,1330.8343938616877
201021,-40.489413405,-20.4225285586,-553.4476331734487,366.6613111024329,1352.9488450245447
200737,-40.4954203865,-9.4058769001,-630.4932135760567,441.6259566554018,1375.1594619482112
310929,4.05245654445,44.1683954847,-327.6037068012267,191.1039052318835,1316.2639411564733
201018,-40.5277777781,-20.0977181157,-415.2095243636603,245.7536351280957,1325.3018182182382
201013,-40.5401636342,-19.0436878105,-422.0767800745515,251.04213370802378,1326.2926574065666
200366,-40.5484737938,-4.37861111114,-554.1188072155369,367.29912146403433,1353.121836651137
201016,-40.5522222222,-19.9524999997,-311.74400565229416,184.6900891289375,1315.3480486990316
310815,4.05577242972,44.6818850601,-224.19473049616866,177.0673518309305,1314.299397884026
200367,-40.5649329122,-4.34537983239,-579.8314575512543,391.96041179761716,1360.023170615285
200365,-40.5724999998,-3.00277777831,-578.8957773015337,391.0557234077719,1359.7627142276958
310931,4.05728491585,44.1523688803,-265.2264253562261,174.41761902288036,1313.945039192852
310884,4.05916444,44.3030412318,-285.91918980707123,177.31296266374616,1314.3325100302773
200815,-40.5947222217,-11.5530555558,-528.8495662136114,343.5231180700226,1346.8623511118146
200374,-40.6017002113,-3.89358351101,-576.1059407824423,388.36137306341413,1358.9902929313346
201017,-40.6021391183,-19.931175515,-310.02155481916765,184.0759165530161,1315.2619523306857
201010,-40.62277034,-19.5270474915,-536.1801943242451,350.3680622721104,1348.6244248322835
201011,-40.6324776858,-19.5314404539,-503.1463299737657,319.9121188994776,1341.034609550644
200862,-40.635389346,-15.2515176688,-467.63215261967486,288.501693977269,1333.8902832023512
310932,4.06489769948,44.14828659,-430.59775649747587,257.74970303625645,1327.5786114611717
201019,-40.6505258043,-20.3146400037,-347.3680505415918,200.85985777099094,1317.7157290772836
201020,-40.6763888894,-20.4108333327,-318.94033939191735,187.43386831734907,1315.7361115308418
200916,-40.6775297515,-17.3186378628,-500.3294015841479,317.3651491287043,1340.429296186628
311564,4.06844698977,43.8148267584,-586.2082202273809,398.1394424018881,1361.8168290155547
200362,-40.6847222221,-3.46472222153,-618.999917156114,430.2519557059161,1371.5490532907163
201012,-40.6863888893,-19.4227777779,-391.855893160867,228.65339866013784,1322.2376627946758
200736,-40.6984151503,-10.0102777781,-588.1975022099874,400.0717432600507,1362.3830078025157
310885,4.07292280514,44.2945037291,-287.7313229170047,177.69801021109768,1314.3845111027738
311563,4.07326867217,43.8729500082,-495.66855232450905,313.1703090441616,1339.442310314524
201009,-40.7353521573,-19.5598277572,-470.6770419275971,291.12974654474306,1334.4611607375844
200898,-40.7391666666,-16.1199999996,-388.8831447164166,226.58529711632025,1321.8815972178393
200915,-40.7620870515,-17.7060802429,-491.68261526014055,309.602662645743,1338.612665751833
311565,4.07673917946,43.797385492,-586.8949023850327,398.80620676593105,1362.011912851325
200926,-40.7812909081,-18.3225268929,-469.9115108382766,290.46775264454243,1334.3168947143947
200364,-40.8188756132,-3.12083333307,-573.0001168204302,385.3673702399398,1358.1377213815767
201024,-40.8225533525,-20.7853545746,-376.909366565515,218.53435704945386,1320.5253974857555
201022,-40.828055556,-20.548016504,-346.34537507499715,200.31097402738442,1317.6321742086043
200363,-40.8486111107,-3.32805555622,-462.2250615063964,283.86863752759785,1332.8958937462705
201008,-40.851974196,-19.7772767212,-391.8129212641457,228.62331615627767,1322.2324609856573
200927,-40.8830555555,-18.1230555564,-595.7043910836577,407.38298663177517,1364.54789508867
200931,-40.8849392087,-18.6933393075,-534.1749058601877,348.4911404656515,1348.1380252692766
200932,-40.8925000003,-18.7530555565,-418.9513444457698,248.62177178755653,1325.8366587180633
201007,-40.8941666675,-19.4716666669,-326.8519251713811,190.77006646388355,1316.2155136802367
311567,4.08954830852,43.7563263466,-644.0574788013263,455.1187799718841,1379.5517982580395
311793,4.08963538052,43.7683624426,-559.5497222528301,372.47172460780104,1354.5350662962564
200837,-40.8979575748,-13.87694183,-520.3861615590342,335.6788262049144,1344.883018911386
200861,-40.9313516995,-15.3372311989,-338.209548945546,196.11104311652332,1317.0002283318502
201023,-40.9438145096,-20.8851534909,-412.6513070671799,243.81182886277904,1324.9431188120143
201037,-40.9562747446,-20.9599563901,-661.3678590178673,472.4373017766045,1385.3617088341418
200809,-40.961388889,-12.9927777779,-512.3940246442036,328.33262013536233,1343.0682669316727
310935,4.09788321521,44.0946859986,-466.32806788831454,287.3802802047205,1333.6481866086115
200836,-40.9811495876,-13.8308333332,-433.88798439136895,260.3804184052802,1328.0918727568521
200835,-40.9824999998,-14.0313888888,-514.2746898509313,330.0557139255879,1343.4905412725554
200345,-40.9939950957,-4.44647054976,-396.6904677049887,232.07214083095135,1322.8331484899202
200895,-41.0136111113,-16.4275000001,-531.8560764055702,346.32493212812983,1347.5796892234046
201006,-41.0141666674,-19.5236111112,-424.81460235439886,253.18024801826513,1326.6990232077828
310936,4.1026424426,44.0769044041,-528.6482199877078,343.3357593349474,1346.814576633324
200897,-41.0280555555,-16.6222222222,-471.8081749740346,292.1094274414196,1334.6752330788372
201005,-41.058055556,-19.9011111115,-450.9194749690724,274.32988717177557,1330.8970460518626
200803,-41.0600682292,-12.0301344312,-397.45411673961576,232.6182617644127,1322.9290668437939
201004,-41.0604103722,-20.064375948,-254.91280780979613,174.03016606670147,1313.8936634656163
200808,-41.0644444435,-12.9361111112,-408.39241270273686,240.6146615425906,1324.3585147320005
312792,4.10654291192,46.0109713661,-446.87979168657273,270.9733681759255,1330.2092416061844
201039,-41.0872147844,-21.0142563966,-575.7255658206645,387.9943780298383,1358.8854615370108
201036,-41.0981460983,-20.85,-325.7978521131864,190.3068315953685,1316.1484530043572
200929,-41.0991666674,-18.6636526041,-394.8316841702049,230.7497421961728,1322.6017933291544
310971,4.11052590925,44.027256487,-562.2018121021308,375.0050444479148,1355.2338704280073
200925,-41.1142187317,-18.0435043168,-362.2661120167255,209.35323784552597,1319.037087571953
200346,-41.1144475857,-4.61005332929,-537.4033147400331,351.5145089477812,1348.9227220988955
201003,-41.1221701573,-20.0776347381,-470.57982819540547,291.0456342844614,1334.442813098388
200914,-41.1225446273,-17.7372266824,-442.68670308012287,267.520015016621,1329.5100671406694
200834,-41.1380555556,-14.6104170017,-460.9429189498266,282.7765700727542,1332.6637418253738
310886,4.11444236358,44.2861892284,-270.68309980687576,174.90909536301214,1314.010369759159
200804,-41.1601202945,-12.2602941433,-499.1257306225572,316.2794901578659,1340.1726665204055
201002,-41.1605258045,-19.4937171498,-473.9928613529171,294.0067085992653,1335.0917589796095
200805,-41.1702852163,-12.3728269806,-395.8360834475318,231.4630828180373,1322.726433886283
201035,-41.1734685026,-20.7557847262,-600.7678434074327,412.3311849794774,1366.033332792606
201034,-41.1764632678,-20.7023658138,-564.6966568890007,377.3924589041704,1355.8964297584203
201162,-41.1815153332,-21.7228228842,-657.9888772203526,469.048495486045,1384.209720855773
310934,4.11841747591,44.0854812628,-466.9774251179064,287.9383638807555,1333.7685562301358
201038,-41.1891802539,-20.9185425627,-371.85655674626906,215.27945128046898,1319.9906447916644
201033,-41.1975831036,-20.6059768388,-445.2562284729727,269.63246476233263,1329.9367376863102
200806,-41.2058333332,-12.5008333332,-557.9630236603376,370.95837407068325,1354.1197050065623
200860,-41.2352405887,-15.5141629645,-477.5417381868664,297.10278445974285,1335.7769741718214
200912,-41.239351501,-17.4892638309,-454.1350182878449,277.02162780130294,1331.4544838121872
310937,4.12403766937,44.0351359146,-472.1389317216921,292.3962408501835,1334.738034918168
200992,-41.2437343144,-19.339530379,-472.71106867209346,292.8927297314506,1334.8468868463658
200923,-41.2486111108,-18.1936111112,-353.5644278988146,204.28157849111403,1318.2416407869673
200991,-41.251782598,-19.3165256381,-475.70279425764585,295.4963219641971,1335.4205841188248
200361,-41.2550000003,-3.07861111058,-576.3985872571002,388.6437848509266,1359.0710252584845
201031,-41.2642795231,-20.7562927642,-580.999786061593,393.0907623911583,1360.3493697102801
310887,4.12698142661,44.2941280081,-287.1196111433237,177.56571619842347,1314.366632170398
201032,-41.2725459148,-20.426675581,-408.93226956620595,241.01742870705147,1324.4317502742272
201160,-41.2727318628,-21.7643483856,-623.7964485339453,434.9918445865173,1373.043322350273
201159,-41.2855118828,-21.756303935,-638.6711300624521,449.7522034446542,1377.790660694583
201161,-41.2882130391,-21.7525539187,-641.797914183333,452.8661650846445,1378.8102928511837
200833,-41.2896701572,-14.0970854433,-511.83924572111715,327.82499432357946,1342.9442606069508
200335,-41.2937952485,-7.54759111434,-513.4948739901166,329.34081052603955,1343.3150894975622
201157,-41.3002777781,-21.7533333327,-658.4774147679092,469.5382140336796,1384.3757418532848
201046,-41.3103224049,-21.2227674298,-400.85780819185896,235.07212049639696,1323.3627477107577
200800,-41.3222222219,-12.8405555563,-284.55938042836914,177.03766912334245,1314.2953992472624
200807,-41.3276054183,-12.7558224263,-589.9037113609567,401.7308180846253,1362.8711275806077
200802,-41.3311706136,-12.4897098403,-455.14212661876866,277.8682342050237,1331.630885708991
310933,4.1340475662,44.1293492754,-462.52657784740967,284.12582403899347,1332.9506907908228
310938,4.13549528732,44.0316704823,-463.35018535877396,284.82905398097233,1333.1007652032874
312680,4.13579894834,45.9693376227,-370.3013878222163,214.29563267247522,1319.8305491146925
201045,-41.359933059,-21.0648560808,-363.4954359590643,210.09371463641955,1319.1548162075685
200734,-41.3807589537,-11.3579148346,-628.7291674439692,439.8765976700059,1374.5986619270493
200799,-41.3939781438,-12.9976322103,-272.2499439613388,175.0865817972247,1314.0340069112865
311795,4.14024181371,43.5646757107,-644.0502657975568,455.11158609746906,1379.5494249913804
201025,-41.4100818161,-20.3720612894,-346.9668059920096,200.6439594668962,1317.6828369013722
200999,-41.4354724512,-19.8192309467,-418.83970207536606,248.53572609425848,1325.820526066441
201000,-41.4355034902,-19.8088009568,-493.4419872179721,311.17511256214095,1338.9772256733702
310939,4.14381426001,44.0220016295,-461.8292092043978,283.5311975841271,1332.8240694845601
200832,-41.4452777781,-14.0147222224,-480.97754115400613,300.1163646141667,1336.4504826229509
200336,-41.4515831596,-7.07277777806,-529.1232733659263,343.7778674060097,1346.9273485649173
200859,-41.4521316796,-15.4933345398,-447.6195499121616,271.58589009178667,1330.334151967408
201001,-41.456344262,-19.593505842,-450.31599779647945,273.8266686657686,1330.793411715916
201044,-41.4603534453,-21.2061111115,-549.08446305905,362.5229693413349,1351.8331862674302
201030,-41.4661111108,-20.7469444445,-409.0642347701476,241.115994907996,1324.449690699638
201158,-41.481082647,-21.6814336848,-607.8643448677427,419.28777315426487,1368.1492231882298
311568,4.14832168238,43.7267810611,-657.7581362404715,468.817225067537,1384.131370468107
310890,4.14848035639,44.2277722386,-389.87622962197264,227.27322734854098,1321.9996898877534
200911,-41.4895349867,-17.5940595816,-368.4395629258982,213.12923549463338,1319.6416677327302
200894,-41.4986111115,-16.6894444437,-402.726867654653,236.43305021146352,1323.6051705195891
201027,-41.5027777778,-20.4302777783,-281.257456228396,176.41823924705005,1314.2121043929417
200893,-41.5030555558,-16.5683333327,-526.865467781042,341.6784031941803,1346.3930300633688
201028,-41.5113888885,-20.5283333334,-477.14741077649796,296.7579226244779,1335.70031250812
200990,-41.5352644815,-19.0682203596,-546.9385413063412,360.4927669650977,1351.29015952461
201026,-41.5353447185,-20.3522222218,-464.5329174255544,285.840729049216,1333.317285036567
200989,-41.5369444436,-19.0694444437,-550.4388783283753,363.80610665817153,1352.1778519986456
312714,4.15530619896,45.9773323053,-434.96964178642384,261.2500205760592,1328.2626372238608
200735,-41.5682812682,-10.9015257229,-539.8172386705716,353.7806662108298,1349.5150314014559
200830,-41.6061111114,-13.2186111106,-264.0845754148481,174.3397758018648,1313.9347082791212
310816,4.1606238524,44.6309059819,-217.7376677305123,178.4843420636393,1314.491050009769
200831,-41.6062834714,-13.6518015544,-403.74332077591504,237.17709198014285,1323.738279704131
201156,-41.6183779614,-21.4892242699,-596.551061324848,408.2094664149061,1364.7948668809672
200982,-41.6387210181,-18.9726657077,-536.4394274675543,350.6109427786703,1348.6875447597351
200801,-41.6394444441,-12.4427777784,-379.6207037489701,220.31677756847716,1320.8215408116466
201043,-41.6562152405,-21.0357294724,-496.21530427688873,313.66112167044287,1339.5571504946904
201029,-41.6655555563,-20.5405555564,-376.8753589179798,218.51215714809524,1320.5217237953373
201042,-41.6816666666,-20.7736111107,-410.0139710240459,241.82665263995924,1324.5792502228555
312724,4.16878755307,45.9761847262,-364.9906717313916,211.0021066278315,1319.2997950410197
200998,-41.7061111106,-19.798888889,-396.8065231642632,232.15503168621348,1322.8476930210527
200358,-41.7187515707,-3.93525601946,-586.3096689423203,398.237931946253,1361.8456265798716
200997,-41.7267646473,-20.1066833745,-349.2731366129379,201.8944577192208,1317.8738301717783
200980,-41.735121956,-18.239166667,-418.23147850237484,248.06745622820605,1325.7328249060695
200347,-41.7353916861,-5.222904585,-573.8957316092321,386.2301354144033,1358.3827802560377
201163,-41.7441579408,-22.0891799215,-444.38350838481,268.91364011155395,1329.7911888834053
201147,-41.747222222,-21.6444444437,-510.8797013715935,326.9477343575944,1342.7303829121686
201148,-41.7522222224,-21.6435445596,-507.48410897604356,323.8508428053276,1341.9796677221364
200337,-41.7680188698,-7.18944444371,-595.8471213623768,407.5222870799078,1364.5894894292323
200995,-41.7852777782,-19.7430555564,-425.2541703331023,253.5250597779583,1326.764868441018
200981,-41.8060145019,-18.4597279662,-449.6150389599636,273.242949533976,1330.6734271277537
311569,4.18161838113,43.6679637002,-645.9812422859828,457.0381338137776,1380.1861888723113
200996,-41.8355109283,-19.6808790553,-465.95975577835014,287.06401637675225,1333.5800724711835
201041,-41.843829386,-20.6855649314,-406.5625513939129,239.2549837500784,1324.1121581811508
311794,4.18569616847,43.6390528119,-585.890719225578,397.83123983177063,1361.7267551091072
201146,-41.8600371894,-21.6437333087,-484.3325432001503,303.07394808259875,1337.1177503123156
200334,-41.8652777778,-7.46805555576,-686.1812584731741,497.43482475562445,1394.0844540678136
201155,-41.8893403138,-21.2076440496,-590.8269344173979,402.62919878311715,1363.136211794929
200892,-41.9103919215,-16.7858060967,-441.3434397990186,266.42052111523367,1329.2892665876782
200357,-41.9116198456,-4.03513861972,-569.6259506886393,382.1214317773356,1357.2202654018452
200979,-41.9177777781,-18.5725972416,-575.069850104101,387.36193287672825,1358.70501847748
201040,-41.9188070722,-20.693486307,-387.6263032033155,225.71894937374373,1321.7333711079102
201139,-41.9353385676,-21.768534717,-517.2564080764222,332.7947016876129,1344.16605137358
310888,4.19361426313,44.269140325,-443.19799344894034,267.93939472207666,1329.5945169253396
200975,-41.951911826,-18.8830555562,-553.4771367764984,366.68934133471214,1352.9564417387498
201145,-41.952710837,-21.7277777776,-521.0232953340787,336.26708370104967,1345.029966868658
200348,-41.9603480067,-5.80193682091,-540.4678714098353,354.3922691111701,1349.6754945540272
200994,-41.9611111107,-20.173055556,-413.04743624596205,244.1114763043637,1324.9982917186687
200359,-41.976877357,-3.72358631995,-709.0026262931342,520.5823418861247,1402.5106184544686
200858,-41.9777777781,-15.5580555561,-481.62348411292686,300.6846632182188,1336.5782157765957
201144,-41.9861111108,-21.7347222222,-528.281412957747,342.99452521931676,1346.7276281877932
200891,-42.0027777782,-16.7608333327,-606.5405432464548,417.9882056330301,1367.7515126082715
201153,-42.0238888889,-20.7399999999,-382.26016221662155,222.0752510946918,1321.115996929363
201154,-42.0396465552,-20.9652086375,-460.5743570755654,282.46312016023694,1332.5972664104302
312791,4.20608562316,46.0600965112,-410.78018756284894,242.40162952683383,1324.6843436046033
200978,-42.0687463646,-18.251703214,-531.1752561967895,345.68978584641695,1347.4165978762603
200890,-42.0767459083,-16.8512390691,-652.0812076001613,463.13308051433404,1382.2164484843145
200973,-42.0806980796,-18.9350098795,-478.46742177676765,297.9131683503906,1335.9574529416955
201115,-42.0809685026,-21.6643669764,-594.6569511122113,406.3610428167861,1364.243144499191
200974,-42.0809758576,-18.9352876566,-442.89642285039264,267.6919769553377,1329.5446794749514
200988,-42.1017319044,-19.3727652358,-381.9557383202746,221.87128094678866,1321.0817255199859
200349,-42.1021083144,-5.71388888862,-691.746534079892,503.06662932707695,1396.103897901729
200888,-42.1058284707,-17.0268851787,-478.15405401494974,297.63870400849333,1335.8962752840318
200338,-42.1061111107,-6.97333333283,-604.898039774244,416.37694849606635,1367.2599692204808
310889,4.21084376855,44.2522375006,-434.53722318644816,260.90209707966505,1328.1942495186695
200986,-42.1101678711,-19.6358110355,-439.2956921172667,264.7508819930136,1328.9556387291386
200889,-42.1145573014,-16.9728952032,-478.6975052749858,298.1147713081018,1336.0024240494386
200987,-42.1222222221,-19.5497222224,-377.7347193366278,219.07433644346872,1320.6148662960147
200984,-42.1319444439,-19.8736111112,-348.06878120720137,201.23858085162215,1317.7735111228596
201138,-42.1350148751,-22.022836993,-455.8798186153773,278.4894202179932,1331.7606456744577
200887,-42.1352777781,-17.5727777778,-318.6962294280012,187.33617670453907,1315.7221983747818
200983,-42.1352777781,-19.9127777784,-400.63489768568934,234.91044145066286,1323.3340378364185
200985,-42.1398574755,-19.7900034433,-350.4260603713208,202.52815278965323,1317.9710591914693
200703,-42.1402777776,-13.4155555559,-295.72612083925173,179.64132720439227,1314.6486475989127
311805,4.2150374519,43.6025202638,-598.9114351634917,410.515508953263,1365.4863760891396
200857,-42.1728000912,-15.701647326,-432.6228601373045,259.36628630945165,1327.893418414238
201128,-42.1805555559,-21.5422222223,-549.784863704929,363.1863417290455,1352.0112347951926
200355,-42.181700211,-4.3732145037,-676.6817077946938,487.8423959377198,1390.6905707123167
312442,4.2186858832,44.4056930093,-405.9908353246572,238.83193218011803,1324.0357820024287
311556,4.21875739121,43.689175036,-647.28580995639,458.34049052691176,1380.6180012770892
310960,4.21882109421,43.9890261628,-508.4256205305874,324.70834653224085,1342.1868612460771
200350,-42.2136111106,-5.66427687052,-679.7274534762734,490.91500912488607,1391.7713915647143
201137,-42.2138888886,-22.0097222219,-393.16397394210304,229.5717195448366,1322.3967765419982
201152,-42.2149851247,-21.151821858,-495.67408485160166,313.1752738096958,1339.44347111764
201142,-42.2222222223,-21.9224068057,-466.5736890420462,287.59130336842003,1333.693674712091
200356,-42.2270115317,-3.90565157101,-690.0494878007149,501.3483729087875,1395.4856685800048
200339,-42.2452777782,-8.35583333322,-711.3353507710169,522.9560492463138,1403.3934194078322
201143,-42.2480034905,-21.9772457343,-393.3075622808731,229.67282887944353,1322.4143331495543
200877,-42.2654203859,-16.4105332117,-467.9948042341785,288.8139921530396,1333.957863748803
300070,-4.22709251961,43.0184943475,-263.86686367846346,174.32591890815854,1313.9328697452804
201150,-42.3018390269,-20.7737071047,-351.39160990878247,203.06320552696036,1318.0533849707224
200731,-42.3055555562,-11.3233333328,-493.2179984584237,310.974718656899,1338.9306687941807
200878,-42.3063219483,-16.6267148916,-424.3206103578202,252.7932456749668,1326.6252241129664
200949,-42.327338154,-20.2761008575,-423.22179521921584,251.93432884928478,1326.4618223856403
201134,-42.3306237843,-22.1392269887,-362.9090852963145,209.73980839830446,1319.0984979981033
201166,-42.3366815418,-22.4100571091,-209.0415329640921,180.8001712380838,1314.807500021815
200886,-42.3433420594,-16.8604119609,-592.9445026473865,404.6915223562313,1363.7467831166086
201114,-42.3434908174,-21.6561891787,-496.9100747129364,314.2853016414639,1339.703441445815
200732,-42.3438888894,-10.9844444437,-569.2598645157334,381.76968759966667,1357.1212748180767
200733,-42.3450000005,-10.9800000003,-566.7594609615833,379.3695260997693,1356.4480445365602
201151,-42.3481609728,-20.9101076,-399.2491790882875,233.9084116896129,1323.1565308961187
200953,-42.3486111108,-20.0012760598,-342.36016142240425,198.21621125426927,1317.315348197952
201141,-42.3563145104,-21.9557672975,-388.01790604673755,225.9883661579544,1321.7794074022474
200972,-42.3608007148,-18.9516666669,-386.5634754009586,224.99011636453332,1321.6090997929837
200354,-42.3696988115,-3.45192160047,-651.8692151114292,462.92103769466263,1382.1454146847925
201136,-42.3727182748,-22.1935148092,-298.1414692434503,180.30556437901004,1314.7395775361476
200964,-42.3729057598,-19.3310770933,-564.6345807226152,377.33300590273416,1355.8798831524448
201165,-42.3794444443,-22.3691666667,-209.82077955744367,180.57396420143917,1314.776413213029
201113,-42.3852244638,-21.6313090386,-488.90442148939724,307.12715092015463,1338.042281479261
201167,-42.3928757585,-22.5436922171,-540.2701579816222,354.2063804445266,1349.6266965874333
312343,4.23954029593,44.4853186339,-425.52612993561604,253.73860356075278,1326.8056900431409
200963,-42.3972028998,-19.3308801643,-621.8494273401252,433.0666082060064,1372.4346058508395
201133,-42.4142572092,-22.1561353031,-373.55002678685867,216.36048521242242,1320.1673832341296
200267,-42.4195537937,-5.97292997106,-514.0054750862328,329.80884115434156,1343.429913280728
200970,-42.4229263279,-19.1897492326,-563.5364349906513,376.28168423455145,1355.5876829199524
200360,-42.4243906321,-3.35606502954,-635.4937718069297,446.5917601775629,1376.7622381705523
311555,4.24318431723,43.6229351125,-460.4135128296621,282.3263939685624,1332.5682920305385
200342,-42.435479042,-5.85805555555,-625.1663580974047,436.34740178448925,1373.4733762392227
200950,-42.4398514503,-20.1015061741,-559.4107978998268,372.3391533141632,1354.498617675412
200955,-42.4455555558,-19.7104399797,-525.9815052824696,340.85765734174976,1346.1849808857621
200856,-42.4509090003,-15.6684729453,-450.2614483186484,273.7812125566582,1330.7840593210037
200977,-42.4563562697,-18.2018086419,-440.6124830077732,265.8236269423936,1329.169763737764
200952,-42.4566413197,-20.0973596657,-568.897816978675,381.4219074234371,1357.0234823526187
201164,-42.460090542,-22.37287288,-203.22115156652552,182.60347867459473,1315.0566872260517
200954,-42.4763888894,-19.7769444442,-529.7034934737193,344.3181146204758,1347.0653377805006
200951,-42.4780555555,-20.2988888894,-364.68316214988096,210.8145975902285,1319.2698187827327
312727,4.24794999162,46.0021062534,-386.245892646249,224.77301190596486,1321.57215734714
200875,-42.4852703401,-16.6773769007,-458.0495774057548,280.32163309014936,1332.1449914225639
311803,4.25122932589,43.6880546009,-612.2688217961438,423.61761538872275,1369.4823636182841
201149,-42.5138888895,-21.0471886513,-272.91236281425495,175.16647507235942,1314.0446545620778
201140,-42.5148276395,-22.0481528331,-350.4035668222686,202.51573522030483,1317.9691510827236
311554,4.25161671293,43.6698973394,-604.8343718233315,416.3145181895252,1367.2409583717388
201135,-42.5189719929,-22.2268116709,-280.47047112940385,176.28091630592914,1314.193677373146
312713,4.25197673396,45.997678976,-388.77471171982785,226.51036401559028,1321.8687549073734
201126,-42.5358333333,-21.4397222218,-614.0306792794198,425.352154913325,1370.0198961633018
201112,-42.5397222216,-21.7674999999,-416.19253737186716,246.50394608023637,1325.441155097812
200340,-42.5479081033,-7.23290517031,-620.5180618002623,431.7510858220295,1372.0200655611404
201132,-42.5726818713,-22.2188545413,-263.2486962443882,174.2882948788222,1313.9278785099514
200876,-42.5817200201,-16.1933333327,-387.2817351035469,225.48228086588205,1321.6929746270027
200885,-42.5969444443,-17.2197222216,-456.7831539109034,279.25129924932884,1331.920173406174
200976,-42.6017319037,-18.3560046836,-434.62149393025004,260.969872121864,1328.2075644827494
201130,-42.6268762158,-22.3481178799,-163.30319224423314,199.91400952449746,1317.5718847175115
200961,-42.6336304334,-19.5267137895,-360.0990311642451,208.06209834012137,1318.8327782397544
201111,-42.6395126729,-21.8732521217,-430.08394367367936,257.34087853809694,1327.4992986667278
310892,4.26421238397,44.2267591535,-490.8226874226311,308.8354322482941,1338.4354240701662
310891,4.26421831197,44.1771876354,-314.43278518401246,185.68197700436784,1315.487687809409
200947,-42.6474746525,-20.2270926255,-549.2650739732937,362.6939971687188,1351.8790610761444
200962,-42.6550000001,-19.5266979675,-367.8338716987382,212.75249532781362,1319.5808745439233
201131,-42.6603236926,-22.2775123281,-262.4534342759109,174.24363818265618,1313.921955688778
200946,-42.6739468547,-20.6977652924,-411.3035935440396,242.79523556685635,1324.7564253884034
200948,-42.6744444438,-19.9944444442,-557.3358417244908,370.3606634756396,1353.9560854193207
201110,-42.6763219479,-22.0481052861,-367.3195780364301,212.43365946519378,1319.5295070090963
200883,-42.6767497709,-17.6430038156,-390.5055235593582,227.71068819186544,1322.074966751397
310969,4.26924360738,43.9517527127,-614.3910941337086,425.70715738915106,1370.1301558779903
201125,-42.6963888886,-21.3894444436,-513.1579536317305,329.0321212690775,1343.2394414328085
200341,-42.6977777777,-6.62500000001,-625.5952867042822,436.77200076109375,1373.608328761421
200351,-42.6986243868,-5.2023490243,-649.9965198042408,461.04859458005103,1381.5194051326732
200352,-42.7144077591,-5.20573708158,-650.9897044081063,462.04148915508205,1381.851076597815
200971,-42.7145947801,-18.8937364431,-276.2937079672645,175.61908761726002,1314.1050658639945
312790,4.27361339175,46.0687943139,-389.7251972045899,227.1684123045922,1321.981674510991
201168,-42.7363888889,-22.5855653166,-523.0311639964506,338.1233781981185,1345.4952542012188
200672,-42.7522222222,-14.8563888891,-442.08445967579627,267.0266503360148,1329.4108816252283
200704,-42.7604663009,-12.2471011552,-669.1955868176036,480.30233035863466,1388.0635391587193
201123,-42.8064173527,-21.4605260015,-495.44351425200284,312.96839475615167,1339.3951158303278
200344,-42.8111111111,-5.13499999973,-646.3973905987892,457.45350877841116,1380.3237927702235
200884,-42.8186159737,-17.2824999998,-372.4953299348492,215.68603176598796,1320.057015621997
201120,-42.822724424,-21.296996874,-406.6348736944341,239.30856002935957,1324.121839974411
201124,-42.8297222216,-21.4727237375,-384.90513529007615,223.85991456272652,1321.4171640863176
200304,-42.8313429737,-2.74745387818,-641.1776950561951,452.2481916242129,1378.6074448592192
200882,-42.8394444444,-18.0897222216,-247.10086653240373,174.21023502405666,1313.917526399976
310968,4.28495219668,43.9439809741,-573.017170793086,385.383794093781,1358.1423816905253
310893,4.28506589969,44.2439350649,-468.88006308420006,289.5771423794731,1334.1233007419353
310817,4.28541963272,44.6724801864,-262.7746314404569,174.2611668780135,1313.9242803432705
201119,-42.8603757581,-21.3101517061,-498.66233354280064,315.86195597723344,1340.0741902699485
312711,4.28617470879,46.0273608695,-388.54460525071136,226.35146622826184,1321.841536061558
311984,4.28693368885,44.4151528441,-528.5258732446167,343.22192926085336,1346.7855630795264
200676,-42.8866666673,-14.7687486468,-529.4118696848898,344.0465451031305,1346.9959485430143
201088,-42.8979737392,-22.2017385588,-333.87626174764597,193.99925811372947,1316.687423932716
200942,-42.9027777776,-20.3838888894,-471.208500946239,291.5898195375028,1334.5616070649596
312710,4.29033237613,45.997156295,-389.20092010808406,226.8051024759787,1321.919292053427
200874,-42.9166666668,-16.5928878438,-410.0134808619029,241.82628528489494,1324.5791831553845
200670,-42.919166667,-15.7930555556,-383.5241254569986,222.92531609105666,1321.2591557859466
200940,-42.9230555563,-20.7236111105,-409.56246682883125,241.4885244107407,1324.5175603275222
200332,-42.9666666669,-6.81388888864,-597.2055325338101,408.84858544942387,1364.9861633063865
200353,-42.9811883341,-4.28805555565,-619.2389259725958,430.4879035247055,1371.6230879053437
200671,-42.9894654698,-15.6271146628,-511.4553005689547,327.4738627660524,1342.8585893491593
200881,-42.9937090922,-17.5773885082,-454.6518912826373,277.4559179058641,1331.5449097101007
200701,-42.9937921962,-12.6672222219,-547.0486962218196,360.596897794792,1351.3179429331658
201109,-42.9939707052,-22.034745952,-532.9685418482123,347.36361236252515,1347.847001475849
200941,-43.0023961189,-20.7143046778,-392.8433250584315,229.34614822377915,1322.3576353993567
200967,-43.0200000003,-19.2322222221,-363.53763071104083,210.11923284341924,1319.158880576787
310894,4.30228944412,44.2438437529,-472.4089140164676,292.63046860014174,1334.7893659102297
311802,4.30239911413,43.7647060073,-529.1483829305192,343.8012410637153,1346.933314440936
310818,4.30260123814,44.656194136,-255.04966004684294,174.0306511316004,1313.8937277143777
201089,-43.0269444439,-22.2008333328,-358.5362492006476,207.14239620813788,1318.687996646949
200343,-43.0270279509,-5.57179356087,-632.030951903721,443.1519325701855,1375.650280970634
200331,-43.0272924519,-6.76405200251,-624.1878870856151,435.37910031726784,1373.166057396908
200960,-43.0293611321,-19.7644304932,-437.387775861941,263.20242721916463,1328.648026336529
201108,-43.0415314971,-21.889201964,-466.2199466976788,287.2874172935932,1333.6281791898061
200333,-43.0477777776,-7.63833333285,-569.1612117720043,381.6749142578898,1357.0946173232219
201118,-43.052559503,-21.3555555558,-510.19068613105446,326.3183776287064,1342.5772766482103
200968,-43.0689408304,-19.3349057366,-298.35641392349584,180.36638306235795,1314.7479196914105
200969,-43.0824999995,-18.8947222222,-310.54546208159815,184.26095714595402,1315.287862227215
201086,-43.0850446267,-22.2317401163,-356.60030292257227,206.01654494809176,1318.511614278101
200939,-43.088055556,-20.6681806539,-458.9839483373953,281.1129771638717,1332.3117375914055
312524,4.30937937271,44.4486018768,-416.0997456324812,246.43302268303714,1325.427966681929
200938,-43.0972222217,-20.9116666671,-397.2559335163843,232.47637418631862,1322.9041253048958
200945,-43.100833333,-20.2687641849,-326.92281893639455,190.80142536653094,1316.2200591526457
201087,-43.100833333,-22.2338888895,-503.4494106299162,320.1866672050718,1341.100131254108
312708,4.31078602882,46.0812356269,-233.9732328299403,175.42759671177427,1314.0794884184
201122,-43.1274628112,-21.4725540505,-515.1501395268835,330.85900137245466,1343.688110754528
201085,-43.1311867775,-22.3315588586,-305.5371752916257,182.55606683747277,1315.0501046473714
200944,-43.1394444442,-20.3613888886,-316.99975261164343,186.66611671623878,1315.6269605491577
312709,4.31478302615,46.0647221496,-233.8664501798924,175.44215671594344,1314.0814322358551
200669,-43.1534820914,-15.8727639802,-307.4220686082893,183.1808517037403,1315.1369832168823
201091,-43.1559313136,-22.1400723977,-545.5287685266411,359.1609006972333,1350.9354584078183
200673,-43.1692943977,-15.9812603311,-389.4426943132804,226.97254240841113,1321.948030446444
310834,4.31722344835,44.4276604701,-462.8558842354254,284.4068745943754,1333.0106265557058
200956,-43.172609907,-19.9351787143,-378.0062622830859,219.25249152156857,1320.6444317954438
201090,-43.1811929277,-22.2975989478,-369.7907651481728,213.97449189956362,1319.7784448071466
201084,-43.185353611,-22.5192061161,-216.99948618591742,178.66293728597697,1314.5153119509666
312728,4.31930512753,46.0570769279,-183.57198677603705,190.10372951877724,1316.1191010584273
200872,-43.197718275,-17.3147489335,-502.72203208075695,319.5279312435242,1340.9430111077284
200943,-43.1980590891,-20.3882003428,-279.9558287563268,176.19327196625815,1314.1819239664158
201116,-43.2017336084,-21.3023271924,-439.9365151219947,265.27252943662495,1329.0596582048527
200873,-43.2077777779,-17.3144215695,-534.6568490597252,348.9419285139055,1348.2546234554134
201117,-43.2251526223,-21.3725246502,-341.88231566226534,197.9698266206586,1317.2782972652774
200700,-43.2263888894,-12.6895259018,-553.088364593423,366.3200339509189,1352.8563957300482
200702,-43.2269059685,-12.1829208819,-607.5832786330192,419.0117818314201,1368.0646671511681
200305,-43.2275031415,-4.16679324062,-592.2502064826344,404.0150746629186,1363.546200445287
312353,4.32315810985,44.4934860596,-372.94296832785324,215.97181013632255,1320.1037394718091
200937,-43.2396627185,-20.8476340558,-454.54671474749773,277.3675100174193,1331.5264908394267
200880,-43.2440997259,-17.9516906352,-372.5038450349381,215.6914613546162,1320.057902781232
200966,-43.2479577002,-18.9604142186,-465.7536769193205,286.88714793322185,1333.5420112779173
200674,-43.2522594106,-16.0647321981,-488.103524348261,306.41524663126626,1337.8790541607243
310835,4.32752645621,44.4273225931,-389.20833186628033,226.81023284007702,1321.9201722928904
201081,-43.2851025103,-22.0771047315,-329.2811010533284,191.85905273832802,1316.3737904985585
201082,-43.2858184583,-22.1605195684,-535.7746285022441,349.98819051042796,1348.525785326576
201083,-43.2900359007,-22.1646741858,-536.3934116890243,350.56782569326145,1348.676336488928
200705,-43.293623411,-11.5518647497,-641.5990860525044,452.6680409193755,1378.7452322541972
200936,-43.2994444445,-20.6905555558,-446.73490557916534,270.85351551288545,1330.18483191607
200668,-43.30603802,-15.7483333329,-537.725296008161,351.81650874458,1349.0014514518211
200307,-43.3145349417,-3.56762646704,-684.2559238855581,495.48852621872544,1393.3911653976777
201121,-43.3147978887,-21.4976008976,-368.5226476488172,213.18101866995298,1319.6500319838792
201093,-43.3271316798,-21.7775341367,-411.30318854803636,242.7949307446752,1324.7563695220363
311553,4.33496328882,43.7811676976,-618.9469870663315,430.1997069157953,1371.532663856144
200297,-43.3603298425,-4.86828171066,-668.4580228685894,479.56040390876336,1387.8069898912568
201107,-43.3683779612,-22.0186612617,-452.26324485239724,275.45264095183524,1331.1289259877253
200879,-43.3723797055,-18.0064328087,-331.039103158151,192.6655735435117,1316.4915812198515
201097,-43.3724999995,-21.9647926212,-515.0550251619402,330.77169091449366,1343.6666147911571
200699,-43.3797222221,-12.8686111106,-610.7365272309626,422.11025021065393,1369.0168455964285
312705,4.33846501111,45.9567529376,-214.5975195390846,179.26734723866903,1314.5975969778297
200311,-43.4063888893,-3.20916666738,-595.4972499509486,407.1808420469242,1364.4875588747361
310782,4.34096746732,44.8485738019,-246.71674814558287,174.22961069186627,1313.9200955293034
200959,-43.414735519,-19.9499999995,-371.1053835902882,214.8031748536242,1319.9130517276853
200684,-43.4353162547,-13.2569444437,-617.5956738524195,428.86620912673396,1371.1149789585954
312704,4.34396422057,45.9894789053,-373.5545835739755,216.363407603057,1320.1678621840108
201096,-43.4440240594,-21.8600639306,-486.9212002737487,305.3657377536614,1337.6390746340107
200965,-43.4478937087,-19.0144444441,-397.8802996772007,232.92375648351575,1322.9828179263277
200958,-43.4559178924,-19.9715262193,-310.939674278781,184.40121123489783,1315.3075179967582
200957,-43.4904263283,-19.9893429068,-218.44360985024377,178.31670994459918,1314.4682990621573
201092,-43.5052777785,-21.5941666666,-506.3512129090934,322.82025251870306,1341.7313351152434
311983,4.35232642626,44.4773354422,-423.81967403208705,252.40134733253024,1326.5506022497489
312702,4.35233088726,46.0268398544,-195.7059214977545,185.22134725936448,1315.422748653249
200869,-43.5248425171,-18.4185834608,-414.5025504922956,245.21543741585802,1325.2021245609837
200308,-43.5271083143,-3.3350249188,-650.4281196155277,461.4800248570618,1381.6634443799867
200675,-43.5515118433,-14.7809752558,-669.4375476188864,480.5457600729783,1388.1477903011664
201095,-43.5518477523,-21.8687673263,-314.7724943943305,185.81014402020023,1315.5057847895243
201106,-43.559804039,-22.0854346082,-424.2554144146761,252.74220974553285,1326.6154999776495
200666,-43.5851054181,-15.7357029038,-660.821147122089,471.8887390502392,1385.174733467341
200295,-43.5861111112,-5.70611111098,-665.4474395146221,476.53382748466635,1386.7640566913612
201105,-43.5971180921,-22.1129226745,-485.2242326503504,303.86242920937184,1337.296689623853
200582,-43.6143923785,-20.3051432389,-221.6372401565482,177.59723085183674,1314.370890045932
310819,4.36455794127,44.6731611094,-268.9133366002344,174.72809401553747,1313.9862887535003
200330,-43.6480017433,-7.24719923749,-667.679687100733,478.7776532443676,1387.5367027362115
312701,4.3648575123,46.0062719857,-322.8295422874139,189.03304124106822,1315.9648744836397
200587,-43.6642572087,-19.9015557715,-218.81004815082755,178.23091816524678,1314.4566635625235
200667,-43.6725607913,-15.3478990467,-645.7896443266235,456.84691341827,1380.1228794906976
200663,-43.6811942151,-16.8062729464,-508.04167092855573,324.35854469832094,1342.102278409774
200590,-43.6896539928,-19.6525075709,-427.9574550736675,255.65474077539167,1327.1734651788468
200306,-43.6972222224,-3.57722675384,-657.3612312705088,468.4194520616838,1383.9966919265605
200664,-43.6975756674,-16.7687274893,-559.6889212821754,372.6045712344324,1354.5716026473792
201104,-43.7099977144,-22.1648565508,-331.8169808053266,193.0273190921087,1316.5445704987665
201103,-43.7105555565,-22.2241666667,-433.80138009024057,260.31089338639225,1328.0782437076198
311801,4.37633173425,43.8014294763,-599.3070634006789,410.90230995296116,1365.6027125480432
200683,-43.7641889799,-14.3062522286,-637.2875477208337,448.37550054894785,1377.3418782881809
200665,-43.7849094576,-16.3430340801,-612.7423746441219,424.0836848474589,1369.6266031103855
200583,-43.7980555557,-20.3011111106,-300.9160808120876,181.1119164549794,1314.8504045996601
201078,-43.7988888888,-22.4519630475,-493.32798978031786,311.07311620375185,1338.9535256380661
200329,-43.8021387161,-8.09734992283,-607.0346525952912,418.4731709782447,1367.899797142496
312700,4.38047254059,46.0149786454,-322.06366895538554,188.71181503161495,1315.9187700334778
200586,-43.8096788827,-20.0104661765,-187.29578438172905,188.52206517234998,1315.8915719962426
201261,-43.813588797,-21.2769048313,-453.52209267589984,276.5072066489808,1331.3475487350088
200589,-43.8147222221,-19.7050000003,-408.6149396695261,240.78059143113893,1324.3886715778808
201102,-43.8177777784,-22.0863888893,-459.21561216941456,281.3093945302275,1332.3531947816455
200585,-43.8226351698,-20.0260454228,-329.21692590002226,191.82990197884826,1316.3695421450273
201079,-43.8310516085,-22.4726309562,-527.9502856629741,342.686584366776,1346.6492324651072
200554,-43.8355555558,-20.5186111106,-337.78479823885425,195.9001147866512,1316.9688360653481
200584,-43.8444641826,-20.0430885302,-205.60848665327234,181.83972871773537,1314.9508535051928
200556,-43.8517825982,-20.5061583445,-437.16353817111485,263.02089732173397,1328.6120775538
200659,-43.8520796142,-16.1137119011,-565.7575775078511,378.4089380604813,1356.1797021773905
312698,4.385487829,46.0853806413,-240.4495393831822,174.68450185775302,1313.9804927711773
200730,-43.8603867709,-11.3604844468,-723.0475358252647,534.8939317980404,1407.8854990617176
200309,-43.8689427006,-3.55345979787,-650.4729582680467,461.52484973495785,1381.6784166790658
310780,4.38736691216,44.9388134524,-246.66697612493635,174.23219333307074,1313.920437997502
200298,-43.8768539022,-4.45604326955,-670.0487889664386,481.1607950375347,1388.3608215716285
312696,4.38834093224,46.1237613254,-240.24502224624158,174.70373967933716,1313.9830504431327
200296,-43.8853000909,-5.33507814528,-678.2832801315033,489.45774814211524,1391.258044868113
201094,-43.886246281,-21.8519610989,-347.65892156066957,201.01680563114152,1317.739661822487
310896,4.38943816933,44.2647764946,-461.4048556252521,283.1697314716543,1332.7472217249688
310982,4.38945672533,43.5608108724,-635.379343892821,446.4780155362334,1376.725346084348
312697,4.38965834735,46.1020453426,-240.48370738625994,174.68131484848894,1313.9800690844177
200299,-43.9013888893,-4.43526813083,-673.0561507685486,484.18853671780346,1389.4130412813977
200310,-43.9014489853,-3.46020108815,-638.6592333793348,449.7403627397745,1377.786795578764
200294,-43.9018483353,-6.00206337947,-717.6497184960474,529.3880360576867,1405.8028855123712
200592,-43.9064632677,-19.460321253,-486.1067135977208,304.64375223753905,1337.4744393711835
200552,-43.9066799627,-20.6058470418,-410.3192921614259,242.05559383630234,1324.6210668343379
200698,-43.9088888889,-13.2936236588,-686.5195405955557,497.77690036633504,1394.206549522778
200591,-43.9111111111,-19.5597222222,-429.3132515759235,256.7286890324643,1327.380759227066
200553,-43.9144384204,-20.5937056008,-404.8031660501383,237.95580624187645,1323.8780253173313
201077,-43.9169518826,-22.493904387,-524.8961638176646,339.8508868709031,1345.930416292326
200588,-43.922694674,-19.6851960986,-383.0202435114777,222.58582247155587,1321.2019181636217
200661,-43.9322222218,-14.7572222219,-617.477709752878,428.74983889698393,1371.0785843809554
200601,-43.9395896284,-18.6668025904,-273.7678812733511,175.27391995736951,1314.058981633289
200729,-43.9434549148,-11.2352739935,-688.7109181849711,499.99364197874695,1394.9995348433154
312439,4.39746637899,45.6648598785,-353.43163976475006,204.2065554608371,1318.2300169117204
310105,4.397589249,46.2643453081,-381.07878780434703,221.28538280228628,1320.98345214308
201262,-43.9770126725,-21.1859670808,-490.98440270666197,308.97964771977007,1338.4687082255332
312699,4.39815746405,46.0565478359,-240.8004323605765,174.65214034340383,1313.9761909260103
310822,4.39825992806,44.5683984298,-390.62405099463524,227.79321653759496,1322.0891837143356
200660,-44.018377961,-15.0142780491,-626.7674084828445,437.9326877592348,1373.977837958794
310104,4.40185149636,46.2521419371,-351.74481213116405,203.25991321447256,1318.0837046689596
311800,4.40195217536,43.8142269154,-492.1344813142522,310.00617180648374,1338.7060494193659
200559,-44.0230422593,-20.4079155064,-454.00419286775485,276.91177512705644,1331.4316322657774
200593,-44.0318526141,-19.2227764214,-576.6060897984686,388.8440616305208,1359.1283105208333
200597,-44.0383333326,-19.0111111108,-586.9694842357386,398.87864112318346,1362.033123877012
200557,-44.0438803711,-20.6555929409,-429.21836276174145,256.653400763373,1327.3661997795857
200603,-44.0477033994,-18.6432327574,-550.1122268255502,363.4965220888681,1352.0945905389156
200560,-44.0477777784,-20.1802777776,-190.8141336446778,187.09472549585558,1315.687841587914
200602,-44.0605345304,-18.6311581114,-553.2268502857895,366.4515736063304,1352.8920193394779
310837,4.40646331374,44.3855612176,-275.79443196671724,175.54755521195852,1314.0955080719173
200558,-44.0719444444,-20.6602777783,-413.73268522691063,244.63072306870146,1325.094053591295
200596,-44.0724951374,-19.2726254475,-472.45165357804996,292.6675574529943,1334.797497517656
201101,-44.0892869608,-22.1517511687,-253.37022719429066,174.0333701107459,1313.89408785716
201076,-44.0905555559,-22.5013888886,-549.878090265862,363.2746669487297,1352.0349639859928
200662,-44.0925000001,-14.6513888891,-501.4024414864088,318.33433343442823,1340.6590946385425
310824,4.41002850603,44.5513107253,-386.0725301346886,224.65463079355393,1321.5520282345612
310823,4.41051653807,44.5902720886,-455.417249993169,278.099802160019,1331.6792256978918
200300,-44.127777778,-4.12777777839,-646.4779712606057,457.5339470756262,1380.3504529359552
200595,-44.1300000002,-19.2936977802,-460.1498315242633,282.10233857499475,1332.520840221036
201263,-44.139826352,-21.164320918,-400.9212630213153,235.11816956145088,1323.3709282932814
310108,4.41477073043,46.2691447135,-336.6647183350091,195.34795840176596,1316.8868155789366
200721,-44.151960608,-11.6184286592,-677.2153817845433,488.38057541688926,1390.879450793068
200682,-44.152222222,-14.2599999997,-665.9127615248041,477.0014297302081,1386.9248084011467
200594,-44.1527777781,-19.3713888886,-411.6066365420411,243.02343557642158,1324.7982678254307
311798,4.41552450449,43.8266973714,-535.5606007001223,349.78777668820106,1348.4737850304577
200561,-44.16414132,-20.1563833236,-332.5676072276699,193.3792063376805,1316.5962090320959
201075,-44.175555556,-22.5400554738,-491.5677245079907,309.5001057142824,1338.5889494654612
203002,-44.1770822371,-22.5397725238,-494.6715606529807,312.2762068746738,1339.2335455677357
200598,-44.1772222221,-19.0273969862,-443.3516056384064,268.06548703236024,1329.6199327370928
200605,-44.1775000001,-17.9940690917,-581.9721040693937,394.03207889068426,1360.6216738641235
310110,4.41917301779,46.2734032918,-331.4724298588929,192.86672129005595,1316.5210337761685
200697,-44.1933123074,-13.3976425034,-651.6797149245949,462.7315060472877,1382.0819465149978
200599,-44.1938888895,-18.6727777778,-612.6550096392165,423.99769262637824,1369.5999793904741
201252,-44.1947222215,-21.9472222218,-427.34482414546727,255.17073629739534,1327.0803159027148
200696,-44.1974330588,-13.4019545347,-651.603628706078,462.655410794381,1382.0564711078966
310781,4.41977426684,44.9146372944,-244.31672540232563,174.37294768438647,1313.939110110524
201080,-44.1988888889,-22.832222222,-399.50743277967473,234.09475866690784,1323.1894861391593
200328,-44.2108029309,-8.78545915677,-572.775814844284,385.1513725843334,1358.0764485099835
200609,-44.2167958944,-17.272570931,-629.3468267534583,440.4889684639234,1374.7947452373774
200604,-44.2274020192,-18.3061111105,-617.7432904423791,429.0118399657817,1371.16053729121
201072,-44.2300000005,-22.4769444436,-473.92519940217045,293.94784777299714,1335.0787982004176
201264,-44.2314794306,-21.1222222215,-476.43963005499586,296.13945505601373,1335.5630412057558
200600,-44.2319444436,-18.5853241846,-508.43501606522983,324.7169083518812,1342.1889325886643
200611,-44.2391606422,-17.091111111,-488.97028567889936,307.18573135461185,1338.0557289372375
200293,-44.2427777775,-6.01916666688,-622.2941716126206,433.50623198607127,1372.5733908846755
200562,-44.2498514501,-20.1481762709,-327.62987257021933,191.11557603761386,1316.2656356518937
200610,-44.2551678705,-17.2561300186,-554.312797157178,367.48352810558845,1353.1719046827811
201074,-44.2680555556,-22.5813888892,-549.7315882007161,363.1358700327274,1351.997677623124
201100,-44.2688876007,-22.2431883143,-267.3916807115888,174.589029314906,1313.9678037726098
310783,4.42719393945,44.909906487,-239.39860499756085,174.78629970725433,1313.9940299557104
200695,-44.2892633604,-13.5563725665,-689.9563222770026,501.254066252899,1395.4517903277635
200302,-44.2896465554,-3.70710521158,-615.635623343967,426.93345324057935,1370.511668571202
310107,4.4301244057,46.2438654904,-260.24385256137066,174.14171372700125,1313.9084430254916
200563,-44.3052777777,-19.9488888894,-492.05922877625824,309.93895568491314,1338.6904856780557
201253,-44.3269444445,-21.4896863419,-522.6910426881716,337.80867212092477,1345.4162029476222
201073,-44.3304811758,-22.6936373795,-371.76371165335723,215.2204751043457,1319.9810275523032
200292,-44.3434225878,-6.01022038614,-733.6644642782478,545.7428504693462,1412.0429593437666
201258,-44.3516133125,-21.6898343855,-473.19897256878846,293.3164861188553,1334.9399316909382
201257,-44.3558779609,-21.7436676909,-461.45845147095736,283.2153692143131,1332.7569191540872
200289,-44.3603893462,-6.36859598179,-646.8351697168011,457.8905432440379,1380.4686920702745
200571,-44.3646850326,-19.9601753384,-318.29783087126754,187.17742667852028,1315.699604488763
200614,-44.3655555557,-16.6774999998,-455.50903426440146,278.1770834896884,1331.6953668060587
200615,-44.3765567596,-16.4685211755,-508.398526203741,324.6836569364456,1342.1808884332686
200303,-44.3768849416,-3.62749122299,-626.7278681512751,437.89352373549053,1373.9653555761072
200681,-44.381907255,-14.4180565658,-595.6938305554562,407.37268029699027,1364.5448181889255
201099,-44.3893849416,-22.2685645674,-253.8072729431947,174.0308450534447,1313.893753400141
201070,-44.393229203,-22.3395273262,-433.1857134995784,259.81707590160664,1327.9815409575374
310973,4.4398871535,43.9818887242,-520.6149093691995,335.889982673823,1344.9357384851203
200658,-44.4022655617,-15.6017088077,-620.0471999988097,431.2860129000737,1371.873786146939
200679,-44.4103000914,-14.2812475825,-619.8685200712964,431.1095552102058,1371.8183220774665
200566,-44.4106714874,-20.0474999996,-295.6716227290056,179.62674803237573,1314.6466554943884
201071,-44.4139719927,-22.3895770614,-485.6231585258494,304.2155057549136,1337.376960372659
200537,-44.4230543104,-20.6834731282,-373.735063161263,216.47921217552505,1320.1868464342576
200570,-44.4314794311,-19.9853556124,-339.33932486769254,196.67618300884973,1317.0845003859185
200645,-44.4351159314,-16.1982775361,-431.3649201913145,258.3611224676666,1327.69745416516
310836,4.44373792182,44.4594144107,-290.5296044635051,178.3331111540663,1314.4705241000206
310106,4.44419678286,46.2349416716,-270.26842415778236,174.86482957244144,1314.0044782325872
200301,-44.4438057852,-4.01447526401,-519.5170034664326,334.87695466336083,1344.6830983389734
201069,-44.4452777783,-22.4686547919,-599.9111463893869,411.4930681702147,1365.780584627718
200565,-44.4522222218,-20.0605555557,-279.8979597210681,176.1835236013589,1314.180617031953
200677,-44.4595870525,-14.3101347029,-588.4520779295324,400.31918494633265,1362.4556910336537
201256,-44.4638888888,-21.998333333,-208.69661544456923,180.90145542581857,1314.8214315142093
201068,-44.4643849419,-22.5312179581,-496.4086847680584,313.8347989135185,1339.597828157012
200612,-44.4644564949,-17.2090161277,-644.7041804026393,455.7638455108781,1379.764741928405
200613,-44.4686269002,-17.2501427401,-548.0490598418506,361.54297116110314,1351.5707085424324
200568,-44.4686631772,-20.0018872588,-314.77697474667383,185.81183863149397,1315.5060241479364
310897,4.44767644715,44.2476509282,-466.0528774265371,287.14395938863015,1333.597283143331
200680,-44.4830555564,-14.4236111113,-558.609832269397,371.57507385859583,1354.2887785501716
200564,-44.4936111113,-20.0941666675,-226.62561425532496,176.60223302354524,1314.2368161418997
200327,-44.502529694,-9.91455959719,-581.2978709466914,393.3792849069386,1360.432770109493
200720,-44.5063578493,-11.7225197658,-676.2275153491104,487.3844371874291,1390.5299888195154
200678,-44.5224999997,-14.2641666671,-621.0824491205672,432.30866249292865,1372.1956274016904
310979,4.45230976753,43.664680732,-575.1223141821715,387.4125254779219,1358.7194431121814
200728,-44.5241666668,-11.0058333335,-688.4310816675379,499.71049062239695,1394.8980732053403
201098,-44.538333333,-22.3300000004,-211.04744832608696,180.22525332851188,1314.7285659523873
311985,4.45512010776,44.3599282285,-334.21296454988646,194.1601326543282,1316.7111366226995
200572,-44.5521986211,-19.4225143629,-562.5652237827335,375.3525500292493,1355.3300693954056
201066,-44.5553075304,-22.5018678897,-490.4652640997614,308.5167982299233,1338.3619372142718
201170,-44.5602554638,-22.9559561962,-359.37618917739826,207.63550654317254,1318.7655454140945
201067,-44.5654203862,-22.9517262599,-289.435091813364,178.0788691220151,1314.4360554327739
200606,-44.5688591375,-18.1978830076,-383.18969967160257,222.6999041437642,1321.2211425418293
200692,-44.5688888885,-13.4527777779,-620.4672176072772,431.70086203189777,1372.0042618275563
200544,-44.5807946905,-20.0682135833,-392.65263918930907,229.21214632925864,1322.3344010569945
201255,-44.6025000003,-21.9797222225,-393.3246819739788,229.68488791087807,1322.4164275781388
200538,-44.6066847416,-20.4350136447,-440.41642118158825,265.6636946664747,1329.1377877623283
310970,4.46077642923,44.0432705513,-358.9154753345756,207.36468594155826,1318.7229326774961
200545,-44.6102790239,-19.8498594432,-423.15332905695095,251.88089842616498,1326.451675405428
200277,-44.6103909769,-4.56319087341,-681.7754636713161,492.9826443718766,1392.5020459036255
310397,4.46137786628,45.6993754093,-352.0463077928826,203.4282389008474,1318.1096724386005
200318,-44.6141666672,-7.39083333337,-547.4507933870946,360.97708275447843,1351.419444313211
201169,-44.6145275493,-22.73548936,-182.6461465851707,190.50810062624893,1316.1775703141714
200275,-44.6185073376,-4.92296354018,-622.3573244696062,433.5686646948982,1372.593110575458
201254,-44.634947934,-22.1688045441,-298.9801857570791,180.54445156658971,1314.7723602150202
200694,-44.635481176,-13.7141741576,-422.9915846150919,251.75471553044673,1326.4277202266662
200686,-44.6383333332,-13.3398527936,-615.3585108540135,426.66033967976546,1370.426614470672
310900,4.46423770252,44.1809453467,-431.71119222758807,258.63749169014915,1327.751261457381
200326,-44.6606820311,-10.2097481036,-611.6317319952033,422.9907575725937,1369.2885894455308
200276,-44.6641065714,-4.58106656689,-490.1261581727355,308.21463561372144,1338.2923155276628
200689,-44.6813516998,-13.1723636727,-641.6369057024137,452.7057255084329,1378.7576052744046
200278,-44.6814248668,-4.38318217352,-688.5797929192861,499.86096069750516,1394.9519849168025
310838,4.46909604392,44.3398754168,-364.2458144389837,210.54853126608657,1319.227328481411
200607,-44.7101810852,-17.5941751456,-439.19074765405196,264.6655286157142,1328.9386374966039
200291,-44.7102080812,-6.06456450964,-684.33826976467,495.57174679801847,1393.420760724604
201270,-44.7139571175,-20.7512072868,-391.0217791116195,228.07045309331693,1322.136979199994
200288,-44.7146701566,-6.69786136304,-657.6175601276514,468.67633533633926,1384.0836562499376
310390,4.47259308721,45.9224654298,-224.86213415315814,176.9358995044528,1314.28169458733
310899,4.47298840224,44.2064735928,-445.69610182493835,269.99529119024197,1330.0103448690909
201265,-44.7351587713,-21.1395566309,-527.8271549864193,342.5721001454923,1346.6201038124998
200688,-44.7483333333,-13.0773493049,-645.1363073893077,456.19496619650147,1379.9072096981454
201171,-44.7643167127,-23.2269060357,-320.067014628452,187.88888837066943,1315.8010087270266
200279,-44.7652777777,-4.21944444397,-691.6948031812983,503.014240045545,1396.0850210078509
200657,-44.7690538111,-15.4807045657,-648.3731416117251,459.42645616474687,1380.978902379755
201065,-44.7727777784,-22.5399999998,-495.9105690563912,313.3875222747285,1339.4931128271573
201266,-44.7731001834,-21.0349699863,-456.08192777352355,278.6597650545459,1331.796277534274
310974,4.47790481465,43.9510569647,-461.9370579578946,283.6231080627703,1332.8436245940784
200539,-44.7938888891,-20.1811111106,-511.6382997540432,327.64120361340974,1342.8994074386728
200608,-44.8018430558,-17.066658678,-625.1275226997476,436.30896224780327,1373.461164624486
200687,-44.8052777781,-12.994444444,-646.4239785121464,457.4800494534873,1380.332588850187
200324,-44.8137047508,-7.06494248541,-605.5234326412593,416.99028950226955,1367.446877115554
310403,4.48163792696,45.876695868,-362.92924063169585,209.75195185929394,1319.100428891856
200546,-44.8183333331,-19.7436111114,-494.70727922061917,312.3082194539541,1339.24101047287
200317,-44.8266666668,-7.38083333255,-601.1423034529262,412.6976398196234,1366.1439902538027
200541,-44.8437609072,-20.5519588533,-375.1227370852563,217.3733827785037,1320.3337637637176
310784,4.48620062034,44.8993667021,-268.96797399685994,174.7333724124639,1313.986990661828
200290,-44.8688888893,-6.17000000036,-707.6707537462489,519.2276792719999,1402.0083605728182
200656,-44.8730542677,-15.9475128214,-652.5571220799093,463.60916609569597,1382.3760411269582
201260,-44.8730555557,-21.3229818401,-348.58086636839545,201.51669211668084,1317.8160104489336
201286,-44.8797222222,-21.9511111111,-459.6876129470734,281.70984583581696,1332.4378024638654
200543,-44.8852644807,-20.1474748309,-501.24524827645763,318.1922753678563,1340.625370600478
200719,-44.8936221234,-11.9774788109,-610.1589092241386,421.5423149054456,1368.8418401881704
201267,-44.913888889,-21.1472641356,-537.9056177840289,351.9856768459492,1349.0455799929798
201259,-44.9155555562,-21.5061111113,-474.43548210346023,294.3919121018891,1335.1766392896864
200540,-44.9181847834,-20.2184949317,-468.73648726998607,289.45329316015506,1334.0964242194614
200542,-44.9275000002,-20.2358333332,-552.2249726272685,365.500258241305,1352.6346509565526
200274,-44.9277777782,-5.41944444426,-595.1426180740332,406.83481649348045,1364.3843403180713
310217,4.49289824389,46.2732423888,-334.2930136116612,194.19846006864117,1316.7167888680262
200547,-44.9308333334,-19.6938888893,-504.97349574605664,321.5687648174875,1341.4307774537376
200715,-44.9315017445,-12.2269140745,-516.2566938944228,331.8754115038239,1343.938744494974
200580,-44.9351872348,-17.3143379874,-651.7655664145525,462.8173702066453,1382.1106968542313
310381,4.49367509895,46.1144783087,-258.91470472365506,174.0961121936155,1313.9023999045082
201284,-44.9389483921,-22.2944444435,-419.50200675070755,249.04659973716562,1325.9163884025788
310764,4.49392509897,45.0313765731,-264.0738542011453,174.33908602987628,1313.9346167567194
312441,4.49464388603,45.1723098487,-255.09266366005934,174.0308294444476,1313.8937513326628
200579,-44.9477777778,-17.3594444442,-634.3273531886446,445.43255023162925,1376.3866524344633
200710,-44.9521999092,-12.4061265283,-565.5233748674685,378.1844828088985,1356.1170905313923
201064,-44.9559759405,-22.5855911766,-567.7671492768721,380.3363340732526,1356.7187575950202
200273,-44.9686408046,-5.1057065553,-614.04136531999,425.36267962474096,1370.023163822946
310386,4.49693498922,46.009858575,-267.4138135984075,174.59094210625977,1313.9680579296612
201063,-44.973588797,-22.6935454485,-524.2094671372768,339.21444848331834,1345.7698548614233
310385,4.49766774028,46.0268553954,-268.7786948235448,174.7151708639948,1313.9845703523042
310398,4.49823699033,45.7280960247,-406.16189411824934,238.958421652196,1324.0586042439372
200576,-44.9994295691,-17.9937229617,-371.4057608937724,214.9933868251073,1319.9440202419287
200714,-45.009444444,-12.1525000004,-692.6270248989321,503.95843977220443,1396.4254971932905
201062,-45.009647843,-22.6606078368,-554.6862497582173,367.83860707061893,1353.268377316764
200325,-45.0306726057,-9.57685981325,-625.5929566117034,436.7696939779288,1373.607595265645
201047,-45.0430555557,-22.9933333333,-568.3771175711709,380.92187363672383,1356.8830214903592
310787,4.50438038784,44.8891251303,-245.71808816565783,174.28459059449935,1313.9273871537143
200646,-45.0679203018,-16.3765154459,-625.3901978099234,436.5689723117198,1373.5437844419832
201285,-45.0763145105,-21.8872222218,-588.6115187619782,400.47417588978027,1362.5012388062232
200616,-45.0771255286,-16.6538917248,-671.3073722881304,482.42756185883337,1388.8003501709497
200707,-45.0855555562,-12.4305555564,-599.7832210468504,411.36794913524767,1365.7428929962016
200713,-45.1033333327,-12.135833333,-592.16943519008,403.936396504627,1363.522890389097
310392,4.5111142614,45.9106418688,-373.1365908116232,216.09563894869223,1320.1240037839393
200549,-45.1146775527,-19.7517897601,-496.2378807421537,313.681395650276,1339.5618978498155
200718,-45.1200000001,-11.8561111108,-595.8820759266962,407.55640330013773,1364.599678317725
200709,-45.1222222223,-12.4105555557,-578.9238346698105,391.08284395725275,1359.7705141058132
201052,-45.1394444437,-23.3476479406,-296.877553440362,179.95357383709316,1314.6913512040142
200548,-45.1398695257,-19.9308046369,-477.38338435811,296.96426981582465,1335.746172647012
201051,-45.1444444441,-23.3300000002,-199.72554821930925,183.78124903820793,1315.220744853098
201268,-45.155,-21.3341666671,-451.60549796252235,274.90269353040094,1331.015233235204
201269,-45.1686483001,-21.2557517006,-488.40895591419115,306.6866472186638,1337.9412392837435
200271,-45.1737617045,-5.77688036284,-682.5632189981059,493.7782781647417,1392.7839201330662
201061,-45.1805034901,-22.8103579612,-547.4947115400198,361.018614950358,1351.4305385533396
200727,-45.1969444445,-11.0513888893,-660.8717123101303,471.9394712141207,1385.1920172610576
200725,-45.1979080855,-11.2558800572,-386.67347300171275,225.06538532051013,1321.6219156261614
310752,4.51979856312,45.1855322938,-256.3341061810804,174.041314160924,1313.8951401191634
201273,-45.215975941,-22.37281034,-259.53989793223286,174.11609091019238,1313.9050472951767
200716,-45.2165240591,-11.7935371247,-647.4794174217208,458.5338231462999,1380.6821962939396
200287,-45.2193464643,-3.77674164734,-649.783658546493,460.8358416187982,1381.448418550038
200550,-45.2230229366,-19.3315256514,-474.83804475897284,294.74248918894955,1335.253981505838
312005,4.52317272739,44.1935394097,-583.4566153212972,395.47030827002465,1361.0388770777574
200655,-45.2369444438,-16.2680555559,-674.8192640170857,485.96490866806454,1390.033076099506
200272,-45.2430555563,-5.49999999993,-619.8320228057049,431.0735135888437,1371.806996013552
201290,-45.2474999996,-21.7030555556,-575.8305766255945,388.09568628999153,1358.914390942562
200316,-45.2562515714,-7.56441259274,-558.2363538428649,371.2189455861163,1354.1911112379828
201291,-45.2597222217,-21.6783333325,-534.0590440667697,348.3827973861324,1348.1100228499458
201289,-45.2603683197,-21.8692013213,-499.118957359123,316.27338552449567,1340.1712258457949
200270,-45.264106571,-5.64984913832,-683.1514297857755,494.3724903966358,1392.994694697315
201287,-45.2658333332,-22.2102777775,-380.9276883874806,221.18468435538168,1320.9665873091888
310387,4.52719295473,45.9518458472,-307.43443923089393,183.18501978629624,1315.137563781067
310689,4.52745586875,45.4810935213,-382.95705827213794,222.5433082659694,1321.194756365562
310219,4.52767455877,46.2317847544,-310.6430699168222,184.2956028101858,1315.2927162457277
200536,-45.2850905838,-19.2808680842,-610.390230440237,421.76973961611975,1368.9118939689815
201271,-45.2895113851,-22.505683261,-238.38926250224785,174.89093964330178,1314.0079531582794
201049,-45.3021391182,-23.218511932,-489.68977697962333,307.82599918737753,1338.2028642808991
201050,-45.3052777784,-23.2394444437,-475.7764679907235,295.5605933516232,1335.4348072954583
200268,-45.3103777009,-5.88832529806,-637.6156149438328,448.7018690390767,1377.4481578168577
310326,4.5317019381,46.1860939306,-279.73442439047386,176.15609197141492,1314.1769397354894
200269,-45.3236111109,-5.73611111146,-753.58782051108,566.1665087177091,1420.0614690172724
201048,-45.3311767636,-23.2262937816,-506.27674138557467,322.7525531327832,1341.7150482675613
200286,-45.3350954049,-4.53534485411,-580.2609736106693,392.3758733174507,1360.1429653369262
200323,-45.348888889,-7.14888888936,-618.844164356955,430.09821125753797,1371.5008317608956
312733,4.53513769638,45.4147759908,-170.81732277604482,196.04972249337072,1316.9910986349232
200644,-45.3824999998,-16.9066666667,-660.4552224919012,471.52163167288097,1385.0497136671124
200685,-45.4031299345,-13.5184715714,-652.9074724403465,463.9596936826779,1382.4936374378071
200654,-45.4147370985,-16.2849677653,-675.6817788278513,486.8342584225374,1390.3372451918694
201272,-45.4272222215,-22.4427777778,-347.86258031433624,201.12691440201922,1317.7564630426866
200642,-45.4355555562,-17.1182542762,-678.9649578604698,490.1455256259487,1391.5001604329884
310220,4.5437771161,46.2567909034,-340.9846111268435,197.50976725967266,1317.2092348434492
200551,-45.4398647456,-19.1639070745,-514.721440472713,330.46554581680255,1343.591283525571
201292,-45.4430629938,-21.7850534614,-418.2769242436889,248.10241529642556,1325.739366794927
201274,-45.4475000002,-22.372845395,-383.81093098600076,223.11891449246363,1321.2918338498084
200265,-45.4605922413,-3.65611835336,-474.0161689850093,294.02698596452564,1335.0962244981738
200691,-45.4637462805,-13.7354098913,-629.6272861125804,440.76707851153196,1374.8838778942334
201060,-45.4699925621,-22.9060908901,-628.1324338378888,439.28512361651434,1374.4095023044154
200534,-45.4857028604,-19.7756892421,-586.5086419462821,398.43111777500513,1361.9021315077432
201293,-45.4888888886,-21.6108333329,-538.8815111897242,352.90166258419526,1349.284863788438
200711,-45.4897222217,-12.1944444438,-521.3119698478863,336.53373732515377,1345.0966569551535
200322,-45.5026404598,-7.03526634695,-650.2876050150946,461.3395580997439,1381.6165343761493
312796,4.55208483779,45.3103997611,-159.74357018994758,201.83257618522893,1317.86435151857
200641,-45.5310145021,-17.3506982175,-676.4953237062736,487.6544586995273,1390.6246550681544
200723,-45.5354786015,-10.9938929115,-709.9230079580734,521.5187319116918,1402.858456127586
200643,-45.5394444438,-17.030555556,-681.6087992917361,492.81433654900604,1392.44246936889
200712,-45.5478757575,-12.2887648316,-682.897960732202,494.1164228183851,1392.9038371304503
310327,4.55628715213,46.1601755045,-165.0307987661712,199.0029355067218,1317.43395604265
310690,4.55642564515,45.4941649233,-415.7102718290275,246.13555827563889,1325.3726922045569
310221,4.55994321544,46.2853983488,-360.9566580832045,208.57088870277838,1318.9131418740817
200726,-45.601801836,-11.785018059,-717.3602582608984,529.0929739298717,1405.6917995264293
200285,-45.601835452,-4.93090181784,-329.6303935968683,192.01807504022517,1316.3969771068485
310753,4.56062092449,45.2061662425,-262.0151283909452,174.22082874299662,1313.9189310462768
200717,-45.6067720854,-11.8937328679,-664.3550654516655,475.4363782052479,1386.3873231946466
200535,-45.6102970997,-19.6690076623,-503.22063691799514,319.9794213547737,1341.0506665612713
201275,-45.6185218563,-22.469589682,-458.1454957348818,280.40280471052006,1332.1620746303433
310975,4.56342554773,43.9317584211,-515.514188820581,331.19326265407466,1343.7704556289905
200706,-45.6356819988,-13.0011092066,-657.6413319395498,468.70015970630163,1384.0917238039563
200575,-45.6438368234,-18.4645005116,-546.9857051729055,360.5373504441256,1351.3020540423834
200529,-45.6605555558,-20.2390475324,-423.8505218392519,252.4254646638252,1326.5551912395665
200314,-45.6642571651,-8.280683326,-629.5099392185747,440.65071064492656,1374.8465765261858
200315,-45.6642672981,-8.27113335521,-630.3290117381591,441.4630678910747,1375.1071596445472
200258,-45.6693305356,-2.94325823138,-643.9962395176976,455.05770371809433,1379.5316502012847
312875,4.56780519909,45.1598305637,-192.4156980434116,186.466994905404,1315.5987231610354
310328,4.56804386811,46.1644065468,-308.38913811745965,183.50933545615862,1315.182776800797
310230,4.56845666314,46.553022849,-416.5494522338003,246.77693528085285,1325.4919524389823
310901,4.56879400617,44.1807701237,-555.9536367591248,369.04437488721305,1353.5966204264062
310196,4.56901125619,46.8022920716,-445.42062074802163,269.7680218860908,1329.9642272731355
201283,-45.7010205692,-22.0540337286,-549.5533865228639,362.9670620378069,1351.9523469110334
200574,-45.7019905153,-18.9516282959,-497.37284432180826,314.7013573018874,1339.801106314495
201058,-45.7098276399,-23.0777152933,-593.3930122235613,405.1286384862054,1363.8765610991272
201059,-45.7103831959,-23.0760486072,-588.1847661274934,400.0593650211405,1362.379372911603
201276,-45.711028007,-22.251919888,-516.1320615120327,331.76087289261693,1343.9104646427775
200528,-45.7183586796,-20.1681765066,-580.0918308754016,392.2122523564196,1360.095772764694
312450,4.57287146051,45.502520725,-260.4421005918826,174.14952724134545,1313.9094786294368
310399,4.57296218051,45.7773698268,-398.06975265716653,233.05972235102018,1323.006762785523
200578,-45.7344444439,-18.4030555555,-529.5882012203675,344.21074194392395,1347.037896669385
310391,4.57375104558,45.9060056964,-427.8242594838776,255.54944301621305,1327.1531855892865
310388,4.57386919659,45.9107961028,-437.9711391708994,263.6751398519697,1328.7417505180795
200653,-45.7399925624,-16.4310910124,-621.466352264357,432.6880124784322,1372.3151884084177
200652,-45.7415240585,-16.1349853589,-697.7431583346101,509.1445396861256,1398.305482534518
200533,-45.7437318207,-19.9725655384,-410.39051200090233,242.1090305174239,1324.6308326669666
200640,-45.758888889,-18.1391666667,-401.8408158401652,235.78671126839242,1323.4898690222976
200264,-45.7766666674,-4.03222222248,-590.4238394622238,402.23689357216625,1363.02038823507
200259,-45.7850000001,-2.49729997948,-606.4757583986968,417.9246284342407,1367.7320846005598
201279,-45.7908333326,-22.4141666674,-302.99656431169893,181.74657311527844,1314.9379745953959
200283,-45.7978595942,-5.14415847848,-569.7930318990777,382.2819955031508,1357.2654803979087
200321,-45.8068672219,-7.51406466757,-477.49102159653455,297.0584181668101,1335.7671069455414
312681,4.58143984722,45.9021573861,-410.93606430514654,242.5187794360476,1324.7057856645167
310224,4.58152790322,46.2400537311,-375.6866234968097,217.73862718321865,1320.3939449882096
201323,-45.8354707673,-23.6354928955,-404.12701219936923,237.45866516605034,1323.7887587739733
200263,-45.843925575,-3.66063725674,-660.4358324336088,471.50218019815827,1385.0430917937213
310356,4.58452477147,46.010151896,-412.8073032119962,243.92978486208918,1324.964829773515
200708,-45.8481299353,-12.7152777779,-663.6233833991129,474.7015156622387,1386.1354873048742
310225,4.5848522445,46.2644698641,-366.15094853814094,211.71279501853348,1319.4136454381749
310334,4.5860556856,46.1105873994,-197.34782253400215,184.62214823747294,1315.3385107316344
310223,4.58617733561,46.239684973,-347.58772203527366,200.97835386595753,1317.733796681471
201325,-45.8669518829,-23.5141680604,-333.9782625883063,194.04793570702444,1316.694596915341
200573,-45.8768600517,-19.3725280077,-535.3210147759852,349.56347526178223,1348.415619692604
200639,-45.880277778,-17.1433333333,-670.7378832113371,481.85430797804474,1388.6013230264816
201278,-45.880788706,-22.5573675453,-340.12472860550815,197.07255135488876,1317.1437471633155
201277,-45.8851872354,-22.5644150718,-410.5105622795339,242.19913351698744,1324.647304179597
201280,-45.8897668498,-22.372942973,-551.6683185488935,364.9720102329478,1352.4920067961118
201053,-45.8935231441,-23.3724434767,-527.8389005726004,342.58302036178856,1346.6228818916231
201057,-45.8965240593,-23.1523064625,-522.1863261632571,337.3418652824025,1345.299072424457
310357,4.58981078291,46.0065181337,-413.28018595515147,244.287714804891,1325.0307723968112
310393,4.58990158992,45.9064153045,-403.22986980054407,236.80090369690677,1323.6709289644334
200724,-45.9106076205,-11.0929382607,-649.6271980448461,460.67947113437805,1381.3962629595264
201282,-45.9177777781,-22.119058465,-558.6088886468275,371.5741739515474,1354.2885316437075
200312,-45.9261111108,-9.11305555587,-687.1788094032125,498.44365620975054,1394.4447420423796
310400,4.59354745222,45.8099231655,-336.3845611499032,195.21077811792247,1316.8664731427023
312443,4.59366174123,45.1563221724,-192.80041795309245,186.31827870401386,1315.5776530380567
310342,4.59373634423,46.0561802889,-182.87419748541222,190.40808970490727,1316.163098107133
200257,-45.9555555562,-2.05361111077,-640.7006683103175,451.77299188195576,1378.4516300501327
200530,-45.9636956699,-19.9518260597,-448.6047268253178,272.4031149431562,1330.5012278177835
201056,-45.9732502287,-23.3101604195,-577.5545275437128,389.7598007660277,1359.3905849633757
310685,4.59739150154,45.6700142459,-221.87186811270723,177.54689669578923,1314.3640898625463
200266,-45.976857796,-5.76832581013,-657.644819441059,468.7036549347596,1384.0929074101555
310395,4.59839477162,45.8901753091,-430.6225860375805,257.7694729109084,1327.5824499286898
310763,4.59847374163,45.0022744477,-263.1835061665809,174.28447558604805,1313.9273718985376
310839,4.59887970966,44.2864163324,-573.7086439462554,386.0498691055434,1358.3315359772448
312351,4.60006393076,45.2896463824,-267.72887070129747,174.61852242440224,1313.97172289497
200313,-46.0059839274,-9.01027961337,-609.0659840391218,420.46814113444367,1368.5114241039237
200638,-46.0099746107,-17.0271908727,-423.9697770531801,252.51872001311568,1326.572939627127
201719,-46.0105555558,-23.6569444442,-336.2112922092235,195.12612244400052,1316.8539265438387
201324,-46.0179501384,-23.5649577556,-605.5995189710918,417.06492258651247,1367.4696376322177
200532,-46.0180555564,-19.8855261272,-404.5834908314056,237.79415870861382,1323.848980099253
200320,-46.0190831605,-7.47281393216,-680.9260229512969,492.1249130732187,1392.1986173894936
312323,4.60225778694,45.1439875474,-171.1780654625757,195.87073447779977,1316.9644660425608
201055,-46.0245833329,-23.4158333353,-517.1013016737111,332.65201022037326,1344.1307302853952
201054,-46.025416666,-23.4147222192,-507.864993496122,324.19763180889953,1342.0633981539
310401,4.60283049099,45.8150736289,-417.5277345215865,247.52671281386307,1325.6317489221246
310404,4.60337875903,45.8395358139,-427.0163080405326,254.91152263022207,1327.0304987314923
200319,-46.0358333329,-7.53444444426,-651.8146173654518,462.86642957386346,1382.1271257812543
200577,-46.0397222222,-18.7063888886,-540.5535432915568,354.4728267912057,1349.6966492983684
310972,4.60572676123,43.8649218055,-590.7980162029698,402.60105170197295,1363.1278982639265
310329,4.60580396023,46.1439750711,-312.04466685576006,184.79900376502562,1315.3633459947257
200527,-46.0606014709,-20.0956929976,-444.78712831850186,269.2459146101725,1329.8584220615976
310227,4.60638156228,46.3768789504,-412.9327719949217,244.02470062252513,1324.9823073187836
310796,4.60655234729,44.7307727222,-387.7535683209073,225.80645430614334,1321.748317570409
310362,4.60683766532,45.9814919917,-296.02370335587375,179.72125433148025,1314.659571696177
200722,-46.0766666673,-10.7895517076,-695.1929702676402,506.55858791193543,1397.3659732443855
310785,4.60831587544,44.8225377528,-268.15919030865825,174.65725565533114,1313.976870856921
201281,-46.0847594109,-22.1522583807,-508.22414465428,324.5247705714408,1342.1424614802786
312344,4.60994581957,45.2351601899,-294.7561754863662,179.38455666372994,1314.6135855692874
201326,-46.1019965104,-23.5643004766,-442.4679679400667,267.3407471936179,1329.4740070057542
310358,4.61037319961,46.0056762987,-367.7908083000495,212.7257609771241,1319.5765644998364
310402,4.61053757762,45.8273634879,-512.5341501649193,328.46088436111665,1343.0996287502953
200650,-46.109444444,-15.9238888894,-703.0118763436856,514.4926232205063,1400.2616610984578
201294,-46.122222222,-21.7883333326,-343.63920861130975,198.88078774913967,1317.4155107366896
310811,4.61422646893,44.534718919,-410.7089903974006,242.348140977876,1324.6745568739996
200281,-46.1444444439,-5.81805555624,-595.7042732627583,407.3828716465206,1364.5478607600614
201720,-46.1468626281,-23.7354338687,-302.4018574690875,181.56254781216728,1314.9125518307062
310204,4.61485975498,46.8359830774,-465.60343097242304,286.75823842362126,1333.5142846995352
312066,4.61517701101,45.006960931,-277.7494924158893,175.836924237434,1314.1341956281235
201721,-46.1640997265,-23.7686354115,-358.9039587660793,207.35792692439946,1318.7218698619808
312739,4.61824020426,45.2936702618,-262.004934178562,174.2203134880358,1313.9188627254591
310343,4.61861122429,46.0601549092,-453.54708080052285,276.5281666470056,1331.3519020691142
200637,-46.1983659523,-17.2500000001,-652.37069913579,463.42266655956183,1382.3135057124593
201327,-46.2226561963,-23.5833333331,-490.34657710915366,308.41102565086715,1338.337558666316
200526,-46.2279142768,-20.2144337414,-511.27729991093753,327.31112502805274,1342.8189128698716
310330,4.62285366664,46.1351583654,-327.20156854381605,190.9249739303593,1316.2379746323243
310978,4.62290980765,43.6811803323,-542.4097123112392,356.2196124456996,1350.1564622238634
310092,4.62668010396,47.2226613304,-314.3162200448137,185.63814528995067,1315.4815016489542
200648,-46.2811437302,-15.5225308312,-565.8095190370761,378.4587226524848,1356.1935941987208
200649,-46.2902717529,-15.0309777015,-558.35413578516,371.33124552731994,1354.2218998741546
200525,-46.303184783,-20.1477470259,-478.7582180216073,298.1679805809256,1336.0142981411545
201305,-46.3055555562,-22.0030555564,-422.48943548067075,251.36333918113567,1326.353493031999
312874,4.63121249233,45.1570900075,-344.2616749088102,199.20687242650584,1317.464776840673
200256,-46.3140027969,-1.79949482475,-627.605866452752,438.76332043054964,1374.2428138975788
201312,-46.3219444435,-22.3183333335,-483.78383692533487,302.5892520347352,1337.007971420079
310335,4.63474228163,46.118598273,-196.42662775823828,184.9564791396487,1315.3854793822343
312349,4.63490077464,45.3140490464,-292.66489456606047,178.85053671534868,1314.5408227503863
200636,-46.351874428,-16.8355735038,-658.372375207424,469.4329136744347,1384.3400307131062
310332,4.63534411368,46.1268936827,-308.3993105922957,183.51281916365224,1315.1832628920147
312350,4.63551185469,45.2856455411,-305.53533903799115,182.55546818775366,1315.0500215425816
200623,-46.3563369484,-17.6640806384,-599.0535960751173,410.65448880031977,1365.5281649844305
201295,-46.3605481167,-21.2775522514,-483.9499881230054,302.7359802011444,1337.0411863148577
201343,-46.3652777781,-23.0516666672,-577.6858276296049,389.8866164414748,1359.4269505472062
200524,-46.3686364584,-20.3269419727,-437.42451849821987,263.2321812213875,1328.6539208629401
310363,4.63897868598,45.9808559416,-298.39800442741773,180.3781832010098,1314.7495385695297
200647,-46.412222222,-15.6097222224,-652.741060282647,463.79319193121984,1382.4377689703228
310350,4.64145930018,46.0233345591,-379.3999639054906,220.17074919619793,1320.7971907130595
312352,4.64380417438,45.2772217714,-405.06437734343814,238.1481824624828,1323.912616830914
310231,4.6440894734,46.7390470694,-282.8871703225006,176.71525621963215,1314.252008548842
201306,-46.4649553734,-21.7330668501,-471.31599478858124,291.68292365367597,1334.5819525773043
310369,4.64665456061,45.9352443588,-291.20925595989627,178.4947389915779,1314.4924617667332
201328,-46.4666666665,-23.4814917877,-579.413136303165,391.5558826821219,1359.9066399782266
200624,-46.472777778,-17.2549999995,-505.4037622339195,321.95939415847204,1341.5244730085192
310814,4.64792222572,44.3683425452,-476.8316175138753,296.4818947382026,1335.6390133945058
312740,4.64795012272,45.4189139981,-206.14298056900708,181.67330251623864,1314.9278493670483
310692,4.64829141475,45.5398768971,-418.12774552682225,247.98767768035484,1325.7178992814383
200261,-46.484939904,-4.29722222241,-440.0318206067847,265.35017712443897,1329.0751584067268
200262,-46.4980352871,-4.20612522587,-389.00615524529,226.67034726033236,1321.8961784198539
310232,4.65177332704,46.5439062002,-446.73495901798344,270.85355971166723,1330.184840915869
310405,4.65229511908,45.8565981533,-408.81773519407034,240.9319173530494,1324.4161917589618
310786,4.65313134915,44.8515581942,-239.20491224441164,174.8058584860127,1313.996631789795
201173,-46.5358792482,-18.601530691,-637.0292693433157,448.1185891729243,1377.2582655973522
201188,-46.5419444438,-19.472700662,-515.0924484430535,330.80604265244597,1343.6750716037216
310345,4.65521390232,46.0553212218,-453.2139370242316,276.24881193965365,1331.2939068034393
201172,-46.5561098229,-18.8352724113,-575.1614344795917,387.45025137940974,1358.7302004032524
201344,-46.557222222,-23.1055555556,-512.292356941916,328.2395706162014,1343.0455226507413
312345,4.65666016344,45.2402972693,-304.57696905536625,182.24569647347965,1315.0070547632047
200621,-46.5726797973,-17.5016789619,-651.4870433514526,462.53881559865494,1382.0174442203331
201187,-46.5729947653,-19.5174999997,-512.8356825574319,328.73695902042704,1343.1671706901911
200625,-46.5869637675,-16.8727280629,-673.2784283540768,484.4124328294543,1389.4910813940637
200254,-46.593798391,-1.73133777711,-637.8019834193042,448.88729122774515,1377.5085699986323
310359,4.65939325167,46.0014994193,-384.6276352223985,223.67163236505522,1321.3852804230653
310396,4.66016415773,45.8637388209,-431.3908407866642,258.38180192169096,1327.7014784047635
310336,4.66016851773,46.1237673234,-422.60530593356157,251.45359929054104,1326.3706016004962
201313,-46.6041666669,-22.2725218877,-524.9530155846222,339.90359677546684,1345.943726644912
200622,-46.6166666669,-17.514614227,-681.8030476781082,493.0105011681408,1392.5119081917958
201340,-46.6354426995,-22.8847733163,-563.4762457076397,376.2240844015537,1355.5716955873938
201189,-46.6372222216,-19.3233333327,-540.6456554674121,354.5594467971918,1349.7194010263854
201315,-46.6475000005,-22.5225000004,-423.7591329134917,252.3540213451575,1326.5415983989972
200620,-46.6482502285,-17.514141973,-647.3492739691025,458.4038629333236,1380.6390410770255
310370,4.66508192714,45.9522566173,-296.3019004894961,179.7964616140289,1314.6698550597484
310364,4.66512306914,45.985505272,-296.31189372857784,179.79917191263112,1314.6702257274871
312797,4.66512681714,45.2691002537,-406.46749365092535,239.1845855779713,1324.0994396841954
200634,-46.6647222219,-16.5005555561,-518.1986043759679,333.66197707193913,1344.381037926915
310352,4.66864202643,46.0312186398,-380.0593666651448,220.60744779356142,1320.8700565217925
310228,4.66887998745,46.5566853713,-467.0808706560416,288.0273267752515,1333.7877646624263
310346,4.66888810445,46.0600494352,-453.0771566750711,276.134169771492,1331.2701228185383
310755,4.66889001445,45.2398823503,-348.62234027896744,201.539265979173,1317.8194625688748
312346,4.66939622049,45.2434639836,-393.5173170254681,229.82063793672904,1322.4400121803408
201307,-46.702312765,-21.2937657187,-368.1489936089933,212.9483339710338,1319.612463238709
200253,-46.7066299814,-1.8557826344,-627.1575753948348,438.31917661813816,1374.1010737151387
310366,4.67155287167,45.985315105,-301.1985301773102,181.19657605495934,1314.8620685714282
200631,-46.7187476114,-16.5311727596,-674.1105465868582,485.25074618068777,1389.783561157207
312325,4.67242250674,45.1598658277,-334.7722545729349,194.42856522525872,1316.7507460295767
310229,4.67290539978,46.4681947799,-482.7185269266276,301.64931410029726,1336.795559871095
201329,-46.7314794314,-23.3354403376,-510.42875731626185,326.53578100870885,1342.6301339061558
310203,4.67336142282,46.8891560938,-470.03756875027125,290.5767034931225,1334.3406164869689
310091,4.67340940483,47.1226379101,-435.83693646690506,261.9489587055312,1328.400284989734
201296,-46.7352926527,-20.7351325435,-521.1899031149678,336.4209727554583,1345.068448482687
310090,4.67358151084,47.0861550881,-421.34499666109554,250.4734580638317,1326.1851354122277
200635,-46.7477838028,-16.1347222218,-382.9149892355613,222.51500919069528,1321.1899899367352
201314,-46.7519003801,-22.2771775821,-417.1355835277971,247.22589094966506,1325.5756113288107
310373,4.67643690208,45.9761942382,-428.74110002317195,256.2750082846015,1327.293087477354
310233,4.67694996112,46.5741428927,-278.6886352106635,175.9847551574654,1314.1539842201628
312799,4.67695704512,45.2311623786,-468.1280963934205,288.9288254114178,1333.982730903034
312798,4.67710230313,45.248373037,-434.1111899954821,260.55967458885857,1328.1270286443785
310902,4.67723196414,44.1473683979,-521.2916438249173,336.5149593004413,1345.0919589481132
201342,-46.7808333325,-22.711388889,-499.20266565916694,316.3488340591914,1340.1890333100419
200633,-46.7977524309,-16.2477408702,-527.3638125215865,342.1414137729878,1346.510604196073
200632,-46.8020796983,-16.232759278,-405.3713709938845,238.3745041764839,1323.9533467744545
201318,-46.8061150966,-21.9771361963,-561.6121903121228,374.44141780380863,1355.0780182560784
201297,-46.810517079,-20.8101244907,-443.30776647709456,268.0294973194786,1329.6126772963723
310337,4.68107329046,46.1267240917,-502.5912399600875,319.40954255054265,1340.9148056704578
200626,-46.8186111106,-17.0396660237,-564.1327803437605,376.8525032250956,1355.746240776981
310353,4.68188108153,46.0309327488,-393.6883745292446,229.94127268044565,1322.4609820617761
201345,-46.8320498618,-22.9853138777,-490.53501722230385,308.5789693662541,1338.376270160613
310317,4.68557057483,46.2225324816,-219.63143465239767,178.0416544417273,1314.4310141313015
310903,4.68573517785,44.1143337702,-504.46421412970494,321.1066533356558,1341.32007478093
200618,-46.8604650131,-17.6181196796,-504.0454821383992,320.72691170029105,1341.2292168315978
310374,4.6864179549,45.9691298286,-310.2262979167422,184.14804588414955,1315.2720490441684
201330,-46.8762029414,-23.1833333331,-531.8486526335059,346.31800426462553,1347.5779087947856
200255,-46.8769444445,-3.34338132349,-657.102478365148,468.16016237397,1383.9089557582597
200630,-46.8801485497,-16.3478667365,-626.8608460970478,438.0252387314686,1374.0073398492652
310756,4.68930627814,45.2230141799,-474.55299168636816,294.49422377118856,1335.199201628165
201308,-46.8974330592,-21.5982662319,-560.7961450463233,373.6617359127654,1354.862780166034
201316,-46.9336185492,-22.372767935,-562.3973891226714,375.19205032809367,1355.2856285017167
200260,-46.9358934293,-4.69583333339,-617.6511810758806,428.9209685193058,1371.132107941986
310093,4.6936688865,47.1730044053,-426.4916294953443,254.4980052522382,1326.9511275368293
310338,4.6936894595,46.1311902491,-501.46240066221077,318.3885266419425,1340.671963640294
310375,4.69374169251,45.9773257093,-287.5664891820551,177.66213003385297,1314.3796607685542
310360,4.69413768154,45.997670061,-414.08478337658437,244.8979657295939,1325.1434163185463
201179,-46.9644072547,-18.9023326958,-379.53317157883794,220.25885222873038,1320.8118799355996
201309,-46.9645039467,-21.418541841,-492.89458169281556,310.68547433002186,1338.863519614141
200178,-46.9649999998,-8.03444444363,-613.1302442532995,424.465502392497,1369.7448751191623
312326,4.69757037382,45.1566128634,-440.5394917799632,265.7640778245275,1329.1578556574145
310757,4.69795360786,45.2189521666,-494.9318763905556,312.509547335853,1339.2879740257338
310406,4.69806846987,45.864672663,-498.39705098750983,315.62303687803336,1340.0178960006494
201341,-46.9870870516,-22.710992623,-546.0222803447244,359.62696885509223,1351.0594424087328
310812,4.69877463792,44.4519667891,-421.3460350971218,250.4742641920162,1326.1852876639925
200617,-47.0108333325,-17.9150000001,-474.2040864649361,294.1904994936886,1335.1322444560467
201299,-47.0144449468,-21.1354973686,-405.4755925282935,238.45139418443787,1323.9671927893064
201186,-47.0187909082,-20.0140236818,-402.9424757987882,236.59064535249783,1323.6333305195233
312691,4.7020628132,46.0851811233,-347.4907275635653,200.9260068298218,1317.7258138226146
310855,4.7020908992,44.2196234979,-605.3808460879147,416.85043393386593,1367.4042359393022
310925,4.7021654872,43.8977549013,-474.6920604868818,294.6153309776635,1335.225918502548
200619,-47.0222222225,-17.2306741675,-552.0875633276471,365.36984008841813,1352.5994160283121
200186,-47.0487197707,-6.19325496729,-652.5043111374677,463.5563322058659,1382.3583230559468
200167,-47.0561352123,-14.4508333325,-682.4454162543765,493.65928567007603,1392.7417386300249
201331,-47.0607576657,-23.1479040661,-511.26816787079605,327.30277688709833,1342.8168780410456
312444,4.70609329053,45.1595677787,-443.6193233672313,268.28534595801847,1329.6642760673494
201734,-47.0688963274,-23.9354618333,-506.2324909013398,322.7123293642403,1341.7053729182085
201735,-47.0931089094,-23.9390199626,-501.1809564037677,318.13418155048424,1340.6115834441723
201175,-47.1063665755,-18.2687844084,-511.6515904694682,327.6533584171031,1342.9023730248975
312631,4.71081956992,44.2562387949,-594.8609071064552,406.55998914056875,1364.3024169750172
201174,-47.1219444437,-18.2983333329,-546.8076718954247,360.3690663412568,1351.2571643360723
201317,-47.1341666668,-22.2979970638,-572.8349910317053,385.2083548795665,1358.0926098256027
310347,4.71428297021,46.0644250405,-445.3800878310403,269.73459411234825,1329.9574472346278
201176,-47.1559015616,-17.030672424,-610.3060159466214,421.68694076383156,1368.886385425998
310339,4.71645585739,46.1269303647,-495.1232910026711,312.68117655948356,1339.32803239853
201738,-47.1772222223,-24.2888888885,-573.9125550896665,386.2463465492475,1358.387389670758
201332,-47.1810516076,-23.11046698,-547.9338761390055,361.4340003631235,1351.5415631094681
312693,4.71830914854,46.1644390428,-292.40722289663734,178.78660056174584,1314.532125409767
310407,4.71872022557,45.8476444136,-322.02015169798386,188.6936551367248,1315.916165902202
310801,4.7190080336,44.5776148405,-524.2979474796532,339.2964292090711,1345.790521243154
312158,4.71976777566,44.6096675922,-268.24471518491356,174.66509989569906,1313.9779135569474
310355,4.72252524689,46.0186913337,-393.3113196499496,229.6754754794684,1322.4147928054247
312348,4.72275992091,45.2066166906,-479.5864637046925,298.89435250227746,1336.1765954212976
310856,4.72278071091,44.1519270413,-605.5040500694718,416.97127758695405,1367.4410797275293
310412,4.72313240394,45.9356716969,-503.1491635189779,319.91468523354763,1341.0352217678603
200629,-47.2316087008,-16.2063053048,-551.4507497475097,364.7656050473982,1352.4363226486814
310854,4.72352167697,44.2739411694,-578.3203289083157,390.4995914872963,1359.602879941654
310318,4.723885033,46.22768608,-447.7119870910177,271.66249622351097,1330.3497931176912
310361,4.72405867402,46.0142234124,-421.30328618586384,250.4410806138106,1326.179020740755
201300,-47.2527095486,-20.9848065891,-515.8943242645079,331.5424312291234,1343.8565562958022
310094,4.7262547852,47.2099354593,-438.8958887013491,264.4258263322078,1328.8909202133052
200179,-47.2646763066,-7.96466613885,-593.6170273566212,405.34700297893266,1363.9414404650581
310857,4.72700018226,44.1519319483,-609.164184744175,420.56463388212006,1368.5410740881314
310409,4.72704006826,45.8853858777,-538.6793489823741,352.71184762421257,1349.2352306578641
310410,4.72778697832,45.9111728009,-486.79418174184156,305.2530904508699,1337.6133632046672
201334,-47.2981001833,-22.9598133156,-666.7628286844589,477.8558441249636,1387.2188969150743
200185,-47.3013828636,-6.53527777759,-636.1984977462031,447.292392246917,1376.9896674833346
200180,-47.3106268184,-7.70985231977,-644.6681423111246,455.72789448327325,1379.7528670033817
200627,-47.3197222221,-15.7263888891,-595.3054039491733,406.99364365506443,1364.4317081369518
310380,4.7322862977,45.9525866943,-427.0960568662647,254.97442686013923,1327.0425835467943
312695,4.73449491588,44.7602352976,-281.3398463932386,176.43284602051534,1314.2140652682094
310758,4.73544228996,45.2020281982,-457.21143019765645,279.612973038911,1331.9960491253541
312741,4.73623191802,45.4140850677,-426.15495449708703,254.23297020236956,1326.900321550874
200628,-47.3651545749,-15.9268394986,-548.3950802787604,361.8703871091514,1351.6583285950712
201739,-47.3725905425,-24.2481043622,-554.6794695263245,367.8321595397786,1353.2666247955692
200184,-47.3855568006,-6.28846247216,-626.8762512171766,438.0404980224115,1374.012204495148
312041,4.73876740123,46.3321219297,-442.8999706941778,267.694886743626,1329.5452653379566
200181,-47.3895483249,-7.46402018743,-643.8075374739224,454.8695128654512,1379.469584270834
310378,4.73944692829,45.98590945,-501.63231921877014,318.54212634190486,1340.7084494580902
201335,-47.4018403139,-23.4161256783,-621.596036034831,432.8161726908375,1372.3556024356951
201180,-47.4021106539,-18.4905668488,-563.5774812728716,376.3209660088052,1355.5985872121935
310348,4.74024258336,46.0689210589,-465.8784435461122,286.99422208243584,1333.5650504203375
310797,4.74047372837,44.7315952353,-439.21699825106657,264.6868767728332,1328.942889265619
201182,-47.4062016543,-18.7808333328,-496.7212477303291,314.11560553444957,1339.6636420513055
312327,4.74353889563,45.1848682118,-441.8794074796531,266.8588224361212,1329.3771817305606
310691,4.74357272763,45.6891154635,-458.74283593181855,280.90863930912576,1332.2686380127693
312042,4.74376949965,46.8773979528,-477.67709933393627,297.22121378277126,1335.8033201472433
310319,4.74491122374,46.2187999233,-436.85592730485735,262.7720319808301,1328.562832908263
201183,-47.4563888894,-18.9780555561,-491.436224294099,309.3827416719378,1338.5618181609466
200187,-47.4599758987,-5.78542742254,-634.9786859708397,446.0797909604656,1376.596251664673
200183,-47.4605555558,-6.86472222184,-648.3289460298249,459.38230769765494,1380.9642156187529
200172,-47.4719058007,-9.99351075572,-621.9976837922991,433.2131481958754,1372.480853040827
310411,4.74722782393,45.9482169699,-434.3147073130868,260.72320574972184,1328.1591208173463
312058,4.74740606295,44.2824136861,-603.3953062521832,414.90395716381653,1366.812113592826
310684,4.74757299796,45.1441773824,-393.5506898162282,229.84416672847829,1322.4441013415285
201319,-47.4769943011,-21.8478184776,-574.8222268220932,387.1231652763089,1358.6369659653174
201310,-47.4770944911,-21.3155271405,-542.6141147607568,356.4121346471428,1350.207269243366
312795,4.74791871099,45.3889913236,-293.8423356032724,179.14789977278053,1314.5813136458667
200182,-47.4813743465,-7.33705506892,-633.7165649617425,444.825753209031,1376.190397769101
312039,4.74823724502,46.251853563,-334.54259794184554,194.31815891085924,1316.7344481999398
201301,-47.547860882,-20.7348090695,-470.9703934330843,291.38364500781336,1334.516574933385
201177,-47.5560742517,-17.502389422,-585.810061160097,397.75295293642756,1361.7038854918283
312328,4.75590051765,45.1895038541,-424.0297340032929,252.56561700315123,1326.5818674646796
310686,4.75608045267,45.6688263708,-463.21081708011064,284.709982597708,1333.0753295986995
310341,4.7565192447,46.0477636282,-517.6018334232692,333.11256141818706,1344.2447837981294
310095,4.75677470972,47.2483859325,-381.058158415388,221.27163020167313,1320.9811484370246
201336,-47.5683718097,-23.6392529978,-587.5980600288483,399.48924054849954,1362.2120662759933
311990,4.75685439273,47.2484675085,-397.672913453177,232.77503526128615,1322.9566422354087
312978,4.75813815284,45.3525061566,-366.69327052651613,212.0466958168921,1319.4672642399114
310853,4.75950727695,44.281605387,-521.1558625131122,336.38952869824914,1345.0605842160883
201302,-47.5981460981,-20.7185450831,-618.0616686890846,429.325968497901,1371.2588550016933
312358,4.760072681,44.5478515461,-491.0315795575517,309.0217252842346,1338.4784222734183
310693,4.76062965704,45.5858233609,-431.8219100700454,258.72591027415126,1327.7684876668384
312784,4.76065261704,45.4854957846,-287.26743284314955,177.59746948889384,1314.37092229049
201737,-47.6097681371,-24.2062580907,-427.62480201728687,255.3918320940305,1327.1228458941696
312355,4.76111539408,44.5564186828,-494.5251603569649,312.1450118275376,1339.2029601978588
200164,-47.6113888892,-15.5063888889,-551.9789421819512,365.2667550638748,1352.5715739097827
201741,-47.633190725,-24.3268595657,-537.4171475029148,351.52748154901104,1348.9261026750446
310340,4.76468460838,46.1148553097,-506.40388947202894,322.8681424017937,1341.7428582153436
201736,-47.6470052352,-24.1771845453,-393.78953685712816,230.01265527717362,1322.473395491021
312067,4.7650102794,46.3014598521,-263.6321920557573,174.31133609946426,1313.9309350520198
310316,4.76509701541,46.2445602104,-332.5445278731899,193.36834589115898,1316.594613913705
201346,-47.6519965096,-22.7142852552,-550.6215072326132,363.97922763298624,1352.22444081676
200173,-47.6744251225,-9.96038799898,-620.2104109352331,431.44720625837914,1371.9244702176775
310813,4.76812262166,44.413992083,-468.55957100880346,289.3007255565824,1334.063330581221
310206,4.76867492771,46.9228545936,-519.6241151631431,334.9757359810498,1344.7077020267045
310904,4.76876416072,44.0727498997,-527.3493088084762,342.12793532185185,1346.5071794541193
201178,-47.6892423337,-18.1100201673,-566.5817828292242,379.1991240046399,1356.4003965790412
201197,-47.6895349867,-16.4311161404,-501.1980146474385,318.1495948534981,1340.6152411856804
201184,-47.6899999997,-18.7380555562,-519.0281622121322,334.42626898050446,1344.570931404556
310769,4.76924592875,45.0601571994,-315.6590252511183,186.14760469876265,1315.5534922339652
310688,4.76953287278,45.6058194786,-449.0526843694026,272.7752663520965,1330.577470922814
201333,-47.7186631771,-23.1017149713,-649.1323245126885,460.1849405283738,1381.2314214797595
310237,4.77286270005,46.5742355637,-414.94012578192087,245.54840963067875,1325.2637781460905
310687,4.77293072206,45.6143247343,-426.5850067263399,254.57155606700343,1326.96523592454
200177,-47.7645350289,-8.39329388032,-590.7292781127223,402.53414839706477,1363.1081398112349
310800,4.77669931137,44.7100953645,-434.57942968259334,260.9360400396867,1328.2009174765267
200252,-47.7679049622,-2.50611347321,-630.2051108049168,441.340165076149,1375.0677079705338
312785,4.77692648539,45.4726075666,-291.83624129539334,178.64638401614306,1314.5130622081842
310283,4.77710654641,46.4154972666,-277.71382363372464,175.83142234119666,1314.1334594615657
312382,4.77719298041,46.1108126474,-473.5806672194147,293.64822932244414,1335.0128624017452
310663,4.77729168042,45.7309936089,-399.3856864098007,234.00688779290746,1323.173943111191
201181,-47.7975756666,-18.4147609075,-628.8207354397258,439.96737167363256,1374.627712630332
201337,-47.802139118,-23.4816233277,-610.9069508951703,422.27784696930377,1369.0685301455603
310694,4.78141399576,45.5812644716,-426.1032339379743,254.19227663699274,1326.8925252995405
200174,-47.8146702811,-9.31020845018,-355.60789223778954,205.44525587344407,1318.422471499481
312689,4.78157373777,46.2019399809,-449.27822171846003,272.9627690095628,1330.6159225934666
310287,4.78160530678,46.2853112038,-444.5409784321186,269.04324003303066,1329.8174029547688
201339,-47.8185205694,-23.0333333326,-611.8653295414235,423.22058149618096,1369.3596024404474
312040,4.7819206348,46.7900323826,-496.23516522865935,313.67895705055645,1339.56132681196
310759,4.7854529351,45.2064600605,-443.7167697229201,268.36540475491694,1329.6804317816989
201298,-47.8774864123,-20.1643774293,-543.7538149636499,357.48618883306625,1350.4911830146414
200168,-47.8858333329,-12.6222222222,-652.8397887417885,463.89197236320547,1382.470911888174
312692,4.78975261745,46.1979262936,-489.9207523622225,308.03167475344003,1338.2501906763562
200175,-47.9310978147,-9.31004311617,-581.0005077495387,393.09146086553636,1360.3495715437616
201190,-47.9355927451,-19.0686111106,-573.6692745728081,386.0119379013291,1358.3207560794447
201199,-47.9406907255,-17.0388548967,-560.0624017368787,372.9610730246053,1354.6697096287196
310284,4.79436334283,46.4063816318,-374.3463452705449,216.8722814283249,1320.2513573732167
201196,-47.9442112938,-16.0647222221,-395.60936580710546,231.30181248479275,1322.698222820551
312329,4.7976249881,45.1936629675,-444.36207500687004,268.8960036367952,1329.787622504336
312381,4.79783369312,46.1312047721,-327.93092928772745,191.25010619617208,1316.2851755276824
201304,-47.9788888886,-19.7272222221,-532.8078540322952,347.2135177038668,1347.8083272743895
310735,4.79819260815,45.3234153092,-445.4616202071576,269.8018374243278,1329.9710867802496
310788,4.79842887017,44.8231044918,-288.3601395092719,177.83645610416318,1314.4032354317994
201742,-48.0013888885,-24.6899999997,-554.9726313055226,368.11096582265935,1353.3424338846344
310924,4.80255930151,43.9520967928,-466.9006988671062,287.8723897195716,1333.7543150658412
310768,4.80270911952,45.0727810615,-342.0545738127251,198.05852608200925,1317.2916305616127
201311,-48.0352133093,-20.9686509128,-599.9556175695182,411.53656572446084,1365.7936905412098
201320,-48.0472655623,-21.4975620196,-651.0389915553275,462.09077111836586,1381.867555501127
312621,4.80637496683,44.1559725056,-523.8985068899902,338.9263870282275,1345.6972750280438
312003,4.80670220885,44.5437662877,-525.2184094711685,340.1496941311352,1346.0058969452548
310238,4.80690108887,46.6226241917,-473.4508781868301,293.5354026490293,1334.988049685173
201195,-48.0855940325,-16.3636086938,-566.3272653885767,378.9550648212007,1356.3321869466695
312678,4.80937486208,46.1814198792,-546.1378208880246,359.7361110326847,1351.0884981283848
310314,4.8096865451,46.2408499691,-512.8763371942258,328.7741881870568,1343.1762829249005
310776,4.81043637116,44.8187699745,-465.03878557936093,286.2740807531379,1333.4102555121394
200176,-48.1060410952,-8.38944773,-639.6422968697642,450.71898531276855,1378.1065502765982
310760,4.81071407719,45.1853844198,-387.2178177815806,225.4384190458997,1321.6854924587046
310746,4.81080411319,45.3113058642,-536.6223715806614,350.78237974880255,1348.7321224528343
200166,-48.1355302086,-13.5313114054,-513.2575216477601,329.12333462960163,1343.2617874381758
201200,-48.1393228619,-17.1295851012,-573.0018229003954,385.36901327472714,1358.1381875885206
200235,-48.1438780463,-5.63399184401,-657.0367311351739,468.09428241834627,1383.8866707308953
310872,4.8144956175,44.1352848949,-531.8926506851058,346.35906392632273,1347.588461422037
310415,4.81872611385,45.8979071228,-413.18345494846403,244.214453972611,1325.017267707495
201191,-48.1902777781,-18.9896899311,-622.9558392021107,434.16044003070215,1372.7801527854149
200234,-48.1980656888,-6.03915964054,-707.1549691462513,518.7031888467625,1401.8142024939307
310734,4.82250913616,45.3516803516,-416.8044994611489,246.97219348925935,1325.5283190301104
310675,4.82264518617,45.6319620728,-450.747228348188,274.18619311433815,1330.8674346787618
310210,4.8229629522,46.7482868271,-552.3002546006087,365.5717157848898,1352.6539615052338
312679,4.82302958521,45.3019516284,-504.99351596085245,321.5869363715239,1341.4351336679372
310215,4.82337550723,46.7566373118,-490.88329925279726,308.8894813788405,1338.4478965953003
201192,-48.2353096089,-18.989385301,-625.0328021195281,436.21520987061143,1373.4313850776662
201202,-48.2354737389,-17.3272222215,-575.7737321759046,388.0408452751586,1358.898729779285
310795,4.82591718544,44.7692681744,-510.03437164730036,326.1756646543428,1342.5425968685674
310665,4.82667116051,45.6437084667,-435.4693720674907,261.65256378493865,1328.3418702762951
310745,4.8278217416,45.3184436608,-361.1523517058345,208.68738624046162,1318.9315696311808
201303,-48.2831907248,-20.2060582707,-556.9237621608281,369.9680962174487,1353.8487553684342
200231,-48.297489866,-7.20554486104,-681.8223855312611,493.0300303947889,1392.5188225173047
310750,4.83084598085,45.247869485,-522.8114411503009,337.92006183407904,1345.4441751272486
310762,4.83118486688,45.1769408271,-398.3811091083515,233.28339265511386,1323.0461826718577
310315,4.83183919193,46.227498773,-434.34398833756296,260.74674056097507,1328.1637409999819
310417,4.83186136194,45.7979389475,-396.78853281599424,232.1421798636152,1322.8454376327286
311993,4.83187116994,46.9354267116,-602.849260874465,414.36899486610446,1366.6498176563887
310744,4.83226821097,45.3224980151,-359.52574690958244,207.7236008412992,1318.7794184549477
310871,4.83486778918,44.1313132476,-568.093911395362,380.6499800312602,1356.8067170719983
200171,-48.3852958533,-9.56705766944,-637.8292486019665,448.91441910784715,1377.5174103715822
201371,-48.3897222216,-23.5638888885,-589.0544860495858,400.90485350023664,1362.627888219649
310775,4.8399201886,44.8522364702,-479.70351599793054,298.9970806878584,1336.199578825617
310323,4.84028311963,46.1606062555,-526.4542656941093,341.29652197093657,1346.2961695345318
200170,-48.4232354774,-10.7045913586,-628.3829124959113,439.5333765636862,1374.488868382487
310733,4.8434769119,45.3602625103,-430.8983121805792,257.98909796839547,1327.6251108142092
310773,4.84377788892,45.0151867527,-419.19810923000153,248.81206134730328,1325.872355117863
310214,4.84385605093,46.7604850061,-592.4482096640006,404.2079614865972,1363.6033647373583
310732,4.84419399196,45.368637134,-440.8149547852453,265.9888637557836,1329.2028196765111
310213,4.84451406198,46.7695183209,-528.8290816397234,343.5040549429285,1346.857489104222
201321,-48.4476215824,-20.4559050804,-461.2777657496795,283.06153020227543,1332.724236319858
201373,-48.4560952361,-23.6013141936,-635.0998406167129,446.20020306587,1376.6352753761316
200232,-48.4680656891,-6.67302178198,-679.0483168659238,490.2296401069165,1391.529791356711
310065,4.84749184223,47.532364411,-418.5440477562381,248.30799604646663,1325.777855107901
310849,4.84762443124,44.1813286977,-447.67294124777095,271.6301356442232,1330.343185341284
312359,4.84940170539,45.1812999935,-398.15955771887457,233.12420825587446,1323.0181240893198
201372,-48.4946391183,-23.5642535296,-645.616608457882,456.67423020899844,1380.0657276850534
201203,-48.4974999996,-17.5730555559,-552.2664168782647,365.539596559703,1352.6452812348568
201732,-48.502440497,-24.7436111111,-477.87707237863066,297.39621799016066,1335.8422701310008
310743,4.85093545351,45.3279130116,-363.062587295978,209.832331493893,1319.1132125538193
310870,4.85170143058,44.1267141772,-567.1629882928357,379.7566044602685,1356.5563529854142
310914,4.85219430262,44.0017815849,-588.2642569649363,400.1366238796027,1362.4020617878048
310852,4.85267962866,44.3022181237,-555.1450563974322,368.2749760348011,1353.3870540859064
200169,-48.526984335,-12.0230555556,-632.0411113135717,443.16201746796344,1375.6535297523756
200233,-48.5477941947,-6.40173778654,-605.4970912779535,416.9644519142882,1367.4389984032475
201185,-48.5518539021,-18.335648573,-575.0047097923973,387.29911854866515,1358.6871116715824
310286,4.85598712193,46.4062709948,-464.35457207149096,285.6880416809214,1333.28455978211
201232,-48.5599404967,-19.2440312191,-621.3667002648176,432.5895361930217,1372.2841422306053
310309,4.85650233397,46.2732005528,-556.166504262716,369.24700387569794,1353.6518792012494
310848,4.85695002001,44.1771761404,-554.8003824805439,367.94714427368615,1353.2978833845323
310277,4.85850368514,46.4781916728,-394.75575441120446,230.69593310678505,1322.5924065054603
201374,-48.5856150578,-23.8003936491,-642.4963222468734,453.56221928599916,1379.0390665088264
201733,-48.5895275492,-24.5857029311,-430.6085467690922,257.75829435294906,1327.5802794941012
201193,-48.6016666672,-16.1473495099,-552.9225132056615,366.16251930023986,1352.8137531582804
310097,4.86018392128,47.314925707,-440.25594212783255,265.53284193358746,1329.1116395319177
201201,-48.6061111105,-16.6480951753,-392.7998974151117,229.3156206802288,1322.3523411261663
200230,-48.6143008422,-7.1542940308,-672.9585099021518,484.09018972796457,1389.378771964201
312002,4.86468810965,44.8398396042,-508.59189946690407,324.85988410395277,1342.2235300030798
201229,-48.6555555556,-16.8358333329,-433.2236948336703,259.84751816723457,1327.9874972647767
310322,4.86848135597,46.1484019045,-526.2932429963032,341.1470218978358,1346.2582778737728
310285,4.868929122,46.4023222175,-472.5412783036863,292.7453410081651,1334.8145544890801
201771,-48.7097222221,-27.6927777782,-446.89652828640635,270.9872154229211,1330.2120624609306
201744,-48.7105345302,-25.3015556643,-610.3603297549962,421.7403411778854,1368.9028364243877
310700,4.8725648293,45.5685343765,-429.3468446214575,256.7553474892232,1327.3859154963964
310098,4.87446353646,47.3106908116,-454.09317866600327,276.9864924370824,1331.4471740127328
310701,4.87637893562,45.5397669711,-429.50105430336373,256.8777539504629,1327.409597926928
310293,4.87659595064,46.3308941526,-580.535710465078,392.6416768152645,1360.2196684970397
310414,4.87686770366,45.9185640355,-424.24992997777616,252.7379169059945,1326.6146821273599
310239,4.87715987068,46.6816759166,-568.371242401164,380.916232627838,1356.8814378836787
201206,-48.780555556,-18.698333333,-513.8061717850486,329.62612384318436,1343.3850682934424
312520,4.87966927889,44.5898100255,-511.12590100434363,327.1727331259898,1342.785186653109
201770,-48.8019444437,-27.702777778,-504.23050240762126,320.894680667015,1341.269345163111
310731,4.88030121794,45.3849508693,-438.8576528049839,264.39475503205716,1328.8847379221254
201194,-48.8033333329,-16.2980555564,-487.7523807690001,306.10336863502147,1337.8076590016976
310724,4.88073434798,45.5274987071,-399.18736681987605,233.8638373405309,1323.148651743081
310199,4.88152587805,46.9979612038,-566.4143060260686,379.0385241908107,1356.3555076065575
201731,-48.8228385685,-25.0897438248,-433.64012419255204,260.1814788396623,1328.0528837832808
201205,-48.8230655695,-18.2499999999,-586.433789605022,398.358439937931,1361.88087102495
201745,-48.8271404058,-25.4769444438,-516.4195783273616,332.02512679639307,1343.9757233737728
201749,-48.8272606988,-26.4476704391,-607.5089883742882,418.9388392803416,1368.0423280189302
201204,-48.8393044118,-17.7000000004,-578.3114018330805,390.49096561679943,1359.6004024794324
201764,-48.8478608815,-26.9061370621,-611.6576870618034,423.01629209570024,1369.2964776016513
201769,-48.8498573917,-27.2725788574,-587.6834723179323,399.57222706628534,1362.2364056347215
310771,4.88510972034,45.1060655052,-441.7841331094338,266.7808703211476,1329.3615358371114
201235,-48.8586111114,-19.5019444445,-546.2370562968723,359.82985909370416,1351.1134621819479
311826,4.88591751241,43.689627282,-310.20480677159327,184.14046359659176,1315.2709874879256
310742,4.88681818348,45.3221145681,-482.41660678245233,301.3831904692513,1336.7355339375547
200228,-48.8814489853,-7.87638888855,-655.1147144528059,466.16904551222757,1383.2366533560612
310292,4.88908345067,46.3269886623,-574.0057709961382,386.3361726979112,1358.4129337314057
201211,-48.8972222216,-16.4580555556,-423.18506274759267,251.9056618476828,1326.4563779728353
312629,4.89018131776,44.3645442799,-538.9435776798723,352.95994489062974,1349.3001085344547
310247,4.89048675479,46.5985555257,-384.7430327507361,223.7498994657228,1321.3985309908649
310096,4.8906589368,47.3156378661,-452.6380883370065,275.76637759888234,1331.193883402378
201375,-48.9145275491,-23.9813678881,-578.4401515054121,390.6153757693772,1359.6361395540155
201767,-48.9196316805,-27.1019594633,-551.9814149937589,365.2691017482662,1352.5722076421205
201768,-48.9351918088,-27.2853624685,-387.620492292994,225.71495509469042,1321.732688990967
310868,4.89382173706,44.1640382143,-568.9593496489356,381.48100937674724,1357.0400954684415
201746,-48.9394444441,-26.1766544617,-462.9515605118464,284.48856188488446,1333.0280574831215
310671,4.8943081611,45.6274725614,-395.60384879996656,231.29788991517947,1322.697536881773
201730,-48.9478533048,-25.2147550911,-442.39163244042163,267.2782060235533,1329.4614321630634
201763,-48.9641815422,-26.9226154344,-598.4194512569227,410.0346135574809,1365.341878252157
200225,-48.9682663915,-9.60361111146,-615.1049953580105,426.4105131468993,1370.3488555532479
312380,4.89758665637,46.1191207471,-494.9318112910868,312.5094889725302,1339.2879604072332
312356,4.89805826041,44.6262622195,-455.78370872049436,278.4084387611921,1331.7437136954463
201748,-48.9814707046,-26.2479887156,-290.53453605000783,178.33427359257456,1314.4706818075806
312379,4.89823425743,46.081891427,-491.63640564711653,309.5614118670709,1338.6031256167857
310770,4.89833134744,45.1266650119,-403.02041101759534,236.64764127807683,1323.6435193496668
201729,-48.9997222221,-24.6555555559,-372.8259098068741,215.89701051683943,1320.091504155679
201233,-49.0091666669,-19.0394444442,-605.4802754351748,416.9479578490437,1367.433969063363
201774,-49.0140761243,-28.2643939655,-521.5332460339926,336.7381861942652,1345.1478231909305
310730,4.90185150873,45.3857491744,-414.5012066991052,245.2144155633567,1325.2019354777494
310291,4.90209639575,46.3486663301,-525.457220199462,340.3711951455055,1346.0618896167719
312378,4.90227017276,46.0647065766,-364.3102098104819,210.58766172094445,1319.233574263098
200165,-49.0394384204,-14.517598108,-645.3787894379825,456.4369139837951,1379.9872161150424
200229,-49.0476872801,-7.61406187384,-626.9282403453279,438.0919957422928,1374.0286230378751
201376,-49.0564335158,-23.7807262105,-596.155747962432,407.82353363375785,1364.6794842670638
310699,4.90598658607,45.5813209656,-398.1979471910476,233.15178126051308,1323.022982906512
312630,4.90602658507,44.3601576725,-533.2843156947881,347.65863248994793,1347.9230634345106
201762,-49.0654203855,-26.9142203407,-554.8578677613799,368.00181475129114,1353.3127487222375
310278,4.90687110714,46.45665929,-474.38032343282566,294.34389387415735,1335.166052614766
201213,-49.0763888895,-16.9572222219,-618.5160753960828,429.7743880468842,1371.3993163243767
201747,-49.0808333328,-26.4770482306,-563.7492817944062,376.4853932274092,1355.644242235953
201766,-49.0853683202,-27.1975592882,-356.3303832972693,205.86076870242263,1318.487283323069
310718,4.9099813124,45.5276492041,-456.28709135461247,278.8327523954452,1331.8324834611574
312826,4.91023809342,45.5346744767,-445.89394844882395,270.1585967618496,1330.0435059043093
310723,4.91024018742,45.5347194347,-447.17821826946806,271.2203498207454,1330.2595755531258
201773,-49.106666667,-28.4194444443,-517.7937593646452,333.2892205405721,1344.2885719675062
201212,-49.107003947,-16.9138856733,-556.029623958082,369.1167036006579,1353.6163419044965
201481,-49.1183333329,-25.443293557,-596.9568546828477,408.60571482041416,1364.9134369540789
201482,-49.1223945823,-25.4514618857,-581.290009340833,393.3716748345282,1360.4305696197862
200236,-49.1351366093,-5.32713937862,-640.3078532667121,451.3817466783596,1378.3234531227788
201484,-49.1482353534,-25.5182608532,-568.101924412615,380.6576722665233,1356.8088751365324
310216,4.91802407206,46.7187705317,-485.4477667071595,304.06024745128707,1337.3416520373664
201236,-49.180277778,-19.3597222217,-609.7152131353126,421.1061632601491,1368.7075878103321
310668,4.91814349407,45.635446955,-436.5215304554954,262.5017048376548,1328.509392227458
310728,4.91828871409,45.3978833754,-438.1018807248504,263.78117270145196,1328.7627957109755
201483,-49.1853162555,-25.4851454865,-573.542377356975,385.88968273329283,1358.2860182722548
311354,4.91860246511,43.8896393036,-548.2452119276724,361.72856577421373,1351.6203666307208
310793,4.91873158812,44.752430191,-566.5680215702753,379.18592713042085,1356.3967072828111
312059,4.91920964916,44.2311471888,-465.1403496165251,286.361131984762,1333.4289475279472
201210,-49.1981001825,-16.68097366,-581.1329640738585,393.2196617671065,1360.3866224695582
200251,-49.2109238306,-3.51338305755,-601.3928602179038,412.9428795011376,1366.218094567842
200237,-49.2228144636,-5.51479427615,-635.6888216647626,446.785657306678,1376.8251464034402
310716,4.92264127745,45.5104684267,-277.6112367366725,175.81564438430576,1314.1313484595682
201486,-49.2271850329,-25.5898132912,-583.7788886420407,395.78270080279344,1361.1296802467602
310113,4.92284577546,47.4189163516,-420.01829422597166,249.44553722718308,1325.991378643335
310321,4.92290283147,46.1272405527,-528.446838559101,343.1484031965015,1346.7668271865784
201761,-49.2349999996,-26.8911111108,-654.6956901237952,465.7494894201665,1383.0953138121176
201347,-49.2353298426,-21.8833333335,-622.3342351706918,433.5458384888783,1372.5859005049263
201209,-49.2483394837,-16.4938086916,-454.7246024839284,277.5170472020935,1331.5576486512566
201485,-49.251741046,-25.4511652857,-547.510528932547,361.03357338010204,1351.4345345970335
201487,-49.2557887063,-25.6454262918,-591.0208290108104,402.81793465501966,1363.1919705872795
200227,-49.2594444436,-8.26944444407,-624.2096430644004,435.40062574009363,1373.1728824473485
201728,-49.2604960527,-24.826849269,-532.181116973974,346.62830581964045,1347.6576874671432
310847,4.92653435877,44.2524596586,-461.250423986501,283.0382553650361,1332.7192930973792
201758,-49.2685590464,-26.7398090043,-572.4488088773145,384.83652902636754,1357.9871922322966
310774,4.9269005068,44.9565635639,-510.1533821491056,326.2843173507645,1342.5689985780803
312864,4.92720813082,45.0437480441,-353.1535889420768,204.049698258068,1318.2057273252544
310907,4.92723134683,44.0439345884,-584.3449661346059,396.3315655751227,1361.2893777831082
200222,-49.2725135877,-11.3161037012,-677.2146781664119,488.3798658016721,1390.8792016254877
201727,-49.2730704307,-24.7976906716,-609.1577324349471,420.5582936543487,1368.5391256940197
201760,-49.2730853067,-26.8271634065,-553.8362615234386,367.030581765762,1353.048967386328
310200,4.92752241685,47.0076350696,-607.5537105891445,418.98274986743945,1368.0557755005373
201208,-49.276870065,-16.6140236115,-552.5950197650546,365.8515458326793,1352.7296159181462
201215,-49.2772817251,-17.2551184095,-474.2327542346812,294.2154486206222,1335.1377421078803
201772,-49.2935739224,-28.3598980714,-577.1997329787293,389.41717523767176,1359.292388179961
312863,4.93127954016,45.0689637582,-368.14288751964045,212.94453577241396,1319.61185032161
200238,-49.3146792532,-5.12805555615,-639.3873285369256,450.4651329126753,1378.0235470281082
310714,4.93163129619,45.4976221636,-276.09793145284186,175.59084462379607,1314.1012917235844
201765,-49.3269072552,-27.3304985222,-316.1847862406607,186.34976969576005,1315.5821133093737
201726,-49.3356224969,-24.7565112362,-473.37385018660797,293.46845268582155,1334.9733304136473
201489,-49.3396924702,-25.3440376598,-479.22176983287557,298.57440368763764,1336.1050612625204
201725,-49.3418390274,-25.0097449392,-454.1918474992031,277.06935552063453,1331.4644148314721
201490,-49.3439707046,-25.3645740135,-481.50188720253885,300.5776411639837,1336.5541435204182
201488,-49.3526736483,-25.6134818121,-562.0142221706736,374.82569966939076,1355.184255120514
201491,-49.3602777779,-25.3866666674,-505.8247964148306,322.3418311774307,1341.616307414573
311150,4.93728572266,45.01862121,-477.75417273368805,297.28865736009874,1335.8183282126595
201495,-49.3770770393,-25.4886213838,-483.63480461816096,302.4576714755574,1336.9781984865388
200226,-49.3787834715,-9.18544763386,-622.8662853223128,434.07188470416787,1372.752148526646
312659,4.93794626471,44.0318658574,-584.9495104568516,396.9179280514869,1361.4602094084792
201505,-49.3804129476,-26.156266622,-533.6669155028496,348.01619871713507,1348.015331798351
201493,-49.3810144177,-25.4170739569,-518.6314119148897,334.06065196300426,1344.4800405301085
201496,-49.3812449927,-25.5184731023,-484.20933288627833,302.9650777794647,1337.0930777428368
201757,-49.384933059,-27.0351789778,-374.23033542423633,216.7975846850783,1320.2390893013196
201377,-49.385472451,-23.1849153892,-581.2858312465573,393.3676304336858,1360.4294001773512
201494,-49.3860590461,-25.4270739457,-507.2387186159285,323.62749877141823,1341.9257871264488
201509,-49.3930555557,-25.9344444437,-545.4447259684696,359.0815501188853,1350.914364358332
201497,-49.3933333327,-25.5354948677,-496.0510785558858,313.5136622347553,1339.5226301193059
312827,4.93939235883,45.5104449617,-478.55596439941337,297.99074250287885,1335.9747538076128
310722,4.93946973784,45.5434725534,-451.60180435668997,274.8996073477371,1331.014595830502
201492,-49.3980927451,-25.3769082225,-491.87834443233623,309.77741591818875,1338.6530945718705
201214,-49.4144965104,-16.7559677472,-421.74648798470264,250.78531231342515,1326.2440699456629
201498,-49.4264422424,-25.5726336527,-531.7366086112879,346.2134504791438,1347.551042998583
201499,-49.4396168035,-25.5581127365,-520.4448269382582,335.7329754033286,1344.896535413437
201724,-49.4405555556,-24.9016666672,-474.97834044049006,294.8647200818376,1335.280967940019
312837,4.94408032922,45.514338817,-462.5438471894702,284.140558629142,1332.9538316280784
310698,4.94464421427,45.5802124065,-398.01560281712085,233.02085008876648,1322.9999156349124
201234,-49.4498648304,-18.9430045112,-615.276310790708,426.57933252750166,1370.4013963556456
201216,-49.4519965095,-17.7506832456,-632.3641787384457,443.4827372295651,1375.7568820160493
201378,-49.4602493142,-24.0334643104,-618.8892709303713,430.14273509910623,1371.5147949447846
201382,-49.4643849416,-23.6977675656,-420.02609813019984,249.45157199287524,1325.9925139168815
201776,-49.4770485746,-28.7504298807,-632.8725277103235,443.98747759009206,1375.9196707841293
310276,4.94778262953,46.5145368878,-558.1899636661801,371.17471720355707,1354.178987757909
201723,-49.4812016539,-24.9304078136,-494.91134730366934,312.4911427323269,1339.2836796138636
201207,-49.494166667,-16.3463888894,-539.9276722059316,353.88445139197495,1349.542242810833
201500,-49.5129055086,-25.6057088005,-630.4943824587035,441.6271162304479,1375.1598343406908
201510,-49.5146316797,-25.8641666669,-595.8426156592794,407.51788948714136,1364.5881761344513
201755,-49.5166666669,-27.0560594695,-563.965263094705,376.69213276910693,1355.7016718600125
311994,4.95248175092,47.1349425541,-491.16393347279364,309.13978743386787,1338.5056848473046
310709,4.95249386292,45.5062441303,-452.1177459432765,275.33092508346687,1331.1037444546585
201380,-49.5518560428,-23.714652456,-603.335708067467,414.8455614716293,1366.7943883652017
201381,-49.5521255288,-23.7218131476,-596.8436546020665,408.4951688224922,1364.8803475562283
201775,-49.5563162972,-28.6122977282,-458.0153788961214,280.29269590284815,1332.1389025061842
312377,4.95623264823,46.0930170049,-451.667496626006,274.9544998091926,1331.0259340671082
312493,4.95625643223,45.0597643844,-405.87389807871654,238.7455065079252,1324.0201951147196
310208,4.95634512524,46.8805002901,-483.3397728910474,302.19727166541054,1336.9193136445865
201502,-49.5726810845,-25.4594444444,-540.1494326115155,354.0928906256883,1349.5969158921303
200220,-49.5729093735,-12.414413752,-478.0124837839312,297.51475225746503,1335.868664204949
201379,-49.5773438039,-23.9643078207,-573.2244461370725,385.5834252489129,1358.1990421218013
201501,-49.5850520655,-25.5795928863,-557.8029635143691,370.8058092738991,1354.0779181366065
201777,-49.5882961438,-28.8519789531,-545.6365211374916,359.26264549805455,1350.962511931458
201722,-49.5948722684,-25.2351101618,-337.428278280251,195.7237229197196,1316.9426091927658
312446,4.96002001954,44.1524269083,-506.5298836643854,322.9826993939993,1341.7704290606978
201217,-49.602276863,-18.3380717652,-666.5583946758046,477.6503432545804,1387.1481213645186
312000,4.96053595958,45.2272399253,-433.4039455473081,259.99202972614654,1328.0157814254378
201751,-49.6058333333,-27.3986111108,-504.49420388236774,321.13385776206354,1341.3265876717123
201507,-49.6059002743,-26.2146961469,-507.96191991338287,324.28590569352946,1342.0847249057592
201778,-49.6060949483,-28.9589604389,-607.8939178879925,419.31681440622634,1368.1581235506662
201752,-49.614384942,-27.2147542296,-458.99379343033945,281.121322643251,1332.313498482465
200241,-49.614614598,-3.44681799805,-636.8651922777091,447.95539410904246,1377.2051754569043
201385,-49.6166666672,-22.9015854247,-616.864033079841,428.1445545250203,1370.8894265269253
201506,-49.6231076207,-26.2688524353,-615.2506334647275,426.55402846777264,1370.393519904403
201623,-49.626966758,-27.8276453083,-535.0750637315571,349.3332641054383,1348.355958048339
310715,4.96475620993,45.514143147,-456.8042874717686,279.269139306817,1331.9239138791168
200239,-49.6563770294,-3.77652597633,-632.7063415199956,443.8224596241046,1375.866430966569
200240,-49.6602410918,-3.7411111114,-612.646703483772,423.9895171711146,1369.5974484734154
312375,4.96848283924,46.1104406963,-566.2245224358974,378.85655552630857,1356.304667049094
200242,-49.6849898658,-2.68318189286,-625.7323589316659,436.90770581156437,1373.6514854909228
310282,4.96856911725,46.4225869982,-525.2369512415453,340.16689010910596,1346.010242650625
310721,4.96859350025,45.5525054702,-446.2841062539936,270.4808440178528,1330.1089982307858
310666,4.96863902025,45.634845467,-419.66226184734063,249.1703644905394,1325.9396406828791
312064,4.96864409625,44.1683305226,-569.3015028022603,381.8096903624755,1357.13252847634
312518,4.96879232027,44.7314976812,-462.3203339185055,283.94988756916064,1332.9132000413356
201219,-49.6883333331,-17.1069444443,-556.562778194555,369.62430234927257,1353.754846743339
201237,-49.6966666668,-19.0352777778,-626.225126194417,437.39562374877,1373.8067520100742
312634,4.97254976358,44.1772608864,-505.97844961020417,322.48144518385,1341.6498584510637
201383,-49.7272073473,-23.1186189497,-515.7855273736228,331.44248291864824,1343.8319015699742
201231,-49.7349417849,-18.1979934286,-500.4524706684418,317.4762424992771,1340.4556034219686
310708,4.97421592171,45.4973485536,-478.1573614881082,297.6416001858562,1335.8969205575302
201384,-49.7497147842,-23.098021159,-610.3461526879132,421.726402392428,1368.898542138443
200221,-49.7648363664,-11.8391666674,-658.312278530871,469.3726694784722,1384.3196029267378
310739,4.97732487597,45.3393882125,-464.77298169353026,286.04633188974947,1333.3613779397824
201622,-49.7771999094,-27.8052897945,-553.6608888146374,366.8639310560771,1353.003770912636
201511,-49.7892497714,-25.9433636714,-553.6844278612173,366.8862981336128,1353.0098358667171
201508,-49.8011111114,-26.1097222222,-546.388073138894,359.9725395770472,1351.1514679870068
201617,-49.8021701565,-28.3683078301,-352.86633443022686,203.88798618680164,1318.1807050268958
310100,4.98095198627,47.3353970067,-486.2329146738449,304.7555666174132,1337.4999123656773
310324,4.98135722731,46.106042545,-588.1906886732356,400.065121150985,1362.3810631961408
201754,-49.8311111109,-26.6983333329,-358.1889953995584,206.93934830238308,1318.6561166846002
201624,-49.8331907251,-27.7017770219,-578.7825123555737,390.9462450341005,1359.7312332590427
310850,4.98450618057,44.4231803507,-457.5006748247644,279.8574039496594,1332.0473815669386
310305,4.9849233186,46.2118438987,-544.4062712432043,358.10151617939863,1350.654195597037
310697,4.98537807564,45.5807061775,-436.41700284575285,262.41724920741314,1328.4927071216764
201503,-49.8858792484,-25.551548496,-491.52118469854025,309.45856654424085,1338.5793456502722
310304,4.98962960699,46.1815858772,-538.4771200648045,352.522002909564,1349.1856146317543
310846,4.99009485503,44.2859910734,-533.9952652399364,348.32316219058066,1348.0946129676288
312633,4.99345122431,44.2156657736,-485.738375520735,304.31751778715375,1337.4001689195459
200223,-49.9358779606,-10.5638755999,-643.254418177573,454.31796893945426,1379.287815176791
310201,4.99373593233,46.9814896764,-533.8015785264462,348.1420798876883,1348.0478359399638
310198,4.99409892636,47.0863006651,-436.774452677506,262.70614765144245,1328.5498034352177
310738,4.99415862136,45.368999606,-445.48826397800366,269.8238142955345,1329.9755452469365
201218,-49.9427777781,-16.4652777782,-471.6929970456202,292.0095880353662,1334.6533856018495
201780,-49.9435800712,-29.202124634,-463.15293817482404,284.6605416104635,1333.0647711735003
312836,4.99436152238,45.4852020826,-452.2575458743757,275.44787284763896,1331.1279393244602
200208,-49.9491606417,-13.9055765924,-679.7277722263011,490.91533083241075,1391.7715050395989
201388,-49.9564422773,-23.7646316661,-551.8343484914205,365.1295441721565,1352.5345260736456
201779,-49.9643315879,-29.1974600087,-512.9016703311064,328.79738763954134,1343.1819617283734
312004,4.99777092466,44.6016965745,-331.5261147266545,192.89170584948116,1316.5246941775977
201394,-49.9780555561,-25.4258333326,-559.7521406385425,372.6649099156696,1354.5882013646612
310713,4.99829397071,45.5107377357,-460.3529161403948,282.27489406604263,1332.557381884131
201395,-49.9851946736,-25.3143519934,-533.3089481987115,347.6816495861719,1347.9290002269615
200219,-49.989203856,-12.0886111111,-634.7921457180445,445.8944053975693,1376.5361894838607
200224,-49.989758124,-9.50070249995,-631.4600928717966,442.58532770862354,1375.4678594924872
201750,-49.9943018364,-27.1143316923,-531.5828617313392,346.06999908193916,1347.514194529493
201238,-50.0065686864,-18.8852652044,-544.3487389452247,358.0472446625892,1350.63980750027
201387,-50.0179501384,-22.8988109185,-582.1630610655235,394.21701157329534,1360.6752413444121
201230,-50.0311036734,-18.106222315,-607.2584772204918,418.69289220805933,1367.9670311010584
201386,-50.0336185487,-22.9062094751,-589.3376924271425,401.18025893609547,1362.708941907232
312098,5.00587356333,47.6237273446,-290.76331455594476,178.38836590847862,1314.4780216060637
201619,-50.0598648298,-28.0927823003,-489.4905045697765,307.6486058716654,1338.1620697391904
310737,5.00612033135,45.3765941576,-434.3272813484266,260.7333120021923,1328.1611047540607
311353,5.00627385037,43.8603926442,-536.9302815970669,351.070984051604,1348.8072123312718
201404,-50.0666666674,-24.7688802262,-668.8343046062861,479.93888956013757,1387.9378220605245
201400,-50.0894654703,-25.0333333331,-334.67606659120105,194.38229247709077,1316.7439142910605
201405,-50.0908705224,-24.7523614059,-538.0394079524192,352.1112085230988,1349.0783384820513
310308,5.00947882863,46.2227574376,-537.9209076369965,352.00002216652746,1349.0493229675224
312627,5.0103134577,44.4437016044,-465.82958109726036,286.9522857824708,1333.5560260107857
310912,5.01099998276,44.039803963,-566.5248421431245,379.144519398647,1356.3851321744594
310117,5.01116221877,47.1485909382,-559.4519522001881,372.3784242393717,1354.509413416124
201626,-50.1319444438,-27.5152777785,-624.0807307779754,435.2730825373244,1373.132446843872
201625,-50.1353298431,-27.5022889544,-607.1875491129624,418.623261822893,1367.9457209747518
201389,-50.1434400397,-23.0141585611,-497.12791008116204,314.4811175098844,1339.7493920372422
201396,-50.1475682291,-25.2023354311,-518.9467025152121,334.3511893535482,1344.5522593101493
311989,5.01534531712,47.6200485242,-423.6806553878937,252.29268615137124,1326.5299316937287
310845,5.01581306816,44.2899756517,-462.80616070976646,284.3644267710793,1333.0015706692693
200202,-50.1716666671,-15.9222222223,-475.122427936977,294.99028274510033,1335.3087010530294
310906,5.01778104732,44.2434176029,-484.4906860127746,303.2137134101392,1337.1494367473892
201221,-50.1855393922,-17.732085559,-688.6113107344052,499.89285207968345,1394.9634130522043
312668,5.01940635045,44.1141740492,-328.719964583648,191.60486119456957,1316.336766571262
201821,-50.2058866869,-29.6516953162,-316.81511861432796,186.5941306530202,1315.6167488246915
310303,5.02248179771,46.2226770216,-564.4526043874898,377.15873396666916,1355.8313946804872
310207,5.02254710571,46.939905822,-548.5661362444512,362.0322788501808,1351.7016797812119
201222,-50.2469444443,-17.9772850803,-627.5526101500338,438.7105524151935,1374.225967224582
201348,-50.2518491057,-21.1187346752,-599.8162628245569,411.4002652788133,1365.7526271127479
201513,-50.2762103797,-26.3769959103,-575.1432066603129,387.432673153286,1358.725187968706
201390,-50.2851946745,-23.0892565233,-642.1609273115887,453.2279316669386,1378.9291563517634
201618,-50.2933941241,-28.4480580007,-336.65200843762796,195.34172688998714,1316.8858912063176
201220,-50.2982861296,-17.0806754021,-572.7350537703328,385.1121239402807,1358.065318090293
312374,5.03147664445,46.0142339074,-555.669757803717,368.77419946822704,1353.5229848020042
312671,5.03193905149,44.0229672746,-379.4990060024286,220.2362496608292,1320.8081109148904
312658,5.03243267453,44.0553293983,-568.9205722351434,381.4437635015255,1357.0296256560143
201512,-50.3271863209,-26.0893285285,-601.5226248397179,413.06990274709955,1366.2564930310093
201228,-50.3306622622,-17.9766232022,-628.1132899122581,439.2661508742594,1374.4034384043798
310703,5.03499934974,45.4727842706,-452.290544054352,275.4754818493285,1331.1336526788036
310320,5.03535625277,46.0726828642,-546.4960195930237,360.07453779747846,1351.1786458362794
201627,-50.3682353533,-27.5515252735,-558.0701953359886,371.0605369753579,1354.147695893744
201628,-50.3844444437,-27.4771448243,-546.8190526095722,360.3798231282364,1351.260033121617
201504,-50.3897222221,-25.8758333328,-540.3989441993604,354.3274607492247,1349.658478888229
201399,-50.3937537195,-24.9604677131,-551.0323719320425,364.36879127571115,1352.3293519884928
310720,5.03978804414,45.5518863291,-285.62866280899317,177.25316042043653,1314.3244436108334
200209,-50.3982886638,-13.5606622489,-685.13497534305,496.37701657143776,1393.7073590873574
201402,-50.4018416021,-24.5308414375,-599.7665745781569,411.35166845111604,1365.73798926859
310111,5.04028896718,47.3019012819,-482.43577000683285,301.4000781582843,1336.7393415725126
201322,-50.4165240593,-20.4776892092,-606.4285813051647,417.8783320415841,1367.717938971245
311827,5.04352849845,43.5403019357,-529.985083620952,344.5804102493915,1347.1324060097186
310118,5.04372571347,47.1353930511,-555.1002787308333,368.2323816372883,1353.3754641932017
200203,-50.4386111112,-15.8969444442,-530.8061488193332,345.3456060031272,1347.3283370357656
201620,-50.4394072552,-28.1479246808,-513.8153058863521,329.63449695081584,1343.3871228256999
312667,5.04425878851,44.1332410647,-328.82610817101033,191.6528226832867,1316.3437486600399
201391,-50.4435826466,-23.4,-611.6154416305633,422.9747313171077,1369.2836388150827
312357,5.04459871054,44.522914796,-394.70793415620255,230.66205286280638,1322.5864972941386
201393,-50.4524168963,-23.1225,-625.6533163155001,436.82945060635905,1373.6265974095536
201797,-50.4538888894,-28.8689262495,-355.58508425726365,205.43217326209216,1318.420432944317
201629,-50.4650000003,-27.2152777777,-516.9180705451804,332.48347488503515,1344.089030260095
312722,5.04826886284,45.4397804958,-446.0682561927657,270.302531035437,1330.0727493178927
201401,-50.4936010967,-24.6979154854,-520.0544336284455,335.37269581916456,1344.8066423448795
201796,-50.4938888887,-28.8055555562,-327.835224179124,191.20728981326653,1316.27895518831
310275,5.05062345204,46.5606792506,-542.5794482058727,356.3794806821167,1350.1986499938257
312685,5.05177816413,45.8816634884,-461.2738908964844,283.058231639888,1332.7235357316215
201392,-50.5247222223,-23.1597222221,-579.881570962221,392.0088798435974,1360.0371399598346
201397,-50.5269308575,-25.4640372048,-568.7525370796088,381.2823760517981,1356.984270535808
201239,-50.5286111106,-18.4983333334,-626.7085543549173,437.87439398857475,1373.9592588955309
201515,-50.54572463,-26.0393946134,-602.9524054514764,414.47003460756736,1366.6804563545543
201359,-50.5528670316,-22.0807601868,-587.9987725031264,399.8786074176153,1362.3263048418855
201227,-50.5561111109,-17.5413888892,-686.6492553770635,497.90807845366453,1394.2533897334856
310114,5.05598054948,47.3061457613,-549.747344504393,363.1507968885982,1352.001686934864
200210,-50.5893079446,-13.2097222218,-656.6360035708522,467.69277807224904,1383.7509150330607
201406,-50.5930034899,-24.3600976374,-545.0880876977423,358.74488240002916,1350.824914947198
311351,5.05961989878,43.8517758275,-556.5264470015754,369.58970629075344,1353.74540117039
310063,5.06051996086,47.6185138671,-389.1961567628481,226.80180541140246,1321.9187263715446
310905,5.06090463689,44.2358252152,-543.731345865057,357.46500421643935,1350.485575425874
201360,-50.6109299424,-22.0647163295,-597.525389520634,409.16101994827386,1365.079778049256
200163,-50.6315048201,-3.83649681029,-617.8278133632662,429.09523026186616,1371.186630924973
201398,-50.6356150585,-25.2479258599,-486.7011225394489,305.17057292690583,1337.5945345187497
310281,5.06507925823,46.4273251906,-545.103140884339,358.7590906955151,1350.8286883800504
310717,5.06511026723,45.5064490554,-440.47268932388704,265.70958652732196,1329.1469612373248
200218,-50.6600756675,-11.6177743771,-618.2565200721806,429.5182413054408,1371.3190656473837
201244,-50.6653447189,-19.218216106,-603.4002214589308,414.9087732764277,1366.8135755601947
201225,-50.6819444443,-17.3258333334,-622.0021179689384,433.2175311821088,1372.4822365034152
201514,-50.6861111106,-25.6222222218,-447.60401347831794,271.5730159477031,1330.331523788272
310736,5.06874269454,45.3977585554,-445.1734029032532,269.5641855974285,1329.9228963931328
201407,-50.6940686863,-24.0310434122,-503.730095782787,320.44101641712285,1341.1608796845862
310712,5.0694951586,45.502035672,-444.8373229376875,269.28725724453255,1329.8667929940116
200204,-50.71482361,-15.5188888889,-688.1868167551122,499.4633503379057,1394.8095563641152
311149,5.07257004685,45.1347615726,-456.86170967244135,279.3176163513687,1331.934079073775
310916,5.07271626286,43.9148836897,-363.81141162465025,210.2849723015284,1319.1852901581906
312628,5.07285803088,44.4185616444,-334.63637173870325,194.36320959599325,1316.7410973453934
201822,-50.7316220394,-29.7098198831,-577.3303204134775,389.5432749402173,1359.328519249502
201825,-50.739083562,-29.8727777775,-592.8510841303091,404.60049040547864,1363.7197721783782
201516,-50.7521391181,-26.5813886882,-464.9636537680633,286.20969474560826,1333.3964337586438
201630,-50.7524020191,-27.3314701433,-502.31115391751666,319.1560802786991,1340.8544528668122
201621,-50.7564719935,-28.210959659,-315.0647475403647,185.92091457859874,1315.5214352763837
201224,-50.7687475695,-17.3311072718,-611.208939642038,422.57485988785385,1369.1601704706186
310802,5.07733089725,44.6480979383,-244.9301831215652,174.33265909330865,1313.9337640156898
201226,-50.7768762162,-17.4640540498,-593.2735893037689,405.01223881371925,1363.8419900350611
201413,-50.7934584885,-23.1686444828,-639.168444846741,450.2472272388252,1377.9523307539143
200207,-50.8063876426,-13.6889959815,-653.4106316469661,464.4631832539825,1382.6626880017832
310195,5.08102743055,46.9064320112,-524.0428734554293,339.0601117034789,1345.7309610550951
310911,5.0816609826,44.0610625488,-563.352398687343,376.10557305270294,1355.538808841413
201409,-50.823055556,-23.4386111112,-564.5363399093094,377.23892164356363,1355.853703095099
200211,-50.8267258783,-12.885068482,-659.9796630827541,471.0446025145407,1384.8873881121078
312833,5.08541358191,45.5314909904,-437.17042670475837,263.026472430482,1328.6131812507047
312834,5.08552946692,45.5360459738,-317.22131447463124,186.75274450493967,1315.6392544212194
201631,-50.8605778691,-27.5393032235,-476.2756763180838,295.9962871838342,1335.5313033472894
201517,-50.8690638238,-26.3727136879,-592.9916400580157,404.73745730949673,1363.7604150081684
201408,-50.8896080785,-23.6435627421,-399.73058912175816,234.25592836526167,1323.2180093122088
310659,5.08924101323,45.8116091656,-550.6237138527639,363.9813195225421,1352.2250038936809
310844,5.08978514928,44.3271164348,-581.0462680119994,393.135749836787,1360.3623701035056
312445,5.08988112628,44.2310348778,-443.7675750680605,268.4071516714435,1329.6888580650257
201356,-50.9188057849,-21.4499999996,-606.2310221042028,417.6844725651166,1367.6587216173098
200247,-50.9272823176,1.39833333284,-640.0693152381742,451.14419082056065,1378.2456751628254
201429,-50.9436111109,-25.2083333326,-538.2552858797935,352.3137914119309,1349.131227054264
312663,5.09438896666,44.088429901,-433.92932118205675,260.4136084307727,1328.098380260224
200217,-50.9644667577,-12.293767494,-668.3912944233476,479.493289355223,1387.7837997075
201411,-50.968663177,-23.2812111942,-614.3628711490857,425.67935608541484,1370.121518111145
310078,5.09746897091,47.5817139951,-455.14537279903584,277.87096574981985,1331.631455696595
201826,-50.9777777778,-29.9644444441,-632.2760969731264,443.3952913455384,1375.7286958486
310273,5.09812007397,46.5019740217,-556.600045616182,369.6597908815248,1353.764536833665
200200,-50.9980422595,-16.5102070959,-576.7956230564878,389.0270174449438,1359.1806651420566
201827,-51.0091666674,-29.9600194958,-605.4812609325004,416.94892448470677,1367.4342638031449
201247,-51.0106150585,-19.1554873958,-643.1865340024781,454.2502860319949,1379.2655228613685
311148,5.10232559631,45.1608664218,-454.85803136989193,277.62924538194125,1331.5810369952105
311822,5.10255025433,43.5979803505,-490.4354874696944,308.4902600238148,1338.3558199236315
312665,5.10282448436,44.1106136399,-293.8390013813315,179.1470456815567,1314.5811972526933
201823,-51.0354452745,-29.697547401,-573.8761382265272,386.2112554154341,1358.3774122104137
201632,-51.0474330585,-27.6479681435,-556.043669972616,369.1300737984054,1353.6199878755895
310112,5.10537504157,47.2770426449,-525.543693412131,340.4514131118634,1346.0821761258705
312626,5.10612285963,44.2107099952,-329.9650185427787,192.17098994244913,1316.419290943944
201412,-51.0669444442,-23.2483333334,-598.5237122872276,410.1365143844295,1365.372484205429
201637,-51.077124242,-26.8958333332,-523.0816895786584,338.1701373209927,1345.507005544599
201518,-51.077140406,-26.227798318,-598.5971027877424,410.2082468459137,1365.3940332278783
200206,-51.0853610897,-14.9019444438,-653.0280760954704,464.08036838444644,1382.534140089762
310702,5.10902649087,45.4678722752,-450.8761530378346,274.2937417501283,1330.8895960812004
310711,5.1093616919,45.50220898,-446.0836452167728,270.31524110058507,1330.0753323647355
201349,-51.0995537268,-20.6728914983,-669.2680055884003,480.37518682080844,1388.0887508754697
201248,-51.126111111,-19.1052777776,-489.8959989206091,308.0096295886688,1338.245116603548
310274,5.11359797325,46.5556955582,-513.0725049437085,328.95385032719105,1343.2202707817428
201522,-51.1416666673,-26.0302777776,-475.17628490132597,295.0372228339352,1335.3190716272481
312423,5.11436182131,46.3979184291,-536.4820465106993,350.6508786471247,1348.697927220879
201430,-51.1437909075,-24.8306507154,-517.589744777108,333.1014355443482,1344.2420267777675
201241,-51.1482279149,-18.3024679342,-626.5038797527576,437.67167945636936,1373.8946681576624
201824,-51.1521093662,-29.7560646429,-586.3669975597394,398.2935908808487,1361.8619036931223
200205,-51.1604034739,-15.3643738061,-709.2781102765837,520.862595246126,1402.6146667279736
310121,5.11864452666,47.1804537989,-490.8991205218922,308.90359033609633,1338.4511527569564
310115,5.11865787267,47.2686243312,-526.1819655828394,341.0437208485649,1346.2321046996792
201817,-51.1888442622,-29.3393042064,-327.252333045592,190.9475164112125,1316.241244687882
311346,5.11899083369,43.8647678355,-559.2422263477496,372.1783083157741,1354.4544117004034
201410,-51.1938888887,-23.3561977964,-633.8779960240523,444.98611488259155,1376.2422398081662
201520,-51.222636458,-26.1643769507,-470.9692158182171,291.38262552558706,1334.516352335961
312674,5.12306528503,44.1017003181,-432.1816618756035,259.0133781237638,1327.8245329263118
312312,5.12315206904,44.740027779,-415.1536157716306,245.71103024652282,1325.2939185624834
201638,-51.2521539935,-27.1018919303,-441.79336064889407,266.7884194232571,1329.363050837601
201830,-51.2565227708,-30.0144463623,-629.1351248747793,440.2790614431565,1374.7275046856237
201223,-51.2598350781,-17.3306618328,-649.8889394808531,460.9410669494773,1381.483524112545
311820,5.12656859632,43.6153634929,-479.7809621315682,299.0650594044421,1336.2147918469084
201521,-51.2728000912,-26.3884857242,-488.0009975148249,306.32416890303864,1337.858197511243
312830,5.13129124171,45.5360274388,-422.9677673322209,251.73613966077488,1326.4241946697157
201243,-51.3244444445,-18.7475,-439.50658077457496,264.92246515054165,1328.98983168997
311344,5.13505087702,43.8607546572,-526.8916481181761,341.70272180599886,1346.3992016796217
201820,-51.3520524387,-29.8637937738,-631.189654864386,442.31695133593263,1375.381527298156
310307,5.13579814208,46.1444469332,-566.4235560701684,379.04739393250037,1356.3579863151597
200246,-51.3648759578,2.69792921737,-514.1735028362724,329.9629160174173,1343.4677465948382
201818,-51.3810664841,-29.5894159511,-537.5933168328854,351.69270974373546,1348.9691702484477
201240,-51.3898573919,-17.8642473869,-623.4728812095819,434.6717844092663,1372.9419581160123
312661,5.13918453836,44.0978991478,-472.2791428671038,292.5178705979373,1334.7646851835145
201799,-51.3986111106,-28.5427777785,-433.43886354943487,260.0200319179588,1328.021263832967
201414,-51.3998573917,-22.6642843761,-600.4278287664556,411.99850030274365,1365.9329502012918
201798,-51.3998573917,-29.0558893689,-409.25993081189586,241.26224303042372,1324.4763229691825
200244,-51.4219444435,2.95666666678,-580.1823152695022,392.29978074893535,1360.1210160017222
201800,-51.4223053256,-28.7394444438,-320.5862861330493,188.10087816813538,1315.8312963908095
201432,-51.4265835619,-24.3419444439,-514.5376056238383,330.2968791055088,1343.549808730861
310710,5.14339903671,45.4973824746,-415.7857380255943,246.19316832100577,1325.3833922008491
201523,-51.4346924696,-25.4016637216,-491.7424912103076,309.65611697909736,1338.6250300126871
311810,5.14385068175,43.4811156688,-528.3682543619775,343.0753016303317,1346.7482031852269
200250,-51.4390394829,0.709925552885,-627.3270729237272,438.4870961994869,1374.1546469474797
310127,5.14411946977,46.9969687147,-490.3143197880589,308.38228119823447,1338.3309349898932
201816,-51.4432974323,-29.9603338768,-616.3360037352707,427.62388170973895,1370.7269036545533
201802,-51.4479798887,-28.8652403872,-312.22292051697605,184.86381492869333,1315.3724530580246
201819,-51.451821575,-29.6990615102,-515.2341288384077,330.93610688894756,1343.7070986776498
200152,-51.4602777777,-8.32694444383,-642.0832261204505,453.1504930877449,1378.9037056950572
200245,-51.463370019,3.04358475197,-501.43515669466717,318.3639021005544,1340.6661159120065
200196,-51.4691666674,-16.3024999997,-535.3411258001803,349.5823014718436,1348.4205003248228
201415,-51.4722222217,-23.5018412844,-406.0568307738182,238.88072356031742,1324.0445839482124
310294,5.14747664605,46.0895352796,-515.8932336994981,331.5414293041803,1343.8563091115632
201434,-51.4770660271,-24.1022254231,-586.1335664963424,398.06696993000014,1361.7956427978268
310066,5.14800905709,47.5271511296,-519.0006909090094,334.40094857945246,1344.5646338516913
310865,5.14887526917,43.9980006936,-392.1345160323373,228.8485809222659,1322.271429466745
201639,-51.4968551897,-27.1717942141,-403.21963296512763,236.7934106231713,1323.6695884957276
201640,-51.5180555565,-27.3142234218,-428.5895359555138,256.15494219219335,1327.269910230538
312523,5.15195665942,45.2320341147,-302.3620869369245,181.55031558175565,1314.9108628655135
201519,-51.5197222216,-26.1772222218,-440.1205938265757,265.4225182488275,1329.0896032199798
310843,5.15246271446,44.3696426163,-272.48356135157746,175.11442893754364,1314.0377176534992
312657,5.15269700148,44.051618004,-456.15701118170415,278.7230650157649,1331.8095236052625
201251,-51.5314719926,-19.1059755477,-575.1966165442492,387.4841802146475,1358.7398758079164
312829,5.15599932776,45.502314803,-421.48560095151385,250.58262988311273,1326.2057587693669
312632,5.15602773676,44.2396798196,-461.00977136356244,282.83344861341266,1332.675811984464
310073,5.15614201277,47.2900802389,-500.3123034433943,317.3497161110919,1340.42564229042
310068,5.15618905777,47.6140518797,-430.55726609409965,257.71746633221983,1327.572353074059
310075,5.15624943678,47.3609432198,-504.693944669531,321.31507187053955,1341.369984607179
310578,5.15630279378,45.7153940697,-494.39582684242964,312.02913167848186,1339.175955283667
201803,-51.5685131297,-29.0433708859,-324.75676215863797,189.85488573614828,1316.0831804379923
201801,-51.6019634344,-28.6772487816,-561.2098795337595,374.05697807912793,1354.9718384688233
201436,-51.6148127655,-23.6353978705,-290.8718636663216,178.4141450427932,1314.4815203513685
201435,-51.6227777781,-24.0397918969,-600.5607658440192,412.128564613776,1365.972186380274
201355,-51.6270660275,-20.8665326284,-619.2395989833519,430.48856795187197,1371.6232964378914
200201,-51.6273140515,-15.568478398,-684.0019723297388,495.2318895113272,1393.2999262839478
201354,-51.6273884315,-20.7972511986,-673.1871519012811,484.3204898851956,1389.4590303843186
201524,-51.6479055092,-25.4640346978,-603.7227687683819,415.2248438675188,1366.909554856758
201525,-51.6586111111,-25.7022222225,-374.68390606056795,217.08989565442639,1320.2871214206189
310126,5.1662293556,47.07374901,-492.8085764544419,310.6085771658724,1338.8456775905513
201433,-51.6682217649,-24.2607025912,-532.3006235330819,346.7398687093972,1347.68638664435
310706,5.16774852373,45.4893073969,-443.0174457220533,267.79124776014316,1329.5646703228952
311345,5.16871945381,43.8604856452,-502.7831802752213,319.583286911113,1340.9562026653987
200216,-51.6976723603,-14.0854138963,-647.9601174675893,459.0139000685467,1380.841707311172
201633,-51.7136111107,-27.5011111113,-415.7513127065507,246.16688674877554,1325.3785105868735
200215,-51.7207620712,-14.5984202737,-686.0420609466412,497.2940757938656,1394.0342384653145
310074,5.17292473116,47.2811320382,-512.3952049179082,328.33370041997057,1343.0685310234046
201634,-51.7511570258,-27.8772658514,-547.4876318618911,361.0119197946083,1351.4287500374126
312832,5.17663945146,45.4606291766,-477.9666128951697,297.47459578038126,1335.859721426092
200153,-51.7687921072,-6.74347122881,-621.4576814012099,432.67944374400105,1372.312486729066
201431,-51.7770498619,-24.7722657335,-453.64984504016377,276.61437607394924,1331.3698108507172
310191,5.1782621896,46.8515491107,-538.933486320867,352.95046858964423,1349.2976296842533
311819,5.18096415882,43.6350858325,-433.2047514349244,259.83233455753395,1327.9845263690058
200197,-51.8186171363,-16.4305555563,-561.369725464227,374.2097104449396,1355.014010106604
200199,-51.827015707,-15.7353219368,-661.4687028143978,472.53849790450244,1385.3962220952308
201805,-51.8310516084,-28.8503311199,-351.595491980821,203.17668881389886,1318.0708733111717
201416,-51.8395809021,-23.3264918129,-620.8334800301365,432.0626806153835,1372.1181509529147
311142,5.18408272308,45.0849804685,-398.41432115618034,233.30726723548955,1323.0503925167727
201810,-51.8517423341,-29.2341666667,-425.1612842092296,253.45216188748978,1326.75094066646
200198,-51.8527777782,-15.8897222216,-649.5660689736784,460.6183796326406,1381.3758908600128
310192,5.18537587719,46.8860598485,-545.5113507540852,359.1444548928195,1350.9310862046796
310125,5.18545542419,47.1350073121,-526.6754558011398,341.50192144476415,1346.348254555396
201804,-51.8557887064,-28.6179772407,-488.1948141059283,306.4963529714261,1337.8976323241923
310579,5.18590000023,45.7696000001,-543.5804548070681,357.3227491941526,1350.4479283873043
201636,-51.8600595028,-27.5602777782,-372.0894128976587,215.42749800314903,1320.0147980571244
201641,-51.8611111109,-27.4439482076,-379.89398619759095,220.4977877026501,1320.851745872964
201806,-51.8691964185,-29.1681412012,-352.9858798356524,203.95524347904274,1318.1911096409694
201814,-51.8761111111,-29.8069444441,-608.2482711011695,419.6648283352224,1368.264823904907
201903,-51.8815769566,3.80229486575,-562.5252016747153,375.3142753192268,1355.3194698860823
201635,-51.8849999998,-27.7058333332,-386.1032617934152,224.67560918287904,1321.5555945761766
312656,5.18944564552,44.0563039884,-435.7488716787987,261.87792122550377,1328.3862788433514
310313,5.18968850754,46.1519694868,-536.0036013672033,350.20264050499105,1348.5814582777573
310076,5.1903895546,47.3687891715,-532.0340107646307,346.4909944597289,1347.6223764228562
201642,-51.9044444444,-27.461111111,-396.9012099114534,232.2226884005514,1322.859568208914
201808,-51.9149392093,-29.1185952031,-173.17675288828494,194.89017241311103,1316.8189850913857
201809,-51.9219370059,-29.1855100927,-305.2351777371992,182.4578735375097,1315.0364769882713
201250,-51.9269741963,-18.9803680363,-532.9830815226541,347.37719459869516,1347.850501918204
200243,-51.9308333326,3.72166666708,-546.9908849765599,360.5422469570467,1351.30336047637
310298,5.19370659887,46.1196688191,-539.0843435021424,353.09213969709725,1349.3346950663383
310280,5.19393106489,46.2561928494,-550.9914283381951,364.3299648499516,1352.3188911944776
201812,-51.947718275,-29.4145440786,-618.3438800201485,429.604450661649,1371.3460701887732
201437,-51.947954272,-24.0145086198,-623.4674964571559,434.6664584024301,1372.9402719179034
201807,-51.9516294784,-28.9106628319,-324.2850346067389,189.65194229386236,1316.0539196437694
201828,-51.9556907247,-29.9187369743,-548.714317370151,362.17253884703894,1351.7392529954896
201526,-51.9642274574,-25.6390897252,-388.1145305645674,226.05491453052008,1321.790786992138
201813,-51.9691666668,-29.6947222218,-438.5368697670613,264.1341899631325,1328.8329204611746
310067,5.1975946132,47.5147738235,-524.1220018053491,339.13341516294804,1345.7494319055013
310705,5.19771524021,45.489780601,-444.2315180216718,268.78859271375114,1329.7659071306248
312828,5.19773225821,45.5103657367,-409.3161743812222,241.3042929440739,1324.4839832882594
200151,-51.9897058045,-6.73568278517,-531.0162368070022,345.54149148595667,1347.378559474743
200249,-52.0145178156,0.900707145671,-553.5619571291377,366.76992934084456,1352.978285584282
311818,5.20166540653,43.6271357979,-429.1125032802099,256.5694301417649,1327.3499661646
311997,5.20210312257,47.5731374014,-441.39480610755743,266.4625040504005,1329.2976815817833
201651,-52.0269311476,-26.772622236,-420.74516711503895,250.0082213980273,1326.0973459593756
201649,-52.03235145,-26.6809966764,-500.31149552333545,317.3489868792916,1340.4254696428322
200154,-52.0518071266,-6.60180708509,-643.6652442161527,454.72761390610736,1379.422800682458
201833,-52.0527777777,-31.0099999996,-584.5702670626897,396.55006634747997,1361.353009073725
311343,5.20673905395,43.8564915738,-461.48836286603756,283.2408411983755,1332.7623322695827
200162,-52.0774468128,-0.452371768284,-614.1312686968862,425.45122778621544,1370.0506587052512
201417,-52.0780555558,-22.856944444,-685.1608046409538,496.4031265912152,1393.7166585369596
201246,-52.0931907251,-18.5135713377,-624.0877400929015,435.2800172286739,1373.134645106768
311988,5.2096772822,43.4105024729,-443.1371621417087,267.8894734057381,1329.5844576992836
310069,5.21023742024,47.5642354826,-478.2787015474336,297.7478613028255,1335.9205998502682
310123,5.21072329928,47.1520551095,-488.4554171100604,306.72794174652057,1337.9507055351298
200150,-52.1144444438,-10.0472222222,-685.5006182029335,496.74665127554874,1393.8390494412783
201440,-52.1188888892,-23.6763888888,-354.60473329337583,204.871852575501,1318.3332417001445
310658,5.21302726647,45.8146789999,-485.2205203220951,303.85914448509607,1337.295943268022
312447,5.21423617057,44.2150257185,-257.14082876690554,174.05365712959235,1313.8967751517166
310077,5.21442169459,47.2809980742,-508.2236183084897,324.5242910431501,1342.1423455323038
201353,-52.1597222216,-20.0936111114,-435.73497010059043,261.86670890664453,1328.3840684935558
201901,-52.1814724074,-3.23099715319,-466.1729710040791,287.2470763243179,1333.6194896036736
201644,-52.1825000005,-26.9524999999,-350.9391501505837,202.8119869647423,1318.0147048688345
201811,-52.1854439867,-29.2107314558,-361.4124937856951,208.842480465908,1318.9561182393627
200149,-52.1855922407,-10.5547222222,-642.1952283404203,453.2621174943689,1378.940392964603
310064,5.21868934594,47.2688452482,-509.5728986351397,325.75449120498365,1342.440333398141
201439,-52.188759869,-23.835008327,-385.71715672445725,224.41225552819446,1321.5108477137621
310070,5.219407122,47.5150256516,-494.521215701516,312.14147721096407,1339.2021363443748
201249,-52.2099999997,-18.7733333332,-601.6156789400694,413.1609961997389,1366.284036712226
201352,-52.2194444435,-19.9649999998,-607.076738576552,418.51448355349135,1367.9124362099865
310575,5.22271618128,45.610235274,-460.4009147336102,282.3156866269605,1332.5660235461307
200195,-52.2277777782,-15.8898074856,-534.1139166578804,348.43410768968374,1348.1232835298856
310654,5.22319536431,45.9231697808,-467.33225971262664,288.2435865446166,1333.8344820021703
311835,5.22324747432,43.4146488443,-349.0075107797803,201.7492645219732,1317.851594804609
310194,5.22334702333,46.7936071739,-345.6893472724448,199.96129005439408,1317.5790593790234
201458,-52.2354798888,-24.7723792545,-464.6672735119133,285.95578748955967,1333.3419563610337
311834,5.22368418836,43.4063393646,-311.7287734797765,184.6845847362371,1315.3472758298817
201527,-52.2642423342,-25.7309888568,-546.4344351337071,360.01634578151675,1351.1631394556953
310271,5.22709192164,46.5939776403,-555.9692138306847,369.05920165365796,1353.6006628689015
312077,5.23068123793,45.8326014794,-499.2084043458936,316.3540067774816,1340.1902543288625
312839,5.23094185196,45.7226443113,-419.13657397802103,248.7645961440344,1325.8634486584956
311350,5.23120502998,43.8652654796,-395.9763214768248,231.56291112026855,1322.7439064310172
312684,5.23158810201,45.9148855062,-468.77123874011744,289.48326720327657,1334.1029278824697
310263,5.23180780103,46.2852690038,-504.44443106925115,321.08870817006806,1341.315778893329
201652,-52.3272222224,-26.7552777776,-519.8857188508769,335.2170392671414,1344.7678326049158
201650,-52.3308333327,-26.5561111111,-555.4913550284263,368.6044376392094,1353.4767421870285
200191,-52.3322222218,-16.7186111112,-596.359563497425,408.0225025943694,1364.738957756122
310145,5.23483057128,47.1278069885,-573.8060438106966,386.14371502232495,1358.358210799028
310268,5.23525974331,46.4303924648,-495.62007192927257,313.1268053308172,1339.4321395317413
312840,5.23528965332,45.7394100756,-424.87450507323666,253.2272130197391,1326.7079865620915
200214,-52.3566340479,-14.6724999999,-664.1454322812407,475.2258157951002,1386.315128746712
201645,-52.3688949139,-26.9684374732,-387.4293061823974,225.58359620677993,1321.7102629061626
201795,-52.3730183662,-29.9974765439,-569.1946416657987,381.70702886919713,1357.1036497195212
312060,5.23913399263,43.8566824019,-529.3906875955876,344.02682252390065,1346.9909111830657
310270,5.23961905967,46.444142842,-533.4257961846442,347.79084158068605,1347.9571690826444
201438,-52.4163888888,-24.065277778,-594.5969325712329,406.3025026457413,1364.22570854316
311831,5.24362930401,43.423350776,-343.0174951454101,198.55683227792875,1317.3666444229336
201653,-52.4501505936,-26.7520279803,-510.9017622952148,326.9678930658033,1342.7352915931663
201441,-52.4563989031,-23.606022573,-499.0143584899772,316.17911874472827,1340.1489825105593
201794,-52.4599045954,-29.6978364661,-536.97527841897,351.11316608773774,1348.8181921942075
201839,-52.4619444436,-31.5730555562,-570.6108059640417,383.0681238573704,1357.4871077507514
201838,-52.4747073466,-31.7102243616,-548.2164088875052,361.7013111992361,1351.6130728567036
310266,5.24792621636,46.4268134415,-529.4527149582321,344.08457711101886,1347.0056630911256
201646,-52.5187862543,-27.1642875004,-384.0759275583956,223.29802376975516,1321.322090791406
311829,5.25259424575,43.4184938156,-346.2927356732069,200.28284567717014,1317.6278983333798
310124,5.25261225675,47.1108840541,-491.32881774203463,309.28689652768645,1338.5396686529775
201245,-52.5325000004,-18.4066666668,-581.3331449801952,393.4134307825501,1360.4426440368557
201528,-52.5461111105,-25.8558333332,-520.2103463048437,335.5165648034484,1344.842528124167
201900,-52.5468331576,-1.55201002127,-605.2440511019154,416.71626831449686,1367.36334179027
200192,-52.5474939747,-16.2004120183,-619.7963661895518,431.0383026886075,1371.7959318275332
201351,-52.5655555561,-19.4441666667,-621.2332052763012,432.45762298859256,1372.242564517964
200161,-52.5691666674,-0.572413626216,-575.4095276630514,387.6895231825596,1358.7984495794126
200160,-52.5812704654,-0.551495812485,-618.7178217704629,429.9735056952417,1371.461729613244
201456,-52.5978149668,-24.9464066289,-525.5587568977282,340.4653876282215,1346.0857106316557
201242,-52.6013888891,-17.5794444444,-539.5782461212283,353.55609485060785,1349.4561765392407
310251,5.26015910937,46.673939354,-542.2217155302034,356.04257117675695,1350.1097631985522
312838,5.26032885439,45.7144501056,-419.7859361484848,249.2659180052906,1325.9576004054259
201529,-52.6183779605,-25.6335918858,-531.3987064336347,345.89820202161184,1347.4700836588834
201442,-52.6188057846,-23.4307563675,-591.5523099840719,403.33537912565845,1363.344963040658
201444,-52.6227777779,-23.2766666668,-624.9483973183028,436.13167104133703,1373.4048546146919
310045,5.26337232764,47.7516066711,-348.97785561923814,201.7330735760557,1317.849116237643
201533,-52.6352606509,-26.0310770957,-471.1482470969067,291.5376387966066,1334.550207009461
201837,-52.6517160263,-31.8975668051,-625.8773304950369,437.05124005835404,1373.6971451635327
312283,5.26542978881,46.9613670517,-494.8017282372274,312.39287601003434,1339.2607547358784
201443,-52.6644444443,-23.3230555556,-660.3823967679152,471.4485759343722,1385.0248445224518
201530,-52.6733333331,-25.8138888887,-495.6491424254065,313.15289131481643,1339.4382380433688
111608,-52.6810993307,47.5846419963,-254.7013840972953,174.02966315873815,1313.8935968536564
312422,5.26831286205,46.1854452125,-547.6387603091068,361.15484808059676,1351.4669379922004
311815,5.2688872341,43.6227992205,-329.33176962843106,191.88208284086812,1316.3771472907163
111607,-52.6898994844,47.5847640193,-270.4340207168742,174.88237062421396,1314.0068126722324
111609,-52.7007942783,47.5778098528,-298.87031506632593,180.51291725351018,1314.7680302963206
201459,-52.7019221314,-24.7435320501,-545.9938900743529,359.6001523212884,1351.0523045920127
111676,-52.7064242698,47.5771708327,-246.4100513567688,174.24578783394023,1313.922240763039
111640,-52.7143942835,47.5522098486,-315.2899235006432,186.00658126183367,1315.5335451696433
201647,-52.7186437298,-27.388390474,-359.2805742815626,207.57923249903428,1318.7566864129194
111680,-52.7191942849,47.5481098473,-220.32659572543145,177.88477064487358,1314.4097731762624
111655,-52.7271621585,47.5814721041,-327.7740520707525,191.1799469605569,1316.2749835477903
310265,5.27293477143,46.3556526216,-525.1807992876292,340.11481470378476,1345.9970829741364
311991,5.27295340043,47.4727637201,-443.2740507830289,268.00182085202584,1329.6070984218968
311975,5.27306333644,46.3553701906,-579.2166522795022,391.36591225679297,1359.8519542474048
310789,5.27326110146,44.6690946221,-255.41025724733194,174.0325296656348,1313.893976535289
201655,-52.7348392722,-26.8142269495,-451.99759871478483,275.2304439229884,1331.0829641520995
111605,-52.7436148209,47.5308843879,-221.22806937880028,177.68583874787538,1314.3828656390156
111652,-52.7516724235,47.5602142393,-295.8805387789886,179.6827347944911,1314.6543064156153
200194,-52.7520676466,-15.71398895,-591.655359996759,403.43572517008,1363.3746530346687
111637,-52.7524543786,47.5229147822,-238.31931400165632,174.89844042965495,1314.0089515138854
111636,-52.7557638609,47.5269902175,-236.2403856562921,175.13608316625226,1314.0406035662336
201654,-52.7564287169,-26.7636500123,-538.8518388002776,352.8738004080827,1349.2775767826047
111674,-52.7608980173,47.5269633155,-234.57504857021203,175.3469321777917,1314.0687222584888
201793,-52.7643105616,-29.673084259,-537.6643720654515,351.75935916160404,1348.9865480988597
201457,-52.7644890716,-24.8644197361,-508.67120370594415,324.93216769553294,1342.2410267151024
312495,5.27678118775,44.2764710356,-276.33798832844116,175.6255101919554,1314.1059242024894
312623,5.27724382779,44.2105137221,-258.5572228598468,174.0858629378302,1313.901041885843
201445,-52.7729650133,-23.2641238837,-631.379364560559,442.50521169581583,1375.4420825944846
111632,-52.7730902883,47.5230981992,-290.66504569060044,178.36509137392886,1314.4748632114365
310080,5.2774256748,47.1979132333,-529.7436227385467,344.35549004937053,1347.074891652664
310269,5.27755667381,46.4357997503,-522.6414594786554,337.76280280447975,1345.404686758684
311833,5.27763395782,43.4060189626,-311.32585321546946,184.5394551903144,1315.3269064060964
111610,-52.7770822906,47.4396922803,-326.72855804784984,190.71555758472113,1316.2076143598113
111606,-52.7773710527,47.5227145612,-236.24026663368932,175.13609758558627,1314.0406054880505
201460,-52.793813222,-24.5979535641,-500.947421037249,317.9231982804354,1340.5615316719914
201534,-52.8018874897,-26.0528680525,-490.0037306747753,308.10557979469337,1338.2672036983192
311141,5.28062433007,45.0612789705,-384.60657667373505,223.65735416597082,1321.3828636191772
111601,-52.8068188301,47.5228281942,-236.1106229796953,175.15185888282687,1314.0427062557762
310262,5.28123893312,46.3156874613,-495.96365652291854,313.4351779659097,1339.5042631438005
201836,-52.8143700647,-31.860137426,-558.1948871020985,371.17941113567275,1354.1802743523178
111600,-52.8307857251,47.5305060458,-236.18371264428058,175.14295950643637,1314.041520066458
201536,-52.8519811298,-25.9188132354,-520.4032299752425,335.694580328457,1344.886951180579
310267,5.28569842849,46.5182220311,-506.03552899748104,322.5333155955772,1341.6623270640682
201370,-52.8636867778,-21.6606113571,-639.6954979942328,450.7719567496446,1378.123875849264
201648,-52.8669058011,-27.1729711612,-470.0255391294979,290.56630540098564,1334.3383521537082
111613,-52.8813943413,47.5893696797,-209.1880845964531,180.75735164684366,1314.801612551595
310655,5.28914444177,45.9566196186,-424.33723792479947,252.80626335949654,1326.6277047414944
310087,5.2895477838,47.2115367314,-455.1771290673784,277.8976884297839,1331.637032163236
201657,-52.8972393486,-26.8560218529,-442.798192747086,267.61142206358477,1329.5284628065654
310041,5.28977394182,47.7512365941,-350.0208390127017,202.30477999532175,1317.93675273241
311992,5.28992400084,47.2684475342,-549.8960588268752,363.2916915567877,1352.039538381954
201656,-52.901783717,-26.735840678,-317.1427168966067,186.72198342471006,1315.6348882908023
201531,-52.902139118,-25.466407749,-521.0591618998598,336.3002100626518,1345.0382490777274
201358,-52.902304039,-20.4437544734,-625.2868798750908,436.46669912495196,1373.5112812201164
201658,-52.9058731613,-26.9333333333,-414.70880971733203,245.37233306907456,1325.231165506477
201461,-52.9296329683,-24.6145807445,-538.8455809330435,352.8679244026929,1349.276040054873
201537,-52.9327777775,-25.7738888894,-542.6795524587047,356.47377586850166,1350.2235418906905
310250,5.29387279116,46.7526756525,-543.4169916188919,357.168661461374,1350.4071656074711
201660,-52.9547456323,-27.0309381264,-527.5827537657132,342.34490064542393,1346.562323545338
111612,-52.9691090435,46.843650264,-368.4392124466653,213.1290171091057,1319.6416324623092
201659,-53.0061212446,-26.9266666668,-406.48268684254344,239.19583583724568,1324.1014719710015
201789,-53.0099789739,-30.0086111108,-382.0310239604479,221.92169600979287,1321.0901934969304
201350,-53.0183333326,-19.0558333325,-579.6167894686558,391.7528085348808,1359.9633536198178
111682,-53.0185386406,47.4977491611,-223.26385171431463,177.25542516440808,1314.3247490419215
310088,5.30224952486,47.1802147809,-521.2378595568285,336.4652730039916,1345.0795292961475
201662,-53.0271754023,-27.8135412572,-492.3111364323261,310.16398780457354,1338.7426039103746
201532,-53.0310754587,-25.5356733617,-506.5866586708069,323.03432604898444,1341.7828572462147
201446,-53.0314112027,-23.2145719266,-682.552056790224,493.7670030494569,1392.7799228501024
201832,-53.0450876338,-30.9767738749,-482.87954867834156,301.79129258820166,1336.8276046207125
201663,-53.0501505942,-27.7939736565,-484.1030904187086,302.87121596044426,1337.0718131989966
201369,-53.0511111113,-21.6104438139,-637.548028167713,448.6346287862727,1377.4262558627563
200213,-53.0552777777,-15.2486111105,-616.3196795738843,427.6077869798422,1370.7218826879844
310050,5.30562625614,47.4367432411,-399.5437149911569,234.1209533690006,1323.1941206793144
311342,5.30679886823,43.8646290675,-492.2110379154211,310.07455960913956,1338.7218877387104
310261,5.30685734724,46.2768651751,-505.753358127549,322.276928626742,1341.6007151604313
201535,-53.0738888892,-26.0816666669,-525.1442357220928,340.080907118961,1345.9885153970483
200146,-53.0761111114,-13.5691666666,-627.8927967660371,439.0476403626045,1374.333616958366
201462,-53.0978608822,-24.6350108172,-569.6844260608509,382.177624142003,1357.2360872702732
312434,5.31011968551,46.0690867869,-478.0263416131304,297.52688428835205,1335.8713662131654
201538,-53.1016299805,-25.3934785129,-535.7772142394646,349.9906120035048,1348.526413788207
201465,-53.1354798893,-23.9178465358,-633.2321867980015,444.34464652171994,1376.0349650668063
200190,-53.1395724256,-17.164238963,-544.796113349947,358.46932999426474,1350.7517613316045
311987,5.31470113989,43.5190180019,-466.863487923317,287.84039649384215,1333.7474101371768
111593,-53.156017436,47.810476692,-209.51054428154387,180.66358699277274,1314.7887251794448
201464,-53.156088741,-24.4019811169,-551.920702168813,365.2114869017235,1352.5566495932294
200189,-53.1642499787,-17.2187383735,-595.4967686453697,407.18037237724405,1364.487418719266
201463,-53.1727988044,-24.5182323475,-511.3787697114262,327.4038902518941,1342.8415273389369
201539,-53.1772222218,-25.4397222217,-486.7547256165817,305.21810257427904,1337.6053791507186
201418,-53.1814768561,-22.7060433146,-576.964514391828,389.1900658216077,1359.2273421058458
201540,-53.2141666668,-25.6394444443,-506.7244979446566,323.15968010909705,1341.8130417618204
200188,-53.2186050862,-17.3018017454,-561.0595671874612,373.9133707429719,1354.9322008920835
310258,5.32295877157,46.5317041012,-565.9508841481189,378.5942262917441,1356.2314140202398
310790,5.3233652616,44.7683446213,-308.2934259087589,183.47658639750793,1315.178207677567
312435,5.32363919363,46.0686530869,-499.0981170066244,316.25460277098944,1340.1667933386989
201661,-53.265277778,-27.1854296742,-503.40055675800187,320.1424058090912,1341.0895645672317
311976,5.32653130586,46.3391946223,-445.5316550958816,269.8596077921573,1329.982807449642
201835,-53.2688888893,-31.8644444443,-492.5733520639567,310.398307869883,1338.796911305961
310043,5.3269320319,47.7221013397,-501.4202529791431,318.35043167622445,1340.662917195196
310651,5.32715341492,46.0477297432,-490.73722041088376,308.7592265901839,1338.4178421548568
311139,5.32716107392,45.1319555974,-383.611581124365,222.98432235739367,1321.2691127136366
201362,-53.2822222224,-20.9762594864,-620.9295056926833,432.15755092056,1372.1480273686038
201667,-53.2850436777,-26.6813888895,-443.4430201253758,268.1405449807191,1329.6350672483225
201665,-53.2897292141,-27.014134608,-471.9740408181714,292.25323752195175,1334.7067149887114
111595,-53.2898995721,47.5061288038,-302.74775847675147,181.66932968464812,1314.9273004778493
201447,-53.2978608817,-23.6975707826,-477.7709084448891,297.3033031068821,1335.8215877250066
201448,-53.3041666673,-23.1980555563,-694.9794764415226,506.34217977083637,1397.2875377705823
201541,-53.3060962364,-25.7854733874,-322.6473609173713,188.9563515450154,1315.953860506932
312433,5.33130000026,46.0693999999,-477.4569639581345,297.02862687751247,1335.7604820395889
311136,5.33145718327,45.1265504879,-393.0538922066111,229.49424497396396,1322.3833289443967
201664,-53.3146956701,-27.2773174918,-529.3817588179766,344.0185090825844,1346.9887879211535
201466,-53.3229414118,-24.1331864296,-637.3676175969858,448.45515194015735,1377.3678098081007
111594,-53.3234728789,47.8480609071,-223.78662376517488,177.1491281173078,1314.3104175903868
201467,-53.3272086352,-24.2058860787,-573.1090932049395,385.4723231969558,1358.1675051865852
201781,-53.3386447261,-29.6270016222,-564.9334614973694,377.6192800338089,1355.9595793559433
201782,-53.3689037636,-29.805787564,-592.4317176411988,404.191894813847,1363.5986022386141
201834,-53.3765774123,-32.5727690009,-569.8678811900961,382.3539308015593,1357.285743162912
111713,-53.385645245,47.1893340906,-376.8334399537966,218.4847981889956,1320.5171968715822
111711,-53.3898769224,46.7603665231,-366.5985311728197,211.98828738378404,1319.4578788964066
310044,5.33932692492,47.6274352079,-483.3570352988851,302.21250468534373,1336.9227569991033
111712,-53.397460616,47.181423007,-376.39428098624296,218.19853316584147,1320.469863370467
311348,5.33989005097,43.8814354829,-414.4182448516301,245.15133775995938,1325.1902650560758
310259,5.33999270998,46.2558495524,-307.350467481069,183.15674411344503,1315.1336255712317
201786,-53.4155555565,-29.9228520107,-632.7866097535805,443.90216221221283,1375.8921432330994
201666,-53.4312250188,-26.5808961132,-451.0266470247616,274.4193193836147,1330.9154830585078
310860,5.34342085826,43.810184319,-282.9121580765809,176.71994267080086,1314.2526387005908
312432,5.34363879628,46.0812365039,-433.9525605310116,260.4322692060307,1328.1020393921913
310089,5.3439326453,47.1402343655,-521.3419368666665,336.56142280006594,1345.1035839336312
201469,-53.4397222225,-24.0605555556,-547.1839282685902,360.7247468379985,1351.3520648503231
201543,-53.4647222215,-25.031411304,-634.3858095777939,445.4906324559925,1376.4054503669822
310858,5.34764587161,43.7481908969,-354.63692864479407,204.8901914098028,1318.336091719346
310569,5.34779531462,45.8815082204,-480.14745236994276,299.38685519632696,1336.2868514126153
311809,5.34845519468,43.5057098248,-550.2796961203671,363.6552316446438,1352.1372665881279
201831,-53.4886111105,-30.9611111106,-510.10631327795534,326.2413432899511,1342.5585552464838
201544,-53.5105345303,-25.4346094893,-528.6905127579516,343.3751111026505,1346.8246088925803
201542,-53.5155555558,-25.769444444,-541.3143978205676,355.18851661336544,1349.8847886126791
310051,5.35240583801,47.3478524937,-497.82809357089394,315.1108883194631,1339.8973588045376
310861,5.35253406902,43.774113195,-302.75962082265136,181.6730041621961,1314.9278081458356
201427,-53.5313206601,-22.3824999998,-724.1763988222899,536.0462539371366,1408.323700913228
200193,-53.5475000004,-16.0777777781,-651.6089076446181,462.66069029315713,1382.0582384749332
200144,-53.5564255751,-3.67253214172,-592.9282055421637,404.67564125911133,1363.7420704892725
310841,5.35608759231,44.414195643,-266.04384262772584,174.47867050045554,1313.9531447709621
201788,-53.5630555557,-30.1933333331,-614.4265053679027,425.74204005778984,1370.140994520806
111588,-53.5691945872,47.2267097977,-414.2945758466957,245.05733997063325,1325.172879313253
201357,-53.5734225875,-19.3766737701,-628.8850376171233,440.0311183590341,1374.6481169078131
310864,5.36045156767,44.0600786787,-299.9349119003989,180.82151324901017,1314.8104349477749
201367,-53.6103472936,-21.5725549798,-713.209544002167,524.8641430811311,1404.1055618742432
201545,-53.6113888887,-25.7700000001,-500.4382685042761,317.4634214788779,1340.4525669231903
201368,-53.6194444443,-21.4108333334,-671.3682086240447,482.4888064062453,1388.8216258761302
201546,-53.6316666674,-25.4747222216,-589.4026761737963,401.2434588861756,1362.7275492529077
201668,-53.6435104793,-27.3315673413,-425.4331253423596,253.665557982382,1326.7917227283292
311336,5.36509480506,43.7101745877,-454.3837818604306,277.23059018907907,1331.497976089517
201669,-53.651388889,-26.7799180886,-442.06219748458574,267.008425754216,1329.4072211394216
310863,5.36536390908,44.0687707614,-299.0861650495582,180.57493757601094,1314.77654689855
311341,5.36832646832,43.8816211199,-477.42797059322714,297.0032666984872,1335.7548430095499
311814,5.36839498533,43.5813105221,-467.6030928377448,288.47667744187265,1333.8848727014624
310042,5.36853546134,47.4313749546,-502.933909899284,319.7197552781415,1340.9887330283614
311825,5.36862408335,43.4022817843,-313.10970589478325,185.18887460299123,1315.4181766535753
201670,-53.7058333335,-26.9310386701,-389.7825748583459,227.208223762106,1321.9885162659416
201787,-53.7147594112,-30.4352777781,-490.8766994146865,308.8835959197281,1338.4465383504103
201361,-53.7187077196,-20.4409733531,-702.0958694121207,513.5622950970496,1399.9201016983945
310572,5.3729015257,45.5646082902,-440.77936533441107,265.9598137038816,1329.197006729739
201671,-53.7310744246,-27.8181355205,-468.1083923275828,288.9118484158461,1333.979053939362
310047,5.37331966874,47.4644026794,-512.598701670126,328.51997831287605,1343.1140816567247
201470,-53.735833333,-24.1661111114,-586.72309592778,398.6393590432484,1361.9630680647354
201548,-53.748325895,-25.6813756527,-413.1700275875681,244.2042863293327,1325.0153937428477
201472,-53.7498573921,-23.9691611741,-607.3306433451784,418.7637404414019,1367.9887172423494
201547,-53.7669518826,-25.551681771,-542.9931848782168,356.7692586567823,1350.3015826534474
201426,-53.7692112937,-21.9559897945,-702.0749633087039,513.5410646866185,1399.9123134372953
310052,5.37715656205,47.3233292997,-516.9827891266727,332.5429991251955,1344.1037558392113
312431,5.3777553151,46.1012775846,-445.28802441639084,269.6586797607641,1329.9420527843358
201681,-53.7799999996,-28.2847676431,-511.8255516946269,327.81246810532997,1342.9412028972833
310062,5.38165869243,47.193937586,-485.0756284470752,303.7309555048359,1337.2668221135882
312686,5.38171026543,46.0442098759,-506.44615856819985,322.90657264060076,1341.7521063327586
310053,5.38217812247,47.3107945777,-575.0822978327993,387.37393642402975,1358.7084406945232
201550,-53.8392720845,-25.7475317872,-424.3560543974657,252.8209954615757,1326.6305122150916
111590,-53.8398396026,47.2731098055,-312.87127236236546,185.10104411332452,1315.4058144640144
201549,-53.8437314049,-25.5558414394,-567.8878030901235,380.4521369032835,1356.751225784657
311135,5.3850094937,45.2437312116,-405.45661925370774,238.43739444166948,1323.964671455408
311977,5.38538174873,46.1946292493,-427.80478638314725,255.5340517002625,1327.15022200663
311813,5.38543838274,43.5726187194,-465.36768414730875,286.5560381220022,1333.4708182701534
201683,-53.8728448663,-28.3772222218,-512.5283349899297,328.45556103797026,1343.0983269182723
201672,-53.881261705,-27.3895516821,-459.4066982963511,281.471471910355,1332.3874247730187
310859,5.38951063408,43.8265916034,-300.54794617967684,181.00228545561714,1314.8353081409286
312266,5.38997345311,46.9777687571,-593.836564502825,405.56102823440096,1364.005061506899
111529,-53.9268639658,48.4852926818,-325.2080168474973,190.0500953029282,1316.1113550602572
311140,5.39313856138,45.0652388849,-235.69573612689834,175.2030399587623,1314.0495292814066
201366,-53.9523276399,-21.2064301675,-474.46825624484904,294.42044553271876,1335.1829308905874
201425,-53.9608333326,-21.8441370852,-705.625857637797,517.1486638485526,1401.239737059379
201955,-53.9686666672,-25.6013333331,-647.6408170777513,458.6950041649292,1380.7357339620637
201684,-53.9736946167,-28.4547338182,-542.0971567390898,355.9252862644502,1350.0788382892035
111531,-53.9766947249,48.6100100232,-205.96973214237585,181.72706322550223,1314.935278142031
201784,-53.9852777776,-30.2313888892,-387.74242557284754,225.7987907933782,1321.7470083634182
111552,-53.9854591616,48.5396028753,-336.92239118603015,195.47445712564934,1316.9055864345257
201471,-53.989444444,-24.0747222218,-652.2293731172945,463.2812906873201,1382.2661156574748
200145,-53.9986111107,-14.6111111108,-524.0509358584713,339.0675803480227,1345.732842817235
200158,-54.0008333329,-4.53943053645,-647.9448733349933,458.99867440088013,1380.836646130041
312367,5.40160000008,45.9190999995,-427.14828850792594,255.0156334400362,1327.0505014854248
312430,5.40178468109,46.202709048,-469.57639427182846,290.1782253941055,1334.2538973848893
201428,-54.0228608817,-22.5475425344,-621.140946066725,432.36646150268325,1372.2138380100405
312068,5.40228611113,47.5773458007,-498.43938810358793,315.661161291567,1340.026876201308
201685,-54.0316666675,-28.3836111113,-521.4172906123814,336.6310431483114,1345.1210054879875
111534,-54.0396482871,48.6395867496,-423.11908928326784,251.8541818738069,1326.4466024387182
312107,5.40497531536,46.9812838184,-541.9336350581482,355.7713322181676,1350.0382590957133
201697,-54.0563206605,-29.430926896,-401.4392952801075,235.49451302836368,1323.4378435953693
311837,5.40647469848,43.2732512626,-386.37154981640447,224.85887566463933,1321.5867637650813
310649,5.4067000005,46.0926999999,-310.6559447376205,184.3001767063905,1315.293357136689
201475,-54.0685205685,-24.4312276753,-372.04501852397,215.3992578976474,1320.0101895427747
200155,-54.0723595398,-6.20174645199,-641.5301961940648,452.59939847749024,1378.7226971715816
201477,-54.0812909076,-25.2894071813,-525.181951580781,340.11588331374776,1345.9973529974661
312307,5.4103043748,46.3488634561,-388.81514539433545,226.53830171272207,1321.8735424906492
310573,5.41064342582,45.502531634,-413.6482866412471,244.56670886190352,1325.0822371752772
201705,-54.110659686,-29.660267088,-579.290844018269,391.4376418131029,1359.8725997762062
201673,-54.134444444,-27.3030555559,-344.18994214797755,199.1692062331192,1317.4590820611568
201588,-54.1511111113,-17.2077777776,-683.0895072625087,494.3099313204323,1392.9724937685974
111551,-54.1728253021,48.3150355877,-453.3285119156414,276.34486675191164,1331.3138418772735
200212,-54.1773188305,-15.314145529,-682.9637353231079,494.18286991573535,1392.9274098502215
201958,-54.1896471165,-27.2855231745,-536.8246264619222,350.9719446869451,1348.7814375024707
201452,-54.1944295689,-23.1389484264,-429.11438391230473,256.57092170612384,1327.3502544765736
201920,-54.1973568812,-27.2811879251,-619.7764946554522,431.0186797963393,1371.7897661548848
111539,-54.1982319992,48.3979422896,-406.99588605469063,239.57619878969524,1324.1702364954492
201364,-54.2033333327,-21.3038888885,-678.6273490989648,489.80487844998936,1391.3802065385662
111528,-54.2096416152,48.5067535666,-435.5542849485207,261.7210118453411,1328.35535465298
201473,-54.2166666668,-24.0596906686,-683.9701499330795,495.1997319615766,1393.2884965895298
201476,-54.2186275249,-25.0848412984,-578.7207539000485,390.8865544231385,1359.7140723779714
311812,5.42232886079,43.5769617897,-457.10616844641174,279.524053366061,1331.9773859206798
111526,-54.2249948135,48.8069100544,-251.1603946111933,174.0657128659777,1313.8983722455232
311807,5.42299312685,43.4811726048,-323.5480442765738,189.3371846425083,1316.0085978755023
201423,-54.23132066,-22.0686230398,-698.4403235978579,509.8517857073567,1398.5631568087565
201675,-54.232222222,-27.521944444,-519.2586036714487,334.63869573942435,1344.623782654493
200156,-54.2394650126,-5.69622025916,-640.3696076766203,451.4432503758386,1378.3435959526914
201474,-54.2524540847,-24.0681350383,-677.9754815738827,489.1472411449874,1391.1488359315285
201686,-54.268333333,-28.355277778,-507.388267823563,323.763604748061,1341.9586178244667
311349,5.42695377117,43.8856921363,-360.18649833998404,208.11385697201948,1318.8409447911697
310568,5.42700818318,45.8444679473,-168.99665213022246,196.96234067818395,1317.1272618237479
111579,-54.2730395984,47.931365148,-347.34649934724604,200.84824384970503,1317.7139588132945
312428,5.4273072272,46.2479432957,-400.1764955921593,234.57838355247918,1323.2751332296655
111577,-54.2732694434,47.9268949906,-348.2363035672213,201.32943679924335,1317.787388889344
312264,5.42790593225,46.9937793124,-607.3361949755914,418.7691907921071,1367.990385693763
201718,-54.2856027585,-31.5395073514,-617.1040028112772,428.3812224439275,1370.9633590787348
312427,5.43019505744,46.2819285665,-398.11473558904555,233.09202022784103,1323.0124527334544
200142,-54.3019678548,-2.81828117304,-373.8495107961203,216.55270611345094,1320.1988996810112
201580,-54.3021316798,-16.196944444,-601.7940182740354,413.3355900330728,1366.3368436011242
312306,5.43055682947,46.3555870026,-478.8762793310593,298.27146476633436,1336.0373972639197
201906,-54.3064247592,-27.3814793034,-531.3815232090583,345.8821733978029,1347.4659691688998
201783,-54.3103757575,-30.3599999999,-560.9086095807965,373.7691622780167,1354.8924115456198
310255,5.43142965554,46.6273341631,-532.7312708784775,347.1419908622219,1347.7899027718236
201365,-54.3144890719,-21.4269444437,-635.7643336078196,446.86072702293734,1376.8495086789126
201687,-54.3319444443,-28.3891666668,-530.0982523007884,344.6858438996616,1347.1593785364507
311811,5.43423330378,43.5767923177,-455.0390914311414,277.7815427811286,1331.6127987158122
201698,-54.3440835623,-29.5559864283,-507.40324210769404,323.7772342496858,1341.961906170317
312308,5.43546625388,46.3390663843,-366.9736883636982,212.21977277251028,1319.4950898542634
312429,5.43556754389,46.2443141324,-147.5042921120624,208.83459163857717,1318.954869151612
312360,5.43559295689,45.0010973916,-321.9534358190223,188.66583369381527,1315.9121767797715
310249,5.43563804389,46.8489766994,-580.5682695245091,392.6731801006108,1360.2287625852575
312305,5.4356999999,46.3775000004,-454.7627799279262,277.54914699358534,1331.564339110492
312303,5.43980000024,46.3856000001,-444.6557874874441,269.1377577198809,1329.8365286095805
201453,-54.401388889,-23.4269149812,-638.3599547600235,449.4425104087871,1377.6895986964723
200143,-54.4023424141,-1.77919195807,-709.0759730796283,520.6569566520722,1402.5383155921595
201424,-54.4218018357,-21.6395222953,-718.9391537784127,530.7026672757286,1406.298468052734
201551,-54.4267808111,-25.6829263339,-581.1035158159623,393.1911587124769,1360.378383937188
312310,5.44372399256,46.3400411073,-369.8361655513091,214.00300714349572,1319.7830682579443
201606,-54.4394059682,-19.8726508111,-467.0638007530123,288.01264561388956,1333.7845943882417
312311,5.4442419826,46.3304710105,-497.1641072522636,314.51366097325274,1339.7570313802023
201902,-54.4440870986,4.98619999971,-619.1599993665849,430.4099849394638,1371.598634925496
312688,5.44446282862,45.7944704242,-257.8233219825974,174.06750010025755,1313.8986090201356
200147,-54.4479884679,-13.1408333331,-697.1338284142004,508.5265054707622,1398.0805652608863
201581,-54.4603224049,-16.6135418105,-488.0282236478545,306.34835345351144,1337.8637351604877
201676,-54.460833333,-27.6725000005,-518.125947688804,333.5950677589144,1344.3644332646445
201689,-54.4665160734,-28.6482730422,-504.4065408835591,321.0543392403042,1341.3075519577612
201597,-54.4702777777,-18.1675,-654.8372691054187,465.8912412216071,1383.1430543659988
312304,5.44719999985,46.3931999997,-406.94435186261643,239.53797310706705,1324.1633210273333
201552,-54.4805555556,-25.6277777783,-564.3505858382621,377.06104413987606,1355.8042230358142
312425,5.44816752493,46.3149238533,-461.4747187759678,283.22922197436054,1332.759862981361
111515,-54.4885949063,49.2067101175,-369.8370383414228,214.00355540127256,1319.7831571581294
200148,-54.4891666673,-12.3682020592,-657.4690786840914,468.52752999341163,1384.0332750897364
201420,-54.4893044123,-21.9165335982,-728.364740016618,540.324170029237,1409.9575415279987
312263,5.45009174909,46.9856865858,-587.8193671523487,399.70427070443395,1362.2751426247407
201363,-54.5069444438,-20.9938888889,-653.3774389005521,464.4299659639247,1382.6515300245203
312026,5.45120608618,47.8114832261,-404.4128619391261,237.66868917554203,1323.8264485982727
312426,5.45157315021,46.3104551229,-212.81164526601142,179.739652157726,1314.6620869073827
201553,-54.5183333327,-25.5691666675,-491.90601609628635,309.80212573650164,1338.6588128812919
310842,5.45193959424,44.4740090609,-238.19929001439502,174.91138614802387,1314.010674689562
200157,-54.5224673811,-5.64970237031,-580.1830879409051,392.30052819882815,1360.121231588925
312301,5.45229102927,46.4031521916,-414.15901879629035,244.9543484968729,1325.153837500168
310182,5.45242675928,47.0401049463,-480.9477752638058,300.0901897801741,1336.4446049860037
201599,-54.5297222217,-18.72267804,-590.4070874735404,402.22059189306697,1363.0155775840215
312295,5.45312303234,46.4653792547,-353.8846042061689,204.46277262955635,1318.2697317261213
201455,-54.5394444445,-23.7347622477,-659.6269220338883,470.69082060190584,1384.7670955047965
312333,5.45539999953,45.7808000001,-493.83605681402946,311.52781362134425,1339.0592364991137
312309,5.45543646753,46.3525931104,-325.12083387186385,190.0122988892714,1316.1058976856993
201677,-54.5560775668,-27.847419494,-584.8358732240084,396.80769272461737,1361.428075661483
201451,-54.5633333334,-22.9719444436,-664.6298905518998,475.7124433754497,1386.4820189876732
312298,5.45643882761,46.4434718389,-506.328419508631,322.7995312395213,1341.7263497309536
310650,5.45648210962,46.0765296595,-247.13647559668905,174.2084887030459,1313.9172948591906
312302,5.45649649062,46.4103903962,-326.9635467985414,190.81945233560523,1316.2226724925972
201957,-54.5649999996,-25.8733333326,-586.3930957326868,398.3189295584958,1361.869314522697
201600,-54.5669444437,-18.7142665123,-589.3977290474231,401.23864747673787,1362.7261325823529
312167,5.45680976664,47.6929035473,-451.02928967261164,274.42152485034205,1330.915937801889
201938,-54.5746666674,-25.5891666671,-575.7957015376487,388.0620401139102,1358.9047822313617
201598,-54.5767572086,-18.7304136496,-596.053585972107,407.7238091044988,1364.6496857085983
201480,-54.5847668502,-25.5555626903,-539.7598869565941,353.72677103619475,1349.5009035719786
201945,-54.5936109889,-25.5893066901,-551.3097413760364,364.63185029603113,1352.4002537873919
201918,-54.5978026163,-27.4555501635,-556.5114252362985,369.57540221664243,1353.7414960462308
201478,-54.6018539016,-25.4998705767,-568.5946566848145,381.13075800364686,1356.941677040811
312165,5.46020939193,47.8062403137,-343.8696972438717,199.0013291608135,1317.4337133995261
312297,5.46083701198,46.456257354,-402.68995438132566,236.40608151207195,1323.6003534185788
201915,-54.618657119,-26.3481026749,-561.6545087762498,374.48186276778597,1355.0891947528494
201703,-54.6365314965,-30.1103267482,-602.4420510972359,413.97014644801084,1366.5289394462459
310031,5.46396103724,47.689268612,-461.3822553229413,283.1504882810561,1332.7431332434974
312294,5.46462322429,46.4852572934,-341.34924700195836,197.69619374282956,1317.2372015754402
201582,-54.6508407717,-16.4812280335,-615.0016572135679,426.30868708830087,1370.317173825405
312299,5.4683394306,46.4225784952,-305.6514424821289,182.59335833665065,1315.0552819948487
311133,5.46863196762,45.2107434209,-283.80352612790324,176.8897273754444,1314.275479435287
201706,-54.6890463718,-29.5018829549,-510.23463378276824,326.3585057004593,1342.5870304888733
201700,-54.7021750189,-30.9764217139,-574.728939178016,387.0332235194068,1358.6113411501162
311134,5.47270293496,45.1945847096,-220.44228469122294,177.8589557908277,1314.4062797890529
201688,-54.7348696736,-28.1812554516,-598.3091874591123,409.92685190399897,1365.3095195250849
200141,-54.7349164936,-2.41012723927,-605.7821400986966,417.24406714541476,1367.5242856205302
201707,-54.7349999996,-29.3605555562,-222.15702381069465,177.48619020297082,1314.3558908859732
310497,5.47381773705,45.9771209643,-229.2583471082641,176.14120102893855,1314.1749437931815
201583,-54.7478224047,-16.7143245668,-675.6637407519429,486.81607507164443,1390.3308782955428
201708,-54.7520915821,-29.4852049255,-560.2980088118054,373.18601806807123,1354.7316576633905
201679,-54.7558333334,-28.065555556,-481.9234033420317,300.9487155119659,1336.6376433282871
201602,-54.7643687771,-18.5064172551,-701.5559734811887,513.014060539524,1399.7190741377876
310652,5.47741938835,45.948711766,-252.32345522289253,174.0446164540982,1313.895577551941
201921,-54.7856008228,-27.5352627421,-501.1228870467646,318.0817142607018,1340.599133649176
201422,-54.7916592283,-22.4021286954,-690.274645791316,501.5762987650767,1395.5675704446446
201601,-54.8058792475,-18.9000063116,-568.768687385243,381.29788664835223,1356.9886287498487
201587,-54.8310739216,-17.610833333,-671.161003348372,482.28021555068,1388.7491733590716
201589,-54.8353298429,-17.0811388372,-712.2398998546538,523.8768522953983,1403.7368045915264
201704,-54.835472451,-29.9017395179,-618.6361774274311,429.89292298847766,1371.4364678793809
310254,5.48457414494,46.6646120522,-459.35685631745224,281.42919085867214,1332.3784933948991
312292,5.48499835498,46.6563753585,-431.45033685109024,258.42927308601537,1327.7107175065134
311335,5.48510530999,43.676935545,-527.2979069116611,342.0801684982055,1346.495043389932
310567,5.48511297899,45.7812980561,-265.25865039319353,174.41994175313073,1313.9453475221335
201693,-54.8519413033,-28.8353783597,-585.7762594823954,397.72014603846424,1361.6943029765353
111512,-54.8530950384,49.0153100877,-364.87510239326895,210.9315946082116,1319.2885195429608
310570,5.48544672101,45.4976346736,-418.58487954838563,248.3394350754863,1325.7837437559363
111517,-54.8674950436,48.994410085,-367.56071419449194,212.58303064350537,1319.5535628050388
200115,-54.872777778,-1.50305555622,-656.0105929610112,467.06626587747064,1383.539286364727
200130,-54.8852629021,-9.81453486791,-597.8810824247296,409.50852065234216,1365.1839761295048
312805,5.48943314534,45.3146709405,-434.417742568482,260.806028558881,1328.1753817649799
201917,-54.9061658858,-27.6395701978,-544.1525419028499,357.8621866997543,1350.5907614312428
201701,-54.9061780518,-30.2809571033,-627.5389570443205,438.69702468061865,1374.221648664262
200129,-54.9099094581,-9.34703793823,-597.1055441024321,408.75092814561214,1364.9569156034904
201690,-54.9103550002,-29.5769879531,-478.6373174523078,298.06202692960306,1335.9906556901053
201702,-54.9142572095,-30.2426539591,-587.8671992413837,399.7507496828204,1362.2887807164352
201579,-54.9227777782,-16.3108333334,-620.2463484257889,431.48270107013286,1371.9356331536376
201578,-54.9228075302,-15.9940552992,-665.9294428153113,477.01819407294386,1386.9305742071258
201680,-54.9394109006,-27.9346091412,-606.9272525215548,418.3677484408134,1367.8675495563634
312166,5.49434821975,47.7063123214,-469.08338542626217,289.7525804906351,1334.1613913222332
310189,5.49452193576,47.0223153888,-555.909074626945,369.0019601323495,1353.5850570892878
311333,5.49759220602,43.6684344433,-649.9212064218087,460.9733176484464,1381.4942851049764
201419,-54.993361797,-21.6324999997,-716.8858427070134,528.6094202450327,1405.509864556519
201586,-55.0033258948,-17.8854800087,-719.2784116935811,531.0486197268986,1406.4290585407207
312804,5.50229548741,45.3433164699,-433.23987542974305,259.8604878927179,1327.9900351138692
201678,-55.0268672218,-27.847618024,-547.3659773013746,360.89687859811403,1351.398023224748
201450,-55.0392423338,-22.9191802432,-550.1902099695047,363.5704236427659,1352.1144600741736
201913,-55.0396666669,-27.7593333327,-541.0257888637495,354.91698581808447,1349.8133674756998
201899,-55.0435224822,-2.4226143563,-627.4351406830222,438.5941641732967,1374.1888156438938
111535,-55.0478412085,48.4064453983,-370.1033550018702,214.17097467763148,1319.810314624136
310794,5.50631221074,44.5684480298,-260.8720289433011,174.16737401980913,1313.9118442143867
201607,-55.09,-20.1555555555,-671.0420467390553,482.16046958060855,1388.707592915113
311352,5.51018958006,43.701663676,-406.30214070349774,239.0621834850414,1324.0773345112927
310571,5.51082430211,45.5676750684,-482.56193068989944,301.51126971264455,1336.7644167756805
312803,5.51104183413,45.3519341956,-432.5096896945464,259.2757252874812,1327.8757328595336
201909,-55.1187455814,-27.8435692536,-655.2891687138034,466.3437392049318,1383.2955372188303
312262,5.5142289034,46.9478849656,-533.4094970706549,347.7756097126314,1347.9532391388386
201608,-55.1666666674,-20.1603375149,-652.6046809709087,463.6567464971385,1382.3919989518913
310253,5.51718701264,46.6768267612,-458.43241058237214,280.6456964439461,1332.2132213449925
310648,5.51723164164,46.2727550418,-324.2696555353928,189.6453453687451,1316.0529690000799
311131,5.51861598776,45.2897356644,-432.0425830122266,258.9022127910982,1327.8028528294483
312183,5.51894432679,47.314473015,-503.5011845806093,320.2335769798868,1341.1113317018942
201709,-55.1944444437,-29.6863888891,-552.0630261553877,365.34655276182775,1352.5931257436014
201584,-55.2063888887,-16.6101181102,-694.1149410071293,505.4659697510822,1396.9702598016524
201449,-55.2088232359,-22.9271115099,-410.3983907745941,242.11494278440296,1324.631913292666
312801,5.52188795303,45.4186718041,-439.70255504077005,265.0819893274298,1329.0216406288057
111574,-55.2648194005,47.1269547024,-487.11954154332733,305.5416781166953,1337.6792505157057
310644,5.52695582245,46.1892565429,-322.05743213652306,188.70921177609557,1315.9183967112283
312802,5.52705871046,45.393623927,-430.67357049005784,257.81007193461676,1327.5903334179661
312061,5.52721759547,43.8518792795,-324.5288942388538,189.75671045221978,1316.069021501358
313021,5.52724344847,46.2943847556,-320.8249512708405,188.19879174461187,1315.845296912987
201910,-55.2766196525,-27.8730117241,-629.2482423236706,440.39121755237437,1374.7634286273246
312490,5.5311727248,45.3308083408,-420.8040398192512,250.053848054911,1326.105948678673
311138,5.53130667781,45.0853290895,-245.77180205550707,174.28146423678652,1313.9269724647609
312015,5.53135662181,45.1113382977,-248.729445529657,174.1390277568724,1313.9080870372948
313010,5.53148482182,46.3691272147,-171.06518135089024,195.92667805079915,1316.9727876330307
311974,5.53189999986,45.9394000002,-243.05933463922167,174.46335197038914,1313.951110724687
201691,-55.319722222,-28.2119444441,-588.9486021973333,400.80189750232364,1362.5976006273304
311130,5.53233754589,45.2889125204,-472.7794883300371,292.95213374706,1334.8599225614835
111570,-55.33122897,47.218413565,-422.8263003170919,251.62583082607003,1326.403264068965
200124,-55.331666667,-13.5563888885,-635.7276731753219,446.8242810062609,1376.837680444088
310647,5.53435964706,46.2679574804,-254.37545466205054,174.02947411972028,1313.8935718148105
312337,5.53549921315,46.2067006523,-423.35404182510456,252.03756227989638,1326.4814333393012
313004,5.53550000016,46.3110999999,-350.0849405646515,202.34006857563745,1317.942170030646
313012,5.53559059916,46.456248775,-398.93969660759734,233.6853420376472,1323.1171147245987
312386,5.53573753117,46.1232350264,-291.2315331807116,178.50008528837037,1314.4931877502636
313006,5.53886520443,46.3526577644,-479.63399009945704,298.9360607400479,1336.1859259117618
201454,-55.3894444438,-23.6480555555,-690.7470450221085,502.05455124586575,1395.7395289310189
312025,5.53940000048,46.3727,-422.2095456749145,251.1454353157276,1326.3122143273133
312342,5.5396366265,46.1268444987,-467.44046383973256,288.33669882570945,1333.8546068007572
310634,5.54039548556,46.1347735994,-394.02921079235796,230.18189341273242,1322.5028409228332
312244,5.54055020657,47.0359215389,-527.9990674175064,342.7319442569281,1346.6607760709558
111499,-55.4065192442,49.0975432935,-376.0180434639157,217.95380428194457,1320.4294456709404
201609,-55.428055556,-20.4480555557,-609.1697329208848,420.57008569862523,1368.542749488829
312261,5.54373004084,46.927736125,-594.1253971087643,405.8426479856675,1364.088822297842
312335,5.54386857085,46.1444490042,-418.89770908737944,248.58043004122734,1325.8289069081939
201421,-55.4391815419,-22.4141859644,-652.004192841698,463.0560456237799,1382.1906386539545
111569,-55.439695247,47.7458098837,-328.59017844499823,191.54629350867236,1316.328242783997
310039,5.54400646186,47.4108135159,-521.8341480599008,337.01627820615664,1345.2174664231147
310643,5.54422289288,46.1853082585,-408.17450997793486,240.4523013180514,1324.3290261121067
111494,-55.4493896698,49.0229136833,-422.8044393997843,251.60878873910252,1326.4000311989791
111450,-55.4685438373,49.0147096806,-423.1634825115146,251.8888214440858,1326.453179936022
313013,5.54713711112,46.4303831368,-401.9010944571081,235.83061528277878,1323.4976914594708
312332,5.54722008112,45.7096399002,-397.01513918803585,232.30412800016705,1322.8738670333662
310061,5.54776314017,47.2891109369,-507.1182979135641,323.5179198097429,1341.899364569459
310038,5.54778891817,47.4398708283,-443.7235238674781,268.37095438581883,1329.681551858132
312336,5.54786598718,46.1744692906,-408.5462379384834,240.7293497968914,1324.3793565468802
310636,5.54797041019,46.1357696564,-222.85144253117926,177.34050366740237,1314.3362257941849
201710,-55.4808333334,-29.5979235758,-562.2002344995694,375.0035360876054,1355.2334530523153
111477,-55.4809607224,49.0105948323,-423.023332696194,251.7794788367858,1326.4324205014059
312339,5.5481476032,46.2364340018,-415.9318573701764,246.3047524572565,1325.4041237588349
111453,-55.4827952655,49.0108100873,-422.6282692237211,251.47149064299833,1326.3739935629417
313008,5.54892359727,46.3934657178,-439.9732635087731,265.3024672048346,1329.065633931924
111516,-55.5018746201,48.5813612078,-443.93046887364295,268.5410337882839,1329.7158895876876
111491,-55.5105952758,48.9942100839,-438.2132055801959,263.871484298133,1328.78072698982
310637,5.5518091145,46.1607214405,-416.24916256647265,246.54723631293572,1325.4492068455288
310635,5.55200782552,46.1149481257,-467.6878578222357,288.54965207899096,1333.900656686547
313011,5.55205389452,46.4819684901,-400.0110838255375,234.4587032695195,1323.2539226213235
201897,-55.5270311242,-1.92304082097,-593.5621246028584,405.2934826513051,1363.9255358242685
201960,-55.5311811505,-27.2851427004,-593.9620137343151,405.68333927711143,1364.041433373973
111485,-55.5477761829,48.9686909748,-307.7519706897886,183.29230739349345,1315.1525121230334
111488,-55.5480566189,48.9728105782,-307.667645637276,183.26375924098517,1315.1485336816645
200127,-55.5517484832,-10.9600608467,-611.0788397011556,422.4468983526021,1369.1206820881891
201569,-55.5518539022,-15.0267965562,-655.3266646395344,466.38128797526235,1383.3081963060001
311137,5.55547831781,45.0935306342,-274.08122577621884,175.31447352286176,1314.0643914285527
312448,5.55575746683,45.6772454555,-462.5415943149851,284.1386364000604,1332.9534218753408
111484,-55.560594797,48.9685809248,-420.52614126341007,249.83854395935103,1326.0653672581993
200128,-55.5680034896,-10.1124999996,-627.9306090141469,439.08511117067616,1374.345587923816
201694,-55.5812382947,-28.681267181,-619.6736780233826,430.9171524334121,1371.7578694708534
201712,-55.5981237841,-29.950986923,-578.2143505715442,390.3971919697677,1359.5734727081776
310543,5.56051148522,45.8434353992,-245.86535257265712,174.27606514752182,1313.9262563314571
313016,5.56056116223,46.4230488502,-479.9979323806699,299.2555482012099,1336.2574390150655
313003,5.56070756624,46.4396650606,-420.86199253155803,250.09876935286545,1326.114419884541
111504,-55.6148873785,48.9351655141,-395.149496904501,230.9751458809406,1322.6411373492872
111483,-55.6149953135,48.9356100751,-420.78607544369646,250.03992473947383,1326.1033233340518
310040,5.56165166232,47.4026713723,-501.662356276429,318.5692819416692,1340.7149016814597
311340,5.56415979853,43.8601704512,-322.90290354860724,189.0639718206461,1315.9693178925154
201692,-55.6433333328,-28.1824999997,-601.6616088084658,413.205959923914,1366.2976343061337
312410,5.56444497155,45.4230510965,-193.8417906468846,185.9197851030721,1315.5212756495682
310645,5.56485201358,46.2278144181,-348.82323635297104,201.64871673050138,1317.8362057376298
111441,-55.6639398665,48.9439101018,-274.6991566009879,175.39633092335396,1314.0753148489127
111475,-55.6641281165,48.922672557,-451.4308061794622,274.75675565126903,1330.9850994545004
111443,-55.6687589829,48.9302994657,-452.1364615102669,275.34657942632566,1331.1069825508662
312485,5.56817440786,45.3434988859,-453.65528510100364,276.6189402586017,1331.370759144006
313015,5.56836154087,46.4223205591,-480.5340289099551,299.7264790976602,1336.3629830499553
310641,5.56888449492,46.1729617595,-373.8416952181262,216.5476857968097,1320.1980762059338
313002,5.56890816192,46.4646990117,-437.36393570369853,263.18312297626125,1328.644202340654
200126,-55.7016666666,-11.6458333334,-615.780976684883,427.0767229561581,1370.5563058425823
201711,-55.705698164,-29.3060140696,-579.8655284730721,391.9933639146267,1360.0326678234605
111480,-55.730629963,48.9354230561,-485.208328995085,303.84835753620774,1337.2934923087548
311337,5.57319373027,43.8684190478,-386.3460949018984,224.84147791312685,1321.5838037688163
312253,5.57320653327,47.0063277145,-567.238468239667,379.82901927743745,1356.5766266890914
111576,-55.7606395555,47.0898431514,-271.66375887158125,175.0182886414845,1314.0249090306045
313018,5.57680967357,46.4233308932,-182.24505707995343,190.6846406518181,1316.2031349204453
200139,-55.7725000005,-6.2574999996,-595.950945784628,407.6236232589173,1364.6197559879536
201610,-55.7863950386,-20.4557886154,-596.694949968298,408.3499607904369,1364.83689526311
201713,-55.7893539019,-29.7684577509,-602.9196444074113,414.4379415352006,1366.6707239045654
200125,-55.7938057853,-12.6727664084,-641.6514614982217,452.72022946782266,1378.7623676193416
311347,5.58131179795,43.894102597,-384.94600986214834,223.88766820477923,1321.4218660851907
201567,-55.826949596,-14.5515292669,-564.9686356489948,377.6529744094704,1355.968963241495
311339,5.58452695521,43.8603119142,-309.41456052389077,183.86347216712718,1315.2322367518393
201896,-55.8848577318,-1.76062072353,-625.1419373722241,436.3232299123936,1373.4656971162688
312260,5.58906952759,46.8946023052,-538.3563814111388,352.4086738148731,1349.1560078707919
310657,5.58953353063,46.0146330404,-420.96517928338363,250.17877198312686,1326.1295103212508
312341,5.58970525364,46.2899966802,-260.2775396378848,174.14302291059067,1313.9086165416272
311836,5.58978823465,43.30198078,-337.56779249431787,195.79267784226238,1316.9528590236398
312243,5.5904071437,47.0524191653,-530.5897359100171,345.14386271779335,1347.2766405477582
111452,-55.9154068053,48.9480783771,-393.46775664610783,229.7857023966452,1322.4339413444493
313014,5.5928666349,46.4402660766,-217.71453390843192,178.48988777322435,1314.4918030292895
312271,5.59386329898,46.9027911059,-501.50242992789583,318.42470868517415,1340.6805567677682
312484,5.59398660399,45.3559811099,-454.1988037324106,277.07519804522116,1331.46563063629
201574,-55.9685131297,-16.1937423867,-657.3831402275049,468.4414075248103,1384.0041229988153
200140,-55.9688170847,-4.2934508521,-538.360758617489,352.41278219306207,1349.1570810127891
311838,5.59694932524,43.326702627,-334.26323154761144,194.18419683753908,1316.7146853040465
201898,-55.9770555614,-4.29775320145,-624.3808024133122,435.56997830690193,1373.2265895314472
311338,5.59779069131,43.8608673992,-280.48671714974154,176.2837108178302,1314.1940522212078
312385,5.59783997931,46.1562615381,-230.99580454862195,175.86143653268152,1314.1374757053513
312987,5.59828313335,47.0144309781,-561.3958140057433,374.2346396113984,1355.0208949233838
201590,-56.0060441698,-17.2018037341,-562.7144835820454,375.4953024462464,1355.3696109744724
111469,-56.0185873789,48.9477605811,-471.67774957830085,291.99637251866994,1334.6504942335862
200131,-56.0231819992,-9.63952819243,-584.9258476192848,396.8949729966029,1361.453517305629
111468,-56.0269481585,48.9642034795,-485.3656248423446,303.9875480589534,1337.3251248551298
111462,-56.0311442639,48.9729407412,-482.6126795596014,301.55600294308584,1336.7745072019084
312259,5.60353965578,46.8691989951,-560.5661685088329,373.44208846896595,1354.802219378887
111459,-56.0395964756,48.9733030092,-461.5900696501297,283.3274631828228,1332.7807440038696
200113,-56.0434225879,-1.10181951502,-539.5300168836476,353.5107813687141,1349.4443051633561
201695,-56.044435718,-28.6228279321,-605.6121525153341,417.0773151032321,1367.4734172800638
111495,-56.0518883996,48.9649242205,-461.50836833392634,283.25787825565635,1332.765953116972
201714,-56.0524404967,-29.3080833508,-608.5014977716218,419.91356158247004,1368.3411341455642
312516,5.60686054406,46.2098975756,-333.27569055572815,193.7136699217351,1316.6453759871872
111447,-56.0769742677,48.9520302795,-461.53189164236016,283.2779119712808,1332.7702111034382
111425,-56.0896367297,49.4977198536,-460.2065639371803,282.15053604799164,1332.5310447363183
201604,-56.0896850327,-20.7560424832,-711.0915661908406,522.70791855708,1403.3009756699273
310804,5.61008056933,44.172609081,-247.31616288572388,174.19980567335213,1313.9161436296185
310252,5.61018796333,46.6280486212,-364.19712754267664,210.51895662054716,1319.2226086944152
201573,-56.105561706,-15.5731044524,-563.0115925252193,375.77950230296597,1355.448373987353
201572,-56.1063293861,-15.6144499318,-633.4855422450663,444.5962790623444,1376.1162420195383
312277,5.61069278438,46.8944455962,-485.8650803115468,304.42972019295763,1337.4257043778757
201568,-56.1322222223,-14.6561102085,-697.109602405272,508.50193544937025,1398.0716285475685
310566,5.61412030866,45.6643061884,-247.08767006803922,174.21088434729376,1313.917612492869
312449,5.61412261466,45.6144889243,-530.2291072883637,344.80776876234387,1347.190579536823
310565,5.6146079897,45.6266577473,-422.0857429994283,251.04910629985434,1326.2939772040927
111426,-56.1760955189,49.4978101626,-360.6243063745312,208.37337920273407,1318.8819224457743
312715,5.61877288005,46.1440992051,-231.2096793231669,175.8283504327354,1314.1330484428854
311332,5.61878862505,43.6434719782,-397.2531008928782,232.47434699289383,1322.9037690639734
312483,5.61888524505,45.3726190763,-251.30177015093008,174.06266523881075,1313.8979684982896
313009,5.61923781208,46.5607764876,-436.81961810061046,262.7426690047049,1328.557025614486
313007,5.62247313135,46.5061989441,-396.7968896946056,232.14814968017618,1322.8464852709947
311808,5.6230319454,43.4689205378,-412.38617040156674,243.61148256553264,1324.9062663568586
201585,-56.2313119345,-16.9140211043,-598.3023367974344,409.92015690534816,1365.307509402625
312245,5.62328021242,47.1566360849,-422.5543410461104,251.41389527850902,1326.363075078995
312383,5.62339821643,46.2304525193,-337.9257485818326,195.97001603630434,1316.9792357433598
111444,-56.2681940495,48.8435496195,-534.1316138910782,348.450656567423,1348.1275608250735
310563,5.62732887075,45.4432149971,-270.7358530621774,174.91480798475058,1314.0111301835448
312290,5.63095769805,46.7393215354,-265.18088396777654,174.4143482466902,1313.9446050226823
310012,5.63103226806,47.8308441567,-454.7428957586062,277.53242798143106,1331.5608543266667
310576,5.63143305109,45.0609398845,-230.19744800035392,175.98756106488565,1314.1543599758215
312482,5.63186695713,45.3770724567,-264.9746015560076,174.39970581661146,1313.9426614517147
310564,5.63538770742,45.5900181903,-523.3145093542012,338.385631488879,1345.5611824781593
312481,5.63561101644,45.3845398433,-169.7694404406291,196.57309534562285,1317.069110566205
201575,-56.3647173605,-16.5185478716,-702.0661446438227,513.5321092558871,1399.9090282695852
201571,-56.3680853068,-15.2020886407,-669.5556365782004,480.6645726967443,1388.1889250529405
201591,-56.3852257122,-17.2915296676,-714.4659283954874,526.1437335868183,1404.5843828644013
313001,5.63928613974,46.5022332618,-196.06878502841911,185.08762930323456,1315.4039268281763
203009,-56.4020746236,-34.5145920426,-592.7039436879907,404.45711839509505,1363.6772421707265
201605,-56.4023858556,-20.2433906198,-691.1194456194291,502.43160993218896,1395.8752031800498
201570,-56.4138888886,-14.8341666672,-656.8251760236925,467.8823103293083,1383.8149863738959
310562,5.64352138109,45.6143481383,-248.54524340437683,174.14619321646327,1313.9090367318736
201716,-56.4611483005,-30.3892324593,-572.7415438521706,385.1183731404892,1358.067090214718
310805,5.64810217347,44.1766231183,-247.7393483920283,174.18020761640787,1313.913545450837
312016,5.65269568285,45.019126193,-320.41826627533163,188.03212828379728,1315.8214702081848
201565,-56.5349492216,-16.318305129,-722.4728208943176,534.3073863436496,1407.6627590780672
310646,5.65560000009,46.3903999995,-303.65384329641245,181.95237870994342,1314.9664361922328
201696,-56.5577777785,-29.1145491748,-612.8108083309132,424.15104568840206,1369.647461850114
311279,5.65586366611,44.3564182012,-257.33712892615415,174.05731937358857,1313.8972602990743
311839,5.65591384412,43.3725589298,-223.76163287440536,177.15417014723664,1314.311097189113
310037,5.65614931414,47.4519262813,-525.7174722938471,340.61264149875217,1346.1229630842242
201928,-56.576449263,-29.0976743074,-673.4444471577291,484.57967051453323,1389.549393605664
201577,-56.5806981644,-17.0595438924,-685.9843378751967,497.23571099650417,1394.0134190473539
111451,-56.5900063271,48.7604677486,-444.58708217097706,269.08119252244813,1329.8250818672345
310561,5.65950249342,45.6060866126,-248.63459038377778,174.14268930733576,1313.908572326509
310631,5.65976760644,46.3179217815,-433.50131130834586,260.0701174630864,1328.0310712446294
310630,5.65994403245,46.2920718764,-309.56957931698855,183.91752923562316,1315.2397947728127
312269,5.66045323749,46.9062388722,-485.26985500039297,303.9027979709596,1337.3058628483136
312411,5.66110234155,45.4648987149,-290.5693700894792,178.34248873345882,1314.4717963811693
201576,-56.6394803462,-16.9443071858,-692.1273934453664,503.45235873361224,1396.2429364936218
312395,5.66832030614,45.5598927988,-492.7599058175225,310.56506467563804,1338.835583479494
310629,5.66840923715,46.2808695204,-312.58634616131167,184.99650223356542,1315.3911076301786
310530,5.66879240618,45.9112468569,-281.69348134672236,176.49603638354063,1314.2225500473635
310188,5.66882849119,47.0096774217,-561.2993906327197,374.14250357767344,1354.995451349289
200138,-56.7270485755,-4.88653192917,-534.5276219129605,348.8210362800656,1348.2233403799955
312334,5.67286521152,46.2360857167,-237.9139618565114,174.94254275620744,1314.0148223897256
312393,5.67305005554,45.5357833268,-485.8449929454632,304.41193064810597,1337.4216551689306
310546,5.67322766155,45.6978910442,-420.59241386697477,249.88987333129634,1326.0750389730688
201895,-56.7525448646,-2.58118218442,-615.3972841951598,426.6985513965655,1370.4385115567286
312394,5.67725011888,45.5434918614,-473.0406073201003,293.1789054977092,1334.9097088652584
201592,-56.7747222224,-17.3655555557,-717.2030856999856,528.9327679849165,1405.631506918538
310531,5.6774999999,45.8777000001,-404.3488908187928,237.6216686364027,1323.818007733481
310544,5.6810560642,45.7940596942,-430.41629364098515,257.60525655046274,1327.5505747037753
201554,-56.8138888887,-14.4511111105,-585.5284151958127,397.47961536826085,1361.6240688336832
200137,-56.8393428898,-5.15292894321,-621.707169124271,432.9260059840698,1372.390245830687
310528,5.68477206451,45.9860698421,-240.459508183927,174.6835712226776,1313.9803690500871
200136,-56.8479588635,-6.81972222212,-538.6187945643568,352.6549980183417,1349.2203703699447
312492,5.68505712253,44.8107953678,-398.25431220792,233.19227252483276,1323.0301191428675
312268,5.6859255176,46.8975494635,-487.1214302714407,305.5433537635801,1337.6796332541626
111360,-56.8897593329,49.502185552,-294.95136115805724,179.4357661419128,1314.620574296945
310533,5.68911255287,45.8782342971,-410.0675583374099,241.86681759956988,1324.5865836741812
310032,5.6895431569,47.543958429,-487.05309981325814,305.4827349725924,1337.6657884390368
312363,5.68979023392,45.4770989209,-262.6195339843107,174.25261684212578,1313.9231464093411
111346,-56.9059821503,49.7691869071,-256.13565727663524,174.0389453978465,1313.894826349921
111345,-56.9223593876,50.0774922876,-281.5600061146002,176.4720916027586,1314.2193345513322
310526,5.69306676619,45.9934876487,-218.68809701815525,178.2593769296015,1314.4605226697468
312276,5.6932002882,46.8524356117,-443.74871784199166,268.39165607796525,1329.6857302559004
111565,-56.9351479787,47.7442207805,-296.4220908150462,179.8290990149696,1314.674319003163
312511,5.69394102926,45.0930404532,-264.1392688996903,174.3433065348203,1313.9351767600212
312072,5.69454407031,45.042741974,-260.65299784846593,174.15812752952647,1313.9106185652377
312731,5.69478512033,45.018294133,-239.05551786577632,174.82111338202967,1313.9986612923267
201593,-56.9650000002,-17.623333333,-739.8190946681959,552.0432665606502,1414.489953428036
310619,5.69809999961,46.5894,-542.5707574153367,356.3712945880592,1350.196489330447
310621,5.70144544589,46.5980701377,-454.0207067903059,276.9256401194123,1331.4345159824577
310036,5.7016612979,47.4438097227,-534.1460299568456,348.46413738240017,1348.1310452754785
312252,5.702778427,46.9268770069,-530.8684237552957,345.4036670482484,1347.3432203430098
200108,-57.0430555556,-0.997777778411,-617.6527779563078,428.9225439058692,1371.1326007591597
200112,-57.0438070717,-1.08936605499,-587.1387734025352,399.0430672892145,1362.0812860271883
312986,5.70457617914,47.0062002525,-556.9835937022627,370.02508735264183,1353.8643305236403
312182,5.70562717923,47.2689002432,-455.5420793953693,278.20491050174246,1331.701179852739
311264,5.70587806125,44.656057853,-229.9508145806714,176.02735889943185,1314.1596901727748
310536,5.70600000026,45.8642,-430.00346384085566,257.27689274578626,1327.4868962572932
200111,-57.0606522481,-1.101560351,-590.3064792301694,402.12269129807186,1362.9866907093035
200109,-57.0613888891,-1.06499999997,-553.1527623037142,366.38119994909346,1352.8729592500665
312037,5.70687566733,47.6187544621,-478.5663882957808,297.99987579729907,1335.9767910293579
201555,-57.0769011054,-15.1602961182,-712.356322185238,523.9953812426523,1403.7810440939595
201715,-57.0978583062,-29.7434510448,-602.2581087792577,413.7900080997699,1366.4743799270816
111412,-57.0980958542,49.5189101624,-467.8215687704265,288.6647860120507,1333.9255672177806
310534,5.7100703756,45.8811060834,-222.95380851418673,177.31928548397045,1314.3333630393927
311277,5.71022384861,44.4188282654,-254.1903026181724,174.029683478439,1313.8935995450697
312412,5.71030561962,45.4940599233,-283.5017453232193,176.8316773317089,1314.2676676772658
310532,5.71032342862,45.9191031835,-411.6975150294694,243.09191369869612,1324.8108312885988
311128,5.71051627564,45.1901812192,-400.83120768833857,235.0528198080607,1323.3593194191874
311275,5.71073052565,44.4401452511,-266.9045792628054,174.54775504899573,1313.962320230888
312396,5.71093036667,45.50183626,-442.90551339224737,267.6994326716066,1329.5461806370604
311282,5.71381887391,44.3145535707,-269.3856028373951,174.77437071741116,1313.9924432254402
310626,5.71469268598,46.3640534813,-256.7886751631385,174.0477334661969,1313.8959904492497
311274,5.71480382399,44.4440930875,-267.8955187981138,174.6333769293948,1313.973697047113
311276,5.714956282,44.4227551777,-274.8809870403402,175.42089366505328,1314.0785935887322
111336,-57.1518169116,50.6062945573,-495.80933241423367,313.2966528665364,1339.471855953409
312392,5.71888740833,45.490150849,-272.0244031975565,175.06003778809003,1314.0304703560957
201556,-57.1890748357,-15.097448988,-649.2861138072734,460.3386137706629,1381.2826284009332
311265,5.71932299836,44.5892814115,-254.319639245409,174.02951306840183,1313.8935769736909
111382,-57.2062476731,49.0864413386,-315.0719874232443,185.9236646140218,1315.5218239380908
312273,5.72245826862,46.8279601717,-334.9493404521387,194.51387132374558,1316.763344846463
311127,5.72256317663,45.0902198879,-255.07403519796267,174.03075068236,1313.8937409002906
201557,-57.2269816338,-15.3227885407,-649.5338446314762,460.5861756382892,1381.3651528046448
310622,5.72305049167,46.5230281405,-404.62986502802306,237.82827252454103,1323.8551081617284
311330,5.72320417969,43.6975348547,-430.2461893636447,257.4699133393537,1327.524318597919
201603,-57.2351351695,-19.2598231254,-701.735209474087,513.1960563755067,1399.7857880666122
111386,-57.2352959025,49.3483101352,-425.3605625591532,253.60858033616515,1326.7808305119652
111413,-57.2524959119,49.6389101803,-295.47813776643284,179.57513359776826,1314.6396041503353
311273,5.72633720294,44.4483534168,-274.50408407702594,175.37021975968443,1314.0718299135915
111564,-57.276956938,47.810123397,-333.4094254218542,193.77711328995264,1316.6547116950903
201615,-57.3047445363,-22.2018340358,-745.875075699654,558.250453655326,1416.9240026198552
310030,5.73132908636,47.6063130871,-484.1994192046225,302.9563187530127,1337.0910931070744
312985,5.73136395836,47.0030333752,-518.2391363965404,333.6993050603987,1344.3903028479815
310614,5.73136556336,46.6108796457,-411.82096664454656,243.18496858909015,1324.8279092552252
311278,5.73138266136,44.3889706319,-368.53614046426094,213.18943054162116,1319.6513908940326
310615,5.73144712437,46.5936761813,-508.64341099652984,324.9068346832622,1342.2348942781182
312391,5.73559718971,45.4485391846,-375.1473168987008,217.38928105531232,1320.3363812724544
310484,5.7367154978,46.1774371569,-227.91053656232862,176.37165404898303,1314.2058516632276
201616,-57.3772222223,-21.9697222216,-713.6286965233389,525.2909948999994,1404.2651777769488
111341,-57.3780959673,50.5317103162,-594.8211052224993,406.52116317433325,1364.2908474011351
201566,-57.3806930116,-17.1234512437,-753.4567778009056,566.0319137043527,1420.0078124875604
201595,-57.3896850333,-18.3940250318,-718.5018383905903,530.2567624884086,1406.130255118132
312242,5.73966501205,47.1189611448,-379.35904275331984,220.14369588226023,1320.7926813208028
310478,5.73973414005,46.1939053582,-260.9728059770096,174.1717359929398,1313.9124224287891
312398,5.73988184507,45.3984235214,-232.3028406181168,175.6638809103388,1314.1110528605932
311973,5.7402439451,45.8437729673,-408.1095197963192,240.4039001846166,1324.3202389973014
200132,-57.4147791494,-8.8596216169,-624.5384119667908,435.72593517487576,1373.276065027682
111385,-57.4269324984,49.1978826238,-583.096361088509,395.1211694507831,1360.9374705481691
200121,-57.4270560134,-11.5349825773,-621.7212131713114,432.9398861563361,1372.3946244498904
311267,5.74348837536,44.5057907946,-270.537479069984,174.89342141992068,1314.0082834784034
310013,5.74350455537,47.8233789121,-469.00419563540805,289.68424388818806,1334.1465516767512
201612,-57.4393613404,-19.5982580264,-706.5846590909126,518.1233309544182,1401.5997453885313
310620,5.74423367343,46.493466992,-283.20036792259276,176.77428488007345,1314.2599468859862
310618,5.74440000044,46.6567999995,-467.11757678033143,288.05889774607164,1333.7945826717757
111390,-57.4479231021,49.1893648111,-481.2918647475792,300.3928376926611,1336.512595201012
310806,5.74553195253,44.1692155807,-269.2223572315742,174.75820774250886,1313.9902934828965
311126,5.74702371466,45.0858222046,-241.5599636273008,174.58488529674716,1313.9672531566277
312251,5.74796227073,46.9232848646,-427.965253980384,255.66090736171947,1327.1746530682813
310538,5.74798419074,45.8135051068,-409.1841874301258,241.2056268470739,1324.4660111216838
310617,5.74814740675,46.5851477536,-491.3251488220761,309.2836227789043,1338.5389122147844
310476,5.74825012676,46.2019313199,-238.585904636062,174.8700260288708,1314.0051697756871
201594,-57.4860441703,-18.0394296574,-681.1002087717804,492.3007815807198,1392.2607944415017
111797,-57.4894530116,53.5312761943,-419.81711439755844,249.29001251505645,1325.9621301280258
310558,5.7524125721,45.3642755896,-232.39685629323068,175.65009892305625,1314.1092106235212
312181,5.75245853111,47.2684268132,-520.3111167906279,335.6095632167053,1344.865732746731
310541,5.75258488212,45.7018404235,-391.31613106284124,228.27593429930616,1322.1724404835081
312399,5.75260903712,45.4149179438,-173.6655757964869,194.65324158653888,1316.7839400046014
201717,-57.5566964191,-30.2178149561,-572.2425259698231,384.6379524900728,1357.9309314871834
310611,5.75640000043,46.6563999995,-393.371585533123,229.7179309295802,1322.4221670799616
310035,5.75662749945,47.4523084054,-515.8320004154118,331.4851748498947,1343.842431737873
312408,5.75735470651,45.4352698745,-275.1931012216212,175.4635597218263,1314.0842899084325
201596,-57.5941666672,-18.9980040918,-707.4340627225235,518.9869848497854,1401.9192382720787
111342,-57.6025065149,50.1817102622,-546.4391578561101,360.02080824637767,1351.1643284827605
311280,5.76040109176,44.3515484668,-468.543896962961,289.2872108991316,1334.060399900879
312983,5.76052032177,47.0232656469,-393.01795043932304,229.4689571287829,1322.378940576288
311281,5.76061409178,44.3436753862,-260.62407099446074,174.1569303248358,1313.9104598769522
203011,-57.6139942509,-30.2475328435,-593.9534452806132,405.67498490376755,1364.0389486999873
200135,-57.6270909159,-6.04456397798,-540.2413897814369,354.1793353862574,1349.619598927248
311283,5.7644446791,44.3392581428,-281.48828157650956,176.45927182833873,1314.2176131859146
311272,5.76470438812,44.4855335139,-371.3229612778252,214.94092248755558,1319.9354758296695
201944,-57.6478569807,-25.3645012995,-701.2767228273658,512.7305267684261,1399.6151804242916
111339,-57.6538960602,49.8181102061,-149.50451008871818,207.6489691647193,1318.7676651287234
201947,-57.6771336021,-25.3017363323,-708.3482002173384,519.9166620744941,1402.2636683935652
201940,-57.6810492574,-29.9682399014,-664.2035431923716,475.28418284751837,1386.3351379298324
201559,-57.6844444437,-15.0933333327,-634.4750382750561,445.5792926519972,1376.4341488913112
111417,-57.6939658225,49.006758868,-303.3332597722416,181.85168171238018,1314.9525064942518
201561,-57.7023648302,-16.0732135188,-685.8488038907215,497.09867399668946,1393.9645447008907
311095,5.77033256059,45.2019980692,-288.77105377893787,177.9282672394839,1314.4156604654177
111433,-57.7191283866,48.305888641,-385.7893414620862,224.4614558024373,1321.5192035437262
200122,-57.7274020192,-10.8223506463,-406.8551965459776,239.47185791515943,1324.1513625440382
311263,5.77306178081,44.6891390217,-232.9827271473758,175.5655119598991,1314.0979070007058
111563,-57.7315549416,47.8599744941,-341.34562312802063,197.69433798371853,1317.236923057016
312078,5.77326896583,46.710254017,-478.35597142898206,297.8155391062986,1335.935685400712
201564,-57.7477480259,-16.7308539772,-700.0007458950212,511.4352392851535,1399.1411880780856
111387,-57.7619882241,48.9855217942,-302.8469321122826,181.700075161541,1314.9315486015246
310028,5.77673323811,47.6397110529,-467.10721101882274,288.0499819436298,1333.792657159133
201558,-57.7677777776,-14.8505555556,-694.6990485329312,506.05794268449574,1397.1845624497712
312991,5.77701525614,46.9891611,-433.6294435210043,260.17290899636174,1328.0512048748435
311266,5.7777778522,44.5521735254,-263.9255564303854,174.32962349931944,1313.933361256692
111393,-57.8023781744,48.9438214228,-176.91598980432553,193.10704983859873,1316.5562627139266
312753,5.78095308046,44.7806657183,-201.49369504709784,183.1767422388257,1315.1364108301175
311117,5.78110534848,44.9021277744,-241.3648396926483,174.60179819543737,1313.9695004553853
310540,5.7813296845,45.7030463476,-244.68231533006457,174.34863606304796,1313.9358839345775
310495,5.78153808651,45.756012846,-404.59815579221674,237.8049459463675,1323.8509177813223
111415,-57.8274465105,48.9520857675,-176.2673585092249,193.41150216122134,1316.600952970244
200107,-57.8286557376,-1.43963430997,-666.1021064597717,477.1917226812855,1386.9902668690315
111416,-57.8307798778,48.9563410468,-312.8166728848925,185.08097608678784,1315.4029906850342
111340,-57.8395128605,49.7896626768,-490.5603104403757,308.6015147197807,1338.3814684465854
310607,5.78424684774,46.7272218164,-434.8417000281489,261.1470401770922,1328.2423863087454
201613,-57.8483022942,-21.0986111106,-704.6220004603078,516.1284468105387,1400.8635314694125
111410,-57.8516991935,49.03114025,-216.90537764775527,178.6859483697401,1314.518439710409
111407,-57.8522054396,48.8527274342,-229.7179045318047,176.065303550978,1314.1647732717508
111343,-57.8567270109,49.8311373982,-334.365356005964,194.2331240953983,1316.7219018037763
312989,5.78587034487,46.9681969293,-433.42957154613055,260.0125800367436,1328.019804811381
111409,-57.8607723823,49.0103586823,-189.66679118793115,187.55292897020632,1315.7530776552255
111414,-57.869696127,48.9481100681,-251.94052586971517,174.0505627479963,1313.8963652384418
111397,-57.8727961283,48.9773261425,-172.40110082010375,195.2684642985124,1316.8750257117772
310002,5.78732467499,47.9393819547,-457.3641589483869,279.7420221677584,1332.0231451293937
111406,-57.8745414684,48.9111100631,-266.2746456417308,174.4967125624717,1313.9555406820296
201912,-57.8767650786,-25.8647421369,-686.1759890044374,497.4294964544901,1394.082552841424
201560,-57.893611111,-15.4686111107,-683.2175077891858,494.43924890559975,1393.018388626736
201614,-57.893963268,-21.7002777783,-706.1411128271305,517.6724160933841,1401.4331202657713
311284,5.78975099519,44.3232276875,-331.9793822939704,193.1032177021967,1316.5557006374004
111405,-57.8979414764,48.9231100641,-302.56811680867986,181.61378518004807,1314.919627643195
111408,-57.8981723944,48.9935038359,-158.6174270218847,202.45094320692468,1317.9591968643294
310613,5.79022037123,46.602194164,-412.9807153474107,244.0609793402718,1324.9889893242237
111404,-57.9107414814,48.9312939447,-323.0133863807203,189.11060661987443,1315.9760186758845
111403,-57.9194042051,48.934665986,-323.36834381086004,189.26086487992617,1315.997619742905
201894,-57.9250492366,-2.5857660158,-642.2129330651286,453.27976293148856,1378.9461931769206
111402,-57.9257414867,48.9400100675,-323.4039050934516,189.27595461649273,1315.9997899657426
111401,-57.9268822027,48.9351506081,-233.97280188423485,175.42765532222612,1314.0794962428065
310490,5.7934263155,45.997304277,-251.88186679305858,174.05156030832072,1313.8964973846514
310608,5.79366045552,46.7399837924,-433.7461807516092,260.2665877681815,1328.0695602649687
311293,5.79383133953,43.7311422665,-479.0252681651899,298.40208428080496,1336.0665642463414
310029,5.79384368053,47.6061429701,-453.37334253020884,276.3824568456997,1331.3216450752836
200133,-57.9434326021,-7.61486450791,-615.0769372486686,426.38286511446574,1370.3402525858735
111399,-57.9521172368,48.9561484478,-228.02046987068508,176.3524190626834,1314.2032703897653
111400,-57.9557961581,48.9489100682,-228.3670744329648,176.29228293537446,1314.1952020976414
310475,5.79696197279,46.2442554394,-210.2240528347098,180.45832628742005,1314.7605362651982
310549,5.79765452485,45.5767934862,-282.8668218891548,176.7114428219418,1314.251495802119
200110,-57.9774317709,-0.694722222336,-641.967963764749,453.0356245092742,1378.865960588049
312017,5.79793418087,46.8982846245,-434.793856703585,261.1085393852803,1328.234817166682
311319,5.79806980888,43.7731156309,-465.2815364877078,286.48216996553606,1333.4549463337921
203010,-57.9808689092,-31.3847933746,-575.4238758589519,387.70336234440464,1358.8023982047764
312397,5.79929220898,45.3440538579,-236.41235677281435,175.11534644010297,1314.0378399242284
310486,5.79972270202,46.1518137658,-247.53721705165742,174.1894193280743,1313.914766641941
200123,-58.0034759411,-10.6353447098,-560.5356048794213,373.4129002609598,1354.7941741368672
310137,5.80059896209,47.1728859402,-505.2840358771931,321.85067758620926,1341.4983857077862
311119,5.8019454542,44.8815379167,-295.85578026205116,179.67608596554675,1314.6533976914952
310521,5.80210000021,45.8565000003,-357.50890035634364,206.54307215853922,1318.5939863546253
312250,5.80238183824,46.8893253878,-429.2154188791137,256.65106527928,1327.3657482031408
310489,5.80295114228,46.0268095044,-373.66836679357635,216.43640330112436,1320.1798274734476
200120,-58.0363888888,-11.7644444442,-657.6812178581025,468.74013424529437,1384.1052610427398
111365,-58.039216123,49.0895705608,-181.9642934413499,190.80870637096845,1316.2211146387438
111373,-58.0618961939,48.7978358417,-227.58018472148115,176.42992319433858,1314.213672882859
312401,5.80622224255,45.3354159122,-240.4624025468296,174.68330114332872,1313.9803331451449
312180,5.80733306565,47.2858878626,-508.9862777604491,325.21941272613003,1342.3105924516217
310026,5.81005938087,47.5639536556,-492.8906326028964,310.6819432635248,1338.862700228778
311296,5.81026226689,44.2728399103,-267.27807559255746,174.57926233986018,1313.9665060544824
312331,5.81048768591,46.1555470321,-227.00237804278655,176.53352500189624,1314.2275851782636
312400,5.81052892691,45.3393415365,-128.93654279664798,220.5462047913331,1320.8598292936897
310616,5.81058446792,46.5557435262,-307.16636748238045,183.0948941510439,1315.1250132432567
111364,-58.1188474356,49.4689201832,-184.12152202630438,189.86579406758852,1316.084754091016
111561,-58.1439748977,47.7104792067,-378.35371229311784,219.48080795812066,1320.6823559266036
200134,-58.147434347,-7.33530851278,-592.1514445228129,403.91887252907077,1363.517699107368
111392,-58.147875959,48.9853506112,-173.4948120134274,194.73588051169708,1316.7961586185465
200118,-58.1812375548,-13.0816666672,-672.835427454523,483.96622139259983,1389.3355835229029
200117,-58.1859164382,-13.0269463197,-659.1723184381975,470.23493767488054,1384.6122044832603
310187,5.81918564663,47.0065505785,-387.980202112991,225.96240600266216,1321.7749691685067
311297,5.81936417364,44.2685695019,-283.95024111824733,176.918159000485,1314.279306379742
310610,5.82241335589,46.6199912615,-292.1517374578765,178.72361161474194,1314.523559903934
311980,5.82278718093,44.2727256263,-510.31030751538844,326.42760706880034,1342.6038294487907
310485,5.82280537393,46.1897030519,-132.25240178158765,218.36590169951242,1320.497530182823
310487,5.82280886293,46.1271691247,-383.06603883733254,222.616643853871,1321.2071110596764
311329,5.8249027401,43.7274622292,-481.87578387829285,300.9067830111028,1336.6282027011046
311295,5.82692052927,44.3062932251,-421.4993621384616,250.59331710212228,1326.207778129106
310027,5.8273755213,47.556763088,-478.4846670872268,297.92827652861666,1335.9608220861892
311318,5.82861267341,43.8969269282,-336.9596459787589,195.49277250053385,1316.9083051958628
200119,-58.3443464643,-11.3566446805,-603.1602300245664,414.67363418673546,1366.742215300138
111374,-58.3643712089,48.5770757914,-386.54002016527517,224.9740713065734,1321.6063683843802
201931,-58.3849130676,-26.869029729,-665.6983207869505,476.78592940223183,1386.8507066983975
311327,5.83891229626,43.7068222345,-427.59136959204636,255.36542209535392,1327.1177638008742
310606,5.8394322243,46.7484217021,-457.0057522077577,279.4392436147708,1331.9595906279926
312982,5.83988098734,47.0062544845,-377.2996622617383,218.7894183883867,1320.567631661712
201893,-58.4169715253,-3.15609815999,-624.6750932934841,435.86119184719456,1373.3189865258369
312031,5.84343243363,47.4228240139,-419.81774882163495,249.2905028201324,1325.9622223088443
201563,-58.4607812679,-15.8479395431,-712.392596352481,524.0323124561249,1403.7948299847837
310519,5.84768687099,45.9352206498,-241.65599793114728,174.57665396110417,1313.966159496564
312930,5.84825200503,45.9936039227,-313.87362187285873,185.47239910283201,1315.458122109121
310493,5.84842158805,45.9863960821,-390.84354813575527,227.9461588328887,1322.1155439372774
312024,5.85160908031,46.9610037957,-291.10098535480097,178.4687990490612,1314.4889396369633
312023,5.85180000033,46.3819999998,-248.5363591859238,174.14654454311983,1313.9090832969393
312407,5.85181440233,45.4183163481,-304.10856602051274,182.09624185114055,1314.9863503056613
312996,5.85193282934,47.0062807675,-481.0472107119914,300.17763352537725,1336.464242642799
312997,5.85221196236,46.9940680275,-327.3204744605461,190.977795814168,1316.245637670998
200106,-58.522454085,-1.63926397249,-628.9329421307591,440.07861014946207,1374.663319982379
312179,5.85557446864,47.2985397506,-440.469218668008,265.70675571491716,1329.1463953328996
310148,5.8562677967,47.1388953224,-411.700171398669,243.09391561267066,1324.8111986248437
311271,5.85730317378,44.5443518328,-261.28861372180114,174.18584449749295,1313.9142927212563
201562,-58.5978683203,-15.4972331411,-655.0627498367962,466.117011625308,1383.2191181155652
312406,5.86020119402,45.4110231695,-127.29488471232116,221.639109977234,1321.0427530043814
310483,5.86029332303,46.2103641036,-237.51213998102565,174.9873297415431,1314.0207858949454
312405,5.86038169104,45.4229817565,-217.70558057862786,178.49203498378634,1314.4920945926406
312676,5.86042470504,44.2390546775,-433.3111766612313,259.917646408431,1328.0012210492853
312464,5.86062504306,45.6427854876,-155.54182952888297,204.16708976963216,1318.223903871757
201943,-58.607166667,-27.2855000005,-701.8066706201853,513.2686202062498,1399.812393387886
310001,5.86455522938,47.9354201233,-466.9873423273975,287.9468919699458,1333.770397328208
312108,5.86470000039,46.3988000002,-287.687565075231,177.68846856202026,1314.3832211550064
310625,5.86513261043,46.3855768601,-240.31317858598118,174.69729782588905,1313.9821939667074
311292,5.86523974244,43.7434105095,-405.7952529814577,238.68740163541798,1324.00971895729
312171,5.86830586069,47.3181601403,-531.2156153229861,345.7274263974795,1347.4262553317415
310599,5.87279244706,46.7436606797,-496.1730085305817,313.62314107072353,1339.5482577380187
310523,5.87280000006,45.6485000001,-523.7981926477228,338.8334785082902,1345.6738781561908
310014,5.87286413007,47.8561626678,-492.04757214959375,309.9285445002589,1338.6880752774125
310492,5.87289937507,46.0185452297,-442.06677053335466,267.0121693314615,1329.4079730334809
201927,-58.7436250773,-27.5559564568,-709.4209688856378,521.0079345895318,1402.6686451543517
312513,5.87697434041,45.6186872987,-434.96925573530746,261.2497097945384,1328.2625760976723
312457,5.87700737141,45.6268822503,-462.1337594485937,283.7907866144753,1332.8793159026654
111554,-58.7733495248,48.17287729,-266.15998687633993,174.48770536666566,1313.9543445333322
310807,5.87783049848,44.1684564467,-280.8902340804922,176.35366589726652,1314.2034377025875
201892,-58.7982257968,-3.44000000048,-624.0262193602491,435.21915218441046,1373.1153522636077
312404,5.88144006678,45.4472430895,-217.2161131133938,178.61017671692431,1314.5081420138658
312461,5.88181105281,45.5440125875,-229.7134421519863,176.0660339664685,1314.1648711294088
111556,-58.8190867746,48.185469266,-266.8612727276148,174.54416168286764,1313.9618428902224
310554,5.88493524707,45.5571967276,-178.39217373867766,192.4218638543349,1316.4559369318333
312619,5.88557822612,43.9146355537,-429.37214042198303,256.7754230481597,1327.3897988441283
201939,-58.872917579,-34.2938531463,-719.3292265607834,531.1004396541607,1406.448625864001
201942,-58.8896300784,-27.472766556,-756.7006660603162,569.3647135832634,1421.339592520959
312929,5.89002176049,46.0315393698,-419.30552059471756,248.89493386211458,1325.8879094011381
111557,-58.9019755584,48.0557994543,-174.17015262671677,194.4098739598833,1316.7479862475552
312287,5.89037694952,46.7483897231,-485.6399859803812,304.23040358613116,1337.380349287395
312737,5.89339434377,44.7346902045,-232.52011441290068,175.63211740120198,1314.1068072484534
312456,5.89393859081,45.5938268126,-419.41800731145844,248.9817505334252,1325.9042093200335
111553,-58.957048424,47.955888987,-280.77515802923676,176.33360909326984,1314.200746419569
310605,5.89732713109,46.7803267718,-568.6161482515558,381.15139617089966,1356.94747392702
311110,5.89806686115,44.7278424849,-217.41651515614265,178.5616265625861,1314.5015460905975
310212,5.8985882572,47.9730244135,-483.3663107331013,302.2206898465144,1336.9246072853912
111560,-59.0068526871,47.6142137008,-258.1349986357144,174.07485837757218,1313.8995838773471
200116,-59.0086111112,-13.4602709236,-632.8363154055897,443.9515188945862,1375.9080679037768
310525,5.90124367142,45.6938611469,-397.06131874155835,232.33714874937993,1322.8796660629741
312514,5.90203127048,45.5770726802,-453.9878417564781,276.8980472765875,1331.4287772087105
311270,5.90215095549,44.5607718901,-222.33272698594507,177.44904042245284,1314.350874820245
311243,5.90263657453,44.3355043945,-365.37580240327185,211.23744726980516,1319.3374546805524
312022,5.90630715684,46.7940549789,-526.3663998720662,341.2149408855183,1346.2754904095232
310594,5.90633012384,46.5979128557,-324.15166114702737,189.59477183608797,1316.045682224395
312467,5.90637481184,45.6695081979,-350.15530307726215,202.37882402997184,1317.948120606289
312455,5.90643401385,45.5811916886,-394.15837993620835,230.27317104432072,1322.5187308679983
310180,5.90658566886,47.1770285236,-404.7370641328388,237.9071519852476,1323.8692809940212
312472,5.90667011887,45.7020952596,-377.9138354437702,219.19182397677307,1320.6343611659358
311850,5.90881228504,43.4938811778,-349.36843152106275,201.94662044395648,1317.8818223583744
312928,5.90981110913,46.0227921771,-416.6485759204421,246.85280393905464,1325.506079581104
311310,5.90983411913,43.8775066476,-447.3102228089143,271.32964873058035,1330.2818642957418
312673,5.91046822818,43.1442347619,-223.66553168209435,177.17359594019575,1314.3137157057574
312682,5.9107649632,45.7064466299,-375.5742828361834,217.66577424396345,1320.3819331811228
310004,5.91146797826,48.0181633482,-395.529641049493,231.24513694360087,1322.6883130783153
111555,-59.1180965563,47.8694098839,-356.3389056508888,205.86568262888989,1318.488050563278
311118,5.91377387245,44.8267016951,-158.83867638099602,202.32902758547223,1317.9404749826817
311844,5.91503637056,43.2771260109,-256.87862325492085,174.04916758799274,1313.8961804236922
312466,5.91884114987,45.634989619,-227.26446063427608,176.48626752578696,1314.221238155539
310598,5.91926490891,46.7318524668,-311.40153161897825,184.56664465370557,1315.330721344492
310011,5.91973375095,47.846540095,-490.63461430444204,308.6677506264924,1338.396742550845
111376,-59.2030136623,48.4849270478,-192.34721690700997,186.49355128199346,1315.6024874040272
311299,5.9216140221,44.2013013654,-441.7575582424487,266.7591301565943,1329.357173116314
310604,5.92248545517,46.8109838753,-470.49161408021666,290.96932047015105,1334.4261709246996
201956,-59.2269362253,-29.0770686887,-705.7633429601323,517.2884098198613,1401.291318437339
310025,5.92270379619,47.5349883082,-490.21876165938136,308.2971368355519,1338.31131833176
312809,5.9228170792,45.8978800548,-410.76346693009555,242.3890666287127,1324.6820447998202
312976,5.92309653422,45.901421618,-393.0048612236197,229.45974877851455,1322.377342706458
312475,5.92316209323,45.7276369937,-381.0956374605497,221.29661666890053,1320.9853340378147
312424,5.92364734127,46.2820497725,-221.04237314007202,177.7263996522115,1314.3883495098517
310007,5.92365596227,47.9404469208,-463.11599697448503,284.628988588667,1333.0580337475567
310808,5.92670361152,44.1681923096,-307.9232833351127,183.35043054951987,1315.1606139846908
311260,5.92709757556,44.89767806,-225.73019040230187,176.76917263513897,1314.2592592742142
311869,5.92714603956,43.7570277776,-385.96902685614225,224.58399784926357,1321.5400229595214
311291,5.92717326156,43.7522272632,-372.8079880899038,215.88556289820735,1320.089631980257
312471,5.92722220557,45.7236848533,-383.4714642405693,222.88979736145774,1321.2531634632805
311250,5.92727659057,44.2521389856,-592.0552093311164,403.82513669554936,1363.489934404018
201929,-59.2978428882,-34.0558994657,-643.7274959086736,454.78969216302016,1379.4432660648386
311255,5.93067277785,44.3141227027,-274.08482096821325,175.31494255028082,1314.0644540034189
310603,5.93080321486,46.8267135406,-464.4655728544082,285.78306747877104,1333.304924558321
312736,5.9312332599,44.7024889488,-207.65232072207732,181.21242849974206,1314.8642532355452
312512,5.93163018893,45.7478036813,-380.80158295137574,221.1006998459726,1320.9525274082614
311298,5.93210540397,44.2319024209,-390.119110054828,227.44192777472122,1322.0287026777353
312187,5.93227917498,47.314940722,-446.4550474996844,270.6221169415379,1330.1377336094988
200105,-59.3396986206,-2.11032359246,-669.7924641671806,480.9028649460563,1388.2714524570545
312454,5.93457996818,45.5726436728,-148.3246871881036,208.34641509535004,1318.8776625892858
201936,-59.3517435526,-33.2349514547,-687.5253212155169,498.7941528929083,1394.570065344172
200064,-59.3517497706,-15.2102927094,-659.6836316557888,470.74769472410355,1384.7864284004058
311256,5.93524239923,44.2148386755,-340.4556140374316,197.24039113734204,1317.1688699972779
312474,5.93550652625,45.780535829,-318.526867756159,187.26858687597235,1315.712576448374
200104,-59.3649689597,-2.65683588168,-671.1083212073873,482.22718327731826,1388.730757377207
311094,5.9385535155,45.2100904208,-182.83244692008685,190.426379402603,1316.165744185085
312927,5.93927003156,46.0184464747,-408.7614635137197,240.8899170430963,1324.4085518928532
312521,5.93932066357,45.5688294455,-149.34838323516092,207.74094896627082,1318.7821511043062
310517,5.9397487976,45.8730658697,-441.23586866196024,266.3326165581672,1329.2716512574148
310518,5.9397564966,45.8730594087,-440.98626390900506,266.1287288256077,1329.2308153591039
310596,5.94012334163,46.6856150989,-345.9092237694295,200.07828019787166,1317.5968193650258
201946,-59.4059843651,-29.0851455024,-670.9011409463418,482.0186345422858,1388.6583540381355
311317,5.94292005687,43.8856192443,-453.31736973679347,276.3355246498571,1331.3119027400778
311851,5.94355334192,43.4947203749,-365.51947284334113,211.32538183643945,1319.351536627828
310010,5.94363889992,48.0193466853,-481.3100682759833,300.40885311464336,1336.5161948975963
111791,-59.4380968178,54.2981108298,-526.724174105541,341.54716760539816,1346.3597319784799
310597,5.94383079294,46.7034265914,-370.5925795709893,214.47918781192445,1319.8603646592155
312354,5.94402092896,44.160575713,-270.5099186901412,174.89047068769946,1314.007890741627
310482,5.94402508396,46.3105237669,-223.20681106125267,177.26712826342433,1314.326327422781
312815,5.94408431196,45.865194603,-322.41489714422056,188.85874743912916,1315.9398491869492
200100,-59.464444444,-10.1649568629,-520.5596772097218,335.83899355545026,1344.9230051516824
312926,5.94776488527,46.0149320084,-301.4315588777662,181.26677887529476,1314.8717448168545
312249,5.94787526028,47.0338999627,-403.6159482030292,237.08370521807453,1323.7215505814754
310595,5.94825050331,46.6603487698,-351.71343203664406,203.2424155683099,1318.0810064938862
201937,-59.5081666666,-30.3391666671,-709.7666857436941,521.3596758702552,1402.7993341235344
312735,5.95199357962,44.6814066891,-137.96711173800696,214.69634154843794,1319.8956698421955
312075,5.95219163063,43.4899759045,-458.29237233486936,280.52712869029693,1332.1882487565777
201934,-59.5475610118,-29.9937507435,-692.7214236387898,504.05406481148236,1396.460010328571
311328,5.95613313796,43.7728829409,-376.69453713039957,218.3941839480856,1320.5022074105914
312459,5.95620854996,45.5104981357,-184.86310093267633,189.54717743487484,1316.038826428545
312248,5.95759670608,47.0315564436,-390.3515138481637,227.6035169520616,1322.056512076107
310472,5.96016317129,46.1401244228,-432.01069983158243,258.87673419668306,1327.7978851098667
201930,-59.6017203813,-33.8139786666,-676.2496909686242,487.406795235597,1390.537825532168
310602,5.9603010743,46.8350218573,-285.68200399980094,177.2641001372314,1314.325919013757
312320,5.96034007531,45.5184503434,-391.0576712604068,228.09549490214377,1322.1412991766608
310185,5.96034339631,47.1390977285,-388.19728599994704,226.11193349877001,1321.8005396671792
310591,5.96076106334,46.5991816998,-321.65861143598426,188.54316802419606,1315.8945954758287
312458,5.96086934835,45.5562962355,-502.90885350087274,319.69706788577145,1340.9833240606142
310179,5.96399764961,47.2017510236,-277.23298901751826,175.75806010786673,1314.1236455854428
310515,5.96454239265,45.8481605646,-354.89379702241763,205.0366587329291,1318.3588629877138
310593,5.96460797366,46.6062733724,-448.72539661914533,272.50332983975613,1330.521749152433
312814,5.96469822567,45.8605610237,-458.2458072550507,280.4877098540688,1332.1799486454804
200062,-59.6479203861,-3.06849431774,-647.4367983197019,458.49126336833,1380.6680624896708
311303,5.96496342269,44.0353295526,-367.7568036400424,212.70465521900329,1319.573162255784
310471,5.9650910237,46.1446839682,-434.3855414733099,260.780142089495,1328.1702988329891
312460,5.9651042417,45.5360651158,-391.9311981800152,228.7061291305652,1322.24678244864
312470,5.96534796872,45.7357129163,-409.9138868882278,241.75165640130032,1324.565560312764
200047,-59.6563989028,3.82717384181,-521.8351826043462,337.0172344705823,1345.217705995611
312186,5.96902277202,47.3354990087,-477.4489690115646,297.02163367219623,1335.7589270011242
310592,5.96919952504,46.6106141837,-282.7229338876296,176.6845530590062,1314.247880532267
200063,-59.7057502289,-2.69759822005,-522.7791255493985,337.890162928328,1345.436666067053
310601,5.97222963729,46.8201551011,-281.1866421509,176.40571963215794,1314.2104238335787
310590,5.97287557334,46.5730914966,-330.2518793550275,192.30252112900263,1316.4384983076363
311248,5.97293521735,44.2597299592,-272.3585310313539,175.0994807349474,1314.0357256739799
312812,5.97301339736,45.8449397254,-404.60752511033434,237.81183811579143,1323.8521558474367
312043,5.97332867438,45.9016439951,-514.0773410405402,329.87473602222644,1343.446091832355
310023,5.97673130666,47.6605361076,-492.163475721896,310.0320716152278,1338.7120473141058
310481,5.97700575569,46.3513532763,-224.57329590098163,176.99244140746157,1314.2893077664703
312924,5.97708190669,46.0521854185,-272.96135633028484,175.17249856190946,1314.0454575266097
311093,5.97749934073,45.2351523279,-193.75166869518512,185.95403653239177,1315.5261167671983
310551,5.98100819102,45.5562587075,-154.78578271128276,204.59499882085802,1318.2902463935634
200045,-59.8107068896,3.37861996469,-673.9176005730549,485.05634460141727,1389.715696691947
311269,5.98126241004,44.5726445591,-214.44928282653746,179.30580964364984,1314.6028425215957
312672,5.98133433204,43.1144146784,-369.2150315341525,213.61352811759187,1319.7199701409158
312922,5.98164643307,46.0107207381,-400.4049081053843,234.74376965429158,1323.3044614091655
312729,5.98164670507,44.7860360178,-199.12875492053539,183.98930533024398,1315.2498335562716
312925,5.98520763536,46.0518431255,-250.97995079722438,174.06979694246346,1313.898913311631
310589,5.98554127639,46.6642059502,-370.736853922676,214.57024474151297,1319.8751645978975
312452,5.98555106039,45.5816426266,-236.5289100251849,175.10140262373258,1314.0359817732135
310211,5.98737295454,47.9153102007,-454.40166390348753,277.2456151270669,1331.5011045061435
201935,-59.8771445141,-31.1061705206,-643.3894869623143,454.45264241970847,1379.3321805845574
200046,-59.8850533528,3.56893286944,-653.8227275730104,464.8756161797566,1382.8012867770997
310584,5.98970391774,46.7398021074,-317.2220777306256,186.75304338789934,1315.639296847178
312045,5.99305097001,43.5642501127,-375.13953735596135,217.38424900567335,1320.335552770452
312995,5.99386981508,47.0934838857,-255.2159999749996,174.03140952429615,1313.8938281668377
311239,5.99424792211,44.414539748,-234.16097574853546,175.40217834108478,1314.0760953463434
311113,5.99428795012,44.77670516,-168.4628191904582,197.23283822159812,1317.1677390016966
312364,5.99460478714,45.8356188066,-406.8611706328127,239.47628749953088,1324.1521636384743
200065,-59.960337281,-15.0065330835,-744.9843318599635,557.336997082849,1416.5643608785383
200060,-59.9711111109,-3.11499999959,-614.6452215152362,425.9575042419451,1370.2079607176136
310480,5.9977425164,46.3692133948,-223.87473288254188,177.1313833149902,1314.3080259775395
310008,5.99803925043,47.918746692,-536.8173841789096,350.9651562249967,1348.7796710648965
311116,6.00166146373,44.9430448907,-118.90979167442195,227.3548486167949,1322.0137243551824
112247,-60.0184932178,45.8812314424,-379.272777206041,220.08668315773616,1320.7831798964085
312921,6.00195147975,46.0104103471,-411.2623847215402,242.7642216222274,1324.7507416467977
312469,6.00209089876,45.7189213009,-224.07204814711477,177.0918236637205,1314.3026950449569
201864,-60.0252855354,-3.30194151506,-620.1271687219742,431.3649916041182,1371.8986173094263
201891,-60.0264221415,-4.8977930711,-619.9623254856875,431.2021922170825,1371.847437132392
200061,-60.0268018365,-3.13996373366,-601.8038618151428,413.3452273021159,1366.3397590377483
200103,-60.0269890715,-4.89736526006,-621.4637230851677,432.6854142632533,1372.314369199003
111332,-60.0559561639,52.1645407133,-468.1940594114457,288.9856631883044,1333.9950426153312
312981,6.00597199508,47.073019881,-354.27882769233685,204.68645272374036,1318.3044428820388
311125,6.00601476209,45.1108900846,-218.39407257101175,178.3283719263046,1314.46988114136
311107,6.00609500109,44.7354077756,-187.82123267288907,188.30472129906764,1315.8604516655305
311092,6.00637202512,45.4402281079,-328.6529820183164,191.5746238835502,1316.3323655938946
312046,6.00660335513,43.2393440758,-210.3696850361677,180.41680639410424,1314.7548380680491
311855,6.00686581816,43.5189986109,-410.85431771792184,242.45733489763168,1324.6945381632538
112248,-60.0856398974,45.8815394364,-358.6558767431034,207.21245633369554,1318.6990036599475
312451,6.01023851544,45.6236316571,-223.27666642628466,177.25279879025837,1314.3243948405106
311254,6.01066033247,44.1441225356,-260.75969641285735,174.16259182679548,1313.9112103128282
311853,6.01444577478,43.5188117229,-344.84198586744213,199.51243155812855,1317.5110134416834
310624,6.01451102679,46.5321401932,-247.54786518135887,174.18892725538484,1313.9147014065547
310588,6.0146333298,46.6524746512,-298.24421275091834,180.33460101631312,1314.7435599833177
311247,6.01512197384,44.2768683146,-264.2789230175088,174.3524122515247,1313.936385009495
310059,6.01798522008,47.3356008507,-487.62575810958344,305.99094236462486,1337.7819392573235
313029,6.01888900715,46.2354149877,-549.686529984595,363.0931847936425,1351.9862133311435
201916,-60.189527334,-33.4088972501,-736.8128251571361,548.9647774206834,1413.2913312698254
311240,6.0194321952,44.4188914914,-232.6008685356416,175.62039022706614,1314.1052399474713
111331,-60.2060487003,51.9811576571,-408.0517029808243,240.36085039783313,1324.3124248446302
112243,-60.2102041107,45.9769578323,-347.0476990896772,200.68742921915853,1317.6894567539384
312920,6.02336826952,45.9815685067,-359.43412069061173,207.66961960607122,1318.7709168393214
312286,6.02390593057,46.7601674411,-466.49975382299215,287.52777317839616,1333.6799768095875
311067,6.02416756359,45.5069841034,-190.2753622267816,187.30900951036296,1315.718330509098
311090,6.02480117364,45.4351630295,-227.50604440634982,176.44309680739508,1314.2154414725455
201959,-60.2560999495,-32.7269924647,-690.3704270412595,501.6732617522975,1395.602422522648
310514,6.02611619375,45.8032818449,-391.1871709843965,228.18587817474975,1322.1568950742103
310022,6.02648970878,47.6475341595,-496.9354546190807,314.3081132910352,1339.7087930869395
310556,6.02684917681,45.5601940588,-136.3289592562117,215.73659089297342,1320.0652774935095
311854,6.02710441383,43.5023837915,-402.39131077307354,236.18802753276057,1323.5614245450456
201907,-60.3019791923,-33.3267603003,-695.8834477697196,507.2585754713737,1397.6198777146603
112242,-60.3020744833,46.0230678341,-263.8936592543998,174.32760735510067,1313.9330937608843
112241,-60.3064347346,45.9308755325,-320.513935262522,188.07125548779584,1315.827062092375
311978,6.03128285318,44.0439226634,-316.64739326536727,186.52889750768372,1315.6074983821452
312918,6.03138681118,46.0393400035,-336.15046963429995,195.09643957535013,1316.8495285828494
312285,6.03144336919,46.7812620118,-306.3667527160193,182.82852021610657,1315.087954472364
112214,-60.3434625567,46.8061895299,-319.24115959361006,187.55469424001942,1315.7533292853038
312370,6.03550299453,46.0354843311,-400.48829942005034,234.80418608336655,1323.3151801427227
310021,6.03564860554,47.6356025655,-497.19908773166384,314.5451119685479,1339.7644149839182
112213,-60.3691284678,46.710343535,-257.4923862844427,174.0603985235593,1313.897668210152
112218,-60.3816985529,46.7145490463,-263.194389023975,174.28511121070676,1313.9274562104345
201890,-60.3852119591,-5.16465660618,-625.0756545788748,436.2576238337462,1373.4448567550721
311235,6.03922872683,44.5144291563,-367.0525826697933,212.26851955826058,1319.5029308756195
311241,6.03954438386,44.4397951181,-224.07663949766942,177.09090609002354,1314.3025714095213
312284,6.03971708687,46.7816157109,-410.95317983840454,242.53164636049576,1324.7081413202786
310019,6.03985446589,47.6911346041,-491.9139961031706,309.80925176954594,1338.6604620574628
310479,6.04024274592,46.396867933,-225.61038919017318,176.79189674174657,1314.2623158819702
112217,-60.4049387178,46.7187490467,-262.01406279269406,174.22077485108204,1313.918923900408
310512,6.04076788596,45.7732570554,-240.39663008309634,174.68945220400246,1313.9811508941934
112211,-60.4105969862,46.6606096679,-147.3982871875727,208.89786054635243,1318.9648882114861
111763,-60.4183597989,53.3935748309,-504.79126829910257,321.4033837625748,1341.3911417956838
112215,-60.4216969862,46.5228096435,-119.08138848044727,227.23570675321307,1321.993240004474
312054,6.04344474218,43.1272801485,-382.3891065551974,222.16173646514704,1321.1305375863144
311068,6.04385156222,45.501919142,-191.80207379194857,186.70586191764613,1315.6326003365473
311253,6.04388643522,44.1857841091,-261.8087966295105,174.21053496251602,1313.9175661683728
201914,-60.4395730106,-33.2397631271,-701.1152143614157,512.5665504177013,1399.555118171841
112216,-60.443833976,46.6229550567,-168.53016422906535,197.19864158569328,1317.162618827735
311860,6.0461075344,43.4930774908,-339.0433350723599,196.52754770163497,1317.0623133320278
200058,-60.4658258948,0.514762953737,-632.3089192882684,443.4278763423126,1375.739198289904
200049,-60.468416438,4.63055555628,-568.385511598873,380.92993314979606,1356.885284083884
312371,6.05143853984,45.9437849866,-395.71926269107456,231.37996679897145,1322.7118919968125
200059,-60.5227095485,-0.856027162682,-673.3010527113044,484.43522278747895,1389.4990267254773
200050,-60.5293390271,4.16864547306,-651.3673848278751,462.41915201450087,1381.9773993606784
200066,-60.5308556472,-13.514314062,-646.2003797454897,457.2568560724687,1380.2586325102889
311087,6.05350320001,45.4394242238,-227.60457288004704,176.4255975063532,1314.2130921769758
112231,-60.5356281056,46.3729516711,-163.2812322698482,199.92567560408335,1317.5736548518428
311074,6.05563122519,45.4733381316,-360.0352302854881,208.02436312358054,1318.826825571449
311246,6.05656946027,44.3148800418,-256.86621080050315,174.04896646488143,1313.896153781336
310499,6.05672314328,45.9021864181,-409.4700641107967,241.41938757543844,1324.5049569145426
200044,-60.5686867783,3.20777777756,-654.8125629509676,465.86650440539427,1383.134722332136
112237,-60.5974770117,45.731835513,-382.88988063762406,222.4981217947288,1321.1871458639298
310015,6.06003929456,47.7939077816,-482.8931711598173,301.8033055323828,1336.830316616199
112245,-60.6023869911,45.9439095406,-200.93168841718244,183.36694773127033,1315.1629167955493
311233,6.06047344159,44.4601153668,-225.8583424298434,176.74496602536644,1314.256003680106
311262,6.0605806496,44.522892,-326.53473347456963,190.63007397516557,1316.1952306924957
200023,-60.6058301914,-3.31025285075,-627.3313529938823,438.49133657977245,1374.1560000412653
312917,6.06081147962,46.0395873495,-238.25025289658672,174.90587771590515,1314.009941459145
311105,6.06082725562,44.6984593965,-225.70945333997122,176.77309951737647,1314.2597874495264
201863,-60.6111532118,-3.33931358215,-618.7791655147174,430.034053722441,1371.4807135190963
112212,-60.6145335501,46.831233053,-196.0947819099824,185.07807736528724,1315.4025828297304
201953,-60.6145911501,-33.0020367295,-701.5150559996016,512.9725141947939,1399.7038474310282
112232,-60.6228232378,46.3061512545,-266.90966296122946,174.54817768576066,1313.9623763743443
200102,-60.6472904508,-7.20792019724,-551.2200598566575,364.5467896169456,1352.3773223527212
311109,6.06496708396,44.7858563517,-169.39871618774046,196.75948005038543,1317.0969414525237
200052,-60.6563442616,2.82324326774,-647.6251730708485,458.67938093292895,1380.7305438379024
301586,6.06718552415,51.231153228,-567.0402027662622,379.6388129165818,1356.5233829413357
301593,6.06765238519,51.8646555104,-492.23684870163146,310.09761787777325,1338.7272286793018
201911,-60.6771849933,-32.9057830965,-678.764492686149,489.94325217963853,1391.4289240023206
310018,6.06799797921,47.7518505482,-503.9796840867074,320.6672574857227,1341.2149530247973
311076,6.06892560029,45.2771873554,-115.48141828242652,229.75355748986965,1322.4283562345242
313024,6.06910050631,46.1442880441,-492.57757514527833,310.4020823469062,1338.797786418543
200101,-60.6919444435,-9.81468140892,-612.7172263576117,424.0589313589895,1369.6189387779445
311073,6.06949601534,45.4810696153,-357.79592309583916,206.71008859084967,1318.6201579375054
200088,-60.7185205687,-11.8516856305,-588.5050454174141,400.3706725962539,1362.4708201165524
301585,6.07221230056,51.7104666357,-575.2511155359117,387.5367393657096,1358.754865511841
201919,-60.7272833755,-32.7228238024,-696.9527483465511,508.3428578548189,1398.0137772303601
200051,-60.7273884325,2.86083333285,-653.2431964745068,464.29562823470957,1382.6064120319124
311077,6.07284826262,45.2810855557,-115.26573743180305,229.90561625705993,1322.4547828112811
201954,-60.7519410245,-31.6531666668,-679.0213659110786,490.20244467017267,1391.5202107603425
201862,-60.7650308076,-3.19770156643,-640.1673790802976,451.2418482439207,1378.2776446712337
311078,6.07712455597,45.2944488378,-148.3446304741816,208.33458045050787,1318.875793092505
312390,6.07713556597,46.0354958151,-239.36620196015937,174.78955444782622,1313.9944629023228
311075,6.07738363899,45.2767813324,-82.95472657884048,254.07083251814814,1326.869265651428
310581,6.077437878,46.8058850059,-490.731529343244,308.75415252738384,1338.4166716298766
111762,-60.7880404335,53.2518597582,-451.4704863645294,274.7899000066035,1330.9919418762586
200048,-60.7936036729,4.19424978218,-646.0243665397555,457.0811749578963,1380.2004422165592
201933,-60.7977790833,-32.4777793881,-671.6644303430411,482.78703237659556,1388.9252603451687
311086,6.08017596122,45.4433752901,-228.47757385735264,176.27327381615956,1314.192652260604
311091,6.08032478623,45.3899992187,-196.6330914401594,184.88113451154612,1315.374887282014
201932,-60.806226091,-32.4397992509,-662.9185033872617,473.99373866353574,1385.8932586913504
310586,6.08065760326,46.6650639452,-351.06393331602357,202.88118380000398,1318.0253544351815
311257,6.08103645429,44.4775937432,-183.73740391549993,190.03194446982383,1316.1087341526447
312185,6.08121223331,47.38685438,-401.5030200278389,235.54085835124877,1323.4460911373526
112197,-60.8269545607,46.8183671129,-103.72573040839191,238.23179631317993,1323.9276600209316
311232,6.08516666763,44.4771711882,-211.77574377319218,180.02250504608702,1314.700788208847
311083,6.0859612187,45.4101829524,-218.08635620394605,178.40115587290566,1314.4797573986004
310506,6.08629988473,45.6272179224,-224.10754576343837,177.0847330099534,1314.3017396545972
200089,-60.8687760332,-11.7516993162,-623.3108870985951,434.5115630441409,1372.8912406352358
301580,6.089620279,51.1397321355,-556.041546389294,369.12805238132466,1353.6194366396799
312421,6.08970098501,45.9105870208,-395.24274595806537,231.04133622440176,1322.6526978909662
312915,6.08971719601,46.0146159024,-388.0407638200484,226.00410645544306,1321.782098656438
311259,6.08986508502,44.5645474504,-330.68144697716775,192.50024937043958,1316.4673965585232
311079,6.08999314603,45.333220544,-187.2884015571638,188.5251293380553,1315.8920109894373
311848,6.09053029008,43.1429769828,-432.8390743038864,259.53937676075304,1327.927237571116
200055,-60.9144977979,2.47311009077,-653.1369319351955,464.1892927593879,1382.5707069464315
112200,-60.926870806,46.6273869231,-250.6183617341698,174.07863654579086,1313.9000844415589
311868,6.09370849734,43.8187240317,-435.92591162739234,262.0207459991141,1328.414442682639
311084,6.09388936036,45.4273249168,-219.09888328482404,178.16388481662162,1314.4475759979339
311114,6.09403162237,44.8682816006,-150.74490202650304,206.92163464235225,1318.6533369604604
112198,-60.9440500424,46.6396758301,-171.75750866444676,195.58451457803503,1316.92192727459
312810,6.09460444042,45.7274633337,-241.03049439230577,174.63136519264404,1313.9734296792083
112196,-60.9483284597,46.6435623785,-221.2516281171454,177.68070840513053,1314.3821720995927
311080,6.09750773266,45.3515890776,-186.90386813364728,188.685122476013,1315.9149424023128
112192,-60.9770482121,46.3648637784,-297.46345147786496,180.1155425528218,1314.713531102115
311316,6.0980076557,43.9113097794,-454.5249922597455,277.34925309705034,1331.5226878981018
311081,6.0980778537,45.3602251393,-182.46395337780294,190.58819155768492,1316.189165338753
311085,6.09810839971,45.4304886801,-179.38276262353835,191.9681156997801,1316.389690646056
311245,6.0993065858,44.3191868761,-239.0786413889328,174.81874256022786,1313.9983458681497
312914,6.10219484704,46.0144370684,-389.7547612692404,227.18892407950185,1321.985199394568
311070,6.10240080906,45.4986131517,-357.3416879805636,206.44592453169676,1318.578772751041
310006,6.10251257207,48.0903308252,-454.2757174806501,277.1398030781346,1331.4790763072779
310509,6.10273946409,45.7147108546,-260.57299490578924,174.15483007079138,1313.9101814929668
200043,-61.0366666671,3.44006185278,-666.3578463134626,477.4487614569171,1387.078721634298
200067,-61.048288706,-13.4856937727,-700.6628019762929,512.1072614811321,1399.3869755916692
312979,6.10585481935,45.9070330815,-427.3697384207543,255.19040411626327,1327.0840977673254
312806,6.1065347774,45.8734149747,-201.73244117808733,183.09648944936984,1315.125235345508
311258,6.10732749847,44.5683276007,-208.99782853845053,180.81296566323869,1314.8092594539444
310510,6.10747343148,45.7232270243,-349.2981583374775,201.9081503943924,1317.8759279194605
312051,6.10960521566,43.1480331862,-432.6595422627835,259.39564556503024,1327.8991532236148
312036,6.11162131482,47.4687115047,-457.9197457454518,280.21178553077624,1332.1218806641682
200056,-61.1187624448,1.81909296066,-647.8914768928835,458.9453433056102,1380.8189194589559
112194,-61.1357696762,46.2229857627,-412.15382757034513,243.43605744261856,1324.8740220326988
311228,6.11440333405,44.4727294178,-206.4909038503984,181.56587214467632,1314.9130108572017
112236,-61.1476408072,45.9810275126,-162.40418373188993,200.39333820400884,1317.644698008701
311301,6.1149660701,44.0985516599,-256.8075940215955,174.04803060964417,1313.896029810955
310507,6.11542825814,45.6898202805,-221.61388455197007,177.60226025427116,1314.371569626078
200090,-61.181111111,-11.6723862076,-645.2838262551927,456.3421574326362,1379.9558778613784
200091,-61.1895126727,-11.6836111106,-642.8584563589867,453.9232055610278,1379.1578360509334
312860,6.11935488746,45.8934253344,-210.86811832592235,180.27566750115594,1314.735477762307
200092,-61.2017374707,-11.653062286,-648.8258566484055,459.87872947484584,1381.1294313051521
311252,6.12258322773,44.2398328646,-256.590200234557,174.04476056175315,1313.8955966411077
313025,6.12319007878,46.3147231062,-472.80148806864935,292.9712359813404,1334.864114921938
310513,6.12335521079,45.6861146392,-210.4897983957961,180.38265783885572,1314.750152478753
311231,6.12698048809,44.4898628853,-213.05597046972127,179.67388838408345,1314.653097345817
312994,6.1270247931,47.0818165787,-358.97182917726184,207.39776730014808,1318.7281350130438
312857,6.12734177112,45.9349618788,-424.61681453851384,253.0252336090726,1326.6694498015777
312055,6.12752536114,43.1565968519,-451.0799950328749,274.46384418045085,1330.9246642677433
112187,-61.2851044446,45.719016671,-289.37074655761,178.06415514302245,1314.4340620741282
312369,6.1306150964,46.009534318,-388.0680872012491,226.02292395094162,1321.7853162844665
311867,6.13074849341,43.3395653261,-405.35393454398553,238.3616431023134,1323.9510312305092
311069,6.13096924042,45.5183187193,-356.29207756516666,205.83868552663435,1318.4838355676673
311062,6.13117508644,45.477891207,-241.78992729605883,174.56527667532805,1313.9646479318342
200099,-61.314493934,-5.81466718396,-614.0401021211875,425.3614354939586,1370.0227775476492
201889,-61.314623688,-5.81504780599,-613.3161594445631,424.6485413053266,1369.8016074697225
111330,-61.3226210477,52.2313996438,-471.98811807787956,292.2654446701703,1334.7093879725828
311251,6.1355044968,44.2391692535,-158.44370271844514,202.5468168817689,1317.97392736838
310580,6.13604110884,45.6774991955,-212.20320753051402,179.90499781800142,1314.6847030500467
200042,-61.422222222,3.35277777756,-636.8781286380963,447.96826054599205,1377.209360500609
311302,6.14245472137,44.0403697691,-337.9001208527291,195.957299591698,1316.9773435625857
311842,6.14380826249,43.2311124091,-421.8217951595491,250.8438465894371,1326.25513969435
310505,6.1439684935,45.6729103221,-208.893236273176,180.84363122741118,1314.813476942418
200054,-61.4396999094,2.87298412586,-649.8271164283315,460.8792760643648,1381.4629084052556
111764,-61.4397753204,52.9686954938,-317.99254063207434,187.0563554019545,1315.682385794595
312816,6.14457809955,45.8049053421,-237.66077500647836,174.97063895830044,1314.0185632978594
311244,6.14463759956,44.3306192941,-204.034958490275,182.33939610479553,1315.020043788594
312047,6.14533832261,43.338359954,-425.67874283529284,253.8585058298206,1326.8286253981876
112190,-61.4563973348,46.0317095448,-234.601857954489,175.34339390083775,1314.068250121948
112186,-61.4604912381,45.4686914982,-277.4268037608161,175.7874502855624,1314.1275767107977
310491,6.14802945684,46.021945947,-386.5082465746957,224.9523386181997,1321.602669051365
311063,6.14860971888,45.489723234,-239.57254459651736,174.7689468444046,1313.9917218061144
310178,6.14968626997,47.2855614516,-290.743156557715,178.38358668383685,1314.477373024003
311065,6.15225687219,45.5489381029,-234.57956325012975,175.34633600525714,1314.0686427064466
311230,6.15257327921,44.5021092103,-213.0411878075717,179.67785704110761,1314.6536397488046
311122,6.1560227205,44.9679791748,-128.80038991211737,220.636510881053,1320.874910855551
312163,6.15633092452,47.6937717693,-308.6132977446444,183.5862389632222,1315.1935094618418
312817,6.16000631083,45.8398241569,-237.52776901857496,174.98556785313986,1314.0205512665243
311061,6.16003629283,45.465301377,-179.4293755347874,191.94688453746696,1316.3865946892402
312247,6.16013282484,47.1309176298,-403.9681940696233,237.34206883310563,1323.7678489190896
312419,6.1608846979,45.9435535775,-379.06983056056714,219.9526533028961,1320.7608526485326
312910,6.1609397099,46.0646967626,-310.1711993186199,184.12861178876418,1315.2693282644252
312871,6.16106081791,45.6728228881,-126.14270681058697,222.41137611533347,1321.172539988404
112028,-61.6107973756,45.6053094675,-253.9678571664627,174.03023849808895,1313.8936730594285
112027,-61.6266705189,45.610527254,-263.1895915476266,174.28483091179365,1313.9274190303843
112185,-61.6394237789,45.3526636066,-331.7283378020609,192.9859462135235,1316.5385051831274
311843,6.16427331918,43.1314140439,-414.1616385837061,244.9563385012427,1325.1542053534108
312122,6.16428002518,47.8062487317,-499.0196045324597,316.1838463016792,1340.1500978830761
310503,6.16460411921,45.6515276214,-164.69092126203378,199.18112385096475,1317.4608837807775
312418,6.16471254422,45.9404859333,-246.95189800697733,174.2176324090493,1313.9185072279442
310504,6.1656664133,45.6816342069,-125.7456539668235,222.6784959593256,1321.2175342299245
312056,6.16857416154,43.2354408355,-411.1289684934555,242.66384070802476,1324.7323502432725
311249,6.16859284554,44.3401511749,-205.86581149818682,181.75939551862143,1314.9397469288047
311849,6.16876781555,43.2470859304,-327.503362764667,191.05918054012696,1316.2574484737245
312861,6.16887223556,45.9688117916,-417.72941951892403,247.68156624401465,1325.6606724388346
312076,6.16898195757,43.435634176,-309.75044409897646,183.9807714083045,1315.2486397795244
310502,6.1693837766,45.6565766798,-129.3330498248232,220.2835612935575,1320.8160006488667
312177,6.17214345383,47.3816950475,-453.24080471192656,276.2713347176431,1331.2985805522976
312246,6.1729392349,47.1276343305,-404.1492617769211,237.47500500443928,1323.7916898801536
311315,6.1729747289,43.9474303824,-283.66910306090585,176.86379823911338,1314.2719898565367
311856,6.17324240292,43.4730493041,-464.1891819963357,285.5464887695901,1333.2542358614642
312164,6.1765703192,47.6268917958,-480.6245401898741,299.8060254176209,1336.3808263629815
201888,-61.773018747,-6.1837401795,-631.737369591024,442.86052156473176,1375.5564335040858
112029,-61.7938457597,45.5523322762,-252.1183713235281,174.04767903767691,1313.8959832392732
311103,6.18054063953,44.6231569403,-182.75253336274864,190.46141202591045,1316.1708132551787
310129,6.18070886554,46.6972021179,-354.3600227491547,204.73260180651573,1318.3116090046235
312170,6.18106372957,47.4185948656,-535.5482625452737,349.7762244951745,1348.47078849191
312161,6.18126462859,47.6430348191,-429.36155754985964,256.76702397900584,1327.388174121244
312196,6.1850250499,46.8110024193,-312.8378573121067,185.0887604490185,1315.4040859897193
310494,6.18547907993,46.1850846825,-476.00747535643353,295.76216730376257,1335.4794344362303
311108,6.18788426013,44.8194601965,-133.05591551842116,217.84312742933488,1320.4111815499323
310501,6.18877387621,45.6431279547,-187.79592485051958,188.31515609930764,1315.8619449663408
311857,6.18964988828,43.4728917961,-397.42008252890093,232.59388742727708,1322.9247811808605
310446,6.18968813828,46.1778065999,-381.8526481823428,221.80227629557285,1321.0701381697309
311314,6.1898966643,43.9731025735,-279.83423450328786,176.17281372683723,1314.1791812726017
311229,6.19013544332,44.5366146731,-212.69694825131938,179.7706497081568,1314.6663252287203
112002,-61.906279723,45.5570153725,-338.68832410300547,196.34981136323162,1317.0358038475156
200095,-61.9347222224,-9.34722222225,-650.2982657003392,461.35021490652946,1381.6200928577275
312157,6.1935381246,47.8562744728,-395.56979735026886,231.27368139427367,1322.6933037932695
200093,-61.9355555564,-10.8736111105,-622.8248444139695,434.0309070455614,1372.7391917129369
311226,6.19406964865,44.4601772158,-144.34352296377367,210.73962252222205,1319.2578401111375
312856,6.19496324272,46.0020803094,-270.8517285042911,174.9274204894654,1314.0128091586448
112003,-61.9521330708,45.7767772787,-240.91443741733087,174.64180159043912,1313.974816751314
312153,6.19753813493,47.9102376673,-348.3915658383425,201.4137518244951,1317.8002730375774
312993,6.19776183795,47.0812897117,-412.1713422408385,243.4492768946971,1324.8764510755125
311058,6.19791580896,45.5648527002,-232.63849704117968,175.61494029598015,1314.104511615821
311121,6.19793302296,44.9765879115,-32.369536575134305,296.2219018029241,1335.5813248550744
112183,-61.9808815212,45.1733789668,-223.74281211522765,177.1579699406568,1314.3116093633919
312069,6.20119763624,47.4732685081,-484.01536000881754,302.7937197575445,1337.0542610225305
200053,-62.0172222222,2.73166666716,-667.9628268105386,479.06237649761056,1387.6349738924257
312070,6.20227462532,47.4979534131,-469.25004589717946,289.8964293728766,1334.192639747738
312992,6.20264701636,47.0682621506,-295.8143192626906,179.66496008349543,1314.6518771430324
310139,6.20273766736,46.8397385537,-442.4113381227065,267.2943497279245,1329.4646778272709
112009,-62.0434585994,45.6397128234,-277.3905032998954,175.78192708856199,1314.126837898406
200096,-62.0555555564,-8.93222222191,-617.6943730841765,428.96357956877483,1371.1454382341615
312854,6.20607209664,45.9066855105,-245.14742043421168,174.31899293064822,1313.9319508598037
312121,6.20646184367,47.8062556967,-542.7048119999921,356.4975708279732,1350.2298242151742
311104,6.20733756074,44.6600050063,-177.6595300898067,192.7605861363363,1316.5054894536213
112184,-62.0738975259,45.2561093987,-318.52986806783196,187.2697829172075,1315.712746684379
310133,6.20908686389,46.7192631407,-420.978251493948,250.18890882674935,1326.1314227081016
312176,6.20975499694,47.435552309,-496.5456765520373,313.95785864629073,1339.6266633654539
112181,-62.0980975269,45.0146812897,-284.9056224683699,177.10665218036644,1314.3046931516421
201861,-62.1437718387,-4.72694916396,-638.830009614853,449.9103406708815,1377.8422895369715
312159,6.21451049934,47.8364533542,-497.22651495981836,314.56977279604035,1339.7702049795132
311999,6.21466270035,47.0649721123,-255.65524117005126,174.034302483449,1313.8942113559963
312156,6.21488975737,47.8771750615,-306.1663748251925,182.76234659973684,1315.078756397706
200069,-62.1527777784,-11.9267639867,-535.608178509599,349.8323248838985,1348.4853413098595
111758,-62.1645256814,53.2354379739,-434.6177318154099,260.9668461270326,1328.2069699302835
312035,6.21882840569,47.8674019267,-475.3010409623844,295.14597171918876,1335.3431037811813
312984,6.21997695979,47.0396110312,-339.37311255376915,196.69317581257368,1317.0870379762798
201952,-62.2060755328,-22.7019929082,-602.2404653373727,413.7727304136577,1366.469148070262
311862,6.22170124293,43.4434338477,-310.7794776500705,184.34411036802246,1315.2995138831582
311100,6.22274328202,44.7147177449,-115.14062275561596,229.99388621004647,1322.4701311893189
312197,6.22275291702,46.8687121481,-484.9211232547142,303.59429054164167,1337.2357882749689
311870,6.22322503006,43.4861035752,-420.0980528747795,249.50722117887838,1326.002984014101
312818,6.22391843712,45.75593838,-203.0831664159856,182.64863624030448,1315.0629583842508
310138,6.22696327537,46.8226649853,-306.94366658017344,183.020336302615,1315.114635191251
311047,6.22709999438,45.2187264476,-140.05937654194568,213.38165780121005,1319.6824588058626
112001,-62.2733338314,45.5894362462,-193.34578594138702,186.1088469074887,1315.5480086606985
312819,6.2273896634,45.7818049201,-202.6536009258745,182.78992307674446,1315.082589106972
312154,6.22775635743,47.8974355802,-489.6899309017134,307.8261362281844,1338.2028958043197
200057,-62.281194215,1.75028700197,-682.5057467205355,493.72022493657033,1392.763339805192
312117,6.23163388175,47.810745111,-498.25962485411094,315.49929902840574,1339.9887566249613
312160,6.23309955287,47.6768412529,-427.5041847227501,255.29656140901693,1327.1045152741974
311106,6.23471828801,44.8232913188,-134.35843942653574,217.00038049395638,1320.2724057286118
310140,6.23544507207,46.8771460978,-529.6085797145907,344.2297197760944,1347.0427462300602
312823,6.23574590309,45.7853866484,-225.38640055013553,176.83462914064205,1314.2680648395908
311872,6.2357784711,43.4856191742,-485.8684599068993,304.4327132413792,1337.426385669657
312859,6.23908259737,45.9936812477,-267.92760630334044,174.63625823834562,1313.9740799899307
311225,6.23933761739,44.4645677402,-186.6967638146527,188.77161447271402,1315.9273470159853
311227,6.23937057939,44.4558628114,-208.461959793655,180.9707668563951,1314.8309696118686
312776,6.23992219844,46.1609611725,-248.21306559544297,174.1596879154426,1313.91082539444
312184,6.24004512645,47.4106197599,-365.9738285992496,211.60398116872815,1319.3961895656475
112000,-62.4311803314,45.5688668595,-218.47079592907818,178.3103163343746,1314.467431740003
200094,-62.4601364578,-10.4519030866,-673.9990445437865,485.13840157426176,1389.7443393933736
312974,6.24775141909,46.3028519993,-537.236883556873,351.35843913372287,1348.8820604279608
112171,-62.4977737919,44.9349060431,-273.48397721088935,175.2377321779272,1314.0541552663487
111999,-62.5152976874,45.5442094435,-193.177716012674,186.17321569284965,1315.5571163713535
312881,6.25199504944,46.1691666392,-436.75219575789583,262.68815187457113,1328.5462450848943
311098,6.25206674244,44.7310655562,-138.39028359454792,214.42917113040022,1319.852237799961
311871,6.25208317645,43.5357397283,-399.46817387493587,234.0664189574213,1323.1844726558143
312522,6.25247556548,45.3145108015,-116.71472086753121,228.88666537165497,1322.2780213626977
112355,-62.5316279017,46.3191529726,-440.21855262051736,265.50236193808814,1329.105550507031
112172,-62.5439857428,44.9273179754,-402.09766130770527,235.9738529044866,1323.523222103973
311057,6.25540973672,45.5559490225,-173.48780824872685,194.73927286875147,1316.796660305358
311102,6.25610940778,44.6769561247,-181.11465206558117,191.18658752255556,1316.2759480604416
312973,6.25665282582,46.2906044762,-503.6892581398809,320.4040052049089,1341.1520371476315
311313,6.25682825984,44.0105580376,-262.37611860171694,174.2395215806053,1313.9214097785807
112363,-62.5701557729,46.1151934487,-357.42388448130106,206.49366533811835,1318.5862482290133
312198,6.26039147113,46.8816686572,-442.18642854836986,267.1101372350642,1329.4276533936056
200038,-62.6228000913,0.881582737088,-685.2429479877153,496.48616397976747,1393.7462363060354
312175,6.26459100848,47.4273739243,-421.413805456399,250.52687892310323,1326.19522592145
310005,6.26471295849,48.0433877483,-487.1218222503323,305.5437015210197,1337.6797126865088
112361,-62.6478144604,46.2020566969,-423.27052013766786,251.97235967052197,1326.4690460888357
111990,-62.6514322427,45.622992732,-363.5638218551411,210.13507592202453,1319.161404198383
312073,6.26717755769,43.4810925758,-395.9200564685748,231.52285221256528,1322.7368942047906
312772,6.26824366478,46.1455534982,-386.965116804446,225.26513197609313,1321.6559461062857
312821,6.26836996879,45.7639940857,-208.82105445374324,180.86483238868382,1314.8163931853303
310498,6.26917512286,45.8978811128,-237.2422676712326,175.01800656478693,1314.0248714601282
311101,6.26922872586,44.6856468385,-135.1070977204482,216.51863756292613,1320.1933118320214
311028,6.26925754587,45.5855594979,-240.8065030594975,174.6515876411567,1313.9761174616042
111989,-62.6927616861,45.4812214493,-283.2698138002159,176.78745830356172,1314.2617188396412
112354,-62.7020527558,46.3645077484,-347.6295786941533,201.00095615749598,1317.7372441310606
310003,6.27267479015,48.052689803,-476.35850117217734,296.068607030952,1335.5473335914166
310444,6.27283521016,46.1516941508,-488.3957465484885,306.6749072684992,1337.9385482682071
310445,6.27306181818,46.1691919532,-435.3216021107528,261.533480664003,1328.3184187920165
311048,6.27340089821,45.2020713652,-142.65909139248492,211.77029899338032,1319.422873732921
310184,6.2757206314,47.0393693652,-238.92100945082854,174.8349743453992,1314.000505497715
200039,-62.7600831036,-0.297809071495,-677.1941972455891,488.35921038335823,1390.8719490162105
112356,-62.7611527737,46.3020420352,-403.486468582335,236.98881764460825,1323.704559137908
312193,6.27684021249,46.7811746058,-482.1705360376417,301.1663814631495,1336.6866684146669
312194,6.27700226351,46.7684768218,-379.094882431236,219.96919065467523,1320.7636067938759
312192,6.27714524952,46.7852982582,-355.88956080586684,205.60699475473382,1318.447684394784
312038,6.27753643955,47.8773918495,-483.1524613413927,302.03200517904816,1336.8819664975554
311112,6.27785621058,44.6863291825,-133.20361833924738,217.74726976493915,1320.3953702145352
111988,-62.7812097984,45.4987294647,-318.6207167535394,187.30602164564044,1315.717905152397
112362,-62.8102756818,46.1688458742,-353.66546785938533,204.33871324431905,1318.250495893796
312162,6.28127901386,47.6645789739,-425.92901830102704,254.055246645587,1326.8662813343494
111991,-62.8142526551,45.6150655614,-263.06358227379,174.2775235860398,1313.9264497760812
312032,6.28159268389,47.6480553496,-443.6431894409085,268.3049519540199,1329.6682320928567
311097,6.28159902889,44.8437637225,-60.8974411713924,271.9063578328775,1330.3996120052934
111985,-62.8166977983,45.7481094744,-399.0322253446582,233.7520074419785,1323.1288906138543
311054,6.28512740518,45.3729146703,-170.4290339680377,196.24305884716037,1317.0198929171818
201887,-62.8564129056,-8.08927414516,-623.5133605299744,434.71182251454667,1372.9546346576105
111904,-62.885244298,45.2767830004,-302.12702594013217,181.47820835400833,1314.9009089286064
311056,6.28924451352,45.4822935714,-171.08273611014155,195.91797426403855,1316.9714927945934
311224,6.28936833353,44.5310634107,-148.26912977330528,208.3793918797924,1318.8828724166854
312855,6.28966850956,45.9653297233,-228.89478576771623,176.2022106067577,1314.1831224059313
200068,-62.9020188244,-12.8520885192,-678.1084893373923,489.2814157942421,1391.1960192710128
200082,-62.9479811762,-9.55583333251,-651.3458140005785,462.39758081837834,1381.9701816394534
200097,-62.9520796135,-9.17718840818,-575.1312915967103,387.4211828212244,1358.7219116112358
310496,6.29778038023,45.8944082235,-247.84668300422229,174.17542696062858,1313.9129117071693
310183,6.29809037625,47.0118729429,-307.1226042719261,183.08022018311047,1315.122970378128
200080,-62.9850074383,-9.88920697709,-622.17937581431,433.3927496579057,1372.5375534570755
200098,-63.0106325104,-7.50192383557,-630.0496999824753,441.1860151179637,1375.0182399261337
310143,6.30187150056,46.7521020414,-408.993775062513,241.06336235242026,1324.4401099568636
312880,6.30189321957,46.1762956168,-437.80479687833093,263.5402819734678,1328.714995932743
312120,6.3022977456,47.7894378323,-522.5614819699665,337.6888205343655,1345.3861154730955
201859,-63.0270494827,-4.05631696648,-649.8057176599366,460.85788875096597,1381.45577338469
200014,-63.0271754017,-4.05611431646,-627.4450565186482,438.60398851757327,1374.1919512707886
111982,-63.0516978798,45.7278094667,-297.28508054398674,180.06601302399446,1314.7067464800855
312853,6.3059076529,45.8896758851,-253.86988275429908,174.03058803252637,1313.8937193566464
312074,6.3059590979,43.4689515508,-419.1753976868516,248.7945417932258,1325.8690675251441
312191,6.30607150491,46.7561340008,-412.12855745227745,243.41698577603424,1324.8705178839873
312820,6.30622089692,45.731265933,-123.0857794162734,224.48084707664964,1321.5224973106378
111924,-63.0677978761,45.4728094216,-284.0588571066899,176.93929585177943,1314.282151826775
200079,-63.0732427906,-9.92244491784,-621.2309204221197,432.4553652753362,1372.2418530089071
312135,6.30906893216,47.7942724727,-549.1293292616186,362.5654527211151,1351.844579713497
312723,6.31020531825,45.0434638261,-28.425678547622496,299.6771429137455,1336.3519185374935
112326,-63.1066979203,46.335809572,-333.1432744396728,193.65093770009761,1316.636147865469
112333,-63.1229457427,46.3186640326,-388.1259995373659,226.0628154700447,1321.7921382472125
112168,-63.1431785473,44.7900170301,-340.9269188339341,197.4803268103662,1317.2048206983695
312542,6.31476305263,45.7770206538,-236.35437747628126,175.12231602463865,1314.0387687445634
311050,6.31505245966,45.2322518287,-154.8140900853907,204.57893482041786,1318.2877534006568
201858,-63.1620999999,-4.06079999985,-647.1823659456284,458.23719899492215,1380.5837137734918
200041,-63.1647458241,3.54986551186,-651.9313299926607,462.98316566842584,1382.166224405101
310130,6.31858750595,46.7604729881,-414.0937090609473,244.90474420298986,1325.1446690558078
111921,-63.2054342455,45.3738354974,-270.8665758719966,174.92904295420823,1314.0130251495873
111986,-63.2185747286,45.6439950927,-206.15024258983206,181.6710528948757,1314.927538556337
112167,-63.2222095079,44.873486113,-299.71581596267663,180.75744970383514,1314.8016260323566
112325,-63.2225454849,46.2983894769,-289.5233867795973,178.09910184024446,1314.4387967000198
311051,6.32308663032,45.247899543,-160.35051719265084,201.50155459156153,1317.8136957463716
111984,-63.247451535,45.6936702249,-397.8984138059423,232.93675222970725,1322.9851060133738
111923,-63.2555877096,45.4232707865,-321.1024191627686,188.31300335547516,1315.8616368853732
312143,6.32638305659,47.8849522842,-517.423492561057,332.9484382614401,1344.2041224213779
312850,6.32691453464,45.864795866,-204.74156168568425,182.11322732686068,1314.9887025223065
312977,6.32718637566,45.8858771248,-219.36907852436457,178.10164864670867,1314.4391417804668
311979,6.32727198567,44.3607027266,-220.61598360907266,177.82035421879823,1314.401056971727
111922,-63.2730979431,45.368968481,-367.69301826185597,212.66507682367265,1319.566783112667
200081,-63.2853608821,-9.76012601541,-397.75448074897884,232.83351462036455,1322.9669329670967
112340,-63.2891328604,46.1978432926,-256.79407563763925,174.04781804285614,1313.8960016528606
112328,-63.2899979865,46.4142095825,-275.10896970171683,175.4519962691745,1314.0827459443842
112341,-63.2932270848,46.1982362726,-244.31532156140076,174.3730427539883,1313.9391227272208
312151,6.33075689795,47.9147221326,-491.682963682845,309.6029736882431,1338.6127376917111
311053,6.33087468096,45.3145994765,-152.2513026906978,206.04656524378095,1318.5163052623407
112342,-63.3313456719,46.2062304963,-256.92364463973723,174.04990573671114,1313.8962782049628
112329,-63.3356061483,46.2021013909,-255.28857750368363,174.0317984670293,1313.8938796841865
311222,6.33476206629,44.6148937806,-147.85641451121472,208.62474053002558,1318.921658990827
112339,-63.3478809843,46.1977562196,-256.25775328358463,174.04037158413885,1313.8950152637917
310136,6.33535597034,47.338935254,-311.85827539998746,184.73142379023727,1315.353853200523
112331,-63.356673362,46.2058565462,-296.3874048706569,179.81967112848716,1314.673029433042
312849,6.33587230538,45.8604821737,-199.8999393649688,183.72083408992364,1315.2123041823293
111907,-63.3600447533,45.0315588941,-372.01314149836645,215.37898460728235,1320.006881498865
312879,6.33629130541,46.1655609419,-432.757802227747,259.4743032474767,1327.9145206825845
312174,6.33896745063,47.4767219764,-454.4344994448635,277.2732057454499,1331.5068497075983
312541,6.33931482566,45.8018861318,-132.9963321869841,217.88181750328351,1320.41756523928
311290,6.33952070468,43.7438712045,-243.1190282231438,174.45882243593684,1313.9505093113776
111983,-63.4012283857,45.7612398504,-304.63141189158773,182.26315072358543,1315.0094738463229
312767,6.34054776377,46.0732770803,-378.8472681306147,219.80582583016022,1320.7364086988641
312119,6.34060886077,47.7776614993,-523.8362257005842,338.8687026882707,1345.682747847919
112330,-63.4062779031,46.2855696878,-268.02595005273935,174.6451315389379,1313.9752593424837
112299,-63.4356778185,46.226989566,-245.05560398743475,174.32473065285325,1313.9327120941484
310147,6.34390755004,46.9434532203,-467.41073424891783,288.31111407253974,1333.8490764294302
112153,-63.4598110325,44.7014027508,-308.7675639870694,183.6393302906043,1315.2009214654147
111914,-63.4765291939,44.9770533516,-360.7392106979946,208.44161572035793,1318.8927050211505
312118,6.3482676554,47.7601499078,-288.491247726582,177.86563479339713,1314.4071835753
312962,6.34856280843,46.3352143069,-424.0055775714269,252.54672143328088,1326.5782700996551
200084,-63.489211294,-8.76848004436,-551.903462892116,365.1951277760245,1352.552232464699
111906,-63.4973071876,44.9604625302,-376.9321350874567,218.5492223311193,1320.5278576294525
201886,-63.4980758517,-8.66415787573,-627.4248599203863,438.58397831253467,1374.1855646987217
111905,-63.501898008,44.9723341022,-419.82911203311744,249.29928486193722,1325.9638734243736
112294,-63.5024980591,46.3561095687,-374.2909355477102,216.8365982507882,1320.2454963130413
200083,-63.5072222225,-8.74888888874,-631.2368942643776,442.3638284669253,1375.3966035038075
311312,6.35130916566,43.9606353895,-261.28234095954355,174.18555778364822,1313.914254711583
200085,-63.5149256211,-8.4559139205,-450.1346417639386,273.6755643618476,1330.762328412805
311052,6.3518561667,45.2734167271,-170.0492142653604,196.43285933832283,1317.0481875853002
312318,6.35207519472,46.106671201,-405.9275775544131,238.78517539368224,1324.0273487287511
312169,6.35215254573,47.5067187419,-478.2693143397862,297.7396399418167,1335.9187675104265
111917,-63.5391787701,44.9358056652,-366.70568720780005,212.054353376027,1319.4684948795175
310443,6.35608807505,46.0860355683,-401.1977908540457,235.31897288387685,1323.406618992446
312964,6.35642033908,46.3397749223,-424.384819353829,252.84351808824766,1326.6348046215041
312544,6.35729139515,45.7651987458,-234.2392022917203,175.39165532430505,1314.074690781043
312768,6.35992665237,46.0898370136,-397.66057691353575,232.7661922467101,1322.9550863301924
312240,6.36037027441,47.327361111,-394.1674442770395,230.27957818983725,1322.5198464768623
201904,-63.6073899998,8.14408629799,-605.482115263189,416.94976246454434,1367.434519314594
311111,6.36107577646,44.6896677088,-114.92595183322275,230.14544495148758,1322.4964975476541
311221,6.36108219646,44.6392208886,-114.00742056469196,230.79543581477841,1322.6097661014105
112306,-63.6238981001,46.3219095608,-353.30712042650185,204.13627053840048,1318.2191309274879
112296,-63.6267348964,46.3437324116,-425.31539516742356,253.57311981161908,1326.7740528382715
112293,-63.6275357374,46.3437301476,-343.1918953372822,198.64753131841223,1317.3803178629905
112307,-63.6280981045,46.4011095744,-352.9441243242857,203.93174470506455,1318.1874740310448
311311,6.36422089472,43.9522237448,-263.53585291569783,174.30545567701438,1313.9301549445718
311307,6.36475655777,43.8728516032,-151.73580073841947,206.34499637836933,1318.5629745007568
312147,6.36499690079,47.9236219594,-385.3394189117333,224.15505940062843,1321.4671962817667
312116,6.3651573288,47.7679878435,-504.64505997434253,321.27071748247977,1341.3593605390026
112152,-63.6602801981,44.7315169302,-297.84925918698343,180.22332951684183,1314.7283022343556
112298,-63.6690786659,46.3437992666,-336.3960727182568,195.21640748247867,1316.8673076450261
111966,-63.6732257252,45.6481094421,-363.4824489316821,210.08586180844108,1319.1535655584948
310146,6.36835931107,46.8812316131,-339.31595393015795,196.66443218678995,1317.0827457230039
312545,6.3687135121,45.7644314677,-234.87942121645494,175.30703789704128,1314.0633994332727
311220,6.3687746031,44.6355001063,-112.53144007568295,231.844964248043,1322.7933125175189
312236,6.36940275215,47.3263020689,-403.51317340154804,237.0083843120905,1323.7080623869156
200087,-63.7017138696,-8.79846925384,-625.8945464466437,437.06828591313644,1373.702568515085
312115,6.37187075336,47.7726970619,-531.3024796686032,345.8084443119003,1347.447045472033
111898,-63.7229787193,45.1769302991,-398.61861283267143,233.4541902914638,1323.0763088947429
111908,-63.7231761503,44.9601531852,-341.5866604603944,197.81790200873976,1317.2554735316282
311169,6.37309861046,44.8059645864,-85.85421847022528,251.79977069995942,1326.436272392476
312241,6.37381091852,47.339695737,-306.01046736929237,182.7110196032225,1315.071624238902
312683,6.3760433147,46.3406169754,-493.3855258443482,311.1245932560793,1338.9654860087526
311866,6.37742104382,43.7935826436,-204.92084059058138,182.05630742273917,1314.9808208739387
111932,-63.7766124758,45.4149022198,-208.28330818091055,181.0237559046301,1314.8382639685055
200086,-63.7851872355,-9.18304992366,-664.2988044139161,475.37986636215686,1386.3679444997263
312959,6.38074223609,46.2971757058,-400.76956706708023,235.00810223953005,1323.3513774928108
312765,6.38099723011,45.9559399236,-119.38151359236116,227.0275389949796,1321.9574742237405
312235,6.38162039716,47.3180081183,-401.14315178125685,235.2792797688044,1323.399561614867
111756,-63.8432763453,53.6898328595,-458.88150413744006,281.0261464965072,1332.2934193369606
311046,6.38511173345,45.2639550913,-133.84133924428983,217.33425241059035,1320.3273220928077
312239,6.38520839146,47.2480973145,-564.2170398057096,376.93317491805266,1355.7686670474789
312761,6.38550479148,45.9775420003,-244.7424214813102,174.34472418960652,1313.9353648664169
312317,6.3857080305,46.0856016943,-252.58571944338956,174.0411101465051,1313.8951130949997
310150,6.38586078651,46.9480022506,-410.40881485685446,242.12276529946894,1324.6333431067467
111968,-63.8686829634,45.731495852,-416.37972867590076,246.64708349537088,1325.4677830828884
111965,-63.8687333624,45.71920865,-450.7521417756577,274.19029136125573,1330.8682790083567
312885,6.38940494481,46.1451217682,-269.9308131750608,174.82962826054063,1313.9997941824852
311306,6.38960830182,43.9642674138,-257.8350870432793,174.06776605531377,1313.898644254336
111933,-63.8972589277,45.3853541313,-235.86875738975337,175.1815584531992,1314.0466653113908
112140,-63.9102318588,44.7232515196,-312.81051169146707,185.07871258308347,1315.4026722054757
111962,-63.9103798458,45.8689481644,-405.283567327941,238.30974850089777,1323.9416892085756
200078,-63.9187086045,-8.76445736603,-607.1911839158834,418.62683006353484,1367.9468129437412
200077,-63.9187983455,-8.74634705353,-616.8203353933861,428.1014608728368,1370.8759684943607
201885,-63.9231353529,-8.73566762565,-420.2077630447076,249.5920927239361,1326.0189564799623
312366,6.39333175613,46.2985406229,-475.65816534196136,295.45739226340305,1335.4119704559282
312238,6.39345506514,47.2364614595,-434.92879268985433,261.2171375914624,1328.2561700083954
312372,6.39355816615,46.0192638178,-232.5920902639847,175.6216629564548,1314.1054100388922
311223,6.39371063616,44.5410490615,-145.71713597959774,209.90704216838563,1319.1250988991815
311308,6.39401281319,43.931161631,-269.08573410334475,174.7448160884295,1313.9885124854302
311124,6.39479618825,44.9905829637,-63.87027260432325,269.44870996337346,1329.8994952607586
111190,-63.9601107369,46.1563402141,-301.95866919678826,181.42676375822506,1314.8938097054368
112141,-63.9653361404,44.6887894957,-318.3890198266073,187.21368748839132,1315.7047636065226
311027,6.3978152395,45.6854718642,-243.7438503820929,174.4128325236611,1313.944403824919
312437,6.39837885755,46.2060394933,-166.00177481939616,198.49673379323121,1317.357587567049
312878,6.39851285056,46.1975584465,-245.2247171464686,174.31420610201505,1313.931315801123
311218,6.39856633057,44.4519970041,-142.0451900811048,212.14856453191913,1319.4836390144626
200037,-63.9900446274,0.226935085922,-684.4350775726381,495.6695854386883,1393.4555601535544
111892,-64.0157315575,45.0148431457,-337.91224046631714,195.96331294379635,1316.9782383220318
312148,6.40203463485,47.9898203608,-277.8979409526156,175.85991105531673,1314.1372715627078
312884,6.40231167288,46.1566906942,-266.179089168268,174.48919991501174,1313.9545430040093
312947,6.4025697029,46.3520655333,-465.4777298101335,286.65041404269874,1333.4911023567968
312873,6.4025918619,45.7515512056,-216.3334740301832,178.82696529367348,1314.5376159357477
111893,-64.0268305435,44.9979096583,-344.65734685365493,199.41504840620803,1317.4962700989877
311022,6.40690000026,45.7018999995,-242.42032705266885,174.51332269070977,1313.957746653387
312951,6.40700640426,46.2906125382,-476.18715156894245,295.9190007016168,1335.5141763269073
111934,-64.081595605,45.4102938424,-211.14328575085457,180.19839048615208,1314.7248838170265
312848,6.41011566052,45.8438091843,-117.40778294750817,228.40147101858503,1322.1941204518148
311021,6.4110973076,45.7477108103,-219.02970466210752,178.17989252650997,1314.4497458231915
111963,-64.1229896924,45.8900459691,-350.10770728981794,202.3526061102993,1317.9440949423933
312237,6.41559311697,47.2220443553,-434.6457767858691,260.98940431100243,1328.211402359017
112275,-64.1816983113,46.7442096228,-352.148226853678,203.48522674828854,1318.1184687647378
312134,6.41840370621,47.8186469387,-450.64513423604757,274.10104666091706,1330.8498953580397
310016,6.41841658721,47.8186509917,-428.03179245992374,255.71352448009156,1327.1847899956979
312883,6.41943196429,46.1812479212,-267.7783752303455,174.6229158941829,1313.9723067665016
311042,6.41969852931,45.1357808267,-118.62915671636006,227.54988752982837,1322.047280360552
111891,-64.1982945656,44.9521220155,-439.71324054928175,265.0906894854183,1329.0233759591097
111894,-64.214143736,44.8893420743,-305.27235598706625,182.4699333178696,1315.0381503055044
111889,-64.2230052037,44.8813370996,-205.7544906024014,181.7941006131774,1314.9445445385322
312146,6.42248378154,47.943304071,-386.02025251061485,224.61895120872276,1321.5459634216286
312945,6.42333806862,46.3149523133,-367.71540358933606,212.67896506829274,1319.569021452237
111955,-64.2478326327,45.5934384126,-298.0699316747505,180.2853844645997,1314.7368101812024
312234,6.42493873675,47.3224242756,-248.33089850780715,174.1548166003835,1313.910179707505
111956,-64.2553880034,45.7280040967,-421.4331095616184,250.54186789688708,1326.198057517487
112276,-64.2720041457,46.7187747957,-393.398491751263,229.73688894171144,1322.4254604076975
111878,-64.2726949178,45.0977804786,-360.96979843511656,208.5787065681105,1318.9143782018302
111890,-64.2727251578,45.8606915947,-413.64997315303293,244.56798787052637,1325.0824732389046
311166,6.42736132095,44.9144725074,-70.69660165596915,263.8664192490524,1328.7797211732316
312114,6.42742151795,47.7945420597,-286.788790762792,177.4951524145185,1314.3571011428164
310439,6.4292466031,46.0771491176,-253.36949288293914,174.0333754292619,1313.89408856163
311876,6.43141146028,43.5897470378,-228.76670420149588,176.2239072219307,1314.1860316068112
311043,6.4315748133,45.1726422387,-129.84877173531106,219.94272745505396,1320.7591996856438
311045,6.43181404332,45.2392368473,-126.30360442137551,222.3032750726242,1321.1543461314086
112138,-64.3316982777,44.5639092344,-316.18324420356623,186.3491745472101,1315.582029007816
310058,6.43474451256,47.5856923304,-510.2284865338554,326.3528926035208,1342.5856660580657
312946,6.43543707762,46.3230057099,-285.81882062100783,177.2922421830895,1314.329714847915
312764,6.43576138664,45.9476398689,-175.96201280203024,193.55553517630483,1316.6221194371906
310149,6.43582187465,47.3684184004,-297.6792564413528,180.1757234791428,1314.7217772308813
312112,6.43589669365,47.7478292948,-324.0886666804075,189.56780131121567,1316.0417970140093
111952,-64.3686270547,45.7027812386,-320.11794050627367,187.90961522451096,1315.8039685635997
200020,-64.3813287928,-6.53885548688,-642.985144928193,454.0495042599546,1379.199409988492
200076,-64.3936767638,-9.25590815469,-621.9738308137819,433.18957073478066,1372.473411176799
311322,6.440027381,43.8016355333,-250.91732498276156,174.07126530367313,1313.8991078459244
311177,6.440122587,44.7393290199,-101.26867399500401,240.05074784264878,1324.2561767776317
312944,6.44024737701,46.311779075,-287.90143869449605,177.7352193145125,1314.389542098792
311013,6.44054259604,45.6274795264,-213.30793396743135,179.60644900030977,1314.643882089897
111186,-64.4189740439,46.1774439169,-298.9353623594597,180.53157792738793,1314.7705924695938
111755,-64.4227987142,53.2307823325,-521.2981579794343,336.5209773054433,1345.0934645445668
311219,6.44356555129,44.4229207947,-139.00307491046618,214.04342068528982,1319.7896219218253
312938,6.44399965732,46.360511485,-458.9307126215469,281.0678530282981,1332.302217291494
311026,6.44436431635,45.7141506936,-204.65467946046434,182.14087943595965,1314.9925323573514
112121,-64.4468983042,44.2350091712,-272.96127253013566,175.17248824567838,1314.045456151376
111954,-64.4519495386,45.5855791099,-242.441067571959,174.51165819180622,1313.9575255839698
112137,-64.4522448827,44.7358232296,-329.8581885152551,192.1221108358141,1316.4121564562913
312937,6.44739119061,46.3554454916,-458.84135601311084,280.99212190244003,1332.2862428041242
311044,6.44775130664,45.223576196,-132.5028258404818,218.20273781954307,1320.470558166989
200040,-64.4853311314,4.00219627129,-394.04460301606235,230.1927678258497,1322.5047336600426
312759,6.45240818702,46.0685790139,-113.41991696235586,231.21244882675867,1322.6825986178094
111936,-64.5271347779,45.4226881854,-202.64922771094393,182.79136694124935,1315.0827897977165
111876,-64.5390311648,45.0813649592,-317.082423114995,186.6984086756748,1315.6315426425151
112131,-64.5522571129,44.4091441186,-389.50490047624567,227.01565162937268,1321.9554327883384
310056,6.4558149083,47.6138601367,-451.0835644774693,274.46682344904775,1330.9252786569596
312173,6.45608761232,47.569101015,-498.27638297183626,315.514386823938,1339.9923091147875
111938,-64.5812242003,45.5312200034,-265.14565882981117,174.4118278423235,1313.944270464008
112130,-64.5932891733,44.4480727588,-237.19219534755103,175.02375109596767,1314.0256365998334
311159,6.45971922963,45.0142588476,-115.63521521161903,229.64521061566916,1322.4095367746745
311305,6.46002620265,43.9600403584,-174.60141046873815,194.20283843453709,1316.717434626703
112133,-64.6022623451,44.6064715939,-328.1360482552693,191.34202754236097,1316.2985344130395
311858,6.46029882067,43.4435016747,-477.85380831735216,297.3758559439685,1335.8377371119227
310055,6.46075585771,47.6269708318,-540.4355914369868,354.36191760733783,1349.6675252980804
312877,6.46086788672,46.2438275044,-125.97701814603566,222.52278285779215,1321.1912992010925
312030,6.46133478176,47.8407744645,-458.93041240764217,281.06759857106033,1332.3021636101914
111875,-64.6351914798,45.0257627716,-314.70023880610074,185.78282991656522,1315.5019270551077
311012,6.46441750001,45.5607765519,-203.43568541318825,182.53348864591405,1315.0469705189782
301686,6.46454283902,49.5054363302,-415.235374323012,245.7733364813926,1325.3054716249724
312052,6.46471898404,43.5232540083,-358.949754791644,207.38480749150133,1318.7260968723494
112116,-64.6604832249,44.1768440254,-416.4078964825884,246.66862938334836,1325.4717925764223
310438,6.46805433231,46.0721828042,-252.08672543545066,174.0481766847098,1313.8960491611072
312144,6.46858771736,47.918877442,-371.7489627793084,215.2111092727161,1319.9795005030523
312141,6.46999591148,47.8401842065,-291.5743605417887,178.5827483276601,1314.504415433495
201857,-64.7022319483,-3.3434890825,-631.4196981359946,442.5452390223269,1375.4549606494656
312909,6.47213499865,46.1354327514,-134.50200291958757,216.9078505852339,1320.257200639103
311304,6.47242946968,43.9598593084,-172.8388176483265,195.0546346356315,1316.8433356655357
310057,6.4726722647,47.6223881434,-523.9784674660341,339.0004510286249,1345.7159306449134
311874,6.4727453097,43.4071063917,-334.183408585554,194.145989094188,1316.7090511100982
111150,-64.7282838975,46.3146909492,-351.09266836766307,202.89712776081956,1318.0278087534741
312145,6.47289909672,47.9768909048,-372.6754227869669,215.80092090105842,1320.075792390588
310151,6.47326267175,46.9973098687,-413.025989455903,244.09524336378266,1324.9953011338262
111879,-64.7433408267,45.0649641608,-260.5275491956719,174.15297598970199,1313.909935741398
112048,-64.7562276978,44.0644749581,-440.69798432846585,265.8933950142514,1329.1837185679408
112132,-64.7687325088,44.5939715649,-282.9537645072767,176.7277548105299,1314.2536891765853
111939,-64.7691984639,45.4728093896,-254.04168546173432,174.03001756372797,1313.8936437958464
312907,6.47746725709,46.1404024168,-233.2584156121504,175.52648273640156,1314.0926932053562
311019,6.47791641413,45.7638605247,-218.16714818109145,178.38198920475912,1314.4771562360988
201860,-64.7976505942,-7.25625101724,-590.4685683892093,402.2804208879763,1363.0332340862794
111838,-64.806624033,45.0271785147,-385.9036862064094,224.53942511433218,1321.5324489487837
312936,6.48068670836,46.3353101669,-314.4547362969193,185.6902396105462,1315.4888541072921
111197,-64.8070125,46.0647025676,-419.6839907626955,249.18715020852247,1325.942795154806
200075,-64.81855647,-9.51024560974,-418.3891237751342,248.18874504660224,1325.7555254879014
111834,-64.8389780107,45.0233707894,-370.15218331045656,214.20169811976027,1319.8153005899287
112117,-64.843425747,44.2731457903,-480.28255527352775,299.5055265298436,1336.3134440002516
112123,-64.8474984414,44.2528091666,-296.57512780004566,179.870782696531,1314.68002139751
312034,6.48541091975,47.7432944654,-454.47282596574394,277.3054125093771,1331.513556822044
311217,6.48556618876,44.3975639996,-120.4291935316985,226.3029986691642,1321.8332373641351
311864,6.48557166576,44.0767622381,-304.0291963721016,182.07104410885208,1314.9828612178876
311211,6.48571952878,44.5517335794,-146.78252744223707,209.26623487101807,1319.0232815424397
311170,6.4860029438,44.8398386442,-123.53854889481724,224.172473679119,1321.4701503058288
111195,-64.8767277638,45.9559972006,-285.9298894330388,177.3151752842524,1314.332808530617
111149,-64.8775149978,46.372738943,-327.8327383138847,191.20617830714485,1316.2787937274982
200021,-64.8895747698,-6.31479706134,-554.4379829979868,367.60254384603905,1353.2042308668615
312898,6.4895825961,46.0729455992,-248.87702252131487,174.13345059730312,1313.9073478791483
311167,6.4896503391,44.8478023659,-119.57073308638563,226.89643529550574,1321.9349653230686
111205,-64.8975570165,46.0071509958,-361.79099513006076,209.0686073974007,1318.9919418984268
312908,6.48990083112,46.1276668038,-240.826278199015,174.64978892096983,1313.9758783798254
301690,6.49001658513,49.5229015657,-418.63968625215387,248.38164032758135,1325.7916500890003
311017,6.49014215614,45.7978484855,-211.77920308762805,180.0215496628315,1314.700657388176
311010,6.49027176615,45.5066077994,-130.36618440731695,219.60166261541536,1320.7024458284875
200070,-64.9101041295,-11.2103995244,-689.8014998793292,501.09735290169493,1395.3955056825218
201883,-64.9308729503,-9.61885660572,-663.7179113099363,474.79644455268607,1386.167999902525
112061,-64.9360738397,44.1393007832,-366.85991369960874,212.149514767913,1319.4837917951684
311289,6.49374902244,43.8353238401,-251.12414657377644,174.06651580194762,1313.8984786190003
311210,6.49407570047,44.547770121,-147.9702047746301,208.55702894474845,1318.9109501843388
312140,6.4945209765,47.8650765525,-291.4036873480312,178.54150427416766,1314.4988128341452
111300,-64.9646594071,45.6186146756,-208.86371187702323,180.85229934294213,1314.8146692106548
312906,6.49753854175,46.1860319176,-224.81315366078096,176.94545033866734,1314.2829804077385
310433,6.49788113978,46.0684596229,-286.48453243440554,177.4308639192723,1314.3484209542894
312763,6.49791042979,45.9438529876,-123.91711115181238,223.91513427981425,1321.4265199221036
311004,6.49822811381,45.38133561,-131.80338498298838,218.65899056530338,1320.546028864171
312896,6.49854409784,46.1269253527,-231.0049648799135,175.86001335937726,1314.1372852532018
111833,-64.9889719691,44.9607704082,-372.4309415806512,215.6449832781336,1320.0503092711735
112125,-64.9891984961,44.4067091924,-313.84133531550236,185.46035064709727,1315.4564233968522
111097,-64.9936570595,46.8396639557,-372.9602747074147,215.98287287194245,1320.105549404256
111299,-65.0147668242,45.5522597312,-138.4667782020393,214.3809444282411,1319.8444035293855
312760,6.50181264211,45.9438262666,-137.06397901430796,215.26866865036934,1319.9888862776068
112126,-65.0225130558,44.3975895066,-443.8745617766596,268.4950783961323,1329.7066094882887
310809,6.50225144514,43.7438268525,-237.4066132405143,174.99926804766534,1314.022375765007
312897,6.50231416315,46.1144913307,-250.72794097720563,174.07586534825762,1313.8997172884385
311208,6.50269624918,44.5602817451,-258.4245864277034,174.08227753832998,1313.9005668416567
310440,6.50282409219,46.0894674396,-249.02694981672713,174.12793365166272,1313.9066167242222
111194,-65.0356186909,46.0230821071,-327.572101697475,191.08981291699033,1316.2618952148332
200071,-65.0433333326,-10.9175000002,-573.7053951423214,386.0467389449262,1358.3306463611525
112118,-65.0516207692,44.414497211,-443.761027079737,268.4017709037927,1329.687771929255
111098,-65.0549482305,46.7944072819,-408.524601247767,240.71321440156473,1324.376423748712
111835,-65.0554998936,44.9486853452,-476.1983933781586,295.9288147654629,1335.5163509303757
310473,6.50636816749,46.3804995657,-329.0235465181353,191.74218633315124,1316.356762513002
111146,-65.0641450983,46.444493764,-360.1212163854991,208.07522359121862,1318.8348489733012
311018,6.5065784765,45.8436203673,-194.3347694615943,185.73321511806935,1315.4949210817915
311288,6.50677236952,43.8438318828,-245.8970626959987,174.27424829729537,1313.9260153499824
311009,6.50710974455,45.502008882,-196.3821332365965,184.97274763610133,1315.3877669957035
311025,6.50752111758,45.7182671779,-203.2733079234682,182.58643851020892,1315.054321205682
112053,-65.0816985057,43.8594090891,-451.48003077113424,274.7978727279045,1330.9935879070479
110945,-65.1026492125,47.339231315,-438.0590168501957,263.74640600127157,1328.7558943886127
312044,6.51039382082,43.4319329127,-412.7011990702699,243.84954810563687,1324.9500603061301
110946,-65.1063986668,47.4347097209,-341.52575697788774,197.78665576613477,1317.2507815116473
311865,6.51072789285,43.9730033875,-244.60668152344022,174.35359269546862,1313.936541648687
311016,6.51080253985,45.8142646348,-220.74067240162063,177.79276103173063,1314.3973242780055
311152,6.51081420385,45.0779686559,-111.25704622822565,232.75611528932214,1322.9533133858015
311859,6.51170232893,43.435349407,-456.59411107218017,279.0917494934923,1331.8867312310128
311877,6.51395542411,43.4899198625,-456.4283662352723,278.95191067527844,1331.8574355625617
311320,6.51424235514,43.9614035015,-248.8631390062186,174.13396907481913,1313.907416593591
311863,6.51466337517,44.1349186989,-177.03578689622634,193.05104514023438,1316.548049341015
310474,6.5150192312,46.3994901213,-330.79848408968155,192.5542794205606,1316.4752981795998
110942,-65.157045625,47.7064832294,-334.15989587098665,194.134740448143,1316.7073925678258
111841,-65.1599805312,44.8816457437,-337.7033521478966,195.85976587368845,1316.9628347383195
312049,6.51603803529,43.2688812072,-329.0817781839837,191.7685801585545,1316.3606073298922
111153,-65.1645574936,46.5108605575,-331.32122205897,192.79642645142357,1316.5107376114838
312550,6.51648383132,46.3640215863,-329.31619956697904,191.87500450346747,1316.3761155335126
110947,-65.1661119687,47.701561115,-402.70406461148264,236.41638996385421,1323.6021946330536
111199,-65.1685041139,45.9481137369,-300.8542495484772,181.09344673522546,1314.8478606456104
312904,6.51826116947,46.1359908345,-181.2499183434723,191.12618282980046,1316.267175750039
301689,6.51874547751,49.5279046141,-412.52712838814904,243.71797388902354,1324.9258511292114
111095,-65.2023626027,46.7442096018,-352.80887700089187,203.85568129979345,1318.175708694443
111837,-65.206041357,44.8686610556,-315.1815578072974,185.96531953554157,1315.5277117050216
112039,-65.206261572,44.3312461691,-496.5515588318791,313.96314317814347,1339.6279018698415
311207,6.52321848488,44.5650472055,-194.58929221248408,185.63741349820043,1315.4813983801505
312199,6.52324208888,46.9854140017,-273.8482749166132,175.28426329228617,1314.0603613045382
301682,6.52430607597,49.4856300346,-307.0401960783769,183.0526183030966,1315.119128163496
312549,6.52648928015,46.3559337177,-328.3709451871234,191.44755377193619,1316.313878236932
112045,-65.2689286842,44.3768285079,-289.8701153752001,178.17902531656603,1314.4496282690545
311008,6.52702192119,45.4813339913,-154.82536631745216,204.57253665143597,1318.2867605137728
312139,6.52745332223,47.8773116125,-290.79057798918325,178.39483376634925,1314.4788993773989
112054,-65.2938314713,44.38989958,-442.6347341627193,267.4774150803832,1329.5014959645507
110828,-65.3016443989,45.8063480032,-253.10997609315694,174.0354811305074,1313.8943674764048
112047,-65.302175153,44.414391511,-474.88578196809556,294.7840766045253,1335.2631620820957
310432,6.53090655652,46.0103463741,-153.47172735851154,205.34432592378306,1318.406747700795
311002,6.53151313257,45.4644971389,-124.13865967868327,223.7647386545234,1321.401043763407
111743,-65.3152991271,54.3106107388,-654.9581881852025,466.01231344043777,1383.1838404463822
312555,6.53162401157,46.2522091021,-220.73694205391334,177.79358512819533,1314.3974357501736
311171,6.53182155859,44.8271558852,-143.846533040794,211.04261716351584,1319.306274696335
312903,6.53273834567,46.1529750129,-182.82114912445127,190.43133016674958,1316.1664604839966
112035,-65.3434632624,43.7769458943,-365.8555956642807,211.53140963378766,1319.3845525302893
200072,-65.3477777778,-10.7924999998,-617.3601857664366,428.633909028812,1371.042336386158
112046,-65.3521748321,44.3858311746,-436.252461712358,262.2843474196398,1328.4664614115181
311015,6.53545577789,45.8229677396,-197.32388556891712,184.63077562123854,1315.3397217070556
312131,6.5355683239,47.8274362944,-346.83439817724513,200.57286880071382,1317.6720137776483
311160,6.53574426892,44.9648775656,-126.01126749527673,222.49974686162992,1321.1874195387209
110829,-65.3601846888,45.7855568745,-283.7012366180624,176.8699860658354,1314.2728225771173
200073,-65.3682874185,-9.70574382091,-628.3897782864047,439.5401817132386,1374.4910445449987
110834,-65.3683156275,46.0724794492,-346.5492864492558,200.42005073797228,1317.6487608356433
201881,-65.3687905925,-9.70622101595,-627.0896841368254,438.2519207736309,1374.0796215124042
112034,-65.3689353935,43.8350896451,-428.34451052202155,255.9609398632504,1327.2324826229853
110989,-65.3769782332,47.122039052,-343.7228067339232,198.92448054662697,1317.4221074335437
312754,6.53930641821,46.0018926074,-124.03527835145852,223.8348986413517,1321.412926394955
312755,6.53934066321,46.0065492107,-131.19501711423624,219.05717847019702,1320.612020100233
312758,6.53984826226,46.0691680319,-215.6304440303945,179.00307933378934,1314.5615857025768
312756,6.53995432026,46.0146860584,-212.8244393756516,179.73619942861635,1314.6616148571989
312559,6.53997061027,46.2935689865,-226.82054024198752,176.56657200633782,1314.2320246227314
110988,-65.4060987606,47.1892096736,-363.3791997619349,210.02345327489914,1319.143627934202
110944,-65.4330987778,47.3478096997,-323.3213679503666,189.24094168044925,1315.9947546255637
301681,6.54373930358,49.4977792556,-307.4645029640248,183.19515293953827,1315.1389752624762
312050,6.54384544959,43.2481518645,-403.4020056307374,236.9269439411275,1323.693483008501
312554,6.54392177459,46.2226013836,-220.5819234605161,177.82790857648874,1314.402078993556
201882,-65.4439281927,-9.69338158589,-644.7560298196785,455.8155705148303,1379.7818285938015
312757,6.54804007793,46.0516918885,-214.66144347451046,179.25080267036034,1314.5953409516799
311881,6.54839101596,43.2649040679,-488.53120339559865,306.79530596219354,1337.9661505263614
110830,-65.4983784742,45.743813223,-404.833445788887,237.9780974380816,1323.8820321517107
311024,6.55159979423,45.7228115233,-204.75785512090945,182.10804650578035,1314.9879850386642
310994,6.55167678923,45.4939481523,-204.11547118005245,182.3134787902001,1315.0164503695303
110991,-65.5168987857,46.8864096195,-383.3479548524503,222.80652791153238,1321.2391188100235
312556,6.55207783427,46.2940146085,-234.7665173176428,175.3217655018158,1314.0653642998768
310441,6.55218438728,46.1142005277,-243.6236663080882,174.42147703549202,1313.9455513243831
312508,6.55235012929,46.2772505631,-224.7982236050917,176.94836462799003,1314.283372769516
311174,6.5524567283,44.7813135484,-165.29294835178698,198.8658509854892,1317.413255923166
200074,-65.5274999996,-9.78472222245,-647.4601023953386,458.51453492326317,1380.6757906654955
311178,6.55623647261,44.7476770806,-128.99325641237684,220.50860635032265,1320.8535519384639
310176,6.55678760866,47.4396053783,-457.2203601322352,279.62051740808806,1331.9976328618086
110943,-65.5731176684,47.6479691596,-381.76850292755296,221.7459781064443,1321.0606870996799
201880,-65.5936679691,-10.5355782176,-622.2304179627106,433.4432070874429,1372.5534867407328
110825,-65.6026244528,45.7018188985,-249.18521241179664,174.12227297553798,1313.9058665445034
311172,6.56028895295,44.8056939724,-143.08839025374513,211.50661083510496,1319.3805768696336
312895,6.56061256797,46.1101043843,-242.6241029680211,174.4970927890618,1313.9555911771636
311206,6.56061414797,44.5571048948,-196.0050922358249,185.1110476041084,1315.407222170756
301732,6.56076902599,49.4856375526,-280.06516912987513,176.2117499356642,1314.1844014480173
311173,6.56138867104,44.7922768663,-181.76295459233052,190.8979218870126,1316.2340509098958
111815,-65.6177197251,44.5649969905,-267.36458235945196,174.58669181573447,1313.967493187353
311007,6.56432453228,45.4478644435,-135.5133523449026,216.25803752273464,1320.1505970862108
110939,-65.6476365196,47.5907609168,-397.84296601256904,232.89697482136785,1322.9781030216786
311165,6.56477187132,44.8059249824,-163.60813888533806,199.75222909490356,1317.5473476206757
311603,6.56502138934,43.3362337998,-245.21702716169497,174.31468054427467,1313.9313787436338
110938,-65.6604447526,47.5606179613,-323.363693905142,189.25889226970622,1315.997336052414
312507,6.56847869562,46.2143302289,-218.68448755512946,178.26022065301893,1314.4606370908023
410202,-6.56861464534,34.2775166993,-490.5144862646098,308.5606694642669,1338.3720510135179
311023,6.56867910264,45.7149464466,-138.30468485837403,214.48316243846497,1319.861010547512
312130,6.56916008768,47.8610987032,-276.866505229748,175.7031536500155,1314.1163032229892
311875,6.5693795197,43.4638906974,-410.6781314765163,242.3249613891776,1324.6703163829711
110924,-65.6943447694,47.6523450339,-415.4049711097494,245.9026327787883,1325.3294552681737
103075,-65.6944034274,18.2982976612,-427.52767675739483,255.3151143915605,1327.1080844568276
311209,6.56958636472,44.5141444813,-161.37859393516132,200.9444827696198,1317.7286311488585
110923,-65.7028394701,47.5650285567,-359.7932004938488,207.88135903550295,1318.8042764672634
110937,-65.7055988784,47.4406097094,-313.824857118298,185.45420365918426,1315.455556774442
110927,-65.7141988941,47.7024826941,-362.44356191857696,209.45976641121803,1319.0539996296347
312137,6.57284679899,47.8516821134,-320.1416473747955,187.91926863487555,1315.8053471992584
311179,6.57334101603,44.7357287626,-128.180505853329,221.04842991750337,1320.9437794860492
311175,6.57342978603,44.7559441203,-193.27427393488603,186.13621626690932,1315.551880846991
310158,6.5754503412,47.1976710323,-238.21483951727512,174.90970363119203,1314.0104507264186
301796,6.5766143123,49.3355905302,-426.8853058155466,254.80822018652714,1327.0106590636415
312553,6.57688644332,46.2103366036,-103.74486856930848,238.21768976280293,1323.9251217156586
110985,-65.7726648339,46.6643218142,-339.7829023971164,196.8996919913812,1317.1178948371307
110987,-65.7932941016,46.8158021407,-319.2844130784966,187.5721070353209,1315.755811513506
201856,-65.7981,-2.6268000002,-630.017834876233,441.1544097623315,1375.008099411289
312548,6.58089518365,46.3312561966,-326.9455290316805,190.81147627129067,1316.2215161859056
311287,6.5815150337,44.1185075505,-210.62852884977482,180.34332433740323,1314.744756531457
312509,6.58154646371,46.3230331039,-234.94774265835116,175.29816633779834,1314.0622159225525
110986,-65.822418585,46.7356095871,-291.1212340288938,178.4736447836765,1314.4895975534628
111077,-65.822503558,46.9482407097,-411.41987421928127,242.8827714928996,1324.7724713632779
112032,-65.822698654,44.0811859854,-393.6591366908192,229.9206472826446,1322.4573960021414
111086,-65.8351860211,47.1312483168,-313.28259290011306,185.2527576359604,1315.4271718364425
110832,-65.8354868141,45.5437789955,-292.5917416958811,178.83234362528614,1314.5383476036013
111085,-65.8391113404,47.0523422813,-407.91435636740505,240.25861763205685,1324.2938735569085
110814,-65.8478939191,46.2310717653,-310.93749771070304,184.40043444576503,1315.307409094042
311205,6.58517176401,44.6477455593,-220.42934894731474,177.8618381074882,1314.406669812988
312902,6.58535656802,46.1023357417,-229.35780422404073,176.12465966417307,1314.1727268269249
301798,6.58538299302,49.3526121586,-289.2520432820046,178.03707889292227,1314.4303943741638
301667,6.58541929003,49.3731218703,-300.6907151717437,181.04470661151458,1314.8411485749689
311214,6.58547617303,44.3889599969,-152.02820704243192,206.17558707380599,1318.536473859985
301668,6.58568517705,49.3773388716,-293.49712268886367,179.05983267860174,1314.5693149745978
311000,6.58617502909,45.4481039605,-119.1830782382046,227.16514402679346,1321.981112896326
110821,-65.8670220737,46.0394486985,-334.06948007011465,194.0915097434999,1316.7010193466115
112031,-65.8689358559,43.9227854873,-437.3746052054713,263.1917623237799,1328.645913683925
111087,-65.8934464689,47.1852378893,-406.2627737901711,239.03305263180144,1324.0720752452912
301738,6.59009619641,49.4688240642,-264.1414212634669,174.34344588782022,1313.9351952504865
111060,-65.9118654714,46.9358582906,-358.3397203133758,207.02742200692362,1318.6699411364193
110815,-65.9220900423,46.1031094757,-412.60181377805725,243.77441704256137,1324.9362349178678
312546,6.59335314768,46.323449051,-243.02592603300752,174.4658973413084,1313.9514486954997
301792,6.5936114887,49.3432338278,-371.14791236055913,214.8300864198205,1319.91743159375
312547,6.59363357371,46.3230905929,-243.37126551577694,174.43994418138385,1313.9480028980975
310429,6.59409029574,46.1113657954,-225.45500865536107,176.82150611067974,1314.2662992016283
311164,6.59457754778,44.8605874039,-183.63822386745036,190.0749681405152,1316.1149469964666
312136,6.59770277204,47.8431607787,-320.7738964378361,188.17782087425056,1315.8422977176544
312501,6.59783174605,46.3267814152,-231.98386940198318,175.71106834697486,1314.117361476337
301795,6.59813796108,49.3396140915,-364.93144612843867,210.96596519464427,1319.2940152461856
311006,6.59820815408,45.5313265704,-199.7608624119367,183.76900105135124,1315.2190334470172
311153,6.60219851941,45.019050496,-116.25786653449437,229.2072704545196,1322.3335558863753
110827,-66.0233553837,45.2732406261,-259.5745281549729,174.11727393550134,1313.9052040678678
110925,-66.027110838,47.8976944072,-340.55160934214297,197.289178492537,1317.1761765778162
103076,-66.0350708556,18.0353632194,-323.3524392478097,189.25411821895676,1315.9966494853738
110816,-66.0552989353,46.0778094676,-351.107452447213,202.90533222968526,1318.0290717738867
310470,6.60600029073,46.3186219476,-235.44842094783675,175.23408645324253,1314.0536690900403
201878,-66.0604522877,-10.9853263578,-637.2346684599943,448.3228990372726,1377.3247554571433
301714,6.60610326874,49.514602688,-346.5274619059102,200.40836759220284,1317.6469838294572
311180,6.60638092576,44.6771546927,-201.20879098230313,183.27293889213354,1315.149812882188
310154,6.60649819777,47.1598236972,-259.67876266513474,174.1208831341058,1313.905682359771
312752,6.60709767382,45.9145008071,-122.38388436911774,224.96015861712493,1321.6040001297426
110940,-66.0780990062,47.3767096901,-247.57477008454916,174.18768729537373,1313.914537022559
311215,6.60947609402,44.3855560776,-152.9965840310732,205.617007977513,1318.4492459565972
201876,-66.0977385598,-10.9978893228,-632.2249748270592,443.34453970145734,1375.7123395088784
201877,-66.0978396578,-10.9599999997,-644.4035914115512,455.46399753856656,1379.6657251840772
310424,6.6104401281,46.0356532952,-240.48202630890145,174.6814714696638,1313.9800899057418
301799,6.6104797741,49.514780348,-285.3301372760594,177.19226883666926,1314.3162330007879
312890,6.61073002012,46.0435755628,-115.43262322929068,229.7879470183127,1322.4343313710458
110819,-66.1144052472,45.8269650959,-363.83602444625694,210.29988617327268,1319.1876675888027
111061,-66.1144480162,46.8773062148,-282.14469422121084,176.57782798382846,1314.2335369063524
110990,-66.1145590482,46.8229011783,-339.1137863897709,196.56288889286984,1317.0675872876855
200035,-66.1349999999,0.619444444399,-649.3944296571956,460.44685301840707,1381.3187049513408
110833,-66.1356659029,45.7686259351,-519.2892653103559,334.6669641839908,1344.630818146759
312138,6.61441770043,47.83496546,-320.1131338963078,187.90765834271215,1315.803689103255
310157,6.61483655946,47.1983856234,-245.83081070320688,174.27805187200877,1313.9265198473609
312750,6.61490342847,45.9307693575,-175.22925251217774,193.90303049734783,1316.6732493029356
301674,6.61560156852,49.3098641591,-374.7735247094517,217.14773588497346,1320.29663310707
110826,-66.1768989594,45.7056093998,-289.48233016561556,178.08968769325466,1314.4375211688746
312506,6.61819248674,46.2815968705,-235.6704400394737,175.20619706066012,1314.0499502234888
311321,6.61830079875,44.1738828541,-194.34539603208339,185.72920816753657,1315.494355351035
311203,6.61854131977,44.668436798,-192.20769755992845,186.54773456919665,1315.6101692624582
310434,6.61861522177,46.1608952475,-116.94035201702431,228.7285513863882,1322.2506609615327
111062,-66.1902990205,46.855309599,-288.0876357800257,177.7761543191877,1314.395078063827
201879,-66.2066335568,-10.7976871283,-659.7692012951358,470.83351463825875,1384.815604584419
110818,-66.2106026911,46.0147472304,-357.631569156605,206.6144119138377,1318.605162815767
310993,6.62289730913,45.5484953178,-202.06327978340408,182.98582215280297,1315.1098324105224
312901,6.62294485313,46.1394822677,-200.69691522722235,183.44693996689054,1315.1740721201547
110822,-66.2310533978,45.8483587937,-546.5600221303391,360.1350177266775,1351.1947643426126
310455,6.62311498014,46.2520806331,-190.5421428715595,187.20270847106764,1315.7032014298659
311163,6.62336874717,44.885514843,-169.1922518359607,196.8635578440341,1317.1124935254793
301835,6.62338789817,49.4270780998,-267.27032501608437,174.5785991179753,1313.9664179361241
311635,6.62351794018,43.3234689257,-384.858361746577,223.82816199422882,1321.4117852870882
201855,-66.2354264232,-2.50620714522,-650.3039190093194,461.35586617535245,1381.6219799381827
111078,-66.2506785375,47.2525930148,-316.5137490432354,186.4770289611749,1315.6001453800777
103074,-66.2602449873,18.4105107734,-555.0174422391577,368.1535878221606,1353.354027747442
312500,6.6262592004,46.3388555082,-228.52693087536852,176.26480838457587,1314.1915168150895
312539,6.62708631847,46.3393668313,-227.77965579073168,176.39465555459543,1314.208938754458
311216,6.62717402048,44.3853192566,-156.181268294436,203.80702802738963,1318.16818534937
110831,-66.2861374604,45.3982449144,-256.87698714583576,174.04914101857807,1313.8961769040961
311040,6.63087852579,45.1941615975,-116.39629803285517,229.11005916076758,1322.3167091898013
311202,6.63110089481,44.656464378,-163.54707402113493,199.78459232082304,1317.5522545700767
310454,6.63133395982,46.2520294201,-232.1781592186565,175.68224700690052,1314.1135080758008
312536,6.63139005683,46.335499211,-232.96198537430476,175.5684684227361,1314.098301991978
311162,6.63139942783,44.8889288853,-131.2839816561957,218.99887183187826,1320.6023497092265
310423,6.63144955783,45.9775337983,-308.6923640909998,183.61343300810952,1315.197305720673
311161,6.63161883985,44.897841339,-142.2632264375968,212.01405792127258,1319.462019517856
310428,6.63177807986,46.0475521111,-117.37007229497198,228.42783473299338,1322.1986748876652
311158,6.63516214814,44.8939709707,-117.58006311182217,228.28108264425978,1322.173329366135
312751,6.63548344717,45.9433608995,-195.3097434700094,185.3681767242037,1315.4434313705588
301743,6.63568971619,49.4478451475,-394.3297599608429,230.39435149200563,1322.5398358436378
311286,6.6358419462,44.2181635038,-183.0077013180972,190.34966540099813,1316.1546471870874
310159,6.63671988627,47.206583494,-259.0397141100201,174.09989797167108,1313.9029015371116
110926,-66.3861521477,48.027751518,-392.1163362309503,228.8358385423976,1322.2692241730867
310999,6.63905531746,45.4439331792,-122.71348821178525,224.7348873059518,1321.5656736486135
311880,6.63990022853,43.4517047474,-499.42050086168297,316.5452113575806,1340.2354013483264
310152,6.64102465363,47.0475333669,-344.62927189591977,199.40025426456697,1317.494030952197
311039,6.64344634583,45.1934509495,-117.96999889458834,228.00892313337656,1322.126366586166
310459,6.64357226184,46.2434580353,-232.06189992345378,175.69946363414314,1314.115809856658
110817,-66.4485029598,45.8686561653,-515.9351913812106,331.57997753620873,1343.8658198260746
301595,6.645572753,51.6477585325,-536.418141243131,350.59099723166594,1348.6823597622192
310436,6.64559577,46.094409087,-240.92236440502393,174.64108591860003,1313.974721630794
110852,-66.4690750615,45.1692698655,-272.0665565132738,175.064973416597,1314.0311279080295
110971,-66.4810742855,46.4859083604,-328.0000307700694,191.28104941970594,1316.2896717899896
301713,6.64812946621,49.4104479374,-391.5209964778918,228.4190984711276,1322.1971656074056
310453,6.64831783923,46.2314903644,-116.53540615366451,229.0124293578208,1322.2997969425335
110807,-66.5177990846,45.8481094166,-431.49665504461564,258.46623480241476,1327.7179123318444
312900,6.65223183055,46.1437218791,-133.96754356028697,217.25268213846903,1320.3138975600662
103073,-66.5268866293,18.4351046515,-580.2365273393341,392.352224076936,1360.1361431606813
500003,66.5469017123,66.6064664702,-448.74234800692636,272.5174098098307,1330.5246329336987
312538,6.65507058779,46.3566668677,-228.8986836387292,176.20155197850806,1314.183034098953
200013,-66.5561743487,-1.63424976007,-575.6539860056736,387.92532584403597,1358.865747093912
311154,6.65585346385,45.0141296196,-115.69992738249303,229.5996427731902,1322.4016243772053
310452,6.65677925093,46.2313468203,-292.34209643827387,178.77050559569716,1314.529936465821
311878,6.65687618894,43.4561982307,-542.3510761347021,356.1643903297407,1350.1418937033434
103077,-66.5813013308,18.0690182242,-365.2306019578172,211.14865476162032,1319.3232411359759
200012,-66.6012047515,-1.81444372598,-697.6949515854238,509.0956406816313,1398.2876783963075
310998,6.66042303223,45.4437998532,-121.84306382926363,225.33051730424123,1321.6670920555189
110792,-66.6100527542,46.1263471127,-266.4135047574428,174.5077377444047,1313.9570049002991
110794,-66.6145720386,46.239777804,-316.6677607117275,186.53681082950058,1315.6086203686625
110795,-66.6225816712,45.9559617976,-308.8685211701389,183.6741485097288,1315.205783527684
110793,-66.6228015292,46.1811550742,-301.3723691168354,181.2489167231675,1314.8692824791428
312535,6.66479527059,46.3267069432,-233.7768688449663,175.45442876079036,1314.0830707248572
310435,6.66525042463,46.094261164,-240.9442689603845,174.63911047510217,1313.9744590749963
301791,6.66575686067,49.3860140684,-439.0454068585612,264.5473547356304,1328.9151075563534
110806,-66.6827991322,45.6731093822,-324.5673922138541,189.7732782198883,1316.0714104182255
312748,6.6684920559,45.9107267408,-142.68449175829087,211.75467824823042,1319.4203666587484
311213,6.66873124692,44.3892410219,-154.59497477198215,204.70336548812034,1318.307068947162
110781,-66.6978197355,46.0312555838,-297.71559425953075,180.1858845487403,1314.7231697907
310458,6.67229564521,46.2099417396,-234.32592620694936,175.38003601979136,1314.0731399843
312316,6.67299724727,45.9191534655,-240.38732992770153,174.69032426806294,1313.9812668325128
310450,6.67358548432,46.1858783266,-114.96028554056198,230.1211962149891,1322.4922779136793
311157,6.67434051838,44.9185761447,-116.95746448401616,228.7165657213204,1322.248587682834
312537,6.67671049158,46.359644436,-228.48855540260507,176.27138896722028,1314.1923994462636
312505,6.67712996661,46.2022284979,-234.67922365657262,175.33320962614985,1314.0668912166159
312532,6.67829926971,46.3072506066,-233.6997394578385,175.46503697265058,1314.0844871596757
200033,-66.7936383714,-0.193884808896,-658.9273700178701,469.9893289898284,1384.5288113860988
201871,-66.7938442974,-0.193702751881,-658.8176203690498,469.879290121582,1384.4914616851402
312533,6.6805673329,46.3139830982,-194.708820228463,185.59254676929913,1315.4750676505462
312498,6.68148423397,46.1985978686,-197.98672978792823,184.39306139870413,1315.3063754448544
311156,6.68150872498,44.9311486518,-123.76556532501033,224.01809826360656,1321.4439710194063
311155,6.68153040298,44.9401416485,-119.5127399476463,226.93660526739455,1321.941860674736
310175,6.68260545807,47.4559907397,-405.8808600740053,238.75065096884893,1324.0211227665302
110777,-66.8296733894,45.960950724,-453.0583660802313,276.118422921683,1331.2668566709879
110855,-66.8443991666,45.2317093006,-371.00429978551676,214.73923638801134,1319.9026478640008
110782,-66.8446992026,45.9600094289,-396.5633224924083,231.98137293609375,1322.8172275802917
200011,-66.8478448659,-4.8433963666,-642.9393560339989,454.0038555776656,1379.1843825512528
311200,6.68516886728,44.6057243328,-143.58194879104133,211.20430193222208,1319.332148228251
201865,-66.8521192862,1.21546835671,-685.3575675547158,496.60203430819,1393.7875163284134
200024,-66.8525000003,1.2152777777,-654.6881734989124,465.741963815684,1383.0927796257142
310457,6.68529654429,46.2021701509,-263.76433209125605,174.31950233272298,1313.932018442135
312053,6.68548777631,43.6146354998,-287.5766969224539,177.66434703862907,1314.3799604385927
110919,-66.8895414343,47.8354350381,-258.53029863587057,174.08512560988507,1313.9009441934747
310141,6.68911517761,47.218261269,-257.0879834730375,174.05271528141142,1313.8966503841643
301581,6.68954285964,51.1604791932,-538.3938546443294,352.4438461119273,1349.165195539843
312503,6.68962151965,46.1980502816,-209.962340750652,180.53326066738902,1314.7708235282278
310996,6.68968444365,45.4477373905,-102.11452529768195,239.42281056787843,1324.1424932438795
312504,6.69004312668,46.2021513719,-212.94938625455333,179.70253248483516,1314.6570124467285
200007,-66.9193773568,-2.8310620161,-651.8441941759402,462.8960118729881,1382.1370330042575
110928,-66.9274993385,47.9767097688,-304.1555172533795,182.11116494314385,1314.9884169036789
301591,6.69301952693,51.5640620576,-532.6545099317331,347.07030293040833,1347.7714403303328
301759,6.69314947594,49.3896254597,-407.45582401465253,239.91766095955487,1324.232058301791
110929,-66.9437535278,47.9732944955,-254.89770603795887,174.03012022051402,1313.8936573931169
110930,-66.9479684312,47.9062715759,-228.94099475216996,176.19440892121406,1314.1820763992296
301742,6.69731633028,49.4852756066,-294.4435342950011,179.30301655196513,1314.6024615595882
312894,6.6975174083,46.0848758692,-241.58510096194067,174.58272480514725,1313.9669660970492
301278,6.69758382531,51.4897222404,-528.3713451205892,343.0781766522051,1346.748935581126
311197,6.69785582033,44.6769629297,-132.83728238974783,217.98515481716834,1320.434620840638
310156,6.69808736435,47.2525699558,-253.93501687080055,174.03034849960974,1313.893687629555
301934,6.69825027336,49.2519651553,-497.46719868958496,314.78621692299436,1339.8210412434137
311198,6.69827370236,44.6818318471,-184.4737631222608,189.71410060653918,1316.0628784989121
200018,-66.9976139083,-7.71840969148,-636.7196060659913,447.8105993489512,1377.158085726966
110884,-67.0012660286,45.2562746447,-377.14540369617623,218.68854775440542,1320.5509233319347
201872,-67.0089220542,-0.243731639021,-676.063514879767,487.21909221560605,1390.4720435928562
200034,-67.0094518832,-0.243526894004,-680.0480430757193,491.2385885907204,1391.8855596328663
312499,6.70224960669,46.360090559,-113.2477379214653,231.33484931328488,1322.704000410029
312745,6.70227515569,45.9075806756,-171.43557732609125,195.7433397022703,1316.9455247775788
310422,6.70242228471,45.9067502945,-176.69895360414918,193.20869252706953,1316.571175083943
311038,6.70250292471,45.2098333138,-127.7503385389052,221.33501855508447,1320.9917678141203
110780,-67.0266825307,46.1191702451,-305.21144501607586,182.45017938010383,1315.0354094661202
103078,-67.0519858468,18.2814048208,-414.8826040963517,245.50461250508755,1325.2556639966374
310997,6.70631250303,45.4119540225,-103.37087420025429,238.4935303311027,1323.974782314107
310431,6.70666419106,45.9148702152,-214.0961128784087,179.3979870615262,1314.6154182709183
312889,6.70666436906,45.9148967902,-219.8200126150997,177.99879723868997,1314.425209744668
312531,6.70690934708,46.2817717935,-236.69816308152497,175.0813130515206,1314.0333048951761
201870,-67.0856717835,-0.139727881415,-641.0087102244568,452.079844058483,1378.552228099406
312057,6.71021512435,43.6105115925,-296.41502207429676,179.82717708865232,1314.674056111844
311884,6.71041739937,43.6809680273,-239.6036926763785,174.76586050665088,1313.9913113078505
110854,-67.1061879292,45.5272530881,-326.4721944640765,190.6025328408413,1316.1912420766362
310054,6.7107490594,47.8310999177,-212.87944294923705,179.72136701994944,1314.6595871013203
201854,-67.1129856078,-2.97270330682,-650.257530086445,461.30949433277954,1381.6064959877178
312888,6.71436412369,45.9438147606,-111.16909841157162,232.81916343034544,1322.9644073270833
312743,6.71454459171,45.7889772627,-114.43475636408631,230.49273277775995,1322.5569780002882
311326,6.71490446874,43.7938480207,-225.320330603477,176.8472950735792,1314.2697690994553
310992,6.71500321775,45.5688270045,-196.628218636782,184.8829099985485,1315.3751368348978
312502,6.71516456376,46.1684830841,-187.55387781342841,188.4151266543753,1315.8762556357947
301277,6.7167999999,51.2598000004,-506.6619903711004,323.1028318871525,1341.7993516794497
311879,6.71833752902,43.4317076717,-483.99038985714,302.77166429156233,1337.049266441509
301633,6.71885319407,49.5232713727,-360.5207750239293,208.31194068076212,1318.8722170187982
110740,-67.2063150655,47.1767536456,-311.48495094020933,184.5966524875063,1315.3349323664631
310449,6.72224764035,46.1812200122,-204.4026042630961,182.22135710476888,1315.0036818119552
312497,6.72266077838,46.2775793462,-176.60529480113038,193.2526261475749,1316.577623122476
301631,6.72280022039,49.3399699576,-489.88419649956313,307.9991187323264,1338.242697470748
311962,6.72301239841,43.8433903868,-220.7523386307095,177.790184329645,1314.3969757412956
310447,6.72302415441,46.2573891175,-113.76731649706925,230.96574348937412,1322.6394954255275
310451,6.72324973843,46.2104723626,-209.72210547073107,180.60240730522025,1314.7803199463915
312315,6.72461923154,45.9274155722,-207.92592533577107,181.1303271961582,1314.8529406835132
110779,-67.248099342,45.9606094189,-401.64275303677954,235.64252084515732,1323.4641883421532
312530,6.72728920676,46.2644437121,-114.26831447935778,230.6105693301389,1322.577519422081
311964,6.72764122579,43.8571179739,-223.13904835247683,177.28105800428943,1314.3282062411256
310160,6.72789408181,47.2609398355,-309.601673661117,183.9287379850729,1315.241362203408
100004,-67.2980373631,45.1687180464,-471.02694390049425,291.4326040852672,1334.527265707904
110877,-67.2980701961,45.1686092774,-561.2380239840244,374.08386877838444,1354.9792622302741
312744,6.73069115405,45.8548265922,-148.54377763016709,208.2164887156977,1318.8571440330409
201867,-67.3144832125,0.371666699898,-649.7190263477892,460.7712455348428,1381.4268713564338
200027,-67.3145849055,0.373182723023,-649.4716643111104,460.5240356412774,1381.344434816032
311963,6.73155804012,43.8478784351,-206.21547374882087,181.6508595688929,1314.9247487883147
312747,6.73169595413,45.8600973806,-0.16733747549676536,324.9914394119143,1342.255376552809
110875,-67.3187993248,45.139859273,-624.4296811015425,435.6183433216581,1373.2419310639332
301843,6.73196050815,49.1772924611,-378.4107973998741,219.51835830581672,1320.688596841502
312529,6.73246857119,46.2650442371,-146.29149141983524,209.56104067655087,1319.0700853113656
110883,-67.3310993289,45.1317092704,-597.9508375136793,409.57667679484115,1365.2044221903911
312746,6.73542885444,45.8487613327,-9.275576805916629,316.7323087001534,1340.279603503845
312496,6.73545089244,46.2853187618,-230.86891156007738,175.88120695844086,1314.1401215833312
301578,6.73595264648,52.6071662329,-541.992361034024,355.8266197342534,1350.052829894223
110880,-67.3606685413,45.1354922407,-542.3025420061575,356.1186841063878,1350.129837224391
110764,-67.3895279877,46.3143047392,-323.40254057947936,189.27537549019073,1315.9997066720218
110741,-67.3896994417,46.9181095802,-279.0805982578315,176.04814394735854,1314.1624744228563
311192,6.73900233673,44.764718974,-123.14299062042389,224.44184617307334,1321.5158729684151
301634,6.73971360579,49.5189378124,-362.9248379166955,209.7492991189912,1319.1000070786151
110872,-67.3978609484,45.1561299254,-541.0145513611267,354.90641461274464,1349.8105879445336
301276,6.74009999982,51.1852652592,-526.0076001734243,340.8818761063864,1346.1911133459855
110885,-67.4235197925,45.6149372963,-283.23121274421527,176.7801321364051,1314.2607333828623
110886,-67.4267950658,45.5688846205,-497.5250022546518,314.8382087721983,1339.8332574976562
301757,6.74321138208,49.4518017978,-407.89373727495615,240.24327413053894,1324.2910899643084
311011,6.74327706809,45.5644241192,-118.27905258653409,227.79353751564625,1322.089239018224
312080,6.74362560312,47.5814646801,-504.33322493315075,320.9878411223197,1341.291636573591
110763,-67.4687032862,46.3436988776,-369.15101481901127,213.573466010337,1319.713486169465
110869,-67.4729407646,45.2693651527,-466.78702958256196,287.7746655708668,1333.733226075709
310995,6.74759575144,45.4603988856,-84.93754510400811,252.51578108303215,1326.572380192603
311037,6.74772892546,45.2275452633,-145.91448519691392,209.78801339909518,1319.1061635667668
312893,6.74777723746,46.0608492712,-216.21922866171997,178.85537729221372,1314.5414813463417
110918,-67.4852091716,47.6648131609,-275.6229265731969,175.52335832271038,1314.0922758736453
110917,-67.4932719263,47.6691124413,-363.5169534224507,210.10672695073245,1319.156888661786
110916,-67.4936753843,47.6603110706,-338.5086743219212,196.2600934111678,1317.022431266702
201874,-67.4978045756,-14.5268477118,-443.98284497204986,268.5840918817527,1329.7245859973561
310991,6.75173384879,45.5936154916,-199.28276327680797,183.93542092845698,1315.2422967902237
110758,-67.5313994574,46.2967094698,-464.9005881025638,286.1556556693253,1333.384835471529
312232,6.75328414792,47.5010428794,-382.0101343953675,221.9077054682971,1321.0878433851774
201875,-67.5356568638,-14.4437923739,-498.9686537808555,316.13793249881775,1340.1392661057737
200032,-67.5358333328,-0.344444444354,-682.0024743999065,493.2119067649865,1392.5832273758895
311196,6.75380536296,44.668476366,-136.0644635517598,215.90543713771098,1320.092882330452
311885,6.75627120016,43.664523764,-239.40399695471245,174.78575878251797,1313.9939580025
301604,6.75630154416,52.0938818134,-562.3477926291813,375.14462497519025,1355.272500215979
301800,6.75630479316,49.3312245118,-433.4317750765953,260.0143471800686,1328.0201508009477
110759,-67.5689687615,46.1605182165,-524.191783328207,339.19806454543425,1345.7657252231027
312618,6.75885550738,43.9686477471,-238.77603142020502,174.85004795610044,1314.0025112092235
110762,-67.5941115916,46.5770101529,-328.9436686284531,191.70600884775686,1316.3514933414367
200026,-67.5972823179,1.07323178895,-470.4701914651465,290.95078950024464,1334.4221304012872
201866,-67.5975753529,1.07311150194,-470.84891564992085,291.2784899462585,1334.4936189054135
310448,6.76053573051,46.2938398215,-233.76190910446573,175.45648325401257,1314.083345039332
110756,-67.6061498436,46.4605563313,-481.15412073109104,300.2716648132008,1336.4853657573606
311883,6.76069886353,43.6686664123,-237.34800664337553,175.0059299158648,1314.0232629978857
310135,6.76079557154,47.3438231814,-270.2769461403559,174.86572785933262,1314.0045977749348
110755,-67.6183023086,46.4312066779,-423.1417789261613,251.87188582039292,1326.4499640245067
312510,6.76211575865,46.2139513499,-211.81958895877514,180.01040136714602,1314.6991309019168
311212,6.76484184187,44.5188516577,-144.49757251803243,210.64589361315,1319.242871002143
301816,6.76709957506,49.3399644936,-432.592573207732,259.3420476247145,1327.8886842879845
110709,-67.6724995431,46.9600095796,-308.7929378389313,183.64807578894428,1315.2021426133995
311193,6.76849432917,44.7434980742,-116.46006389799498,229.0652995174415,1322.3089546837796
301629,6.76863834119,49.3686025599,-481.24204215273755,300.3490060956684,1336.5027443505494
312887,6.76888435221,45.9278698862,-142.31503512772483,211.9821230132823,1319.45688852312
312233,6.76904293922,47.4896807405,-402.2418669022265,236.07900104142053,1323.5419732394623
110765,-67.6976231942,46.1980945366,-392.5979200017471,229.1737128311901,1322.3277395739408
110710,-67.6982594342,46.9265694579,-492.66570295397577,310.48085342288476,1338.8160517920664
110752,-67.7061499569,46.7355841951,-497.5953963546357,314.90153037379497,1339.848138419296
310174,6.77273242952,47.484636978,-438.1766714790127,263.841843610721,1328.7748412104281
312071,6.77294852154,45.9147719622,-196.9588174434242,184.76275164565456,1315.3582533247618
110868,-67.7309664839,45.6606488271,-492.7379571659801,310.54544306973634,1338.8310320594132
110728,-67.73131314,47.0940553267,-376.2745038761901,218.12057024826416,1320.456982775025
312204,6.77324801657,47.5018669695,-440.213067338325,265.4978905475766,1329.1046573084857
311190,6.77345331758,44.7437293123,-176.97339158814538,193.08020593777093,1316.5523256289005
311036,6.77357133959,45.2310652076,-137.37816010855084,215.06923952561323,1319.9563773034397
110708,-67.7390590496,47.0560858426,-386.1772614566071,224.7261357167143,1321.5641854514906
110734,-67.7392548346,46.8269712646,-337.0007960134123,195.51301049107852,1316.9113096428246
110731,-67.743241087,47.0479870519,-560.9352246638233,373.7945863135215,1354.8994254007162
110736,-67.743342174,46.8228457363,-430.4715394435661,257.6492256429083,1327.559107410395
110753,-67.7443995391,46.4394094896,-334.35612392603747,194.22869899210707,1316.7212490523805
312528,6.77662837085,46.2934255865,-234.49137750488003,175.35800525406967,1314.070199875403
110735,-67.7688829061,46.8103668053,-390.35352132516937,227.60491344525812,1322.056752495262
301583,6.7772455169,51.1853872002,-494.5015824457864,312.1238850606087,1339.1980360720452
110737,-67.7725272074,46.8061840239,-471.43951095404174,291.78992553974746,1334.605342728848
312189,6.7773193369,47.4815713528,-467.8358730184636,288.67710446522256,1333.9282330156743
301832,6.77750002792,49.5059936383,-362.7066716278762,209.61794164327634,1319.0791263804679
200016,-67.7848361304,-9.95639249565,-615.1629276818758,426.4675999075715,1370.3666202753257
110757,-67.7855848795,46.4482019803,-359.869657630724,207.92650914429402,1318.8113941723536
110733,-67.7885995747,46.795009549,-530.7432506642326,345.2869672820498,1347.3133080203468
200017,-67.7933036391,-9.98126999271,-662.5030437003711,473.5766485436352,1385.7506638063417
301771,6.78055540017,49.2807062426,-326.1083421296726,190.4426939173505,1316.1681047117013
312229,6.78158228226,47.5482797513,-439.1501102549186,264.6324830557982,1328.932056683927
301854,6.78187549928,49.3101267831,-324.6183335635957,189.79521280791354,1316.074573494487
301853,6.78287452936,49.2907137935,-446.9056453992826,270.9947587956949,1330.2135991969978
100003,-67.8319392853,46.7736187052,-527.4408893210616,342.2130451516042,1346.5288071429547
201873,-67.8357482156,-15.4935584848,-226.2567956763902,176.67037294395647,1314.2459742643503
311005,6.78540868957,45.622739773,-139.35362001182438,213.82336058781317,1319.7539504494616
310161,6.7856942726,47.2936681142,-266.3024882582253,174.49891295694707,1313.9558329019474
310461,6.7857403926,46.3686024807,-218.30393612065564,178.34963086008327,1314.4727654165463
301635,6.78585754361,49.502085841,-362.5970092367263,209.55198298301096,1319.068646343323
312203,6.78928269489,47.5064977679,-443.21972232327903,267.9572282055276,1329.5981108370618
311886,6.78947363891,43.6435806982,-267.2493375245661,174.57680520454363,1313.9661795911338
312230,6.78957102292,47.5351333582,-455.206510203481,277.9224139290901,1331.642192316715
301670,6.78972591593,49.5060573133,-450.4983212428634,273.97863598709927,1330.824689119963
311195,6.78985127394,44.6522935977,-114.78587459628423,230.24441211446026,1322.5137237487663
100001,-67.9273612252,47.1601807342,-349.90085176578117,202.23877282364327,1317.9266221710172
110715,-67.9312927975,47.193623627,-331.42893898598885,192.846491336929,1316.5180702956031
310155,6.79339870423,47.2981126126,-208.04643507043912,181.09430647102184,1314.8479790569384
100005,-67.9355420529,44.6060839859,-429.75005938684313,257.0755102867143,1327.4478815317266
200006,-67.9355555559,-3.10166666749,-650.3918863982689,461.44380329811764,1381.6513466848744
301763,6.79383922527,49.273025421,-452.7188305852004,275.83398825150454,1331.2078910781086
310164,6.79397468028,47.4519635353,-372.2156865897155,215.50786112104322,1320.0279157649893
312202,6.79702016053,47.5057281158,-443.2687983912063,267.99750946733985,1329.6062294057558
110729,-67.973599663,47.2156096148,-326.289706611974,190.52228220052447,1316.1796230791567
100002,-68.0024586084,46.8479089414,-515.2117261200119,330.91553963382825,1343.7020334006504
312231,6.80178082893,47.5212660311,-454.82792359393625,277.60392567691633,1331.5757581696691
310462,6.80181251393,46.3938222858,-220.17726071314763,177.91821732662905,1314.414300078396
301933,6.80183926193,49.2652017374,-486.268200358346,304.78683334988267,1337.5070369823643
301754,6.80443745115,49.3519243955,-434.97015745095916,261.2504357003247,1328.2627188728532
110712,-68.0471769841,47.2603255615,-351.2859837393519,203.00448155708963,1318.0443390592584
311324,6.80569970925,43.797535051,-224.79402106499495,176.94918520366159,1314.2834832478625
311189,6.80794778944,44.7601756926,-164.7351320455451,199.1579161501718,1317.4573753101743
311882,6.81008935862,43.7226483898,-231.36486309224264,175.80452961370767,1314.1298614773928
311034,6.81048758665,45.284425901,-120.03773226720043,226.5733308223641,1321.8795461137277
310163,6.81079421567,47.3189760383,-258.32929735027125,174.07977433717352,1313.9002351880356
311923,6.81092020268,43.9520275198,-243.45919902620034,174.43346236665593,1313.9471423870573
110714,-68.1353302554,47.3355569847,-316.34916836558136,186.4132872408125,1315.5911119545542
110730,-68.1356895484,47.3106618656,-324.06746867052357,189.5587301920229,1316.04049040518
311035,6.81444853798,45.2682321547,-130.95973434049316,219.21150887647715,1320.6376285029123
312570,6.81490992601,43.7690199016,-225.75204104213552,176.76503785213762,1314.25870314819
301636,6.81548867506,49.4947542274,-424.55857534703483,252.97960540272243,1326.6607482486288
311965,6.81659619515,43.8598209421,-224.92525152863746,176.92361461796827,1314.2800407840718
312188,6.81752508823,47.4854668501,-491.8858248810281,309.78409560496743,1338.6546403324803
301844,6.81917374337,49.2276694473,-396.82464668681035,232.16797956782483,1322.8499653893107
312527,6.82160503557,46.2776655812,-223.21003540342218,177.26646617166412,1314.3262381246464
311188,6.82261176665,44.7562101413,-132.71247885468128,218.0663021074052,1320.4480195406
312892,6.82277626466,46.0738399843,-168.03646755760377,197.44981570467567,1317.2002467034786
301642,6.82338481972,49.4976543166,-357.9115014550075,206.7774357829966,1318.630717123974
110725,-68.2345423396,47.3560865324,-418.63147954479206,248.37532011005473,1325.7904660366457
312611,6.82617924195,44.0308878423,-200.7334450713924,183.43447276346717,1315.1723331913217
312227,6.82757510406,47.7731458249,-177.0143214119553,193.06107500085892,1316.5495200995601
310990,6.82769900407,45.6148689043,-157.35477692501175,203.15067708484284,1318.066863931388
110713,-68.2773513481,47.3676393144,-265.1507179328252,174.41218932023406,1313.9443184463228
301641,6.83004628427,49.5228867847,-358.37131999879244,207.04589823933443,1318.67284197849
311887,6.8303995923,43.6218227884,-269.22400846667614,174.75837034962373,1313.990315109343
110684,-68.3226660699,47.3642799821,-272.21691997613567,175.08267428582676,1314.0334862662257
110677,-68.3301288675,47.3603509098,-457.3546985157522,279.73402742220605,1332.0214661527577
110675,-68.347935617,47.3896026552,-302.26526471530656,181.5205749476047,1314.906756893128
311187,6.83539671971,44.7356196426,-133.8996756660079,217.29654072888587,1320.321115034761
312526,6.83540802471,46.2649579051,-222.26070870949243,177.46424402775037,1314.3529275283088
301640,6.83545234971,49.5428605863,-359.24146990796885,207.55622805153456,1318.753065587669
301762,6.83549276072,49.2352080729,-420.4696169389537,249.7947726642852,1326.0571211845652
110680,-68.3852006461,47.435643525,-257.4336229029233,174.05921412505614,1313.8975113058577
310420,6.838883418,45.9061039264,-199.71475122298017,183.78499516497752,1315.221268320158
110707,-68.3899954285,47.2982371656,-263.4759924367396,174.3018330160951,1313.9296743687105
312201,6.84350653038,47.5065319699,-520.9623501273209,336.21079744346196,1345.0158960069816
311888,6.8437321564,43.6064858672,-259.9842109258757,174.13187770413415,1313.9071394229738
311184,6.8437837884,44.7729612657,-155.68047597649155,204.08887505860716,1318.2117922081347
310173,6.84381728341,47.5196115419,-529.2802393695807,343.9239908159339,1346.9646512261015
310166,6.84423005444,47.4730074521,-498.128389590309,315.38115521573565,1339.9609446767868
312891,6.84432746845,46.0932475929,-150.98448267475817,206.78185468011486,1318.6314100683492
311889,6.84443206546,43.6141525808,-268.01194885018566,174.64386433548532,1313.9750909145598
110683,-68.4770420037,47.4900261755,-282.7731634660994,176.69392490856856,1314.2491404956252
311186,6.84837496878,44.7105808415,-142.7767357717645,211.69797009018652,1319.4112667148936
310142,6.84876934982,47.3231190117,-271.48889458139365,174.99835401064232,1314.0222540354212
110687,-68.5104252944,47.3020183619,-318.68768788833665,187.33276421028376,1315.7217124987187
312980,6.85259526013,47.7225233407,-255.4610413398236,174.03286415322398,1313.8940208400634
301626,6.85300992117,49.4151340078,-470.8126276971319,291.2470820176053,1334.486763882529
201868,-68.5353739335,0.130087442909,-607.1061675725288,418.5433722449903,1367.9212750169884
200029,-68.5398158619,0.131490645025,-600.8527778319678,412.4142974943381,1366.0584222395626
200015,-68.577222222,-9.04388888915,-658.713751577932,469.77515138196105,1384.4561217495623
110706,-68.5853396006,47.2872096107,-307.9261115564533,183.35139152193904,1315.160747957042
110696,-68.5853622976,47.2813418672,-546.97258432222,360.52494728157933,1351.2987448400447
312200,6.85999643274,47.5185769739,-463.30404075258065,284.7896263569902,1333.0923416907203
311185,6.86009675675,44.6980371285,-141.1377871437158,212.71022451726813,1319.5740599936335
301621,6.86019357176,49.4862203557,-422.0579035190449,251.0274495211112,1326.2898780458852
310171,6.86024890777,47.5535103117,-463.11242967966507,284.6259417237505,1333.0573831969973
310172,6.86056282379,47.5436198729,-482.3075425823564,301.28708610308917,1336.7138693252136
110674,-68.6061316954,47.2479154675,-356.69027663701036,206.06853602324568,1318.5197388483264
110705,-68.6066998864,47.2553096041,-291.2649102295099,178.5081011883695,1314.4942762841424
100006,-68.6437497835,45.2562592587,-543.1283492045633,356.8966247214158,1350.335240202015
301703,6.86473391214,49.5398518461,-321.6018737641738,188.51961402671677,1315.891220833499
301753,6.86493094215,49.3566986249,-433.844570494717,260.34556431257505,1328.085039841624
310989,6.86516261017,45.6020509853,-146.30347882188238,209.55383271415806,1319.0689401995212
110704,-68.6520422091,47.2439119511,-264.1807839545014,174.34599983285193,1313.9355341308078
311033,6.8654731562,45.284476304,-125.18718639115438,223.0550608224649,1321.2810527485847
110693,-68.6688039325,47.2395950768,-401.5547464614319,235.57848568061917,1323.4527883946098
301627,6.86748403736,49.4019331647,-420.43536382707845,249.7682512656946,1326.0521254966632
200025,-68.6856827389,1.33583219367,-669.1816235739077,480.28828291460593,1388.058678478311
301891,6.86862392446,49.2562855036,-412.0023763210472,243.3217787196465,1324.8530289028995
311966,6.86892064648,43.8728931702,-232.07575243757233,175.69740762572906,1314.115534966502
301620,6.86919758151,49.5101537666,-323.008928121833,189.10872355558504,1315.9757480739213
100007,-68.6976688239,44.8272759862,-425.8431075781299,253.98769726768302,1326.8533493032432
110703,-68.7057895126,47.2515991918,-281.2273733259053,176.41291678576874,1314.211389922777
110702,-68.7157999234,47.2403095988,-380.65487252068056,221.00305802528598,1320.9361876526898
312571,6.8727707698,43.785469808,-220.75498681016478,177.78959954932162,1314.3968966418793
200004,-68.7501505943,-3.40611316968,-640.6502146466033,451.72273654219885,1378.4351602099634
201852,-68.7505948653,-3.40627740369,-637.6592041025964,448.7452356588661,1377.462285044649
110678,-68.7607443751,47.2395054338,-323.60651075501545,189.3620518774382,1316.0121758118837
301884,6.87734518218,49.272470811,-390.28023518095785,227.55394005580703,1322.0479778846216
301619,6.8788243213,49.5105884407,-416.3984329020587,246.66139037074564,1325.4704454243874
110686,-68.8174999578,47.2111095904,-355.1626439904996,205.1902455675733,1318.382758181392
301622,6.88254574261,49.4774287579,-299.75198124699557,180.76800466049303,1314.8030771574997
110700,-68.8321999621,47.2028095887,-361.4104309165806,208.84124957108497,1318.9559233409987
310165,6.88573631287,47.423463921,-401.0098034362362,235.18244146041542,1323.3823487432408
110692,-68.8814617671,47.1855528953,-291.539356962071,178.57427481793133,1314.5032642867968
110679,-68.8853475875,47.1895882706,-243.3126241926397,174.44429535934458,1313.9485805682475
301618,6.88958990219,49.5277532321,-402.42175241855387,236.2102435124521,1323.5653891418083
311998,6.89019330124,47.4144810042,-403.9825582342021,237.35261154817624,1323.769739192823
110699,-68.9096866095,47.1690414369,-356.43049569574964,205.91851131293032,1318.496300144687
301710,6.89388261755,49.5594597297,-404.929332565806,238.04870274936573,1323.8947258277565
110681,-68.9393866219,47.206412764,-208.67717231874218,180.90718597564748,1314.8222199717807
311890,6.89793937588,43.6099324584,-282.73711987870615,176.68719825000176,1314.2482361484567
310169,6.89821066791,47.5263583885,-419.5092173104358,249.05216718110375,1325.9174341456933
301617,6.90138789217,49.5315000234,-401.33711632031833,235.42022387736168,1323.424626491574
301879,6.90700596563,49.3107142071,-399.02015946363935,233.74331283542048,1323.1273545993868
312314,6.91004793589,45.9640107602,-159.377542424785,202.0329680189321,1317.8950566568012
311183,6.91032651991,44.7938847264,-142.82123852745997,211.67062278097953,1319.4068791477412
200028,-69.1270013994,0.47345756332,-629.6443201432921,440.7839708987208,1374.8892934324344
311893,6.91331914616,43.6019211058,-474.8792295689848,294.77836813887046,1335.2619018441699
311891,6.91405335822,43.6180240561,-302.0857922854831,181.465593150712,1314.8991678799687
301659,6.91445966225,49.4109474114,-496.3826475947683,313.8114121402694,1339.5923494046108
310988,6.91452036626,45.514395426,-90.26048978498974,248.3842498878308,1325.7921389819123
301720,6.91900647063,49.5857651839,-394.9617789208872,230.8419748333453,1322.6178879551164
301861,6.91901692263,49.3313779388,-289.1594283747173,178.0160145903455,1314.427541420418
312211,6.92214879589,47.5518660596,-498.45227077473623,315.6727624874617,1340.0296090647996
301718,6.92248309491,49.5646419591,-401.87720937854994,235.81321738306275,1323.4945914836396
311924,6.92294147595,44.2638569476,-167.65312087505086,197.64561871652378,1317.2296120235576
301699,6.92306240396,49.4185643401,-296.92482944446766,179.9665660460785,1314.693129626953
311892,6.92313704597,43.6147907648,-279.4093391159387,176.10207449166785,1314.1697001659122
311894,6.92316870497,43.5931970001,-388.02966762334586,225.9964652038492,1321.7807921431333
311897,6.92745079333,43.5890810467,-429.57429558148266,256.93590775822906,1327.420852966172
301860,6.92752295733,49.3357960572,-304.6410535344531,182.26624361301623,1315.0099025310392
301862,6.92772704635,49.3275845715,-333.5126219284521,193.82612865278824,1316.6619263662262
311896,6.93053882158,43.5932322821,-438.54543572504076,264.14114534618164,1328.8343030109838
310419,6.9307968376,45.9896454863,-6.656376061581113,319.09820697557,1340.840678786603
310467,6.93131357065,46.0318303928,-159.05273760278627,202.21127134226512,1317.9224022876879
310168,6.93464675092,47.5480316393,-484.1094200342487,302.87680757168584,1337.0730798122856
311925,6.93592452403,44.2492334773,-195.2108945602528,185.40494721680957,1315.4486134571591
201869,-69.3810957105,0.206208333208,-670.8677409804671,481.9850152272146,1388.6466847609124
200031,-69.3815192145,0.206260680212,-630.1615176077568,441.2969245543155,1375.053830151748
311182,6.93897322328,44.7812270534,-131.4099616163959,218.9163510786933,1320.5886675886268
312620,6.93990157836,43.6102698655,-419.1991385811789,248.8128554108878,1325.872504131379
312280,6.93990419736,47.5068525739,-397.95703052178663,232.97881230798552,1322.9925121399344
312279,6.93994916536,47.4979156411,-384.73502479549535,223.7444668034752,1321.3976110993488
310469,6.94361963966,46.0477764872,-158.04675965072667,202.76635952037788,1318.007684631255
301716,6.94723049496,49.610965979,-400.05340015440106,234.4893132534474,1323.2593465469902
312572,6.94937525114,43.7891751343,-239.44807386414243,174.7813441619612,1313.9933707827283
301654,6.95047948823,49.4103020374,-390.9529488805104,228.02244123660049,1322.1286979342797
312210,6.95079023126,47.5395892846,-501.6404283734115,318.54945748749606,1340.7101913014135
310153,6.95204581736,47.2638408668,-188.27369998955356,188.11873387527885,1315.8338490207389
311898,6.95225771238,43.5519575747,-422.36742758206105,251.26833039994523,1326.3354907623752
201853,-69.5313616289,-2.94121244821,-648.1017969749936,459.155412016963,1380.888754599139
312226,6.95583788867,47.6227681545,-520.732170918835,335.9982453799897,1344.9627805602377
311926,6.95607434969,44.2275853406,-122.28259712194657,225.02945216309345,1321.6157968693913
312225,6.96114842411,47.6819643234,-392.7792536539258,229.30111104449037,1322.3498250161083
301661,6.96445825639,49.406338231,-288.5055304993901,177.86881999677757,1314.407614600943
301660,6.96489539342,49.3978789533,-288.5394386663914,177.87638698533257,1314.4086386055328
301658,6.96510280944,49.4440239982,-387.92627155488617,225.92528094480218,1321.7686230062668
100009,-69.6814483853,44.4726905408,-391.48897838954105,228.39671537291713,1322.1932989495263
311967,6.96857812773,43.8685644388,-243.53203970102965,174.4281320131346,1313.9464347649357
301662,6.97260181606,49.406177205,-400.0502629456753,234.48704375065054,1323.2589443796758
311032,6.9730537061,45.3096894681,-122.56714008457925,224.8348688900986,1321.5826793896485
301614,6.97335558012,49.5526795782,-282.90697896932176,176.71897100170528,1314.2525080462262
200003,-69.7607414179,-4.3587293975,-617.957789480679,429.22347089722194,1371.2267675927833
301693,6.97650854038,49.260743086,-411.80522588145067,243.1731014955855,1324.8257309868632
311181,6.9766837094,44.7683126643,-136.50370423100665,215.62517369176368,1320.0470732983342
312573,6.9767326884,43.7933591266,-140.81516664054894,212.91064732497753,1319.6063821982052
301789,6.97684498641,49.6144336673,-284.493530971597,177.02463595035604,1314.2936437216954
312574,6.97686191241,43.7809055656,-237.24570409156334,175.01761292767964,1314.024819030751
311902,6.97707503843,43.6477553266,-422.0868096385148,251.04993608990608,1326.294134272123
312206,6.97715735244,47.4904041325,-347.61829010420706,200.99485965119544,1317.7363142146833
312579,6.97774321749,43.6976142537,-154.2622460964448,204.89269216850556,1318.336480378948
301577,6.9779451935,52.4950699236,-603.0650215913859,414.5803586497235,1366.7139181160144
200030,-69.7853011879,0.247776762647,-657.628743612368,468.68754352295184,1384.0874515894843
301615,6.98076085674,49.5395943891,-360.7693677366255,208.459533155533,1318.895536863067
301653,6.98115958977,49.4145046887,-397.9389185180224,232.96581512291422,1322.9902233991672
312614,6.98133111878,44.051920941,-205.92831354246516,181.73994197224766,1314.9370580761538
301275,6.98137718479,50.9106336015,-498.3950806437544,315.6212626398851,1340.017478104032
301696,6.98205680484,49.2432842926,-409.7813338094311,241.65236865632266,1324.5474425142747
312575,6.98527330911,43.7641812642,-243.18868572170132,174.45356678012732,1313.9498115058286
312613,6.98559978314,44.0687393544,-196.71505496072294,184.851289612228,1315.3706927954563
301821,6.98575732015,49.3478096142,-331.37924396127823,192.82338688973746,1316.5146861032442
200009,-69.8811111108,-6.68128257767,-649.726142501921,460.77835763885474,1381.429243596014
100008,-69.8848789022,45.0515545607,-376.4478815263706,218.23343754128126,1320.4756315263749
301610,6.98945198346,49.6482156301,-256.3193328308911,174.04112873931166,1313.8951155578395
301831,6.98946612946,49.4857426756,-386.8357780164773,225.17651548098755,1321.640845055136
312616,6.98968104347,43.9517936587,-235.85401580899662,175.1833810423565,1314.0469082903112
311903,6.98977592348,43.6440398133,-445.9303105857167,270.18861823899744,1330.0496041951944
201851,-69.9102226363,-4.29793189547,-640.5319758188135,451.60496630749924,1378.3965705802857
312209,6.99343825879,47.5228976472,-533.6935451910922,348.0410905853776,1348.0217583294989
301613,6.99354079379,49.5896321192,-282.60977500156986,176.6634989839526,1314.245050234981
312612,6.99377813281,44.0897807302,-204.76231422465008,182.10662891557718,1314.987788722348
301701,6.99386004282,49.5397163021,-313.0768936936273,185.17676899496587,1315.4164724410705
312577,6.99394834083,43.7192341825,-233.7071776954061,175.46401224023677,1314.0843503311864
312207,6.99432059086,47.5061831218,-365.13897212492117,211.09266224511953,1319.3142810746901
201849,-69.9477341004,-4.23457103322,-636.5107655135541,447.60290866220276,1377.0905649363656
100013,-69.9744186896,43.918531399,-468.4725089024527,289.2256623883267,1334.0470546340787
301783,6.99751960512,49.2401496693,-408.71544352907006,240.8555743811746,1324.4023059117574
301833,6.99782890415,49.4686132702,-387.06795108822735,225.33562575747678,1321.6679630033439
312652,6.99804679917,43.9602485654,-233.1615133335906,175.54014469154518,1314.0945181349107
312615,7.00103148341,43.9894083368,-233.46750966850516,175.49721195873707,1314.0887837582302
312617,7.00142893945,43.9439671271,-244.67793350353315,174.3489221850527,1313.9359219006778
312578,7.00157500046,43.701768684,-154.36776057412058,204.8326039085813,1318.327142942094
312065,7.00171998647,47.5058886838,-468.74472451490533,289.4603978383928,1334.0979657096607
312223,7.0020538545,47.6729640796,-421.4402813407385,250.54743674973489,1326.1991095818746
312216,7.00243805353,47.5222824292,-483.8302082880248,302.6301990625261,1337.017239073049
311904,7.00254985554,43.6395856509,-420.8044072302448,250.0541328249372,1326.1060023756493
311913,7.00581432481,43.6982165728,-266.77895191797364,174.53736541374235,1313.9609401041816
301611,7.00597835882,49.6395359513,-246.09316807883965,174.26316124562274,1313.9245448507356
301655,7.00662946588,49.4948225244,-387.20198142038015,225.42755364491302,1321.6836392027496
311968,7.00946623911,43.8683478968,-256.5730771563506,174.04451643337424,1313.8955643027423
310167,7.01065597121,47.5022289665,-452.2210798907152,275.4173645335274,1331.1216266293957
311905,7.01116343825,43.6393856249,-419.4727660954089,249.02402355213033,1325.912148107855
312580,7.01388974748,43.6984191508,-266.2214634405758,174.49252389581184,1313.9549844227638
310987,7.01450517553,45.4521592949,-77.51488058272832,258.3800810812108,1327.7011435158995
301664,7.01866363187,49.4194046521,-363.87464790462224,210.3232942709004,1319.191399421198
201850,-70.1895165994,-4.35976656258,-634.823373628431,445.92543904150386,1376.5462423682877
301652,7.01913401891,49.4066971221,-425.0532275637511,253.36738156094992,1326.7347475034135
100011,-70.2064326548,44.0731455038,-407.97940660884655,240.30703123873434,1324.302657800198
301697,7.02675268754,49.1974340288,-400.79084538492873,235.0235375592125,1323.3541186699579
301692,7.02791271364,49.3064465998,-413.223150867215,244.24451559379344,1325.0228087061525
100014,-70.3019546667,43.7268608231,-415.0833649721133,245.65750649360328,1325.2839962402584
312215,7.03187701197,47.519832082,-497.4833425697747,314.8007372765343,1339.8244528234825
311981,7.03200083298,44.1896665624,-211.50665972616858,180.09704156523244,1314.7109965975196
311031,7.03491601122,45.3644806086,-131.16763475360233,219.07512999503527,1320.6149979370355
301675,7.03534715225,49.2146919112,-416.3827625681628,246.64940406573976,1325.468214903654
301779,7.03548863526,49.2109629539,-405.8040520221015,238.69390177924925,1324.010890793764
200010,-70.3604549235,-8.16481152741,-646.4220245788824,457.4780989828725,1380.3319424119973
203004,-70.3772222219,-33.5980555558,-247.11964617390456,174.2093129881103,1313.9174041490141
301651,7.04349080893,49.3854450273,-420.9781720551601,250.188847224791,1326.1314110862336
301785,7.04380919695,49.2904516605,-406.34282832618703,239.09229584704588,1324.082771629971
203003,-70.4479127317,-33.3729123481,-242.31515589290416,174.52180699896257,1313.958873523855
301637,7.04789644829,49.3605030443,-420.4102374352509,249.74879816631815,1326.0484615501105
301764,7.04834701233,49.6057330805,-311.5644889049395,184.62530046195963,1315.3389531845255
310134,7.04845383034,47.3481322017,-264.55934233250525,174.3710882216878,1313.938863342397
301804,7.04856148035,49.4445864222,-360.8607784348542,208.51386534136284,1318.9041254896015
301808,7.04870983236,49.2068842105,-407.6373673526564,240.05258930953474,1324.2565105855083
301638,7.05616958798,49.3732382533,-418.84997674041244,248.54364385073632,1325.8220103364163
301809,7.05636711499,49.2353545439,-415.09321499954694,245.66501047520723,1325.285387215025
301691,7.05683692903,49.3277539465,-409.973097687224,241.79602192307973,1324.5736583564242
312214,7.05809514514,47.5146669425,-490.26817242031643,308.3411615216348,1338.3214606672066
311030,7.0601419233,45.3723323563,-115.88835716481711,229.46702726236487,1322.3786056929841
311906,7.06082121736,43.6311176132,-420.0226915259725,249.44893764593934,1325.9920183344175
311909,7.06172829444,43.6182229441,-269.8254497342008,174.8187965196528,1313.9983530470936
301824,7.06433373465,49.2979867251,-404.43350173133695,237.6838622877879,1323.8291727356423
301778,7.06503636471,49.1977550598,-390.70805643165363,227.85173328536644,1322.0992672848133
301773,7.06539676374,49.2065650855,-275.2920774537418,175.47722269327187,1314.0861143311874
312213,7.06816827697,47.5112824332,-426.26565224982437,254.3200861294032,1326.9170156429384
312582,7.06875998902,43.689371148,-364.1773576473511,210.50695004176916,1319.2206927613677
311907,7.06880119702,43.6268319308,-436.7157854675968,262.6587145042281,1328.5404248644104
311930,7.07311784938,44.1768430314,-231.55593728428215,175.77541441544628,1314.1259667576835
312219,7.07330580539,47.5149095435,-466.9195843538718,287.8886278671444,1333.7578199392578
100017,-70.7435056312,43.3151044661,-379.20496049885486,220.04188052610047,1320.775715017261
301649,7.07678234368,49.4229992664,-420.27665397287,249.64540055650096,1326.0289914677244
301895,7.0770036617,49.5059662753,-391.1604488422589,228.1672235942011,1322.153675680925
301650,7.0770402187,49.3734003663,-421.4060847373338,250.52088428438648,1326.1940935083842
100015,-70.7813953823,43.8061260977,-364.8217743974737,210.89907466609975,1319.283320552834
301772,7.08159153008,49.5642972181,-289.7678366350226,178.15537129654143,1314.4464220787788
100016,-70.8521447672,43.4072254227,-367.0130802687092,212.24410915768146,1319.4990041928916
312212,7.0854556644,47.4896178435,-350.7486311981753,202.7064642927001,1317.998471493781
301676,7.08566034742,49.2689419287,-416.192401600452,246.50384229141423,1325.4411357952963
100019,-70.8894448683,43.1802865919,-476.55294216598486,296.23842293464094,1335.5849892150998
312583,7.08955439674,43.6811997783,-425.7051163287011,253.87923159359886,1326.8325909580496
301722,7.09712334036,49.5682367854,-359.60888521479234,207.7726100549514,1318.7871388828985
100043,-70.9727784362,42.0354548202,-424.6642880154788,253.06243275073123,1326.6765450039481
100010,-70.9770838575,44.389592367,-181.55140525774317,190.991883293981,1316.2476817370189
311910,7.09821892246,43.6227317515,-436.62098735712414,262.5820832538055,1328.5252766281126
100042,-70.9971810022,42.2193253114,-382.41423803700854,222.17859885049,1321.1333732750304
100036,-71.0104170913,42.4729253424,-380.97258147370775,221.21459506084548,1320.9715959330194
311911,7.1024021418,43.6147816288,-334.22688356134825,194.16679484558153,1316.7121190353266
100035,-71.0270868187,42.5729253616,-454.2655193135281,277.1312363872366,1331.477293225616
311931,7.10587320809,44.0892868131,-228.31915764980326,176.3005504618408,1314.196311167796
311932,7.10587514109,44.0813295665,-239.8388314486927,174.7427685272512,1313.9882401857571
100021,-71.0594449203,43.0980643491,-332.94106759188776,193.5553064839749,1316.622085817339
312218,7.10698964218,47.5102824002,-464.86615134871704,286.1261503762123,1333.3785036976578
100018,-71.1021736139,43.2522405659,-284.95712739804776,177.11697877577828,1314.3060847323786
312584,7.11092857151,43.6690921783,-426.17103828244393,254.2456260426662,1326.902746457223
100037,-71.1354171316,42.4645920047,-315.5072826852058,186.08953780510424,1315.545277166245
312217,7.11537109987,47.5029427176,-459.0551359275956,281.1733248624037,1332.3244720442815
100041,-71.1564535604,42.1602584265,-495.8799222973629,313.36001268547375,1339.4866769565624
100044,-71.1604171117,41.9479252379,-453.8107407627889,276.7493876433232,1331.3978683154216
100039,-71.1895838111,42.3645919834,-462.47196124724087,284.0792269504832,1332.940759140735
311912,7.11924806819,43.6103976555,-472.6533908543431,292.8426572129341,1334.8359008048242
301777,7.1192726362,49.1939689725,-389.6254706797614,227.09924068480242,1321.9697898641664
100040,-71.2020838041,42.1770919469,-435.02800117122314,261.2970048403497,1328.2718791468983
305051,7.12264430748,52.8398661481,-476.7061149730589,296.37223322301605,1335.6146752785746
311914,7.1229214445,43.7561748755,-236.39372266361835,175.1175840034634,1314.03813811514
100020,-71.2312026375,43.0816073977,-299.29870557535634,180.63627980822625,1314.7849732092507
301839,7.12329595553,49.5063208543,-394.3563431976836,230.4131557265894,1322.543111783423
100038,-71.260559577,42.2562586274,-397.7815823421411,232.85294912053874,1322.9703534501546
100034,-71.2979171961,42.6479253679,-426.7066178458752,254.66737393750924,1326.9836214294892
100023,-71.3479227542,43.2227657814,-265.5024642296095,174.4377392236217,1313.9477101693747
102550,-71.3521754796,42.7816340779,-373.7988225361543,216.5201504146404,1320.1935599484923
311933,7.13573167856,43.9858570966,-233.0959381303774,175.5494246901351,1314.095757813308
311928,7.13574296256,44.1937158827,-207.26361512723597,181.32983160526288,1314.8804386802196
100029,-71.3729172203,42.6395920302,-502.7999661539827,319.59848338218524,1340.959824444449
301872,7.13901953183,49.4403496059,-329.4598983589052,191.9403776710626,1316.3856459162737
301677,7.13912272584,49.2892638714,-415.72188012986885,246.14441904508345,1325.37433777063
301776,7.13950432787,49.2146306732,-390.58092885252586,227.76318657377786,1322.0840099449565
301858,7.13957326688,49.1357884997,-349.8785506078409,202.22651131644054,1317.9247406711481
311922,7.14000753891,43.6483932056,-445.9821928244642,270.2314575899922,1330.0583073178057
311917,7.14000787591,43.7184670394,-236.82059337234142,175.06689851937384,1314.0313843858858
100028,-71.4022227837,42.6177864704,-525.6610910461462,340.5603292074883,1346.1097273342195
104180,-71.4100192593,44.6021190565,-224.52863232119725,177.001231993608,1314.290491604177
311918,7.14415442726,43.6981511937,-235.12552324950033,175.27522478208547,1314.0591556761458
100032,-71.4427783441,42.4594531053,-379.99305270495626,220.56346568623152,1320.8627114842088
102551,-71.4519541948,42.1228213174,-446.77687296055285,270.88822793072273,1330.1919005261393
100033,-71.4646272019,42.2604393318,-370.83137401489654,214.62994021537517,1319.8848705211947
100049,-71.4685430862,41.973221725,-391.55373154668376,228.44198593152302,1322.2011197734757
311971,7.14698498549,43.8479404651,-264.28892440353405,174.3530693436608,1313.9364722023092
100026,-71.4705561494,42.7933420569,-361.28016895346883,208.76355686753212,1318.9436238406392
301724,7.1471115265,49.6023312663,-402.3573479168856,236.16324474099608,1323.5570023087369
301609,7.14773657155,49.4441068712,-426.00317040851166,254.11356329901474,1326.8774484655382
301893,7.14778507956,49.5189966364,-329.1966414456565,191.82069230090082,1316.368200082595
301829,7.14781098356,49.3522211606,-360.91692158923206,208.54725152240613,1318.9094041333713
311921,7.14783359156,43.6722246046,-457.35748845247275,279.7363851042648,1332.021961284834
301729,7.1482841336,49.5847704068,-382.60820551881716,222.3088128843997,1321.1552779593947
100031,-71.4852783566,42.4266753195,-409.2415101732804,241.2484727611789,1324.4738146915158
100024,-71.5018674879,43.0229070829,-359.0922423790321,207.46849546834164,1318.7392603565695
100048,-71.514113889,42.0398117445,-452.7785413423534,275.8839949411473,1331.2182536528642
100025,-71.514167281,42.8933420742,-345.47854947439697,199.84933075525907,1317.5620726163984
100022,-71.527171193,43.2078545482,-475.47750139211826,295.2998273672553,1335.3771183590895
311969,7.15379939605,43.8479930041,-269.5448289848011,174.7903054071387,1313.9945627962907
301840,7.15409321108,49.3392390745,-348.94173889234753,201.713359887966,1317.8460986591667
311920,7.15622555925,43.6567236153,-484.4739849362056,303.19895163917784,1337.146089426653
100047,-71.5686511415,42.0225263081,-396.6851657881483,232.06835492500704,1322.8324843121648
100064,-71.6274026293,44.268683095,-275.8268979846286,175.55215728827557,1314.0961228625788
100059,-71.6274981483,44.7561648743,-302.13871173157617,181.4817853812786,1314.901402622672
100030,-71.6311427616,42.3273972203,-428.57830043619396,256.14604355252595,1327.2681928764462
301830,7.16342223685,49.3514206745,-321.0644242763245,188.29733980749907,1315.85939536581
301892,7.16369839087,49.4942572763,-329.37980495136037,191.90392790624097,1316.3803317201828
301841,7.16487254197,49.3437631559,-341.0117013830002,197.52359671088095,1317.2113085801752
301910,7.16504821698,49.4737676126,-390.411408888114,227.6451878795077,1322.0636867256399
103088,-71.6645773984,42.7308771827,-281.5479036894636,176.469926144168,1314.219043777415
301819,7.16869025929,49.1897118301,-349.8844923136083,202.22977794699912,1317.9252419171535
100046,-71.7109029692,42.2303806253,-334.8258085883646,194.45434748186898,1316.7545532286927
100060,-71.720644584,44.4100681497,-412.03407131287116,243.34568977744934,1324.857420603122
301920,7.17313433565,49.4730089096,-331.15594729418063,192.71972081238542,1316.499506640203
311944,7.17636547892,43.931306822,-239.56994402457028,174.76920481467178,1313.9917561177647
301656,7.177276765,49.3562190429,-458.7263514301353,280.89467240702174,1332.2656931635456
100027,-71.7895840108,42.4104253072,-304.4598211757275,182.20819772413645,1315.0018583681822
301855,7.18130307433,49.1356887277,-473.8198819679815,293.85624215414117,1335.058632138247
301623,7.18163545236,49.3768705856,-424.9034326170121,253.2498956194994,1326.7123161504085
311970,7.18182179937,43.8274355724,-270.41592493422866,174.88044499731794,1314.0065563901705
100045,-71.8228774785,42.2403833181,-385.75864031870987,224.44052827413574,1321.5156491414953
301736,7.18262704644,49.5524288651,-382.34732358975725,222.13370598894505,1321.1258242613674
100061,-71.8350039595,44.5144766393,-263.33431599733916,174.2933541142001,1313.9285496107743
100050,-71.8354173025,41.3827403282,-458.6517068141107,280.83143332417444,1332.252361280251
311946,7.189393029,43.9110089414,-237.36864270107353,175.00358161607346,1314.022950245675
311945,7.18967222502,43.918904818,-255.06662535129357,174.03071999896255,1313.893736836146
100054,-71.9019858951,41.9770770293,-423.8846562637058,252.45215396047544,1326.560270109571
301274,7.19329699632,50.6732066059,-400.2529734843511,234.63374285030352,1323.2849479525703
312653,7.19482048045,43.8725380722,-235.25196769099415,175.25903389062927,1314.0569961589076
100053,-71.9521896582,42.0230114781,-361.54049536164024,208.9188900509782,1318.9682190310832
301908,7.19710722764,49.2438649116,-366.1315728525295,211.700885856881,1319.4117345493341
301592,7.19778647569,51.7396030961,-567.8623217165349,380.4276792514916,1356.7443677180202
311972,7.19795500771,43.6685634703,-397.6727103007,232.77488963512965,1322.9566166124048
301871,7.19829438674,49.3767611316,-384.4571245197982,223.55606223605864,1321.3657227113115
100065,-71.9851717969,44.1566503267,-319.3122500297011,187.5833188017528,1315.7574098923305
100056,-71.985417363,41.5950399657,-396.1347710870655,231.67577056017177,1322.7636685585767
100076,-71.9886901252,42.6553735025,-368.98619701789414,213.47039020391523,1319.6968090011076
301878,7.20105159696,49.139395892,-281.3428797140323,176.43338462381632,1314.21413757565
100092,-72.0267312194,42.4273082036,-380.3787464331684,220.8194756713636,1320.905485275033
100063,-72.0392621934,44.365623701,-384.5955668616503,223.64988980709677,1321.381600221761
100079,-72.0394479844,42.589443982,-388.1700476515076,226.09316381234123,1321.7973289867737
100062,-72.0395311954,44.4351188877,-256.49866633956185,174.04347833112692,1313.895426791452
100066,-72.0395841984,44.1562589587,-235.27110110703927,175.2565930330012,1314.056670617911
301877,7.20559309434,49.1316096583,-276.36955776950833,175.63009693017776,1314.1065372113474
100067,-72.0643015915,44.1522482693,-332.18503399208436,193.19951480549193,1316.5698282715475
311961,7.20664427343,43.8608334692,-244.29722136468,174.37426969328425,1313.9392855550673
104160,-72.0788657907,43.9689071171,-277.53733337135486,175.8043203216131,1314.129833478275
104162,-72.0813141619,44.0190269963,-313.127288948218,185.19536408907464,1315.4190902803484
100077,-72.0815796849,42.6817503606,-465.69897804449215,286.8402129419578,1333.5319148616136
301579,7.21034604873,50.6315826104,-376.1647363479686,218.04916540238952,1320.4451895957563
100078,-72.1145990816,42.6852987749,-403.7596916350913,237.18909784594823,1323.740430874146
100058,-72.131527346,41.573924256,-372.76281560061176,215.85671366130197,1320.0849143242838
301852,7.21494151311,49.1480520477,-281.44254342840225,176.4511140138853,1314.216517865544
100093,-72.1609134015,42.3553773466,-278.06512678185874,175.8859704618076,1314.1407591271136
100052,-72.1645840928,41.6812584889,-406.08220971248926,238.8994895746708,1324.047969792988
301901,7.21879162343,49.393779423,-385.1142684866539,224.0019703162211,1321.4412370209443
305099,7.21890557144,53.2026954752,-558.2929271953421,371.27288461475416,1354.2058983197699
101574,-72.1897220869,44.9394636825,-371.4312841745209,215.0095640559687,1319.9466552968843
100057,-72.2071738603,41.5732498469,-390.2641109050639,227.54272714736703,1322.0460479391613
312654,7.22276052476,43.7391796681,-266.30664654121136,174.49924202677033,1313.9558766038574
301904,7.22287600677,49.4021164007,-307.11673116705333,183.078251747169,1315.1226963506842
312655,7.22309978779,43.7190224725,-267.3178451049108,174.5826717091864,1313.9669590423546
301897,7.22368283584,49.5102565256,-284.8705316340685,177.09962621578848,1314.303746399464
101573,-72.2687509884,44.8687590786,-390.9074224193054,227.99069244423305,1322.1232227122764
100074,-72.2938637705,42.9182575072,-532.3519231619941,346.7877621315572,1347.6987097115245
100051,-72.3103969518,41.8353842266,-349.60320668040066,202.0752980965598,1317.9015465104774
100069,-72.3147646132,43.6465248655,-455.0760661057014,277.81265040754,1331.6192882803841
301750,7.23220662654,49.5562349944,-380.0821220611921,220.6225434258924,1320.8725778293697
301820,7.23472174275,49.4390795708,-417.5689526154451,247.55835231429643,1325.6376571274914
100070,-72.360281125,43.3855776379,-301.0599820076258,181.15498932904535,1314.8563382943023
104148,-72.3685226497,43.5189925879,-332.95678595986897,193.56273316267536,1316.623177626499
100072,-72.3903664595,43.1317531899,-312.93309395990246,185.12378665029541,1315.4090149370418
301709,7.23991047518,49.3397269255,-294.57581022257455,179.337442534057,1314.6071574765408
100068,-72.4181499338,43.7142450081,-299.0627440395806,180.56819449202584,1314.7756208022738
100111,-72.4272228205,41.6142080703,-335.0335887245207,194.55450833083378,1316.7693484075892
100080,-72.4351338522,42.5979447727,-389.19740177748076,226.8026671717591,1321.9188742241781
100073,-72.4354175962,43.0812587467,-370.94888273774933,214.70419893308264,1319.8969479597229
301576,7.2437736495,52.306214628,-532.1949649488265,346.6412326920911,1347.6610124197355
100071,-72.4395165485,43.1268930845,-336.5511166180794,195.29228796279168,1316.8785585359176
100112,-72.4480722572,41.5521817842,-329.29667371740464,191.86612952866108,1316.3748219463193
104144,-72.4533844767,43.0394709722,-258.45414948236936,174.0830664902443,1313.900671372285
104145,-72.4600899582,43.2728615916,-313.9707680586679,185.50868615371763,1315.4632388753298
104143,-72.4604142493,42.9731450958,-297.0760781386124,180.00822249916231,1314.698832570107
301900,7.24779399983,49.4855239976,-283.72555210805524,176.8746727762352,1314.2734533055116
100075,-72.4862005314,42.7859245543,-400.26316341248366,234.6411201395664,1323.2862560512917
301745,7.24948904397,49.3303693628,-498.7215398301343,315.91528917810564,1340.0867621651892
100090,-72.506003884,42.360166402,-308.4992718210125,183.54708371900784,1315.1880444011217
100094,-72.5139765347,42.1606576335,-557.9485996808743,370.94462481574345,1354.1159384903447
311948,7.25203493118,44.0730261378,-219.81091752845137,178.00085912969718,1314.4254889664933
301842,7.2522166262,49.260622988,-292.8364127278915,178.8933226119197,1314.5466446912512
104150,-72.5337066063,43.6192450232,-322.61336909839997,188.9420618144335,1315.9518087363926
100100,-72.5437508962,41.9187585235,-441.3296349765014,266.4092389367854,1329.28700542237
104141,-72.5567576592,42.8512016967,-233.6007912295654,175.47870299927766,1314.086312005495
301899,7.25604464951,49.4855650776,-304.1650674591347,182.11420197970472,1314.9888375026608
100101,-72.5644702329,41.9107459039,-508.34549661194944,324.635336125573,1342.1692000844223
100095,-72.5683082682,42.093659971,-442.6002208866065,267.44912662574905,1329.4958050053299
104149,-72.5689851042,43.6022218288,-286.052361695653,177.340553444973,1314.336232510564
311950,7.25715321761,44.0593653576,-221.80794495025674,177.56057558885573,1314.3659377043139
100088,-72.5808776982,42.5854816137,-524.9680755321386,339.91756003646276,1345.9472529839484
104153,-72.5812883103,43.8397980155,-337.91020171819974,195.96230133611033,1316.9780877975302
100108,-72.5854175696,41.7854251625,-515.576961275449,331.2509118308,1343.784665332445
104155,-72.5854805586,43.8809085789,-338.67849321858023,196.34489788018868,1317.0350713316166
301848,7.26054771689,49.248204693,-413.8914189536432,244.75116511113671,1325.1162941482357
100098,-72.6062509213,41.9895918674,-449.35852884336333,273.0295544305818,1330.6296245711865
100110,-72.6112037747,41.5612183829,-453.4422651198437,276.44025440948866,1331.333645053665
301813,7.26124856494,49.4772728729,-416.23250495960576,246.53450070870366,1325.4468379507284
104146,-72.6225831027,43.3478227738,-273.3006051085356,175.21463958820573,1314.0510759174924
305052,7.26451757521,52.8310451244,-527.9801822404947,342.714383559595,1346.6563068921955
301902,7.26463720022,49.4228441934,-283.1498141946449,176.76471454681797,1314.2586596643418
311960,7.26505592726,43.9142250746,-242.27236212239617,174.52528025051254,1313.9593348503654
100085,-72.6516942361,42.5354957055,-376.48873736269087,218.26004918694116,1320.4800298622392
200008,-72.6603113218,-7.63515901759,-629.7038575577363,440.843014179214,1374.9082236078555
100091,-72.6650917082,42.3189869846,-354.6751676961279,204.9119783279345,1318.3394779252278
100087,-72.6687509835,42.7020920013,-213.65420171375763,179.5143994453428,1314.6313094560455
100086,-72.6690703995,42.7141406703,-292.1155751361448,178.7147285178422,1314.52235218086
301812,7.2680056455,49.501928653,-303.83476330969074,182.00947245233323,1314.9743374896223
100145,-72.6854175529,40.9145916564,-354.5585150252645,204.84553356608816,1318.32915192522
311947,7.26855910955,44.1059801365,-217.4768143596927,178.5470669548358,1314.4995683955428
305014,7.26924907361,52.5471214419,-557.9888658761965,370.98300779968383,1354.1264535744049
100084,-72.6941338756,42.5438711432,-240.1464322161328,174.71311239083445,1313.9842966471047
100097,-72.69898196,42.1067687901,-452.68250625048836,275.80357020413385,1331.2015886150532
100109,-72.7059297716,41.5201065565,-416.05316927644895,246.39743068478015,1325.4213496250752
100099,-72.7060986226,41.960393717,-421.59163701122714,250.66499062098933,1326.2213230516675
100082,-72.7142485273,42.6480155629,-203.8816141723626,182.3888625212542,1315.026903666116
100081,-72.7144041143,42.6725929319,-212.78108018624496,179.74790474105228,1314.6632152200398
100083,-72.7249932171,42.6398265462,-247.3771602531125,174.19690709372847,1313.9157593373006
100107,-72.7608503061,41.9103690408,-427.9506357384191,255.64934884032002,1327.172426535593
301863,7.27672074922,49.5065400473,-304.0358326204788,182.0731495296759,1314.9831527337337
301794,7.27804588733,49.3147257535,-339.7868140121577,196.9016670183595,1317.1181900909664
312588,7.28089867057,43.7609282379,-263.238010392351,174.28766688561083,1313.927795208825
312587,7.28090417457,43.7691594036,-259.2206020172469,174.10556096175765,1313.9036519287488
301923,7.28100762158,49.1268588109,-410.439786762322,242.1460090538767,1324.6375919075429
301788,7.28139087661,49.3272346785,-286.2281695692749,177.37714944734685,1314.341170830451
311959,7.28144243662,43.9436260761,-252.8523983483958,174.03801688497902,1313.8947033591203
200002,-72.8185807089,-5.13526508675,-684.6206433504527,495.8571347550781,1393.5222848169346
100114,-72.8354888433,41.4474256615,-445.4079650020605,269.75758428877293,1329.9621101652515
100115,-72.8394470896,41.368816322,-404.86239971554284,237.9994148492181,1323.8858642883324
312607,7.28502070291,43.7267782431,-372.4588560833833,215.6627773782715,1320.053216253195
301917,7.28523391593,49.3478163692,-333.3887826800492,193.7673147804135,1316.653269646609
312608,7.28545445895,43.7106464808,-372.670040081233,215.79748538500365,1320.0752307699684
100113,-72.8643637437,41.5310167364,-458.3650109433505,280.5886265255716,1332.2012000930645
100105,-72.8867686625,41.755940906,-444.23193895181726,268.7889389686882,1329.7659771199621
103089,-72.8973675674,41.3815401651,-417.2447767839493,247.30961786811358,1325.591229332771
100106,-72.9002260036,41.6729251312,-435.0938998828187,261.3500670009137,1328.2823185284356
100119,-72.9021927058,41.4226593475,-392.1173256804843,228.83653203108446,1322.2693441904746
100146,-72.9067529232,40.8311605305,-395.29056697756164,231.07529034622658,1322.658629428806
103091,-72.9101299065,41.3723561723,-472.4593340388569,292.67422273264566,1334.7989589620051
100118,-72.9101516655,41.4270374778,-277.6926130086202,175.82815452564668,1314.1330222309266
103090,-72.9102278215,41.3774003557,-303.94326165658185,182.043803657044,1314.979089812389
100116,-72.9272546549,41.4690822853,-280.8957491658822,176.35462927059268,1314.2035669785191
301602,7.29373389963,52.2442839139,-507.72014544556527,324.06573234622005,1342.031541758608
311951,7.29401585266,44.0354622587,-226.03652946207086,176.71148274457994,1314.251501170032
301603,7.29793725198,52.2482105242,-505.65277892455936,322.1855603205149,1341.5787697608137
312592,7.298207648,43.8312133078,-231.34744878575688,175.80719493343403,1314.1302180470004
312591,7.29827858701,43.8523516935,-231.85985197632493,175.72959372664945,1314.1198386392423
100147,-72.9937197354,40.7670510372,-391.0419597422703,228.08453256725662,1322.13940800141
100102,-73.0186971234,41.9648633753,-330.9521107620329,192.62530374460295,1316.4856884283229
100103,-73.0336993037,41.9688121937,-357.90380583352623,206.77294990822233,1318.6300136913471
100135,-73.0562924876,41.6149482874,-326.9113421945764,190.79634705195,1316.2193230013995
301827,7.30607678465,49.273132508,-431.75415735749135,258.67180041002695,1327.7579450040055
312590,7.30641125368,43.8649649375,-230.8549537833731,175.88338801047263,1314.1404134916243
100136,-73.0648595043,41.4433433662,-316.44672585725243,186.45105323600188,1315.5964637557781
311958,7.310309463,43.9685341821,-243.4593061451916,174.43345450197575,1313.9471413429794
312589,7.31045627202,43.8893027946,-232.19068517055868,175.68039730978805,1314.1132607933077
311952,7.31063641203,44.0061801302,-234.4337359551484,175.36566022029902,1314.0712214253822
305012,7.31071850804,52.4691469925,-559.2355914035367,372.1719778849081,1354.4526722320934
305098,7.31252613419,53.3239885792,-560.693771789565,373.56395619494504,1354.83581645966
312593,7.31356382827,43.8106054471,-228.69253760071246,176.23651917090191,1314.1877228476037
301793,7.31381727429,49.3019901154,-416.244676468394,246.54380639404332,1325.4485688494885
100148,-73.1434502738,40.7477270426,-362.8283196189079,209.6911631813768,1319.0907641668382
311957,7.31518204141,43.9968362385,-238.6113095751966,174.86734272960302,1314.0048126803824
100134,-73.1685115478,41.3854250654,-327.6020511410527,191.1031668686552,1316.2638339562186
312606,7.31851876368,43.7521970722,-286.71165764640034,177.4787992162949,1314.3548928524413
305056,7.31865538669,53.0333664381,-554.1690985077292,367.3469257439052,1353.1348137001696
311956,7.3187137217,44.0069173743,-238.2659092828765,174.9041889008983,1314.0097166645974
312604,7.31891523172,43.7569815056,-285.8449706279927,177.29763451628753,1314.3304422400654
301825,7.31892842272,49.285520363,-391.2967575641692,228.26240213891595,1322.1701041939054
301828,7.32066021086,49.2641813803,-461.2018784239784,282.9969335351304,1332.7105179235969
100166,-73.2142040396,42.7439122568,-347.88276543604394,201.13783735668073,1317.7581302387841
100133,-73.2222922823,41.4851947546,-365.665979991538,211.4151321057319,1319.365915232457
100144,-73.2269509287,40.8480187849,-342.7118308868637,198.39819851531084,1317.3427440753658
301924,7.32269887403,49.1904397152,-411.0784093641483,242.6258120522223,1324.7253846997478
100137,-73.2270844097,41.1729250228,-401.6939354984612,235.6797717301081,1323.4708213620165
301919,7.32284149704,49.3605033273,-413.37996840777214,244.36331043047076,1325.0447115770974
311949,7.32293899505,44.0899668642,-206.45902399626115,181.57568620110362,1314.9143660380687
100121,-73.2349983793,42.1728605335,-283.1489426373528,176.7645496953471,1314.2586374922148
100122,-73.2640012327,42.129543603,-277.20456559340005,175.7537704871175,1314.1230718750558
100123,-73.2727681735,42.09433842,-383.0788420244818,222.62526191406502,1321.2085631860705
100124,-73.2855168995,42.0481767602,-347.7194239664881,201.0494976553848,1317.7446492782192
100125,-73.2983984446,42.0435790628,-351.69307893239386,203.23106882159593,1318.07925692208
100126,-73.3107955946,42.0484651793,-352.9503518145827,203.9352488932976,1318.188016155156
100149,-73.3140092619,40.704274285,-369.48460261136864,213.78239024608555,1319.747313152493
301873,7.33155363076,49.3132288663,-417.8838191009472,247.8001778527117,1325.6828385167134
100127,-73.3259502449,42.0531561276,-346.7266743426377,200.51508768914667,1317.663219713171
100131,-73.3268764509,41.5516076801,-343.92819567793697,199.0319606531521,1317.4383407034018
100150,-73.3317697014,40.7065083692,-395.3106758156424,231.08957007839658,1322.6611242464612
100167,-73.33936208,42.7641211585,-192.4725726611534,186.44495883399398,1315.5956000490821
101572,-73.3473575586,44.9975915533,-489.35410804314535,307.5272127232207,1338.1341662027794
100151,-73.352022317,40.6816288102,-358.17730088249226,206.932518577381,1318.655044899413
312595,7.33521795806,43.7730157129,-297.925775958451,180.2448134434938,1314.731247429365
312603,7.33524052607,43.7690755216,-274.2676568461062,175.3389068418199,1314.0676513963729
312594,7.33550356809,43.785278901,-240.20422890790536,174.7076100012396,1313.9835650365796
100168,-73.3770845641,42.939592022,-444.35673051268105,268.89160604469276,1329.7867332753733
100139,-73.3808641474,41.1818806695,-365.15369138788077,211.10165466656946,1319.315719908187
100169,-73.3820576595,42.952308686,-356.6123864750927,206.02352549876372,1318.5127050024334
100120,-73.3896074161,42.1939738853,-336.99604690950514,195.51067442706858,1316.9109628250583
100170,-73.3906689512,42.951475338,-340.5470202922299,197.28684525191204,1317.1758271025726
100138,-73.3937380035,41.2940543198,-316.05210364714725,186.29860835737063,1315.5748673753947
100130,-73.3986001479,41.4504455218,-357.92151234483276,206.78327161059215,1318.6316322657647
311955,7.33993256645,44.027456239,-215.83104713680498,178.95251640657156,1314.554701532857
100140,-73.4192878416,41.16371576,-442.02385233518015,266.97703727350887,1329.4009171898576
100141,-73.4270844722,41.1395916761,-426.00202659749345,254.11266366322127,1326.877276174369
100164,-73.4315026816,43.1014738944,-412.7932847281221,243.91918240857441,1324.9628778727206
100142,-73.4431773726,41.151215796,-402.17885868124995,236.03305145836097,1323.5337780255704
100129,-73.447917838,41.5937584306,-333.86476769986155,193.99377599097417,1316.6866162140218
312602,7.34575553094,43.7640487162,-273.72033599990175,175.26782277838686,1314.0581683834894
100201,-73.5065018478,42.5070344312,-314.65808381632866,185.76690772926935,1315.4996785256883
305058,7.3514081444,53.1019972178,-558.8677384048154,371.82105483226746,1354.3562887993967
312597,7.35228123048,43.8774294696,-172.54344858223297,195.198826020263,1316.8647014304784
301931,7.35296422153,49.151439088,-441.4162218821363,266.48000913824063,1329.3011906502647
100143,-73.5481395333,41.0652767639,-462.0448289118712,283.7149702085437,1332.8631754663827
201841,-73.5561549159,-4.50173794633,-654.2740082170968,465.32733428444635,1382.9532125947585
305047,7.35588500777,52.693734062,-567.6684284333946,380.241589324701,1356.6922003336163
100128,-73.5604178793,41.6645917735,-311.75050246136715,184.69243725166183,1315.3483784046923
100221,-73.5684993439,41.4813575713,-244.16923580378432,174.38300752872473,1313.940445190975
305004,7.35725675589,52.3319042451,-521.8608217789962,337.0409339421726,1345.223643617115
301922,7.36039071815,49.3017472204,-395.51513207637606,231.23482460849547,1322.686510215333
312598,7.36077512618,43.8352074181,-246.31879143247994,174.25072258473182,1313.9228951940809
301932,7.36454789849,49.1477171706,-466.96737291793465,287.9297198577803,1333.7666901565935
305050,7.3646398775,52.7514915658,-553.606506169287,366.8122575442903,1352.9897606702843
100171,-73.6729179846,42.7854253162,-422.43077226624996,251.31765341415965,1326.3448356711365
312599,7.36764802175,43.8265298934,-246.9607234483149,174.2171900340524,1313.9184485717733
100198,-73.6854179866,42.7479253091,-459.5711543601597,281.61100819506544,1332.4169092782242
100197,-73.7062375393,42.7854115262,-381.85774642253784,221.80568805784299,1321.0707109949522
100203,-73.7308039074,42.214437896,-366.26695320186934,211.78412585511253,1319.4250930454932
103109,-73.7396750721,42.0144464324,-329.9401858139373,192.1596228898215,1316.4176316287521
100199,-73.7432563954,42.6643077512,-314.05333841151014,185.53956969873985,1315.4675944765377
100202,-73.7440132975,42.3306493376,-462.84525944334825,284.39780413658497,1333.0086913413602
100215,-73.7643907371,41.8143611939,-417.0255919120737,247.14158001542754,1325.5598895434398
100217,-73.7679107184,41.5853483479,-454.52603329687815,277.35012803115177,1331.5228701426013
312601,7.37709038353,43.7936364386,-263.1288302747597,174.2812941293545,1313.9269499014385
100218,-73.8065232626,41.5728796939,-461.6266464348953,283.3586189492045,1332.7873675596925
312600,7.38128242288,43.8061378437,-265.4670369706048,174.43512862884336,1313.9473635932513
305010,7.38129645988,52.415055159,-539.1470990377965,353.1510792638552,1349.3501194942403
301921,7.38140487289,49.3144909274,-393.09236621111665,229.5213186251701,1322.388027735177
201842,-73.8178999996,-10.6772482163,-618.3222667847497,429.5831217714423,1371.3393885923326
100200,-73.8269356073,42.5353184605,-384.2080959526083,223.38743864782714,1321.3372044786793
100163,-73.835418071,43.3062587413,-354.168025255501,204.62351937372958,1318.2946730055405
100196,-73.8433905427,42.794186387,-398.35100140912533,233.26175229431163,1323.0423671512972
100162,-73.8442907518,43.3189687214,-422.73046688086146,251.55112993153898,1326.3890949354675
100195,-73.8562513777,42.7812586419,-341.1462563273155,197.59233617038765,1317.2216182203988
311954,7.38612357828,44.051762032,-216.34037089095872,178.82525267136288,1314.537382955263
100224,-73.8645846044,40.9854249643,-415.9345846217737,246.30683560429597,1325.4045108793377
100216,-73.8726363871,41.6531575875,-446.4584367178425,270.62491845798303,1330.1383035926317
100225,-73.8852064551,40.9396199875,-401.07140837519285,235.22717331827815,1323.3902989145727
100213,-73.9040262697,41.7145464526,-313.61600336250314,185.37642356780145,1315.4445935153192
100220,-73.9061416109,41.3146691515,-377.99594956675105,219.24572099647926,1320.6433077743438
103111,-73.9140263065,41.8001016617,-351.0701062951809,202.88460865145942,1318.0258816205203
100214,-73.9262493535,41.7101019593,-301.2767859386888,181.22011568473255,1314.8653126927802
305096,7.39400121093,53.2942647377,-525.8388077402569,340.72522995971207,1346.1514560126557
100212,-73.94375134,41.7229251053,-398.9385997966006,233.68455194563506,1323.1169751809273
100161,-74.0147147539,43.8886677515,-445.07881437634313,269.4862244833409,1329.907096522227
311953,7.40190375458,44.0732572138,-215.16315938903253,179.12182018273134,1314.5777598375341
100154,-74.0473410066,44.0160862191,-399.1300291113345,233.82249913003588,1323.1413459239002
104157,-74.0516932909,43.9648321928,-340.85765517643745,197.44500162398813,1317.1995250759055
100153,-74.0606641227,44.0481154577,-288.9547929504443,177.9696626411909,1314.4212646691751
100242,-74.0805568903,40.8902860504,-518.8508609002791,334.26286224741887,1344.5302976399348
100155,-74.089105559,43.9606475065,-375.8095302799806,217.81838166809996,1320.4070991881272
100239,-74.0931382533,41.0603662205,-437.786707037149,263.52561929879585,1328.7120877830187
100240,-74.1020846821,41.0020916267,-424.14828930133996,252.65837148614577,1326.5995299546603
100219,-74.1023133881,41.368767567,-256.3080436554194,174.0409880325389,1313.8950969195512
104158,-74.1161126532,43.9688977411,-414.0110748301736,244.84199622792588,1325.1330738121248
100159,-74.1309993245,43.9640642007,-355.13684018353916,205.1754915567441,1318.3804619795628
100205,-74.1323601836,42.4361998963,-218.23486849859194,178.36595484868698,1314.4749803792304
100241,-74.1353333708,41.0273106568,-450.23222938002937,273.7568665035299,1330.7790508389157
312567,7.41445854562,43.9271217247,-131.77303520308246,218.67882550372389,1320.5493133229
100204,-74.1484887189,42.4071059499,-365.7116674613102,211.44313664576563,1319.370402968209
312566,7.41511385168,43.9647632488,-147.6408002744817,208.753181044804,1318.9419815860813
100267,-74.1519227732,40.160301062,-540.910425472595,354.80846732868685,1349.7848379212244
100270,-74.1643929102,39.9525595748,-392.94349314926245,229.416582603758,1322.369853167971
100211,-74.1645847433,41.6895917576,-486.1427770952493,304.6757025335848,1337.4817172239134
301607,7.41934647903,52.306327709,-557.1483907310933,370.18207379487967,1353.9072449591856
100268,-74.2231862491,39.9857241846,-504.0378761129675,320.72001564427836,1341.227567800767
100238,-74.2258841683,40.885114614,-436.93488098067525,262.83589006305874,1328.5754646609785
100269,-74.2280568845,39.9608414155,-503.2570052756076,320.01236364394504,1341.0585270892839
100243,-74.2346267851,40.6893485628,-529.4168716696261,344.0512024927197,1346.9971381300631
104159,-74.2357117671,43.9778503539,-335.8383462140927,194.94439262660373,1316.8270108144236
100191,-74.2544981077,42.6729844539,-315.1976267371055,185.97143393377928,1315.5285760610755
100193,-74.2562515078,42.7604252912,-244.4527535794482,174.36379792202462,1313.9378958762425
305092,7.42669446263,53.2196232816,-526.5358955771401,341.37231929256114,1346.3153867400747
103099,-74.2688555879,43.9770937318,-290.7324220934565,178.38104269911113,1314.4770277902603
100233,-74.2770847316,40.8937582657,-532.244699941076,346.687660885006,1347.6729552839633
103097,-74.2891287056,43.9858587166,-290.680978387072,178.36886088274687,1314.4753747128561
100237,-74.2893750396,40.9898129217,-524.0562215076188,339.0724767656177,1345.7340765150689
100236,-74.2933780839,41.0073141311,-502.91943039266573,319.70664468202506,1340.985607248539
100234,-74.2980569673,41.0022347787,-447.6762891160217,271.63291019945467,1330.3437518541284
100244,-74.306604011,40.6899464718,-508.43330104864305,324.7153455109117,1342.1885544900779
100235,-74.318056983,41.163619429,-361.4721759238513,208.87809937932704,1318.961758579154
100156,-74.3270343717,43.9726845155,-226.54308439365644,176.6174049236622,1314.238854971144
103110,-74.3354933694,42.0767849486,-168.35595530943516,197.28714464009454,1317.1758719450247
100190,-74.3391064377,42.5862365737,-282.90255287980216,176.71814074461398,1314.252396407223
103095,-74.3402108138,43.9895871999,-311.04350818360376,184.43829918426803,1315.3127181016232
100232,-74.3472236404,40.8450082547,-541.8220297458229,355.6662689481721,1350.0105759072437
103094,-74.3519868708,43.9938567392,-277.3604243774168,175.7773569980074,1314.1262265958696
103093,-74.3604175245,43.9769605678,-235.78435501299333,175.19201291362447,1314.048059084074
100188,-74.3685047871,42.952442758,-395.63606721860214,231.3207983060611,1322.701543025806
100207,-74.3769079248,42.1187584991,-124.7744273568458,223.33401455998938,1321.328173563773
100227,-74.3889510218,40.7234151536,-519.581785914248,334.93669750968064,1344.6979778123361
100206,-74.3896500159,42.1187584991,-121.08954961537736,225.84803350422527,1321.755421563165
100266,-74.3979941716,40.2939693421,-461.3696015616246,283.13971449128866,1332.7408443189931
100261,-74.4021979349,40.6649300888,-224.3643999099212,177.03366498557247,1314.2948598895603
100229,-74.4097236635,40.9027860415,-477.9294234834358,297.44204134688295,1335.8524724513913
100260,-74.4302792072,40.5822304219,-505.5186140124031,322.0636986511068,1341.5495094042283
103115,-74.4478276197,41.9681418416,-188.6461098172469,187.96646816744476,1315.8120889204647
100189,-74.4554683413,42.468897434,-281.66482860418864,176.49088658722155,1314.2218584555037
100262,-74.4559617884,40.6021066126,-437.26224530820775,263.1007929230413,1328.6278965273261
100231,-74.4569458954,40.8072304656,-557.2223501809597,370.25253406532454,1353.926511733812
100263,-74.4817014685,40.5809845618,-450.88882791341246,274.30431663275607,1330.891775584047
100305,-74.4981472989,41.9979564081,-125.01367688705952,223.17225736954305,1321.3008425991836
100264,-74.4981761089,40.5728643452,-448.05962698559534,271.9507328695099,1330.4086820605758
100265,-74.5145094352,40.5478495051,-497.7314779015202,315.0239556732924,1339.8769170494518
100192,-74.5196278716,42.6690911886,-282.0384723960846,176.5584556000123,1314.2309342112428
100187,-74.523751414,42.8525824148,-429.00935252973704,256.48763068015074,1327.334157206019
100259,-74.5270847923,40.5604248581,-520.8698242081866,336.12535124992,1344.9945397460826
100226,-74.5275116673,40.679456741,-611.7651086013293,423.1219764494366,1369.3291303219883
100273,-74.5393120663,39.7147163952,-540.7227753970292,354.6319736326792,1349.73845500397
100274,-74.5393551673,39.6725562737,-540.0503886225812,353.9997913859729,1349.572492493533
100303,-74.5394769693,41.9277591953,-189.24168377921,187.72449050648152,1315.7775437093508
100230,-74.5436125886,40.7897304591,-401.0597694290213,235.21872139431892,1323.388796646047
100272,-74.5611125331,39.7155635782,-560.3995631245866,373.282988325594,1354.758373130493
100210,-74.572633889,41.1936032705,-438.8532936667979,264.3912128811571,1328.8840331807226
100228,-74.572813222,40.9521965425,-394.560607256251,230.55771435098268,1322.5683044140458
100311,-74.5772099204,41.9235523699,-160.82906608860745,201.24167955687247,1317.7739843329605
100185,-74.5813176357,42.8438774121,-329.7508438708899,192.07305346871559,1316.4049977353818
110449,-74.5853015061,45.139545493,-403.98929863034266,237.3575589136608,1323.7706262670079
100255,-74.5890411054,40.3149928098,-580.4885305486089,392.5960278716079,1360.206492152739
100312,-74.5898808884,41.8900999761,-198.65995507725657,184.15415543517275,1315.2729044414837
100186,-74.5979182931,42.8729252995,-369.01128340950453,213.48607268962297,1319.69934584599
100353,-74.5988903492,40.1769525584,-560.5378912776903,373.41508374505656,1354.7947759576805
100352,-74.5993128142,40.1395717173,-589.0793535806358,400.92903429554394,1362.6350027557094
100313,-74.6018845324,41.4436874772,-331.4202475933201,192.84244961652263,1316.517478261491
100184,-74.6020655765,42.8479604034,-373.53670998663745,216.3519452034398,1320.1659836502404
110454,-74.6021681545,45.3176522137,-407.80517883121945,240.17738651147494,1324.2791386959839
312568,7.46028505541,43.8772597536,-264.1292144058134,174.3426559736015,1313.9350904385742
305046,7.46089200846,52.7310267211,-540.7347587522606,354.6432437079648,1349.7414161614815
100183,-74.6145232325,42.7977648142,-262.00947304877576,174.22054281446984,1313.918893133234
110455,-74.6176107447,45.3273924236,-383.33308946322035,222.7965090158302,1321.2374293152366
100257,-74.6180179748,40.3686904413,-328.6562633363111,191.5761046137343,1316.332581095244
110456,-74.6269370095,45.3189563779,-393.32148780702687,229.68263788990794,1322.4160367834174
100180,-74.6276444406,42.9678587533,-359.97921080734136,207.99124339387637,1318.8216018561513
110457,-74.6352533892,45.3023766265,-379.26317654189677,220.08033962117165,1320.782122865715
100258,-74.6502792674,40.4144526031,-524.8203648965674,339.78061470227334,1345.9126741068121
100182,-74.6518059706,42.8481850494,-380.46779396074004,220.87865162992938,1320.915379174514
103107,-74.6592917722,42.8437683301,-391.79196576522537,228.60864822350044,1322.2299248755758
100181,-74.6601453093,42.928136813,-412.27051771588134,243.52414517273783,1324.8902103480148
100179,-74.6723994523,43.0104814978,-324.927301911835,189.9285367733661,1316.0938071713454
103106,-74.6730218463,42.8480297004,-357.5161565572123,206.54729042734047,1318.594647106066
100254,-74.6768232626,40.5722189771,-566.4524070067929,379.0750590599773,1356.3657178634455
110452,-74.6769626627,45.0982324646,-409.3148786054174,241.30332408149033,1324.483806774047
100271,-74.6775014617,39.7669524735,-523.4288692010919,338.49149917261406,1345.587810291851
100256,-74.681251495,40.3312581412,-456.0014438623279,278.5919223437451,1331.7820840471907
100359,-74.6844459193,39.9700080693,-606.7943374433925,418.23728839775526,1367.82765347108
100178,-74.6894271307,43.0028206722,-332.7502902854332,193.46526313236623,1316.6088516460652
103105,-74.6894558177,42.8356370124,-377.524461993931,218.93655984307298,1320.5920177821058
100253,-74.6898407097,40.631557895,-612.737415449078,424.0788034826884,1369.6250916791803
100327,-74.6908348768,41.0988971807,-447.76447441887757,271.7060011208745,1330.3586776651591
312569,7.46954354518,43.8812534329,-265.0770612791781,174.4069432817392,1313.9436221005733
100176,-74.6974575013,43.1771680276,-343.6739773945544,198.89895594653962,1317.4182535817993
100302,-74.6982394314,41.3727127663,-317.80923532064753,186.9839019732744,1315.6720867264173
100250,-74.7021837137,40.5441939078,-578.3873558206608,390.56435838055324,1359.621483439824
103103,-74.7060012371,42.843294848,-353.2693344860841,204.11495498609773,1318.2158302201012
100177,-74.7269690698,43.0061912005,-372.0556965877256,215.4060497816384,1320.0112978593872
100251,-74.7302793121,40.727508218,-443.90296761469534,268.51842716038794,1329.7113242800422
100351,-74.7349843995,40.256253363,-456.13361756744825,278.7033417651975,1331.8053960338887
103101,-74.7355999895,42.8561894401,-279.6882590891557,176.1483793852879,1314.175905940281
103102,-74.7357128585,42.8518274107,-249.51184874636897,174.1111193053334,1313.9043884772022
110451,-74.7359611445,45.1525529591,-384.2518131983111,223.4170265160819,1321.3422069740989
305091,7.47366938052,53.2153990062,-558.8249693590467,371.78026019747796,1354.3450897265434
100301,-74.7518177098,41.4312590622,-267.51782857304306,174.59997489312371,1313.9692581740921
100252,-74.765834875,40.6616748705,-360.81970386768285,208.489447641959,1318.900265361996
103112,-74.7688859643,39.7313572405,-530.1704790779775,344.75313977783844,1347.1765985128202
110450,-74.7730649456,45.1099336706,-389.5412197250727,227.04082646970036,1321.9597562248025
101571,-74.7770851599,44.8645923203,-520.1076288762386,335.4217793717096,1344.8188838169913
100316,-74.777599549,41.3145446385,-277.66478046287943,175.8238709339868,1314.1324491024889
100350,-74.7812515213,40.2229247832,-463.43603976313693,284.90241974723057,1333.1164423904318
100283,-74.7812605543,39.518891632,-623.133687580312,434.3363155952276,1372.8357859695864
100175,-74.7812917573,43.0145551502,-398.21933892890894,233.16714752622397,1323.0256909370319
100314,-74.7951673944,41.3223244432,-254.21689523584726,174.02963929524503,1313.893593692856
101569,-74.7979185097,45.0020923446,-509.7762780242311,325.94008311747666,1342.4853809172457
100315,-74.802389846,41.3189910909,-285.42395402727436,177.21134418122367,1314.318804818835
100174,-74.8190399134,42.9775800741,-290.8372721196352,178.40592200921336,1314.4804042669682
100249,-74.8312074014,40.4728806819,-471.3358266669999,291.70010252172625,1334.5857072534084
100248,-74.8391139921,40.5353135551,-510.45344131692286,326.55832539208257,1342.6356170148235
100349,-74.8432327654,40.2437763719,-351.20868918217536,202.96153865658718,1318.0377256997403
100317,-74.8510024231,41.3053797248,-311.36654471322504,184.5540706887968,1315.3289570300276
100280,-74.8519705061,39.5894394088,-535.512642393443,349.7428741130093,1348.4621382103107
100348,-74.8521062121,40.281207381,-368.475728957482,213.15177315325465,1319.6453078733964
100173,-74.8606951149,43.3935899755,-327.70232663443227,191.1479110243128,1316.2703309285876
100282,-74.8684237575,39.5942578982,-536.7583994299556,350.9098692145601,1348.7652859211917
312610,7.48962300084,43.797315433,-189.26325462031545,187.7157618781583,1315.7762984076708
100245,-74.8975015839,40.6636193107,-407.90493885958745,240.25160954898448,1324.2926021407702
100279,-74.8977923229,39.6145169169,-492.7045623945887,310.51558997627404,1338.8241078693675
110638,-74.9071161357,45.3740057114,-351.49500588447705,203.12073513466405,1318.062249378056
100318,-74.9098937349,41.2312135996,-290.301638723455,178.279541897513,1314.463257475492
100299,-74.910446097,41.477321036,-234.4499423256982,175.36350577004816,1314.0709339110488
100300,-74.9147010643,41.4644699559,-283.13387145552855,176.7616998109278,1314.258254192814
100277,-74.9187096467,39.6683684503,-505.8732979971857,322.38589851792574,1341.6268958831681
100246,-74.9195839207,40.6806083811,-394.239472124568,230.33049963966025,1322.528713963576
100347,-74.9356826111,40.3312399122,-361.8193414315827,209.08556453132388,1318.99462981821
110637,-74.9400370234,45.3916454629,-390.64252707522957,227.8060848521521,1322.0914009589353
110634,-74.947439901,45.3777074467,-362.9870591516164,209.78679576683558,1319.1059699175084
100346,-74.9480571391,40.3808414753,-377.3662575017131,218.83299021187676,1320.5748512670402
100322,-74.9525032555,41.1061276803,-360.1751143288805,208.107118796711,1318.8398815200287
100328,-74.9533349535,40.9808415929,-433.295968687239,259.90545410359096,1327.9988348137542
100319,-74.9551733497,41.1259370299,-225.92745148033237,176.73195558943527,1314.2542540621128
100278,-74.9557197977,39.6693982114,-340.36605833588015,197.19491476429081,1317.1620608728413
100275,-74.9559499617,39.7309317325,-347.8661850185237,201.12886491810147,1317.7567607480291
100357,-74.9568358178,40.1740063402,-477.1271916007136,296.7402454529504,1335.6963852108652
103100,-74.959600639,42.9695240635,-277.7691266746598,175.83995633818898,1314.1346013399504
100356,-74.9615581662,40.1778951645,-380.68659299774987,221.02416334787117,1320.939718903751
100341,-74.9680571647,40.7116748736,-419.19796577370414,248.8119506822301,1325.8723343505555
100323,-74.9686903188,41.0983023066,-415.57759455362725,246.03430661590477,1325.353892447547
100247,-74.9688904948,40.6475081943,-353.23525570740105,204.09573577392095,1318.2128544188124
100276,-74.9768128395,39.7060739234,-350.4463530461987,202.53935720982818,1317.9727809833043
305045,7.49771892751,52.6315735999,-525.9339669461468,340.8135383958016,1346.1738105266204
100288,-74.9789559726,41.9477942329,-235.84576444880886,175.18440182960407,1314.0470443778984
101570,-74.9811582878,44.8392496082,-511.8949027179353,327.8759068989126,1342.9566897404693
100281,-74.9858348862,39.6444524383,-353.5233705130041,204.25837397048488,1318.2380450931314
100321,-75.0022412676,41.0978816346,-267.1619152079957,174.56936417774085,1313.9651909785568
100345,-75.0147845426,40.4160285052,-309.8951905373784,184.03151777363695,1315.2557392872166
100361,-75.0226508163,39.9026321827,-422.2739021975742,251.19552365558633,1326.321699776679
100320,-75.0353458703,41.0900234369,-264.1542471892147,174.3442769312794,1313.935305520247
100292,-75.0478113333,41.7646472708,-253.36901827165286,174.03337886872654,1313.8940890172084
100286,-75.0571256421,39.4647892115,-480.318069581705,299.53672547472206,1336.320436909506
110636,-75.0643459517,45.5604264528,-436.3421070250725,262.35674842188706,1328.480757721541
100293,-75.0648072547,41.6727306122,-281.4559692823026,176.45350724389365,1314.216839190765
100343,-75.0694460721,40.485841492,-421.6797425257119,250.73344343790762,1326.2342628103545
100362,-75.0729456924,39.8027196114,-450.1479527512922,273.68665303918044,1330.7646088793026
100360,-75.0771232948,40.1395509563,-361.34063302074856,208.7996115325107,1318.949331085172
100284,-75.0772263048,39.495006892,-478.3885732653311,297.8440962299793,1335.9420518319453
110639,-75.0936464671,45.3189848289,-432.2513213239558,259.06907148534367,1327.8353979293415
100380,-75.1101226595,39.7399757672,-480.9578642180444,300.09906143975894,1336.4465970890562
100344,-75.1144798409,40.4313281274,-375.0532194443845,217.3284298547688,1320.326363675676
103117,-75.115834952,40.0688969635,-349.6417961259373,202.09647110881716,1317.9047931578864
100355,-75.1187516292,40.2270914396,-388.94306889409825,226.6267232863046,1321.888698756965
100289,-75.1395687489,42.1642788428,-183.3679208354087,190.19248035322104,1316.1319233940055
100326,-75.140010019,41.0693304932,-273.690896689358,175.26405492430047,1314.0576658360176
100325,-75.1426805052,40.9987142694,-320.02904474014497,187.87344358779066,1315.7988033888118
100172,-75.1572416944,43.0939814068,-367.7979637971462,212.7302027373854,1319.5772805525955
100296,-75.1729853127,41.477361937,-324.42926071552955,189.71386828165944,1316.0628450086588
100285,-75.1804840083,39.6145422419,-352.7190563172626,203.8052080359531,1318.167903954755
100342,-75.1849126617,40.5937082969,-428.04029901267967,255.7202519424884,1327.1860862167837
100379,-75.1854183007,39.9687580522,-452.31165149121654,275.4931430374785,1331.1373077389735
100298,-75.1854649017,41.4562366442,-380.0387896305955,220.59379872297026,1320.86777696669
100295,-75.200871175,41.4802444592,-309.64632696653666,183.94434259016577,1315.2435445060444
100354,-75.2019885621,40.2980809584,-412.159567217137,243.44038944179715,1324.8748180131845
100329,-75.2022889841,40.6956740253,-461.9277825172321,283.6152026726636,1332.8419423851242
100405,-75.2059438364,38.6563306686,-434.9295862064512,261.21777633041194,1328.256295624041
100291,-75.2230597788,41.8562738133,-167.45891148981076,197.7450719996424,1317.2445383048807
110640,-75.2241558379,45.1019405299,-398.40584505110326,233.30117387057453,1323.0493180238154
100378,-75.2272139222,40.0804095194,-343.9461745030457,199.0413779692674,1317.4397634570619
110644,-75.2288297223,45.1018921519,-408.4638621046091,240.66792498343682,1324.3681928790527
100340,-75.2354183579,40.6687581891,-401.85393874716067,235.79626852326754,1323.4915717311508
100324,-75.2393388172,41.1645756581,-306.4286750089064,182.8490165893277,1315.0908041126206
100406,-75.2483710659,38.7149415784,-487.96321533276307,306.29060908601326,1337.8505138498006
100383,-75.2513905432,39.9516747128,-399.73436027823067,234.25865317433272,1323.2184917015584
100287,-75.2522546323,39.4776118935,-502.9105452051928,319.698599623268,1340.9836892352469
100387,-75.2594923869,39.7398129862,-423.02365798579365,251.7797325721893,1326.4324686647328
100382,-75.2724080889,39.9290095859,-456.46913583308833,278.9863038214941,1331.8646394862628
305067,7.53046098722,53.2149625582,-552.6235096130046,365.87859548167813,1352.7369318627846
312565,7.53122034528,43.8934991729,-267.063345034193,174.56103509103448,1313.964084427709
110641,-75.3145384054,45.2563027897,-371.8359841699126,215.26638073431062,1319.9885131577257
100413,-75.3229182581,38.3895910595,-550.207496706911,363.5868062076014,1352.1188652785445
100407,-75.3355272321,38.4388955026,-604.8597068530655,416.3393604929826,1367.2485228697817
100297,-75.3399053315,41.3362067423,-322.0418240516954,188.70269783829582,1315.9174625960952
110642,-75.3428062127,45.26040296,-370.25907632495694,214.26898654763934,1319.8262229513577
100377,-75.3449063649,40.1273381513,-354.2502001848877,204.67018808683267,1318.3019176521718
100381,-75.3559763918,39.9978205366,-316.6586112668285,186.5332557355931,1315.6081163056174
305044,7.53565887965,52.6554768139,-513.6442854772016,329.47773848928546,1343.3486667108834
100294,-75.3760147945,41.6745383573,-304.993755819808,182.37975717691614,1315.0256408229484
101568,-75.3770853376,44.5979255832,-506.68363547402726,323.12251680907156,1341.804091908697
100339,-75.3805413599,40.6400247647,-403.20903186589453,236.78565121216852,1323.6682004240583
100409,-75.3930687589,38.4447926721,-435.99970917992357,262.08029941601757,1328.4261904734803
100290,-75.3935548399,42.0730129713,-174.43568434983573,194.28229333378255,1316.729155786006
100385,-75.4099719553,39.9334976133,-471.3794106184749,291.73785799273577,1334.5939599668823
100419,-75.4151405267,38.7278966815,-574.7584519169319,387.06167717154625,1358.619447133282
100384,-75.4350185194,39.9896937939,-380.44054076652606,220.86053793780675,1320.9123503897113
100386,-75.4510319507,39.8767863006,-348.5190841152977,201.48307836698584,1317.8108707482008
100376,-75.4521608048,40.2306079088,-507.0655642600485,323.4699386397378,1341.887797618523
100331,-75.4556811451,41.1650054122,-362.1769744172119,209.29977151593133,1319.0286026279018
301507,7.54724644061,47.8154435684,-475.14075426621264,295.00625496773716,1335.3122296541674
100416,-75.4727897685,38.2280285571,-553.7819223970511,366.9789427972721,1353.0349606165016
100375,-75.4771658879,40.3440321242,-312.1251161793664,184.8282323114026,1315.3674527116946
100335,-75.4978480236,40.7151857399,-341.5076346086012,197.77736143577624,1317.2493859897572
100330,-75.5022571099,41.2396317903,-331.7603866076013,193.00090009319288,1316.5406972937362
100337,-75.5118524227,40.5942718939,-370.23496804126,214.25380696580862,1319.823758686453
100420,-75.5144195699,38.6647126683,-526.9690353147662,341.7746094198816,1346.4174478362968
410213,-7.55197770671,12.8650779076,-601.5196451542671,413.06698591516454,1366.255611167593
100334,-75.5364609848,40.8193223656,-244.91898607971854,174.33337200472891,1313.9338586049275
100400,-75.5433790693,39.0397634203,-511.67330981918303,327.67322187007665,1342.907219626364
102950,-75.5548457373,40.1021599832,-305.6921779156059,182.60667078956087,1315.0571304740877
100336,-75.5606301848,40.5434706557,-409.1617844662077,241.18888398528182,1324.4629620914134
100418,-75.5618627949,38.7283411215,-510.2581806549689,326.3800068727016,1342.5922571950575
100396,-75.5732596428,39.7692874347,-452.7472114784436,275.8577559939818,1331.2128160951313
110643,-75.5853209728,44.7819805844,-409.5643560869803,241.4899381998555,1324.5178180929333
100373,-75.5865783739,40.196775062,-355.240063318197,205.23452843858573,1318.3896509974975
100374,-75.6021206272,40.1520914073,-365.84577868168844,211.52538629901852,1319.3835868476017
100338,-75.6272179233,40.6605294974,-334.37189347893485,194.23625787293403,1316.722364079222
100398,-75.6304469365,39.1644671936,-522.5525522446981,337.68056055887274,1345.3840422620037
100397,-75.6313038286,39.2352298385,-496.63520006889564,314.0382891923641,1339.645515527433
110624,-75.6352360599,45.1606510928,-451.50689540230394,274.8203143696648,1330.998221405324
100422,-75.6395176203,38.6436699605,-417.3587067018082,247.39700640096027,1325.6075358001144
110620,-75.6396280403,45.0272144827,-431.34678860549496,258.3466579034601,1327.6946395326681
100372,-75.647857397,40.2434970149,-412.4440932967205,243.65523644646117,1324.9143121129289
100423,-75.6593750889,38.6323445876,-483.1196352868756,302.0030471122976,1336.8754245100804
100425,-75.6730414531,38.8520579198,-560.8647608918566,373.7272768990525,1354.8808573790816
100371,-75.6767472854,40.2733603994,-357.28442727710257,206.41268277431143,1318.5735685975142
110626,-75.6795768156,45.4356893625,-445.99910775585346,270.2454253501305,1330.0611452548217
311982,7.56879931839,44.1103650449,-228.0256996686612,176.35150594424184,1314.203147859073
100429,-75.6894070094,39.0395886413,-373.71199863150645,216.4644065219669,1320.1844187403522
305090,7.56900512041,53.2268182852,-557.9993379916372,370.99299032793033,1354.1291884699754
100391,-75.6936337248,39.8230433681,-358.86692240047824,207.33619402295753,1318.7184527206027
312560,7.56964508146,44.1223999518,-213.48741889338956,179.55864467535204,1314.637351923162
110625,-75.6974916811,45.3724943423,-449.58873170809403,273.2210588445668,1330.668932225458
110629,-75.7021941955,45.2518173763,-464.8513267049899,286.1134492220754,1333.3757782484454
100332,-75.7059134648,40.8309822335,-426.7693048711022,254.7167776296442,1326.9931035992329
100333,-75.7110242022,40.7823240405,-228.03621658335845,176.34967023228035,1314.2029015281196
100394,-75.7228878242,40.002734525,-316.7494271256647,186.56856315892384,1315.6131228264182
100393,-75.7241051353,40.0523345101,-324.9598068865178,189.94259170407142,1316.09583554434
100388,-75.7269990785,39.639753222,-437.4493706303789,263.2523078338307,1328.6579084827413
301510,7.57304879474,48.0897847061,-485.0947174645289,303.7478424607162,1337.2706577179636
100390,-75.7491034424,39.689008339,-390.8136937467185,227.92534830519548,1322.1119561496823
312564,7.57622040101,44.027433006,-234.72924078090327,175.32664632055773,1314.0660155045134
100431,-75.7644593966,38.9937754055,-583.5359269091781,395.5471827009871,1361.0612160871322
100430,-75.7854184364,38.9974331958,-541.5761478615091,355.43483456539406,1349.949621954991
110628,-75.793281216,45.2519464663,-371.63175738232377,215.1367088709011,1319.967372209517
100389,-75.7975218514,39.7812495607,-374.5651827520972,217.0133138187738,1320.2745315155103
100365,-75.7978083684,40.5394096184,-315.70184000643803,186.16401128787243,1315.5558138264926
110446,-75.8019139627,44.523114155,-411.15224901580495,242.68135355485921,1324.7355583500857
301509,7.5809404194,48.0230369066,-480.6943004077413,299.8673418766309,1336.3945835411228
100370,-75.8135323417,40.2512117695,-337.5997956012535,195.80850828894677,1316.9552126447722
110627,-75.8185720881,44.9518798835,-383.9945800781148,223.24301789577754,1321.3127961361415
100392,-75.8282782629,40.039556011,-339.2717266466429,196.6422018049151,1317.0794265056984
100369,-75.8301824111,40.2392164166,-269.44728813890447,174.7805240443026,1313.9932616947074
100364,-75.8440660552,40.6567134471,-305.5484267875466,182.55973544231625,1315.0506139303775
301273,7.58519999975,50.2349693636,-356.88632537119867,206.18193529242765,1318.537466526767
301386,7.58556259878,47.6347463585,-445.0407106127843,269.45482341491225,1329.9007339104135
100434,-75.8691064083,39.2762295229,-437.2857954318838,263.11985767068626,1328.631671944688
312563,7.58955127711,44.05213899,-231.87345723380434,175.7275565266587,1314.1195662179011
103663,-75.8968879706,39.7206740636,-528.4249292033793,343.12802186166147,1346.7616342844753
101567,-75.9229188047,43.9854254535,-500.941256079343,317.91762947238897,1340.5602110025636
100435,-75.9308741094,39.289492672,-348.47537320223404,201.45930660174037,1317.807236438755
110623,-75.9312685104,44.885445434,-428.7861959666254,256.31074170878384,1327.2999873838626
301506,7.59377325046,47.5980709534,-495.49412228477036,313.013797484676,1339.4057255401265
312561,7.59394251947,44.0934817455,-225.3452986597066,176.84250530086567,1314.269124599289
100437,-75.9396749801,39.2599600775,-403.9662530104224,237.34064421602514,1323.7675934962197
100368,-75.9431613764,40.3274261289,-351.096418215171,202.89920866244256,1318.0281290889584
100439,-75.9671667944,39.3059522233,-465.19986298457445,286.41214850315646,1333.439904534167
301213,7.5978562838,50.347967426,-367.696294432862,212.66710930204124,1319.5671106740956
312562,7.59805349181,44.076405246,-245.24209435884765,174.31313544629913,1313.931173761782
100363,-75.9939996256,40.5273482914,-394.5475742579321,230.5484872472716,1322.5666959234607
100480,-76.0056407406,39.8313043288,-401.3690797248839,235.44345981789198,1323.4287600641426
100440,-76.010491065,39.2851929796,-459.65702978412395,281.6838880320403,1332.4323145926555
100441,-76.0147076513,39.2811354243,-416.21374647641755,246.52015965780527,1325.4441705751337
103709,-76.022685779,39.8475999852,-419.1997465221658,248.8133243907495,1325.8725921400862
103766,-76.0434929387,40.026913783,-384.2001992530519,223.3820947999869,1321.3363010494809
110645,-76.0561795728,45.3523844796,-417.49445002776616,247.50116612412592,1325.6269789902049
305042,7.60617556948,52.6820509121,-551.3445184097654,364.664837018447,1352.409147984287
101566,-76.0770855095,43.8145920834,-381.62892665029574,221.6526437949,1321.04502371992
103784,-76.0857857182,40.0737178369,-381.2680463056696,221.4116167952871,1321.0046041728233
100481,-76.0891337205,39.8274568395,-438.14831633453696,263.81884040610345,1328.7702738799944
103789,-76.0893966495,40.0806619834,-342.4857877696927,198.28115803596194,1317.3251222936487
100482,-76.1187251279,39.7103532108,-436.9673229899877,262.8621328156235,1328.5806565889304
110653,-76.1354846063,45.1769234691,-416.5148959438114,246.7504915316387,1325.4870294593607
103638,-76.143622553,39.6606191047,-402.22133705638555,236.06402820867584,1323.5393026306401
103780,-76.1470914483,40.0687792455,-472.6232997522499,292.81653572778265,1334.8301703922916
103776,-76.156083859,40.051598186,-478.2059210096588,297.6841228468965,1335.906395369459
103777,-76.1602081294,40.0608563608,-472.39933432471827,292.62215581722086,1334.7875434948485
110444,-76.1640866707,44.3275319488,-402.2160091245298,236.06014262472536,1323.5386096105774
103678,-76.1643892407,39.7639582102,-336.0135835361842,195.02970020193115,1316.8396425361555
103626,-76.1646770267,39.6231722196,-450.74823257501174,274.1870307277966,1330.8676072446954
100366,-76.1687519741,40.4145914401,-353.41535304530305,204.19735877086256,1318.2285922869714
103679,-76.1687875001,39.7689782436,-418.44401930662843,248.23099393456337,1325.7634353622955
100479,-76.1728087414,39.6603158327,-386.9834086284529,225.2776687920552,1321.6580829587801
103808,-76.1765539177,40.135738752,-439.9943475447249,265.3196448655116,1329.0690629705653
103778,-76.1813557611,40.0602022107,-444.79288021824215,269.2506519126096,1329.8593811938388
103650,-76.1892838228,39.7020612591,-431.67174795048055,258.60599777308886,1327.745127002208
110445,-76.1896370178,44.3610005156,-354.4489375793228,204.78316969584887,1318.319463098597
103770,-76.1899059958,40.0350619207,-506.66695115457287,323.1073433786743,1341.8004380455088
110621,-76.1959296153,44.8895398413,-420.8491097391875,250.08878276744662,1326.11253649907
110652,-76.1978893795,45.2271369263,-383.80675259233715,223.11609213130532,1321.2913572569223
110646,-76.1984534455,45.417518042,-397.10301011312293,232.36696537182078,1322.8849030773627
103138,-76.2018075128,35.735958015,-607.3935717364853,418.82552168246724,1368.007630755942
103771,-76.2062099492,40.0314179264,-505.0009315086619,321.59366727775483,1341.4367473075463
103741,-76.2227722796,39.9642986128,-426.44457915587867,254.46095199499325,1326.9440215337243
103740,-76.2273756479,39.9683659741,-458.51018084816025,280.7115565896396,1332.2270970810018
103728,-76.228049992,39.9400232958,-286.8866728788787,177.5159587105877,1314.3599110558848
103835,-76.2393665689,40.1771723434,-409.71764165633545,241.6046762198063,1324.5387422665945
110650,-76.252470714,45.4232590415,-410.7146790540976,242.35241425353226,1324.6753386729936
110648,-76.2605491727,45.2437026276,-412.13769390071155,243.4238809849074,1324.871784750377
103761,-76.2616264148,40.0184396973,-466.64711741707725,287.6544060692689,1333.7072832990598
103755,-76.2690206154,40.0060809793,-379.94112210101923,220.5290332999443,1320.8569622491689
100474,-76.277085316,40.0104246886,-365.18332764703246,211.11976277552216,1319.3186174796017
103643,-76.2810465664,39.6811058674,-461.9336039242548,283.62016419966085,1332.8429981563984
110651,-76.2854682847,45.3350707302,-399.8539292828656,234.34506672138482,1323.2337928312386
100478,-76.3185930925,39.772999337,-406.1086546523727,238.91904559838386,1324.0514984484316
100476,-76.3282949733,39.905942085,-349.5333820553355,202.03700335060714,1317.895675278126
110659,-76.3475241929,45.4347972964,-495.97154814505296,313.4422624129753,1339.505920875477
110657,-76.3642031503,45.0269872077,-385.3949368907857,224.1928327915836,1321.4736041514448
110656,-76.3642653773,45.0102826963,-385.4893156694956,224.2570684881406,1321.4845034887048
100475,-76.3683960816,39.9479709775,-412.2061570601448,243.47555611303136,1324.8812801977558
103137,-76.384717601,35.8603131372,-597.718843456134,409.35001024427027,1365.136436800688
103727,-76.385597507,39.9391320967,-348.2427165339887,201.33291729180706,1317.7879206378861
110658,-76.4106847281,44.9476399521,-388.64094840198527,226.41797546999035,1321.852926694125
110443,-76.4392655845,44.293648092,-402.53287909395164,236.2913635982588,1323.5798686535766
103641,-76.4480178762,39.676721478,-468.71960765047584,289.4387346850943,1334.0932656040216
103893,-76.4516445725,40.3267456178,-341.76990484043085,197.91201660025857,1317.2696104096062
103896,-76.4562924319,40.3398840289,-342.64732312288936,198.36477416212404,1317.3377106202815
203006,-76.4684442639,3.4560756861,-633.154485940656,444.26747922844487,1376.0100483985907
110442,-76.4727506422,44.2355297862,-402.3766228278734,236.17730931865526,1323.559511933972
100477,-76.4729186993,39.8062579747,-331.5150798817221,192.88656915324262,1316.5239415801002
103696,-76.4769603936,39.8024361754,-324.74361221161985,189.84921289106526,1316.0823620994438
103697,-76.4769797506,39.8106722211,-348.16381396320764,201.2901070749525,1317.7813807305597
100465,-76.4812818389,40.3228528275,-355.00746013594045,205.10155610673084,1318.3689576561248
103881,-76.4894590116,40.2852703024,-317.8101784186027,186.98427427910227,1315.6721396387388
103689,-76.493649877,39.773069835,-335.65099992965884,194.85335203636987,1316.813536152216
103690,-76.4984748504,39.7771896173,-360.5843057429027,208.3496367041692,1318.8781715187547
110440,-76.5015719776,44.2898515207,-377.0707647317085,218.63976968496172,1320.5428463634896
103130,-76.5016316466,36.3313217542,-535.9615573135159,350.16325991360884,1348.5712323741818
101565,-76.5020856207,43.447925334,-457.4274316315145,279.79549584100806,1332.0343763157205
103885,-76.5023572457,40.3014393157,-395.84334956785267,231.46825382460287,1322.7273387673308
103787,-76.5098552963,40.0770865821,-400.8146601013989,235.0408142452006,1323.3571870643775
103913,-76.5103929554,40.4525979162,-432.12357962388876,258.9669483688333,1327.8154768420802
103742,-76.5141338667,39.9642735978,-329.1879698991691,191.81675581742348,1316.3676264654246
103767,-76.5143611417,40.0313581914,-499.6239734372218,316.72868850731044,1340.2787479914225
100468,-76.5143842367,40.3143902328,-326.68549806287473,190.69655006209032,1316.2048603463968
110622,-76.5195757481,44.7597897896,-341.3360120608687,197.68941651758433,1317.2361844395855
110441,-76.5226044444,44.2771326957,-376.950679442081,218.5613310019044,1320.5298616855353
301488,7.65245840431,47.5984015225,-426.2978982063434,254.34546770875636,1326.9218805709252
103682,-76.5273900588,39.7646529813,-320.1630074715628,187.92796900165084,1315.8065897870324
100473,-76.5309982191,40.051791529,-584.164920882736,396.156975227216,1361.2385570556953
103708,-76.5311751301,39.8481950482,-309.775500014147,183.9895472184002,1315.2498673938449
103701,-76.5312234911,39.8227327911,-343.90331738155555,199.0189317769591,1317.436372429248
110439,-76.5347593384,44.2520686996,-376.99650435704336,218.59125769643092,1320.534815192391
103707,-76.5351837124,39.8432164488,-374.2460375341049,216.80769227738088,1320.2407491153035
103788,-76.5351858494,40.0808023904,-360.6966871137576,208.41635687461923,1318.888713275985
103672,-76.5352461204,39.7517783122,-348.4693880172786,201.4560522574381,1317.8067389359662
110654,-76.5353367664,44.9728778852,-346.16133259709045,200.21268234908774,1317.6172351511311
104004,-76.5477545004,40.7438718803,-208.58438405515568,180.9345648574787,1314.825987328384
110660,-76.5515683188,45.5133588919,-390.54292350816496,227.73672451660806,1322.0794514277302
103799,-76.5559749261,40.1016275422,-318.09553833902567,187.09714587275664,1315.6881857748915
103757,-76.5560786031,40.0106613246,-353.5415787800525,204.26866392788392,1318.239639540845
103888,-76.5562030231,40.3147678798,-338.89335517596123,196.4523886601461,1317.0511004528912
103711,-76.5642678438,39.8603093302,-325.76057154051875,190.29055175713214,1316.1460991401862
301511,7.65671071666,48.2147465235,-507.8543882612937,324.1879738840013,1342.061065154976
103710,-76.5726026585,39.8561514809,-407.1333647533873,239.67820746696648,1324.1886962697092
100448,-76.5810245492,40.6982717945,-340.72351439721626,197.37665097877533,1317.1892812141662
100449,-76.5853548876,40.7065063402,-320.7197723687731,188.15560438158383,1315.8391207340255
103655,-76.5892973489,39.7102096468,-393.07889538653666,229.51183889146344,1322.3863824106916
103136,-76.5937837373,35.8349623411,-644.8186029798222,455.8779948639612,1379.8024519455967
100609,-76.5974551486,36.618827183,-571.8152636595009,384.2267359265979,1357.8145104522569
103901,-76.5983146456,40.3601997606,-354.4008735496911,204.75583055212908,1318.3152166075406
103961,-76.602273646,40.6400421547,-299.31750919891454,180.64171982775187,1314.7857206161857
103960,-76.60270342,40.631507246,-231.66450452865976,175.75897700057993,1314.123768215987
100447,-76.6102424226,40.6764829067,-272.73447965799136,175.14473778102496,1314.0417570862344
100450,-76.6141363669,40.6770232738,-316.04340280415863,186.29525673814993,1315.5743927566498
110376,-76.614728139,44.2555420509,-399.37843069252955,234.0016522414982,1323.1730171998088
100442,-76.6190230743,40.9565356219,-358.7441498252347,207.2641900472731,1318.707133775292
100617,-76.62693672,36.4692275246,-488.5002815243661,306.7678195661628,1337.9598481700684
110649,-76.6399075631,44.777016295,-365.1060148115765,211.07253062097823,1319.3110601282162
100469,-76.6677489824,40.2984316465,-397.2189491406664,232.44990774680025,1322.8994745653922
103713,-76.6727807758,39.8729593632,-356.79596136434367,206.1296473547902,1318.529291184881
103882,-76.6811585815,40.2855657614,-361.0908602942317,208.65076401868617,1318.925775591438
100451,-76.6847711828,40.6604248014,-275.24638153300293,175.4709067429071,1314.085270942138
103968,-76.6893568742,40.6481391654,-383.0549520280837,222.6091815426903,1321.2058537188675
100472,-76.6930239475,40.0187162473,-420.6385795363436,249.92563537551706,1326.0817785535517
100483,-76.6940117595,38.9563668794,-549.0641682911746,362.5037529086436,1351.8280330969412
103756,-76.7099683539,40.0103830916,-359.09081908742644,207.46765912224953,1318.7391287800483
110375,-76.7149345323,44.2854002593,-406.8397318209745,239.46039176787446,1324.149288947254
100471,-76.7179616785,40.0815953185,-475.0400060806891,294.9184540874871,1335.2928348325875
100602,-76.7228296309,38.33518803,-579.0691981921557,391.2233613116588,1359.8109348839223
110374,-76.723242151,44.2608168833,-406.74150268467287,239.38757522730026,1324.1361226728543
103997,-76.7351584059,40.7230026676,-336.3899317665748,195.21340436812793,1316.8668624575866
103694,-76.7430296166,39.797609945,-422.978966671089,251.74487423132024,1326.4258523926762
100638,-76.748122304,35.7228032729,-535.9114910633601,350.11636722148455,1348.5590572126473
103982,-76.7726756381,40.6890986608,-304.4896077113759,182.21772473396732,1315.0031784756713
100445,-76.7768912564,40.8565028496,-412.9746802732331,244.05641229480318,1324.9881480889198
103994,-76.7807752527,40.7145655539,-364.9800416045969,210.99561880048765,1319.2987574264198
103964,-76.7899152855,40.64373925,-334.21268387260113,194.1599983206472,1316.711116814075
103958,-76.7938237068,40.6354227583,-302.50656423888,181.59479708116044,1314.9170051835372
104003,-76.7941378978,40.7317592263,-228.06802446466511,176.34412254436327,1314.2021571089572
103937,-76.7978369681,40.5809358078,-335.56576636467025,194.811988328786,1316.8074160599606
104021,-76.8060926588,40.8526266113,-511.5164610041369,327.52978626339456,1342.8722281303012
104001,-76.8349463932,40.7313523293,-302.6907432504548,181.6516802175331,1314.9248621574343
100462,-76.8478472723,40.3104073504,-449.6290910017128,273.25464295547056,1330.6758283258232
110617,-76.8478912183,44.2397084356,-417.8668171473283,247.7871140382679,1325.6803966557356
103987,-76.8519130716,40.6975144555,-325.91370910576705,190.35746992437777,1316.155775943678
103866,-76.8519193706,40.2484310933,-341.87312779724266,197.96509937865457,1317.2775868304657
103733,-76.8646731767,39.9396336938,-290.10077125784454,178.23260860390116,1314.4568927749765
103906,-76.8726310043,40.389549156,-328.073561170076,191.31400232344336,1316.2944608555142
100637,-76.8728340823,35.3231387278,-640.2156199306175,451.28989051875806,1378.2933742416114
110616,-76.8769914987,44.3228283004,-368.8029146917642,213.35588254031015,1319.6782914060718
100444,-76.8773977297,40.9664084007,-384.9903714545019,223.91779546145582,1321.4269708607483
100461,-76.8854188574,40.256258049,-447.94732217349934,271.857595017225,1330.389646743556
100464,-76.8976897744,40.2229412002,-365.7793390639657,211.4846308709711,1319.377053494764
100614,-76.8979186634,36.7562573304,-629.356336823583,440.49839833991246,1374.7977666311226
100463,-76.9103707854,40.2229247072,-381.78389317741886,221.75627338896197,1321.062415248142
100452,-76.9120905406,40.6105300133,-334.616246998401,194.35353773213842,1316.7396697232496
103851,-76.9145576918,40.2230876722,-383.8875246686625,223.17066071436247,1321.3005729195684
100613,-76.9183364921,37.0563697032,-547.5209348380052,361.04341429564073,1351.4371636151452
103927,-76.9183518311,40.5520190004,-383.0218445172005,222.58689987466346,1321.2020996765439
110615,-76.9268263498,44.2773505137,-396.68998385780384,232.07179532998725,1322.8330878767654
103877,-76.9310329532,40.2730581464,-436.1848015034833,262.22971283900756,1328.4556757715038
100565,-76.9395467809,39.6562887423,-289.7377706768569,178.1484303516044,1314.4454813458924
103850,-76.9434854772,40.2184816258,-366.35219223109823,211.83657088001436,1319.433512139243
103684,-76.9438098292,39.7686844346,-348.0986650817355,201.25477950620004,1317.7759849337
100588,-76.9478330225,39.0223997169,-447.53588549540274,271.5165672504083,1330.3200015354726
203005,-76.9641699389,-12.0226217086,-361.44613514548774,208.86255627881474,1318.959297176837
103966,-76.9643958739,40.6478078434,-394.9356181263587,230.82342384165952,1322.6146502998824
110647,-76.9645507779,44.9687295099,-333.32118957232353,193.73524476180674,1316.6485503948318
110614,-76.9730705886,44.2181934468,-396.66382302539375,232.05311563730484,1322.8298109246234
301606,7.69767003505,52.0149939689,-544.4515682967981,358.1442477032388,1350.6655257156797
103935,-76.9810642703,40.5689039648,-463.8402804350946,285.24800936453335,1333.1903416393036
201845,-76.9813102693,-0.47710713833,-619.1250149066099,430.37544816946695,1371.5877976203215
100589,-77.001665075,38.9850856218,-515.9371084016723,331.581738821737,1343.8662543995742
103819,-77.0024832081,40.1517758133,-469.3005374986265,289.94001789822727,1334.2021114406612
103869,-77.0060599134,40.2481495263,-411.6643126717944,243.06689293755844,1324.8062404126172
305084,7.70238940344,53.1817469074,-559.0957739029808,372.03858437327443,1354.4160248817068
100616,-77.0264430181,36.2896995238,-669.1357320648251,480.2421151106757,1388.0427044294674
103695,-77.0270996321,39.7980920041,-383.62602824488647,222.99407216080724,1321.2707581766704
100612,-77.0352400308,36.5727808932,-646.7637088415195,457.81919910608946,1380.4450294249443
100568,-77.0435951685,39.5612201335,-377.3431105595821,218.81784397527036,1320.5723414625495
103698,-77.0472059758,39.8109401071,-395.2855181739778,231.0717052603704,1322.6580031005105
100446,-77.0473609758,40.8690648037,-329.4903232812368,191.95423216054562,1316.3876660916567
100587,-77.0477956598,38.9686644174,-560.7087104099003,373.5782240700501,1354.8397505584294
305061,7.70594501074,53.0102316502,-506.9295166657946,323.346165372406,1341.8579667218637
305005,7.7066555058,52.5229202479,-427.32450771947504,255.15469908694305,1327.077232364433
100567,-77.0769289762,39.6314973233,-402.9147756994057,236.57039149204746,1323.6297104268228
301505,7.70772068089,47.5391463966,-400.8789885839783,235.08748985622992,1323.3654778936911
103133,-77.0890380862,36.3268285748,-565.58160718724,378.2402881907286,1356.1326542062543
110373,-77.0904179953,43.9356997454,-362.8099972235431,209.6801310647786,1319.0890104755013
100566,-77.0933182476,39.6773301981,-329.8305462257147,192.10947260388767,1316.4103120448572
100585,-77.1015389263,39.1146768195,-411.59847888910866,243.01728967164394,1324.7971404231089
305038,7.71050840812,52.7196495202,-552.5444198150316,365.8035052180145,1352.7166239178405
100584,-77.1145601703,38.9312324313,-453.68987563701546,276.64796270455884,1331.3767894410948
100457,-77.1270856144,40.4770914162,-335.13147743635477,194.60176749252017,1316.7763318442153
100590,-77.1274813824,38.8678976741,-486.5610538066162,305.0463913512711,1337.56620810722
103862,-77.1354275901,40.2313626909,-415.5399188513757,246.00556228932933,1325.3485567469352
100562,-77.1563205008,39.7318004876,-449.4065387513348,273.06948601585754,1330.6378186369345
100605,-77.1639763064,37.8857691168,-581.2943754135645,393.3759012095793,1360.431791692014
100611,-77.1645854125,36.7687573244,-608.6519697814065,420.06137799411033,1368.3865029574815
100569,-77.1688006878,39.5353899573,-338.07429089590033,196.04378316134225,1316.9902145081055
110655,-77.1688286098,44.8519870562,-319.341807213234,187.59522795287788,1315.7591077946552
100458,-77.1725805751,40.3227320855,-397.4273457591688,232.59908887435694,1322.9256956983925
100560,-77.1767951755,39.8024358514,-411.7036172871147,243.09651255621085,1324.8116751489194
103805,-77.1812757229,40.1106896989,-321.84070932737666,188.61887833684509,1315.9054454857096
103834,-77.1844409601,40.1779459075,-410.82435286469433,242.43481606258166,1324.6904167514735
100561,-77.1937197609,39.7813656567,-385.8261427716167,224.48654540301612,1321.5234652706229
103724,-77.1976836072,39.9356534434,-417.367391453837,247.40366917361123,1325.6087792838655
104026,-77.2015533765,40.8896871494,-224.76898630909952,176.95407574748398,1314.2841416975025
100580,-77.2022030816,39.2019557857,-459.77726402222936,281.78594669967737,1332.4538941184148
100572,-77.2108178493,39.4403879895,-375.6372527200317,217.7066049095289,1320.3886647556199
103145,-77.218733569,35.6231535666,-707.5743613109573,519.1296547468396,1401.972060574485
100591,-77.2270855447,38.8104244133,-462.5321492449831,284.13057763029104,1332.9517040532328
110613,-77.23119291,44.1940447668,-403.67974862825287,237.1304769166489,1323.729928375351
100636,-77.231317983,35.5646230098,-593.4697976333063,405.2034840350657,1363.8987952440057
110372,-77.231792187,43.9648712998,-400.29477040636016,234.66400472880673,1323.29031406916
100563,-77.2352210123,39.676508611,-433.2836965837779,259.8956158389552,1327.9969093812697
103744,-77.2391349716,39.9895062709,-362.76377507377305,209.6523059079176,1319.084587722259
110371,-77.2478932034,43.9731058835,-357.1785493835141,206.35125176439595,1318.5639534351862
100581,-77.2521646707,39.0016584722,-435.74003571025025,261.87079453049125,1328.3848739058742
103180,-77.2609663085,35.3899346273,-636.9597153810373,448.0494078106442,1377.2357576077393
110605,-77.2724329464,44.4854167649,-409.59457700236874,241.51255464205457,1324.521941775079
100559,-77.2900519079,39.8685510189,-363.8721600099755,210.321786289263,1319.1911589992562
100574,-77.2937069222,39.3062205094,-410.16011272367655,241.93620616622079,1324.5992556422484
103179,-77.3022022089,35.3143124141,-674.8185199622623,485.9641588155899,1390.032813946217
103844,-77.3055405501,40.2063010788,-354.79316297674177,204.97924460615684,1318.349934923655
103132,-77.3058045242,36.3904385181,-647.9628273534988,459.01660668089863,1380.8426070348282
201847,-77.3063138382,0.0525553534943,-389.05933663719543,226.707131359562,1321.9024864199234
103135,-77.3072035593,35.9770815559,-536.8344854039223,350.9811859097452,1348.7838422284372
110604,-77.3100818535,44.4808301775,-365.17203410151046,211.11286189563862,1319.3175132058477
201844,-77.3151102689,-0.693772323257,-549.4937587124437,362.910582664767,1351.9371846369102
100582,-77.3184736422,38.9021825159,-444.4256088039167,268.94828490669306,1329.7981952718037
100564,-77.3188750032,39.7072339995,-379.10884032775226,219.9784055056974,1320.765141530743
100604,-77.3229188486,37.7729241975,-523.972079575582,338.99453399092306,1345.7144400910684
110606,-77.3270561539,44.547633455,-368.352075124782,213.07473526327158,1319.6328667479481
103895,-77.3353337786,40.3441762802,-241.13142512306757,174.6223615712225,1313.972233098784
305043,7.73516290416,52.7728130506,-557.3725502938884,370.39563959100917,1353.965653191368
301347,7.73556505919,48.2316306318,-555.3240420974674,368.4452488933277,1353.4333975582101
301512,7.73576725021,48.402775329,-513.045212205554,328.9288517218541,1343.2141488567459
100598,-77.363877308,38.7359562222,-365.36179462896496,211.22887783948389,1319.3360826670441
110607,-77.3694307604,44.5395847154,-373.11847627780116,216.08404846566378,1320.1221065474233
103144,-77.3726310877,35.7308274965,-594.8943351033965,406.59259814625824,1364.31213476287
100570,-77.3730841997,39.4772813365,-372.0307529103062,215.39018474660443,1320.0087090163727
100573,-77.3773176211,39.3897309333,-468.98088125288996,289.66412654292014,1334.1421837269697
100628,-77.3814305314,36.2106022782,-538.0460809807498,352.1174700230639,1349.0799727552617
110600,-77.3850250197,44.1640198633,-371.95090939562346,215.33941630478623,1320.0004259121968
104025,-77.3930444744,40.8898004534,-354.34575900260944,204.72449271399998,1318.310349694221
103836,-77.3933680684,40.1811156957,-355.0056207930391,205.10050549021747,1318.3687942098134
110549,-77.3933680724,44.1023029362,-350.16132789888616,202.38214346282433,1317.9486303291571
110612,-77.3937659574,44.510436799,-387.5065512628412,225.63665572995546,1321.71931990226
100571,-77.4229166949,39.4186137547,-423.1615304952405,251.88729821479743,1326.4528906809487
100599,-77.4271663872,38.589378598,-470.3817969166617,290.87433348765745,1334.4054623973118
100600,-77.4307825305,38.5686260993,-362.5596792925276,209.5295406524119,1319.0650812601723
100656,-77.4434877136,35.3685553766,-680.3142697666873,491.50732140493204,1391.980426295049
103934,-77.4441595626,40.5678622157,-353.83706784477175,204.43584407951582,1318.2655553940558
110370,-77.4558239546,43.9772190428,-338.2337657502707,196.12309447633658,1317.0020229220866
100597,-77.4652772554,38.8691443642,-423.45240041017223,252.11436727544998,1326.4960287843287
110608,-77.4681587876,44.4783669503,-362.8265897988881,209.6901215827151,1319.0905985880074
100596,-77.4684675446,38.8811991812,-482.96431489370923,301.86604728912164,1336.8444826156306
110609,-77.472771661,44.4977553559,-398.0382785760436,233.03712722221528,1323.0027826342157
100608,-77.4753798322,37.2265735573,-534.3002173135001,348.6083325784114,1348.1683239629222
104028,-77.4766881583,40.9226848711,-302.25523656594214,181.5174977868389,1314.9063321000056
100575,-77.4772187603,39.1187196198,-449.8666536512372,273.45238261800773,1330.7164482914307
100595,-77.4853374,38.7811888109,-461.9779522214249,283.6579635302605,1332.8510421153703
103992,-77.4889482103,40.7140885858,-236.27368856951338,175.13205224507422,1314.0400663288262
100601,-77.4935650967,38.4897552448,-490.5687564580143,308.6090433300173,1338.383204399608
100646,-77.49756592,35.2937905374,-658.9960551716267,470.0581972301276,1384.5521907740178
100635,-77.5057473787,35.6901240292,-529.3530275201549,343.99175830189324,1346.9819560682774
100655,-77.5104319691,35.54353343,-566.0665721586535,378.70512715819,1356.2623763600445
103769,-77.5138641864,40.0360351597,-310.0015436577229,184.0688795006892,1315.2609674868836
103175,-77.5180067067,35.5731753065,-409.83970039762005,241.69608223750916,1324.555418381147
100603,-77.5187522728,38.322924304,-483.02009809901176,301.9152471160451,1336.8555930372725
110368,-77.5190765828,43.9941710942,-364.3123354513645,210.58895365384706,1319.233780493403
103781,-77.5270209565,40.0688242965,-332.94679898597366,193.55801433720322,1316.6224838988794
100633,-77.5312521478,35.893757124,-576.0604652905852,388.3174926085064,1358.9777537765847
102989,-77.5312609668,40.0647478211,-361.16472483931915,208.69475703805372,1318.9327358925727
100615,-77.5397075295,36.6897126339,-612.4391393214188,423.7852294777658,1369.5342204258416
103139,-77.5441536649,36.002125543,-449.1918628630988,272.8909633033069,1330.6011942150442
201840,-77.5482500002,-4.46883814461,-461.48605463544203,283.23887550294023,1332.7619145181422
100592,-77.5525597196,38.6104952538,-397.6429139609756,232.7535319216464,1322.9528588789153
103798,-77.5602376252,40.0980786779,-380.91984799265293,221.1794612464074,1320.9657127537964
103178,-77.5607325843,35.5271444737,-565.7109540321686,378.36425217940376,1356.1672343487635
103944,-77.5640836095,40.6078715501,-330.1379333850025,192.250225787798,1316.4308601325606
103176,-77.5685199809,35.543409774,-563.5739486488216,376.3175852022161,1355.5976486872207
100594,-77.5687806179,38.8892866819,-415.32564075700634,245.84214482282778,1325.3182336197533
103795,-77.5723745202,40.0979183989,-430.0209733338618,257.2908125918101,1327.4895940978402
100515,-77.5725038742,39.9148584777,-371.7164884396733,215.19049012845053,1319.9761388887366
100556,-77.5767787916,39.3308768934,-443.25789082245734,267.9885562365349,1329.6044248074827
104022,-77.5770052546,40.8560952016,-315.9875751818672,186.2737614193869,1315.5713490294706
100558,-77.5770856796,39.2562578252,-351.30323572391796,203.01406976359974,1318.0458158637257
103181,-77.5811176899,35.0393690963,-580.9377715197419,393.0307437180647,1360.332027742297
100654,-77.581252141,35.4270903544,-461.18802027720864,282.9851381973637,1332.708013270152
100555,-77.5849255223,39.3645128912,-426.47305113510305,254.48337378704264,1326.948321423231
100645,-77.5897958427,35.2564673583,-586.9336502193211,398.8438385174764,1362.0229321554204
110566,-77.5932016809,44.2038257026,-472.2450981469084,292.48833508481516,1334.7582126941875
103772,-77.593387902,40.0317350014,-349.0688729597501,201.78277867350567,1317.8567258860483
103977,-77.593634465,40.6644960437,-318.302165627811,187.17914935905404,1315.6998495662579
100455,-77.5977067093,40.6647563048,-283.1757550784134,176.76962337979975,1314.2593198998936
100456,-77.6015688356,40.6604247674,-275.32890880233555,175.4823233343116,1314.086795457858
103174,-77.6016733196,35.6145867919,-621.990027411359,433.20558022420573,1372.4784642868847
201846,-77.6017897307,-0.122558484995,-327.4539551730356,191.03717762376527,1316.254254856693
110611,-77.606192142,44.5630773223,-356.10325843787615,205.72991847907963,1318.4668594816112
100593,-77.6094722053,38.7228328801,-637.6648411798698,448.7508440109309,1377.4641121257634
110610,-77.6102431024,44.5021716513,-356.03259770005593,205.68925232547852,1318.460514659468
101564,-77.6146629787,43.2238969785,-363.41193217460676,210.0432338523417,1319.146777383413
100557,-77.6309172261,39.2189038081,-385.0797341450095,223.9785030579546,1321.4372592090692
100627,-77.6312522071,36.4604239099,-572.58080736555,384.9636101051849,1358.0232108837874
103969,-77.6316751921,40.656077088,-301.84201763218783,181.39121687327278,1314.8889054793417
100516,-77.6479337655,39.9394529528,-387.4851630918522,225.62196239391386,1321.7168116160042
103177,-77.6510997937,35.5355051444,-593.5186579757594,405.2511116269936,1363.9129457809279
103952,-77.6560407861,40.6271842657,-296.39338736427743,179.82129669181674,1314.6732517769656
103950,-77.6689753922,40.6233490973,-248.84422689077718,174.13467741693248,1313.9075104713395
100526,-77.6769068769,39.7109016348,-359.7232990766022,207.84010035663695,1318.7977735461002
100443,-77.690066927,41.3891104967,-137.78304734328745,214.8127503793144,1319.914610086357
103943,-77.6977566676,40.6064231169,-267.24219736072234,174.57619556240513,1313.9660985927062
100527,-77.6978867836,39.6352988766,-458.8292851314487,280.98189261444145,1332.2840853853536
100577,-77.7190401494,39.0937770448,-430.87089931413834,257.96725570679524,1327.620866516789
103173,-77.7260903709,35.5062787899,-615.8537649008608,427.148471357278,1370.5786649356373
100528,-77.7303981113,39.4505906773,-439.19466535351444,264.6687145805192,1328.9392720029005
103939,-77.7308171253,40.5975518372,-446.1800386286702,270.3948637340445,1330.0915165986314
103940,-77.7308261333,40.6060556389,-374.6654733064146,217.07800251574827,1320.2851659282255
103941,-77.7481672208,40.5983319173,-396.8455866482274,232.1829407344752,1322.8525912443922
103942,-77.7481672518,40.6061346139,-398.062508521196,233.05452156739955,1323.0058466299022
103170,-77.7520573271,35.5564950521,-451.9865705719516,275.2212221242284,1331.081057374587
100578,-77.7686108335,39.0442332227,-420.58261316274326,249.8822818765154,1326.0736084357115
100525,-77.7726516038,39.4019022833,-371.6552064238701,215.1515901118124,1319.9697977308178
100523,-77.7732671088,39.5183706759,-456.19359182723076,278.75390809308897,1331.8159788315595
103847,-77.7809564485,40.2189056529,-282.65432497027064,176.67177806727742,1314.2461631518456
100554,-77.7895857472,39.2812578223,-453.88635471343855,276.8128520633414,1331.4110617166043
103930,-77.7897653972,40.5564443728,-257.21637137458754,174.0550359571842,1313.8969578075562
201843,-77.7939687546,-1.04350356919,-408.7149109938621,240.8551770051999,1324.402233645089
103160,-77.7975757889,35.276747238,-607.8101952044383,419.23459827015677,1368.1329279644701
100524,-77.7981096459,39.435196972,-442.21768485445796,267.1357321560632,1329.4327961910863
100576,-77.8097191879,38.9309521553,-344.7402884765568,199.45877510307122,1317.5028892414284
100653,-77.8099717669,35.4895834556,-604.92718002022,416.40552294441784,1367.2686713782732
100518,-77.8270546083,39.7145338521,-409.09304305887065,241.13751795346926,1324.4536091379925
100651,-77.8310964836,35.6023956139,-612.3242723532989,423.67218430623956,1369.4992442307935
100517,-77.8435711207,39.7687625796,-396.07381401618915,231.63234402368195,1322.756063298067
100519,-77.8439775147,39.7018780391,-311.70420607636515,184.67570964489767,1315.3460297301012
103967,-77.8447235658,40.6475754843,-273.9974540963852,175.30356866554396,1314.0629366133
103169,-77.8561103367,35.6978407098,-596.3307176597756,407.99434137664156,1364.7305385273878
100652,-77.8584428859,35.4731390742,-569.1646771886764,381.6782432965264,1357.0955535996045
103860,-77.8643156444,40.2314787439,-278.80921703977504,176.0041499372741,1314.1565816100594
100553,-77.8648948174,39.2187961911,-437.9893520349195,263.68990871507134,1328.7446813259714
103168,-77.8893577614,35.5937373662,-591.5571386942673,403.3400810060072,1363.3463540640826
100650,-77.8899875945,35.6429506663,-612.5751579829871,423.9190987857132,1369.575650524346
110367,-77.9020647445,43.9868198836,-348.132894459921,201.27333840532103,1317.7788194331845
103164,-77.9022572385,35.6938009325,-415.1724998780832,245.72541996036406,1325.2965865075603
100649,-77.9176951088,35.6769232421,-600.4744288176846,412.0440923136172,1365.946702548986
100521,-77.9351161182,39.4242140311,-488.8745811926806,307.10061232578556,1338.0361901999388
103915,-77.9394146956,40.4770472352,-342.48717246121345,198.28187429715015,1317.325230104049
103165,-77.9476998833,35.6354436826,-668.9357407202164,480.04092753171307,1387.9731093574549
103171,-77.9478801963,35.5110580963,-596.2166476526164,407.88298291444977,1364.6972513876783
100648,-77.9481456373,35.6897158311,-640.3280296926274,451.40184103050683,1378.33003387419
103167,-77.9518809096,35.6064223642,-584.9802285304851,396.94772778350904,1361.4688974730143
100514,-77.956249177,39.5563781431,-344.1152472427916,199.13000906958288,1317.4531569304265
110572,-77.956494325,44.3101643054,-487.2888965458692,305.691944476268,1337.7135811195071
103163,-77.968372305,35.7214049057,-600.7792398291491,412.34233672819107,1366.036698940537
103166,-77.9728523984,35.5896880338,-520.2823492351182,335.58301343430577,1344.8591075274555
110553,-77.9773265707,44.3806674112,-354.0177425854446,204.53824292280308,1318.281439227543
305037,7.79807552836,52.7559677812,-506.3760412414705,322.84282435658275,1341.7367660731481
110571,-77.9891927947,44.3686232222,-357.72670318023285,206.66977988388487,1318.6138396479644
305073,7.79958336949,53.1317166453,-557.2189073602523,370.24925404740907,1353.9256147649166
103991,-77.9983401665,40.7059044082,-307.6588373966966,183.26077957203063,1315.1481184730649
100513,-78.0302820161,39.7401011253,-346.1136401228474,200.18723548715639,1317.6133687261542
110596,-78.0353716985,44.3273270138,-375.7580985062253,217.78500119675877,1320.4015930542369
110582,-78.0436071412,44.2829658201,-416.5861559553384,246.8050253944374,1325.4971824767651
100552,-78.0516763309,39.0976729631,-381.47817144874335,221.55190507711643,1321.0281249228549
110595,-78.0561097262,44.3147816038,-422.6440090410532,251.483754658186,1326.3763187914933
100606,-78.0854190787,37.6729241502,-517.4168480427167,332.94232404521335,1344.2026079927546
100647,-78.1144632161,35.6895734051,-714.3252968198678,526.0004854105398,1404.530729762086
103946,-78.1264750681,40.6063660699,-173.80047332201622,194.58805829713947,1316.774305879996
103892,-78.1272318171,40.3220294054,-302.44150833284215,181.57475251883008,1314.9142371068042
100511,-78.1475824798,39.8810864389,-350.58431844335564,202.61557992629548,1317.9844966549354
103158,-78.1515650211,35.2357544626,-553.4310935056625,366.64559767624905,1352.9445866292042
301504,7.8154164928,47.5780649198,-410.3209249654965,242.05681879786962,1324.6212906791282
103162,-78.1559907445,35.7561131946,-688.4930226832291,499.77316346131397,1394.9205264494547
110552,-78.1561568055,44.2423648108,-339.3166576451453,196.6647859751203,1317.0827985500891
110594,-78.1601991249,44.3104328914,-374.9694364815627,217.2742744722923,1320.3174506691016
100520,-78.1604994779,39.169101225,-374.98651295984257,217.2853103568408,1320.3192668028303
103791,-78.1645319692,40.0896126622,-341.79245700513735,197.92360999329637,1317.2713522986344
103925,-78.1683450135,40.5323006488,-271.8637124479973,175.0413301002418,1314.0279781789868
103924,-78.1688574596,40.5270673594,-281.8161137354523,176.5181367967108,1314.225518247183
103916,-78.1726616199,40.4724985799,-333.32726371634055,193.7381257750825,1316.648974318036
103159,-78.1761355062,35.27696256,-568.6029061931724,381.1386799009749,1356.943902123648
110365,-78.1799459765,43.9558764531,-372.3604980667693,215.6000912505595,1320.0429763993081
100512,-78.1809724476,39.7642610993,-348.3711945958437,201.4026833049782,1317.7985813607252
100551,-78.1896636033,38.927372909,-339.179933837217,196.5960920817192,1317.0725430346267
101562,-78.1936999696,42.9939801615,-420.23602626115405,249.6139615115798,1326.023072942322
103161,-78.2018855523,35.7311537956,-647.3937296356528,458.44825530966824,1380.6537810002815
110558,-78.2058713196,44.5564231568,-497.0946568837208,314.4512221683337,1339.742374980001
110366,-78.210147195,43.9900235449,-299.6795316607758,180.74686786437624,1314.8001712947398
103979,-78.210732147,40.6729769784,-270.49764948926037,174.8891587062333,1314.0077161215108
100543,-78.210808078,38.9139243989,-519.8567548279171,335.1903196889835,1344.7611723302757
305076,7.82229771237,53.0939281402,-557.660158516211,370.66970656085624,1354.0406535831212
301395,7.82253311839,48.5849383341,-557.5319290599992,370.5475073531825,1354.0072065537727
305075,7.82306124243,53.0521374627,-547.3173826403691,360.8509287361875,1351.3857528343503
103965,-78.2313950957,40.6478713394,-284.1432762132242,176.9557758510333,1314.2843705990479
110557,-78.2352619391,44.4858492349,-362.2161309631972,209.3232545494353,1319.0323290537888
100632,-78.2379348173,36.2020905005,-467.33770924966814,288.24827559130335,1333.835495319889
110592,-78.2398090954,44.7268968499,-320.92080558501476,188.23820135505665,1315.8509340511491
100454,-78.2605426712,40.2146129635,-208.19950061284075,181.0486791176714,1314.8416955680057
103922,-78.2647693355,40.510356569,-212.09820551069836,179.93375973712946,1314.6886392172992
110364,-78.2649361195,43.9561195101,-345.97561121801766,200.11364498387076,1317.60219000373
110570,-78.2652132595,44.401823695,-524.0199894223174,339.03891329355514,1345.7256202217334
110554,-78.2787997797,44.2063913678,-537.1775910734644,351.3028434156869,1348.8675798557254
110591,-78.2934914579,44.7775632171,-343.5628640320522,198.84091342213833,1317.4094917847087
110354,-78.2937072409,43.9478970714,-304.73637635816925,182.29685084439635,1315.014145179313
100663,-78.2937523099,34.4062567739,-683.7197116696011,494.94666636000204,1393.1985726143898
110556,-78.2982419743,44.3522766209,-523.8362339402815,338.86871031958,1345.682749769629
110574,-78.3060001339,44.2893654767,-523.2304447837414,338.3078170015753,1345.541615572802
100550,-78.3062603429,39.06039089,-319.19959969459757,187.5379726667223,1315.750945804653
100510,-78.3097248172,39.5823134182,-261.2004507514717,174.18183886852034,1313.9137617003307
110360,-78.3102574513,44.0023611829,-322.04697461556293,188.70484725289984,1315.917770824087
110564,-78.319039389,44.3018457577,-343.63441463794425,198.8782831154451,1317.4151326323993
110555,-78.3229503883,44.2728005683,-523.1802004623232,338.261311349655,1345.5299234687732
110357,-78.3270570247,43.9897434249,-340.161881873587,197.0913720103964,1317.1465632627353
110358,-78.3351524423,43.9984308856,-318.439648399077,187.23383898162126,1315.707631145191
110597,-78.3355371254,44.2601254262,-524.8590196109069,339.8164503267612,1345.9217213889426
100548,-78.3361970104,38.9775077402,-439.3414492647744,264.7881037298981,1328.9630544416084
110567,-78.343561726,44.5647034954,-382.76720272062414,222.41564083670752,1321.173257935044
110559,-78.3439853011,44.5563474758,-500.52940290424107,317.5456970305318,1340.4720548733944
110359,-78.3519555657,43.9976119925,-364.9034518529498,210.94888674389364,1319.2912843691429
103154,-78.3523576598,35.519288353,-558.8956074407722,371.84763798420187,1354.3635871021947
100644,-78.3525065248,35.3143442461,-643.2442129122143,454.3077938205989,1379.2844636694906
103831,-78.3813005832,40.1728499681,-326.8405180802624,190.76502307602254,1316.2147827095278
110362,-78.3942295552,44.0598800867,-335.37578056781814,194.71991334101915,1316.7937973902476
301594,7.8396274268,51.689737756,-533.85176527047,348.18899765597087,1348.0599535193396
110593,-78.3965559444,44.2269751165,-354.8116997295257,204.98981714999846,1318.3515788017564
103903,-78.3972387165,40.3521197619,-315.74190556105674,186.1793734651842,1315.5579878126935
110356,-78.4058745832,44.0366929518,-344.7881389042002,199.4840156912793,1317.5067106888728
103911,-78.4105791616,40.3976527067,-317.5535456266572,186.88314078828893,1315.6577702825266
103753,-78.4225189016,40.0056453962,-359.67792253506735,207.81332754199892,1318.793554464827
301393,7.84381710915,48.3400192958,-439.6848950184907,265.06761098340314,1329.0187728494823
100547,-78.4433821113,38.9439757074,-426.7195164657266,254.67753866377558,1326.9855722251593
110355,-78.4474756136,44.0103111946,-356.2461413026512,205.81221119418697,1318.4797027146587
110363,-78.4477481196,44.0190945133,-338.28041318242833,196.146316045123,1317.0054811928337
110577,-78.4600089967,44.1349040489,-329.877158654417,192.1307863049541,1316.4134226146641
203013,-78.4603108617,-0.302004802842,-535.434475549279,349.66969184618904,1348.443159198675
100502,-78.464529805,39.6603709597,-360.6991665976754,208.4178294850759,1318.8889459849017
301394,7.84766900846,48.5380995792,-563.5397842265744,376.28488945086826,1355.5885726218507
100549,-78.4932610544,39.048037863,-202.38548927177595,182.87864722204012,1315.09492425591
100542,-78.5105558128,38.6352243138,-346.54648767709625,200.41855237855373,1317.6485329295554
100509,-78.5184697675,39.3517932101,-332.1858728098584,193.19990800871477,1316.569885972055
110361,-78.5270169692,44.0234692357,-317.27383361197167,186.77331780451232,1315.642174923562
100541,-78.5352787819,38.6441856786,-496.87089505780494,314.25008811180123,1339.695181028942
110575,-78.5389577422,44.3433609471,-321.6146835628233,188.5249303870338,1315.89198248615
110561,-78.5437554496,44.5399764814,-536.5422908986371,350.70733275408145,1348.7126059473815
110353,-78.5809511907,43.906713522,-375.85198409294753,217.84594202931058,1320.4116459091583
100642,-78.5811571577,35.760716469,-631.1942717417089,442.3215327672826,1375.3830006741732
100630,-78.5896403544,36.2771923417,-505.80269676196116,322.3217528001723,1341.6114834489417
100631,-78.5934829847,36.268871357,-393.44062195416944,229.7665779435043,1322.4306184196441
100505,-78.597418611,39.0434179956,-159.90981473115187,201.74175087256012,1317.8504445645647
100453,-78.5983816281,40.2733868844,-185.72050122272753,189.18235120129876,1315.9863305520867
110352,-78.6101265231,43.9144501816,-345.16005178838327,199.68054242138828,1317.5364811706713
103153,-78.6104102571,35.8104959131,-375.1228998966365,217.3734880784307,1320.3337810997937
101058,-78.6143400954,41.5356454458,-209.4218223484594,180.68932350431464,1314.7922618506475
100641,-78.6148232555,35.8145992885,-709.4888581594832,521.0770045431321,1402.6943019979576
110351,-78.6220507221,43.9563321191,-355.1669539976623,205.1927101935212,1318.3831417727006
103134,-78.6228136031,36.4929162226,-537.7205279099247,351.8120359310371,1349.0002849591378
101059,-78.6268405405,41.5394424151,-239.73611009319188,174.75281138855107,1313.9895757889776
100607,-78.6354192332,37.4145907428,-324.2560969656012,189.63953037121868,1316.052131062182
100546,-78.6355428532,38.7440088218,-450.70727787555467,274.1528723084438,1330.8605703036155
101064,-78.6394453405,41.4188824512,-205.3681056592601,181.91512334477557,1314.9612816716087
103732,-78.6444659809,39.9442566671,-286.25817735789565,177.3834153684554,1314.3420164636266
100624,-78.6475150912,36.6396013787,-440.8342217888099,266.00459152641446,1329.2059670747153
100501,-78.6520860266,39.4479244891,-257.68795124538315,174.06450660569664,1313.898212440286
100504,-78.6561288309,38.9890055091,-229.24894399664387,176.1427682269514,1314.1751538484314
110576,-78.6606443353,44.7435753452,-479.3131001797719,298.6545119960189,1336.1229650483053
103152,-78.6606730703,35.8189522678,-348.5575620198052,201.5040110316419,1317.8140713529108
100507,-78.6684535869,39.1352219122,-279.0722609983652,176.04678528888343,1314.1622924146184
101062,-78.6687659679,41.4815346123,-217.1487212464847,178.6265592141604,1314.5103681031142
100619,-78.6689214729,36.8392794412,-519.5487684643081,334.90624808371456,1344.6903938079595
100626,-78.669269104,36.5147562864,-454.58415017247125,277.3989748916432,1331.5330455774763
110348,-78.6727172883,43.9027097577,-373.2215937681338,216.15004293603414,1320.1329104507408
110347,-78.6768278256,43.8976506193,-340.9353209668121,197.4846134807305,1317.2054633790158
100508,-78.6770025376,39.2187468141,-297.23577442717567,180.05235575872877,1314.7048760114044
101060,-78.6771192856,41.6064987887,-208.10120377180561,181.07796445433203,1314.8457283669513
101063,-78.6807991369,41.4975949617,-322.55050071575386,188.91564867062678,1315.9480166429591
100545,-78.681409047,38.7020683554,-319.5325737876276,187.67220371413507,1315.7700848707627
305082,7.86821333816,53.1447482744,-553.5046987849844,366.715527495884,1352.9635391615247
101066,-78.6849779473,41.2942912279,-232.81925770046118,175.58888840155473,1314.1010303336604
203008,-78.6892956036,9.23266514706,-445.278302646238,269.65066419959453,1329.94042757455
103151,-78.6976738363,35.8733795603,-373.9014514084714,216.5860754250917,1320.2043736717198
110661,-78.7070079861,46.3186040846,-480.0567505292779,299.3071982152711,1336.269007010703
101090,-78.7146054277,40.4482773239,-294.38062574412373,179.28668162025707,1314.6002336833424
101089,-78.7146827447,40.389599444,-318.6014457688191,187.29833091797394,1315.716810319969
101076,-78.7148533317,41.1063796743,-304.92714213545645,182.3582627902037,1315.0226599575215
100623,-78.7184835551,36.5855039062,-540.6544766197351,354.5677423425837,1349.7215802171245
103150,-78.7224437904,35.8348724741,-391.8600323056103,228.65629655888557,1322.2381639288435
101067,-78.7263967337,41.2690601578,-213.21518770376272,179.6312280932287,1314.6472676350018
110619,-78.7266771347,46.3818526878,-412.52816144493204,243.7187545244182,1324.9259947260557
101061,-78.7268102387,41.598023628,-193.22737538729444,186.15418065841203,1315.5544227322941
110585,-78.730279437,44.3276788698,-391.56422831117845,228.44932565237968,1322.2023879062242
103155,-78.7352802834,35.6939464645,-365.6582699287028,211.41040692287032,1319.3651580776218
110562,-78.7356370435,44.5357650361,-528.4794587428664,343.17874913236915,1346.7745594753237
101065,-78.7393452048,41.4229583135,-207.56840728784027,181.23769761350178,1314.8677360214365
110565,-78.7481855025,44.3960405925,-402.1674345970587,236.024721433705,1323.5322925118799
110349,-78.7482272105,43.9726255575,-274.14802202626095,175.3232015586959,1314.0655558984436
100643,-78.7522247338,35.7224864468,-501.49241624725175,318.4156572575457,1340.6784069942537
100622,-78.7555792321,36.6691109202,-556.4240190448888,369.4921751388735,1353.7187771774277
103157,-78.7689885012,35.664349312,-571.397569107955,383.8248375765261,1357.7008382315087
100488,-78.7729194086,39.6229245196,-281.7551217099923,176.50713294894703,1314.2240403278856
100629,-78.7729837036,36.3436762922,-546.4378629114076,360.0195846611943,1351.1640024562205
103149,-78.7854626306,35.8308208298,-356.7504726343725,206.10333834953263,1318.5251784750706
110568,-78.7859531006,44.5736687852,-510.500227406168,326.6010577416654,1342.6460110959513
110346,-78.7928636452,43.9144729126,-291.5334436558646,178.572844100848,1314.5030699257268
110563,-78.7975412436,44.6581591712,-498.82322158890565,316.00689356382844,1340.108360161131
100500,-78.7984572567,39.301943229,-311.90449535594274,184.74816364274437,1315.3562042896447
100487,-78.8101142426,39.6564214153,-203.18227348783617,182.61619090718045,1315.0584524557614
110581,-78.8187210203,44.2897491297,-425.97384344121394,254.09049779910163,1326.8730313280505
110345,-78.8229357997,43.8809351779,-382.3836334407812,222.15806445757465,1321.1299201052977
110590,-78.8278178621,44.1312078986,-306.1156814212057,182.74564217547794,1315.0764350135785
100540,-78.8352432377,38.2187964494,-473.52195852569406,293.59719046296516,1335.001636868525
100621,-78.839041594,36.7439432654,-588.3146853203737,400.1856380896464,1362.416458035909
101080,-78.839231521,40.9855921723,-336.6942151523289,195.36242328735642,1316.888961388394
100486,-78.8407816322,39.5645549627,-295.25304517764437,179.51537451524882,1314.6314426033043
110344,-78.8438020044,44.0189316113,-294.0846200638737,179.21014568035412,1314.5897978109629
110342,-78.8643222481,43.8897234666,-394.5768207477987,230.56919386327576,1322.570305636965
100538,-78.8645185031,38.2603589768,-501.68449043160126,318.5892933953243,1340.7196567739381
100537,-78.8727275458,38.2189506274,-384.6482995812398,223.68564465335817,1321.3876523631825
100539,-78.8769986492,38.1316295872,-459.4732269788567,281.5279144512845,1332.3993495980042
110343,-78.8809439345,43.9728789115,-322.1696889181844,188.75609912562723,1315.9251214073763
110341,-78.8850378858,43.9480293834,-373.51493010658714,216.33797918803387,1320.1636949382664
100533,-78.8851375578,38.431243641,-445.9031351889067,270.1661813377189,1330.0450465050046
100640,-78.8888914691,36.2402849317,-440.7488151195212,265.9348788462396,1329.1920177238721
100544,-78.8890163472,38.6393955672,-335.5528946196074,194.80574470505314,1316.8064923761522
101077,-78.9017023252,41.078682153,-351.2172877792232,202.96631457340098,1318.0384611404186
110340,-78.9019996262,43.9436273171,-351.00916460588587,202.85080443907384,1318.0206785386463
110663,-78.9054297305,46.2852909368,-465.53099964162436,286.69610513579397,1333.5009249692814
103148,-78.9062668486,36.2398687706,-659.3930623492772,470.4562940500825,1384.6873960592088
100534,-78.9144975473,38.3394340404,-425.969443213062,254.08703720324147,1326.8723686431247
101088,-78.9187528316,40.2854246434,-289.4916024893762,178.0918128862058,1314.4378091073727
100489,-78.9193390307,39.3395642481,-305.384314919052,182.5062987354943,1315.0431967323448
101561,-78.9312529927,42.4604250533,-295.7169523406805,179.63887321005666,1314.648312272934
100618,-78.935280418,37.0816739963,-605.6768823936557,417.1408112581046,1367.492784847863
101087,-78.9394655623,40.2858210584,-291.192831392486,178.49079924155052,1314.4919267944485
100499,-78.9436236837,39.1398309706,-377.89978712453933,219.1826053830673,1320.6328311443738
101092,-78.9446455378,40.6729807024,-345.85068783615793,200.0471140439896,1317.5920871162
110589,-78.947536073,44.2019230754,-346.98671796421246,200.65465696820465,1317.6844658555106
101086,-78.9520344264,40.0936398185,-349.33509468856914,201.9283680331951,1317.8790255597983
301605,7.89537317641,51.9687894741,-562.7772319716663,375.55531958513035,1355.3862395135138
100498,-78.9562527597,39.0104243909,-321.67459954589305,188.549808366651,1315.895546929541
110337,-78.9604124731,43.9356497804,-320.8888657696535,188.2250641955836,1315.8490547875642
100532,-78.9608657861,38.4854968284,-346.9122656657309,200.61466711011573,1317.6783768634884
110336,-78.9644257644,43.8560194298,-371.51593999949955,215.06323737945726,1319.9553993472762
101039,-78.9980668952,41.6355881161,-233.33721059483537,175.51541883729496,1314.0912154198145
110335,-78.9988574822,43.8483275232,-353.80778237684194,204.41925899919553,1318.2629834914105
101124,-79.0061520929,39.8147105624,-295.9028049659554,179.68871749966723,1314.6551241259322
100530,-79.0146607676,38.3855095212,-336.6091785877053,195.32073355377256,1316.8827773001963
305074,7.90301582204,53.0688125911,-537.6608001390103,351.7560086164953,1348.9856744204894
103192,-79.0311841589,35.9270372288,-448.1921105477982,272.06063402880085,1330.4311514625804
101125,-79.0393232426,39.8356269752,-300.63313793087184,181.0275840151347,1314.8387910189795
100657,-79.0396109076,35.9268397307,-517.0343851962247,332.59045695118886,1344.1154981060574
110333,-79.0398417446,43.8391985194,-380.1330757058603,220.65635157762512,1320.8782251537966
101123,-79.0472226223,39.7273427312,-298.1248800614058,180.30088202014994,1314.7389353978754
100535,-79.0598693383,38.1517226688,-321.1246414612606,188.32216812475085,1315.862948487076
100531,-79.0600589343,38.5103363365,-180.16482360739235,191.61334122545577,1316.3380009440878
103193,-79.0603798773,35.8896585687,-528.6415477536863,343.329551224693,1346.812994048559
103147,-79.0645500627,36.0894297572,-412.19836753872346,243.46967610279313,1324.8801996314587
101563,-79.0689973181,43.2643234669,-501.3346563193727,318.2730715572116,1340.6445495627677
100536,-79.0856348984,38.0939628721,-338.7948772626932,196.40309560345472,1317.0437487633105
103146,-79.0894388047,36.0647605302,-368.9990972250215,213.478454343447,1319.6981134573018
100620,-79.0937974341,36.6440209351,-550.1438149064574,363.52645633075514,1352.1026383549035
101126,-79.0980863845,39.9736969876,-392.4664091965096,229.08137857527046,1322.311740174699
301487,7.91018499164,47.5854800074,-355.3433155071846,205.29362544653137,1318.398851957508
100485,-79.1022582288,39.5731728204,-195.31038757770108,185.3679373020941,1315.443397631965
101081,-79.1103381165,40.8397782942,-351.9524957953247,203.37582258244467,1318.1015838716608
100658,-79.1147709128,35.9228071704,-421.5557779984573,250.63713524997402,1326.2160584762228
101068,-79.1184280351,41.4565845163,-277.0294295215849,175.72745508222295,1314.119552652486
103191,-79.1226984845,35.77278906,-390.48877204590036,227.6990278241773,1322.0729584504668
100496,-79.1266283638,39.0687271367,-320.1055694340926,187.90457892448094,1315.803249340372
110278,-79.1268594168,43.2518652458,-366.18121258915164,211.73139944876468,1319.4166308283473
110334,-79.1269975529,43.9606514255,-314.45653882199554,185.69091821599014,1315.4889498972586
201905,-79.1395779359,-0.239463578668,-436.84671107318496,262.76457864184886,1328.5613587571795
110662,-79.1433451582,46.2689232695,-441.96461423491894,266.9285516508037,1329.391180909626
301513,7.91472275701,48.6822539281,-498.28226852147543,315.5196858214463,1339.9935568258375
110331,-79.1597841566,43.8108671341,-379.06626457320044,219.95029947671344,1320.7604606565833
110221,-79.1599609596,44.4311458684,-417.9559338259311,247.85559619312176,1325.6931985788199
101122,-79.164514509,39.6856157667,-292.7441287056922,178.87027944945632,1314.543509003875
103190,-79.1686116343,35.772868861,-401.69446606434815,235.68015791594303,1323.470890132903
100495,-79.1723718886,38.9939481805,-241.3082669199915,174.60674899346628,1313.9701583323579
100497,-79.177021364,38.9227751706,-338.2240650355056,196.11826663957686,1317.0013039870562
110220,-79.2022702401,44.3151433488,-433.4932366526981,260.063640832991,1328.029802932602
101127,-79.2060742494,39.9021311207,-320.00842983015065,187.86506139799909,1315.7976065823984
101069,-79.2106316328,41.3356213943,-221.82450593338274,177.55702923822113,1314.36545862473
110212,-79.2143672951,44.3314848051,-428.6579210266625,256.2091095424266,1327.2803652606399
101070,-79.2264567371,41.3148287555,-304.0906854190254,182.0905620249954,1314.9855637886194
101085,-79.2354196268,40.7187580472,-248.3518555914565,174.15395993114439,1313.910066158865
100529,-79.2400508982,38.3313783167,-177.4712851560656,192.84804476607604,1316.5182978462522
101093,-79.2479559839,40.1935180808,-345.7164611027872,199.97570504098024,1317.5812471345102
110282,-79.2518712152,43.1311619818,-326.70048575098934,190.70316485157397,1316.2058187374423
101078,-79.2561200025,41.0393744898,-350.34252558091254,202.48204822017414,1317.9639752456555
110281,-79.2603218849,43.1601275132,-383.5357459330508,222.93315501365373,1321.2604784062212
101091,-79.2605463689,40.3982613327,-409.37145747135133,241.34563250729911,1324.4915154595149
100494,-79.2680255635,38.9895476952,-190.9712973250942,187.03251164123552,1315.678996033882
101128,-79.2813933786,39.9611329365,-311.7371573946052,184.68761423910328,1315.3477011981379
100484,-79.3068917757,39.301896657,-233.3317207637535,175.51618837202327,1314.0913182022541
305072,7.93080170434,52.9378902122,-528.8887171866504,343.5595533306521,1346.8716445447396
101119,-79.3150415794,39.5389865526,-256.88035135188744,174.04919567068805,1313.8961841437504
101129,-79.322533498,39.8189781168,-212.5427909919708,179.8124374766601,1314.672040040858
101040,-79.3228143011,41.5148486961,-208.86863433745657,180.8508537885548,1314.8144703759324
101082,-79.3229860571,40.8563296496,-329.16046588360274,191.80427274603613,1316.3658075312997
110332,-79.3230735911,43.8975458792,-342.10470499985195,198.084365043136,1317.2955157702604
110210,-79.3267318324,44.1687078447,-357.48024585571085,206.5264164130881,1318.5913775200893
101041,-79.3270205514,41.4394567529,-237.42496386198877,174.99718676370912,1314.0220985847639
101037,-79.3354006461,41.6437772978,-210.11917171629204,180.48830688799342,1314.7646516077275
110664,-79.3393530744,46.335485788,-328.23363093492986,191.38583233612655,1316.3049027534946
101036,-79.3517587484,41.585589664,-199.65924040398937,183.80426566362846,1315.2239612590856
110330,-79.3603252832,43.689516616,-313.6848819918971,185.40204825665228,1315.4482048684608
110218,-79.3604290142,44.3047457119,-425.73365727026396,253.90166234895386,1326.8368830935688
100491,-79.3645431705,38.5397646159,-171.27841069623977,195.8210552059708,1316.9570782132096
110230,-79.3647413775,46.1974608295,-475.4436041855048,295.27026911840426,1335.370582280121
110287,-79.3728825232,43.1521152376,-345.6256664574476,199.92744709963728,1317.5739236557747
103186,-79.3771902606,36.0563034665,-610.7856027645018,422.1585103066669,1369.0317264469215
110229,-79.3775600986,45.8479846796,-521.8682030554983,337.04775690878125,1345.2253531030165
101079,-79.3855061622,41.018311562,-341.83506711410325,197.94552089292773,1317.2746446491205
101121,-79.3933799509,39.6601520926,-179.53180286584322,191.90026921548218,1316.3797983556528
101120,-79.4059366209,39.5105649203,-332.6434132502843,193.41489664603998,1316.6014516316213
101117,-79.4061590079,39.4053826186,-386.353308558883,224.84640805002672,1321.5846425435238
101035,-79.4090087002,41.6812114589,-234.29463119944091,175.38422326453787,1314.0736988327558
103189,-79.4102805063,36.0361182028,-505.50197212293926,322.04858418763956,1341.54588097879
110215,-79.4226568983,44.2223777531,-337.1422438239657,195.58263686744618,1316.9216484050664
101118,-79.4227757173,39.5063074889,-255.14493733104678,174.03106286601806,1313.8937822503653
103548,-79.4391774917,39.1479355213,-248.85627756896682,174.13422578962727,1313.9074506163845
110207,-79.4517908897,44.0815150415,-436.91527786144036,262.8200338427024,1328.5723278704002
101116,-79.4522663148,39.3684403335,-389.23786308493726,226.83067578031145,1321.9236799712937
101094,-79.4557963311,40.3603007716,-326.72843289188523,190.71550232475346,1316.2076063527659
110228,-79.4603806604,46.3016733612,-403.5050360593844,237.00242186709363,1323.7069948310925
101115,-79.4643644298,39.3644143022,-331.2624684974666,192.76914293145003,1316.5067423528144
110217,-79.4647921038,44.4978423739,-334.4657880381085,194.28128950061287,1316.72900767163
110208,-79.4728580255,44.0222089076,-311.51998613512154,184.60926708769244,1315.3367027831882
101042,-79.4729397465,41.4645167109,-213.40328343237255,179.5810290209512,1314.6404094573231
100493,-79.4733304445,38.8602140825,-140.17708159983226,213.30816695064692,1319.6705779404722
305071,7.94800370277,52.8701996996,-537.4161013327446,351.5265004273285,1348.9258469970018
110324,-79.4892472668,43.6264106868,-343.08933920450016,198.59417910055876,1317.3722739478465
110219,-79.4899560369,44.0948402946,-391.28980520193613,228.25754626736358,1322.1692658740378
110327,-79.4931455521,43.6483340536,-354.597672264094,204.8678311024734,1318.3326167604769
103579,-79.4933915302,39.3814900306,-307.9177862549491,183.3485628838362,1315.1603536091948
110227,-79.5063355362,46.3274791003,-431.8343326466064,258.73583242572386,1327.7704211101131
103570,-79.5100586885,39.3313596764,-227.4754827991151,176.44853742068625,1314.2161719259861
101130,-79.5102083596,39.8353612721,-349.7092481836936,202.1334955631414,1317.9104712469923
101083,-79.5143513389,40.8648322453,-309.68126971761234,183.95656161591236,1315.245253462427
301392,7.95190479509,48.4478882037,-451.0981126764311,274.4789664572749,1330.9277828722893
305023,7.95257030114,52.3263908557,-508.13933239112146,324.4475058955783,1342.1237812794154
100492,-79.5306481322,38.6147552351,-192.90415514282856,186.27831649491324,1315.5719939973158
100490,-79.5389843779,38.443589682,-270.9198201288165,174.9348732362326,1314.0138013232856
101044,-79.5432249603,41.7107698363,-280.94235971892545,176.36277900170344,1314.2046606259994
100667,-79.5477542437,34.2060681054,-592.0399303532693,403.8102549898107,1363.4855269597952
110206,-79.552060827,44.1138277111,-365.247630266232,211.159063769424,1319.3249070664415
101071,-79.5600503157,41.1772922782,-353.3243408780331,204.1459867891328,1318.2206355978515
305029,7.95601185743,52.5613873741,-549.68151703055,363.0884359377746,1351.9849379729178
110322,-79.5602745867,43.6068778832,-378.8623569540307,219.81577493590405,1320.7380645323155
101043,-79.563941317,41.5347913227,-311.49325048969945,184.5996401602288,1315.3353516655668
101084,-79.5687731754,40.7564064193,-298.1856198190284,180.31803411554768,1314.7412877145032
101095,-79.5688634844,40.5689428948,-327.10505583342416,190.8821525397263,1316.2317639200528
110204,-79.5768535211,44.7684355133,-404.5027629907458,237.73478710747372,1323.838316863102
101045,-79.5812825024,41.7229337923,-243.32818312481402,174.4431386609107,1313.9484270015182
101096,-79.5889140431,40.6024169556,-326.4638604734916,190.59886419548468,1316.1907108115083
103554,-79.5942386965,39.1852487263,-168.0709259715405,197.43224825455096,1317.1976134372323
103188,-79.5978359408,36.0686275225,-403.7400512750759,237.17469431745104,1323.7378501117473
103187,-79.6024956202,36.0647893492,-400.35403924725176,234.7069248333876,1323.297925925466
103632,-79.6031055582,39.6439783973,-254.68130479391098,174.02963095617292,1313.8935925883177
301461,7.96064477181,48.7104510175,-566.8998358013133,379.5041669247678,1356.485706856934
110630,-79.6092218968,47.4070193426,-384.88581092483184,223.84679523903858,1321.414941618522
101104,-79.6101409188,39.7688186306,-261.19208633489075,174.1814615319738,1313.9137116779432
101046,-79.6104901419,41.6311097667,-286.504008674563,177.43496165468326,1314.3489741355959
305083,7.96119928086,53.1194433263,-505.533818849259,322.0775082132691,1341.5528247112607
101075,-79.6181840675,40.9927904679,-289.5135693004217,178.09684976658875,1314.4384915585351
101072,-79.6185347305,41.1686435155,-351.4119677933189,203.07452911034528,1318.0551295629796
110510,-79.6185510015,42.9022216029,-394.0512951696404,230.19749596224304,1322.5055566390567
110318,-79.6343997858,43.5480793163,-355.25545247512997,205.24333375600537,1318.391021755372
110203,-79.6392746922,44.6521279987,-329.50222056281075,191.95965103970127,1316.3884562776973
110665,-79.6397612453,47.4228072349,-450.5840657811046,274.05012412628577,1330.839408316243
110202,-79.6475018779,44.7060326201,-365.38763871258067,211.24468885195176,1319.3386141404535
110213,-79.6512986142,44.3722610855,-321.8133686172217,188.6074998397029,1315.9038145661248
101134,-79.6640362443,40.3312400822,-348.1550662925828,201.28536250414828,1317.7806560093077
101105,-79.6644644813,39.7652404433,-267.1258709811418,174.56631100006547,1313.9647853462689
110297,-79.6688846537,43.4439303317,-386.22832426380995,224.7610110285211,1321.5701162906407
110323,-79.6765746063,43.677335072,-365.9425007546884,211.58474702376935,1319.3931049414375
110214,-79.6772493614,44.0146750379,-358.5080936050873,207.12591508070238,1318.685407855836
110328,-79.6776936284,43.7566860896,-380.2325464852611,220.72237580485745,1320.8892562871558
101047,-79.6933821117,41.4810998483,-278.07611323765815,175.88768927846468,1314.1409891764324
103550,-79.6980151371,39.168714474,-169.54530239939672,196.68570641486752,1317.0859225205506
101074,-79.7025395895,41.0852835706,-243.4367790639946,174.4351101199243,1313.947361136071
110209,-79.7186633388,44.8020880651,-572.7734933691522,385.1491372194224,1358.075814560719
103547,-79.7187643128,39.1480975813,-150.43164612895478,207.10474417997497,1318.682082708242
110325,-79.7187891348,43.8896022496,-352.4638596268537,203.6619880125236,1318.145767946439
101057,-79.7188246688,41.2272183243,-286.70900877821276,177.47823828955123,1314.3548171099983
110293,-79.7188506598,43.3938257456,-370.49473429258984,214.41747636007685,1319.850337865062
101073,-79.7230969582,41.0523954378,-234.89596804284906,175.30488648120408,1314.0631124181527
305081,7.97241016279,53.1105693425,-523.1691060262325,338.25104275841386,1345.5273420191243
110201,-79.7309603878,44.7309476262,-359.8765970568481,207.93060820835697,1318.8120404454123
101103,-79.7479197082,39.5895911408,-189.04882007833345,187.80264294244697,1315.7886961400993
100668,-79.7520860666,34.0479233153,-582.4465645693068,394.4916098324652,1360.7548237732265
110299,-79.7726456853,43.4979052332,-358.60718567667453,207.1839334543599,1318.694522046526
101097,-79.7729197843,40.5645913295,-316.632050611071,186.52293794733535,1315.6066534395457
110189,-79.7767598656,44.1230100519,-364.14353842396747,210.4864145055408,1319.2174160786738
100662,-79.7773239287,35.6604292157,-369.9441201256504,214.07084142624694,1319.7940692937045
110199,-79.781423849,44.7232562386,-382.5786921965143,222.28899223456318,1321.1519429129085
110429,-79.7850657943,43.2318414052,-346.0331518142822,200.14431272555174,1317.6068480811255
100661,-79.7889639366,35.760174811,-356.03577361974027,205.69107967323916,1318.460799739999
110200,-79.7894596437,44.6854253244,-382.57204020787384,222.28452525749253,1321.1511913338468
101054,-79.7977089943,41.5523164942,-335.5642041597888,194.81123051684094,1316.8073039474607
110300,-79.7978339864,43.4775395915,-346.552545949062,200.42179579725996,1317.6490262678044
110326,-79.805805558,43.9266106356,-337.807292578509,195.91126411357402,1316.9704945823476
101131,-79.8062531051,40.2395912656,-237.27431901285817,175.01433814706442,1314.0243828601315
103605,-79.8103638084,39.5146744106,-344.15959509264286,199.1532781985495,1317.4566742064512
110186,-79.818257425,44.2485774193,-395.90570146872994,231.5126333473163,1322.7351056025175
110428,-79.8190387401,43.2020785457,-340.11492759752196,197.06758753890708,1317.1430044806448
101133,-79.8272195108,40.4062686584,-334.8953636641313,194.4878535985849,1316.7595017281171
110180,-79.829489778,44.1630692912,-350.008216897782,202.29783345117002,1317.9356864479132
110291,-79.8309684291,43.4271953893,-339.3594237691286,196.6862906892531,1317.0860097727073
110329,-79.8357449115,43.9232741024,-371.0000586284191,214.73655452763876,1319.9022115461041
101099,-79.8433860031,40.5111872361,-340.4397168782574,197.23231586908506,1317.1676607846766
110196,-79.8437028182,44.7310855002,-366.8026664290463,212.1141815839782,1319.478111308761
100670,-79.8441020512,33.6607725333,-593.9195277124632,405.6419151371534,1364.0291138791843
110294,-79.8481684735,43.43545454,-335.44837198677175,194.7550737991811,1316.7989971762656
110192,-79.8558812532,44.3396966348,-317.9517502219669,187.0402168691212,1315.6800914053317
110194,-79.8561142162,44.4608499059,-372.9786128862114,215.99459630790892,1320.107467529864
110301,-79.8562824422,43.556244594,-355.1272438736859,205.17000530600032,1318.3796081823923
110198,-79.8602724495,44.5771353615,-382.22776837918235,222.05353236090087,1321.112346255173
101135,-79.8604197985,40.389591292,-370.22641902281487,214.24842464769884,1319.8228849576428
101098,-79.8604198125,40.5770913285,-265.7527485854312,174.4564200593271,1313.9501903397293
103572,-79.8682313062,39.3353341038,-261.8865638126196,174.21438136574938,1313.9180761632535
110433,-79.8685703482,43.302271708,-311.09286135141286,184.45594867406265,1315.3151930982713
110304,-79.8686032522,43.6477545356,-404.8228387793043,237.97028854627365,1323.8806284649272
100666,-79.8687528112,34.9437568404,-537.1344708866775,351.2624134815097,1348.857050735455
101055,-79.8770969599,41.5027431231,-346.37542537905745,200.32703713947268,1317.6346162737887
110315,-79.8843631825,43.6396648509,-404.7730514346574,237.93363898682412,1323.8740411215133
110182,-79.8864779347,44.3185563151,-409.77388904436,241.64679352154627,1324.5464253898915
110525,-79.8931765462,43.0273416802,-392.9770485344751,229.44018402809724,1322.3739479590263
110197,-79.901877591,44.6520645967,-392.53370948944973,229.12862403884003,1322.3199259437279
110541,-79.914862457,43.0236588349,-370.60552375442046,214.48735433093591,1319.8616917547758
101056,-79.9228376017,41.368666714,-267.9612816362476,174.6392894627091,1313.974482864083
100659,-79.926669549,35.9980626216,-413.87993990565,244.74245314388335,1325.1146850611763
110309,-79.926966141,43.6722412106,-381.326672631275,221.45074374290482,1321.0111627454858
110320,-79.9276525281,43.809829849,-343.25781311676917,198.68184836257402,1317.3854929604558
100660,-79.9310137424,35.9435408861,-506.7556448239204,323.18800851689565,1341.8198646029248
110191,-79.9434298554,44.3604974335,-318.23308463118633,187.1517078360987,1315.6959458552205
110528,-79.9481842898,43.0351268069,-411.77295276275777,243.1487724216193,1324.8212655766192
110527,-79.9487026488,43.0231081799,-379.56309539119866,220.27865178298802,1320.8151818574868
101052,-79.9516443201,41.4354038455,-263.70691290998525,174.3159395457527,1313.9315457715493
110298,-79.9521997591,43.5011607934,-349.12831671483985,201.8152604606627,1317.8616997047525
101051,-79.9562532385,41.4395914879,-296.0750530428828,179.7351007228127,1314.661464646216
110195,-79.9602456008,44.7609863407,-340.4227404485382,197.22369364784677,1317.1663697232761
110430,-79.9642329931,43.2652016259,-312.87065748037907,185.10081802122718,1315.4057826488456
101114,-79.9644980051,40.2105677342,-330.8065876528243,192.55802292791842,1316.4758457289688
101107,-79.9725965438,39.760747745,-297.47659263159676,180.11919915128445,1314.7140320605065
110185,-79.9727186478,44.0230047106,-313.5006054756236,185.33355137222495,1315.4385525208447
101101,-79.9731154259,40.4935199166,-308.8589814605318,183.67085596113094,1315.2053237131415
103507,-79.9805648715,38.7352015681,-241.9078289271207,174.5553594162301,1313.9633304224376
101108,-79.9934806995,39.8810920219,-356.68628076133996,206.06622632410736,1318.5193778725259
110536,-79.9971700958,43.0186854835,-363.14747221042023,209.88353439575982,1319.1213584065536
110183,-80.0007915841,44.30610257,-409.0399863276327,241.09788020186622,1324.4463930381357
101113,-80.0050551405,40.1317463567,-317.2175345034188,186.75126435478444,1315.6390443172493
110184,-80.0059440346,44.4731080569,-406.8702757165829,239.48303878915047,1324.1533846430254
305019,8.00138518318,52.306195563,-455.06322225253587,277.8018443295582,1331.61703387528
101100,-80.0145039143,40.5938166959,-345.4799619927381,199.8500803211417,1317.562186311622
110666,-80.0180310986,47.9946821642,-524.8007891099035,339.7624670911495,1345.9080927900534
101106,-80.0186607236,39.7645155803,-273.158732154069,175.1969244467299,1314.0487139103661
110310,-80.035572116,43.78539037,-360.3692627192368,208.22210429127398,1318.8580306118552
103491,-80.0389768993,38.5517226639,-145.2092922972353,210.21402442635804,1319.173982558563
110190,-80.0479906981,44.4646712832,-360.3902132584669,208.2345211790367,1318.8599910546066
101050,-80.0481154781,41.6906197016,-366.95646922209227,212.2091365571055,1319.4933792301522
110313,-80.0482160711,43.8562147268,-369.0047385290103,213.48198100848725,1319.6986839461508
110431,-80.0519475594,43.2858744096,-375.5146948393098,217.62714894083314,1320.3755663257368
110317,-80.0525298264,43.9018394846,-364.3400264852388,210.60578541187252,1319.2364674473058
110667,-80.0559914707,48.1062759775,-505.7617529020522,322.2845551023383,1341.6025471992093
110316,-80.0608353141,43.8894220166,-364.4614492376745,210.67962537936143,1319.2482574344688
305036,8.00613238958,52.7117106995,-528.0510258211165,342.78026025945445,1346.6730735473382
110306,-80.0632569543,43.906187332,-364.41848982088555,210.65349440782336,1319.2440846561037
305002,8.00635578259,52.0487430087,-494.05782112782435,311.72637735174635,1339.1054456355323
305021,8.0064290946,52.2397685215,-450.755398621342,274.1930078905559,1330.868838680193
110319,-80.0685440438,43.8605232072,-371.1316552258576,214.81979838936613,1319.9157571504109
110497,-80.0765092414,42.8100016633,-366.5558887518184,211.96200844892618,1319.453657094328
110432,-80.0765220204,43.3518984231,-375.5889280912312,217.67526924777763,1320.3834984715565
110540,-80.0770784555,43.1064600678,-371.8107126727705,215.25032683275717,1319.985895150211
103614,-80.0772214515,39.5685675611,-334.74376932121737,194.4148573142631,1316.7487220189053
101110,-80.0892022195,40.0310075883,-329.2926615622513,191.864306142184,1316.374556182744
103600,-80.0935873818,39.4939299079,-262.401456240118,174.2408662675601,1313.9215880986064
101049,-80.1057071618,41.7597755844,-361.6496620479736,208.9841063848804,1318.978550589577
110503,-80.1102685222,43.5767448487,-379.6040952064408,220.30578474580864,1320.819707222133
103657,-80.1180052408,39.7064494505,-311.3852989277738,184.56080992279087,1315.3299026302304
101112,-80.1267386586,39.9437411681,-363.85457039686383,210.31112540881995,1319.1894593516956
103533,-80.1428620949,39.0056628725,-298.3355381925425,180.36046408011853,1314.7471076967959
103615,-80.1521040667,39.5730835244,-265.3787836408943,174.42866162342625,1313.9465050715096
101102,-80.1525837637,38.963997049,-240.51207889993032,174.67867437785125,1313.9797180612409
100686,-80.156383815,33.4560615733,-613.719363204533,425.0455618328918,1369.9247387457945
103611,-80.1645625197,39.5516902587,-349.16767256668663,201.8367739826497,1317.8649944230317
110526,-80.168729149,43.1519302866,-372.8473055689563,215.91067868021372,1320.0937396117158
110179,-80.168789188,44.4856643679,-339.4764914119885,196.74520089760946,1317.0948083832595
100665,-80.1734745714,35.1476965163,-548.7295255272486,362.1869349642795,1351.743110229423
110532,-80.1824002122,43.5479321663,-411.64114606163616,243.0494365581138,1324.803037739992
301596,8.01837224359,51.6647517239,-555.4493630005671,368.5644827561544,1353.4658614620487
103582,-80.1940163281,39.3937348706,-301.8940740221206,181.40706992521294,1314.8910925292425
103575,-80.1982718195,39.3693373296,-305.546370169265,182.55906481711077,1315.0505208321058
103468,-80.2017088628,38.3187993597,-220.0920519066236,177.93736422108037,1314.4168919257847
101109,-80.2059299151,40.0234068447,-319.49747012899337,187.65802452946198,1315.7680625262929
103194,-80.2141712378,36.1186067396,-343.54896616629384,198.83365746223498,1317.4083966385306
110543,-80.2276285579,43.4142694653,-385.31104983022607,224.13576133754705,1321.4639229673492
101111,-80.2309553852,39.8773179886,-313.14129123939324,185.20053322958086,1315.419818043812
103470,-80.2314376472,38.3397037804,-206.86538433365465,181.45103896728602,1314.8971593764288
305026,8.023398611,52.5062022815,-497.44173241613896,314.7633122920534,1339.815660066324
110504,-80.2396632939,43.1019754034,-380.503561662447,220.90242813498486,1320.9193552029685
110516,-80.2434112872,43.2310141901,-354.02681009801626,204.54338555645265,1318.2822371437728
110505,-80.2439991863,43.1145549735,-373.5027080467738,216.33014270296619,1320.162410779742
110509,-80.25234381,43.5356593063,-395.62551430228564,231.31329449790047,1322.7002307421615
103653,-80.2560907563,39.7022119191,-276.0927405988816,175.590099182968,1314.101192117631
110529,-80.2685570103,43.6394883969,-362.7397396852137,209.63784013700632,1319.0822886428289
110519,-80.2724292686,43.8617078423,-368.7104557385682,213.2981640853577,1319.668961139906
110538,-80.2733066967,43.5899756898,-371.9115380551428,215.31439035787457,1319.9963435135257
110511,-80.2821536134,43.4842619,-380.73452189463666,221.05605923266936,1320.9450562068703
110495,-80.28893206,42.8233886564,-362.2432424327801,209.33951734432904,1319.0349099685918
103523,-80.2978641547,38.8853855255,-348.44071078640144,201.44046163745023,1317.804355653222
110514,-80.301522274,43.8938093749,-368.74122068230434,213.3173659693284,1319.6720648774783
103651,-80.3021134181,39.7020901871,-338.8690333048578,196.44021016480994,1317.0492839539031
100669,-80.3063576264,34.1480280426,-600.1997482198835,411.7753693477618,1365.8656650620442
101136,-80.3148116151,40.764498785,-332.31884032535777,193.2622812167994,1316.5790403675032
110512,-80.3439900285,43.7268176801,-353.9287144473604,204.48776868416405,1318.273608829109
110499,-80.3441811396,43.2810488842,-315.4332555029822,186.0612557842797,1315.54127685068
410208,-8.03513387768,12.5979689305,-604.2170258856241,415.70927580095224,1367.0567882062714
305020,8.03549084101,52.2147895124,-451.2710712429265,274.6233581886695,1330.957568465921
110523,-80.3604375949,43.9727267735,-370.1406901362402,214.19446568633182,1319.814126808979
110531,-80.3644450702,43.3978363729,-365.52709924081023,211.33005178789224,1319.3522846391586
110496,-80.3727033099,42.8358860734,-353.39827545873766,204.18771667929593,1318.2270987339773
110535,-80.3812419216,43.1272453805,-361.68155685070724,209.0031690840109,1318.981571092278
110500,-80.38530054,43.3857733519,-377.4294912159618,218.8743764831609,1320.5817100334182
100664,-80.38541968,35.8562570199,-559.9942327105119,372.8959959206738,1354.6517943617707
103606,-80.3895270143,39.5231253383,-272.41115519033673,175.1057597812431,1314.0365623918008
103462,-80.3938628907,38.2187930324,-216.5848071390556,178.7647440785981,1314.5291529362828
100690,-80.3939723287,33.0268702838,-717.2347105753482,528.9650027378455,1405.6436370273027
110515,-80.410153488,43.422858285,-379.16490930234255,220.01542813770763,1320.7713082939504
110537,-80.4139471033,43.3939838336,-381.7239656663955,221.71618929731346,1321.0556872404798
101151,-80.4315245028,38.6894638983,-211.34818740785394,180.14114321191963,1314.7170386328733
110492,-80.4391133734,42.9941949315,-370.2809174533423,214.28274043371664,1319.8284559145093
110534,-80.4436952728,43.6942158444,-357.9096244839599,206.776341651117,1318.6305455511463
103492,-80.4514768104,38.5601131186,-192.83868051278725,186.3035321554419,1315.5755646436614
101145,-80.4562913758,37.6854623023,-299.25440768942565,180.6234724880195,1314.7832136924796
110418,-80.4602980492,44.2443007329,-425.26651714311566,253.5347510758973,1326.7667203382107
110175,-80.4684084638,44.5192909787,-393.91601151067846,230.10194060281552,1322.4889274633176
110508,-80.4729859832,43.2774389949,-362.258512186791,209.34867813952906,1319.0363638780634
110533,-80.4733079942,43.5895668858,-374.33096717613284,216.86237706035425,1320.2497304594165
103538,-80.4770388886,39.048156956,-244.89393695895467,174.33496989601824,1313.9340706148616
110501,-80.4771201416,43.4812572008,-343.2136945405889,198.65887790163262,1317.3820288599015
305078,8.04816080005,53.201301326,-448.7895144951806,272.5565893411043,1330.5326582189366
110542,-80.4816927309,43.4812817598,-343.5271424492873,198.8222652311295,1317.406677281367
101147,-80.4854198572,38.3812575388,-213.44145417200946,179.57086830166563,1314.6390215327206
103544,-80.493955069,39.1062165618,-346.77679337284286,200.541964312784,1317.667309924749
103473,-80.5019023546,38.3854476492,-289.96396113538407,178.20078644421844,1314.4525782557669
110506,-80.5137832726,43.5269254156,-362.25190122428774,209.34471190966124,1319.0357343902529
103465,-80.5271004747,38.2313285534,-184.50424591711933,189.70100324106443,1316.060990541305
110513,-80.5271021487,43.3435896724,-324.3613785332657,189.68470848939515,1316.0586418654
101148,-80.5274476507,38.2978211799,-144.23877869227255,210.80340355141183,1319.2680300616528
110491,-80.5345224873,42.685835371,-353.51230566811296,204.25212161419083,1318.2370763173794
110502,-80.5357929794,43.5850481324,-359.3760819570362,207.63544341855584,1318.7655354753228
110174,-80.5400428568,44.3444790882,-301.967002292602,181.4293061552884,1314.8941605033783
110173,-80.5436161951,44.281167854,-351.847909355477,203.3174296949856,1318.0925754330267
101142,-80.5437531281,37.0437572632,-403.9274328032399,237.31215467969042,1323.762485853339
110488,-80.5478881304,42.9691008624,-349.1168627310302,201.80900049259063,1317.8607410776426
110493,-80.5485027525,42.6533833643,-362.09671291490685,209.251655390051,1319.0209685510579
110517,-80.5601664634,43.6186398922,-356.1030370224765,205.72979102009347,1318.4668395932702
110415,-80.5728215025,44.0438720744,-427.4883645656411,255.28406799955923,1327.1021119598513
110231,-80.5759926197,46.0187412608,-513.8651551085745,329.6801945094874,1343.3983366245873
110518,-80.5801630961,43.6346145385,-366.56579363048496,211.96811185586773,1319.4546375823747
103486,-80.5893792588,38.5188425712,-265.8002106094656,174.4600095115332,1313.9506669250025
103464,-80.5895526769,38.2229124377,-168.97239583510054,196.97460304387428,1317.1290955856173
110539,-80.6351012106,43.5610358194,-345.5383637942578,199.8810794956039,1317.5668886755702
110530,-80.639171671,43.7812886446,-379.3816356395985,220.1586315426003,1320.795170810601
103482,-80.639387699,38.4686754951,-200.4711671635402,183.5241542556277,1315.184844570959
100676,-80.6527263431,34.2437742795,-603.0134578630804,414.52984362806166,1366.6985956867738
110490,-80.6602068687,42.9357449777,-364.27564162443593,210.56665408825967,1319.230221003074
110172,-80.6602884287,44.5732630892,-361.890178184088,209.12795357634957,1319.0013499465897
103442,-80.6686830064,37.9861969051,-161.30791161559517,200.98263585686556,1317.7344497697052
110521,-80.6721874777,43.7568823056,-369.3781478464124,213.7156744835777,1319.7365076839637
110507,-80.6768982591,43.3727724088,-358.1821152658365,206.93533016360507,1318.6554861159964
305018,8.06861982675,52.3145429927,-438.353627462437,263.9854346195277,1328.8033601271318
110256,-80.6934985155,43.2143978227,-361.2986283827504,208.7745627042049,1318.9453658989164
100689,-80.6975630868,33.3774771288,-594.8080562061646,406.50843429295384,1364.287054598556
110522,-80.7017500881,43.6561202313,-349.2837507104172,201.9002657596064,1317.8747199592585
110254,-80.7314629146,43.0687428737,-348.9073522242883,201.69459573386482,1317.8432266935781
101137,-80.7352535139,40.0139594559,-356.7715797015174,206.115544862568,1318.5270865734565
110233,-80.7436031136,46.5315004102,-432.56470331895036,259.3197449414781,1327.8843286636104
110524,-80.748131939,43.7608567899,-376.27561621530896,218.12129404544194,1320.457102336139
110408,-80.7643609243,44.4063177793,-389.21816860928107,226.8170420172375,1321.921340603647
103441,-80.7682688517,37.9690024737,-270.74846464584937,174.9161764041213,1314.0113123416145
110237,-80.7688442917,43.1274271895,-343.0933638709142,198.59627193783666,1317.3725894451811
110236,-80.772774134,43.1343508511,-361.61808581003066,208.96523795767703,1318.975561133944
305070,8.07733052847,52.8523045752,-498.3223716336622,315.5557933051547,1340.0020592828728
110422,-80.784832645,44.1855775171,-386.35880222847163,224.85016277870352,1321.585281355503
110232,-80.8020060224,46.3976494211,-547.5831606143958,361.1022632098634,1351.4528865961922
305032,8.08090485276,52.681194313,-498.2629236209897,315.50226897425665,1339.9894558994854
100684,-80.8310810848,33.814877136,-578.9988929283534,391.155398347894,1359.7913832094223
110520,-80.8351578672,43.4858449902,-393.76395034055,229.994598004748,1322.4702549793928
110234,-80.8395426405,46.9023242949,-408.75648820106034,240.88620393138996,1324.4078765389347
110489,-80.8401642246,42.7109573611,-346.82497579729966,200.56781278113655,1317.6712441719685
100683,-80.8603709003,33.8398832041,-417.99304121934654,247.88411698211527,1325.6985312075658
101143,-80.8608354573,37.3729239854,-308.7376892762612,183.62903820234126,1315.1994844376313
110419,-80.8648863396,44.2099755591,-405.9056448666143,238.76896633575947,1324.0244255597936
103455,-80.868759213,38.1061448491,-179.18285879553278,192.05929037701114,1316.4029896707223
103337,-80.8727859443,33.4023471179,-684.092473787238,495.3233457369377,1393.3324359340552
100680,-80.8765491846,34.056068851,-565.1243738496298,377.80217044262554,1356.010523626219
101141,-80.8854198913,36.9395905625,-361.7379665737316,209.03689334250993,1318.986915390817
103476,-80.89334138,38.431662794,-180.873732463047,191.29440165546242,1316.2916121812127
301460,8.08950159647,48.5227175179,-390.4713100549967,227.68687380127753,1322.0708652320018
103479,-80.8980291924,38.4565012641,-207.93363860427965,181.1280190932738,1314.852622727942
103478,-80.9226074544,38.4478323313,-244.52622341408426,174.3589072908225,1313.9372468826448
103023,-80.9230142845,34.0771681507,-492.1842624126121,310.05064033660324,1338.7163477626736
110243,-80.9269129028,43.0186496625,-367.16470318762686,212.33783547711468,1319.514083505364
100681,-80.9275924228,34.0404384107,-575.6031590088427,387.87629553224116,1358.8517508653065
101559,-80.9437535712,41.7562581701,-391.135787175957,228.15000930263292,1322.1507050781638
103025,-80.9442271322,34.0894681187,-403.85911442026276,237.26202656178222,1323.7535002567881
103342,-80.9473870865,33.5272830302,-741.1382441492549,553.3947062273246,1415.0179366616953
103028,-80.9475124445,34.0397547526,-569.2332775611872,381.74414553781924,1357.1140898414897
103027,-80.9480011245,34.0646116227,-512.4525523922908,328.38619126842315,1343.0813641807692
110487,-80.9511325708,42.6758198672,-333.4945138704746,193.81752411357363,1316.6606597173816
110253,-80.9521306569,42.9733456538,-364.1783538189851,210.50755499762576,1319.220789293806
103026,-80.9525925449,34.0643268656,-478.0726992933392,297.5674706392195,1335.8804062402132
110263,-80.9567891602,42.988687281,-364.57496677116575,210.74870831964637,1319.2592915163775
110169,-80.9599220975,44.5731306161,-317.62827296600085,186.91255251582422,1315.6619484053929
100769,-80.9604195055,27.2270883429,-737.740566123339,549.914601371158,1413.6605423492213
103031,-80.9604198535,34.0188544059,-631.9478144624504,443.069406455815,1375.623698229644
103034,-80.9604385316,33.9978046951,-388.18869189491454,226.1060111383026,1321.7995265798702
103030,-80.9644021949,34.0188130279,-395.39052809516676,231.146286363467,1322.6710346467546
103032,-80.9644655169,34.0058921568,-345.41468987924105,199.81545228691056,1317.5569343168881
100692,-80.9644720679,32.6978086746,-700.428458382775,511.8693770578318,1399.2999390278937
103333,-80.9647841989,33.3146385166,-750.0951149414686,562.5802719264377,1418.6354790976854
103033,-80.9684433602,33.9975548701,-699.5779496645431,511.00613904771734,1398.9843938866327
110416,-80.9688439772,44.1315445456,-355.7681723017257,205.5372518753641,1318.4368100528638
110393,-80.9725207296,43.7271315361,-358.78297229032523,207.28695229145993,1318.7107115604153
110423,-80.9730329976,44.3354241555,-416.70722962065037,246.89770797464737,1325.5144429228333
100682,-80.9770864289,33.9854232611,-647.5417652204271,458.59608535699306,1380.7028752409597
103029,-80.9820378503,34.0315503819,-378.8171743114412,219.78598515103442,1320.733106824655
110417,-80.9851362676,44.0985342259,-361.6866739010515,209.00622777874244,1318.982055770356
110251,-80.9851975136,43.2562451182,-353.1914211597238,204.0710217446165,1318.2090282310264
103403,-80.9891779779,37.610321744,-267.25092780872876,174.5769410323729,1313.9661976375628
110469,-80.9977882506,46.4730349283,-369.69523779550747,213.91451699327428,1319.7687224564615
110242,-80.9984911767,43.0314277866,-371.03736007410794,214.76014398316,1319.9060495495737
110238,-81.0184614934,43.3647949042,-359.4563116590874,207.6826902956692,1318.772975171368
101149,-81.0184718234,38.2607056819,-149.50881371549607,207.64643510724716,1318.7672661264546
110392,-81.0280747481,43.7303769094,-358.7093160329493,207.24377151085335,1318.7039247018024
110486,-81.0347680617,42.6774189073,-358.1829551277493,206.93582065003577,1318.6555630876467
110485,-81.0437696874,42.7771018765,-376.9928945469744,218.5888999947177,1320.5344249184857
100765,-81.0477945808,29.052403157,-700.69628171765,512.1412482651941,1399.399413451544
100679,-81.0479197838,33.9895899255,-488.6253570796008,306.87900619709734,1337.985345449797
110670,-81.0560425395,48.5491220391,-549.1491977592999,362.5842664884247,1351.8496256976377
305016,8.10613048485,52.2644755485,-462.24522228466986,283.88582983753827,1332.8995553215711
110484,-81.0770156812,42.7906627397,-388.86417367940993,226.57218452256157,1321.8793496356695
100675,-81.0770865232,35.2604235336,-518.3493164744511,333.8007833512005,1344.4154949864903
101146,-81.0770866772,37.9562574297,-266.9610994155765,174.55246353529935,1313.9629457180808
103456,-81.0812164085,38.1228776924,-187.61267326728992,188.39081444849816,1315.8727746869997
110250,-81.0849634769,43.2687799882,-369.03068414583817,213.49820241457974,1319.7013081103435
100678,-81.0878748271,34.0140482125,-482.5368448530858,301.48915871017755,1336.7594297455564
110394,-81.0893725602,43.6929902743,-372.3527088661706,215.59512844511698,1320.04216584288
301514,8.11098943925,48.8433027195,-497.65182696171115,314.9522954388958,1339.8600705283086
101144,-81.110419989,37.4354239886,-238.3032035503425,174.90017257357385,1314.009182068436
110268,-81.1144766523,42.9938945075,-371.7630624065012,215.22006280333412,1319.9809603274457
110395,-81.123117404,43.7148680281,-369.9943742760938,214.10243340025218,1319.7991938858745
103395,-81.1312027167,37.5100727377,-216.14528576319242,178.87380926847135,1314.5439893119242
103208,-81.135279731,35.3312345965,-562.5662392005629,375.3535211270083,1355.3303383368711
100691,-81.135419757,32.835423,-637.3138209869794,448.40163622138624,1377.3503866336664
110247,-81.1520323244,42.9685378764,-369.6495863289155,213.88586726261929,1319.764079071929
110411,-81.1561749757,44.1356147839,-378.174304878418,219.3628653264476,1320.6627604646553
103209,-81.1601471181,35.2976839877,-534.1074420279438,348.4280532571668,1348.1217187221907
110269,-81.1607237711,43.0809850777,-345.32394727432364,199.76734300716078,1317.549639112711
110265,-81.1650966235,43.2814558723,-347.3840074996724,200.8684582659186,1317.7170400810721
110246,-81.1685403618,43.0983953411,-359.299528920966,207.59038536647253,1318.7584419788543
110252,-81.1686894598,43.289880024,-364.3613763757718,210.61876473765759,1319.2385395573885
110261,-81.1725092541,43.2849091986,-348.6136568034988,201.53453903077138,1317.8187396665144
110483,-81.1726094631,42.8136827396,-370.54841160331426,214.45132663728123,1319.8558374649804
110396,-81.1728830481,43.798281575,-371.1336440436955,214.82105692587265,1319.9159619811571
110669,-81.1767752875,48.4982482319,-523.7378670508581,338.7776108571959,1345.6598120669294
110264,-81.1846411921,43.3729723538,-358.36068298540243,207.03967836921404,1318.6718654059175
110266,-81.1892276715,43.1687731369,-358.14259130722314,206.91225101546007,1318.6518645245906
110239,-81.1936398388,43.0439220236,-382.4082414038835,222.174575125247,1321.132696600148
110471,-81.1974556662,46.5227770875,-424.8530717254222,253.2104079245996,1326.7047790956497
110481,-81.1975954622,42.7074873448,-323.44320678131515,189.29263917616584,1316.0021897550826
110244,-81.2055989468,43.4485707921,-371.1892586847114,214.8562559227952,1319.9216912010563
101150,-81.2104200632,38.1395907938,-264.6647801285559,174.37824578669358,1313.9398132325314
110482,-81.2145706786,42.6893676873,-351.1742612685793,202.94241949439322,1318.0347817201687
110672,-81.2224548482,48.4808822235,-450.4190537411386,273.9125591942098,1330.8110873742432
110262,-81.2353772503,43.2230350074,-355.57820990414757,205.42823056230262,1318.4198186108447
100674,-81.2356514303,35.3061949194,-542.9533307601142,356.73170661826333,1350.291661346049
103433,-81.2397660797,37.9061953755,-286.1935159939999,177.36992052410844,1314.3401952693307
110424,-81.243264745,44.3187495011,-369.5905497890913,213.84882853550712,1319.7580769443705
103454,-81.243570616,38.1023448977,-207.98707140927314,181.1120396696244,1314.8504215716655
103206,-81.2518883277,35.4396925874,-568.1325567113845,380.68707865306703,1356.8171254989747
110425,-81.2567048711,44.6768792907,-401.5542593851318,235.57813133330654,1323.4527253197928
110467,-81.2572537711,46.5438286862,-467.90601649954385,288.73751458350296,1333.9413077499898
100695,-81.2645864487,32.5270895924,-646.8714052785265,457.92672032914487,1380.480692145059
100673,-81.2645865877,35.4229235631,-544.5206591536204,358.20942843440645,1350.68281058626
110480,-81.2646923437,42.7895454346,-367.64301570962283,212.63406101478887,1319.5617848731206
103205,-81.268471225,35.4767307715,-570.6822450465393,383.13681840997356,1357.50649420738
101560,-81.2688688361,41.7356450504,-440.4469345161125,265.6885803664092,1329.142762057941
103203,-81.2771727118,35.4896403006,-591.6890328818866,403.4685157368186,1363.3843564397994
110399,-81.2808587031,43.8891892536,-366.48383931867136,211.9176223788963,1319.4465274760546
110414,-81.2849819034,44.1521194403,-373.50934767943784,216.3343998080384,1320.1631083825205
103201,-81.2852454624,35.5854101705,-590.3847249859631,402.19883076784106,1363.009156119251
110470,-81.2854804194,46.4355127852,-484.0788473716714,302.84980001278984,1337.0669622579424
103202,-81.2978485975,35.5229383653,-538.9789161465374,352.99313015794974,1349.3087897633372
103196,-81.3021265788,35.6435102923,-576.2663174387035,388.51613450555243,1359.0345275102584
103204,-81.3057715031,35.4934887569,-468.27814767594526,289.0581280110849,1334.010742671575
103200,-81.3102891395,35.639365792,-541.8592402229665,355.7012971490885,1350.0198046648939
100767,-81.3150053759,26.9322272945,-700.9411444865103,512.3898283700813,1399.4904059731941
301320,8.13165263396,47.5902757378,-424.7476898544586,253.12779642468635,1326.6890146212534
110400,-81.3186743972,43.8395467224,-369.39037589911754,213.72333578691052,1319.737748362825
110412,-81.3270458249,44.4565087615,-415.8467852234513,246.2397809185848,1325.3920513948794
110413,-81.3270748249,44.4565157615,-438.857077260738,264.3942873539192,1328.8846448730158
110391,-81.352645797,43.8973878762,-383.61471575252915,222.9864377403983,1321.26946971844
301503,8.13544326228,47.5858457854,-388.50404259250956,226.32347277130378,1321.836742764082
110668,-81.3565374653,48.4939667636,-546.8952614987534,360.45185651798056,1351.279246144613
103472,-81.364532366,38.3644674434,-206.6504685855218,181.5168409854586,1314.9062414313937
103427,-81.3726264907,37.7811521092,-332.81617455992637,193.49633925286355,1316.613418395147
110671,-81.376969104,48.4691772035,-519.3915941930785,334.76131252320425,1344.6543037361512
110466,-81.3811290704,46.602405245,-428.5108687016841,256.09264253813484,1327.257888187544
100760,-81.3812355884,29.0064257271,-727.9385129879748,539.8886464854919,1409.7906975142912
103480,-81.388920802,38.4603833164,-235.1397373536419,175.273399474669,1314.0589122095332
101139,-81.3897698681,39.060324263,-354.68882193508125,204.91975936165719,1318.3406873683048
100758,-81.3933288994,28.7036975531,-686.6442193783964,497.90298555438784,1394.251570993509
100757,-81.3939901064,28.6852258186,-695.724967397288,507.09790090782695,1397.5615697703693
100671,-81.401061228,35.6858358268,-528.932514176407,343.60031391695935,1346.8820423176364
110387,-81.4059403174,43.5392491476,-359.67798356535013,207.81336354531092,1318.7935601381703
110260,-81.4065216735,42.9648630111,-350.4894048909476,202.5631336938691,1317.9764350419073
103207,-81.4102039688,35.506320868,-390.0195250776627,227.37273640128322,1322.0168007451728
103430,-81.4142759811,37.82694907,-276.7393241831436,175.6843036043521,1314.1137830214097
103444,-81.4148000051,38.0185920918,-157.03335744666816,203.32987510898062,1318.094495211071
100696,-81.4148026351,32.1906142226,-718.2482383420495,529.9982021567391,1406.0327714826813
110245,-81.4227138058,42.9361045047,-379.35083728591985,220.13827184607007,1320.7917772780345
103463,-81.4271123422,38.2190156954,-178.93650598011206,192.17192384620205,1316.41942727561
103199,-81.4434450555,35.639315468,-368.94643038553505,213.44553520241382,1319.6927887549207
110390,-81.4437843905,43.7484420249,-351.9408399563149,203.3693126011322,1318.1005794330536
103350,-81.4475824859,33.7895293299,-752.9851569135739,565.5475357952757,1419.8148032183647
110382,-81.4476639569,43.180914418,-357.2395833806679,206.3866585746975,1318.5694949571387
100768,-81.4562185046,28.3057446812,-728.9599185682728,540.9323980966043,1410.1907386961657
103198,-81.4643876762,35.6189545923,-498.98867895544,316.15597765563916,1340.143523060604
103460,-81.4648453783,38.1815703993,-241.9485835906134,174.55195279808495,1313.9628778696601
100759,-81.4897252653,28.8744498442,-772.2443794801388,585.3617754434096,1427.8229821459504
110479,-81.4935319237,42.6321725665,-348.05943483075765,201.23351541059705,1317.772737583534
103481,-81.497684454,38.4641215337,-361.6811259700611,209.00291153158594,1318.981530281063
110384,-81.510242127,43.3651311592,-359.56114591846784,207.74446488379522,1318.7827049532264
103195,-81.5180423067,35.6724690527,-483.2632493830489,302.12974893508954,1336.9040524231627
110406,-81.5182963277,43.9565439781,-353.8036360650015,204.4169111271627,1318.2626194156703
110381,-81.5228338771,43.4277473324,-345.6961641233823,199.9649139074695,1317.57960935494
101153,-81.5233798991,37.9650505004,-145.22018207959636,210.20743145776953,1319.1729319668318
110398,-81.5434780948,43.6854018837,-370.79958689478804,214.60986105965623,1319.8816055457169
100672,-81.5645866855,35.5895902538,-387.5764736163604,225.68470108776282,1321.7275227893863
110259,-81.5777245836,42.7315454558,-411.1522078912791,242.6813226176243,1324.7355526826227
103242,-81.5858365993,33.7527843009,-521.6232513034433,336.8213598125304,1345.1686469063484
103238,-81.5898668906,33.7440245891,-489.6754235109316,307.8132200499352,1338.1999247613953
110388,-81.5913020877,43.5523315827,-340.5997648169583,197.31366832998,1317.17984493528
110275,-81.5937235199,42.9726159677,-362.77628655652353,209.65983685691063,1319.0857846951278
103241,-81.5977457863,33.7439673771,-538.3681905515953,352.4197577268604,1349.1589031059884
100687,-81.6020866036,33.7520898558,-443.4375057205324,268.13601681931243,1329.634154085108
103021,-81.6020866366,34.4270900027,-426.15999577763057,254.23693697255374,1326.9010815863708
103237,-81.6022366777,33.7270320067,-472.0908696388579,292.3545545503398,1334.7289034707467
100749,-81.606188824,31.4268150364,-661.9300504579576,473.0015007538211,1385.5542139913766
100762,-81.606253102,29.6020889044,-717.7230098513237,529.4627489755261,1405.8310221170307
100688,-81.606271276,33.7230934654,-540.5183703724279,354.43975282337345,1349.687963410576
100785,-81.6103605093,26.7145882015,-668.7794207663287,479.88368144329536,1387.918732458592
103448,-81.618665147,38.0648419216,-215.0784683706418,179.14348444860713,1314.5807119436536
110397,-81.6263474366,43.7182788784,-336.91596103446113,195.4712965680125,1316.9051173018786
100694,-81.6270865927,33.3729231034,-549.6085652621744,363.0193295945757,1351.9663804448653
101232,-81.6270867727,36.8062571725,-350.04273695323513,202.31683307373427,1317.9386029473756
101557,-81.6271297267,41.3984182675,-382.3138179159346,222.111232468161,1321.1220457559627
103197,-81.630491639,35.6021204149,-274.3147926934628,175.34512041665192,1314.0684805016156
110478,-81.6354214764,42.5189596752,-369.12713556728437,213.55852600855778,1319.7110684634126
110410,-81.6355338404,44.173107425,-357.902639496253,206.77227005614924,1318.629907084648
103449,-81.6395267297,38.0769260886,-207.850463794653,181.1529267871772,1314.8560541281524
103452,-81.6396224807,38.0856919194,-247.4012107632246,174.19577104642315,1313.9156087223992
103453,-81.6433884821,38.0893465097,-290.3812916377576,178.298222624298,1314.465791256995
110386,-81.6602618895,43.072376013,-374.40849907614574,216.91232035001448,1320.2579349935836
110255,-81.6684303521,42.7182119057,-372.99239925775396,216.00341058904488,1320.1089097419176
110271,-81.6686287171,42.9358460527,-362.73715913063273,209.63628715398542,1319.0820418327294
101558,-81.6812537772,41.4604247486,-421.16775479875315,250.33590235854658,1326.1591624701623
301207,8.16900000005,48.9230000001,-517.6820697553567,333.18641104786275,1344.263086118506
103457,-81.6935132572,38.1242297426,-294.7785214059529,179.39040760313094,1314.6143839673716
110389,-81.6974146875,43.7522512562,-339.2077638446587,196.61006762808884,1317.074629201632
103434,-81.7024778059,37.9354881019,-189.72552814187728,187.52930030712795,1315.7497097349387
110405,-81.7056439762,43.8764996515,-350.7870855398191,202.72775060845746,1318.0017454695044
103471,-81.7063310203,38.3394743874,-283.03265408951586,176.74259772147985,1314.2556851858133
103440,-81.7103984426,37.972334326,-211.42059164450532,180.12097484674553,1314.7142753365222
103437,-81.7145318439,37.9519553053,-208.77909018347862,180.87717237044532,1314.818090717732
100677,-81.7263115109,34.1817851194,-735.6791022987721,547.8043179316473,1412.840978644961
110383,-81.7263187859,43.1854716983,-364.60186740721724,210.7650862603424,1319.2619079546805
101152,-81.726951197,38.3062919776,-301.905678963563,181.4106062327326,1314.8915804155192
110407,-81.727078878,44.0937099395,-359.2107358500624,207.53815195550138,1318.7502207434884
101239,-81.7432207683,36.8979468151,-360.1960148041607,208.11949013903262,1318.8418337198837
305001,8.17617383265,52.0724372756,-345.5978178760924,199.9126526917005,1317.5716788471614
103351,-81.7687671724,33.8064165663,-487.8462171595026,306.1866972184257,1337.8267278490973
103466,-81.7726849438,38.2441643055,-253.04180907619468,174.03610899518023,1313.894450642089
110468,-81.7781912842,46.2690792815,-549.7847270423485,363.1862122561318,1352.0112000153142
101250,-81.7936862325,37.0314146111,-396.8026626539662,232.1522737642127,1322.8472090184068
101230,-81.7980622299,36.6645198618,-432.3186101450281,259.1228788590263,1327.8458971364425
103435,-81.8062936955,37.9476601169,-196.80474523135382,184.81867421955167,1315.3661096950034
110380,-81.8138608232,43.193320902,-366.6584043107702,212.02519633383923,1319.4638093082724
101231,-81.8138900932,36.6397460337,-323.8075902482209,189.44771150240504,1316.0245041743688
103439,-81.8266265572,37.972854815,-224.35051205357533,177.0364154583143,1314.2952303771872
100747,-81.8273443173,31.6555860233,-642.6018058610398,453.66736344073894,1379.0736517115995
100748,-81.8436141146,31.5641309978,-777.6735323273642,590.9594749338511,1430.1269738061678
110274,-81.8474780459,42.8350403713,-376.5299240881631,218.286882092551,1320.4844652958177
101138,-81.8491882771,39.6439070653,-348.97896690520764,201.73368024111457,1317.8492091045616
100763,-81.8520457423,29.9794131697,-774.9607848919309,588.1618719762055,1428.9732145286869
110385,-81.8566879607,43.1853370243,-349.59061663147213,202.06839164593026,1317.900487554454
203007,-81.8646316804,8.27319127767,-498.5310329891271,315.74369405214827,1340.0463202917992
103459,-81.8687410257,38.1645497489,-294.87997533521394,179.41701015233951,1314.6180143775223
100751,-81.8732025581,31.2214670734,-765.6199252792501,578.538705900646,1425.0393308323419
100786,-81.8812531067,27.2187549872,-722.0178601962559,533.8431144371443,1407.4866006558798
100697,-81.8895576454,32.1857480412,-650.4870362615685,461.53892355252316,1381.683117848632
101154,-81.9104203002,38.5270908439,-396.66988254402605,232.0574421604653,1322.8305698977297
101240,-81.9182886688,36.8227224839,-347.65802548306533,201.01632156176478,1317.7395879793994
301430,8.19368401409,48.8895958133,-556.9051778463086,369.95039467104476,1353.8439181497831
100754,-81.9766821016,30.7772579427,-767.906015207685,580.8924482394785,1425.9965275608315
100761,-81.9897097497,29.2146761484,-793.1444741351645,606.9378794967361,1436.8032745514918
101140,-82.0020740407,39.3269387471,-301.3320915322672,181.2367737152562,1314.8676086742003
110276,-82.0101652544,42.6560978515,-383.08247079690454,222.62770460271204,1321.2089747842947
100750,-82.0516344828,31.4525443575,-786.2048580779816,599.7657813945316,1433.7883570198524
101251,-82.0558614772,36.9519254036,-342.37951149833117,198.22621027239836,1317.3168527855594
110248,-82.0726807076,42.5145527138,-402.7446651869713,236.44605432184952,1323.6074934807016
100753,-82.0815618073,30.3605347772,-765.7971902722218,578.7211827982269,1425.113422718793
110257,-82.0956325445,42.3856426061,-385.3573956328739,224.1672893673829,1321.4692708558205
101156,-82.114587019,38.3895908085,-271.1634231643481,174.9617862179582,1314.0173845236877
101233,-82.1337460376,36.6317815051,-441.49535414625996,266.5446986532829,1329.314160224762
110270,-82.1692380306,42.8642059517,-368.5183274004754,213.17832542302196,1319.649596909747
110273,-82.1721740138,42.7899357956,-366.9756521680538,212.22098587848527,1319.4952849635843
110673,-82.1729552169,48.2020176524,-540.9335103770422,354.83018168625614,1349.7905459845967
301272,8.21880645917,50.0395581314,-467.0617482833088,288.01088039330585,1333.7842132139747
101155,-82.2022972853,38.2228617717,-225.5398489059205,176.8053198196146,1314.2641215944423
100789,-82.2140914423,27.8731031494,-703.1065228113619,514.5887618379857,1400.2969877864643
301598,8.22247491848,51.9606522394,-466.6629264222331,287.667993020073,1333.7102138028677
100790,-82.2322187988,28.1519806945,-711.368969321556,522.9902682878959,1403.406171041634
101234,-82.2389713643,36.5354166411,-411.9122393454238,243.25379182413323,1324.8405441526588
100746,-82.2433916937,32.0395430821,-656.6814947314184,467.7383546299225,1383.7663200792979
103020,-82.2520868524,34.8645900749,-483.3202435682787,302.18003869092854,1336.9154184080403
100743,-82.2522727074,32.4024346261,-738.2789568280293,550.4658911736994,1413.8750855501874
101235,-82.2687699978,36.3354224816,-498.17168521349413,315.4201297182336,1339.97011848226
100752,-82.2855589792,30.4358717074,-631.2674312559124,442.39413176078625,1375.4063501417588
100787,-82.3107212383,27.239692822,-708.7952110135935,520.3713482080424,1402.4323157392482
101241,-82.3223526892,36.7356336727,-429.58285591230606,256.94270541662434,1327.422168739361
110272,-82.3397993357,42.7647353085,-375.73755693613765,217.77167174335645,1320.3993945802122
100741,-82.343411158,32.0192469704,-731.2912645551983,543.3156177341278,1411.1066298007784
100797,-82.3491635295,28.9896076578,-765.8408235255207,578.7660998239583,1425.1316635663281
101236,-82.3602722644,36.377090502,-403.5907459784138,237.06523259176507,1323.7182421866376
103264,-82.3640636297,28.0481631679,-690.3431414998133,501.6456393039799,1395.5924933971926
110277,-82.3898646218,42.589772339,-412.93698389806974,244.02788754454116,1324.98289426443
101254,-82.4062881752,36.8854583231,-327.96622698667653,191.26590928250084,1316.2874717353943
100744,-82.4063327932,32.352359349,-728.3523060358466,540.311464272746,1409.9526724746663
100745,-82.4063923302,32.3191728432,-741.1833464513234,553.4409189656772,1415.0360104885908
101529,-82.4229208046,42.9979249918,-532.5481996325407,346.971026731901,1347.7458787120381
100820,-82.4261618948,29.922849034,-766.8812369432667,579.837226618638,1425.566999325773
301491,8.24390464525,47.8938862279,-268.5537802583478,174.69385070574836,1313.981735667698
101253,-82.4560157643,36.9315254659,-338.35430597494593,196.1831214550946,1317.010963256479
110472,-82.4603996337,42.9148638959,-550.0405300351645,363.42858180664774,1352.0763270865612
101218,-82.4606628217,36.1770374174,-286.83325848976887,177.50459719707305,1314.3583766309664
103218,-82.5025175491,35.385840966,-518.4834054123623,333.92429776710634,1344.4461673243559
103219,-82.5050071413,35.4227832,-496.23487848621687,313.6786995490913,1339.5612665140418
305015,8.25134331386,52.2933196619,-383.97396911246307,223.22908441993857,1321.3104420706204
110464,-82.5148084222,46.2102767216,-523.3648663748583,338.43224761797757,1345.57290639402
110241,-82.5187478855,42.1933740852,-369.40876321228234,213.73485709997928,1319.7396142169266
103217,-82.5437382506,35.3938711526,-564.0427935803067,376.76635326808633,1355.722296471083
101210,-82.5440657876,35.5682285611,-494.74969802621433,312.34623900607636,1339.2498770637
101238,-82.5516260762,36.5557455028,-475.43184076097054,295.26001182031564,1335.3683142766372
103220,-82.5516940512,35.4520688825,-530.0228158132344,344.61556223600894,1347.1413978974647
101237,-82.5640395192,36.5148576934,-457.5301103641432,279.88228649093026,1332.0526095035757
101255,-82.5645870453,36.6729237765,-270.7155797224352,174.9126104247446,1314.0108376567878
100798,-82.5646544073,30.6813850277,-795.6011667658829,609.4787087095573,1437.8784220385824
301495,8.2565916043,47.6193987312,-536.7170374840646,350.87110193283036,1348.7552003108099
101211,-82.5771190173,35.6090604575,-548.8655963500943,362.31574792413136,1351.7776301550923
103224,-82.5937451397,35.6901164842,-408.94633376992874,241.02793132037482,1324.43366155896
103222,-82.597634931,35.5605418694,-459.128556512896,281.23557395944675,1332.3376104629765
101219,-82.6017058093,36.2106629262,-551.3145510474983,364.63641231459553,1352.401483798193
101242,-82.6061282967,36.5893690296,-575.4721441715153,387.74991914649155,1358.8156828621036
103227,-82.6109138211,35.7940163028,-498.7000164540789,315.8959004025748,1340.082191540895
110235,-82.6143869904,42.2435643194,-387.5023059985117,225.633739188558,1321.7188220094713
101252,-82.6147709494,36.9559696269,-241.22838287447397,174.61377593503317,1313.9710921250073
103225,-82.6226962101,35.7229132619,-362.6189191059773,209.56515743156527,1319.070739347671
101530,-82.6229208811,43.1562583429,-398.30942420360225,233.23187219681967,1323.0370994051254
103223,-82.6344260631,35.664294506,-448.20054736478676,272.067633795449,1330.4325828665462
101157,-82.6354204951,38.1729240766,-397.00329799161375,232.2956619041902,1322.8723803653172
101259,-82.6396484995,36.9437213159,-252.36874238319874,174.04397810961578,1313.8954929940642
103216,-82.6397504245,35.2273165429,-433.5263483403353,260.09020033913333,1328.0350042473824
101258,-82.6436241298,36.9728451113,-255.77388565027803,174.03530544958684,1313.8943442061181
101220,-82.6480879162,36.2102561382,-478.3393623766748,297.8009911845547,1335.9324423579203
100795,-82.6517388875,28.2146589386,-689.6667686771066,500.96098160352443,1395.3465394958564
101212,-82.6608389562,35.785307621,-388.23172346432784,226.13566726878096,1321.8045998577063
103221,-82.6929145609,35.53147479,-401.43263340561174,235.4896686566442,1323.4369815891914
103215,-82.693613485,35.2561536763,-466.64828807907793,287.6554121747169,1333.7075002965607
103226,-82.694338476,35.7359200099,-334.8109223574632,194.44717949267024,1316.7534947007161
101260,-82.6976979933,36.9231257082,-148.3054776359598,208.3578157986667,1318.8794636350533
100727,-82.7022417737,32.0313101444,-764.6522825726101,577.5427138646173,1424.635267895612
103286,-82.7108088764,29.8441068675,-769.9296908523479,582.9767960277219,1426.846875071268
101221,-82.7267602467,36.1814192688,-495.521655959615,313.03850041300757,1339.4114987317078
101256,-82.7518582958,36.6479242284,-295.5046397767584,179.58218984868256,1314.640568027909
101213,-82.7604642765,35.9191839771,-145.3013987396535,210.15827490805285,1319.165099866663
100742,-82.7686924622,32.7318095714,-695.3905250332472,506.7588504372592,1397.4385827972499
100822,-82.7725548515,29.9434802977,-747.7265870498868,560.1496899570034,1417.6733528400757
100728,-82.7807009512,31.9815726613,-711.0954925056486,522.7119147526179,1403.3024641958846
101223,-82.7849879435,36.3278423009,-583.2194616050848,395.2404634401628,1360.972109976648
101224,-82.8059758983,36.3144463548,-572.0879707631539,384.4891884855673,1357.88880113807
101209,-82.8229423497,35.1397936326,-391.0775125294254,228.10933972033962,1322.1436877516544
110473,-82.8315180394,42.0320502709,-391.20620408914516,228.19916637373305,1322.159188497195
103228,-82.8351428327,35.881392864,-227.09264660001526,176.51719845401772,1314.2253922154866
101243,-82.8438898764,36.4727193659,-457.18472942396215,279.59041591537715,1331.9913141104291
100730,-82.851883194,31.9563859092,-660.5352585141845,471.6019225417663,1385.0770496759324
101158,-82.8562539274,38.6476346469,-397.37928218811226,232.56467166051632,1322.9196448380599
101159,-82.8646586671,39.2142292347,-405.6184068648468,238.55680214676107,1323.9861812135289
100725,-82.8647416021,31.9020756407,-711.8157798539089,523.4450861569869,1403.5757259285265
101543,-82.8853545828,42.8480541554,-464.4407697169817,285.7618323368468,1333.3003731396786
101545,-82.8888146191,42.6292083193,-497.93848871009936,315.2102323137592,1339.9207255465483
101261,-82.8898886922,36.848711338,-219.21657115086103,178.13672083547198,1314.4438943918105
101547,-82.9021628022,42.5938334484,-534.7955991226431,349.07174489247757,1348.2882270776431
100729,-82.9187535776,31.9937560873,-574.2428127274778,386.5646184484522,1358.4779219516568
103280,-82.9223812619,29.7938025063,-679.9973210437428,491.18739147876516,1391.8674914450758
100819,-82.9312534996,29.9562556187,-653.1560730620884,464.20844636970327,1382.5771377665944
101540,-82.9515932373,42.5778204771,-516.1246308644853,331.7540445149375,1343.908778989822
101244,-82.9518341753,36.4278894362,-457.49766070770727,279.8548561256183,1332.0468462824365
101262,-82.9560663807,36.8195145336,-183.32094550640196,190.21294076433523,1316.1348802566215
101548,-82.9562542447,42.3395915163,-526.3909539807966,341.23773803409233,1346.2812685514564
301271,8.29789999972,49.9893000003,-484.41177544705727,303.1439689363589,1337.1336231268672
301515,8.29795426272,49.0104851963,-520.2096520930924,335.5159241666969,1344.8423682957518
103299,-82.9809176547,30.0065904389,-691.842554833789,503.16387410997066,1396.1389416541783
101542,-82.9851784681,42.818631781,-398.1603066816639,233.12474615458535,1323.0182188705999
101538,-83.0060212948,42.5359981136,-448.5993308344293,272.39863422738813,1330.5003104557477
101263,-83.0101701281,36.7570402084,-244.31140700435154,174.3733079212355,1313.9391579176292
101541,-83.020214485,42.8225382263,-380.66930804035314,221.01266233748694,1320.9377945639224
110435,-83.0224975092,42.1559388971,-384.99559114732057,223.92134071446313,1321.4275716138425
301269,8.30245424509,49.0355692014,-520.7171829443428,335.9844068940132,1344.9593235000887
101537,-83.0312542929,42.6145915611,-503.29241690822744,320.0444407044661,1341.0661818939916
101222,-83.0521932136,36.1264808703,-563.9718433986752,376.698431987994,1355.703422159916
103229,-83.0523645246,36.606516646,-336.32076675988606,195.17959290569857,1316.861850643692
101215,-83.0732353284,35.6648992711,-211.13846996232093,180.19973901073232,1314.7250686487384
100739,-83.0850663213,32.5771171456,-553.6687734249751,366.8714230609939,1353.0058023721456
101535,-83.0896113907,42.8021223636,-437.15186878792406,263.011453129801,1328.610207950904
101536,-83.1019759357,42.7184998107,-429.5455046998999,256.91304637514094,1327.4164281007108
101225,-83.1355016805,36.1520186934,-601.2509743689703,412.8040007554236,1366.1761245291832
410209,-8.31427186378,12.0997182583,-683.9645655135873,495.1940887573946,1393.28649090349
101534,-83.1433221472,42.6894710753,-405.1969480398065,238.2458860051999,1323.930195437923
100740,-83.1434648412,32.4938112937,-611.1883978896876,422.5546552464868,1369.1539346853485
301326,8.31497044013,49.0364413354,-518.3820821586312,333.8309634938631,1344.4229886390426
110463,-83.1522119049,46.2435785784,-545.1155927117272,358.7708437692958,1350.8318098611785
101226,-83.1551679871,36.1984358752,-579.2720080040621,391.419430598153,1359.8673578123996
101556,-83.1563646782,41.3070518559,-438.67579961526855,264.24701549616407,1328.8553515686065
101214,-83.1604205156,35.9812569432,-471.5243652723499,291.86344727797575,1334.62141899899
100818,-83.1717400285,30.0981510075,-687.6231402274002,498.89310300145416,1394.6054597685734
103314,-83.1729436266,30.3896594036,-682.7538961232023,493.97088965531213,1392.85221758116
101217,-83.1733026736,35.9604608035,-499.16419752312913,316.3141607268596,1340.1808491656013
101264,-83.1767086079,36.618893891,-378.31280299366125,219.45390467893733,1320.6778852062023
101216,-83.1809119333,35.8436384149,-353.778694653814,204.4027894135444,1318.2604297004186
101227,-83.1812538633,36.1270903063,-516.3072087820436,331.92183954516497,1343.9502102983358
101160,-83.2145873681,38.6437574785,-217.30130082418242,178.58950841943593,1314.505333846687
101533,-83.2223958787,42.6355269568,-384.97956685378296,223.91045717080064,1321.4257273961075
103302,-83.2230240778,30.1267221138,-682.3963621087055,493.60973730133543,1392.7241769110594
103319,-83.2395268211,30.4815893322,-682.2946639279734,493.5070167553782,1392.6877739754475
101528,-83.2395878151,43.9395917807,-405.62849694853065,238.56425141017866,1323.9875234475564
101228,-83.2430480424,36.1401461444,-512.6310891971309,328.5496291755103,1343.1213344390223
100726,-83.2603992178,32.4023274841,-571.9589568684037,384.36502011170353,1357.8536478131082
103035,-83.2684901395,30.9527056632,-734.8388700530126,546.9444483599104,1412.5078016724797
301493,8.33140039549,47.6272072798,-429.82452704554595,257.13467648186855,1327.4593410132493
100817,-83.3143619803,30.6354905819,-767.185417764975,580.1504240297846,1425.6944184136491
100823,-83.3150474404,29.7872822298,-743.1078753951142,555.4132237052431,1415.8085708387785
101257,-83.3979206122,36.4270903601,-343.37607861977403,198.743466821939,1317.394787373283
301502,8.33987458519,47.5724263723,-316.1048290758825,186.31892735904154,1315.577744903781
301429,8.3399480932,48.7858900137,-426.91233104569307,254.82952806848567,1327.014750697784
100736,-83.4349909603,33.3132561725,-625.709853883291,436.88542468596205,1373.644398851802
101523,-83.4376940895,45.0727013405,-566.0638442188666,378.70251199981703,1356.2616461394407
301325,8.34377467851,48.898167923,-393.8409708847004,230.04895975751484,1322.4797102713558
101524,-83.4395879267,44.4354251877,-510.8470315894144,326.91788244820486,1342.7231144425543
100815,-83.4520870157,30.7895891297,-754.3165700186578,566.9150739982996,1420.360081571005
100724,-83.4645068797,32.1478168211,-541.4906574236427,355.3543784913705,1349.9284405133787
100734,-83.4767572658,34.1188097591,-556.664408512513,369.72108382207784,1353.781274806409
100840,-83.4768313698,34.6524409723,-456.3110518194188,278.85295955994565,1331.836714184301
100738,-83.4812800371,33.2523614095,-564.2213293224331,376.93728191225324,1355.769808886926
100706,-83.4975553005,32.5563707959,-455.9397684403429,278.5399411215082,1331.771211204788
100722,-83.4979204235,32.2395894577,-564.9525368819608,377.6375528166913,1355.9646682311727
101522,-83.4979213465,45.0937586282,-539.1891557749424,353.1905804274939,1349.3604582529474
100816,-83.5257172958,30.7900107617,-771.0944219291449,584.1767782784204,1427.3375804180487
101550,-83.5312543893,41.960424753,-516.0008402603354,331.6402952552469,1343.8807036455585
100693,-83.539674299,34.8940748253,-305.9072480911344,182.6771156763073,1315.0669141856279
100733,-83.564321764,34.0314415189,-597.3176151185932,408.958061079826,1365.0189580793613
100839,-83.5732315887,34.7112126342,-369.6517747059252,213.88724046239903,1319.7643016184802
100723,-83.5853693457,32.2059083129,-579.0990780721462,391.2522465914645,1359.819245582575
100809,-83.5892393561,31.518534313,-486.63450944354406,305.11151231603895,1337.5810611479494
100841,-83.5894388311,34.5730915477,-446.7144974483372,270.8366364961236,1330.1813950970852
100813,-83.5896572521,31.4853004003,-559.4909064094609,372.415596824126,1354.519633283979
100810,-83.5898582491,31.506820079,-498.20556517435864,315.45062975884764,1339.9772983185753
100732,-83.6020490731,34.0189522249,-434.2596779902262,260.67898019731126,1328.1504398638751
101265,-83.6054716224,36.5884236625,-311.8009374503438,184.7106738625485,1315.3509391917626
100808,-83.6099427208,31.5402083228,-615.5852996648152,426.88385317826544,1370.4962182721326
103037,-83.6100109588,31.5599597134,-491.9900806394639,309.87719797613494,1338.6761886354127
100719,-83.6148180702,32.2479533274,-580.2144102657172,392.3308283952629,1360.1299714009717
100842,-83.6229860149,34.539486186,-440.735783414802,265.9242429987452,1329.1898898232525
100807,-83.6272605412,31.5319238361,-629.7567641374948,440.89548288306344,1374.9250477828177
101266,-83.6317190716,36.5437370908,-388.7932382127431,226.5231643026296,1321.8709483756613
100806,-83.6353802619,31.5649544848,-624.8691672587722,436.0532566194258,1373.3799557304967
103036,-83.6439910006,31.6061137022,-616.7210589874592,428.0035599594194,1370.845398844024
301428,8.36489704226,48.6650652687,-258.1489311260375,174.07520247931512,1313.8996294664632
100737,-83.6603119259,33.4149833459,-418.94453002105564,248.61651891192287,1325.8356737053718
100843,-83.6603515789,34.5434142643,-405.9637505617893,238.81191129173723,1324.032170745374
100805,-83.6685269826,31.5855844335,-658.4951882414705,469.5560320084168,1384.3817852707336
100802,-83.6685964056,31.6524696471,-659.3867556890546,470.44996966248874,1384.6852473213294
100838,-83.67280694,34.6861365691,-401.39566644854443,235.4627892603599,1323.4321989887367
301389,8.36844201055,48.3973968416,-220.17263792823215,177.91925492535304,1314.4144405274492
100844,-83.685117009,34.5106415596,-380.43545756909964,220.8571596865442,1320.9117855400875
100836,-83.7100625061,34.685495183,-381.1731795456796,221.3483268144909,1320.9939977068288
101246,-83.7108026001,35.664134186,-288.85020603777275,177.94607387880012,1314.4180710119492
101555,-83.7145877394,41.502091329,-556.4063800308609,369.47538013915215,1353.714193145239
100837,-83.7146676054,34.672642996,-403.63731508774987,237.09936794956096,1323.7243559276137
103574,-83.7184082597,39.3394760001,-418.3468813271346,248.1562390035134,1325.7494405619275
100735,-83.7222144511,33.8980832429,-463.0034283720055,284.53285192449874,1333.037510356773
100704,-83.7229205281,33.0979229737,-438.9736278246968,264.48900739429286,1328.9034935714155
100845,-83.7357779132,34.4234063194,-502.1667763850187,319.02545989647314,1340.8233680302753
100814,-83.7687067729,31.3604330029,-744.6764387001541,557.0212906435379,1416.4401782017082
101229,-83.7687540269,35.9604235825,-454.5722113621377,277.3889399425132,1331.5309550274549
100731,-83.7853209913,34.0643465946,-456.86641481559445,279.3215887701062,1331.9349121285736
101161,-83.7902075947,39.7570121917,-444.87097678664327,269.31497867701654,1329.872406636703
103612,-83.794266744,39.5521836357,-461.27507272976857,283.05923770154493,1332.7237494102349
100846,-83.8019186647,34.4142350226,-482.7359414422576,301.66466747875495,1336.7990244606563
100830,-83.8020912577,31.14355581,-648.0041186391401,459.0578484178386,1380.8563170684738
103918,-83.806675823,40.4856433859,-403.02447914064066,236.65061683984297,1323.6440513387927
100850,-83.818385926,34.4060003949,-457.9725951084139,280.2564968915984,1332.1312864143104
100849,-83.8229206244,34.4145899216,-390.98948534326877,228.04792513478782,1322.1330932822825
100847,-83.8268535087,34.4773256008,-392.723375715479,229.26184303791734,1322.3430163414623
103584,-83.8269729777,39.4021285273,-455.29565946672983,277.9974455803453,1331.657853933619
101166,-83.8270876487,39.9645910388,-388.7241518286905,226.47543658100994,1321.8627703239295
100848,-83.8313708351,34.431125008,-304.7643674610937,182.30584856853875,1315.015392539642
101245,-83.8314526131,36.0155632601,-522.4639174263299,337.59857751727816,1345.363467519311
103736,-83.8430359111,39.9476771524,-391.7609337224803,228.58692953309276,1322.2261699676276
101247,-83.8433488741,35.760304816,-588.6308755444874,400.4929933881945,1362.5067698719633
103631,-83.8522596878,39.6437141333,-407.0828892773117,239.6407492231184,1324.1819168385105
100952,-83.8562043761,31.8313950909,-533.8472220171732,348.18475024642396,1348.058856466608
103633,-83.8686879672,39.6354319166,-460.45644529912437,282.3628848921938,1332.5760237069169
103691,-83.8763823338,39.7903561094,-407.3779525982882,239.859810431225,1324.2215784580758
100851,-83.8768747879,34.4231766993,-507.0098615176593,323.41925911086696,1341.8755819217058
101248,-83.8819287853,35.7856275091,-632.9350532046569,444.04956643783964,1375.9397071265614
100702,-83.8895613589,33.9188439316,-433.73819331115016,260.2601771730286,1328.0683039723638
100945,-83.8931803242,32.2983682495,-499.093968893821,316.25086426534386,1340.1659111253618
100705,-83.8971200345,32.9023364225,-457.04698994027063,279.4740702905569,1331.9668975461311
100946,-83.902226094,32.1980705662,-459.8428818516363,281.8416548299767,1332.4656763276098
103591,-83.9104484866,39.4604366501,-414.89201695428085,245.51177893399415,1325.2569916017153
100825,-83.9188880733,30.2311171815,-721.402060621188,533.2147884181345,1407.2484040785728
101249,-83.9286978361,35.8188715128,-557.5427787877464,370.5578464091663,1354.0100360519098
103712,-83.9347807246,39.8561076799,-405.67563899839115,238.599058744669,1323.9937956908018
100951,-83.9352622067,31.8607688553,-677.0605621462414,488.2244398330929,1390.8246344684264
103589,-83.9443705344,39.4359355461,-441.9463957768875,266.913641386223,1329.3881871567642
100853,-83.9518999811,34.2609655589,-649.554299477524,460.6066175247933,1381.3719688416752
103654,-83.9599547457,39.7026098672,-439.1347427850672,264.6199873409261,1328.9295684475555
101527,-83.9645879891,43.4104249869,-573.4884290405479,385.83771090392776,1358.2712539656713
100852,-83.9685237304,34.4686933501,-411.52620898570785,242.9628493015037,1324.7871551062833
103661,-83.9686384064,39.7145367131,-350.66534994117336,202.6603856142932,1317.9913854389295
103634,-83.9767464951,39.6480627906,-416.9940498152793,247.1174075376213,1325.5553829629334
100954,-83.9771641622,31.7644677023,-622.6155236623166,433.82393752903573,1372.673766401577
100953,-83.9939106935,31.8771870317,-581.7609864708107,393.827646113035,1360.5624847969416
100950,-83.9979205589,32.0312560624,-526.3330774977071,341.1840037378136,1346.2676496894885
100949,-83.9983580149,32.0311467224,-583.9187105680735,395.91825423188976,1361.1691019957518
101525,-84.0183697796,44.0725401387,-539.9083853013278,353.8663249035783,1349.5374896958808
103730,-84.0187592976,39.9393650297,-374.2591810762527,216.81615355249644,1320.2421386379071
100831,-84.0191095036,30.9770714972,-658.4945193232468,469.5553614134076,1384.3815578177753
103659,-84.0226808779,39.7144997011,-422.5122138256438,251.381080572812,1326.3568553989721
103616,-84.0314354186,39.5815416851,-399.4900087511214,234.08218031161982,1323.1872608717697
100944,-84.0394798563,32.2991057496,-596.4659912731116,408.12640817825286,1364.77002650497
100703,-84.047652905,33.2150909724,-617.2084536986898,428.4842442377639,1370.9955535135418
101163,-84.048109092,39.060298541,-467.4076952381797,288.30849882765557,1333.8485111474056
100947,-84.0526667824,32.0311105284,-523.7584771096385,338.79669750087663,1345.6646173662273
101549,-84.0729212401,42.1687580972,-456.5618123188999,279.0644955549308,1331.881020539456
100832,-84.0760112123,30.9051962553,-706.1267042920261,517.6577690289258,1401.4277098837097
103628,-84.0766855364,39.6270755949,-434.4603323046999,260.8402696274346,1328.1821059076226
103629,-84.0769965374,39.6351389396,-435.65393606578095,261.80135846005686,1328.3711873890618
100855,-84.0895990275,34.0312558709,-439.1529877823251,264.6348229029202,1328.932522623611
100701,-84.0974906561,33.8940572546,-444.3726816318605,268.90473120373383,1329.7893873308083
100700,-84.0978017611,33.4853419317,-450.6497335957498,274.10488214124985,1330.850685316562
103743,-84.1098252211,39.9689135762,-386.23757531098886,224.7673302547536,1321.5711910236785
103786,-84.1309071709,40.0809568855,-419.67882600301414,249.18316030300866,1325.9420453294667
100959,-84.1482768353,31.7811459857,-586.2010310789487,398.13246317292925,1361.814788591326
100828,-84.1520200676,30.2643403032,-722.8181233205271,534.6597876840299,1407.7965580154778
103723,-84.156017734,39.9275652458,-447.9513768162762,271.8609572725489,1330.3903338054743
103722,-84.1645877467,39.918757681,-368.9148687936199,213.4258126121022,1319.689598990244
100942,-84.1726957983,32.7237569777,-443.6284824719404,268.2928700458036,1329.6657942172194
100699,-84.1769445027,33.5524735573,-499.5932080672259,316.70094352449405,1340.27219169212
103635,-84.1848757873,39.651946842,-446.48876411183676,270.6499878910106,1330.1434043513123
101526,-84.1897375147,43.568767902,-619.3034943932382,430.5516493509346,1371.6430960540372
103782,-84.1936333571,40.0649227081,-376.8217163741017,218.47714770541597,1320.5159310903405
100856,-84.2020873788,33.9979231531,-485.7389313259448,304.3180099320995,1337.4002809043102
103639,-84.2020877388,39.664590965,-346.44292152568767,200.36313102778573,1317.640104303581
103581,-84.2062191641,39.3813221916,-369.0067324571306,213.48322754161978,1319.6988855930285
100958,-84.2103612505,31.8616397334,-607.9167467914339,419.3392330972187,1368.164994658341
110460,-84.2185110581,46.5462114624,-414.7940727259678,245.43721996208706,1325.2431811319057
100827,-84.2224015184,30.45548414,-621.8588510985794,433.0759225753293,1372.437544993712
103588,-84.2265118658,39.4311915267,-429.6046277705075,256.9599948809026,1327.4255154859302
100941,-84.2309641422,32.7561252234,-494.34550129063376,311.98404627636404,1339.1654510645303
100940,-84.2314565142,32.7223473476,-612.4454991899639,423.79148865720157,1369.536157263539
100826,-84.2399022769,30.4640950218,-568.21093744351,380.7623253008515,1356.8382396448021
100880,-84.2438143202,33.814277246,-493.5894481943951,311.30707215835696,1339.007898919832
100938,-84.2518235779,33.1190969854,-467.0402312421364,287.99237509932306,1333.780217393122
100873,-84.2522819439,33.8981542019,-458.06391123436293,280.33376226604236,1332.1475438029108
100956,-84.2564273253,31.7646519624,-602.2979953994336,413.82906842535704,1366.4862085171928
101554,-84.2641488649,40.9477992602,-372.55531829631883,215.72428831537042,1320.0632669546817
100857,-84.2687743123,34.0519717416,-501.4827350054085,318.40690642759665,1340.6763286694843
100957,-84.277154479,31.9481691595,-619.1137963801827,430.3643733192587,1371.5843226052027
110462,-84.277720704,46.565662837,-312.0246635381694,184.7917418513603,1315.3623257682098
103576,-84.2887555479,39.3732144969,-412.91841801126816,244.01384005377807,1324.9803071486328
100875,-84.289490175,33.8604700098,-513.8780380308948,329.6920048830507,1343.401235029096
100943,-84.2932509473,32.3098838285,-532.2956139314773,346.73519185605204,1347.6851833664075
101167,-84.2935056863,39.6364640587,-369.6297055861328,213.87339294938832,1319.7620574958119
103720,-84.2935385773,39.9085047732,-367.63161138443303,212.62698837345945,1319.5606452068287
103719,-84.2937544504,39.8954530131,-404.29409327017055,237.58139948333107,1323.8107801246947
101162,-84.2979210637,39.1729242003,-400.16664263173135,234.57125254951768,1323.2738691278328
103726,-84.301616835,39.9364507725,-394.6437942914472,230.61662063808416,1322.5785745687945
101267,-84.302071466,35.8856990103,-428.9183425974655,256.41547747076623,1327.3202165568246
100884,-84.3104835737,33.8018104909,-492.0012978573714,309.88721593284293,1338.678507630754
100876,-84.3143969251,33.8437519704,-510.78705018174605,326.86307743441506,1342.709771910442
301494,8.43146627777,47.6600111906,-472.3043028575888,292.5396992095785,1334.7694691621941
110461,-84.3190058884,46.5732725526,-349.4850464289054,202.01050628815455,1317.8916134662556
100877,-84.3225918937,33.8479537747,-438.7795744979742,264.33131561420726,1328.8721174771604
100885,-84.3273222581,33.7899117709,-447.1615445129649,271.2065462489876,1330.2567612766336
100960,-84.3308678434,31.3313829285,-603.523996906556,415.0300572545324,1366.8503973071065
100698,-84.3310417074,33.6809301269,-441.26505726776526,266.3564666521189,1329.2764300630986
100961,-84.3355064438,31.3100986258,-636.6810434196842,447.7722477359032,1377.145615407593
103812,-84.3432395284,40.148352943,-374.176037276626,216.76263905051258,1320.2333512989428
100886,-84.3481112878,33.8065178483,-477.07741574195245,296.6967298896032,1335.686718404087
100858,-84.3481996469,34.0187715759,-492.9792681780787,310.7612009029336,1338.8810941157278
103748,-84.3508024121,39.9894898159,-381.17736731803745,221.35112005254672,1320.994465750107
101164,-84.3520877182,38.7895907906,-407.2903425353822,239.7947436163346,1324.2097942772957
100859,-84.3560285745,34.0101601772,-516.974981739911,332.5358181494599,1344.1019792211548
100879,-84.3565702875,33.8229507947,-483.42726823918025,302.2744848901081,1336.9367690393867
100939,-84.3593669818,32.7934750515,-542.1055558337603,355.93319449429146,1350.0809231808312
103745,-84.3611536749,39.9852976665,-430.0910178685332,257.3465035445321,1327.5003891074723
100969,-84.3642334082,31.5354517884,-527.5407076138899,342.30581912599956,1346.5523881384695
103043,-84.3726002419,33.7980068986,-452.9017053847222,275.9871615413409,1331.2396379050397
100833,-84.3812539406,30.5562557154,-735.2801689233764,547.3960420241536,1412.6827269481296
100932,-84.3844232169,33.4195018753,-550.6021375051808,363.96086516444956,1352.2194982935089
100933,-84.3885219172,33.2608485772,-450.39570961586264,273.8931017630792,1330.8070827085699
100860,-84.3943760747,34.0028844466,-361.4542419134094,208.86739472782935,1318.960063373522
301270,8.43969465645,49.502630327,-529.880361096279,344.4828553025034,1347.1074559185172
103680,-84.397942632,39.7647051133,-439.7478627738147,265.1188804410848,1329.0289992924265
103645,-84.398077688,39.6731587637,-447.7425464321482,271.68782519548824,1330.3549656213372
103823,-84.4009258842,40.160307216,-395.6579977164153,231.33639332817268,1322.704270452009
100887,-84.4027093824,33.8103892606,-436.9538456312548,262.85123056099957,1328.5784996007296
100888,-84.4059896716,33.8184920153,-448.58739539208193,272.3887234711411,1330.4982814224647
100931,-84.410282979,33.4772157161,-493.66013532936586,311.3703375458563,1339.0226089567402
103706,-84.410358068,39.8313201258,-439.9909606067458,265.3168853907449,1329.0685121043762
101341,-84.4187551297,46.4937588021,-481.51640216223143,300.5904153213365,1336.5570163584298
103758,-84.4190370767,40.0110036597,-377.15431773349076,218.6943745142955,1320.5518882793258
100890,-84.422764567,33.8605492128,-464.3490905531128,285.6833495333988,1333.2835543853816
103567,-84.4270311294,39.3149361801,-413.5854546265679,244.51906351366188,1325.0734442345044
100870,-84.4307928787,33.935528236,-453.9293149571531,276.84891376012155,1331.418559748982
103815,-84.4314266847,40.1515848943,-356.42290304724,205.91413062188323,1318.495615989549
100889,-84.4354808831,33.8188805373,-434.41864512581145,260.8067541546866,1328.1755242461734
100869,-84.4436157117,33.9561180657,-436.18300788458066,262.2282646411193,1328.4553899061073
100891,-84.4477812901,33.82676633,-593.2406510146454,404.98013570528116,1363.8324569058188
100866,-84.4478107581,34.0022275835,-336.1646341705483,195.10335063734317,1316.8505525016164
103041,-84.4493781752,33.9612189941,-432.0720524489118,258.9257643444074,1327.807445240171
103040,-84.4519193414,33.9768726874,-494.1633032418623,311.8208442281703,1339.1274394504294
100868,-84.4552117517,33.9681632807,-425.11194361035297,253.41344653170972,1326.7435453308126
100867,-84.4561105858,33.9854260691,-432.86933677674165,259.5636109429318,1327.9319742816751
100872,-84.4562350368,33.8562432844,-543.8525112419468,357.57924759790143,1350.5158194210744
100871,-84.4563731538,33.8938100005,-408.024284431811,240.3404378063245,1324.3087201399944
100865,-84.4600478681,33.9894869254,-338.5732176951458,196.292309349667,1317.027232407789
101168,-84.4605473122,39.5020517756,-410.95930047995796,242.53624784393492,1324.7089837817623
103872,-84.4643759255,40.268910915,-377.68913061422796,219.0444506393361,1320.6099089245783
100864,-84.4646565425,33.9573302598,-450.7712000125957,274.206188061142,1330.8715541948131
100893,-84.4687882788,33.7981542256,-409.5755934149542,241.49834761763896,1324.5193513482334
100971,-84.4689579118,31.2190496692,-622.6293686104361,433.83762637664313,1372.6780927275024
101521,-84.4770883815,45.6339007209,-560.4478717908505,373.32911884527414,1354.7710844167302
100863,-84.4773065015,33.9562235697,-448.45542957655954,272.2791604520714,1330.4758552526907
100892,-84.4807040218,33.8186506503,-626.0360769919008,437.20842285631744,1373.7471620390713
100970,-84.4807305688,31.3503528101,-580.510078816572,392.6168767443391,1360.2125099036452
100894,-84.4855769472,33.7982942396,-387.434765767882,225.58734578520486,1321.7109028726018
103721,-84.4936416169,39.8858661813,-436.8890755342405,262.79884093949124,1328.5681356230978
100955,-84.4936900339,31.9476021565,-515.185069979561,330.8910680778416,1343.6960069627316
100829,-84.4937539569,30.129173171,-614.5349414820927,425.8488611665699,1370.1741906599902
100935,-84.4971520772,33.2565155348,-521.5529906644049,336.75643151132584,1345.152390756578
100862,-84.4976162262,33.9643748544,-445.7341294802457,270.02667434357426,1330.0167160795181
100934,-84.4979866162,33.4117890666,-487.43968091361563,305.82576318215496,1337.7441674774147
100861,-84.5145580756,33.9681462057,-443.1843039850123,267.92815984805543,1329.592252923226
100896,-84.5183983359,33.8034412801,-382.2854589821889,222.0922138850392,1321.1188484244149
100895,-84.531597227,33.83949668,-406.9509155026986,239.54284133319686,1324.1642016864357
101206,-84.5354822454,36.6271792377,-381.6867193168568,221.69128195529115,1321.0515072051032
103883,-84.5475963724,40.2893022867,-377.9803482789974,219.23547908475408,1320.6416075087957
100968,-84.5521304927,31.3812188816,-592.4283194303933,404.1885842652389,1363.5976209440353
103827,-84.5524859118,40.1660561715,-363.7599768280449,210.2538133674296,1319.1803236212404
301516,8.45590015579,49.4818977303,-530.201990862497,344.78250167055523,1347.1841127522625
101278,-84.5603486624,35.9853089836,-322.0459089895436,188.70440253829128,1315.9177070513294
100963,-84.5603510814,31.8391168095,-555.3379765946889,368.4585060220537,1353.4370066072152
100965,-84.5644181517,31.615375523,-605.374523249377,416.84423242700313,1367.402345435151
100897,-84.5682697991,33.7434472881,-425.62839232002864,253.81894174976387,1326.8210562788279
103577,-84.5686136881,39.3804629835,-512.2062704737183,328.1607896016991,1343.026270787696
100962,-84.5725263424,31.8312815089,-518.0161590738389,333.4939732912372,1344.3393509138498
101169,-84.5729211614,39.3937575636,-412.5518505299659,243.73665603362178,1324.9292878068425
101276,-84.5807892071,36.0814969785,-469.71273908817216,290.2960022966835,1334.2795168716825
100834,-84.5812190521,30.6018819672,-618.6073192354517,429.8644407528864,1371.4275400536794
103718,-84.5938934292,39.8972298793,-437.64358046646197,263.40963067474144,1328.6890884349498
103802,-84.6013138418,40.1068952796,-372.5132629199115,215.69746689408035,1320.0588840723801
101277,-84.6022236549,36.014778406,-408.2937897732923,240.54116227552328,1324.3451630684328
103849,-84.6140851369,40.2227477372,-395.9394943996937,231.53669038780336,1322.7393164148527
100903,-84.6146597429,33.7728910805,-490.4402565289905,308.4945103417439,1338.3567996259019
100902,-84.6316047853,33.8362228108,-565.9621129941795,378.6049901094317,1356.2344187970077
103863,-84.6349073546,40.2356560123,-383.06578911591214,222.6164757670132,1321.2070827379105
101268,-84.6433372183,36.0774388212,-456.0773274845516,278.6558870249708,1331.795466116163
103673,-84.6433899243,39.7482533469,-400.8107590686899,235.03798408633153,1323.3566844041939
101170,-84.6438750813,39.301983772,-433.3935273184674,259.9836753911549,1328.0141458824103
110163,-84.6439011623,47.2395301408,-344.1493654403485,199.14790996365457,1317.4558627281547
301339,8.46513739655,48.0356559356,-459.4931864363904,281.5448493021575,1332.4029279322635
100901,-84.651969004,33.8605235398,-509.24347083704356,325.45396463860055,1342.3674397469858
103765,-84.6646276,40.0238900867,-415.00265305439507,245.596026964906,1325.2726016389388
100937,-84.664770868,33.102246015,-466.0161483051471,287.1124266523648,1333.590494016849
101171,-84.6677825293,39.2645275629,-369.7201665223246,213.9301648166896,1319.7712588219183
101275,-84.6690490034,36.0816815866,-452.0696164376458,275.2906706320302,1331.0954186424528
103884,-84.6725732747,40.3015342437,-354.67268755414517,204.9105650709856,1318.3392582607883
100900,-84.6773094451,33.839178815,-453.74025788114204,276.69023841098533,1331.3855745898038
103637,-84.6854666518,39.6561032383,-438.3105483644835,263.95047253235003,1328.7964148596825
301492,8.46878290986,47.7560720645,-381.83299047679895,221.78912206902768,1321.0679296925061
301532,8.46888035186,49.4944772043,-519.4436582575534,334.80931993586097,1344.6662563289851
100966,-84.6894302061,31.6645615841,-565.706113707344,378.3596130916068,1356.165940072499
103806,-84.6940770375,40.1189419146,-365.21305946332876,211.13793258043836,1319.3215251667186
100967,-84.6983374098,31.6227837256,-588.4587252161908,400.3256464323816,1362.457589573121
100936,-84.7020149941,33.3065437559,-455.05571973968483,277.79553227316086,1331.6157170688634
103794,-84.7023747612,40.0942447516,-387.4456685884388,225.59483398694124,1321.7121809666014
103867,-84.7060671325,40.2477610683,-373.1295123878809,216.09110972231144,1320.1232623868557
103870,-84.7094085247,40.256277039,-360.2368508046096,208.143666587332,1318.8456490940525
101274,-84.7186890775,36.1061916706,-480.0495383698108,299.30086475266404,1336.267588410191
100973,-84.7268173422,30.7857841314,-656.6062367518183,467.66295576054534,1383.7408357003071
100978,-84.7314594636,31.0394276984,-596.1246703009015,407.7931968727177,1364.6704186760867
100977,-84.7397967153,31.0858527222,-511.7225259373293,327.7182342706405,1342.91820349095
100979,-84.7477453119,30.9769726242,-629.9918495120851,441.12863652857254,1374.9998306034265
103811,-84.7480395789,40.1435080886,-358.0694151695471,206.86953784222132,1318.6451629915264
100899,-84.7562086186,33.85166561,-380.04350479414626,220.59692624218584,1320.8682992870238
103818,-84.7642360883,40.1517772803,-353.65915006557094,204.33513950322373,1318.249941941852
301474,8.47716697955,49.2352352099,-578.8541124886699,391.01545061520494,1359.7511326760155
101271,-84.77300273,36.0818051506,-502.0517019760471,318.92136668313293,1340.7986046833923
103624,-84.773005942,39.5975930035,-437.7576363646344,263.50205746099726,1328.7074149262783
101279,-84.7768976233,35.8109602612,-449.73746714523435,273.3448397482724,1330.694353189681
101281,-84.7812282817,35.6211315585,-485.6688546872027,304.25596271207525,1337.38616376862
101270,-84.7898589214,36.0608189238,-500.8187270320279,317.8069576135744,1340.5339691710506
101273,-84.7949513708,36.122857175,-539.9327390640308,353.88921344653426,1349.543491551014
110164,-84.8055866637,47.9229138123,-411.3380027627973,242.82113530659964,1324.7611724176854
100898,-84.8059563537,33.7978011506,-636.2910976909869,447.38446883883415,1377.0195797998301
101552,-84.8062547268,41.38125792,-504.3722163299235,321.02320589848273,1341.3001002457409
101551,-84.8141349844,41.4684299843,-493.74409447894453,311.4454890497505,1339.0400863466832
100975,-84.8142320314,31.1648567387,-567.6772443352816,380.2500499017703,1356.6945716130044
301446,8.48213245896,47.9273295507,-463.66026561497017,285.09408205857517,1333.1574159935938
100917,-84.8313704208,32.6685879092,-483.3472881531926,302.20390337813683,1336.9208126926878
100835,-84.8438031249,30.0388191386,-770.5299477135907,583.5951898887096,1427.099648186886
100920,-84.8478020682,32.5309180488,-501.2149065625461,318.1648581813384,1340.6188635012734
100980,-84.8604207512,30.7020890684,-611.5466306302153,422.90703728735497,1369.2627294938918
101272,-84.8725379542,36.1397467624,-497.6978752868027,314.993723251337,1339.8698093029914
100904,-84.8726917663,33.6687328569,-420.98137390235274,250.191330154823,1326.1318795197308
101280,-84.8852589413,35.7144915842,-411.4212551031387,242.8838112204258,1324.7726619865214
100908,-84.9021060457,33.4770711921,-537.649320326082,351.74524037098433,1348.9828665767168
101269,-84.9021499207,36.0689624825,-429.8983648757318,257.1933536280292,1327.4707082811005
100915,-84.9022314267,32.9605190503,-480.96028629054183,300.1011912940285,1336.4470753494095
103825,-84.905853809,40.1641946953,-350.28408384297586,202.44981065507136,1317.959022894175
103674,-84.9142324977,39.7527335493,-404.94471837148654,238.0600341799109,1323.8967633722937
100930,-84.9264492147,30.7991347115,-652.2360229099644,463.28794266690073,1382.2683451538721
100907,-84.9270875658,33.5270896912,-477.7538626015396,297.2883859609656,1335.8182678123437
100906,-84.9398010358,33.5766293783,-318.5746060948011,187.2876229761267,1315.7152860379567
103044,-84.9518793438,32.4355301329,-464.1665796854916,285.5271472788174,1333.250093578498
100922,-84.9564972342,32.3730394457,-604.9127316015948,416.3913550096742,1367.2643565604594
101176,-84.9604212065,38.4395906957,-433.0878995364431,259.738690790868,1327.966207283773
101175,-84.9650377489,38.7767446905,-412.59007454632064,243.7655442698614,1324.9346024491458
100905,-84.9685467362,33.573316648,-456.21436307469173,278.7714224009567,1331.8196447497487
304002,8.49804217728,53.3363013702,-476.89105847096044,296.53384045622414,1335.6505451388143
100909,-84.9975835446,33.4603640597,-398.40902646448717,233.3034609250834,1323.0497213156868
100919,-84.9980365606,32.460631949,-655.733978968856,466.7892078345912,1383.4457794741143
103318,-85.0019821099,30.4771462728,-546.2701265661725,359.86110235766046,1351.1217832541836
100923,-85.002067187,32.3228448255,-607.4342199472749,418.86542990963767,1368.0198494785375
101173,-85.0105553387,39.4073357567,-329.12747520724565,191.78930446906824,1316.3636266254941
100984,-85.0146342,29.9481247461,-628.1297592148346,439.28247290054685,1374.408655091896
100924,-85.0183471483,32.3146883449,-618.6214131044513,429.87835096472116,1371.4319001766155
101553,-85.0229214337,41.0937578583,-531.3856448350333,345.886018054407,1347.4669560621621
100981,-85.0315390664,30.4232552064,-554.9319320594473,368.0722558930268,1353.3319052442664
101174,-85.0395879401,39.0312574726,-330.6046361645663,192.4648265682284,1316.4622173309165
100918,-85.0523841471,32.6479325924,-509.29934678878976,325.5049306887503,1342.379797261782
100926,-85.0643240451,31.626713321,-642.6145254528003,453.6800423834122,1379.077822695626
301447,8.50664637399,47.9400897707,-510.9530595592094,327.0147690937999,1342.746707089377
100927,-85.0977993209,31.4143761564,-614.292394708994,425.6099342281608,1370.0999512107114
100916,-85.1022486562,32.7939021935,-465.7491008312864,286.88322119746175,1333.5411665181266
103832,-85.1060831166,40.1690138477,-380.4967310914212,220.89788720361153,1320.9185958131236
100929,-85.1102794479,31.2591725705,-623.731270670428,434.92736957295807,1373.0228974775137
100928,-85.1186746376,31.2814899864,-658.2446209913048,469.3048473345461,1384.2966083631052
100910,-85.1312336396,33.3812188341,-411.54193029743885,242.9746909531125,1324.7893268884886
103829,-85.1466389149,40.1689408327,-429.221185991161,256.6556405460867,1327.3666328554507
103729,-85.147407559,39.9394312557,-402.2537515085278,236.08766924228144,1323.543519406199
101172,-85.1520880154,39.5782301889,-372.3027237339204,215.5632860401657,1320.0369655741952
100912,-85.1605067871,33.0269987468,-628.1554184560729,439.30790290969907,1374.4167831312348
100982,-85.1645874974,30.5354223547,-605.1613294898006,416.63514113937106,1367.3386197376708
103830,-85.1658057435,40.1694963308,-440.9262024286058,266.0796854639173,1329.2209971296993
103609,-85.1689995258,39.5476475533,-407.2257043967353,239.74675033129736,1324.20110424675
100983,-85.1774199715,30.1274278529,-594.1835442484105,405.89934837738684,1364.105692828485
100991,-85.1807885657,34.2689886216,-385.32496333015644,224.14522567851427,1321.4655282633619
103826,-85.1810561748,40.1691194868,-437.8247093334336,263.556422692588,1328.718197412984
100914,-85.1812497468,32.8867039462,-551.4813402133483,364.79462381598194,1352.4441495895267
103627,-85.2011107544,39.6226686885,-431.1596576180035,258.1974125346405,1327.6656070085864
100925,-85.2057324888,32.0898799463,-589.6881715741381,401.5211447826149,1362.8093373254515
301432,8.52087987017,49.007213408,-462.6448946567436,284.22678378792,1332.972214570251
100911,-85.2231105502,33.3399685457,-412.7144867183428,243.85959482579523,1324.9519093848257
301412,8.52261118031,49.3525301346,-547.8249079369243,361.330918934042,1351.5140003609336
103210,-85.2474346593,31.1107435993,-610.9197337432615,422.29041833057784,1369.0724077300326
101340,-85.2729220774,46.5729254316,-473.40043487249346,293.491558201407,1334.9784099113303
101282,-85.2773503167,35.0853962231,-505.26940559676837,321.8373937155411,1341.4951987195134
100993,-85.280930578,34.5690272984,-261.11772275815594,174.17812737241033,1313.9132696829172
100913,-85.2979156104,32.9230617702,-431.71620787900866,258.64149661790736,1327.752041597619
103717,-85.3137826347,39.8977949863,-388.1725441232136,226.09488401293157,1321.7976232278206
103816,-85.3316411912,40.1525518134,-391.726363632188,228.56273798564973,1322.2219879390116
301533,8.53532756336,49.4774385999,-519.3837859411066,334.754112883046,1344.652511352286
301448,8.53953441271,47.9399144877,-513.986642006517,329.7915736881206,1343.4256742632178
103586,-85.437473692,39.4267233373,-372.39311764237095,215.62087678282106,1320.0463714197645
103549,-85.4602320959,39.1647729437,-461.09692466147715,282.90760976590485,1332.691553157501
301415,8.5466644483,49.3896471867,-532.3898245011602,346.82314831751404,1347.7078156643474
301528,8.54777168839,48.1522761223,-438.1278150351801,263.8022096216411,1328.7669720440656
101197,-85.4852141279,39.0733256701,-409.49582380475897,241.4386591394533,1324.5084697052532
103592,-85.4883753202,39.4643450004,-427.9297064919697,255.6328010461659,1327.1692390816643
100995,-85.510421107,34.2937565016,-367.51415357699835,212.55417213642403,1319.5489139423728
103734,-85.5516637304,39.9442155351,-349.4197174753203,201.97470956183412,1317.8861269079669
100985,-85.5560493108,30.3844564742,-661.3638126267623,472.43324131908287,1385.360324138507
103807,-85.6149801537,40.1183836566,-390.2060320028943,227.5023452200977,1322.0390982397375
101196,-85.6729214445,38.806257401,-448.2641248406787,272.12038607517565,1330.443371478695
301555,8.56886445014,48.0653145791,-345.59498867403863,199.91114988508684,1317.5714508300005
103546,-85.6894246818,39.1308932399,-362.4995301228235,209.49339091337356,1319.059339465165
101283,-85.6937545332,35.0104233109,-488.50139321444067,306.768807725231,1337.96007473581
103564,-85.6937548212,39.2937574933,-366.5009036747624,211.92813314049607,1319.4482156607398
101194,-85.7016516898,39.2731427086,-457.7779402766283,280.09183809825964,1332.0966548877589
304005,8.57155223436,53.17695876,-497.71580344338895,315.0098531349715,1339.873601413958
101177,-85.7175035102,37.985007851,-604.340315459266,415.8301332535523,1367.0935446835967
100996,-85.7437930313,34.4353989143,-286.753786809059,177.48772647940518,1314.3560983404468
101178,-85.7477769447,37.8227840026,-596.9053204508076,408.5553880349723,1364.8983717794895
103559,-85.7603570657,39.2601708855,-471.7796267330105,292.0846792871823,1334.669816871645
103809,-85.7647725631,40.13594849,-373.2121629796315,216.14400575348628,1320.1319219748675
301374,8.57679007879,48.3732185926,-278.36653633699154,175.9334093429142,1314.1471092373624
103568,-85.7685512714,39.3147430751,-359.527381780045,207.72456431914952,1318.7795702146266
101001,-85.7816363815,33.8237185857,-409.24278001941724,241.24942200183818,1324.473987592854
101002,-85.7853220898,33.7813522872,-423.6942949565686,252.3033453733087,1326.5319590120916
101195,-85.7983157188,39.0683935447,-444.1905169455815,268.7548669860651,1329.7590904831566
103563,-85.8143381892,39.2905769311,-396.1797805656127,231.7078426110153,1322.7692862027548
101003,-85.8267422212,33.6162755156,-370.0022963826669,214.10741441421084,1319.8000019325023
100997,-85.8308574575,34.3355762791,-302.98588257442026,181.7432494204312,1314.9375152089133
103636,-85.8356564329,39.6564040873,-354.1389657307648,204.6070225693581,1318.292112499575
103585,-85.8396293183,39.3979920209,-394.0871630831225,230.2228395469405,1322.5099682206371
103824,-85.8440457806,40.1645326984,-386.673290010088,225.0652600722296,1321.6218942970318
101183,-85.8517514523,40.1443334257,-392.98103713912195,229.44298966095008,1322.3744347568313
103541,-85.860263772,39.0850598711,-469.6856582398324,290.27260727798904,1334.2744270688308
100998,-85.8644957213,34.2690888146,-335.036580204841,194.55595189149798,1316.7695616964652
103664,-85.8812549097,39.7267764992,-399.20025634988644,233.87313142846583,1323.1502944858723
101180,-85.885299745,37.2686037728,-492.52931154072473,310.3589468833723,1338.7877860603787
101193,-85.8855408111,39.7142182431,-468.01177116424424,288.828607981176,1333.961028284649
103552,-85.8931769067,39.1772524807,-413.43782460963433,244.4071535724951,1325.0527977825277
100986,-85.8979210371,30.4520889798,-641.0613048881694,452.1322392118617,1378.5694113567972
103524,-85.9145780105,38.8884479668,-357.96890859187926,206.81090658364846,1318.6359661695283
103556,-85.9310418628,39.2111628875,-403.51663449535084,237.01092039990624,1323.7085164728317
101207,-85.9520288966,36.2477514673,-457.0179965237843,279.44958407152626,1331.9617600485547
101518,-85.9606042033,43.0149039152,-538.0982686267291,352.1664404769282,1349.0927551477266
103562,-85.9727773093,39.29033645,-432.56294849153954,259.3183407057279,1327.8840544340708
103839,-85.9767929266,40.1939161868,-363.6030666010404,210.15882003460123,1319.1651867117441
101516,-85.9851819353,42.5935385144,-540.1708442011862,354.1130180889818,1349.6021968617204
101298,-85.993509986,35.3354772368,-509.88625626450596,326.0404602701402,1342.5097548722167
103768,-86.0313529711,40.0310292623,-375.9717864461634,217.92374903601544,1320.4244850001103
101519,-86.0395886168,43.3187581954,-394.25707338607623,230.34294546266236,1322.5308815745323
500004,86.0420939333,69.4103623472,-316.1041964837535,186.3186834846787,1315.5777103650544
103512,-86.0476856085,38.7689021099,-375.9064753414492,217.88132592287468,1320.417484123792
103738,-86.0478417805,39.9648194808,-408.5005482295641,240.6952784387644,1324.3731638992874
103529,-86.0601849525,38.9191318273,-398.64383478693156,233.47233751793237,1323.0795110574354
301410,8.60698666629,49.2692764297,-571.3304691649178,383.7602853322008,1357.6825905903584
301531,8.6070667513,48.2436834298,-395.97092985638017,231.55907206710083,1322.7432343620098
101185,-86.0847194565,39.8604376942,-519.3971946409957,334.76647648123594,1344.6555893497623
101316,-86.0978848526,35.4855186542,-610.088809704268,421.47340115620665,1368.8206193932335
101184,-86.1064709323,39.9017615916,-402.96872318678055,236.6098389004743,1323.6367613731506
103520,-86.1103277307,38.8562989991,-470.9336646170719,291.3518491469766,1334.5096328596724
101284,-86.1187546154,34.297923145,-486.01636736320523,304.5637175184944,1337.4562117028654
101317,-86.1351997157,35.422818282,-427.44343340490565,255.24858809965443,1327.095287430696
103841,-86.1768495442,40.2018213805,-368.6266363844598,213.2458658509029,1319.6605091827198
101186,-86.1811540865,39.7898867094,-388.3769926609894,226.2358243764802,1321.8217385204407
301472,8.61811821821,49.1188600613,-439.00149777662034,264.51166099908244,1328.9080024585555
101187,-86.1854216629,39.6687575404,-394.12998060158174,230.25309846124728,1322.5152360350708
101299,-86.1894441732,35.2850741036,-473.6082897806182,293.6722448725522,1335.0181450461184
101517,-86.1937552636,42.6479247389,-530.1628122809711,344.7459961774538,1347.1747704267177
103685,-86.1981481329,39.7360344299,-460.2660740112086,282.20109873849276,1332.5417518123427
110166,-86.2146791743,48.6892809187,-509.375917698491,325.57477838827424,1342.3967358856578
103542,-86.2269377653,39.0975573341,-261.2158191692336,174.18253338806926,1313.9138537710076
301554,8.62271618359,48.1772207793,-490.29748383580943,308.36727920249893,1338.327478264063
301496,8.62304162662,49.5813524435,-462.48333146297483,284.0889272665764,1332.9428265268427
103494,-86.2429769856,38.5898854101,-382.4821153299883,222.22415240241665,1321.1410349031123
101005,-86.247868891,32.4188084045,-400.8808561724351,235.08884511334358,1323.3657186472
101342,-86.247922309,45.9645919463,-545.8969973165711,359.50863515351807,1351.0279489869333
101343,-86.248057158,45.9519682932,-546.6367421139756,360.2075192299213,1351.2140900329853
101515,-86.2564469687,41.82835708,-538.3071765907871,352.36249199433996,1349.1439456034168
103790,-86.272221796,40.0844903458,-382.75505695049486,222.40747740547553,1321.1718836698583
101300,-86.2727800931,35.0935406528,-517.452985751067,332.9755780956063,1344.210844994935
101004,-86.2733126611,33.2117878781,-480.58875837375354,299.77457709554767,1336.3737715424936
110165,-86.2807334488,48.7071251152,-506.4332262920857,322.8948146682552,1341.749276703193
103496,-86.2860130432,38.6186664415,-374.1183353607143,216.7255139865598,1320.2272564246782
101199,-86.3018830105,38.8484108575,-349.4738560297855,202.00437325902706,1317.8906733905008
301529,8.63134707531,48.136235131,-425.9895902935905,254.10288238270678,1326.875402978401
101520,-86.3229221342,44.2479250002,-560.150569027393,373.04524602454916,1354.6928861463068
101007,-86.356580725,32.1524154954,-473.69399078733056,293.74676162881826,1335.034538939466
301443,8.63574425667,47.9272779897,-430.8053080775535,257.91499962213726,1327.6107137350095
301409,8.63588705868,49.1925896724,-520.6849972227893,335.9546903322054,1344.9519003109751
101201,-86.3603797603,38.6312154635,-376.92662266318365,218.54562317784763,1320.5272619692819
103506,-86.3763816277,38.7314495548,-354.778814919833,204.9710620756929,1318.3486627149632
103603,-86.3811592791,39.5150381136,-426.84094120704134,254.7732445525177,1327.0039436014167
101188,-86.3979217114,39.4979241642,-375.39309951984285,217.54836782998257,1320.3625837395514
301556,8.63984369901,48.1558483206,-541.5078700891634,355.3705770749114,1349.9327047095533
101291,-86.4019866448,34.7104656851,-444.07576597007545,268.6604939997091,1329.7400201656194
301534,8.64029947905,49.4396078468,-457.6650255295014,279.9963512335036,1332.0765807182295
101198,-86.4087282763,38.7687317459,-451.90904961532374,275.15640444872537,1331.0676568465801
101006,-86.4092663994,32.4106102478,-598.9118780613344,410.51594192459805,1365.4865062563358
101287,-86.4314349282,34.9104099386,-520.9452644268453,336.19501847618614,1345.0119518584575
101290,-86.4479214016,34.7479232262,-536.4941709740077,350.6622400600609,1348.7008811437152
103583,-86.4557052632,39.4023159653,-378.3717362263883,219.49266285251562,1320.6843261127856
103230,-86.4604214176,34.9645899371,-487.0662292010933,305.4943821501021,1337.6684483530166
103571,-86.464785497,39.3314184024,-282.6482036606972,176.670639741858,1314.2460101292647
103649,-86.4687131053,39.7060498444,-447.9510114425813,271.86065429038314,1330.3902718920826
301444,8.64755407165,47.8693250389,-425.58719272519824,253.7865722861434,1326.8148644278313
103658,-86.4825872855,39.7103251468,-412.5004545618166,243.69781855704548,1324.922143736513
301530,8.64863160874,48.1434895756,-431.3966512794308,258.3864377220873,1327.7023805780436
101000,-86.489375427,33.7935104682,-257.66173923377255,174.06394113986337,1313.8981375278058
101285,-86.5020021561,35.0100707519,-529.1944674507841,343.84414103367743,1346.944265185862
103666,-86.5056488344,39.7315386875,-397.5707738515287,232.70183291487865,1322.9437642000655
103677,-86.5146575861,39.7644744113,-390.94544305704045,228.01720647507386,1322.1277951251877
100999,-86.5185553474,33.7938327143,-343.4034844122708,198.75775470831053,1317.39694293352
103211,-86.5228289658,33.5688258656,-389.0621900307788,226.70910521518869,1321.9028249388705
103705,-86.5314323515,39.8319394179,-371.5130344851323,215.06139480942713,1319.955099134539
103693,-86.5428978574,39.8027732334,-359.1137429168937,207.4811304593599,1318.7412481948793
103519,-86.5473284508,38.8399677248,-430.1933381702203,257.4278745430303,1327.5161659225232
103530,-86.5521052402,38.9477276677,-345.6155752920286,199.92208582704245,1317.573110151892
103490,-86.5566734586,38.5398771419,-319.50280199527464,187.66017777059136,1315.7683696284785
101286,-86.5641810762,34.9602618348,-489.72996750507986,307.86178282197034,1338.2110960219306
101008,-86.5643349712,33.5355933029,-450.98696137022756,274.386200479652,1330.9086547196073
101289,-86.573228041,34.8440440582,-423.07101835711035,251.81667754323348,1326.4394819526474
101288,-86.5895668943,34.8980206446,-555.9165520086241,369.00907709370284,1353.5869972674238
101318,-86.598121753,35.5853618395,-539.5251360761205,353.50619573969516,1349.44310388406
103045,-86.6229214801,35.2229233175,-509.33994497631534,325.5419634578324,1342.388777577448
100987,-86.6270879214,30.7520890256,-589.0593757760273,400.9096081664267,1362.62928711886
103630,-86.6314630818,39.6482630187,-479.9204643144881,299.18752807528307,1336.2422075169206
103566,-86.6318318938,39.3102777677,-358.21238248482865,206.9530082475617,1318.6582604361943
301600,8.66368037498,52.1940412767,-459.2155145969196,281.3093117849689,1332.3531773110412
103578,-86.6442188488,39.3809123775,-396.9105520554299,232.22936503121878,1322.8607402809632
101021,-86.6982257793,33.6063973518,-410.81231814318954,242.4257724956254,1324.6887616961183
101292,-86.7016164756,34.697723685,-536.2361921802691,350.42052307362553,1348.6380549224791
103502,-86.7020536606,38.6897456973,-261.2370264234521,174.18349436207262,1313.9139811654632
101179,-86.706324889,37.8982334659,-455.2173362520687,277.9315248758981,1331.6440938605692
100988,-86.7102797873,31.0275059034,-583.2915432425252,395.3103201822431,1360.9923987430943
103580,-86.7142318366,39.3851132159,-337.2770847105122,195.64909890094432,1316.9315206549832
101023,-86.7230996224,33.5686960136,-357.5601086987979,206.5728457622227,1318.598650386158
103602,-86.730662774,39.5065860449,-351.3400804919749,203.034551334577,1318.048970725112
103676,-86.73087014,39.7603572419,-398.5622014570659,233.41360862483413,1323.069148943154
301445,8.6735227108,47.9185741159,-488.0805283567551,306.3948174653066,1337.8743754043176
101022,-86.7352717644,33.6110039921,-343.7178634607306,198.92189605913484,1317.421717190686
101293,-86.7482038414,34.91491206,-468.17505947745036,288.96929102887816,1333.9914959817497
101189,-86.7558635421,39.8148082334,-436.8624442702293,262.7773024723522,1328.5638753513285
101011,-86.7594377364,33.4806677093,-470.05009633756566,290.5875322358231,1334.3429746825964
103212,-86.7604274414,33.343749691,-361.8041831670856,209.07649627034692,1318.993192357936
103652,-86.7647480378,39.7064007385,-468.5661460279374,289.30639485237145,1334.0645600181315
103508,-86.7685869281,38.7353873911,-502.3272727185421,319.1706645889217,1340.8579243633637
301414,8.67702860209,49.3271933655,-526.853516677339,341.6673021539758,1346.3902129602216
101294,-86.7890385278,34.902113028,-499.5133350812129,316.62891696990215,1340.255173933467
101012,-86.7933273092,33.4612242147,-569.8320201366956,382.3194654301201,1357.27603450465
101200,-86.7937550952,38.6687573226,-402.63248427713125,236.36410131250628,1323.592856048703
103493,-86.7968060655,38.5810980854,-403.27194677793904,236.83170577758094,1323.6764397145598
301352,8.68040154437,48.8903830794,-427.9068814058724,255.61475535340165,1327.1657633273524
103213,-86.8060451702,33.3106325003,-375.4586996955288,217.59086362504655,1320.369586186757
103214,-86.8100551755,33.1272283001,-477.67400079540005,297.21850255345043,1335.802716891237
301601,8.68117843543,52.5189757716,-558.3075455267209,371.28682260603546,1354.2097196648606
103569,-86.8185089792,39.3230240847,-369.3485070501605,213.6971057296342,1319.7335008217065
103553,-86.8188012253,39.1771401497,-307.6018385839918,183.24150865453873,1315.1454332840478
301354,8.6820637495,48.8772595823,-372.43513452365715,215.64765589473785,1320.0507458756235
101010,-86.8222521846,33.2393927464,-395.4793982595812,231.20942915714244,1322.6820707657098
101514,-86.8597236967,41.718647376,-468.7327977232084,289.45011093366287,1334.0957337887728
103555,-86.863565351,39.2064696341,-402.99286879571815,236.62749713146252,1323.6399180262715
101024,-86.8893362291,33.464416712,-472.3877678768383,292.61211919776287,1334.7853432276293
101295,-86.8897312931,34.7884289966,-569.516825197559,382.0165725700233,1357.1907463256748
103532,-86.9141373822,38.9976817578,-384.3443204194854,223.47965541365625,1321.352797922531
101014,-86.9269841312,33.3810684731,-405.1144322273792,238.18506711942112,1323.9192522176638
101296,-86.9559642236,34.6896011444,-544.2436519574048,357.94812030146744,1350.6135335547503
103610,-86.9812552207,39.5520908127,-371.4572378241815,215.02601643572166,1319.9493353678806
101301,-86.9979215741,35.0104232589,-293.42048998362907,179.04038225210473,1314.5666657385143
103551,-87.00945941,39.169217637,-469.02410355882165,289.70142251722456,1334.1502817907724
101025,-87.0189716168,33.3643096947,-378.5621517977844,219.61797120627082,1320.7051576603512
103527,-87.0395531095,38.9188284993,-402.21182704349155,236.05709274661098,1323.5380656520147
103540,-87.1099330044,39.0854211471,-422.8350662470523,251.6326647680395,1326.404560521472
103489,-87.1112243335,38.5357871456,-543.1793686967972,356.94470434799854,1350.3479485510297
103521,-87.1270885428,38.8812573472,-456.11868883942657,278.6907557605973,1331.8027622513432
101016,-87.1395881678,32.944478336,-562.0575297619318,374.86710166700027,1355.1957069390794
301357,8.71453616019,48.8892523523,-449.3206206317875,272.9980276164987,1330.6231559973667
101513,-87.154172627,41.6111185281,-474.3683126517199,294.33343848004415,1335.1637477108868
103503,-87.1855728856,38.7104952451,-514.5265322655574,330.2867204616631,1343.547311376572
301356,8.71968083662,48.8657808193,-437.8891295954034,263.6086459662416,1328.7285570883355
301353,8.71973118862,48.8152475991,-257.4367685206834,174.0592769408769,1313.8975196274157
101352,-87.1979225776,45.756258524,-566.775534664449,379.38494258058665,1356.4523562774955
101350,-87.2104226007,45.9062585454,-546.4657837705042,360.04596718809,1351.1710323575996
101303,-87.226289377,35.034948439,-488.7435464833769,306.98408889630394,1338.0094510239412
103516,-87.226851076,38.8270974147,-514.2335073164339,330.0179444962833,1343.4812629446853
101302,-87.2270334521,35.0444655267,-487.58237159669073,305.95242470238844,1337.7731296356512
103501,-87.2347638897,38.6695462757,-453.5137510537955,276.50020994202424,1331.3460956084552
100989,-87.2354214357,30.9645890542,-634.1834819138169,445.2896056530342,1376.340398701037
103497,-87.2439738955,38.6395821352,-514.5896103893524,330.34458962480727,1343.5615386309169
101319,-87.2603034648,35.8397615165,-538.129260417199,352.195522769559,1349.1003470657095
101305,-87.2765972392,34.5355467666,-491.26777783531804,309.2324331816724,1338.5270852415917
103504,-87.3434784567,38.7142140144,-386.84531803666073,225.18305006235533,1321.6419584097957
101304,-87.3437456967,34.5608251527,-574.2025220161661,386.5257863996015,1358.4668725242161
101026,-87.3562549227,33.4604229227,-473.6462036567381,293.7052096071965,1335.0253968911234
101020,-87.3937549788,34.2854230939,-357.87702558594674,206.75734120692374,1318.6275661978445
103483,-87.3966892091,38.4728330284,-392.35525275930564,229.00337478482766,1322.2982287883224
301449,8.74014388831,47.9399454047,-407.6505787273629,240.06241167516941,1324.2582911551633
101181,-87.4044546557,37.5895904213,-567.7347288829092,380.3052187582466,1356.7100351986244
101320,-87.4227393652,35.5726248194,-423.5418996839775,252.1842728362047,1326.5093168386793
100990,-87.4354214803,30.6895889864,-632.0546563607166,443.17546323687003,1375.657861319125
101307,-87.4852739144,35.1393545976,-445.00865637198723,269.4284097475512,1329.8953824165978
101017,-87.5188611902,31.5478161904,-581.5698965282356,393.64262903415454,1360.5089413843689
101471,-87.5266452138,44.6017611045,-418.71488167268683,248.439557667476,1325.8025018862747
101306,-87.5313630482,34.5601328947,-523.5872371861788,338.638126672334,1345.6247028908329
101309,-87.5352514786,35.1274636036,-452.0751827201666,275.29532594700476,1331.0963814398124
101323,-87.5393929119,35.4479496371,-550.5624006259909,363.923195530329,1352.2093596920931
103484,-87.5477743616,38.4814696241,-406.8978913812,239.5035167126941,1324.1570883817533
101828,-87.5514863349,41.4559893432,-467.23568994528574,288.16050048032156,1333.8165294488458
101202,-87.5520886359,38.4895905868,-528.3257262968727,343.0357428964975,1346.7381263996526
101829,-87.5896753531,41.5318348555,-451.46914834921853,274.78878233575733,1330.991711128008
101308,-87.5936147974,35.1771616927,-467.93804724109833,288.7651030225512,1333.947279661951
101321,-87.6021584471,35.772649893,-458.6012769959064,280.7887140952881,1332.2433569574216
101472,-87.6352134258,44.5480458131,-389.5332412343058,227.0352958043028,1321.9588063683534
103063,-87.6394950222,44.3272330868,-470.6462291512088,291.1030849355757,1334.4553444206754
301368,8.76461635933,48.414511074,-403.2474866810553,236.81379940668393,1323.6732360304502
101372,-87.6604226679,45.3270917615,-559.1924665679829,372.1308330149423,1354.4413671600146
101327,-87.660919766,35.6477469547,-483.00745328436375,301.90409425741086,1336.8530743216631
101324,-87.6646508323,35.4020890423,-509.11281429054213,325.33480154977474,1342.3385539026008
101811,-87.6690457756,41.1647799581,-571.5161086751468,383.9388832135058,1357.7330835761234
101832,-87.6810825906,41.6475311101,-462.86385691307896,284.4136810376231,1333.0120787732067
101830,-87.685216028,41.5229472078,-436.23484652837675,262.2701225666263,1328.4636530161479
101310,-87.685424344,34.7021362884,-516.8431025652449,332.41452889441945,1344.0719769469167
101479,-87.7148168284,44.1070069426,-561.4235474895598,374.2611411213545,1355.0282144469736
101329,-87.7187132767,36.2106074902,-534.3903380913852,348.6926222210114,1348.190121972884
101812,-87.7187555297,40.6395909737,-415.2523439748544,245.78627063824584,1325.3078702807704
103065,-87.7230253171,43.9643913678,-538.9209375277433,352.93868474663884,1349.294547304102
101322,-87.7395885095,35.9312567481,-489.28423276076586,307.4650323406952,1338.1198774049205
101311,-87.7438565148,34.6813049637,-506.78489546182414,323.21461319695015,1341.8262728005993
103064,-87.7472937991,44.3358531925,-500.1834717195353,317.23344120199016,1340.398118623997
101833,-87.7686745459,41.6520225854,-470.7956149495883,291.2323578013728,1334.4835504510506
101325,-87.7730750412,35.4313673867,-491.9100873510964,309.80576129990186,1338.6596542543987
301535,8.77736191539,49.4109107474,-265.5730151194244,174.44296289069683,1313.9484036658287
101328,-87.7812999549,36.1559135617,-522.7361038754959,337.8503600766127,1345.4266706133749
101480,-87.8104162793,43.9148353247,-489.28042009976843,307.46163971317856,1338.1190978717145
101823,-87.818755669,41.8270911769,-424.80713984752197,253.1743978010878,1326.6979067956042
101813,-87.8229222594,41.0104243664,-418.850618003522,248.5441380223482,1325.8221029757979
101312,-87.8229846334,34.7562526629,-390.57433035776484,227.7585919171411,1322.0832184041872
101477,-87.8259415756,44.3102664254,-497.112602328594,314.46735535438984,1339.7461616953708
101512,-87.8264214046,42.5937540694,-414.89803198786734,245.5163585581943,1325.2578400121126
101326,-87.8354218414,35.4937566559,-447.66579960431545,271.62421705306326,1330.3419768930032
101027,-87.8437550251,32.7812560945,-568.4914327561125,381.03163705332764,1356.913839795819
101511,-87.8511261267,42.6525660162,-441.39036411360803,266.4588733061425,1329.29695379079
301364,8.78542108805,49.3601261462,-467.27037439554,288.1903404785756,1333.8229764624134
103046,-87.8558168131,35.2278380529,-426.32153099219136,254.36407106726642,1326.9254466034658
101819,-87.8600694764,41.9900381064,-474.30036305976154,294.2742920683247,1335.1507102818798
103072,-87.8604524975,42.7773255946,-528.0183139398187,342.74984127884073,1346.6653310643162
101824,-87.8898272599,41.7393726047,-455.72901718478954,278.36236283662373,1331.7340820290974
101821,-87.9062766373,41.8312368963,-406.9530230657653,239.54440452792244,1324.1644844710688
101502,-87.9104224916,43.1020913884,-501.10189509926107,318.06274835817413,1340.5946337678104
101315,-87.9263876629,35.4354559351,-467.8090774656154,288.6540290647929,1333.9232394291782
101836,-87.927042142,41.5187773414,-482.07764319539694,301.0845553898483,1336.6682347120384
101816,-87.9270891,42.4895912838,-417.060720434977,247.16850370995436,1325.5649095461572
103059,-87.9363014337,44.5023627723,-533.7498176526005,348.0936927288237,1348.0353404534628
301366,8.79369147774,47.9899060548,-292.4733564376882,178.80297121075424,1314.5343520455024
101817,-87.939730442,42.4192635599,-486.2945085495614,304.8101461130559,1337.512349613026
101499,-87.9428723253,43.2802913982,-555.071569916125,368.20507335214256,1353.368034289325
101203,-87.9437403004,38.1318061672,-520.5223248657996,335.8045123013483,1344.9143952965337
101815,-87.9476800837,42.5853108307,-456.0833175290418,278.66093662099735,1331.7965226686795
101314,-87.952088855,35.3063896804,-503.80423593938207,320.50821431382417,1341.17693673748
101818,-87.9600176997,42.3150983483,-467.8734547114775,288.7094702896043,1333.9352377191324
101825,-87.964217527,41.7062619149,-475.9399288308553,295.70321956884766,1335.4663808038285
103069,-87.9687558414,43.0979247171,-365.68437468066344,211.4264063565086,1319.3677218648036
101498,-87.9767066991,43.3228858847,-550.0849873695139,363.4707093820165,1352.0876512906111
101500,-87.9854686658,43.2352625494,-363.26685294941217,209.95559183756535,1319.1328252824871
101510,-87.9933773075,42.8731726535,-513.2319878114997,329.09994237693246,1343.2560561063533
101369,-88.0020337952,45.501749302,-536.099502539246,350.2924718361879,1348.6047886682745
101820,-88.0022977882,42.0129992583,-505.7009433420847,322.2293125797122,1341.5892777148633
101494,-88.0061148215,43.5938831411,-396.96669999151925,232.26949794045413,1322.8677862384454
101481,-88.0061231625,43.7893591653,-530.7255762361574,345.27049036832443,1347.3090854414504
101469,-88.0065814106,44.5397351784,-629.5333145104937,440.6738904635461,1374.8540060421587
101505,-88.0106488849,43.0422432795,-344.4197525822108,199.2899585728097,1317.477342416881
301557,8.80120086136,48.4449552435,-420.4114165063281,249.7497109827533,1326.048633470833
101487,-88.0201001397,43.6805590303,-363.2763695458241,209.961338332666,1319.1337399173515
101489,-88.0227643729,43.6391599989,-520.5260678735425,335.8079675440052,1344.9152580218317
101360,-88.0229229419,46.6062586024,-399.3282179074272,233.96542387493793,1323.1666107345945
101182,-88.0231568349,38.9353398967,-492.8372701355704,310.6342311784598,1338.8516294846593
101835,-88.0269407352,41.6392333674,-432.2116498719648,259.03735259169355,1327.8292097373096
101495,-88.0350922869,43.5820916651,-460.46696657017617,282.37182800278845,1332.5779187137728
101493,-88.0352572649,43.6188933052,-485.21426975990573,303.8536139321464,1337.2946866317536
101490,-88.03593334,43.6308375582,-471.11478073830426,291.50865865906394,1334.5438764863077
101509,-88.0394298333,42.9602795067,-360.2827683058805,208.17085926874105,1318.8499409874426
101491,-88.0434954726,43.6315063432,-428.2540411158701,255.8893413570116,1327.2186764862902
101504,-88.0437060356,43.1236292252,-512.0396276055299,328.0083093794336,1342.989021256633
101814,-88.0472287249,42.5814214043,-523.7888718914323,338.8248463223422,1345.6717046439123
101492,-88.0476478389,43.6226796055,-451.84909291609745,275.10627977368,1331.0572960488248
103068,-88.047922582,43.5645914567,-483.50839506232694,302.3460867335291,1336.9529596649888
101467,-88.0806739387,44.3857874116,-523.5269774049133,338.58233151481824,1345.6106626390506
103070,-88.0812226627,43.0442943876,-401.7543515440467,235.72375195605983,1323.478653938225
103231,-88.0814848297,43.1483503573,-374.70560322964195,217.10389655274116,1320.289423608429
101466,-88.0936558198,44.3732373066,-581.1929376429837,393.27771191548896,1360.4034029961028
101839,-88.0936966328,41.4307676531,-446.9235340588943,271.00956005286423,1330.216614628588
313457,8.80970000006,54.6853999998,-557.8294821927269,370.831084902012,1354.0848399282438
101464,-88.0979080321,44.3598121875,-459.74402256930676,281.7577280098054,1332.4479267450351
101503,-88.1019489234,43.1771579466,-507.3959192616082,323.7705690109415,1341.9602980533975
301358,8.81052333413,48.9397132134,-464.68805909124325,285.97359005745477,1333.3457745102146
101028,-88.1270883875,31.7562558647,-606.2168992169459,417.6706148830512,1367.6544895296768
101399,-88.1270893825,44.535424943,-538.8640742567584,352.8852893345929,1349.2805815035856
101841,-88.1271615405,41.7100972353,-473.202533154623,293.3195797993051,1334.9406114458932
101484,-88.1310293998,43.7189827105,-515.2617576096859,330.9614726973059,1343.7133461433891
301450,8.81394718242,47.9858650515,-437.9549815852969,263.6620381544254,1328.7391506829472
101019,-88.1559841199,32.8268184312,-581.9856538404165,394.0452005005032,1360.6254739021228
101204,-88.1563506019,38.093881039,-542.0073126695443,355.84069636923147,1350.0565400702426
101845,-88.1643349786,43.0438276396,-450.73391939679897,274.17509244186175,1330.8651477551728
101205,-88.1645887796,38.0645904766,-536.3307615566921,350.5091248974801,1348.6610793043196
101456,-88.1646404346,44.3270405078,-574.6593116343821,386.96609671324666,1358.5922199833842
103081,-88.168636409,43.1075175229,-424.8839990184277,253.2346571899879,1326.7094074423478
101852,-88.1736169224,42.2111190007,-496.853240516277,314.23422129592905,1339.6914592649136
101485,-88.1845464923,43.5650044507,-498.83671143923414,316.0190473445246,1340.1112261593944
101843,-88.1859004604,41.4853162197,-476.07629180077106,295.8222296936989,1335.492737447436
101486,-88.1892069497,43.5521345947,-491.98760955262287,309.8749910995066,1338.6756777886173
101840,-88.193687573,41.8602983287,-497.5892865962359,314.8960342411425,1339.846846686103
101846,-88.1980461884,43.0515598482,-509.93060104629046,326.08093724180384,1342.5195856397731
103082,-88.2143182987,43.0439162646,-484.2186322868366,302.97329418403194,1337.094939479848
101398,-88.2146982848,44.4643937001,-529.3600428500307,343.9982899822644,1346.9836241412204
101208,-88.2187553861,37.0187569411,-548.8779166093815,362.32741171316815,1351.7807564367301
101848,-88.2270872518,42.5397161959,-443.8148779792722,268.44602486094135,1329.6967054398292
301365,8.82273977614,49.3064909128,-418.9604541534274,248.6287941406124,1325.8379755723208
101483,-88.2436518942,43.543677186,-537.567630143511,351.66861677791513,1348.9628891190398
101313,-88.253479906,35.0686151147,-502.9548868484356,319.73874944201924,1340.9932617610875
101854,-88.2553379741,42.0227679771,-478.9374076916617,298.3250528432563,1336.0493618679761
101482,-88.2682211472,43.5983062845,-523.0540114249327,338.14452216301356,1345.5005678418522
301599,8.82686361548,52.2187105487,-556.2436223781572,369.32042059862255,1353.6719075407593
101395,-88.2771341319,44.3980550857,-479.881136670422,299.1529998232159,1336.2344769901442
301518,8.82773603956,49.4103561904,-202.91122306007625,182.70506139094772,1315.0707964409232
101385,-88.2812820533,44.7520657019,-471.31377629328534,291.6810019724575,1334.581532580738
101850,-88.2976111626,42.4640712696,-464.81623549779073,286.0833858169429,1333.3693276187134
101018,-88.3011885019,33.0932825263,-614.7688985797154,426.0793520929052,1370.2458445380537
101866,-88.302318257,40.836271915,-466.46149348161777,287.494900465559,1333.672890174947
101454,-88.3053901233,44.2647177246,-385.5637499393522,224.30774929257188,1321.4931050091006
101851,-88.314534513,42.3187153136,-462.4325085381858,284.04557005150957,1332.9335865150153
103083,-88.3185455574,42.9436158143,-478.94448274676773,298.3312554993939,1336.0507468662029
101856,-88.3225497347,41.8268424119,-483.29740476710293,302.1598860005518,1336.9108634840845
101391,-88.3228894307,44.3858545856,-508.27185220713443,324.56823581203,1342.1529718672264
101880,-88.326795777,40.3148290388,-453.73635178876197,276.6869606603278,1331.3848934073665
101393,-88.3352629917,44.3649968399,-360.44628607558633,208.2677626459062,1318.8652399511582
101853,-88.3395536841,42.0560710769,-422.7071285303014,251.5329410782979,1326.3856455199568
101857,-88.3520426681,41.6899311126,-517.8160922357926,333.3097792166553,1344.2936692238604
101849,-88.3687558865,42.3854245751,-447.32739778934734,271.34387176768746,1330.2847653565661
101390,-88.3730399119,44.4065079034,-513.7085363164053,329.53662786060556,1343.3631114838734
101389,-88.3938468976,44.4311557334,-455.96940084925546,278.5649151060785,1331.776434737434
301334,8.83971816655,47.7432682674,-490.91185636814146,308.9149480188086,1338.4537740629514
101858,-88.4147209993,41.6811133819,-442.2293567515619,267.14529041218947,1329.4347168564946
101847,-88.4304807936,42.8603951614,-419.3458490063887,248.92605579532417,1325.8937519453477
101452,-88.4521365994,43.7555201985,-516.7342717945438,332.31444983440826,1344.0472289925829
101453,-88.4562626518,44.2610577423,-373.7141760126932,216.46580415406348,1320.184647904209
101031,-88.4608331651,30.8101811094,-626.9478774293666,438.11144750911046,1374.034825116315
101368,-88.4645896344,45.7645917807,-542.1437495980215,355.9691568123251,1350.0904046750247
101427,-88.4897299425,44.5898208355,-552.6687680770642,365.9215672736049,1352.7485551978484
101859,-88.5063074149,41.731457259,-481.78293768523054,300.82503343719765,1336.6098013019302
101382,-88.5225510802,45.0602076944,-562.632849933359,375.41722599526827,1355.3479825372808
101330,-88.5229221403,37.0312569301,-561.3836487807554,374.22301495211485,1355.0176844284158
101339,-88.5229231463,46.977091959,-435.24739007199787,261.4736917792389,1328.3066482128886
101366,-88.531261432,45.7639298327,-639.8578278632709,450.9335925221266,1378.176753924839
101451,-88.5391447406,44.01503992,-595.7298632502384,407.4078459191791,1364.5553169844013
101860,-88.543997826,41.6313693537,-424.56425497050236,252.98405484791274,1326.6615967160528
101364,-88.5587443172,45.8935774474,-546.4526991506826,360.03360340722634,1351.1677378387506
301525,8.85639856293,48.4436057594,-380.2371990982141,220.7254647950165,1320.8897724650874
101867,-88.5730850274,40.8276787992,-464.62547849284556,285.9199925939454,1333.3342800508867
101881,-88.5856556425,40.026857571,-397.42680327165795,232.59870037542436,1322.9256273918918
101367,-88.5896897368,45.743778579,-465.2625645158514,286.4659037581749,1333.451451763386
101450,-88.5979924695,44.0138666309,-380.5751722305619,220.95004369434835,1320.927318970438
301367,8.86108239531,48.3232093194,-428.17319735624795,255.8253752782041,1327.2063452342775
101428,-88.6436076643,44.3396065218,-460.20199240946084,282.1466520828977,1332.5302223497529
101861,-88.652584302,41.7020548666,-468.59908451644264,289.33479693985726,1334.0707196075189
101420,-88.664622732,45.1229600906,-494.6232670626523,312.23292634780705,1339.2234542784895
101422,-88.676355789,45.0645028568,-510.6837211201147,326.76867419420745,1342.686793942852
103047,-88.6975928567,45.7940170412,-637.6600364262979,448.74606374046266,1377.4625548146323
103048,-88.6981375418,45.768174647,-539.5641772621175,353.54287634915465,1349.4527133660995
101844,-88.7202395416,41.3270910416,-474.42868527204365,294.3859949118125,1335.1753346261728
304009,8.87311903831,53.056281026,-505.11995366745424,321.70170867773186,1341.462653061973
101432,-88.7397373512,44.3978017616,-592.6739734018496,404.4279170966373,1363.6685815552908
101029,-88.772921861,30.8771805599,-625.093427634684,436.2752152522372,1373.4504445509785
301501,8.87756546468,47.6565372873,-275.8930798788596,175.56155989822574,1314.0973790049932
301252,8.87789080471,47.6567368243,-275.896199058252,175.5620037518456,1314.0974383032856
101864,-88.7892482093,41.3844850603,-554.9526569380627,368.09196762506656,1353.3372664727694
101863,-88.8017618623,41.4393335649,-429.43911231359186,256.82858052874815,1327.4000828575784
101862,-88.8523066115,41.5358723448,-464.980360741476,286.22401145282737,1333.3995068718314
101865,-88.8562559269,41.3395910366,-521.5060698252443,336.71307420677266,1345.1415369899444
101868,-88.9319291221,41.2102969929,-393.48357876392777,229.79685476829326,1322.4358792226164
101872,-88.942931602,40.6771798928,-461.87641263991185,283.5714229122008,1332.8326271840529
101417,-88.9477994354,43.9522206298,-594.5332056669292,406.2403475296496,1364.2071983957956
101424,-88.9555356801,44.9271768724,-502.917447557846,319.7048493244894,1340.9851792154486
101425,-88.9597141244,44.9108410991,-429.57494536772253,256.9364237405216,1327.4209528399283
102097,-88.9777481559,35.2814440063,-605.6686245403243,417.13271068251396,1367.4903138652342
101030,-89.014588601,31.0270890103,-568.5403673010156,381.0786256850594,1356.9270353073182
101331,-89.039588965,37.1979236049,-511.35660737176903,327.38362822244534,1342.8365873113476
101873,-89.0769260801,40.7730874487,-365.5758689241406,211.35992057715552,1319.3570692652825
101882,-89.1033941723,39.797772991,-402.16563375839974,236.02340835992877,1323.53205835285
301524,8.9104596274,48.3773207539,-402.04750123631095,235.93729155655532,1323.516703990145
301355,8.91069623042,48.7104118585,-443.2513702084336,267.9832040423447,1329.6033460557685
102092,-89.1227901089,36.6438469191,-466.607468804571,287.62033194666134,1333.6999345966103
101884,-89.1270353373,40.256992069,-455.45083147849283,278.12807579236426,1331.6851304786194
101332,-89.1441754727,47.9229735223,-451.5727790535575,274.8753561384294,1331.009587345682
304016,8.91509797978,52.2425262357,-431.52616227165856,258.48978372710076,1327.7224967910945
101429,-89.1644728754,44.8652779793,-552.1736686947148,365.45156296686207,1352.6214936444035
101449,-89.1733821351,44.1223635998,-491.6643338710445,309.5863427608824,1338.6088912815246
301597,8.91881984209,52.2478453782,-431.4260977575358,258.40993214318473,1327.7069530676338
301359,8.91907029611,48.9353256271,-483.26082792148065,302.12761241070837,1336.9035695871598
102094,-89.1917181876,36.2520900817,-592.9682605010236,404.7146740082561,1363.7536535428617
101338,-89.2020899855,46.7187585437,-425.94421682765943,254.06719850744759,1326.868569810634
102095,-89.2177866818,36.2397299506,-547.8990832215387,361.4010860935783,1351.5327614318169
101874,-89.2438575659,40.6230829643,-460.2599759177338,282.1959172421266,1332.5406545025255
102098,-89.2478376153,35.0311719076,-566.5007160172645,379.12138371763785,1356.378665338655
101447,-89.2512350325,44.1808320847,-500.93576504616397,317.91266945586153,1340.559034729335
301451,8.92696354577,48.0312421253,-384.76806207894526,223.76688086871104,1321.401406525514
101032,-89.2731654593,30.4811796752,-647.2815778717003,458.33626460345727,1380.6165983518179
110168,-89.2857280314,48.3605297925,-476.38672376870693,296.0932521737554,1335.5527972254508
101870,-89.3101830304,40.9521013775,-419.1257351173962,248.7562364901087,1325.8618802072174
101444,-89.3396116418,44.522877176,-516.1110460192269,331.74156088837515,1343.9056973666532
102209,-89.3479221765,33.9729229531,-610.3746869569021,421.7544571668949,1368.9071854344388
101900,-89.3479224275,37.7520903628,-514.27776132984,330.0585309147298,1343.4912333258765
101414,-89.3484295336,43.9522592538,-561.975504175205,374.788686383011,1355.174018211166
102093,-89.3518940749,36.7476619277,-599.4081026175181,411.0011075583036,1365.6324434517683
101441,-89.3559108402,44.5606671031,-513.323232275356,329.18353691728,1343.2765393511734
101442,-89.3564588232,44.5530399355,-533.188212042899,347.56883621975635,1347.8999058183256
101440,-89.3599747435,44.5899139075,-457.59208400617536,279.93467880003044,1332.0636188218532
101411,-89.3643148659,43.9938679772,-530.277701004268,344.85304998108916,1347.2021697856467
101885,-89.3643968169,40.1944458358,-376.2587833112602,218.1103413532335,1320.4552931466928
101438,-89.3729871746,44.6232926503,-459.10084790128155,281.21208041431095,1332.3326515419635
301335,8.93995989084,48.0389437389,-362.22534074583893,209.32877871360432,1319.033205719865
101413,-89.4418258293,43.9774893829,-550.4803703543819,363.845436403874,1352.1884342745357
102091,-89.4645890872,37.2145902543,-501.8896702728233,318.7748215891036,1340.7637551310297
101869,-89.4977910309,41.3641130136,-442.7745214308284,267.5920127441995,1329.5245561772776
102096,-89.510380715,36.1603001221,-629.606158577328,440.74612682474515,1374.8771612420176
313459,8.95564668314,54.3155911562,-547.8925674814668,361.3949222722975,1351.531113233467
101883,-89.5726015271,39.6896109061,-413.9413508608661,244.78906437700937,1325.1232947286326
101403,-89.5979381012,43.7897224053,-428.94389372517554,256.4357328053888,1327.324129688499
101408,-89.6012413095,43.8980384933,-392.65496028974184,229.21377681078303,1322.3346836840356
313458,8.96016524451,54.7186770316,-554.007810482398,367.1936201325861,1353.0932025769578
101875,-89.6020893926,40.4520908412,-399.964254378996,234.42483438670732,1323.2479220354476
101899,-89.631678651,38.4516677237,-542.3419150075575,356.15576284691394,1350.1396178184543
301342,8.96499866391,47.8181031266,-427.2927532635525,255.12963477624564,1327.07241352345
102104,-89.668380548,36.5522109825,-620.125090581727,431.36293915582655,1371.897971961125
304015,8.97279880456,52.3804535631,-509.7484432046547,325.9146802284335,1342.4792136127458
102106,-89.7312558003,36.8348373939,-532.0725721996986,346.5269865643438,1347.6316309033637
101886,-89.7356699756,40.1351953109,-421.6963031650015,250.74631202373192,1326.236695762637
101894,-89.7876012789,39.3064381314,-475.0432808982476,294.92130783369134,1335.293465126011
101871,-89.8019444031,40.8024148332,-486.0859233180555,304.625333918812,1337.4702442518271
101753,-89.8094060737,44.2653306347,-538.5443563406742,352.5851180816787,1349.2021070568212
101033,-89.8187554785,30.793755599,-611.9534995376063,423.30733376606463,1369.3864169817184
301377,8.98196600532,49.4685762652,-207.91039457101152,181.13497566256112,1314.8535810508222
101876,-89.8354228459,41.0166386819,-364.74320025345736,210.85117886578496,1319.2756648339214
102099,-89.8687557266,35.168756506,-546.0439769152533,359.647463148116,1351.064897753905
101034,-89.8937554917,30.6312555616,-693.485739972858,504.8284003949075,1396.7396944453094
102254,-89.9308003468,30.3436125588,-410.1526188436774,241.9305871660172,1324.5982293512207
102107,-89.9560914789,36.1686648838,-601.6792995769712,413.22327884494086,1366.302872123622
101877,-89.9731739323,40.9567982389,-501.8462586032146,318.73556396062025,1340.754421930873
102253,-89.9772001596,29.8565164135,-535.6354997338357,349.85790721691814,1348.491978261679
101887,-89.9852072563,40.1273063123,-440.07711142148605,265.3870826625033,1329.082527098302
102103,-90.006083269,36.3267803338,-583.8934894342557,395.8938022292192,1361.1619899326467
301537,9.00316917207,49.4319241172,-277.31081559130854,175.7698324474462,1314.1252201341003
102100,-90.0770891149,35.1270898216,-507.17052925638217,323.5654467950584,1341.9108236218906
102256,-90.0850798535,30.4981496126,-607.6055834190796,419.03368250069457,1368.071375061984
101898,-90.1354227387,38.8604238615,-510.03923605253357,326.18010541505726,1342.5436757746365
102252,-90.13962496,29.9520325844,-522.6629994467402,337.7827291043611,1345.4096893790695
102257,-90.1520749801,30.4021639426,-628.2177144836298,439.36964354303336,1374.436518672662
102255,-90.1729222298,30.4979221906,-626.4459011159909,437.61425925653646,1373.8763772983875
101763,-90.1812563325,41.5604243329,-483.61643728889084,302.4414569282964,1336.974530446562
102210,-90.1849620688,33.5228003218,-564.2768410670183,376.99043267913186,1355.784587065915
101756,-90.2520897083,41.7770910328,-527.8233052958628,342.56852100151,1346.6191933041266
102207,-90.2683307027,34.2558940185,-639.7680628348184,450.844210060572,1378.1475109504918
102211,-90.2732706461,33.3975745515,-568.5565310407195,381.0941469988958,1356.9313943861384
102208,-90.3400223816,33.9520082363,-630.3081018142391,441.442325971098,1375.1005008190011
101879,-90.3434499159,40.4815895806,-396.77533381154495,232.13275142916888,1322.8437830976002
102258,-90.3604222813,30.5062555192,-701.8479033200997,513.3104897556311,1399.8277462198914
101897,-90.369191428,38.951979808,-453.8822743550402,276.809427087673,1331.410349636242
101878,-90.3724360043,40.6769168218,-463.3928092779191,284.8654762911971,1333.1085476346273
101895,-90.3937032121,39.2318429402,-587.9622898194452,399.84315401905917,1362.315898758362
102213,-90.4065625541,33.6400100735,-631.567539630096,442.6919636319588,1375.5021755192588
102101,-90.4309708011,35.8229625272,-624.370611659746,435.5598947780001,1373.2233911978476
301360,9.04322148439,48.9353687681,-473.3022959487067,293.4062677408401,1334.9596616165989
101754,-90.4397001969,43.2020912567,-488.667281873815,306.9162797581235,1337.9938949690547
101888,-90.4524595069,40.1978402791,-393.6210526689901,229.89378519815054,1322.452726061173
102109,-90.4684820362,35.3729092689,-604.886598745358,416.3657297238307,1367.2565527662878
102265,-90.4767561509,29.8241027138,-652.2352081624465,463.2871276505942,1382.2680719891612
101893,-90.489671232,39.3604588718,-566.568293713802,379.1861881114515,1356.3967802410868
301328,9.05232756714,48.523328858,-427.87932910860127,255.59297375650462,1327.1615683207483
301361,9.05251701215,48.9351337391,-412.3222160307692,243.56318213170613,1324.897386171479
101762,-90.5354000418,41.7687576811,-519.1235379527513,334.51418267680094,1344.5928002952503
102212,-90.5431499204,33.5473458789,-626.6697390232109,437.8359490189629,1373.9470071466478
301470,9.05584491343,48.197628287,-420.96564332356525,250.17913181642086,1326.1295782050533
102110,-90.5604225919,35.2729231626,-528.8184275708617,343.49414031585854,1346.8549605006567
101890,-90.5680604765,39.8273465865,-505.7655751967701,322.2880276010917,1341.6033813794957
102108,-90.5729703039,35.3646948512,-621.9078561884149,433.1243594456077,1372.4528301326288
102090,-90.5895895033,38.5020904398,-430.38267470595883,257.57850295712694,1327.545383547971
301526,9.06049976681,48.5104737379,-406.06097054698415,238.88378452972444,1324.045136203875
101896,-90.6154056364,39.1603331383,-413.8313951081348,244.7056138146886,1325.1078815048672
101892,-90.6437562888,39.7062573205,-490.95220032142373,308.9509275786085,1338.4620785982609
102259,-90.6767474195,30.9352671177,-673.0133935573706,484.1454699283395,1389.3980337707503
102111,-90.6812559579,35.2604231546,-530.4001618476191,344.9671720222219,1347.2313869439445
101337,-90.6856566432,46.6061236484,-528.6378537106871,343.32611415777257,1346.8121178756044
101761,-90.6891267005,41.73133149,-451.5607487403024,274.86530499560627,1331.0075116558216
101336,-90.6937570729,46.4895917447,-519.3917365072895,334.7614437453097,1344.6543364048391
103235,-90.6939619479,32.8688786747,-642.8341015441162,453.89892638920037,1379.1498452202948
102221,-90.6977397272,32.352271967,-584.6711982036255,396.64796044819917,1361.3815279786966
102089,-90.7019412796,38.1606731246,-456.37063974250134,278.903217350039,1331.8472378024808
101891,-90.7602624324,39.881900052,-458.5655573483602,280.758458342098,1332.2369804672612
102148,-90.7645894597,37.3270902146,-388.1471762840879,226.07740512040903,1321.7946335569197
301538,9.07734004721,49.381725166,-392.43637701432897,229.06029997910127,1322.30808861642
102215,-90.7770788758,32.9727934983,-633.7550278630472,444.86396036792564,1376.2027479365568
102217,-90.8184560822,32.485835346,-588.2095398134395,400.08344272713157,1362.3864434653951
101755,-90.8188790932,42.7188487887,-358.5800293163691,207.168029538063,1318.6920234294957
301558,9.08271190365,48.5191436326,-473.71311610741935,293.763392430339,1335.0381983022344
102216,-90.8437923023,33.1513057211,-632.318966556775,443.43785105223844,1375.742413368041
102167,-90.8481549817,34.5560435083,-616.0829499077921,427.3743980067255,1370.6490930451548
313456,9.08510333685,54.3779773594,-543.0198508080189,356.7943849809086,1350.3082216100881
102262,-90.85194971,30.3350700941,-659.923581602466,470.9883527389245,1384.8682567701594
102113,-90.8862323398,34.9723216208,-636.2113392082489,447.3051609302006,1376.9938152325476
101889,-90.9020897531,40.3354240835,-434.34576060923814,260.7481650904774,1328.1640206661016
102220,-90.9061458935,32.3146991739,-506.62172598592787,323.06621514949677,1341.790534906591
102219,-90.9143959771,32.4439491246,-624.9231602887661,436.10669352574223,1373.3969230822715
102162,-90.9312560665,35.8604232613,-521.9354636537959,337.1099323181981,1345.240932569878
102147,-90.9352101469,37.5314261635,-499.7894262851659,316.8779160578292,1340.3140206231699
102218,-90.9645314623,32.9145511735,-638.8455805202125,449.9258393513528,1377.8473504383255
102143,-90.9647226083,37.6147684874,-326.50719976704653,190.6179461356999,1316.1934742213575
102260,-90.9812557807,30.4395888177,-632.9607287746433,444.0750631589163,1375.947935756833
101809,-90.985162428,39.0144953992,-491.7475278185801,309.66061361205846,1338.6260701990273
102146,-90.9932932957,37.6020946454,-341.20221575448426,197.6209482891001,1317.2259105394858
102141,-91.0062332217,37.477176391,-393.0235278836784,229.47288104998796,1322.379621489713
102157,-91.0147004764,36.993448762,-412.7651343234939,243.8978931501931,1324.9589587896667
102145,-91.0269963715,37.6188773077,-317.7039448153984,186.94236673910245,1315.6661843628542
102144,-91.0561981799,37.5896912433,-354.9272203333179,205.0557367026656,1318.361830207689
102156,-91.0727309652,37.0522590629,-385.79749630701355,224.46701507178545,1321.5201478029503
102161,-91.0848520582,35.8195263449,-601.6636619262746,413.207969878606,1366.2982421730233
102261,-91.0979224763,30.3812554689,-586.7382097866627,398.6540360217103,1361.9673640107144
102140,-91.0982012264,37.4938527774,-460.9751141628702,282.8039611338642,1332.669554175715
102222,-91.1083800712,31.3229223358,-625.9499237457812,437.12311692357787,1373.720014974987
301369,9.11089889598,49.3435561228,-360.15425281766346,208.09477222328087,1318.8379333415285
102165,-91.1104061174,35.2520379919,-618.0481774194233,429.3126563920323,1371.2546871869856
102139,-91.1641978808,37.5061411934,-357.8715445940489,206.75414699770525,1318.627065357997
101798,-91.1812565812,41.1812575455,-505.7272455936487,322.2532064153478,1341.5950168507884
102151,-91.190136813,37.3897757208,-343.92409244853627,199.0298115826168,1317.4380160343433
101333,-91.2019257449,47.339674685,-461.28063131168716,283.0639695961832,1332.7247544326037
102088,-91.214566632,38.0311886219,-420.3312306783239,249.6876396781825,1326.0369442824572
101795,-91.214589952,41.4562575903,-497.6848330279461,314.98198941641044,1339.8670508116147
102206,-91.2312560044,33.5562561256,-529.7602157743652,344.37094480919876,1347.0788424671641
102163,-91.2397567501,35.2732716627,-523.1665773549345,338.2487023314191,1345.52675366296
101797,-91.2770621522,41.2278815034,-449.70623842821414,273.3188473511371,1330.689014199504
101804,-91.2812565665,40.7562574673,-492.3181780399004,310.17027923567207,1338.7440615423957
102160,-91.2892439472,35.6058573572,-521.9306516962858,337.10548402684145,1345.239817859576
101796,-91.2897763552,41.4106819255,-508.63240914557673,324.8968067324211,1342.2324669068391
103085,-91.2935355145,33.5395120042,-616.7199115133131,428.0024284096586,1370.8450455534569
101752,-91.2939920176,44.0647395011,-461.863375960416,283.56031310685745,1332.8302635231364
102152,-91.3143743492,37.3146237606,-385.36478283719447,224.1723153417015,1321.470123445685
102205,-91.3145075022,33.9895624685,-577.5336221426202,389.73961031383715,1359.3847961638664
102166,-91.3145894283,34.685564667,-526.3614942746678,341.21038637050134,1346.2743360701047
102164,-91.3227726159,35.035573253,-525.4480407448975,340.36268010146404,1346.059736490081
101718,-91.3270905513,46.1729249895,-510.12830978981367,326.2614259099129,1342.563435458699
101760,-91.3438822457,42.1400826138,-435.9109256167776,262.00865383850703,1328.4120576388038
301553,9.13447938694,48.535837595,-422.5067918993957,251.37685748732417,1326.3560550146772
102248,-91.3686002677,32.4318895766,-587.588012494872,399.4794786371829,1362.2092034801888
101805,-91.3729232241,40.389590732,-438.78441550359986,264.3352486418811,1328.8728998171568
102155,-91.3812865398,37.1480276858,-480.65782687748845,299.835282298496,1336.3873902072382
102150,-91.3899381275,37.3475849153,-385.58137848364527,224.31975475301317,1321.495142846294
301522,9.13927637533,48.5317204457,-403.35387767707925,236.8916960629299,1323.6871744704133
313455,9.13930006633,54.3395450302,-557.6773896663864,370.6861282500065,1354.0451491257131
102251,-91.3977683861,30.7564113179,-531.7563623617582,346.231882900063,1347.5557787826142
301362,9.1400363584,49.0022040076,-474.11138384485326,294.10982960150494,1335.1144715199969
101808,-91.4104231632,39.6145905959,-504.74069625317,321.3574932074683,1341.3801469510731
102087,-91.4228892512,37.6894602336,-379.44304799484644,220.19923842868408,1320.8019400343364
102245,-91.4391890626,32.9769366247,-619.5602946696265,430.8051962552125,1371.7227042352206
102085,-91.4399423616,38.7104237671,-441.28145190113383,266.3698634520533,1329.2791145389142
102159,-91.4498368154,36.1104377129,-592.6322387916251,404.38725412525275,1363.6565225498891
102154,-91.4609446474,37.1432351374,-420.1946345217445,249.5819350882974,1326.0170445798628
102249,-91.4768618757,32.4575119987,-616.3039733873783,427.5923016528791,1370.7170519938466
101803,-91.4773525287,40.860596303,-470.4660405250086,290.9471989340305,1334.4213475366214
301559,9.15187392938,49.0767829428,-379.6733807635103,220.35164932625653,1320.8273579672311
301539,9.15253814843,49.2808954127,-436.6232182082611,262.583886389339,1328.525633017754
304012,9.15265669544,52.9646532135,-483.2813284964933,302.14570088793675,1336.9076575287304
301500,9.15269979644,47.6685883433,-465.0649523001191,286.29650694560513,1333.4150704424897
102204,-91.5271199678,34.202038061,-646.5751666122508,457.6309738916276,1380.3826166896242
101624,-91.5350035735,47.9227876383,-536.6155490883141,350.7759858982789,1348.730459534745
101781,-91.5395944469,41.6557010108,-499.5863514810207,316.69476022622956,1340.2707306170062
102149,-91.5520351119,37.3769595677,-414.2894620687044,245.05345390213728,1325.1721606882866
301471,9.15615926573,48.0853591577,-415.66786999123735,246.103195102303,1325.3666824065922
101807,-91.5645899519,40.4604240679,-492.1237202754531,309.99655955624644,1338.7038235287907
301543,9.16020646106,49.006364315,-472.1534663543828,292.40884800086144,1334.7407967778183
101782,-91.6188492684,41.6063501107,-381.18719574269227,221.35767582154983,1320.995564276812
102138,-91.6393166601,35.8897953737,-470.1033598970325,290.63357533476324,1334.353002509367
101751,-91.6401151432,44.0559798824,-449.1162848387208,272.8281322728663,1330.5883097161927
301542,9.16499350846,49.0733305805,-458.17577572229794,280.4284324402076,1332.1674691699864
301541,9.1654411235,49.1192456673,-486.35487790866557,304.86364512833893,1337.5245426962574
103084,-91.6566051476,36.4229617958,-412.5465206768198,243.7326282191405,1324.928546847906
101802,-91.6684542445,40.9225966241,-477.15957396598964,296.76855689392477,1335.702675206873
102137,-91.6974756839,35.9561377642,-447.5677532650265,271.5429708607563,1330.325390728817
101801,-91.7085069758,41.1609422508,-444.81829943073143,269.2715880592239,1329.8636201993913
101783,-91.7147983284,41.4733190407,-490.2096640937678,308.2890312806178,1338.3094511367078
102242,-91.7187560107,31.1354222743,-635.9972377177336,447.09228135473955,1376.9246777659555
102153,-91.7478978961,37.0894943189,-494.724245730389,312.32342611727023,1339.24455671678
102273,-91.8270893257,30.068755378,-634.8957492487768,445.9973659104004,1376.5695444084581
102158,-91.8476627014,36.485619926,-666.3880127074616,477.47908246703344,1387.0891587736724
301385,9.18990053952,49.2396521723,-415.16752660047524,245.7216302340458,1325.2958838534025
301322,9.18999655453,48.0060055452,-471.79290871178307,292.0961931440642,1334.6723366591327
102247,-91.9270894459,32.0729224629,-678.5040500454171,489.6804782570281,1391.3364190518146
301480,9.19411393687,49.1193250613,-290.0343588910655,178.2171464544564,1314.4547962878996
301545,9.19430245089,48.9605437862,-472.88919838041886,293.04740104178256,1334.880833427178
101749,-91.9727887777,44.6272264726,-478.1349071804922,297.62193843720297,1335.8925400020066
301544,9.19760573716,48.9980747003,-473.33318621995295,293.43311237105837,1334.9655619639261
102084,-91.9812565104,37.9187569296,-451.1223286078387,274.4991796744622,1330.9319516173048
102077,-91.9936310604,38.3316375177,-478.7487594526268,298.1596906714992,1336.0124480465063
102080,-92.0099248978,37.2438152577,-577.5510422014953,389.7564346017851,1359.3896198321474
301417,9.20203551453,49.1686839114,-425.0112845755518,253.33448027147298,1326.72846471624
101759,-92.0271730042,42.5397552679,-456.2754600071631,278.8229433837668,1331.8304298787748
102082,-92.0479231669,37.5604235279,-323.124052567523,189.15738265627013,1315.9827413789533
102083,-92.0519665063,37.6684820808,-459.9049931859315,281.8943922730097,1332.4768322897264
101780,-92.0642896783,41.8104242656,-530.8534932025674,345.3897464824054,1347.339651746758
101750,-92.0659718884,44.0934646525,-310.45727309469504,184.22970088599752,1315.2834838476604
102244,-92.073044656,32.110544301,-618.8792615654467,430.132854967287,1371.51169631039
102134,-92.0815814027,36.4269977821,-577.905344656816,390.0986590246566,1359.4877799990443
102132,-92.0893939594,36.9183750158,-379.9408624488921,220.52886116089306,1320.8569335090062
101335,-92.0934278127,46.6357547018,-534.5768904686071,348.8671254678814,1348.235265606903
301406,9.21034600421,49.2268637242,-440.89883750121777,266.0573427999929,1329.2165248189206
301540,9.21055679723,49.2150636152,-494.9298710319448,312.50774948331264,1339.28755451584
101719,-92.1119944602,46.0810355229,-533.8539605168573,348.19104996033144,1348.0604836083478
102081,-92.1142116774,37.2773122635,-439.76584112865805,265.13352011288276,1329.0319197375745
101717,-92.1311025418,46.1191317161,-549.1870881787598,362.6201462836213,1351.8592495835685
102133,-92.1518755915,36.7605362987,-487.21753428081706,305.62862140014175,1337.6991120625169
102203,-92.1562563229,34.6682474216,-576.2820339386257,388.53130156182294,1359.038863494057
102131,-92.1893311016,37.0562606672,-484.2214821236737,302.9758121545738,1337.0955100308347
304004,9.21896684193,52.6893128627,-378.32572605759856,219.46240270035216,1320.679297328805
102076,-92.206256614,38.4229236753,-469.5449017958227,290.15102548887324,1334.2479821180693
102136,-92.2104230934,35.9937565603,-391.06568229534815,228.10108469213813,1322.1422635373337
102075,-92.2140714587,38.2689330805,-430.0568288053842,257.3193192621158,1327.4951194860992
101793,-92.2187570071,42.4187576889,-493.9884903525164,311.6642936769385,1339.0909947225541
304017,9.22263774623,52.9234759131,-527.3322490007425,342.1120817026757,1346.5031513668405
301549,9.22283849125,48.8386895731,-435.9966327465274,262.0778165713407,1328.4257006444493
101758,-92.2314479761,42.8449604752,-484.32832756414933,303.070222771466,1337.1169059303081
102135,-92.2319796192,35.9188898561,-479.8479994650375,299.1239081352892,1336.2279643129848
101720,-92.2479241435,46.0770915786,-514.8561505999824,330.58916204742786,1343.6216931328233
103303,-92.2481228815,30.1978591297,-575.341127697789,387.62355157157737,1358.7796281689161
101757,-92.2560490662,42.8352164213,-403.1205988554745,236.7209348418307,1323.6566251057275
103315,-92.2562681062,30.4020784086,-587.1368942799353,399.0412420589104,1362.080751298473
102276,-92.2643553608,30.285332712,-590.8116855692538,402.6143565045035,1363.131827908596
103301,-92.2932670642,30.0853908414,-572.9958874811921,385.36329719621705,1358.1365656736564
101779,-92.2938924883,41.8909647472,-444.31157214056583,268.8544506037335,1329.7792206991844
101794,-92.2979236776,42.2520909901,-324.3044134149706,189.66025666703746,1316.05511782482
101732,-92.3059032503,45.4563388772,-602.1899952186671,413.7233074173793,1366.454183386428
103322,-92.3185275323,30.6355777409,-542.5989924700826,356.39789017590715,1350.2035092221217
103317,-92.3431978144,30.4638832227,-596.137324425156,407.80554925832337,1364.6741098884295
103300,-92.3598775567,30.0819166161,-605.1138988652373,416.58862623323944,1367.32444712321
101733,-92.3640899221,45.3958008612,-557.5870284033091,370.6000141422691,1354.0215768872165
101736,-92.3813179185,45.1643539401,-505.75333213503535,322.2769050132069,1341.6007094880304
103079,-92.3851019148,45.9811697706,-539.1509827302492,353.15472690473854,1349.3510741571502
301523,9.23965061364,48.5897281465,-384.85880414065997,223.82846228450498,1321.4118361519775
301520,9.23999376267,48.8564169095,-318.66195595344243,187.32248621977408,1315.7202491553635
102250,-92.4104228829,31.5354223344,-538.5050114366059,352.54818429754545,1349.192455673167
101334,-92.4186172376,46.7033431314,-557.916051092133,370.91359931249514,1354.10743973617
101792,-92.4226949669,42.4519135616,-477.3571648828296,296.9413384775148,1335.7410747187168
102241,-92.4437562137,31.3145889531,-614.2838704165258,425.6015376440691,1370.0973429062951
301332,9.24456825804,47.7313291175,-487.8172042104934,306.1609319856172,1337.8208312282316
101791,-92.447803929,42.5394179079,-474.2277376343206,294.2110826669128,1335.1367800184112
102277,-92.4634845583,30.1980941027,-606.0482220650252,417.50511268654736,1367.6039555782593
102278,-92.4676173067,30.781061064,-612.409442964724,423.75600352046933,1369.5251771010032
102130,-92.4815561608,35.9809920622,-508.1516304002651,324.4587090234668,1342.1264895884701
301550,9.24828275135,48.777211339,-418.142736401997,247.9992052651316,1325.720055670137
101722,-92.4885099934,45.8854459527,-549.7459015708934,363.1494299068043,1352.001319761017
102275,-92.4899253375,30.4850862955,-605.3615901920351,416.8315476083362,1367.3984785992177
304011,9.25014260751,52.1600453749,-491.61036021496074,309.53816253493994,1338.5977492358943
102282,-92.5064783969,30.0815331361,-626.2789933122325,437.44896697424946,1373.8237364744914
102079,-92.5102098732,37.585709404,-518.4292810937175,333.8744397487573,1344.4337847999216
301547,9.2513286446,48.910758465,-444.12092884047973,268.6976337885515,1329.7475243810236
301481,9.2524501797,49.1768920271,-374.0852362174347,216.7042234062669,1320.2237615783195
101742,-92.5310356059,44.9271752654,-428.84462587664075,256.357047127891,1327.308930055858
101721,-92.5311271589,46.0104057861,-555.9922238522377,369.0811036567571,1353.6066346137582
101748,-92.5354240233,44.5687580038,-450.00263115397536,273.56560984439994,1330.7397202621678
102280,-92.5393682616,30.6646343643,-632.5781568213806,443.69518362838613,1375.8253799697552
103309,-92.543766789,30.3315773758,-639.4022876448079,450.48002585572317,1378.0284154867297
301548,9.25579317597,48.8650763723,-494.1529771499594,311.8115958926786,1339.1252859710453
301425,9.25675990705,48.9562037868,-412.2170693229381,243.4837936101253,1324.8827940405417
103323,-92.568507981,30.6903915485,-531.1754859593447,345.6900001283179,1347.4166528518977
102078,-92.5726644604,37.2520196044,-521.3699564939575,336.587309900361,1345.1100614372997
102129,-92.5769507057,36.0477236647,-496.90158767039753,314.27767358746104,1339.7016519768276
102281,-92.5937562021,30.189588712,-646.0104210443552,457.06725626326016,1380.19583282298
103320,-92.6021718508,30.5351950506,-627.7763638987758,438.9322626145655,1374.296762478118
102279,-92.6226708175,30.6190818966,-517.0559474381837,332.61029055808604,1344.120405908276
103312,-92.6271007209,30.3598465281,-664.4851574497145,475.5670541179857,1386.4321415620577
101726,-92.6313212592,45.7852379644,-564.1819781100155,376.89960558138705,1355.7593344252878
101729,-92.6477397756,45.6809048658,-564.4235507756537,377.13091242370706,1355.8236556792451
101731,-92.6479241666,45.4067990231,-505.06612223466016,321.6528417703871,1341.450934925635
101737,-92.6559757792,45.0270012917,-556.8625832212874,369.9098242289728,1353.832832463079
102283,-92.6561584813,30.0731620144,-662.4321064073814,473.50543859098593,1385.7263296080998
103321,-92.6717284605,30.5358943387,-551.4532948763535,364.7680193849783,1352.4369738216765
101785,-92.6727103096,43.0648628353,-385.1581139930753,224.0317702214125,1321.4462888299452
101786,-92.677241849,43.1980774284,-444.58118972745086,269.07634166219555,1329.824100336659
301419,9.26853193903,48.0726607977,-459.06447809693725,281.18124507618285,1332.326143546124
301519,9.26889604506,48.8943982767,-322.18475539552315,188.76239711694677,1315.9260248050537
101727,-92.6981695267,45.7771574178,-549.3803038174602,362.80312560694915,1351.908343100251
103307,-92.7060702894,30.2566255156,-586.7540816552254,398.66944923581394,1361.97187560826
101734,-92.7143572321,45.1599685777,-549.9426058853536,363.335794436235,1352.0513894495668
101789,-92.7229238728,42.9104244016,-378.19755237741356,219.3781421939039,1320.6652980472923
101743,-92.7315436765,44.8311045815,-436.5811788806361,262.5499087896158,1328.5189177423597
101747,-92.7321503215,44.5638639194,-433.36895581048617,259.96397246285835,1328.0102888052352
102128,-92.7437565715,35.9854232006,-475.8241293731467,295.6021760731767,1335.444011066391
101730,-92.7688447286,45.5973052449,-537.6847775762878,351.77850017528874,1348.991539402479
102127,-92.7728592639,35.9686072312,-552.4671816301114,365.73017728415743,1352.696796318449
102284,-92.7768810142,30.152250069,-612.850365399539,424.18998360227397,1369.6595206044428
301468,9.2778236338,48.8680711455,-377.79630865420853,219.11472255477184,1320.6215664732078
101741,-92.7897847733,44.9148169424,-439.00422724313853,264.5138796780066,1328.908444075891
102066,-92.7938062146,39.543707836,-527.4823701754115,342.2515975783762,1346.5386055508566
101744,-92.8058833916,44.752450121,-564.558201361581,377.2598575924812,1355.8595282493661
101790,-92.810211979,42.5939617054,-439.5934305117278,264.99315234976746,1329.003924368232
101735,-92.8147619554,45.0774894899,-460.51681242294376,282.4141994783535,1332.586897827265
102243,-92.8186588657,33.5982276471,-543.4666391908202,357.21545930270844,1350.4195439043153
103306,-92.8315434038,30.2561561606,-602.9690134189941,414.48630415497786,1366.6853904706625
101716,-92.8520908035,44.7479246756,-477.07269881524275,296.69260638301256,1335.685802453646
101728,-92.8564499418,45.5481561388,-584.5736583419852,396.55335548887325,1361.3539671750987
101723,-92.8640975655,46.1055130529,-567.6313888101745,380.20604312813697,1356.6822381917768
102285,-92.8812562739,30.0704822252,-638.4833004913664,449.56526409157016,1377.7296494129819
102125,-92.8856326382,35.9688981892,-545.5613184429253,359.19163484204984,1350.9436297397456
102286,-92.8941148639,30.7021126204,-665.6044101093238,476.69155940751915,1386.8182660335374
101715,-92.9017059646,44.7811059734,-472.7764030049243,292.9494548330323,1334.8593346419932
101787,-92.9101395153,42.6944762807,-483.80176583329063,302.60508336671217,1337.0115544277353
102287,-92.9145896346,30.5023798349,-628.2471508906426,439.39881807430964,1374.44584524782
102074,-92.9229234163,37.6854235063,-508.0075591759426,324.32747414747803,1342.0947696346846
102126,-92.9270701707,35.7978192951,-314.2406137892687,185.60975531351238,1315.4774956119304
101725,-92.9339356352,45.8395992379,-563.2431250214968,376.0010156451797,1355.5098022368195
102067,-92.9479235304,38.9479237297,-538.5550849208571,352.59518941320675,1349.2047390189634
102073,-92.966855795,37.5937568207,-443.1108613551625,267.86789172306027,1329.5801095120414
301452,9.29727479441,48.0689162934,-489.2031535065623,307.39288923445605,1338.1033026436344
101714,-93.0105465006,44.9435988028,-371.90614370679697,215.31096192817012,1319.9957842812714
101784,-93.0199238914,43.6735813427,-463.58673702911886,285.0312233294987,1333.1439751454475
101745,-93.0562790064,44.668422142,-436.1468796717503,262.1990954586983,1328.4496324111253
301467,9.30622867715,48.8644315172,-373.7841556116553,216.5107319114811,1320.192015286693
101713,-93.0895908991,44.9437580228,-478.8485511829541,298.24715856876736,1336.0319710950923
101778,-93.1227728459,42.3399170904,-423.57416936215805,252.20948216792158,1326.5141096457685
101777,-93.1520905923,42.3145909483,-446.18651293729687,270.40021221999734,1330.0926039048989
101776,-93.1690992537,42.323602358,-500.3146092902755,317.351797381455,1340.4261350388294
102288,-93.1895896984,30.2937553817,-641.1213849177778,452.1920926286281,1378.5890427642867
101775,-93.1910463355,42.3268063713,-461.1644774353627,282.9651004335841,1332.703758626531
101670,-93.2142940284,45.3899827567,-528.4726690311073,343.1724327162308,1346.7729499697678
101746,-93.2310548448,44.2560379409,-420.4990782298935,249.81758599062445,1326.0614188128986
102124,-93.2432403068,35.9525845669,-276.7316808187845,175.68317410123285,1314.1136320182432
101678,-93.244678146,45.0935845902,-640.8444662391441,451.91622991144357,1378.498581446955
301324,9.32692588486,48.6359180923,-402.4390164622802,236.22284372515614,1323.5676378982278
101636,-93.2727232633,47.0020753271,-709.5350744046399,521.124025204471,1402.7117700508556
102065,-93.2729236833,39.6395904979,-500.67524087084365,317.67737765022883,1340.5032549250377
102119,-93.2730897253,36.364908357,-534.4904486881993,348.78626323040976,1348.2143440907782
101682,-93.2771030986,44.9060910687,-521.6585628034338,336.85399311450806,1345.176818441012
101679,-93.281406768,45.0486995115,-523.4934224269921,338.5512640429134,1345.6028457828666
101677,-93.2977600163,45.126791644,-587.257706868615,399.1585937913708,1362.1151358058537
101671,-93.2979301274,45.3313997069,-444.6336055265804,269.1194943416841,1329.8328325126502
101712,-93.3019988037,44.8064381384,-491.6174648709805,309.54450439257386,1338.599215745153
101668,-93.306005366,45.6314082357,-682.0514012569153,493.2613209016533,1392.6007291724136
101680,-93.3105168384,45.0480711714,-442.929223643022,267.71887963161436,1329.5500963503034
102123,-93.3187852241,35.9146830617,-331.39634084357704,192.83133428228257,1316.5158501419494
101681,-93.3348723294,45.0021008606,-442.35507951105683,267.2482622625718,1329.455412519073
301323,9.33533781756,48.0613968728,-482.2812295044122,301.2639020416525,1336.7086439711748
102120,-93.3559864222,36.4565269416,-470.34487158201784,290.84239859225426,1334.3985015776923
102117,-93.3640845818,37.0070057391,-565.3275307847284,377.9968171207903,1356.0647676078538
101669,-93.3724614345,45.3277507266,-631.3146629438813,442.4410027360592,1375.4214267256361
102072,-93.3769683699,37.6691639779,-581.1425821656476,393.2289712552122,1360.3893134056614
101666,-93.3972858136,45.1936222935,-692.5676744595246,503.898319590719,1396.4038014414903
101800,-93.4060510783,41.9522175123,-466.883711746117,287.8577842783628,1333.751162759959
102122,-93.4062415643,35.9396050098,-295.15051634092305,179.48825689838517,1314.6277399166331
101635,-93.414089618,47.1732847063,-473.0291079891301,293.1689167619581,1334.907515129522
101711,-93.4224584787,44.8274715942,-427.8359708648192,255.55869994376962,1327.154968084302
101673,-93.4312410574,45.2941927788,-536.9081876349106,351.05027278630035,1348.801821698514
101674,-93.4352513877,45.1647525611,-559.6723366718816,372.58874277557766,1354.5672487687646
101788,-93.4395026121,43.2480623595,-605.4339950010166,416.9025637193599,1367.420128500992
101672,-93.4400077121,45.2822302708,-440.5163250801559,265.7451796119954,1329.1540771035186
101710,-93.4647665732,44.8102342518,-589.7570880299156,401.58818274285665,1362.8290900595734
101637,-93.4856497129,46.710917247,-733.3712625445091,545.4429065907443,1411.9270606316934
301413,9.35218324095,48.7059056961,-384.0094901463889,223.2530982767587,1321.314499308952
101634,-93.5302224116,47.2321743082,-682.2101846417341,493.4216905129218,1392.657540410608
101625,-93.547444183,48.3975703276,-568.9513788302031,381.4733532925155,1357.037943266927
101700,-93.547960317,44.027445834,-444.44475607575714,268.9640424241466,1329.8013822789599
101799,-93.5681883777,42.1400038288,-528.8484954313877,343.522121581491,1346.8620969534124
101770,-93.5937574098,42.5479242906,-468.19107437955034,288.9830909645206,1333.9944853923885
301383,9.35961243656,49.3230918892,-382.41643885102616,222.18007561999806,1321.1336216281845
101769,-93.6096463022,42.5433965112,-564.4270194175427,377.1342339426247,1355.8245795844625
101638,-93.6097267122,46.6518992031,-731.6418804650658,543.674138856442,1411.2447092744717
101764,-93.6102530132,42.8644709618,-561.113227866548,373.96463602099936,1354.9463491918098
101765,-93.6229241082,42.7562576538,-514.9214533050271,330.6490932030106,1343.6364400498626
102115,-93.6229328632,36.2646303517,-505.83628821546904,322.3522721198249,1341.6188160333427
102116,-93.6232403453,36.4267730701,-547.134984417905,360.67847349229237,1351.3397135563746
101708,-93.6395910226,44.6937579491,-511.4695428190861,327.4868851702868,1342.8617650943938
101659,-93.6646372957,45.3352869802,-585.4744817065847,397.4272779683067,1361.6087916384765
102071,-93.668828579,37.8357531547,-540.417412871952,354.3448254291667,1349.663037762508
102070,-93.6847875264,37.4440433493,-538.9244990392067,352.94202914241885,1349.2954221107632
301423,9.3685332933,48.9311369827,-360.3036574022508,208.1832326744257,1318.8518940960234
301382,9.36858674831,49.3270011275,-376.0469160740183,217.9725677999511,1320.4325429597675
301552,9.36898539234,48.6779009038,-501.56337433688606,318.47979907467334,1340.6936423406128
101667,-93.6933293331,45.7058777819,-654.9590822049959,466.01320861146036,1383.1841420411972
101639,-93.7074791472,46.5405210489,-736.9490233332357,549.1042060430211,1413.3454953718963
101665,-93.7354335666,45.0898132169,-611.2790856673886,422.64385623295124,1369.181466937584
102289,-93.7399697539,30.3062649037,-646.371981519979,457.4281450869608,1380.3153871893164
102239,-93.7604232946,32.5479224892,-629.1401158112923,440.2840098521825,1374.7290895028775
101663,-93.789409574,45.0939977632,-598.9472414018642,410.5505130023642,1365.4969000039507
102118,-93.7939659474,36.8190399946,-518.9765742598247,334.3787207622412,1344.559105838225
101633,-93.801487719,47.2521805148,-730.6847678009501,542.6955103990296,1410.8679871629229
301521,9.3805532273,48.6770475787,-424.5577702433584,252.97897468619882,1326.660627978073
101626,-93.8078744426,48.197484439,-624.8533756316094,436.0376278791704,1373.3749936271552
304001,9.38107475234,51.7524968112,-418.8987774050117,248.58125342824027,1325.8290612857488
102237,-93.8145900351,33.6062560297,-590.8093390487551,402.612072558825,1363.1311533245828
101692,-93.8480134389,43.5857955465,-497.78721611275034,315.0741063999137,1339.8887090790781
102114,-93.8554105325,36.2020591155,-584.8085199922249,396.7811594428008,1361.4203423934387
101701,-93.8725727739,43.8981462103,-477.46960444206917,297.0396837248142,1335.7629407575405
102240,-93.8729203729,32.6479195494,-639.3783219847744,450.45616623858615,1378.0206159184484
301551,9.38736081586,48.7181052691,-437.9695643488906,263.6738628543239,1328.7414971116145
101702,-93.910424342,43.9937578252,-473.05360461345174,293.19019564079406,1334.9121885029672
101627,-93.9133936823,48.6351096192,-575.5455186237276,387.82069456906464,1358.835880939978
102064,-93.9353474281,40.7232635856,-350.9085756427894,202.79504232337854,1318.0120975866785
101806,-93.9520514445,41.5352391558,-496.66172508096844,314.0621217928885,1339.6511025408613
101632,-93.9597010351,47.3277473051,-659.7123014066008,470.7764480526254,1384.7962031414372
102236,-93.9647351745,33.6911245978,-597.2509568989999,408.89295249758743,1364.999453038751
301453,9.3975273157,48.0732004507,-500.4959488641086,317.51549387412126,1340.4649003401848
102238,-93.9984396413,33.2395220744,-670.2802549412627,481.3937285033285,1388.441565942273
102182,-94.0272557027,36.7772245171,-487.65682590128364,306.01852514162147,1337.78824853702
101706,-94.0350156033,44.4852277789,-547.390400284653,360.919973012482,1351.4041908745232
101657,-94.0395523987,45.6608178441,-663.1810751224218,474.2573703412687,1385.9834463358177
102234,-94.04345087,33.5521953273,-613.1825109687121,424.51695888332245,1369.7608216668482
101704,-94.0499783386,44.5149720613,-628.9310583212674,440.0767425520568,1374.6627220991788
101703,-94.0686041751,43.9340971623,-540.9247453667313,354.8219370035557,1349.7883786626885
101691,-94.0856032955,43.6105185895,-480.6790099059983,299.853901588213,1336.3915678017308
101707,-94.0896824919,44.6230466673,-595.2736993993436,406.9627090252638,1364.4224810267076
102290,-94.0942371682,30.3567359269,-629.3186433820069,440.46102296944025,1374.7857916596242
101690,-94.1265754949,43.5146555376,-497.6478120325484,314.9486834832865,1339.859221493717
102069,-94.1437571123,38.0562568409,-529.838582026606,344.4439383803617,1347.0975045930672
101655,-94.1477201647,45.5468175117,-650.8574285000398,461.9092314559767,1381.8068599837482
101705,-94.1502569029,44.4652506652,-626.6503890749741,437.8167839376185,1373.9408999266939
101650,-94.1777795812,45.9271958492,-565.2728420961442,377.9444166907768,1356.050162162752
102183,-94.1813773075,36.6230937984,-472.96214052908294,293.1107500783221,1334.8947419198905
101640,-94.1854924008,46.3768279934,-711.232031202988,522.8508859404889,1403.3542350820226
101652,-94.2021909152,45.7645474417,-618.5659202527161,429.82358175046676,1371.4147336319145
102184,-94.2102205158,36.8111859369,-552.7540762961974,366.0025693274354,1352.7704686857187
301373,9.42326573183,48.7061798611,-349.7521625468801,202.15706138820187,1317.914085842855
101654,-94.2349344499,45.5644206502,-623.0398669539135,434.24353399170724,1372.8064346467427
102235,-94.2355567889,34.3771665375,-473.22893015782927,293.34251587355044,1334.945651258102
101656,-94.2516746123,45.2897302154,-643.7426723443657,454.8048265369954,1379.4482558020222
102188,-94.2689940707,36.2522313907,-584.1988174656223,396.18984342656915,1361.2481229475632
101699,-94.2768417064,43.9978541735,-536.59219017272,350.7540948589193,1348.7247663086025
101664,-94.2855307641,44.8395739042,-523.6944419992146,338.7373968777112,1345.6496885286983
101651,-94.2933849077,45.8440755203,-605.5259413853312,416.9927502845327,1367.447627510375
102202,-94.2978116141,35.3516320692,-587.3413718021333,399.2398667647692,1362.1389545153772
304007,9.4313368245,52.0012322967,-442.939642247066,267.7274252151278,1329.55181711967
101649,-94.3391297995,45.7604007294,-559.9425421887747,372.8466520186641,1354.638212260167
101647,-94.3604247263,45.8604247337,-378.635804236418,219.66647268231466,1320.71322376002
101645,-94.3721452962,46.1850982755,-680.3480092154593,491.5413799642804,1391.992452713406
101694,-94.3826318051,43.7683114546,-611.4802934695367,422.841779031995,1369.2425754002966
101631,-94.4255311007,47.4441285567,-653.7224751450319,464.775276272136,1382.7675573384467
101646,-94.4303705961,45.9315994455,-646.9996489634572,458.05476093025555,1380.5231704700823
101689,-94.4352697075,44.2398476166,-562.1695850868061,374.9742322328194,1355.2253447425217
101648,-94.4772723429,45.8271530669,-583.063129877856,395.08896730462874,1360.9281216433633
301440,9.44837957291,48.1059074094,-488.6826576544134,306.9299502519148,1337.9970308470558
101698,-94.5184113263,43.9810817762,-571.4265296047506,383.85269934850095,1357.708715075154
101696,-94.5598788248,44.052173191,-536.0386837339632,350.23550153908076,1348.5899920777354
301407,9.45611297155,49.248247831,-343.9944895322925,199.0666925674116,1317.4435882737534
301466,9.45648914758,48.8063511174,-353.6777631471835,204.34566870476306,1318.2515740602364
102185,-94.5854237799,36.6270898967,-526.4144526524493,341.25955576836327,1346.2867987903303
301404,9.46059136492,49.2519139443,-388.81502809335205,226.53822065628586,1321.8735285994687
102181,-94.6062571616,37.1604233248,-587.6085171346839,399.4994004480537,1362.2150458544527
301422,9.46104006296,48.9732981112,-366.37964198424424,211.8534656338572,1319.4362247168185
102233,-94.6117238491,34.6395895272,-381.27006802070883,221.41296589289158,1321.0048302937357
101695,-94.6686331068,44.0566464294,-525.8273482690903,340.7145960318266,1346.1487644918839
102190,-94.6935634918,35.9563652282,-534.5706819895315,348.86131751942315,1348.2337627634467
102316,-94.7229234423,30.4645886978,-617.8159048193945,429.083481101828,1371.182954221776
102056,-94.7229240563,39.3979237079,-542.6368649517249,356.4335645696995,1350.2129262252515
101630,-94.7310725529,47.4770750934,-643.3228468363848,454.3861964712258,1379.3102898686293
101662,-94.7394681296,45.2231654209,-565.6358923537061,378.2923129154805,1356.1471653935048
102317,-94.7807933081,30.4816603292,-706.5095554318556,518.046976091042,1401.571521411222
101661,-94.7836256043,45.3770913017,-535.9138362267865,350.11856368563366,1348.5596274659813
102068,-94.7900936468,37.8186451583,-486.54871231444156,305.0354508492665,1337.5637130502269
102191,-94.8354625006,35.9228183204,-571.5787439527766,383.9991474754139,1357.7501262956077
101644,-94.8395960739,46.2523700951,-590.1250392758258,401.94614828646445,1362.9346155690005
102319,-94.8479234726,30.4270886857,-655.3160469872729,466.37065530945495,1383.3046115471693
102055,-94.8604241266,39.7533411384,-480.8439224404895,299.9988751688408,1336.4241038294933
301341,9.48983205734,47.6639950119,-579.7722719183031,391.9031712916538,1360.0066749330128
101688,-94.9074377565,44.2773215957,-609.9516735644772,421.33859144495926,1368.7791161596224
102189,-94.9229238168,35.9229230844,-513.9773804821116,329.7830822118457,1343.42358975382
102315,-94.9603373139,30.7155580356,-666.1956134650801,477.2857021545016,1387.0226031593754
102063,-94.9645907483,38.9812569565,-462.05764199912153,283.7258930622216,1332.8655005617968
301454,9.49795448001,48.1772879714,-533.1195956207562,347.5047279128831,1347.8833763036405
102318,-94.985218444,30.5189861173,-569.9911075044807,382.4723674376811,1357.3191120909182
103232,-95.0327832639,44.6936519671,-613.4349050151675,424.76545810943344,1369.8378570461582
101642,-95.0477861141,46.3977858691,-640.4451758899522,451.51851378489465,1378.368248504156
101653,-95.0849936822,45.864603615,-673.9982492335747,485.13760026809814,1389.7440596699032
102180,-95.0979239723,37.3187566599,-584.1231668684554,396.1164888782982,1361.2267749920163
101641,-95.1213973112,46.8141748096,-610.1127161449828,421.49690294660746,1368.827856009468
102186,-95.1644239058,36.147605169,-606.9150222805564,418.35574374524754,1367.8638779200705
301486,9.51815574568,49.756420543,-380.76879547373727,221.07887233197866,1320.9488740997788
101629,-95.2226327086,47.326949657,-564.0649775708968,376.7875908937771,1355.7281987350675
101628,-95.227090051,47.2560708241,-647.143726996479,458.1986180069048,1380.570908623433
102187,-95.2311650133,35.8521819366,-451.10201332132,274.4822222868338,1330.928454330064
102201,-95.2379441529,35.264589615,-556.5680785699478,369.62934966215454,1353.7562248520085
101687,-95.239183271,44.8399676462,-612.382963604049,423.72994394586857,1369.5171140187565
101643,-95.2560081014,46.6765589792,-661.9978579365104,473.0695574963474,1385.5774487280328
301442,9.52776317048,48.1570441297,-455.6132906428717,278.2648829447472,1331.7137099520107
102322,-95.3187568816,29.3687551191,-632.9829368630504,444.0971167661674,1375.9550535224316
301479,9.53591577815,47.6735871187,-544.4286754646402,358.1226512758857,1350.65979933911
102320,-95.4604236223,30.2479219619,-674.9575811806199,486.1043065504777,1390.0818166715278
101683,-95.468575531,45.139416078,-619.7421726374382,430.98478764113395,1371.7791175593716
101686,-95.481089511,44.872985514,-608.4449974096801,419.8580611502976,1368.3241033128013
104270,-95.5272802798,46.5270087138,-606.0455730992253,417.5025136913515,1367.6031621535874
104281,-95.5394937828,46.5760791899,-568.4167075494889,380.95988628902785,1356.8936933876741
102321,-95.5595036075,29.7604218585,-657.3404463288941,468.3986231522103,1383.9896424340684
102331,-95.5812569483,29.3479217724,-597.9656787409452,409.5911781496058,1365.2087728299566
101578,-95.6064612274,46.6434224234,-543.8257460622675,357.5540104972674,1350.5091375538982
102179,-95.6187573514,36.1623144232,-613.3881151902749,424.7193881058721,1369.8235721533342
102054,-95.6269030431,40.6334536622,-469.52848211432354,290.13684445441123,1334.2448983240886
104284,-95.6393936941,46.6643990072,-622.0383314936662,433.25332695874994,1372.4935356914145
102313,-95.6562570585,31.3383386381,-651.0253490339632,462.07712994493676,1381.8629940091905
101577,-95.6643041512,46.6727166679,-599.919436332169,411.50117654192366,1365.7830276033167
301401,9.56812624982,49.0566121841,-395.7217825582332,231.38175923234562,1322.7122055456168
304018,9.56852056885,51.3645241641,-434.1041736237338,260.55403823426565,1328.1259228830968
102330,-95.7562570028,29.5812551487,-604.2184332440698,415.7106553544667,1367.0572077163176
301418,9.57716995556,48.2561316319,-407.93638426864175,240.2750106802807,1324.2968477464951
102314,-95.7812570678,30.8854220806,-725.4306421439462,537.3269042341919,1408.8116489466556
101685,-95.7890264425,44.7105883035,-611.1491099764305,422.5160126373979,1369.142009116987
102178,-95.843630071,36.5091653349,-618.8638089745539,430.1176019754111,1371.506912750706
102053,-95.844134546,40.6816339112,-474.9445849797015,294.8353085742354,1335.274473423333
102312,-95.8850807924,31.5728642555,-690.1386758190223,501.4386556180656,1395.5181064901835
102332,-95.8979236945,29.3145884226,-706.1525328120576,517.6840251705465,1401.437408559752
301372,9.59223426581,48.7059115061,-379.8074779275159,220.44046185464632,1320.842177331033
101960,-95.9227741835,41.260342713,-438.26487010295915,263.91340490851206,1328.7890522894518
101589,-95.9315740513,47.314573386,-626.5966993954124,437.7636080267397,1373.9239559402417
301465,9.59386559095,48.7936648714,-304.35844755601823,182.17581288168228,1314.9973714775997
104324,-95.9396647839,47.327191028,-643.3449744607905,454.408259434488,1379.3175582280448
102177,-96.0063151275,36.1438140807,-530.4994573498459,345.05971559790083,1347.2550862855921
301331,9.60243730265,47.6277302269,-457.63933121501196,279.9746255823339,1332.0720142559346
304010,9.60634610698,51.4980455901,-383.1261390774368,222.65710297294228,1321.213928816298
102200,-96.0729241,35.6729229827,-560.0451577407492,372.94461086062495,1354.6651774382767
102339,-96.1062570807,29.306255082,-630.6470999715712,441.7786224935533,1375.208497460002
102308,-96.1106698051,32.135176394,-622.7662363163591,433.9729553674498,1372.7208697270735
102176,-96.1136167923,36.1270897293,-504.2667145262613,320.9275206444227,1341.2772024085368
301477,9.61463408666,47.8267337863,-588.1823370379204,400.0570041914418,1362.3786796616153
102052,-96.1562579399,41.0145905527,-440.0389303969699,265.35597033055086,1329.0763150338519
101597,-96.1687962909,48.1267959132,-586.5829258726109,398.5032468000954,1361.9232349527313
101579,-96.1850700762,46.2096899686,-567.0798133075034,379.67681133989504,1356.5340177316325
102199,-96.205772876,35.264589569,-584.9236075783904,396.89279997428014,1361.452883821294
301478,9.6235444264,47.8237451661,-509.8039668840529,325.96535358258905,1342.4915165207253
102195,-96.243093478,34.9770895142,-526.5136304181449,341.35164442181383,1346.3101445593325
101590,-96.2440201041,47.2649362109,-556.6005245395321,369.66024695069575,1353.764661368269
101598,-96.2726431705,47.8897739566,-638.6946610090473,449.7756238312177,1377.7983059891806
102048,-96.2812151412,41.2937143928,-518.4776603103224,333.91900538580234,1344.4448528488397
102311,-96.2899827439,31.8485019693,-643.1420501751614,454.2059350341696,1379.2509168436898
102309,-96.327288977,32.5146320944,-597.049788899189,408.69647506069293,1364.9406100343451
101959,-96.4104248459,42.4895907647,-320.7160369522487,188.15407166469322,1315.8389015673222
102050,-96.4517362423,40.9691277829,-410.6660014444067,242.31585059731654,1324.668649755325
101622,-96.4627853682,48.9814748619,-611.0837600755323,422.451737708474,1369.1221752958365
102307,-96.4630488452,32.4265355741,-614.2040111847716,425.5228764547696,1370.0729099505015
102306,-96.4852724481,32.6387499597,-640.2018386743846,451.27616589961684,1378.288880497464
101580,-96.4935791938,45.8230953546,-581.2755822842646,393.3577094673476,1360.426531566954
101591,-96.5003550063,47.2638634078,-647.5004577768996,458.55483445928706,1380.689174434231
301485,9.65215512777,49.647920018,-373.0797406515142,216.0592675430015,1320.1180505110567
102310,-96.5230329482,32.1938645989,-644.2261864020383,455.2870457015464,1379.6073188329847
102045,-96.5231264652,41.7109403763,-457.0076645374442,279.4408585818122,1331.9599294418863
102047,-96.5354247702,41.5645906152,-386.36357773527067,224.85342674464746,1321.585836679822
102232,-96.5634481705,33.8187559523,-587.261286044062,399.16207055956056,1362.1161546532255
101958,-96.5645915966,42.8395908077,-543.8143305296127,357.54324686901606,1350.5062878696763
102341,-96.5646355756,29.0232604295,-678.7781608537435,489.95704325645795,1391.4337801097488
102062,-96.5708805402,39.2395902408,-560.3855553450262,373.2696124264367,1354.7546876666922
104039,-96.5765392356,41.0568225482,-387.93647118761936,225.93230155006728,1321.7698230318335
101581,-96.5771496557,46.1521309208,-553.6846756122517,366.88653355165053,1353.0098997034133
102061,-96.5854246194,40.0532483622,-466.2332034019094,287.29880224971294,1333.6306317597891
102060,-96.5943163721,39.1019508525,-308.4304307993608,183.5234803857949,1315.1847505376609
102305,-96.6061359911,33.2478010901,-643.8270887872266,454.889010594868,1379.476013620343
104335,-96.6091039233,48.2144697544,-563.1371670051377,375.8996383523819,1355.4816849767265
101599,-96.6107526815,47.7728962469,-519.206704268367,334.59084919260334,1344.6118758055509
102304,-96.6226110254,32.618442704,-651.2197264799573,462.2714944649703,1381.9279991333744
102049,-96.6685564092,40.6605475084,-398.24894574405783,233.18841700619538,1323.029439589214
102340,-96.689590549,28.9604216583,-689.3784962615218,500.66921713715266,1395.2418160242414
104031,-96.7189121724,40.9555645168,-353.69567649370236,204.35580342723608,1318.253145108437
102173,-96.7270910001,36.5062564327,-587.7597704549161,399.6463616927645,1362.2581527038694
102043,-96.7275406211,41.839451438,-602.5219541614176,414.048402342469,1366.5526479708878
102303,-96.7354240758,32.7080209144,-652.0738874719697,463.125758381996,1382.2139951074123
104268,-96.7355966788,46.4979352784,-640.3886229067176,451.46218870186664,1378.3497988614408
102302,-96.7563633045,32.8896949805,-575.8730222052666,388.1366371829158,1358.9260867749788
102040,-96.762157497,41.4520905829,-491.579522434448,309.5106363791597,1338.5913843386738
101582,-96.7805383125,46.468961336,-446.24265390004007,270.44659392252885,1330.1020338147716
101584,-96.7854255799,46.9270913639,-555.0258800685523,368.16161363752354,1353.3562110361333
101592,-96.7936257986,47.2699274203,-667.5649239767607,478.6622556114794,1387.4968883355969
101583,-96.7977003759,46.8023820836,-528.0054996580333,342.7379254546033,1346.6622983282853
101588,-96.798561761,47.07302256,-637.9637218793475,449.048219442475,1377.5610199110426
102327,-96.822924013,31.1338936692,-648.6163871899271,459.669455145519,1381.0597627140085
101593,-96.8476244421,47.3562649124,-558.5473501539925,371.5154876957222,1354.2724311569236
301436,9.68971751188,48.2226173001,-464.3262852608598,285.66382882537897,1333.2793718096257
102298,-96.9269699446,32.7479697157,-495.1904302468673,312.74138604150795,1339.3420902581454
102301,-96.9396161547,32.9641575286,-599.3183685790253,410.9133640616994,1365.6060387089672
102299,-96.9475154523,33.5566695996,-659.7463328022766,470.8105790170145,1384.8078067039594
102329,-96.9478421824,30.8355038755,-581.3329347373992,393.4132272617446,1360.4425851826293
102231,-96.9770908988,34.2354226768,-643.818466854869,454.88041227480204,1379.47317830583
101606,-96.9980788975,48.173443833,-517.9284975180005,333.4132618761486,1344.3193308841421
101587,-97.0015114378,46.6347009577,-575.9825831167825,388.24234501961894,1358.9562828362905
101607,-97.0057942641,48.1937115517,-526.2826369392002,341.1371756082143,1346.255782819834
102351,-97.0147720679,28.7939363906,-680.6985810443829,491.8952875327473,1392.117464185698
101600,-97.0292526531,47.9269315416,-561.2702010535435,374.11461310991746,1354.9877504746225
102175,-97.0354243706,35.9604229865,-553.2344150137877,366.4587593059535,1352.8939657142216
101613,-97.0439355073,48.777149407,-632.0621805307178,443.1829322907025,1375.660267532533
102172,-97.0562577963,37.0562565112,-520.822120451573,336.0813007077243,1344.9835318245687
101615,-97.0562654803,48.8234218698,-642.1286614416421,453.1957745702459,1378.9185872567748
101595,-97.0611413817,47.4142560622,-576.2259331593264,388.4771627288784,1359.0233869053816
101608,-97.0687177664,48.3601321225,-600.899809365392,412.4603217258487,1366.0723177021357
301484,9.71037374059,49.5730534398,-356.6287761553148,206.03299459897985,1318.5141846249958
304013,9.71043654859,51.4060805085,-428.6380634494664,256.19337947930666,1327.2773289267477
101610,-97.1054321054,48.414370042,-636.7700765883088,447.86079455520206,1377.1744085240298
102059,-97.1197620406,38.9062568203,-412.99582441865334,244.07241352534587,1324.991095531582
102297,-97.1237040889,32.497818306,-519.1700076451468,334.557019762464,1344.603458148995
102057,-97.1261219161,39.3562568935,-492.8865581446024,310.67830011851754,1338.861854844788
101604,-97.1395209072,48.1938298227,-559.5938502488807,372.51383737365006,1354.546647121736
101612,-97.1475790259,48.572214599,-640.897002920953,451.9685640057355,1378.51573913514
102230,-97.1564223336,33.7272539958,-595.6425966418299,407.3226804172514,1364.5298920053708
102300,-97.1812575607,33.3354225003,-600.9047428633429,412.46514962464795,1366.0737754048196
101605,-97.19794226,48.2981917474,-548.9269303398094,362.373814920613,1351.7931949577246
101621,-97.2144752734,49.0102224513,-561.1648867370658,374.01399068614097,1354.9599718895267
301435,9.72283677062,48.2729764703,-490.63266824931554,308.6660157906848,1338.396342455399
301464,9.72324090665,48.789984299,-322.7111057588947,188.98316536094316,1315.9577109404906
101620,-97.2396459315,48.9783164416,-567.4853800430253,380.06592997293143,1356.6429785761927
301455,9.72651968592,48.2637530735,-550.9793642309353,364.3185248035486,1352.315809161798
102039,-97.2687582939,41.5229238938,-428.203190675027,255.84910531154105,1327.2109195160394
102356,-97.2770906716,28.2930267191,-700.6743215318992,512.1189554644344,1399.3912550605273
102296,-97.2887957086,32.7520890531,-635.0392953992184,446.1400281927707,1376.6157724469601
104269,-97.342878169,46.5141421007,-647.047477282855,458.10251505598626,1380.5390159262122
104055,-97.3478280954,41.3774668407,-395.4925624459885,231.21878430957796,1322.6837061109863
301402,9.73557210767,49.1527935311,-349.4116656390964,201.97029885689346,1317.8854509456569
102295,-97.3602139815,32.7312085853,-478.68901666639965,298.107332195723,1336.0007641100906
102355,-97.3854240456,28.6520882408,-714.0295092870673,525.699210088527,1404.4179291370485
101602,-97.3854269656,48.0187991672,-575.3836785876701,387.6645914750315,1358.7913363270306
102042,-97.4224779996,42.0022283684,-547.6555476249303,361.1707255803584,1351.4711810505385
102294,-97.4437436744,32.6686354422,-550.2156364026137,363.59452023730677,1352.1209396132033
102350,-97.4485287238,29.4853756248,-684.1807618763586,495.41256753529507,1393.364156373275
102394,-97.4604239738,25.8729209909,-619.6389144368294,430.8828258192191,1371.7470866671633
301483,9.7480481307,49.5155687011,-343.16233200480366,198.63214688869107,1317.377998135503
102021,-97.4943224966,41.3645905227,-481.8306641873065,300.86705445670964,1336.619259419582
101601,-97.5020926232,47.9395914367,-534.0593382183024,348.38307243487003,1348.1100939289247
102293,-97.5565155917,33.0857750257,-538.3121317866111,352.36714266905886,1349.145160250242
104333,-97.5848182031,47.9472203193,-551.7761624905096,365.07433336137,1352.519622435528
102349,-97.5853402921,29.8221108906,-656.3088245204382,467.3650058737382,1383.640165978588
104332,-97.5897216145,47.9404439638,-553.4204836676206,366.6355179573756,1352.9418550779512
301371,9.76059969474,48.6812784931,-408.2166811317487,240.48371382273112,1324.3347298956814
101956,-97.6350806602,43.1892461826,-543.3022455116029,357.06050899344586,1350.3785644316758
301456,9.76389800501,48.2781214357,-519.6619397335035,335.0106214014868,1344.716392644079
102020,-97.6756983306,41.3355165823,-506.69066131843806,323.12890649820076,1341.805630636799
104062,-97.6769070637,41.4766622239,-392.88255989359146,229.37373316817295,1322.3624199369092
101586,-97.680878688,46.4439627669,-556.2885074191591,369.36315323694816,1353.6835668512178
104334,-97.6891977657,48.0267552309,-579.3475343830463,391.49245299173595,1359.8883781190943
102338,-97.6936645871,30.2479218849,-604.4141929954272,415.90255698944634,1367.1155756205303
102292,-97.6937576841,33.2312557917,-618.6282305951072,429.8850796483388,1371.4340093122064
102393,-97.7019706028,26.1730637547,-498.92376276261393,316.09748177150686,1340.1297243834952
101594,-97.7063745141,47.5935962321,-513.4692178432917,329.31730020116044,1343.3093256602056
102038,-97.7236183265,41.4180636701,-499.7868347680667,316.8755784462865,1340.313467965447
301400,9.7770176871,48.9857016232,-399.06444306360464,233.77522532117743,1323.1329926231383
102037,-97.8222282737,41.3937571711,-506.53586995740625,322.98814269144276,1341.7717393480764
301408,9.7854570388,49.1723840537,-313.6247029202592,185.37965858583593,1315.4450494077264
301370,9.7855025478,48.6523127477,-248.97223505064284,174.1299296092832,1313.9068812437313
301398,9.78594250184,48.9853834022,-340.8938199673411,197.46344330096846,1317.2022895645791
104057,-97.8936069746,41.3940467831,-466.10184169019067,287.18599938282154,1333.6063356310979
101617,-97.9146227233,48.910429493,-554.5844894074711,367.741843453418,1353.242078720734
103270,-97.9273266474,29.5734179311,-633.9714140984089,445.07891888310144,1376.2722493126294
102036,-98.0062584729,41.3937571591,-418.86185931092143,248.55280097728587,1325.8237269967487
301457,9.8036079123,48.281775146,-519.1960761302887,334.58105132532233,1344.609437755013
102328,-98.0387130996,30.9108767587,-448.848922986964,272.6059433878339,1330.5427691601144
104058,-98.0604870434,41.4104706275,-420.1798099531156,249.57046567980018,1326.0148858642299
102348,-98.0889055898,29.9936543508,-551.8976231018542,365.1895861849809,1352.5507362209567
102347,-98.1227900406,29.7103668074,-614.9714790472626,426.27895141859165,1370.3079232845544
102359,-98.1313682053,27.264461758,-533.7594440453595,348.1026915146034,1348.0376641747089
102358,-98.176882835,28.4312548396,-602.4435747698627,413.97163868104184,1366.529391497366
102346,-98.1770288321,29.8648337122,-540.4591222925553,354.38404260173775,1349.6733344941822
101954,-98.2229253619,42.7395906794,-447.0731465577197,271.13337314495794,1330.241845014228
102034,-98.2511275482,41.2770904584,-504.28716437206685,320.94606678026895,1341.2816400650606
301462,9.82680500322,48.269218227,-534.0792826944859,348.40172184487267,1348.1149134915638
102015,-98.2815630517,40.87326855,-509.8573036190822,326.01403399268867,1342.5033372599414
102017,-98.2818530857,40.9314013018,-487.30670120392693,305.70774436292197,1337.7171917701291
301463,9.83131300259,48.2064892098,-558.969976258115,371.91857801508763,1354.3830657781643
101955,-98.3188204808,45.6060044376,-568.025191109525,380.5840124848034,1356.7882114585636
102041,-98.3393697775,42.2684517125,-598.1826452506981,409.8031889104234,1365.2723954709722
102354,-98.3523263966,29.2231570801,-693.3698485005358,504.71097940448544,1396.6972588665483
102345,-98.3846599342,29.8605008168,-687.8503927543208,499.1229937785204,1394.687715265438
104054,-98.3977003773,41.3521498336,-491.4731726966801,309.4157160694331,1338.5694399412585
102352,-98.4104243294,29.3562550181,-647.1494193476357,458.20430178474334,1380.5727950267376
102018,-98.41791724,40.9848829853,-437.5344131109161,263.3211889101348,1328.671557881383
102028,-98.4476508574,41.2021946622,-556.3996023118214,369.4689267870449,1353.7124318166934
102033,-98.4503382707,41.2653217305,-574.4955155324147,386.8081951431895,1358.5472535115687
102035,-98.4518090988,41.718949888,-560.4459435070486,373.32727747382114,1354.7705769981537
104072,-98.4978287546,41.1690373165,-496.3756804888176,313.8051543676826,1339.5908834795866
102228,-98.5355287817,34.1063600781,-593.231491048555,404.9712081009974,1363.8298059452563
101953,-98.5520853181,43.0645838643,-425.8100865459629,253.961737912793,1326.8483803802078
102336,-98.5645911211,31.2175471551,-543.7444009433962,357.4773129328751,1350.4888335175538
102229,-98.5647240731,34.6226276158,-457.75688597032024,280.07403187576796,1332.092910995717
304019,9.85660749569,51.3436949173,-245.98988242238664,174.2689686650669,1313.9253150896668
102027,-98.6059106515,41.1227187467,-532.5656794762664,346.9873493530581,1347.750080988666
102326,-98.6562579117,33.0145890438,-579.3176889380252,391.46359663523447,1359.8800710667424
102337,-98.6687707827,30.7520886156,-643.0373635617156,454.10156395738886,1379.2165495608153
102058,-98.6946066149,39.4312568107,-306.3024645841286,182.80726417042524,1315.0849995446567
101585,-98.7147725756,47.8060627866,-565.0663241426012,377.7465574005088,1355.995030161184
104056,-98.7270388176,41.3815769541,-429.5911155563746,256.94926444768197,1327.423438354958
102026,-98.7402943997,41.0356095184,-582.604066048006,394.6441839346846,1360.7990638251365
102032,-98.7966464733,41.501934961,-496.7368871198824,314.12965888912316,1339.6669372600384
102353,-98.8113341505,29.3229216643,-618.7691822450487,430.0241998364442,1371.477623819969
102344,-98.8934875003,29.9687953418,-576.8086224068761,389.03956646328766,1359.184256996761
104067,-98.9644825282,41.5976253429,-500.2835210866985,317.323737488037,1340.419492012583
301482,9.89801968011,49.4894705699,-289.09880222789343,178.00225485418073,1314.4256779776738
104071,-98.9814574926,41.6599762081,-389.6215246483498,227.09650428193558,1321.969319784302
102025,-98.9900157603,41.0398635558,-502.7363025855664,319.54084955141826,1340.94608941819
102014,-99.0856848442,40.6565764951,-480.97111895296956,300.1107171110121,1336.449214418109
102227,-99.0976399682,34.6351378219,-587.7623579054152,399.6488758299256,1362.2588902796774
102013,-99.1400137917,40.5983959563,-383.1922485380108,222.701620798229,1321.2214318955216
103938,-99.1936510902,40.5856853552,-481.59481897203034,300.6594322105881,1336.572539883671
104048,-99.2605738687,41.2226220369,-553.9782677656957,367.16554154261775,1353.0855830619798
102325,-99.2684672334,33.5811290947,-411.99974134706173,243.3197909764501,1324.8526638365179
102198,-99.2812583114,36.4354229518,-466.5815264321229,287.5980382647164,1333.6951270090206
102174,-99.3188336685,36.847998332,-386.9188008918879,225.23339268181698,1321.6505367807542
102343,-99.3225593258,30.068362345,-421.0289870101111,250.22825532140317,1326.1388464090355
301330,9.93526446119,47.6562790432,-446.6709189616149,270.80059637691676,1330.1740574796925
102030,-99.3770829314,41.7771010418,-563.0918186121121,375.85625271698933,1355.4696539946412
102226,-99.3770915204,34.4788954079,-586.869749424754,398.7817787521608,1362.004760365628
102342,-99.385111329,30.0647320067,-448.08246134620646,271.96967281820326,1330.4125537316365
102031,-99.3860366771,41.9470071499,-581.5717384775609,393.64441234530983,1360.5094573594772
102024,-99.3922310156,41.0447292372,-553.3519814954609,366.5704404275861,1352.9242210815685
104010,-99.4260631934,40.752216072,-521.5292276707395,336.73447301052914,1345.146893654211
102392,-99.4895911907,27.4979212793,-616.439175541349,427.7256062461646,1370.7586419324678
301338,9.95186003457,48.402321256,-426.930752266353,254.84405306291396,1327.0175400406085
102012,-99.5395595288,40.6818370732,-475.3108838104056,295.1545525624424,1335.3450003996084
101952,-99.5561233782,43.7483403709,-312.75187941198794,185.05718278696173,1315.3996431103901
102335,-99.5731416886,31.493755389,-668.4486948298169,479.5510218098444,1387.8037479098982
301458,9.96087074631,48.366240055,-538.157979922885,352.2224734722794,1349.107383054746
104069,-99.6763360431,41.6478465541,-540.1834619277522,354.12487925786473,1349.6053090823598
102357,-99.7040143204,29.4895122201,-426.8618718416413,254.78974507015687,1327.0071116564561
102011,-99.7106465809,40.644026113,-407.888423080747,240.23931979880732,1324.2903726038667
104024,-99.7681131717,40.8680527906,-474.718916001182,294.6387210117906,1335.2310796687436
104020,-99.7684329247,40.8447332067,-550.6039134919333,363.96254878542555,1352.2199514547467
301376,9.98522098833,48.3810464452,-581.3281020543574,393.40854909878533,1360.4412323573208
102023,-99.9353119405,41.3106303422,-440.01713996427924,265.33821533120283,1329.0727702834943
SP-1,-83.1582457,41.30867614,-448.7556756209718,272.5284801937194,1330.5269004084785
SP-10,-111.093889,32.351111,-442.81469484622,267.6249535865253,1329.5311865376023
SP-11,-106.950572,38.923901,-114.46946503456908,230.46816999098604,1322.5526974653558
SP-12,-107.023765,38.907533,-119.91971217134498,226.6549234668633,1321.8935337332066
SP-13,-111.307607,32.471459,-464.520906825171,285.830444866146,1333.3150803190797
SP-14,-84.379571,46.496146,-342.8112618005124,198.44975493429902,1317.3505097077914
SP-15,-91.191556,30.445667,-489.0146096632611,307.225156633795,1338.0647805926865
SP-16,-68.445497,44.640715,-414.7825185045364,245.42842594676333,1325.2415524939597
SP-17,-96.2461608,41.018166,-423.23413012822755,251.9439560094401,1326.463650901743
SP-18,-72.941264,44.381086,-174.26015723242077,194.36659127761808,1316.741596517242
SP-19,-116.2028288,43.605091,-407.4666959427466,239.92573892727233,1324.2335218509204
SP-2,-101.989284,41.293016,-446.22784884476437,270.43436195702424,1330.099546771217
SP-20,-121.167,37.58132,-524.2469648869777,339.2491908478034,1345.7786124340005
SP-21,-121.37615,38.311348,-483.78788745911373,302.5928286442714,1337.0087808764893
SP-22,-87.657803,32.854756,-410.8854244853968,242.480714242206,1324.6988174575022
SP-23,-121.53994,38.97338,-461.3141662410681,283.0925181402119,1332.730818290348
SP-24,-84.224084,33.665688,-469.0621324520875,289.7342394043727,1334.1574081333601
SP-25,-84.358018,33.679069,-398.08598218092243,233.0713745463646,1323.0088154758555
SP-26,-76.88405,37.571283,-734.3588414327411,546.4532691348994,1412.3176822309185
SP-27,-88.655746,33.430906,-593.6068154869902,405.3370481185778,1363.938482033327
SP-28,-88.433519,33.453633,-692.2459457605651,503.5724351649095,1396.2862377219835
SP-29,-88.776194,33.289214,-690.8422917038242,502.150985622441,1395.774219763169
SP-3,-99.161385,40.077165,-375.7294919755104,217.7664387732901,1320.3985315236819
SP-30,-90.117483,31.658917,-565.8495988236898,378.4971392760542,1356.204315224683
SP-31,-89.834233,30.765533,-621.7761022570385,432.9941355842201,1372.4117391090113
SP-32,-106.524518,35.868558,-163.31491690975653,199.9077817517322,1317.5709397974717
SP-33,-95.2857911,39.0926023,-413.4753213569935,244.43557274206898,1325.0580400177337
SP-34,-82.2,29.9683,-795.6011723594916,609.4787144958107,1437.8784244912224
SP-35,-82.2837,29.862,-559.199915090874,372.1379394671538,1354.4433196648554
SP-36,-82.1886,29.9435,-782.6361270664803,596.0805445439785,1432.2507028372302
SP-37,-82.2433,29.9815,-590.6630994181895,402.469738586532,1363.0891205903617
SP-38,-82.2206,29.9046,-788.7843376076933,602.4307704919836,1434.9051862159602
SP-39,-82.2105,29.8763,-701.548291433292,513.0062603924232,1399.7162153078436
SP-4,-79.04419,33.83207,-598.1281762437969,409.74996176388953,1365.2564196367669
SP-40,-82.3034,29.9264,-697.8397498826364,509.2425201709734,1398.3411617141144
SP-41,-82.3193,29.8933,-840.72597830214,656.3049989544032,1458.3436878343985
SP-42,-82.2683,29.8909,-618.8843103126433,430.13783852344943,1371.5132592591
SP-43,-82.2105,29.9499,-811.8985977344862,626.3575660666299,1445.113788171301
SP-44,-82.6819,29.8325,-714.7095619028325,526.3919114936114,1404.677366757147
SP-45,-83.2387,30.1553,-711.8719590743091,523.5022756495522,1403.597054999815
SP-46,-82.9548,29.6404,-716.9336718707834,528.6581682534021,1405.52819930976
SP-47,-82.7982,29.9365,-731.0479425484011,543.0668255266955,1411.0108565073256
SP-48,-82.9382,29.5861,-623.7499274009892,434.9458249313002,1373.0287436244967
SP-49,-94.526757,37.092542,-515.6510326273893,331.3189426462116,1343.8014369504513
SP-5,-84.41527,33.68401,-342.9996885075647,198.54757941964232,1317.3652498404888
SP-50,-94.526679,37.091254,-518.5947759531291,334.0268983578871,1344.4716542272229
SP-51,-122.717501,42.179225,-191.08894076713128,186.9860291974631,1315.67238905015
SP-52,-122.712661,42.20135,-181.97851544835277,190.80241222150983,1316.2202022091292
SP-53,-122.716415,42.214651,-441.1754088265144,266.28321971453846,1329.2617549961467
SP-54,-122.641465,42.170556,-229.9838565340823,176.0220042729709,1314.158972948923
SP-55,-116.989642,32.844144,-288.95742300549074,177.97025671228388,1314.4213451051876
SP-56,-117.110272,32.780475,-280.27604802265483,176.24760511931026,1314.1892095524854
SP-57,-117.104078,32.783567,-294.21087617721355,179.2427251088277,1314.5942395653242
SP-58,-72.16147,44.49125,-253.13367155003175,174.0352701645654,1313.8943395323492
SP-59,-121.7902816,42.2193114,-366.3544808690648,211.83797938236054,1319.43373827665
SP-6,-92.656935,45.456254,-528.0120628475652,342.7440284562263,1346.6638516111946
SP-60,-121.9288964,42.12792225,-384.37985343181913,223.5037190354298,1321.3568680021922
SP-61,-121.9277778,42.12805556,-384.33243420182674,223.47160673520466,1321.351436677884
SP-62,-78.7934,38.1986,-137.28547027109,215.12803882322333,1319.9659591375155
SP-63,-78.8105,38.1583,-206.48553437875677,181.56752469058762,1314.9132390451327
SP-64,-78.3708,38.44461,-255.69485026423416,174.0346268427845,1313.894254319655
SP-65,-95.2725,30.05111111,-645.090642122172,456.1494039879085,1379.8921475798095
SP-66,-79.182578,33.436432,-639.7129503617176,450.7893340067707,1378.1295598920162
SP-67,-92.205328,38.752916,-314.0795132284259,185.54936765128,1315.4689764603663
SP-68,-92.327163,38.92475,-417.31839943190465,247.3660857494073,1325.6017654532893
SP-69,-111.564533,41.875846,-127.50075147096513,221.50157614153417,1321.0196851020346
SP-70,-111.580553,41.9502,-111.19354929137195,232.8016328817719,1322.9613223621898
SP-71,-111.886928,41.720533,-364.0830885812584,210.44971924226726,1319.2115617000343
SP-72,-111.795742,41.739034,-118.10444233741529,227.9151918576721,1322.1102052678566
SP-73,-111.835096,41.721091,-260.3430496475849,174.14559054079984,1313.908956853061
SP-74,-123.448227,40.605435,-206.12410414255453,181.67915148797476,1314.9286574865134
SP-75,-73.66748,42.70242,-419.87340533039225,249.33351968041333,1325.9703104632915
SP-76,-73.6675,42.7025,-421.6228937298785,250.68927326832687,1326.225912854102
SP-77,-73.631389,42.732778,-415.86774352256396,246.2557856623306,1325.3950249514544
SP-78,-73.63141,42.73264,-413.70941967631603,244.6130750184956,1325.0907956302085
SP-8,-123.24984,44.550674,-488.81999370223235,307.0520675173407,1338.0250492276175
SP-9,-123.275026,44.55593,-416.2499592716157,246.54784545170216,1325.4493201517632
S19S_0006-D,-76.717163,39.311369,-382.28214348964934,222.08999055834246,1321.1184746645924
S19S_0006-M,-76.717316,39.31162,-382.28214348964934,222.08999055834246,1321.1184746645924
S19S_0006-U,-76.717476,39.311813,-382.28214348964934,222.08999055834246,1321.1184746645924
S19S_0007-D,-119.195598,37.05255,-131.39158385812883,218.9283857523127,1320.590662651379
S19S_0007-U,-119.195359,37.05229,-131.39158385812883,218.9283857523127,1320.590662651379
S19S_0008-D,-119.027785,36.961112,-134.21942727731349,217.09004478150393,1320.2871459410374
S19S_0008-M,-119.028281,36.961369,-134.21942727731349,217.09004478150393,1320.2871459410374
S19S_0008-U,-119.028254,36.961273,-134.21942727731349,217.09004478150393,1320.2871459410374
S19S_0009-D,-108.3983,42.9877,-471.72840114384485,292.0402752842094,1334.660100018717
S19S_0009-M,-108.3983,42.9876,-471.72840114384485,292.0402752842094,1334.660100018717
S19S_0009-U,-108.3982,42.9875,-471.72840114384485,292.0402752842094,1334.660100018717
S19S_0010-D,-81.840062,31.667875,-685.5539836113965,496.80060251229975,1393.8582778928705
S19S_0010-M,-81.839976,31.667835,-685.5539836113965,496.80060251229975,1393.8582778928705
S19S_0010-U,-81.8403,31.667905,-685.5539836113965,496.80060251229975,1393.8582778928705
S19S_0011-D,-83.437674,33.955686,-631.8752305898099,442.99735860007104,1375.6004943007745
S19S_0011-M,-83.438589,33.957827,-631.8752305898099,442.99735860007104,1375.6004943007745
S19S_0011-U,-83.437673,33.95569,-619.1480838703908,430.39822186295,1371.5949436975493
S19S_0012-D,-72.33027,42.47179,-211.23632880895045,180.17236388160492,1314.7213168198728
S19S_0012-M,-72.33038,42.47157,-211.23632880895045,180.17236388160492,1314.7213168198728
S19S_0012-U,-72.33105,42.47178,-211.23632880895045,180.17236388160492,1314.7213168198728
S19S_0013-D,-78.1476,38.8952,-418.7013587773129,248.42914104509703,1325.8005499751082
S19S_0013-M,-78.1474,38.8945,-418.7013587773129,248.42914104509703,1325.8005499751082
S19S_0013-U,-78.1474,38.8944,-418.7013587773129,248.42914104509703,1325.8005499751082
S19S_0014-D,-77.9808,39.0941,-365.3039457841024,211.19349587095093,1319.33041839112
S19S_0014-M,-77.9812,39.0942,-365.3039457841024,211.19349587095093,1319.33041839112
S19S_0014-U,-77.9815,39.0944,-365.3039457841024,211.19349587095093,1319.33041839112
S19S_0015-D,-84.439009,31.184396,-672.5919721304388,483.72102768719674,1389.2501908657964
S19S_0015-M,-84.437802,31.184508,-672.5919721304388,483.72102768719674,1389.2501908657964
S19S_0015-U,-84.437254,31.185895,-672.5919721304388,483.72102768719674,1389.2501908657964
S19S_0016-D,-96.6025,39.10445,-315.3252133025679,186.02003223863787,1315.535447104318
S19S_0016-M,-96.60286,39.10429,-315.3252133025679,186.02003223863787,1315.535447104318
S19S_0016-U,-96.60276,39.10415,-315.3252133025679,186.02003223863787,1315.535447104318
S19S_0017-D,-96.44355,38.94668,-391.1397822981807,228.1527978479511,1322.15118627173
S19S_0017-M,-96.44379,38.94667,-391.1397822981807,228.1527978479511,1322.15118627173
S19S_0017-U,-96.44389,38.94684,-391.1397822981807,228.1527978479511,1322.15118627173
S19S_0018-D,-83.504941,35.6922935,-156.9667240648606,203.36707890671968,1318.1002347989117
S19S_0018-M,-83.5044488,35.692083,-156.9667240648606,203.36707890671968,1318.1002347989117
S19S_0018-U,-83.5041467,35.6918387,-156.9667240648606,203.36707890671968,1318.1002347989117
S19S_0019-D,-84.278999,35.9563807,-276.9907010591469,175.7216627885287,1314.1187781045746
S19S_0019-M,-84.2789099,35.956601,-276.9907010591469,175.7216627885287,1314.1187781045746
S19S_0019-U,-84.2786976,35.9572803,-276.9907010591469,175.7216627885287,1314.1187781045746
S19S_0020-D,-88.15755,31.85294,-650.8200746008512,461.87188383295984,1381.794375900156
S19S_0020-M,-88.1575,31.85302,-650.8200746008512,461.87188383295984,1381.794375900156
S19S_0020-U,-88.15748,31.8531,-650.8200746008512,461.87188383295984,1381.794375900156
S19S_0021-D,-87.79835,32.54069,-656.3396597254082,467.39589540235454,1383.6506001273817
S19S_0021-M,-87.79828,32.54082,-656.3396597254082,467.39589540235454,1383.6506001273817
S19S_0021-U,-87.79821,32.54108,-656.3396597254082,467.39589540235454,1383.6506001273817
S19S_0022-D,-87.40811,32.96161,-354.77373007255306,204.9681624486936,1318.3482118967995
S19S_0022-M,-87.40821,32.96156,-354.77373007255306,204.9681624486936,1318.3482118967995
S19S_0022-U,-87.40828,32.96142,-354.77373007255306,204.9681624486936,1318.3482118967995
S19S_0023-D,-102.44896,39.75841,-360.4815983196667,208.28870299202444,1318.8685468946458
S19S_0023-M,-102.44896,39.75861,-360.4815983196667,208.28870299202444,1318.8685468946458
S19S_0023-U,-102.44917,39.75854,-360.4815983196667,208.28870299202444,1318.8685468946458
S19S_0024-D,-96.6227,34.44205,-708.7926891002339,520.3687828520432,1402.4313638680544
S19S_0024-M,-96.62255,34.44223,-708.7926891002339,520.3687828520432,1402.4313638680544
S19S_0024-U,-96.62259,34.44251,-708.7926891002339,520.3687828520432,1402.4313638680544
S19S_0025-D,-97.78275,33.37853,-641.0916355348619,452.16245528371104,1378.5793216794195
S19S_0025-M,-97.78307,33.37834,-641.0916355348619,452.16245528371104,1378.5793216794195
S19S_0025-U,-97.78338,33.37834,-641.0916355348619,452.16245528371104,1378.5793216794195
S19S_0026-D,-105.54327,40.03489,-118.10128899572541,227.9173896876591,1322.1105841479111
S19S_0026-M,-105.54371,40.03496,-118.10128899572541,227.9173896876591,1322.1105841479111
S19S_0026-U,-105.54393,40.03497,-118.10128899572541,227.9173896876591,1322.1105841479111
S19S_0027-D,-105.91125,39.89064,-109.6071455033294,233.9424846192875,1323.1625547542299
S19S_0027-M,-105.91152,39.89078,-109.6071455033294,233.9424846192875,1323.1625547542299
S19S_0027-U,-105.91164,39.89071,-109.6071455033294,233.9424846192875,1323.1625547542299
S19S_0028-D,-111.507871,33.750675,-292.212285620872,178.7385030696401,1314.5255846401278
S19S_0028-M,-111.508001,33.750788,-313.53282181215303,185.34551284163413,1315.440237838429
S19S_0028-U,-111.508141,33.750837,-288.64066588198233,177.89901985441432,1314.4117016593607
S19S_0029-D,-111.80126,40.78319,-120.83825004572792,226.02101423568087,1321.7849897279134
S19S_0029-M,-111.79582,40.78466,-117.32391766006589,228.46010740893675,1322.2042508142217
S19S_0029-U,-111.79547,40.78464,-120.85592351167648,226.008842484593,1321.782908451732
S19S_0030-U,-121.929928,45.792233,-131.2369433985931,219.0296970126209,1320.6074618778036
S19S_0031-D,-122.1650676,44.2602628,-176.70129423575492,193.20759512939298,1316.5710140397205
S19S_0031-M,-122.1647132,44.2602364,-175.05047403716262,193.98820712704014,1316.6857957380182
S19S_0031-U,-122.1642723,44.2605576,-180.1810600600168,191.6060081598543,1316.3369335230432
S19S_0032-D,-119.02313,39.95545,-200.3345141454613,183.5710360754806,1315.1913873956596
S19S_0032-M,-119.02367,36.95503,-157.74651850496792,202.93286103253672,1318.0333100042446
S19S_0032-U,-119.02375,36.95497,-133.3362803453267,217.66123699573595,1320.381185220544
S19S_0033-D,-119.2554,37.0576,-148.31516642866126,208.35206540393162,1318.8785551945175
S19S_0033-M,-119.2557,37.0582,-145.57345939415114,209.99379242612457,1319.1389058971013
S19S_0033-U,-119.256,37.0581,-146.4871991966888,209.4434315791721,1319.0514058313095
S19S_0034-D,-106.5233,35.8677,-154.62178579936537,204.6881294958026,1318.3047032269835
S19S_0034-M,-106.5232,35.8678,-154.01299361361905,205.03481747512546,1318.35857662889
S19S_0034-U,-106.5233,35.868,-159.11457468015163,202.17729081796276,1317.9171890207615
S19S_0035-D,-110.757838,32.42735,-132.08615508888613,218.47433718680972,1320.5154660976561
S19S_0035-M,-110.758821,32.42728,-136.37473097458258,215.70739651697667,1320.0605066079459
S19S_0035-U,-110.759543,32.327329,-158.37553535822718,202.5844715962515,1317.9797146867727
S19S_0036-D,-119.271902,46.372515,-364.92047942090494,210.9592743910827,1319.2929453481918
S19S_0036-M,-119.271921,46.372735,-363.35610953676274,210.00950203806468,1319.1414068022316
S19S_0036-U,-119.271963,46.372753,-368.73900396941474,213.31598229695814,1319.671841215539
S19S_0037-D,-75.7830393,39.8577967,-337.7124502374534,195.86427158001865,1316.9635048381053
S19S_0037-M,-75.7830477,39.8578837,-338.01709835985406,196.0153687184889,1316.9859851068043
S19S_0037-U,-75.7831181,39.8579143,-337.7124502374534,195.86427158001865,1316.9635048381053
S19S_0038-D,-75.7839486,39.8594333,-317.8680673668346,187.00713623053184,1315.6753889903996
S19S_0038-M,-75.7840693,39.8595115,-318.49805661739623,187.25710409478936,1315.7109421251544
S19S_0038-U,-75.784143,39.8595761,-340.03694831638643,197.02810995450906,1317.13709852321
S19S_0039-D,-84.359197,35.966194,-423.79930971902155,252.3854273164009,1326.547573257581
S19S_0039-M,-84.358455,35.966319,-420.93050952119,250.15188918654943,1326.1244390544555
S19S_0039-U,-84.357361,35.966243,-423.9401791533293,252.49557209950183,1326.5685335193764
S19S_0040-D,-96.584725,39.087889,-377.93920604146206,219.2084739947884,1320.637124748891
S19S_0040-M,-96.584798,39.087692,-378.0966265311485,219.31183286266162,1320.6542849010389
S19S_0040-U,-96.58479,39.08766,-376.3450665300151,218.16649357709977,1320.4645694276016
S19S_0041-D,-120.858196,44.299994,-299.416440942293,180.6703763289488,1314.7896581114178
S19S_0041-M,-120.858255,44.300038,-299.2135354027085,180.6116659925822,1314.7815917811256
S19S_0041-U,-120.85829,44.300082,-300.8845782496291,181.10250343423027,1314.8491080515814
S19S_0042-D,-80.96434,25.40976,-571.2180078508983,383.652100334379,1357.6520151662114
S19S_0042-M,-80.96423,25.40979,-575.4561312795664,387.7344738875295,1358.811275503237
S19S_0042-U,-80.96423,25.40982,-572.1990038993672,384.5960596978893,1357.9190658242624
S19S_0043-D,-89.472992,43.14501,-380.0859886306564,220.6251086266632,1320.8730062918319
S19S_0043-M,-89.472023,43.145025,-379.3312152489244,220.12530205121217,1320.7896156455165
S19S_0044-D,-79.811134,33.131027,-709.0240852191636,520.6041716432102,1402.5187213460672
S19S_0044-M,-79.810626,33.130966,-715.3881556623854,527.0832384281971,1404.9365823501962
S19S_0044-U,-79.810168,33.130796,-715.0418001070859,526.7303699442008,1404.8042364740538
S19S_0047-D,-149.40333,68.64278,-442.3154637937292,267.21581228821157,1329.4488897775436
S19S_0047-M,-149.40339,68.64274,-437.99349483295384,263.6932682108714,1328.7453480233241
S19S_0047-U,-149.40346,68.6427,-438.65996221771013,264.2341520119403,1328.8527936845992
S19S_0050-D,-149.14198,68.66953,-429.82689921746584,257.13656141390624,1327.4597061341117
S19S_0050-M,-149.14041,68.66967,-441.2120505823391,266.3131559156585,1329.267752263498
S19S_0050-U,-149.5972,68.62722,-459.1814919136484,281.28046015059505,1332.3470859563677
S19S_0051-D,-147.50267,65.1531,-193.91655504910256,185.8914042511768,1315.5172649449983
S19S_0051-M,-147.50249,65.15298,-192.629881513448,186.3841012530985,1315.5869767498536
S19S_0051-U,-147.80559,64.85568,-318.4686451586725,187.24538665500455,1315.7092745046211
S19S_0052-D,-74.69563,42.13187,-173.26777946294234,194.84596571034726,1316.8124431928384
S19S_0052-M,-74.69546,42.13233,-182.02361179621874,190.78246099249253,1316.2173101795333
S19S_0052-U,-74.69548,42.13247,-183.28839123190284,190.22712662837327,1316.1369305278163
S19S_0053-D,-73.00222222,41.869567,-339.00814918371884,196.50990569476767,1317.0596809674423
S19S_0053-M,-72.796633,41.869617,-473.34085009095253,293.43977272555287,1334.967025963982
S19S_0053-U,-72.796767,41.869583,-471.31153010596915,291.6790563112839,1334.5811073458724
S19S_0054-D,-77.0237,37.57261,-738.5979377834312,550.7925434112586,1414.0022935170005
S19S_0054-M,-77.0237,37.57267,-729.1913208330033,541.1688952784681,1410.2814731147864
S19S_0054-U,-77.02396,37.5728,-730.3441524553594,542.3472867904896,1410.7340783021086
S19S_0055-D,-117.180863,46.732428,-403.48564509107393,236.98821430117474,1323.704451118736
S19S_0055-M,-117.180621,46.732323,-404.0556098673876,237.4062369124934,1323.7793553001368
S19S_0055-U,-117.180384,46.7322206,-408.6980985006433,240.84263194774152,1324.399952264198
S19S_0059-D,-117.3915976,48.16874998,-248.43531520590568,174.15057743464402,1313.9096178256382
S19S_0059-M,-117.3913007,48.16841972,-251.77415549626394,174.05345201437478,1313.896747979846
S19S_0059-U,-117.3903992,48.16859001,-249.25484866321392,174.11983528843817,1313.905543497997
S19S_0060-D,-119.4768203,46.2531882,-324.1013801657374,189.57324282249954,1316.0425808415673
S19S_0060-M,-119.4769597,46.253117,-329.4741511561953,191.9468673420307,1316.3865921819142
S19S_0060-U,-119.4772256,46.2530248,-327.42856061381235,191.02587335126222,1316.252614236153
S19S_0061-D,-89.6407,43.1095,-326.50016374434915,190.61484758112707,1316.1930254762294
S19S_0061-M,-89.6405,43.1095,-320.8796209609207,188.22126272229505,1315.8485110128254
S19S_0062-D,-106.950417,38.544583,-297.1673443850284,180.03342572339426,1314.7022836260671
S19S_0062-M,-106.950472,38.544667,-299.4170960094424,180.67056627044173,1314.7896842120326
S19S_0062-U,-106.950056,38.544778,-304.9021002306201,182.35018913967176,1315.0215403837187
S19S_0063-D,-97.709399,30.250335,-632.9276213591544,444.04218641009084,1375.9373254279237
S19S_0063-M,-97.70953,30.250384,-628.5392470137615,439.6883351364171,1374.538428800348
S19S_0063-U,-97.709566,30.250278,-629.7608919074912,440.8995765384606,1374.9263604956043
S19S_0064-D,-78.00803,40.61043,-361.5411380595988,208.91927386474984,1318.9682798255874
S19S_0064-M,-78.00808,40.64061,-255.16291836589338,174.03114738645547,1313.893793445475
S19S_0064-U,-78.00688,40.61507,-358.1523052995449,206.9179227114328,1318.6527544934295
S19S_0066-D,-106.643178,35.19845,-679.2350189899414,490.41804184514484,1391.5961756059553
S19S_0066-M,-106.643131,35.198511,-694.0318776864676,505.3817954890055,1396.9398052191032
S19S_0066-U,-106.643074,35.198601,-688.4385093516312,499.71800600615336,1394.9007655459438
S19S_0067-D,-85.35412,42.3921,-581.0468507614573,393.1363138574344,1360.3625331018588
S19S_0067-M,-85.354,42.39201,-582.7875039963964,394.8219010443804,1360.8506140418915
S19S_0067-U,-85.35402,42.39193,-586.0514019252121,397.98720967639235,1361.772330185885
S19S_0068-U,-122.257915,44.207269,-212.57607713991004,179.80340231005232,1314.6708042989944
S19S_0069-D,-123.735151,39.362202,-131.2936663815658,218.9925261459283,1320.6012974026905
S19S_0069-M,-123.734753,39.362129,-124.96921355663544,223.20230540060027,1321.3059181469057
S19S_0069-U,-123.734848,39.362343,-133.15214718846804,217.78066557163442,1320.4008779498438
S19S_0070-D,-123.752414,39.339914,-202.99816013167663,182.6765106228926,1315.066830137256
S19S_0070-M,-123.752441,39.339892,-203.18449033396786,182.61546581430412,1315.058351765605
S19S_0070-U,-123.752011,39.339682,-195.68036089834817,185.2307941176824,1315.4240788747034
S19S_0071-D,-105.458575,40.012917,-150.1962037631056,207.24262548935965,1318.703744596798
S19S_0071-M,-105.4589026,40.0128376,-129.75297510137634,220.00597161018928,1320.7697330488907
S19S_0071-U,-105.4588818,40.0129961,-147.73405655703385,208.69760651140538,1318.9331867678075
S19S_0072-D,-71.1848201,42.5235645,-294.8838781680269,179.41803478247576,1314.6181542178322
S19S_0072-M,-71.18851406,42.5235479,-290.04212391081427,178.21895288968892,1314.4550412102315
S19S_0072-U,-71.1854501,42.5233858,-281.9767282472478,176.54722814964947,1314.2294259227415
S19S_0073-D,-70.9164986,42.7688065,-443.03202730247193,267.8032103348335,1329.567079789334
S19S_0073-M,-70.9167967,42.7694593,-449.9321994452384,273.50695802214443,1330.7276642049724
S19S_0074-D,-119.272998,46.376172,-369.1075732400948,213.54628842053467,1319.7090882054579
S19S_0074-M,-119.272953,46.376303,-367.3945260301385,212.48006290792048,1319.5369783856943
S19S_0074-U,-119.272955,46.376327,-380.1327725708997,220.65615041993118,1320.8781915498635
S19S_0075-D,-119.465555,46.694742,-465.317450728106,286.5129636303222,1333.4615624464489
S19S_0075-M,-119.465591,46.694842,-465.5629066598145,286.7234747537153,1333.5068095696922
S19S_0075-U,-119.465706,46.694858,-470.94880476911106,291.36495563003166,1334.5124943451015
S19S_0076-D,-119.462605,46.679191,-415.7022635864538,246.129445664111,1325.3715570423326
S19S_0076-M,-119.46257,46.679318,-421.4146296303451,250.52751884873882,1326.1953468077015
S19S_0076-U,-119.462645,46.679398,-415.7022635864538,246.129445664111,1325.3715570423326
S19S_0077-D,-105.223141,40.66403,-148.8982727726592,208.0066613475951,1318.8240335082112
S19S_0077-M,-105.223622,40.664282,-149.513013506439,207.64396226066737,1318.7668767667788
S19S_0077-U,-105.224786,40.664703,-143.03971645252076,211.53647323784475,1319.3853643662264
S19S_0080-D,-106.681374,34.950811,-546.8239304067832,360.38443353888994,1351.2612627212552
S19S_0080-M,-106.681271,34.950833,-554.6530038407498,367.80699281809444,1353.2597844315717
S19S_0080-U,-106.681382,34.950903,-548.3475654952352,361.8254217680413,1351.646291021255
S19S_0081-U,-76.9259674,38.9603293,-577.650535115274,389.85252829521335,1359.4171743846935
S19S_0082-D,-76.5465418,38.8748619,-472.12591862218625,292.38495371052466,1334.7355623306814
S19S_0082-M,-76.5464751,38.8748139,-476.74784039945246,296.40868966663817,1335.6227654183601
S19S_0082-U,-76.5464942,38.8749661,-471.38714974342747,291.74456244700133,1334.5954255546085
S19S_0083-D,-88.3227,40.31083,-484.8162261856442,303.50152276121474,1337.2147301433192
S19S_0083-M,-88.3227,40.31083,-485.2184280512649,303.8572932198083,1337.2955226264548
S19S_0083-U,-88.3227,40.31083,-480.9933756427781,300.1302892487194,1336.4536096394872
S19S_0084-D,-71.722778,43.954722,-168.28002031919254,197.32576541346086,1317.1816571338604
S19S_0084-M,-71.722778,43.954722,-187.74976606429905,188.33419678373994,1315.8646700447848
S19S_0084-U,-71.722778,43.954722,-170.97461494454072,195.9716045481708,1316.9794721190908
S19S_0085-D,-115.9902503,43.6479639,-157.11474014166646,203.2844615250617,1318.0874904540399
S19S_0085-M,-115.98908,43.64815,-159.82389295543737,201.78867817917515,1317.8576291979318
S19S_0085-U,-115.98891,43.64819,-159.93518867286434,201.72789862788636,1317.848324079337
S19S_0086-D,-111.8064,40.7797,-120.49579856516976,226.2570495016967,1321.825371462928
S19S_0086-M,-111.8054,40.7799,-120.19610950050993,226.4639038658665,1321.8607944666726
S19S_0086-U,-111.8054,40.7801,-118.05445342414723,227.9500368390905,1322.116212550484
S19S_0087-D,-116.7743431,43.1233451,-160.35516031628393,201.49902840130736,1317.8133094792165
S19S_0087-M,-116.7744702,43.1233625,-163.47990026711776,199.82021220154314,1317.5576561950386
S19S_0087-U,-116.7745057,43.1231912,-163.71132481074147,199.6975800213291,1317.5390634285836
S19S_0089-D,-80.44539,37.21008,-401.5563139970271,235.57962606487186,1323.4529913868341
S19S_0089-M,-80.44529,37.21012,-402.37255725490644,236.17434265577322,1323.5589825628404
S19S_0089-U,-80.44513,37.21014,-404.53642556564114,237.75954229815753,1323.8427626224059
S19S_0090-D,-75.930606,37.291383,-443.1712614368391,267.9174562143484,1329.5900960590307
S19S_0090-M,-75.930615,37.291374,-442.3840271124914,267.2719756184276,1329.4601796010559
S19S_0090-U,-75.930807,37.291396,-442.28007832933935,267.186829847019,1329.4430646844544
S19S_0097-D,-111.8865,41.720847,-379.88650348372687,220.49282821003882,1320.850917963854
S19S_0097-M,-111.886477,41.720805,-381.4864432982761,221.55743064035764,1321.0290516358264
S19S_0097-U,-111.88642,41.720744,-381.4039764737821,221.5023530514035,1321.0198153703839
S19S_0098-D,-111.580533,41.950204,-114.9577097846161,230.1230152659012,1322.4925944401218
S19S_0098-M,-111.580451,41.950345,-116.41356562400205,229.0979372151801,1322.314608945294
S19S_0098-U,-111.580465,41.950373,-118.77754813306429,227.44672733231116,1322.029528402476
S19S_0099-D,-84.7119066,39.2385932,-434.2774312365396,260.6932473338617,1328.153240179524
S19S_0099-M,-84.7121004,39.2386399,-460.83743554175607,282.68683817453365,1332.6447045897153
S19S_0099-U,-84.7123967,39.2386771,-434.2545940435227,260.6748946735854,1328.1496379952748
S19S_0100-D,-106.950961,38.92352,-120.2317672478668,226.43927750525418,1321.8565756507003
S19S_0100-M,-106.950743,38.922712,-119.01739709015641,227.2801264502646,1322.0008759729105
S19S_0100-U,-106.95145,38.922389,-116.67047698858984,228.91768742724753,1322.2833916414943
