,target,predicted
0,-5.64,-12.88134019187984
1,-1841.16,-2067.479521324996
2,-10.64,-13.42866367268914
3,-33.64,-1144.3569722292532
4,-2727.43,-1144.3569722292532
5,-12.9,-1184.4245253556116
6,-11.39,-4.062732787448135
7,-44.62,-21.051422869561456
8,-6.06,-3.288130978811751
9,-12.07,-4.062732787448135
10,-3890.98,-3675.30040783238
11,-3657.26,-2434.527487593169
12,-6.94,-3.951698097773606
13,-3.09,-3.8417158353083245
14,-7.86,-33.232906116925285
15,-25.16,-41.4382508426265
16,-1739.12,-2067.479521324996
17,-4.79,-8.152968538680128
18,-16.93,-33.41457181883481
19,-6.63,-7.7428399636930205
20,-3049.36,-2233.1676246602296
21,-11.61,-4.062732787448135
22,-4007.87,-5471.3556047428265
23,-43.36,-21.051422869561456
24,-2718.25,-2185.6208931627557
25,-3.73,-48.11464382245563
26,-21.96,-3.8417158353083245
27,-3555.34,-5722.5844865823665
28,-694.32,-652.0750371304412
29,-2.85,-35.14776156588499
30,-70.02,-1939.108088612864
31,-2.32,-30.55844037403545
32,-2.43,-30.55844037403545
33,-4.62,-8.797001680766474
34,-1941.4,-3145.13140394971
35,-2128.42,-1544.5620836458286
36,-26.52,-41.4382508426265
37,-2.15,-20.881743877615477
38,-17.33,-30.828965211896524
39,-6.45,-1184.4245253556116
40,-3.19,-20.881743877615477
41,-3564.45,-2233.1676246602296
42,-2717.18,-3145.13140394971
43,-2199.18,-2434.527487593169
44,-47.58,-21.051422869561456
45,-3.51,-7.439410487719318
46,-1.3,-190.3667391623605
47,-6.68,-1184.4245253556116
48,-5.69,-45.642218616944305
49,-29.48,-55.05716937942028
