,target,predicted
0,-173.76,-54.40724552726196
1,-23.47,-75.75300173039464
2,-4.93,-30.739771935757744
3,-1671.03,-111.1953408418164
4,-10.78,-38.813102780897154
5,-1.63,-30.612659748439903
6,-9.45,-70.05126768864426
7,-11.88,-42.05146779534195
8,-9.91,-48.68862592961702
9,-8.08,-48.68862592961702
10,-65.41,-43.09743715754441
11,-1185.05,-217.07111824146827
12,-5.13,-44.56277307839527
13,-47.16,-217.07111824146827
14,-21.22,-30.072196776938412
15,-5.3,-30.739771935757744
16,-45.06,-68.90851662412055
17,-3.3,-27.990961406528957
18,-2.76,-28.615672586618835
19,-2.07,-29.20464912038195
20,-22.17,-43.09743715754441
21,-3.73,-43.301104743204085
22,-59.89,-117.72349018318818
23,-8.2,-38.66217103830014
24,-74.17,-76.29465154145538
