,target,predicted
0,-42.03,-740.5927599213633
1,-2.74,-89.31507683546599
2,-82.28,-268.9418829853661
3,-2.54,-99.4659970413696
4,-3019.19,-2348.9018616388166
5,-3631.26,-3686.1619368357406
6,-43.36,-770.8409321677264
7,-56.1,-286.6010000571807
8,-35.1,-244.80660898647866
9,-76.63,-1199.9469647937324
10,-3114.61,-2348.9018616388166
11,-1.55,-66.12479682410299
12,-8.92,-734.055577824882
13,-33.64,-1609.9961548987985
14,-10.77,-137.80600738485379
15,-16.39,-116.57694542827997
16,-6.86,-75.95909037396531
17,-3049.36,-2390.412648399331
18,-4.79,-119.92998635630128
19,-47.58,-770.8409321677264
20,-25.16,-740.5927599213633
21,-3824.62,-2320.4985932269756
22,-5.14,-69.04830715671925
23,-1.25,-89.31507683546599
24,-31.19,-1077.766385191341
25,-4.57,-99.4659970413696
26,-1.29,-67.64979034288442
27,-2.98,-347.1548640129292
28,-6.18,-83.17261496552715
29,-58.67,-387.6446659402386
30,-10.77,-191.06493727452374
31,-3.53,-69.10285524506166
32,-8.99,-104.3890356977442
33,-8.97,-111.11618979358548
34,-3105.59,-3236.448058718375
35,-1.72,-104.11865606895239
36,-29.64,-1199.9469647937324
37,-47.19,-864.0768564041059
38,-1842.39,-1808.1946678233003
39,-2.71,-70.84364846571546
40,-12.66,-83.16989105224772
41,-26.52,-740.5927599213633
42,-39.09,-141.42816472534008
43,-8.26,-352.4127415335813
44,-46.77,-79.66311835181428
45,-2199.18,-2938.465333109748
46,-41.12,-204.1594188381103
47,-9.6,-99.45255282889957
48,-1.94,-67.68863892279546
49,-3293.85,-2277.88516367136
50,-326.59,-346.29131030276824
51,-44.62,-770.8409321677264
52,-93.27,-174.595277770096
53,-1.84,-67.64979034288442
54,-1.38,-161.5999214871412
55,-5.69,-1000.1240032765588
56,-1590.24,-1621.5427934234121
57,-3.16,-67.27112921442418
58,-1388.85,-91.98226293630779
59,-3.14,-864.0768564041059
60,-54.03,-268.9418829853661
61,-39.93,-1199.9469647937324
62,-2236.81,-3302.4709560198617
63,-9.11,-116.57694542827997
64,-17.66,-158.87647277309895
65,-5.97,-67.27112921442418
66,-2086.43,-167.03965912522827
67,-991.01,-147.3857249651094
68,-2675.86,-2375.975670453062
69,-2.02,-110.90899771373992
70,-0.86,-141.7028150335714
71,-3827.24,-3302.4709560198617
72,-35.81,-305.23627957420354
73,-2.16,-347.1548640129292
74,-8.86,-99.45255282889957
