,target,predicted
0,-2.86,-70.43621384699212
1,-0.26,-67.95013112001833
2,-31.44,-152.89421206615958
3,-1.33,-66.67606986359431
4,-8.15,-74.26803079212196
5,-6.06,-72.77353370114176
6,-3.28,-1311.1067117261653
7,-36.16,-77.74604651888156
8,-56.24,-107.63223501220551
9,-1.32,-69.17301270740388
10,-6.16,-80.75964787118774
11,-5.14,-76.46046293812441
12,-0.37,-70.95887776444886
13,-5.02,-92.2169790539368
14,-47.48,-1311.1067117261653
15,-6.74,-76.46046293812441
16,-38.69,-99.74140002460123
17,-2.58,-78.07616299722991
18,-37.03,-133.07283737831023
19,-65.41,-85.98033231680341
20,-2084.19,-1671.3570730237416
21,-1.65,-68.30799430590498
22,-2.86,-70.43621384699212
23,-33.33,-120.68113440360244
24,-5.3,-92.2169790539368
25,-1.21,-70.44457170643601
26,-33.77,-99.74140002460123
27,-16.21,-100.04939658249583
28,-14.12,-81.83702581992783
29,-0.87,-70.95887776444886
30,-0.81,-68.18704979921445
31,-9.31,-77.84075695935523
32,-2.07,-76.96249548190161
33,-11.18,-77.74604651888156
34,-6.65,-74.26803079212196
35,-2.51,-75.14452417652315
36,-0.71,-68.18704979921445
37,-13.24,-100.04939658249583
38,-58.05,-231.05251620900395
39,-3.78,-83.0675851512711
40,-22.17,-85.98033231680341
41,-2.46,-73.6296057147338
42,-8.79,-82.20280209209207
43,-85.25,-143.78664671460388
44,-1.97,-69.17301270740388
45,-45.05,-122.08664645034229
46,-1821.88,-1444.9057051115965
47,-73.38,-107.63223501220551
48,-5.86,-73.62960571473381
49,-3263.52,-2610.0159232211477
