,target,predicted
0,-15.42,-27.9662863994129
1,-3.65,-47.13812965637888
2,-77.62,-87.34249861805114
3,-40.96,-36.19142691689236
4,-74.17,-68.95110769238185
5,-26.93,-48.01803341022604
6,-1.29,-20.645353223965415
7,-60.88,-48.01803341022604
8,-3.09,-33.40577733200115
9,-79.25,-39.732479006585734
10,-47.16,-40.436063480773626
11,-1.15,-20.645353223965415
12,-24.5,-62.211589487740085
13,-29.12,-78.62096970276014
14,-12.66,-34.39384900876387
15,-4.97,-32.74808589703159
16,-17.66,-47.64636597911786
17,-19.2,-60.939359658936795
18,-115.73,-34.81544280985666
19,-33.5,-77.84363549459354
20,-22.89,-77.84363549459354
21,-2.02,-31.60676969936726
22,-41.22,-30.746491574751953
23,-23.85,-60.29536753966021
24,-3.32,-25.12556797363621
25,-5.77,-47.13812965637888
26,-0.77,-60.20480396565288
27,-3.94,-31.66207377704969
28,-8.65,-36.19142691689236
29,-34.83,-58.83742656146864
30,-3.97,-50.562120377718074
31,-58.67,-78.62096970276014
32,-14.12,-37.19367832739721
33,-3.07,-57.73532568263856
34,-1.67,-31.60676969936726
35,-1.45,-27.070829367954538
36,-47.08,-83.4589046989739
37,-3.28,-66.16884299298019
38,-4.28,-36.19142691689236
39,-18.6,-35.77243619866687
40,-3.18,-56.479387991321396
41,-11.67,-27.9662863994129
42,-110.45,-39.732479006585734
43,-12.16,-50.62205004626929
44,-27.46,-34.81544280985666
