,target,predicted
0,-13.24,-67.51989126600031
1,-6.67,-48.68862592961702
2,-47.48,-132.34667086477586
3,-85.25,-117.72349018318818
4,-14.12,-39.734917434180254
5,-9.84,-54.848236391014325
6,-82.36,-134.85259092455874
7,-2.07,-30.612659748439903
8,-37.03,-74.61972950941914
9,-0.87,-27.818587904180777
10,-58.05,-81.47182552782475
11,-1694.52,-111.1953408418164
12,-1575.97,-132.34667086477586
13,-3.28,-132.34667086477586
14,-21.52,-43.09743715754441
15,-45.05,-68.90851662412055
16,-2.2,-28.560122983324014
17,-5.02,-30.739771935757744
18,-34.83,-74.61972950941914
19,-51.65,-117.72349018318818
20,-2.39,-43.301104743204085
21,-3.29,-44.56277307839527
22,-3.29,-30.612659748439903
23,-5.59,-33.59448293047962
24,-0.77,-27.818587904180777
25,-6.16,-38.66217103830014
26,-16.54,-70.05126768864426
27,-20.56,-75.75300173039464
28,-7.06,-38.813102780897154
29,-8.15,-33.59448293047962
30,-1.16,-28.560122983324014
31,-6.7,-38.66217103830014
32,-0.37,-27.818587904180777
33,-11.12,-111.1953408418164
34,-7.5,-39.734917434180254
35,-49.41,-75.75300173039464
36,-8.79,-42.05146779534195
37,-7.22,-54.848236391014325
38,-3.59,-38.813102780897154
39,-82.29,-76.96256390976313
40,-83.28,-54.40724552726196
41,-1.17,-29.20464912038195
42,-1138.3,-217.07111824146827
43,-1.65,-24.333421406435704
44,-13.61,-81.47182552782475
45,-1.58,-24.333421406435704
46,-77.62,-134.85259092455874
47,-14.69,-39.734917434180254
48,-33.33,-70.05126768864426
49,-38.66,-68.90851662412055
50,-6.65,-33.59448293047962
51,-1.21,-25.12094029479362
52,-3.04,-27.990961406528957
53,-1.31,-25.12094029479362
54,-81.84,-74.61972950941914
55,-105.08,-76.96256390976313
56,-12.93,-49.31549936470814
57,-2.5,-27.990961406528957
58,-93.9,-76.96256390976313
59,-1.16,-24.333421406435704
60,-35.91,-81.47182552782475
61,-2.86,-28.615672586618835
62,-28.74,-49.31549936470814
63,-17.87,-54.848236391014325
64,-2.86,-28.615672586618835
65,-3.65,-30.072196776938412
66,-1.39,-28.560122983324014
67,-29.9,-49.31549936470814
68,-3.78,-44.56277307839527
69,-8.82,-42.05146779534195
70,-2.58,-43.301104743204085
71,-2.51,-29.20464912038195
72,-3.46,-30.072192816870835
73,-24.54,-76.29465240826688
74,-1.23,-25.120940272542875
