,target,predicted
0,-45.05,-230.83628584332263
1,-8.08,-114.27100765015373
2,-82.36,-82.4393332909121
3,-3.28,-193.347651319412
4,-17.87,-102.50006665426332
5,-35.91,-275.2032817382346
6,-23.47,-165.7340968541215
7,-20.56,-165.7340968541215
8,-1.39,-64.80150348234578
9,-8.15,-68.58397958207352
10,-2.58,-100.16137971303174
11,-16.54,-239.90056569059357
12,-2.07,-62.436343140938625
13,-83.28,-111.55605014616235
14,-29.9,-103.0794635644394
15,-14.69,-89.57416786318996
16,-22.17,-63.25638180104627
17,-105.08,-158.60069866791636
18,-3.73,-100.16137971303174
19,-11.12,-250.1580489960091
20,-11.88,-87.52872590747499
21,-1138.3,-173.88731134543303
22,-47.48,-193.347651319412
23,-59.89,-161.97915276626648
24,-8.82,-87.52872590747499
25,-9.45,-239.90056569059357
26,-6.65,-68.58397958207352
27,-9.84,-102.50006665426332
28,-47.16,-173.88731134543303
29,-2.2,-64.80150348234578
30,-3.59,-87.39763324716931
31,-93.9,-158.60069866791636
32,-12.93,-103.0794635644394
33,-6.67,-114.27100765015373
34,-2.39,-100.16137971303174
35,-1.63,-72.98698698629504
36,-3.46,-61.51750026227288
37,-8.79,-87.52872590747499
38,-3.04,-46.08111733092595
39,-2.76,-46.7860418831941
40,-2.07,-72.98698698629504
41,-7.22,-102.50006665426332
42,-24.54,-212.33727744249992
43,-37.03,-126.3760211952743
44,-8.2,-73.53677446870171
45,-1713.76,-291.0763686996872
46,-2.5,-46.08111733092595
47,-45.06,-230.83628584332263
48,-7.06,-87.39763324716931
49,-13.61,-275.2032817382346
50,-3.65,-61.51750026227288
51,-3.29,-108.630936685841
52,-33.33,-239.90056569059357
53,-51.65,-161.97915276626648
54,-3.3,-46.08111733092595
55,-1671.03,-250.1580489960091
56,-7.5,-89.57416786318996
57,-4.93,-61.88268913740351
58,-0.87,-95.58651034993005
59,-5.59,-68.58397958207352
60,-6.16,-73.53677446870171
61,-2.86,-46.7860418831941
62,-3.78,-108.630936685841
63,-1.31,-42.31849461040202
64,-1575.97,-193.347651319412
65,-173.76,-111.55605014616235
66,-82.29,-158.60069866791636
67,-1.21,-42.31849461040202
68,-1.16,-64.80150348234578
69,-1694.52,-250.1580489960091
70,-2.51,-62.436343140938625
71,-5.3,-61.88268913740351
72,-34.83,-126.3760211952743
73,-58.05,-275.2032817382346
74,-1.17,-62.436343140938625
