,target,predicted
0,-60.88,-326.1829364724201
1,-6.06,-69.61510020649168
2,-10.71,-164.1613871649824
3,-5.86,-87.05290833746287
4,-1752.9,-133.79471940675938
5,-2086.43,-114.17482526066014
6,-36.16,-141.92782136411336
7,-2719.07,-4498.277878211909
8,-20.06,-133.79471940675938
9,-7.46,-86.77227894764209
10,-9.01,-53.1720971918956
11,-9.45,-210.2145884893872
12,-2.71,-114.17482526066014
13,-7.65,-86.97972704509071
14,-4.81,-228.26552138701396
15,-2.21,-248.73853570571902
16,-1.29,-97.77411942640235
17,-7.06,-116.97377962586286
18,-10.64,-86.77227894764209
19,-52.27,-110.99310583645206
20,-3.97,-149.28283875259962
21,-2.46,-87.05290833746287
22,-23.78,-361.7617932120819
23,-58.67,-352.42219323429714
24,-97.9,-358.38421095337003
25,-2727.43,-266.80316606961406
26,-1482.57,-409.86107856540605
27,-1953.6,-1645.5245727897232
28,-11.52,-91.97601580273309
29,-37.03,-408.66735025954563
30,-8.26,-186.6806241725955
31,-3.65,-202.50243873077403
32,-1.77,-95.9012942435956
33,-79.59,-150.0380835946209
34,-17.66,-136.31239185070274
35,-3.28,-357.3313430354949
36,-1.25,-69.61510020649168
37,-73.45,-180.05605211659318
38,-5.69,-187.4346220355573
39,-2420.08,-191.2504489836832
40,-22.07,-82.99491541499724
41,-17.98,-64.14982694718559
42,-24.5,-98.78259174256993
43,-1413.77,-104.33007126763931
44,-1138.3,-1182.6939245049844
45,-0.37,-130.29125072244224
46,-9.91,-99.64394828255854
47,-21.22,-98.60980473042423
48,-4.24,-71.3624070082303
49,-3.18,-173.04556847285264
50,-1.4,-57.59014559931401
51,-4.81,-144.12435481598084
52,-56.28,-161.84198377176648
53,-18.6,-1560.3611114229577
54,-43.06,-98.48898844211769
55,-2610.28,-114.17482526066014
56,-3.07,-110.99310583645206
57,-47.16,-1182.6939245049844
58,-1.68,-135.2510334007219
59,-3.14,-111.06543684055418
60,-19.2,-381.0054669426798
61,-2.08,-95.9012942435956
62,-5.0,-72.53600340881837
63,-3.94,-95.9012942435956
