,target,predicted
0,-7.67,-19.664468376002947
1,-6.42,-24.747632411460415
2,-0.28,-12.400680865989212
3,-2.89,-3.7686445516577582
4,-1.14,-2.9381531103198175
5,-3.7,-7.91816463563303
6,-14.86,-20.208747953459813
7,-11.22,-19.419474757485247
8,-6.4,-4.4316340774820375
9,-0.93,-21.42781668664537
10,-4.22,-10.270967551544118
11,-10.88,-35.51017039267644
12,-0.94,-12.63366936532432
13,-14.6,-2.9381531103198175
14,-0.59,-3.257640068472524
15,-7.56,-21.310106381593087
16,-6.27,-19.243354037274024
17,-1.6,-7.408619316360888
18,-9.16,-8.999668638843815
19,-1.36,-12.706894027588948
20,-2.82,-18.88432504606815
21,-7.29,-17.190745109636538
22,-0.99,-8.570518857486903
23,-0.47,-8.567936243447452
24,-26.57,-15.193971798202035
25,-0.32,-11.145301800802546
26,-2.53,-8.774294659833073
27,-1.34,-14.546241218006562
28,-0.55,-8.112292616578157
29,-543.6,-21.106029921900422
30,-10.69,-11.570437521836775
31,-5.29,-11.570437521836775
32,-5.04,-4.155992937637056
33,-0.64,-5.502492866536432
34,-1.92,-13.715437665163172
35,-1.1,-7.618357239907839
36,-13.76,-7.98238266926408
37,-5.75,-7.98238266926408
38,-3.41,-10.669989318470591
39,-37.92,-8.774294659833073
40,-1.55,-7.98238266926408
41,-21.19,-17.984619471149742
42,-1.23,-8.112292616578157
43,-0.88,-9.703404680335545
44,-5.3,-21.310106381593087
