,target,predicted
0,-1138.3,-246.3056172675311
1,-74.17,-134.76796418860627
2,-2.86,-47.156781845235
3,-2.5,-78.7790593125886
4,-203.87,-294.1279765832768
5,-3.04,-43.636309391091395
6,-18.49,-60.3626202314844
7,-167.81,-255.68696530933437
8,-1.16,-52.42117895880742
9,-3.65,-71.09457020438322
10,-3.73,-74.45386630515509
11,-1713.76,-585.8477558429522
12,-3.79,-118.47087597416676
13,-37.2,-196.05672456538588
14,-1.23,-66.44596240124378
15,-17.87,-77.07238159996719
16,-79.59,-195.02175437273374
17,-19.66,-186.14265731337184
18,-139.47,-152.33243585607968
19,-2.76,-47.156781845235
20,-1671.03,-107.31302789360662
21,-0.74,-20.186256615196946
22,-42.7,-319.028897026137
23,-1740.84,-585.8477558429522
24,-3.47,-30.247221711264224
25,-4.78,-105.58735677927022
26,-105.08,-108.1644958549698
27,-6.67,-77.90154163551368
28,-16.54,-166.77335297011524
29,-16.21,-105.39433582270877
30,-45.06,-189.63762133586215
31,-3.47,-33.49745251318098
32,-28.74,-149.5900137680569
33,-14.33,-52.45130965143942
34,-1.78,-33.791031489996485
35,-31.82,-186.14265731337184
36,-4.93,-69.59071522310037
37,-5.01,-52.45130965143942
38,-1821.88,-947.7815013039603
39,-19.64,-186.54694838339583
40,-7.5,-69.0983833413828
41,-21.22,-71.09457020438322
42,-5.13,-92.20829240995863
43,-88.98,-68.64803459122474
44,-173.48,-294.1279765832768
45,-1.33,-17.461172612805058
46,-29.9,-149.5900137680569
47,-2.58,-74.45386630515509
48,-22.17,-63.253303567355196
49,-24.54,-134.76796418860627
50,-35.91,-228.54445358908634
51,-240.66,-451.46725302368657
52,-98.57,-68.64803459122474
53,-38.66,-189.63762133586215
54,-5.53,-144.62234433928978
55,-12.93,-149.5900137680569
56,-15.94,-92.38492834551774
57,-29.32,-319.028897026137
58,-0.26,-27.46332701097108
59,-2.11,-33.58015811950239
60,-47.82,-214.59707458986753
61,-2.41,-30.247221711264224
62,-22.73,-159.94767157518913
63,-2.7,-21.300899129767565
64,-5.3,-69.59071522310037
65,-17.58,-186.54694838339583
66,-2.05,-47.13199029458255
67,-3.29,-69.93784868541987
68,-82.29,-108.1644958549698
69,-9.42,-36.98723985609536
70,-2.39,-74.45386630515509
71,-3.29,-92.20829240995863
72,-56.24,-114.20201857355029
73,-1.68,-78.67420494160778
74,-2.54,-78.7790593125886
