,target,predicted
0,-2199.18,-2265.8564529394475
1,-3664.98,-3387.670709607409
2,-1599.21,-1631.035429973812
3,-3.56,-20.451175483962857
4,-7.84,-13.132709368043491
5,-4007.87,-3664.983262783607
6,-3.73,-13.520239314280678
7,-3855.6,-3302.694413211549
8,-2727.43,-1651.5252882006462
9,-10.54,-13.132709368043491
10,-4001.81,-3664.983262783607
11,-3971.85,-3664.983262783607
12,-1.22,-9.611699782413227
13,-2448.32,-2097.771654462303
14,-3564.45,-1631.035429973812
15,-1.84,-8.576912547339644
16,-1590.24,-1218.3064755300147
17,-3293.85,-2802.100164228048
18,-33.64,-1651.5252882006462
19,-2756.74,-3387.670709607409
20,-2236.81,-2342.0636133097414
21,-1776.15,-2253.046932916991
22,-3601.52,-3302.694413211549
23,-3.35,-20.451175483962857
24,-39.93,-512.3164024182229
25,-3.16,-12.94725904706063
26,-6.06,-25.593396654617365
27,-3890.98,-2602.079888092722
28,-3800.03,-2342.0636133097414
29,-15.32,-16.368773968771368
30,-7.65,-24.93534897446032
31,-2.66,-11.110214376452111
32,-10.64,-16.368773968771368
33,-2.85,-91.19096178818167
34,-3657.26,-2265.8564529394475
35,-11.61,-35.20956812945108
36,-76.63,-512.3164024182229
37,-4.01,-18.71301189495578
38,-12.66,-24.93534897446032
39,-11.39,-35.20956812945108
40,-1175.43,-1651.5252882006462
41,-2196.81,-2265.8564529394475
42,-1.25,-25.593396654617365
43,-12.27,-13.132709368043491
44,-2328.29,-2608.1609350916005
45,-1622.5,-1218.3064755300147
46,-1.98,-10.756890746126562
47,-3.53,-11.110214376452111
48,-2719.07,-3387.670709607409
49,-1.94,-9.722709597112887
50,-5.14,-11.89807150796839
51,-2128.42,-1218.3064755300147
52,-4.87,-11.89807150796839
53,-3.26,-11.110214376452111
54,-1.27,-9.611699782413227
55,-29.64,-512.3164024182229
56,-8.26,-91.19096178818167
57,-7.46,-16.368773968771368
58,-5.69,-112.70381552078956
59,-1.29,-8.576912547339644
60,-3.66,-18.71301189495578
61,-2.43,-10.756890746126562
62,-3019.19,-2608.1609350916005
63,-1.15,-8.576912547339644
64,-3555.34,-4535.571765819471
65,-5.64,-26.30773957068162
66,-2.15,-9.722709597112887
67,-1941.4,-2802.100164228048
68,-3840.88,-3517.237310689993
69,-2717.18,-2802.100164228048
70,-5.6,-11.89807150796839
71,-2.95,-12.94725904706063
72,-2718.25,-2391.2855473415757
73,-5.97,-12.941906253743353
74,-17.98,-26.30773957068162
