{
    "r2_high": 0.45010191302036506,
    "r2_low": 0.08595008001706872
}