{
    "r2_high": 0.6045052186496953,
    "r2_low": 0.13472322136460457
}