{
    "r2_high": 0.663149226381435,
    "r2_low": 0.006312787871502135
}