{
    "r2_high": -0.07713453258708958,
    "r2_low": 0.003114247127989911
}