{
    "r2_high": 0.0320675081027233,
    "r2_low": -0.029400432686975675
}