{
    "r2_high": 0.598964817660616,
    "r2_low": 0.100300779283787
}