{
    "r2_high": 0.5659729294444774,
    "r2_low": 0.03945720487776405
}