{
    "r2_high": 0.4994447962461732,
    "r2_low": -0.013036771311803363
}