{
    "r2_high": 0.40623598450864706,
    "r2_low": 0.13382502453160372
}