{
    "r2_high": 0.5099688198638549,
    "r2_low": 0.05046426868652232
}