{
    "r2_high": -0.019961368422574344,
    "r2_low": 0.020980547426844187
}