{
    "Respiration_Rate_mg_DO_per_L_per_H": 0.6294898755155427,
    "Respiration_Rate_mg_DO_per_L_per_H_high": -3.35600677073639,
    "Respiration_Rate_mg_DO_per_L_per_H_low": -2.926846364161524
}