{
    "r2_high": -0.006206382187353254,
    "r2_low": 0.025264116880264198
}