{
    "r2_high": 0.7467101043075082,
    "r2_low": 0.03579115847915493
}