{
    "r2_high": 0.5661146464841128,
    "r2_low": 0.054960504309961244
}