{
    "r2_high": 0.5137417420298984,
    "r2_low": 0.03169689762083616
}