{
    "r2_high": 0.14046890505348375,
    "r2_low": -0.03271976360271123
}