{
    "r2_high": 0.09497465042171915,
    "r2_low": 0.030615520285578568
}