{
    "r2_high": 0.6233583988777658,
    "r2_low": 0.11944187106648807
}