{
    "r2_high": -0.1164630536782918,
    "r2_low": 0.03699667214996327
}