{
    "r2_high": 0.5249697057241766,
    "r2_low": 0.005362699888657341
}