{
    "r2_high": 0.03283463479456383,
    "r2_low": 0.043897395359139946
}