{
    "r2_high": 0.0527316754126983,
    "r2_low": 0.004029751318089803
}