{
    "r2_high": 0.2498716522235115,
    "r2_low": 0.07311776105357515
}