{
    "r2_high": 0.34806899687447923,
    "r2_low": 0.057562727656150225
}