{
    "Respiration_Rate_mg_DO_per_L_per_H": 0.4708302265267301,
    "Respiration_Rate_mg_DO_per_L_per_H_high": -7.665553143265585,
    "Respiration_Rate_mg_DO_per_L_per_H_low": -1.051689134185331
}