{
    "r2_high": -0.3521481721017514,
    "r2_low": 0.06429533370948359
}