,target,predicted
0,-3.18,-36.65021499986591
1,-35.76,-19.739173378987868
2,-19.2,-62.04776751429083
3,-4.6,-43.22824244128017
4,-5.86,-9.083117142779763
5,-3.09,-6.629989466073829
6,-8.0,-56.39679420157768
7,-110.45,-61.8248283611387
8,-19.87,-25.362775254089062
9,-73.45,-41.51067243551995
10,-17.33,-66.33893531117911
11,-3.46,-12.317343927250002
12,-4.24,-8.128477617633864
13,-47.19,-7.650402730947399
14,-15.42,-33.960344422526674
15,-3.73,-72.79006497682965
16,-15.32,-21.007388451373615
17,-8.6,-15.591315193759563
18,-10.64,-21.007388451373615
19,-3.59,-20.225102926503315
20,-10.78,-20.225102926503315
21,-8.93,-15.312323548618751
22,-115.73,-56.39679420157768
23,-42.76,-25.362775254089062
24,-1.15,-4.333082119418991
25,-18.6,-54.64079789545447
26,-19.4,-62.119223835825196
27,-12.16,-24.54762767918545
28,-21.96,-6.629989466073829
29,-3.07,-65.84516996719087
30,-2.02,-6.585915215254088
31,-42.8,-36.65021499986591
32,-1.25,-11.05928366204127
33,-17.53,-396.7986125684784
34,-3.79,-29.64468001215733
35,-21.22,-12.317343927250002
36,-33.64,-16.4385668885753
37,-64.33,-67.0659267423437
38,-2.71,-8.906460370001563
39,-14.69,-24.951017673075754
40,-38.08,-75.83227138180219
41,-8.99,-4.259685624709197
42,-1.29,-6.585915215254088
43,-3.91,-14.147829587270488
44,-50.32,-53.3549434436643
