,target,predicted
0,-3.22,-26.244665488639896
1,-42.78,-51.36211837225457
2,-1590.24,-1988.1496888634283
3,-29.12,-298.54037578026896
4,-7.46,-29.499407053242646
5,-35.81,-175.78133721505372
6,-4.03,-35.0778990044347
7,-44.62,-59.66127141435885
8,-9.63,-45.438900766317516
9,-4.36,-70.71463035640703
10,-7.37,-26.709313646209488
11,-1388.85,-26.491722464860928
12,-26.52,-49.25954775524324
13,-70.02,-133.54556103295178
14,-3.35,-21.955794165289543
15,-31.41,-45.10059126610063
16,-35.52,-52.66139297764168
17,-1542.53,-1684.802550647896
18,-39.93,-63.377248801988074
19,-11.29,-45.438900766317516
20,-260.35,-407.6796563227705
21,-1.98,-28.94522787781406
22,-7.29,-26.709313646209488
23,-0.75,-22.422348514466233
24,-35.25,-55.393334317065175
25,-3.56,-21.955794165289543
26,-2.98,-70.71463035640703
27,-8.86,-26.96357087777784
28,-5.0,-24.152601189804248
29,-1622.5,-1988.1496888634283
30,-333.94,-407.6796563227705
31,-2.28,-21.708575526925657
32,-8.97,-27.11269873826201
33,-14.81,-45.438900766317516
34,-11.52,-23.834143889131614
35,-2.74,-20.344542540476183
36,-2.66,-24.08508901111344
37,-40.96,-24.112262243762768
38,-3.41,-25.541653412646774
39,-5.6,-26.244665488639896
40,-10.71,-103.73344231244592
41,-1.67,-20.23692408428975
42,-3855.6,-3152.317060508839
43,-13.78,-34.859327589287865
44,-8.92,-34.859327589287865
45,-8.66,-41.733807150306546
46,-31.64,-43.21191885235
47,-49.64,-61.19202956157383
48,-5.64,-23.897634679794976
49,-3.26,-24.081264284464247
50,-2.32,-28.94522787781406
51,-47.58,-59.66127141435885
52,-3.21,-47.87805777409028
53,-6.45,-27.997734817868313
54,-5.14,-26.504868222635807
55,-17.33,-44.59857272533239
56,-2.21,-32.53497820709591
57,-10.77,-33.91468271540657
58,-1.38,-27.494683462313738
59,-1.78,-22.103998922493346
60,-33.64,-1689.3084306060096
61,-2.16,-70.71463035640703
62,-3.19,-27.807968214021358
63,-13.61,-45.10059126610063
64,-3657.26,-2079.285399101725
65,-4.01,-25.541653412646774
66,-991.01,-52.66139297764168
67,-35.1,-245.48408797402118
68,-2719.07,-2991.89938333363
69,-10.77,-54.501374997176306
70,-347.97,-407.6796563227705
71,-4.02,-24.07256372583753
72,-1.78,-22.06077460322125
73,-56.28,-54.04794295386829
74,-11.61,-27.79992952428002
