,target,predicted
0,-7.5,-122.66431491398181
1,-35.76,-108.93192756163138
2,-1138.3,-249.76796525932846
3,-1694.52,-351.16895982469737
4,-16.99,-146.03207233513976
5,-41.92,-1734.031214852218
6,-6.64,-154.56733616056687
7,-4.84,-122.6776026814025
8,-6.94,-103.2209463974695
9,-35.52,-229.62676434452976
10,-27.46,-222.4218315111034
11,-4.81,-180.09756874291176
12,-1739.12,-1483.7576404345573
13,-10.78,-116.87469336362372
14,-7.48,-110.30295700234815
15,-14.92,-116.37364515077081
16,-1482.57,-1734.031214852218
17,-2448.32,-129.1802125799172
18,-35.25,-150.3278915088104
19,-52.27,-116.37364515077081
20,-79.59,-133.58261441056425
21,-14.63,-127.55009726685743
22,-0.75,-106.37220824555499
23,-2.41,-106.26489865946867
24,-2505.5,-129.87407239253474
25,-2727.43,-335.88071140949387
26,-9.45,-124.3973352568935
27,-1.09,-101.0134718539378
28,-0.99,-101.0134718539378
29,-2199.18,-1771.5599790268889
30,-33.1,-137.29866497834303
31,-1890.34,-181.36054998084524
32,-20.06,-1224.4644640345557
33,-3657.26,-1771.5598486259119
34,-988.01,-1681.3200232140775
35,-4.62,-108.15458591425264
36,-79.25,-137.97081291579576
37,-13.09,-146.4883556425654
38,-2675.86,-129.1802125799172
39,-2420.08,-123.9564414895991
40,-17.53,-123.9564414895991
41,-8.0,-222.4218315111034
42,-2.71,-104.38572241391272
43,-12.16,-111.90225501003493
44,-1788.7,-1680.6931531047776
45,-2.85,-116.21749658227698
46,-1.45,-108.15458591425264
47,-7.65,-116.67937243528921
48,-2907.84,-129.1802125799172
49,-34.83,-194.47683562491477
50,-17.98,-103.5497619941297
51,-15.32,-108.82038412707584
52,-48.64,-105.56532538555612
53,-73.45,-127.55009726685743
54,-42.8,-146.4883556425654
55,-12.66,-116.67937243528921
56,-240.66,-123.9564414895991
57,-29.51,-122.56710353148127
58,-47.82,-147.01624524396598
59,-5.69,-154.56733616056687
60,-22.8,-137.29866497834303
61,-2.37,-118.53149466158172
62,-2.7,-112.58445430485321
63,-22.89,-133.58261441056425
64,-88.82,-105.56532538555612
65,-0.87,-108.52853799481673
66,-9.12,-1224.4644640345557
67,-15.94,-122.32777625888203
