,target,predicted
0,-1.21,-56.22703688463724
1,-8.88,-68.50142220846794
2,-22.17,-55.87795215119367
3,-2.85,-73.97879522135253
4,-11.88,-96.92563194052975
5,-2.46,-68.74000138519835
6,-2.31,-62.834893757687
7,-8.93,-134.96111463975257
8,-3.3,-50.906254001607685
9,-9.12,-172.37031202449177
10,-6.16,-87.97659647161274
11,-26.93,-173.50633167035733
12,-0.73,-57.198904711825485
13,-42.8,-139.3082721220691
14,-44.74,-119.27403064023726
15,-31.82,-65.0162790107997
16,-9.45,-135.12662038133016
17,-10.77,-146.3019388219484
18,-1.23,-56.22703688463724
19,-0.81,-22.865578041970434
20,-67.87,-135.61020817955594
21,-1.65,-21.39792011596925
22,-1.63,-59.15550968178718
23,-5.14,-55.831055685479555
24,-1.39,-71.22426549692373
25,-60.88,-173.50633167035733
26,-2.07,-59.15550968178718
27,-4.78,-110.20897495024929
28,-173.76,-83.35988390581534
29,-0.77,-27.714619753645483
30,-3.04,-50.906254001607685
31,-15.66,-168.4510346592832
32,-13.24,-101.37946572123482
33,-42.7,-142.86207229068856
34,-27.73,-65.0162790107997
35,-3.29,-79.46992253651675
36,-28.74,-109.0302629238877
37,-3.29,-59.15550968178718
38,-1482.57,-163.12668293302923
39,-3.73,-119.66347930497452
40,-2.39,-119.66347930497452
41,-3.28,-255.04341863595653
42,-4.6,-88.32284185004659
43,-1.22,-20.40642969444202
44,-8.15,-65.97903217824198
45,-2.8,-23.954783312591026
46,-6.7,-87.97659647161274
47,-77.62,-83.9177765876027
48,-2.58,-119.66347930497452
49,-5.88,-89.09902797296259
