,target,predicted
0,-4.93,-52.188528028682214
1,-1.23,-35.06941963643131
2,-1.58,-31.99799852839206
3,-105.08,-114.5131824559285
4,-12.93,-90.02471834678073
5,-59.89,-137.26341074979945
6,-45.05,-52.52332361240039
7,-2.07,-42.43841147701359
8,-35.91,-43.528562712976324
9,-3.3,-50.28473310771038
10,-33.33,-412.4013382447889
11,-5.59,-72.44402212704954
12,-29.9,-90.02471834678073
13,-82.29,-114.5131824559285
14,-3.04,-50.28473310771038
15,-8.08,-83.54031996764736
16,-1.21,-35.06941963643131
17,-3.46,-34.48839688246011
18,-7.5,-59.8443178479811
19,-23.47,-47.61155247437772
20,-13.24,-266.7632550580459
21,-8.2,-69.63349467876623
22,-5.3,-52.188528028682214
23,-22.17,-48.44706576872753
24,-6.65,-72.44402212704954
25,-6.67,-83.54031996764736
26,-173.76,-110.01312813711246
27,-3.73,-49.436625586966485
28,-1.17,-42.43841147701359
29,-1.65,-31.99799852839206
30,-9.91,-83.54031996764736
31,-17.87,-74.65829467575239
32,-3.28,-154.3337043947304
33,-14.69,-59.8443178479811
34,-10.78,-57.03972593850049
35,-8.82,-78.74959596020437
36,-93.9,-114.5131824559285
37,-49.41,-47.61155247437772
38,-2.76,-64.51706013042255
39,-20.56,-47.61155247437772
40,-1.63,-47.61452190775009
41,-85.25,-137.26341074979945
42,-6.16,-69.63349467876623
43,-34.83,-70.41410510231991
44,-1.31,-35.06941963643131
45,-51.65,-137.26341074979945
46,-47.48,-154.3337043947304
47,-1575.97,-154.3337043947304
48,-45.06,-52.52332361240039
49,-3.59,-57.03972593850049
50,-47.16,-337.36872424755705
51,-83.28,-110.01312813711246
52,-2.39,-49.436625586966485
53,-2.2,-68.11440268755673
54,-6.7,-69.63349467876623
55,-13.61,-43.528562712976324
56,-1.16,-68.11440268755673
57,-0.37,-37.7889827394987
58,-0.77,-37.7889827394987
59,-1138.3,-337.36872424755705
60,-0.87,-37.7889827394987
61,-1185.05,-337.36872424755705
62,-3.29,-47.61452190775009
63,-1671.03,-96.10409183901123
64,-2.5,-50.28473310771038
65,-7.06,-57.03972593850049
66,-21.52,-48.44706576872753
67,-8.79,-78.74959596020437
68,-2.86,-64.51706013042255
69,-11.12,-96.10409183901123
70,-9.45,-412.4013382447889
71,-2.86,-64.51706013042255
72,-9.84,-74.65829467575239
73,-21.22,-34.48839489056854
74,-2.58,-49.436625586966485
