,target,predicted
0,-7.65,-75.05500228503016
1,-11.39,-81.91397178677444
2,-1.98,-64.32251174822386
3,-3.77,-70.66470862803824
4,-2.32,-64.32251174822386
5,-8.26,-104.6356215678956
6,-2199.18,-3377.844631258714
7,-46.77,-64.34515134670987
8,-655.72,-742.1055971163514
9,-1.15,-57.78228096600134
10,-16.93,-156.54620226154861
11,-10.47,-80.33901449923904
12,-15.32,-70.85182247738234
13,-3.43,-150.06314889861335
14,-76.63,-224.7132231931599
15,-2196.81,-3377.844631258714
16,-10.54,-64.86708457480948
17,-1.22,-60.565383721644594
18,-2727.43,-265.3131841698679
19,-6.18,-66.75596290723507
20,-3.14,-122.8932213626443
21,-5.64,-71.21966363764231
22,-1.29,-57.78228096600134
23,-91.47,-203.89744808090188
24,-7.86,-138.54623631774734
