,target,predicted
0,-3.29,-4.754767831609723
1,-38.66,-39.04477515559893
2,-13.61,-53.61379520451405
3,-2.86,-5.8239902720728844
4,-1.17,-5.478332208738188
5,-45.06,-39.04477515559893
6,-8.79,-10.929904010329643
7,-7.06,-52.90921456046293
8,-35.91,-53.61379520451405
9,-37.03,-45.87914083472342
10,-21.22,-7.279406074645352
11,-77.62,-66.13147832840195
12,-29.9,-26.506604367726023
13,-7.5,-15.934322555691065
14,-12.93,-26.506604367726023
15,-2.2,-4.900132348088944
16,-6.7,-10.166822227036128
17,-28.09,-36.24015624241116
18,-9.84,-17.05336796199026
19,-3.59,-52.90921456046293
20,-1.65,-3.107444172553501
21,-1.22,-2.6931664833117743
22,-0.37,-3.4415761868896726
23,-10.78,-52.90921456046293
24,-24.54,-67.17619367079898
