,target,predicted
0,-6.87,-6.960852146813703
1,-1.97,-2.828965730189347
2,-15.94,-16.965279007801488
3,-9.91,-11.106345485195423
4,-6.64,-8.197593795180474
5,-38.69,-35.71817226073436
6,-2.51,-4.692720634416569
7,-22.17,-19.19138303591182
8,-27.73,-19.49068328925885
9,-11.78,-6.960852146813703
10,-5.72,-8.309057596494922
11,-3.47,-5.652572703957604
12,-0.94,-3.013674285245658
13,-46.59,-44.72427823347162
14,-5.69,-8.197593795180474
15,-1.11,-2.705449270981928
16,-8.2,-8.952738844737725
17,-10.78,-8.323642724963657
18,-3.04,-5.9266265151742825
19,-3.73,-6.170548629542095
20,-1.39,-22.35984007704529
21,-65.41,-19.19138303591182
22,-6.06,-11.234240315531789
23,-2.41,-5.652572703957604
24,-2.11,-4.398186803462053
25,-4.09,-6.76154943678073
26,-2.39,-6.170548629542095
27,-26.32,-16.070189769493833
28,-28.09,-35.71817226073436
29,-0.36,-2.3684718897293338
30,-2.07,-4.698813712839623
31,-1.58,-3.0108199801009863
32,-9.38,-16.070189769493833
33,-1.31,-4.207137077765954
34,-45.06,-40.34394722292968
35,-2.2,-22.35984007704529
36,-3.46,-12.446674490090905
37,-2.02,-7.507472328960004
38,-7.06,-8.323642724963657
39,-1.64,-4.398186803462053
40,-50.95,-16.965279007801488
41,-5.01,-6.76154943678073
42,-2.86,-6.595169878648875
43,-7.34,-6.960852146813703
44,-4.99,-5.170127414051473
45,-21.45,-18.964139474933756
46,-139.47,-52.23217371236716
47,-6.74,-8.594913519282796
48,-1.16,-22.35984007704529
49,-9.98,-15.670077127555205
