,target,predicted
0,-7.22,-74.65829467575239
1,-65.41,-48.44706576872753
2,-1694.52,-96.10409183901123
3,-24.54,-113.75340911424468
4,-77.62,-69.82297319033695
5,-38.66,-52.52332361240039
6,-5.13,-68.30260356653453
7,-2.51,-42.43841147701359
8,-74.17,-113.75340911424468
9,-37.03,-70.41410510231991
10,-1.39,-68.11440268755673
11,-58.05,-43.528562712976324
12,-8.15,-72.44402212704954
13,-1.16,-31.99799852839206
14,-5.02,-52.188528028682214
15,-16.54,-412.4013382447889
16,-11.88,-78.74959596020437
17,-3.29,-68.30260356653453
18,-28.74,-90.02471834678073
19,-2.07,-47.61452190775009
20,-3.78,-68.30260356653453
21,-3.65,-34.48839688246011
22,-82.36,-69.82297319033695
23,-14.12,-59.8443178479811
24,-81.84,-70.41410510231991
