,target,predicted
0,-20.56,-89.96966254795063
1,-29.32,-126.8840238138329
2,-3.46,-45.71371696689528
3,-3.46,-72.13673426635779
4,-1.22,-24.23140918816001
5,-26.93,-132.59994041929585
6,-1.21,-51.36753550174069
7,-1740.84,-821.0070856784373
8,-1.78,-32.12535495304934
9,-8.82,-108.96636142825196
10,-47.16,-545.5131914740291
11,-2.5,-31.367118666646856
12,-14.33,-76.07922765061895
13,-43.22,-55.45730178045808
14,-26.32,-30.681270370664222
15,-1.11,-23.804520114703543
16,-5.02,-48.24916533036361
17,-33.18,-108.6142874638612
18,-7.22,-68.8438963039021
19,-2.8,-29.115114155505246
20,-203.87,-185.93851825738233
21,-0.68,-23.804520114703543
22,-3.18,-139.67466987267986
23,-3.97,-55.45730178045808
24,-436.09,-185.93851825738233
25,-2.07,-32.931488693948204
26,-85.25,-81.61066909064505
27,-2738.74,-146.30686660547147
28,-23.47,-89.96966254795063
29,-4.78,-63.89400301125333
30,-9.44,-35.15615419103227
31,-4.93,-60.46563489082122
32,-0.51,-30.92148140971185
33,-2.76,-35.63192314140597
34,-6.06,-50.723524444929424
35,-1.01,-23.804520114703543
36,-75.22,-105.38104678207316
37,-88.98,-108.6142874638612
38,-48.64,-49.04920025571769
39,-22.17,-56.74646237938144
40,-3.01,-138.29303913297483
41,-3.73,-41.634316444124636
42,-49.18,-126.8840238138329
43,-74.17,-119.5277321885743
44,-47.48,-260.213404437789
45,-11.78,-36.55245428549686
46,-3.81,-34.6634143846218
47,-3.65,-72.13673426635779
48,-47.08,-127.39327377439375
49,-73.38,-70.07838644084762
50,-21.52,-56.74646237938144
51,-45.06,-123.28715486898007
52,-8.79,-108.96636142825196
53,-42.8,-139.67466987267986
54,-2.86,-35.63192314140597
55,-240.66,-132.99145898049062
56,-8.08,-47.79841210110753
57,-5.02,-60.46563489082122
58,-2260.74,-902.4272189325158
59,-2.07,-47.077716963303885
60,-0.26,-25.160960427876745
61,-31.82,-93.85196880907178
62,-6.67,-47.79841210110753
63,-3.78,-47.494766535774296
64,-61.3,-127.39327377439375
65,-4.6,-58.09034161253467
66,-9.42,-35.15615419103227
67,-2.46,-37.043618133769925
68,-5.29,-30.609281665708174
69,-2.05,-138.29303913297483
70,-2.7,-29.115114155505246
71,-988.01,-902.4272189325158
72,-19.4,-213.4883712661258
73,-1.23,-51.36753550174069
74,-27.73,-93.85196880907175
