,target,predicted
0,-1691.56,-2586.9136942202185
1,-3105.59,-3670.9570752986006
2,-15.64,-26.504296530700927
3,-2289.87,-2510.9412356207586
4,-12.27,-9.149796050159638
5,-3555.34,-3825.3486493795226
6,-3.53,-5.807734415096821
7,-91.47,-123.95356528988074
8,-12.9,-11.639296369177567
9,-115.73,-18.989323553997043
10,-26.52,-36.325111210074006
11,-3601.52,-3670.9570752986006
12,-78.34,-56.15941993907401
13,-31.64,-34.2810439623914
14,-9.6,-13.443013338080128
15,-3019.19,-3192.04918598473
16,-7.46,-13.549807403978818
17,-1599.21,-3599.4358032529294
18,-2.43,-4.1574977343594535
19,-2610.28,-80.57811582931802
20,-3.51,-8.771847620857738
21,-53.32,-126.00060417200312
22,-3657.26,-2236.038722956494
23,-21.96,-12.006166797221798
24,-15.32,-13.549807403978818
25,-76.63,-72.06937377349556
26,-1622.5,-19.49893915988673
27,-2756.74,-3337.9025420752823
28,-33.64,-42.63368664629746
29,-6.45,-11.639296369177567
30,-3824.62,-3861.896815515907
31,-1.72,-12.006166797221798
32,-3462.55,-3964.884304679063
33,-2328.29,-3192.04918598473
34,-1388.85,-12.71070027831098
35,-2.21,-350.7361047505003
36,-1175.43,-42.63368664629746
37,-9.01,-33.88689095885371
38,-2128.42,-19.49893915988673
39,-35.52,-201.0672511996292
40,-2727.43,-42.63368664629746
41,-1.45,-15.874413786822306
42,-7.12,-10.212592906708121
43,-1941.4,-3064.8633981640055
44,-3.41,-6.063093896406047
45,-1.22,-3.677348582881182
46,-1590.24,-19.49893915988673
47,-12.07,-14.724067838289821
48,-4.87,-7.412785461492753
49,-24.5,-32.049079326811096
