,target,predicted
0,-7.86,-71.8863853669804
1,-1953.6,-1525.3994622504506
2,-3.66,-11.538569393102282
3,-2727.43,-1182.9806065700295
4,-3.99,-43.70060348436992
5,-2965.18,-3309.4003415208836
6,-6.39,-77.0175901413389
7,-39.93,-167.89727421814194
8,-7.12,-33.8660947561734
9,-82.28,-238.4786861811203
10,-21.96,-48.362678721661574
11,-54.03,-238.4786861811203
12,-1590.24,-1774.601468124752
13,-35.81,-313.68938913478553
14,-3049.36,-2041.5119156657745
15,-33.64,-1182.9806065700295
16,-8.26,-136.14040684776327
17,-469.44,-254.1466245034291
18,-38.08,-287.74696853596146
19,-47.58,-113.85756005200679
20,-16.93,-101.9798332267429
21,-35.93,-90.85112796642531
22,-23.85,-473.81071585307313
23,-25.16,-79.21026729028948
24,-10.64,-49.239959488235115
25,-1.78,-63.41587006516099
26,-1939.15,-1525.3994622504506
27,-2.16,-321.9300127064703
28,-2785.54,-370.51394355189274
29,-124.31,-134.71300390958066
30,-1.29,-78.60134331355171
31,-39.09,-138.55993993631472
32,-30.43,-80.67163482852408
33,-9.54,-77.0175901413389
34,-5.64,-35.475807962636935
35,-8.56,-71.8863853669804
36,-165.39,-364.37579350497504
37,-11.29,-85.99138835592298
38,-3840.88,-3673.817826634366
39,-10.77,-109.46858215434679
40,-326.59,-254.1466245034291
41,-3601.52,-3260.67304422109
42,-4.36,-321.9300127064703
43,-54.1,-222.19262720789197
44,-6.94,-63.41587006516099
45,-2.32,-10.57253374731998
46,-0.86,-91.29368996287258
47,-2.71,-2248.902784895177
48,-11.39,-40.74636153818304
49,-3.16,-12.255759408169876
50,-70.02,-526.6236493285038
51,-55.85,-222.19262720789197
52,-4001.81,-4076.172593862889
53,-5.6,-12.330872565932179
54,-3564.45,-2041.5119156657745
55,-5.0,-44.65199286353373
56,-9.01,-10.228897980886456
57,-1.98,-10.57253374731998
58,-12.07,-40.74636153818304
59,-3.76,-22.17523448740574
60,-15.64,-101.9798332267429
61,-3657.26,-2500.561983333421
62,-3.56,-37.65023310594377
63,-13.59,-600.8453783250334
64,-7.46,-49.239959488235115
65,-10.71,-187.78646594777126
66,-3.26,-22.17523448740574
67,-31.19,-242.92609273241447
68,-4.79,-17.857042829770805
69,-1.25,-33.39166504855126
70,-3.26,-13.009992467089246
71,-669.87,-755.0407616218091
72,-26.52,-79.21026729028948
73,-1691.56,-3112.3965588129263
74,-29.12,-715.6645438638631
