,target,predicted
0,-56.24,-49.34269626190395
1,-6.14,-10.794886118902575
2,-1.65,-4.22755694494359
3,-14.33,-9.777096791959556
4,-21.22,-7.024952696468054
5,-14.69,-11.313687970196971
6,-3.29,-6.924174458207167
7,-1.22,-4.101933837857738
8,-1.63,-6.924174458207167
9,-18.67,-15.354723438880551
10,-77.62,-62.45708358803162
11,-6.06,-12.221820001374653
12,-139.47,-53.88623585614354
13,-5.01,-8.884558976142628
14,-54.1,-55.596873386430474
15,-12.93,-30.50304098239736
16,-45.05,-39.341891877346875
17,-74.17,-26.771349009156424
18,-6.67,-13.99841474530946
19,-98.57,-14.044490275481936
20,-4.03,-8.648286017832103
21,-3.7,-7.233623178163146
22,-2.41,-7.510727820429363
23,-48.59,-18.437404966952116
24,-5.29,-8.884558976142628
25,-9.84,-12.529825552272246
26,-1.39,-5.30531910698293
27,-3.73,-6.4450675113710485
28,-1.32,-4.62792503904251
29,-4.3,-8.402886890153672
30,-93.27,-74.4896275668495
31,-4.09,-8.884558976142628
32,-8.82,-12.33273972132004
33,-0.87,-4.11403056796937
34,-17.87,-12.529825552272246
35,-2.11,-5.803896103347101
36,-5.17,-10.091445594134179
37,-2.76,-6.498400920758278
38,-7.91,-7.034218415896818
39,-28.09,-39.82371012017094
40,-6.95,-10.575444154655589
41,-73.38,-49.34269626190395
42,-10.78,-10.169939043248203
43,-8.59,-10.575444154655589
44,-6.7,-9.874614332347582
45,-0.26,-3.4222267244125826
46,-105.08,-76.20573561195323
47,-7.34,-9.188378658657227
48,-1.31,-4.697484976610737
49,-31.86,-37.81651021652632
50,-2.2,-5.30531910698293
51,-3.43,-6.505894697630186
52,-81.84,-36.74560041121709
53,-2.02,-5.803896103347101
54,-3.78,-8.55764062592722
55,-5.6,-7.034218415896818
56,-19.66,-32.9066798774549
57,-5.86,-5.857143332456767
58,-6.06,-5.851440596420972
59,-11.88,-12.33273972132004
60,-5.3,-12.221820001374653
61,-11.78,-9.188378658657227
62,-19.2,-814.7310709622293
63,-2.5,-6.339197516527709
64,-8.2,-9.874614332347582
65,-8.79,-12.33273972132004
66,-3.94,-6.093095695505449
67,-5.72,-7.724172476382917
68,-1.68,-12.292614554660574
69,-3.46,-7.830435797591367
70,-5.69,-11.446745526789124
71,-5.14,-8.874628576601463
72,-8.99,-6.4356758496823385
73,-9.42,-10.172186693264948
74,-124.31,-74.4896275668495
