,target,predicted
0,-1.78,-92.03747508680358
1,-73.45,-109.29652465934763
2,-16.87,-93.5854869786707
3,-22.07,-92.9302395583447
4,-67.87,-151.02881318108126
5,-347.97,-420.76943936479773
6,-2907.84,-2555.7970247889557
7,-3.77,-93.38769671364614
8,-1185.05,-378.3495971663655
9,-9.01,-98.14029763913722
10,-2448.32,-2555.7970247889557
11,-54.98,-319.34081125840555
12,-1713.76,-1650.0981909422912
13,-38.07,-160.45049772618827
14,-4.77,-98.43937953997653
15,-3.81,-109.88983294048305
16,-3.11,-93.68466584481322
17,-60.88,-113.11371351038211
18,-2741.44,-1754.6313885929578
19,-1175.43,-2345.939354707296
20,-0.86,-80.8429562036114
21,-2.66,-81.84724456984783
22,-2.43,-79.50778400460699
23,-18.39,-411.8859540254115
24,-3824.62,-3469.9091013601906
25,-2.85,-102.60325837568702
26,-41.53,-257.7979934282281
27,-1842.39,-1649.561658003897
28,-4.87,-84.09105852483056
29,-25.26,-105.92050422891883
30,-128.32,-273.0405020574742
31,-5.97,-80.1275621722793
32,-1906.69,-1658.6092248347254
33,-2084.19,-1650.0981909422912
34,-5.14,-82.61206081870911
35,-3555.34,-3341.922910045584
36,-39.92,-160.45049772618827
37,-3631.26,-3341.922910045584
38,-2128.42,-1526.325871636601
39,-1138.3,-378.3495971663655
40,-29.12,-121.96464180279426
41,-5.13,-98.43937953997653
42,-19.64,-131.5620706515868
43,-5.14,-84.09105852483056
44,-16.74,-90.89418973101957
45,-47.82,-257.7979934282281
46,-3971.85,-3603.689548221964
47,-20.06,-192.62719728858536
48,-97.9,-438.56214286684195
49,-3.16,-80.1275621722793
50,-1776.15,-1649.561658003897
51,-33.64,-2345.939354707296
52,-3800.03,-2568.946801398261
53,-3.14,-602.6316025444781
54,-19.87,-460.1263587915296
55,-1575.97,-157.27156490411966
56,-655.72,-675.2090687917744
57,-58.67,-121.96464180279426
58,-203.87,-346.28212829551245
59,-3105.59,-3369.317779170217
60,-1890.34,-113.11371351038211
61,-14.81,-1138.509372934486
62,-2.54,-102.60325837568702
63,-240.66,-293.5457768887479
64,-1841.16,-1668.2183374981057
65,-3.43,-88.3730908496871
66,-2.16,-85.70985353425347
67,-5.71,-85.77402195413667
68,-3.53,-81.84724456984783
69,-4.29,-109.88983294048305
70,-3564.45,-2009.4807898837198
71,-3976.99,-3469.9091013601906
72,-1531.16,-121.96463556175357
73,-8.68,-1627.9504710873007
74,-9.82,-1627.9504711877473
