{
    "rate.mg.per.L.per.h": {
        "all": [
            -0.011921635946148479,
            -0.02352286997732511,
            -0.5232617648845737,
            0.011865631994371628,
            0.2502464391327267
        ],
        "mean": -0.059318839936189784,
        "std": 0.252851250766169
    }
}