{
    "r2_high": 0.4659365226091998,
    "r2_low": 0.012800461790667628
}