{
    "Respiration_Rate_mg_DO_per_L_per_H": 0.6934734772773403,
    "Respiration_Rate_mg_DO_per_L_per_H_high": -1.1541625534752922,
    "Respiration_Rate_mg_DO_per_L_per_H_low": -0.6189890289041946
}