{
    "r2_high": 0.6012349942052633,
    "r2_low": 0.06868485209025277
}