{
    "r2_high": 0.36682706907634977,
    "r2_low": 0.037787170235841994
}