{
    "r2_high": -0.15965061285271265,
    "r2_low": 0.0754211654914192
}