{
    "r2_high": 0.19907030720930607,
    "r2_low": 0.023621669257686384
}