{
    "r2_high": 0.46887157865248696,
    "r2_low": 0.08762811482408639
}