{
    "r2_high": 0.6675651896874414,
    "r2_low": 0.08351942902589393
}