{
    "r2_high": 0.5148741046382157,
    "r2_low": -0.12839667081241934
}