{
    "r2_high": -0.5741242324415619,
    "r2_low": 0.02374123548239726
}