{
    "r2_high": 0.3772838024568701,
    "r2_low": 0.08521527096161474
}