{
    "r2_high": 0.7071541273799087,
    "r2_low": -0.479937654400713
}