{
    "r2_high": 0.5021498705741598,
    "r2_low": 0.04158969068892637
}