{
    "r2_high": 0.6157423007127188,
    "r2_low": -0.1796161974178736
}