{
    "r2_high": 0.4281016780285094,
    "r2_low": 0.06180616750724999
}