{
    "r2_high": -0.10005588669821508,
    "r2_low": 0.04432454174140277
}