{
    "r2_high": 0.6871148731358268,
    "r2_low": 0.03337461185082913
}