{
    "r2_high": -0.11299158499918383,
    "r2_low": -0.05573536801470702
}