{
    "Respiration_Rate_mg_DO_per_L_per_H": 0.6122564467494176,
    "Respiration_Rate_mg_DO_per_L_per_H_high": -6.129030846378683,
    "Respiration_Rate_mg_DO_per_L_per_H_low": 0.1193792957111014
}