{
    "r2_high": 0.49579992430869135,
    "r2_low": 0.019221658035423972
}