{
    "r2_high": 0.0001563843621381622,
    "r2_low": 0.05084178065693945
}