{
    "r2_high": -0.16549034637025684,
    "r2_low": -0.03415679402114957
}