{
    "r2_high": 0.4891500362620963,
    "r2_low": -0.02993609095630889
}