{
    "r2_high": 0.35122364876055057,
    "r2_low": 0.12460035599136632
}