{
    "r2_high": 0.5280284077060515,
    "r2_low": -0.14654873793011913
}