{
    "r2_high": 0.23076602685178826,
    "r2_low": 0.051976494661671646
}