{
    "r2_high": 0.12307208066741837,
    "r2_low": -0.029516992433560763
}