Sample_ID,Sample_Longitude,Sample_Latitude,Normalized_Respiration_Rate_mg_DO_per_H_per_L_sediment,mean.error,predict.error
300043,0.00215425132404,41.1354301927,-165.52054106671014,355.0774656943234,1643.2628814312973
300086,0.0929537798368,41.6807228018,-193.2061532144598,326.53262938105803,1637.3321131940497
300022,-0.122749631011,41.9274349592,-722.9356371155088,459.6793696967783,1668.9931137577569
300023,-0.131028213696,41.9189335585,-534.2210968274094,264.69345570973775,1626.1289974480956
300153,0.144292716085,41.1228657667,-255.82429313725763,267.8648807509601,1626.6482364622389
300243,0.15197278372,40.8773167223,-221.86006833848057,298.486570362931,1631.9703194399738
300040,0.155988967052,42.0066463438,-502.0844399797621,239.73811180955792,1622.2537573080228
300156,0.164458586753,41.8933299794,-769.8478794040984,514.0731779256691,1684.7860763635786
300088,0.168800847112,41.9388674072,-709.5616802306272,444.4183158158913,1664.8545072403833
300012,-0.173455555206,40.9438135929,-251.2387391371376,271.80036976452084,1627.3009346307508
300145,0.20188731385,41.6397877024,-721.0845558548399,457.55979740653356,1668.4105786792088
300087,-0.206099109907,41.8023187669,-787.7765096521177,535.1553595960424,1691.3379762041516
300152,-0.211163696326,40.9177701687,-110.13038048885802,415.25777143646474,1657.3086337747611
300101,0.234624198559,42.1529567829,-123.34282391360198,400.6003831430835,1653.6969365093385
300064,0.243970624332,41.210952793,-243.68202613234078,278.4306393830504,1628.421478547013
300046,-0.269155186124,40.8132822771,-113.59577177467902,411.3976087968591,1656.3456412747187
300021,0.276215703,41.369104296,-122.15223139443336,401.91433377317475,1654.015726206471
300146,-0.280984065103,42.2299979563,-527.331413726338,259.0036650461458,1625.2125366712262
300085,0.29385672446,41.5812781006,-769.9460355216729,514.1882034252991,1684.8211772730428
300135,-0.326989446909,42.7815326509,-86.58129934222126,441.75922920931725,1664.14666043519
300160,0.343430427561,41.4757787139,-649.1145409998969,377.29835290420215,1648.2071890239436
300013,0.343444636563,41.52627697,-656.8490094982118,385.68462506422145,1650.1471209734345
300147,-0.348060849653,42.1437312781,-300.8837796450303,233.4419839866431,1621.3352678374715
300010,0.348226716958,42.2094408306,-284.613560541451,244.88683263781402,1623.022628198808
300047,-0.35624070233,41.3268235755,-190.5471152821941,329.21838194092186,1637.8698464327938
300082,-0.397633200755,42.0980471594,-333.7729871090065,214.57074420259102,1618.7258863419834
300136,-0.401895620107,42.5981241067,-76.30641663814596,453.4559740587567,1667.2897802288483
300019,0.42257930911,41.4559237712,-656.5252741237771,385.3322391000723,1650.0647942841097
300011,-0.448247656942,41.1773949232,-182.31289365600438,337.6143900511271,1639.5781064699481
300144,0.464663766592,41.9432695395,-354.27107549699633,206.2498092637972,1617.643927033183
300076,0.477312372639,41.248146714,-145.45862584086152,376.4652396481642,1648.016676951218
300113,0.494039085023,40.9225655421,-104.48228857103503,421.5721453999337,1658.9020358728505
300111,-0.498265448081,41.4391651338,-231.69157255896786,289.2937596655292,1630.314009701015
300155,-0.498271735081,42.4025079835,-382.03577828114334,199.90122533156773,1616.8467431191639
300083,0.513814205659,41.5395944221,-686.201440718452,418.0833941216322,1658.018882668786
300020,0.518770311069,40.8149286152,-150.57029039046915,370.9664469439982,1646.7692599767095
300112,0.523215611437,40.981515866,-92.27481388029489,435.3111837027914,1662.4466059103104
300051,0.528682410889,41.235617296,-150.64496530228448,370.8863557461951,1646.7512197428846
300157,0.53147795512,40.7732811277,-188.25405465538273,331.5446712378948,1638.3390247052741
300126,-0.547902122188,42.6333827096,-152.60377907437703,368.78797713284183,1646.2798859622014
300162,0.551863990807,41.223708827,-198.85037950531958,320.87515715854335,1636.2132371202433
300014,-0.552115636536,42.5811851193,-88.26188918128064,439.85336954595846,1663.6417515639955
300059,0.573149736568,41.1899195902,-147.65989721867993,374.0933342818694,1647.476468299354
300042,0.576806259871,41.8780226341,-100.94538402626866,425.54023273873804,1659.914871469415
300143,0.610354253647,41.7817638202,-387.31708202390325,199.3788774726117,1616.7822449631935
300018,0.631227983374,41.6149365674,-721.7054541777372,458.27050078083727,1668.605628281262
300052,-0.648280148493,42.4061675578,-85.36261102903728,443.14258557981407,1664.5144162789181
300077,-0.68933734489,41.5685435535,-183.89287008813972,335.9943649144751,1639.2452849101828
300049,-0.693616038244,40.9894170896,-98.61679939980766,428.15838198031963,1660.5879955323026
300242,0.724716805109,42.7403664075,-70.12027169551446,460.5334806904143,1669.2285576525505
300073,0.727088136305,41.6972472602,-715.248943801384,450.89288492779457,1666.594517129015
300241,-0.75253902912,42.1846956765,-192.20692078205448,327.5403942158716,1637.533389182973
300075,-0.776665461116,41.8768378421,-631.7500216724737,358.73763136852045,1644.0576568374606
300097,-0.777174265158,41.9375237311,-731.173984201865,469.1395962322423,1671.6234179978865
300098,-0.789325116163,41.8190158943,-234.94449769378343,286.30724009136617,1629.7867119886332
300041,0.810744995227,41.8025211859,-594.8287938784742,320.7534445715668,1636.1893726126298
300036,-0.839474585313,41.6731914002,-250.0856256092256,272.80067124962017,1627.4683090863025
300062,0.885146125383,41.9107119519,-87.18873042986382,441.07013348890644,1663.9638678474685
300080,-0.885270192102,41.6499643553,-352.4428810612658,206.87231671432184,1617.7234146382184
300159,-0.914512004521,41.6144976853,-366.11211869130557,202.8170416144007,1617.2098327722358
300009,-0.914526750522,41.6694686299,-206.19666317108758,313.60454767233074,1634.8029554557188
300134,-0.93141728692,42.2069805554,-123.91181734496986,399.9729331814195,1653.5450517369443
300096,-0.947740310271,41.5774309223,-360.7436617239771,204.24316755407324,1617.3893045085053
300008,-0.956457198992,41.7102368563,-176.1705182245581,343.9513480092132,1640.8947012661538
300054,0.977183815998,42.2531089052,-85.83607436995604,442.6050180522629,1664.3713806873243
300063,-0.9940287921,42.6063891984,-414.6967829730091,200.28765396690153,1616.8945652631623
102171,-100.017947584,37.7479231284,-170.24651746426903,350.1192556995447,1642.198643300374
102323,-100.180657326,33.0102132144,-93.59861871419483,433.8155038534851,1662.0555893921355
301459,10.0187117201,48.4105934837,-342.7266770974426,210.5804182415312,1618.2017808026178
102224,-100.194220496,34.5683416663,-170.91933295155815,349.4160528691761,1642.0488631123803
102225,-100.222925096,34.9562559834,-207.20399857648454,312.61614565838306,1634.6136379500474
102324,-100.235424988,33.3354223653,-190.5016177926672,329.26444772473013,1637.8791064609918
101951,-100.368759484,44.3770907509,-142.96469790171204,379.1595011943596,1648.634228139141
102194,-100.369857014,35.9354228095,-195.5028750257061,324.2232784374183,1636.8731243217028
102010,-100.37252051,41.0189846951,-256.7750080818304,267.05760192604515,1626.5154944212723
102197,-100.519232917,36.8227629849,-196.34940577048133,323.37457881593593,1636.7052297436974
104043,-100.623046957,41.0851394965,-291.90536703531814,239.6045793634503,1622.2340291394214
313265,10.0688057842,50.9562196233,-333.0790952132866,214.9020521207058,1618.7698362805245
101965,-100.756678008,41.1563933674,-217.5250796105104,302.6151362123672,1632.7304773019994
102008,-100.761028311,41.1187569343,-211.4687410467128,308.4553436672197,1633.8229983333104
102334,-100.764591705,32.0562554455,-115.03680974712334,409.7956406274129,1655.9484768323007
101945,-100.818759801,45.6562575488,-171.6514291773603,348.6516632078758,1641.8863764291375
101946,-100.843487998,45.260129149,-189.74140261071642,330.03470612556566,1638.034126046638
301375,10.089530472,47.9390890206,-585.833428583663,311.8680754160165,1634.4707361435615
101944,-100.935426618,46.3770909634,-205.22449516086948,314.5604392415388,1634.9865934562933
101623,-100.960427116,48.9967674342,-218.79290368389928,301.40311447236667,1632.5062720429676
101943,-100.973297864,46.8354673043,-166.87941652610868,353.64848658407664,1642.954698982657
102391,-101.001758837,29.6766518496,-148.30477103982838,373.39958871598157,1647.3190776832669
102333,-101.013093652,32.1979221272,-112.28727331040493,412.8538892259402,1656.7079479180904
301380,10.101711937,49.03075569,-586.8584108006256,312.8721740490297,1634.662622115081
301397,10.102317215,48.8690742826,-547.4685938111517,276.0850456865232,1628.0220647453507
102029,-101.03089702,42.3983641352,-188.2558142813482,331.54288254963603,1638.3386627359152
300239,-1.01065689748,42.6397117372,-101.71630402399241,424.67443490716437,1659.6931241978755
102223,-101.418754189,34.8389546627,-175.7274042612671,344.41083313811475,1640.9910764013546
101941,-101.431260283,47.5022316915,-158.70407130222318,362.28477622117333,1644.8352956839208
102390,-101.443953398,29.802283315,-93.9285366393579,433.4429645275423,1661.9583912795197
102196,-101.489320042,36.7189463133,-313.88924443527793,225.2426423079718,1620.1750333713521
101950,-101.493759808,44.6020906935,-163.49423685552725,357.21319707374613,1643.7256945760846
101942,-101.62129171,47.2854243476,-202.53656587971653,317.2134222082379,1635.4990816490995
102384,-101.756258492,29.7770883199,-130.84173681789676,392.35749674186553,1651.7194967958478
304008,10.1965314968,51.1228334521,-419.35589065829595,201.04244682869074,1616.9882362815297
102170,-102.01048068,38.0308437008,-176.13513080194477,343.988031520394,1640.9023909651848
102007,-102.252092838,40.9812568119,-370.2783277400017,201.86233596288355,1617.0903788985875
101949,-102.564645499,44.3687572462,-151.7330942476393,369.7200987274014,1646.4889438587143
101964,-102.635426329,41.4937568574,-175.66716276627815,344.4733240666067,1641.0041931206276
101939,-102.768997299,47.7894401763,-659.7797085370734,388.87996962520515,1650.8968840062926
301340,10.2774166655,48.5773252515,-598.2548290000448,324.1795683941601,1636.8644670253577
102193,-103.043704761,35.3938102936,-117.02536536957962,407.5881844573121,1655.4035818963284
101940,-103.251991799,47.5895909077,-131.91681024701327,391.18055970363656,1651.4403171583392
102005,-103.527093074,40.3562566352,-218.60836802022231,301.5792954826966,1632.5388088219604
101947,-103.827093639,44.0145904349,-125.99804515591221,397.67515376012597,1652.99074975153
102003,-103.918558176,40.3189248751,-198.90806723543633,320.8176470530341,1636.2019598773957
301489,10.3980964645,48.8399104622,-362.92364310740334,203.6376962282375,1617.312957399133
102389,-104.001812299,30.6143737422,-218.4255175831136,301.7539459002531,1632.5710810596759
102388,-104.039592477,32.0770886432,-152.27018698246212,369.1449941009833,1646.359899145931
313460,10.4145713649,53.8145929048,-313.74557611067746,225.3282252069873,1620.1869336347938
313268,10.4146886429,50.5766381389,-384.0755784256045,199.67289816528506,1616.8185294298523
101938,-104.156261024,47.677090838,-176.3915471083949,343.72226836683404,1640.846698694679
102192,-104.377082418,35.6562662694,-98.47237564172204,428.32091153667193,1660.6299088314622
102387,-104.385426059,34.6020890471,-97.78045282481033,429.0998130163846,1660.8309788707224
101912,-104.472927859,48.1229241899,-170.97011630758433,349.3630034107609,1642.0375753916758
102001,-104.564593328,40.4145899051,-204.91960155742547,314.8606291545639,1635.0443745163595
102000,-104.589593337,40.4437565735,-359.0628025606427,204.73439069239572,1617.4514093406865
103917,-104.594136472,40.4766050332,-440.9761564185668,206.74016106392082,1617.7065200594086
101998,-104.63920595,40.4152104071,-232.36344526175756,288.6745916097482,1630.2042542844256
103928,-104.648541277,40.5526015865,-417.70150619978466,200.7547580643679,1616.9524927255804
103929,-104.656277006,40.5522029004,-433.75957033972554,204.4457418365131,1617.414897977964
102386,-104.7605826,35.060083714,-136.7525728413037,385.90204286991985,1650.1979510159267
103894,-104.781201916,40.3398099909,-219.1796479109318,301.0341379341481,1632.4381896561172
101993,-104.784979359,40.3479443965,-278.28010851294096,249.6633796503933,1623.7501944524722
103623,-104.852180655,39.6018993478,-394.994861771442,199.02122891197425,1616.738179299177
101971,-104.864617579,39.6563259203,-136.58440097818294,386.08518147410666,1650.240787945771
101981,-104.868760009,39.9229231494,-186.06152856752112,333.77760370101834,1638.7923540151082
101999,-104.868760126,40.8979232831,-192.82386690973675,326.9179642591669,1637.4090039453622
101989,-104.881260051,40.2577383991,-504.78401844966254,241.66806426295045,1622.5400901458759
103699,-104.947883704,39.8106580281,-193.57016527256403,326.1659640388946,1637.2590286644954
103704,-104.948201056,39.8225577451,-206.4815042702255,313.32484602068655,1634.7493232847269
101980,-104.958878425,39.8283258586,-613.8770036859157,340.07142393597115,1640.0858100184346
101948,-104.968760626,44.293757044,-198.71352188207987,321.0116191580941,1636.2400039360016
101973,-105.002093351,39.7395897812,-161.43745542197198,359.38694431409687,1644.199460707067
101974,-105.002093353,39.7562564506,-175.59282954370653,344.55044073884125,1641.0203828896567
103926,-105.010486451,40.5607716882,-305.09231505766286,230.69099982282907,1620.9414635468
102169,-105.01556621,38.3895895885,-151.50861857564598,369.9605696048788,1646.5429584157077
103669,-105.017770119,39.7397155792,-182.93660968117285,336.9743652110638,1639.4464351284507
101968,-105.018625731,39.6188952852,-151.59623672363253,369.8667005697972,1646.5218695894607
101997,-105.018908236,40.5563823418,-202.9296850830226,316.82450127883084,1635.4236929482724
101996,-105.027026468,40.5689408458,-206.1722998981671,313.62847917240276,1634.8075464084388
101992,-105.029870927,40.3854036056,-623.3620247715659,349.91775484766004,1642.1556948120397
103702,-105.031461259,39.8229480471,-254.10610247032707,269.3314577925143,1626.8903850605998
103667,-105.034732247,39.7358397789,-368.62249653256833,202.2257164943496,1617.1357800931987
103644,-105.036121131,39.6852842157,-403.3622872281697,199.17586531063165,1616.7572223955656
103821,-105.03976113,40.1564567137,-425.57074631966486,202.3148458058099,1617.1469282905043
103933,-105.043895871,40.5648744845,-499.48888818886917,237.91442402228745,1621.9852539415524
101967,-105.052069125,39.5601887464,-152.5244994758413,368.8728109122899,1646.2988919015645
101991,-105.060300871,40.3810015823,-626.75827358519,353.4766476506043,1642.9177189623026
103716,-105.063756705,39.8854549663,-84.49618597360615,444.1267458244279,1664.776698900661
103619,-105.064518601,39.5981323605,-262.78468474596616,262.0260051116284,1625.696933072319
101995,-105.069710289,40.5891556375,-221.46082807225685,298.8649378494885,1632.0395650601624
103923,-105.072645848,40.5142164663,-376.73911449275045,200.6493706705049,1616.9394116034327
103640,-105.094572811,39.665014459,-296.1535237519513,236.64015870084773,1621.7988332576726
103688,-105.122561414,39.7770682913,-147.7465681154581,374.0000654132154,1647.4552921931065
103810,-105.122820558,40.135484434,-489.8736258252867,231.44320973770772,1621.0486884050329
103683,-105.130843384,39.7647286653,-162.41149224365645,358.35678236405744,1643.974596614043
103700,-105.1313219,39.8234787672,-251.7485171415919,271.3594957660819,1627.227355592453
103725,-105.148898964,39.9316731311,-300.82607177789146,233.48033210776475,1621.3407896944855
103813,-105.151398989,40.1486176051,-380.3364309261646,200.1168903129722,1616.8734213396297
103800,-105.160332804,40.1021619892,-191.10705858578723,328.65174893802356,1637.756044997547
103737,-105.167787859,39.9519509108,-135.9202604618588,386.8087350948968,1650.410218215974
101911,-105.172928047,48.172924131,-283.51979894831436,245.69951858539017,1623.1454476660674
103773,-105.211131312,40.0356614907,-284.58454260353915,244.90832646084274,1623.0258713944877
101994,-105.222926846,40.6645898927,-92.21054843291057,435.38382769962936,1662.465629199102
103751,-105.231100203,40.002536768,-102.9949053830414,423.2395707628322,1659.3265577051109
101979,-105.235197562,39.7520897672,-88.96494458637412,439.056703405568,1663.4312969435648
103988,-105.247612894,40.7019953428,-5.954616593347126,535.2381149720778,1691.3641626110116
101986,-105.259998817,40.2180474378,-163.8179890525975,356.87157168564255,1643.651486636801
101935,-105.314594412,46.4479239323,-160.67820743788724,360.19084843558136,1644.3753641254568
101934,-105.352094156,44.9312570888,-187.63927521333062,332.1699365241999,1638.465671772368
103804,-105.364703751,40.1102451549,-100.01653557380259,426.5840504896938,1660.1827739674266
103670,-105.3977815,39.7479841249,-93.72244974434687,433.6756653439127,1662.0190954250406
101978,-105.435147311,39.7483204449,-94.64519451902308,432.6340180285506,1661.7475994872127
101977,-105.497868426,39.7441539326,-86.96863288975074,441.31978981053885,1664.0300621456342
101990,-105.513034654,40.377353138,-144.90228918220623,377.0656254204653,1648.1539299227218
101985,-105.528343115,40.2188801729,-97.11025408648501,429.8546291668229,1661.026156645985
103902,-105.585496873,40.3565654343,-80.15125906749621,449.070282740961,1666.1023407003042
102383,-105.606259441,31.0812550748,-139.26477602027353,383.1700345835237,1649.5612041536149
101976,-105.626122503,39.7658273164,-78.588248079936,450.8519178611909,1666.5834340605631
102365,-105.652402359,36.6852170405,-191.1264760732067,328.632109587498,1637.7521040431957
102385,-105.656259776,35.7770891624,-84.42772180687028,444.20453674259693,1664.7974535386252
102366,-105.668628824,36.377178688,-196.6565535394081,323.06697872202676,1636.6444829548548
102362,-105.735174166,37.3226702872,-306.29358329455505,229.9225589744175,1620.8322781741883
102398,-105.751500431,39.8442153079,-83.34759240720257,445.4322618113956,1665.1254579485596
102364,-105.752093248,37.0812560193,-128.39528012252921,395.0403009923039,1652.3588382231248
102367,-105.756259845,36.3187559052,-100.91821922024609,425.570749758936,1659.9226951567257
102399,-105.786129271,39.9277710858,-142.02538947515575,380.1761636895739,1648.8683411005584
101932,-105.802170063,46.3438327617,-174.99866726134286,345.16716187497394,1641.1499811055692
103386,-105.818872414,37.3645397477,-725.5454604957409,462.6715628271117,1669.8197105959873
102400,-105.826648719,39.9897739309,-268.4646012022715,257.38845138182165,1624.9559088635967
103648,-105.827082693,39.6934534954,-78.96719464681284,450.41980925937827,1666.4665899498978
103620,-105.857243467,39.5991598966,-75.06485438398127,454.87436591110225,1667.6761015284153
102397,-105.860426954,40.3270898018,-87.85975817026979,440.3092108499555,1663.7623303841497
103621,-105.885939218,39.6020229008,-74.06675822065984,456.0153761455048,1667.9876840453924
102368,-105.910624507,36.2106890972,-173.30222288533156,346.93102842537803,1641.5218637990406
103593,-105.959948295,39.4772865635,-85.27142677332607,443.2461345969202,1664.541987058631
103796,-105.96881836,40.0977422438,-174.93749068945573,345.230692400796,1641.1633440402934
103599,-105.977248717,39.4855489202,-85.33316383892577,443.1760251978476,1664.5233191986674
103622,-105.996703881,39.6016660728,-97.34467553842177,429.5905690840572,1660.9578404920303
103598,-106.02275523,39.4812748468,-84.9088435061546,443.65794524480236,1664.651694266649
102403,-106.031202606,39.4564508488,-119.70916083906855,404.6148911501242,1654.6740165320816
102401,-106.031256526,39.797900568,-82.44256340783724,446.4616101792504,1665.4011109068695
103607,-106.035405744,39.5392478556,-97.96147153191198,428.89600169445333,1660.7783329257022
102404,-106.039593563,39.4895896755,-84.39793616862102,444.2383810932962,1664.806484274487
103587,-106.043522392,39.4272436494,-84.65002418250265,443.95196299961225,1664.7300791110836
103601,-106.04367156,39.4938251609,-118.65256486222815,405.7846391282638,1654.9604418832616
103594,-106.04784479,39.4804884848,-118.57283982666421,405.87294548668604,1654.982096194404
103604,-106.047945675,39.5149741126,-130.61371779760304,392.6072783668504,1651.778848960299
102405,-106.051678542,39.5686101231,-127.16917983350216,396.38719676638016,1652.6813669326264
102407,-106.064651566,39.6228890346,-181.2236974630284,338.7336148700165,1639.8089378610225
102406,-106.110586747,39.5775830478,-95.58557433327599,431.5731553465296,1661.4717208733182
102369,-106.110671147,36.0731670909,-43.82553609843886,490.8835856391373,1677.8556509711798
103660,-106.114383034,39.7151136752,-96.82011482617419,430.18151291399033,1661.1107804414955
102370,-106.139593227,35.881255817,-138.48111357970367,384.02150051446307,1649.7591956717094
102402,-106.180969095,40.0020890899,-178.41976528022713,341.6237872173061,1640.4083951378327
102408,-106.222813576,39.8319364219,-100.62979182584228,425.89480766093794,1660.0058066279566
102372,-106.228139533,35.5479224284,-144.34379261797451,377.66871358710085,1648.292009344376
103617,-106.239604361,39.5896129278,-92.06578127926244,435.54748046509263,1662.5084957934728
102371,-106.268561237,35.7768904503,-164.58886852860743,356.0587293604956,1643.4751928763014
102411,-106.277472953,39.6271603119,-76.00293012056284,453.80258738423987,1667.3840826763987
102361,-106.289593475,38.1645894749,-110.95406829179363,414.33926730098193,1657.078730559746
102373,-106.323193072,35.6186039192,-185.4158030761023,334.4368133021212,1638.92674422552
101908,-106.356261647,48.0437573413,-159.32192636594579,361.62886138591745,1644.6909509793202
101910,-106.364594999,48.1312573485,-203.1604659190769,316.59632978182754,1635.3795054596071
102168,-106.38973204,39.1727845093,-87.17753369704643,441.0828330553923,1663.9672341912735
313461,10.6396724195,53.8484403236,-567.6078454953554,294.40474535576726,1631.2286917946176
102409,-106.402277819,39.5524428757,-103.75857809606843,422.38322376046574,1659.1083384035742
102410,-106.410839686,39.5689632761,-80.39841507130932,448.7887136010356,1666.026470468479
102423,-106.423086416,38.3977789502,-128.02173376280732,395.4504846659528,1652.4569515326332
102412,-106.443760335,39.6104229975,-91.15715590975798,436.5750104305439,1662.7779859555558
102360,-106.468760133,37.6812560609,-303.1083755731041,231.97653645081238,1621.124919403098
102375,-106.535254648,35.3897254313,-92.20010164593819,435.3956367795145,1662.4687219230996
102382,-106.539593022,31.8020884895,-82.97081359504536,445.86072507220854,1665.2401259301619
102381,-106.635519043,31.9395562678,-192.41861741290722,327.3267375948761,1637.4906668407277
102376,-106.677093267,34.9229223097,-174.2292291845694,345.96662922220753,1641.3183114135302
101928,-106.693761379,46.2645904571,-142.6022147905129,379.55171333160735,1648.724474840761
101963,-106.693852795,42.5728313426,-122.71760845646334,401.29020261364303,1653.8641774824448
102415,-106.797191856,39.2065397291,-96.24582413575938,430.82873356569564,1661.2785102179002
103487,-106.799392104,38.5227774585,-150.40725870407553,371.1413278432872,1646.8086640770578
102414,-106.801636462,39.1767848046,-90.95779295992119,436.8005474938227,1662.8372166682127
101961,-106.823038182,41.0230340804,-131.72280108856992,391.3928602883321,1651.4906181782164
101909,-106.838393982,48.9690056739,-214.64618842516285,305.3810242881134,1633.245376800817
102422,-106.848105372,38.6685314106,-150.63943653593077,370.8922852828396,1646.752555221431
102377,-106.856563874,34.4102225793,-194.96458914378945,324.76364367617145,1636.9802427334937
102421,-106.872927007,38.7839384291,-108.0328236890411,417.5995098680874,1657.8969333128196
103558,-106.880648376,39.2603857586,-140.0771256017548,382.2881366744683,1649.3565746338847
103518,-106.902363189,38.818996157,-176.9745829560637,343.11836566269085,1640.7203002648016
103514,-106.906152253,38.8146299287,-141.01112847157594,381.275104414162,1649.1220682811856
102424,-106.93112887,38.5227943605,-153.46551708383464,367.8663856631283,1646.0736825995482
101930,-106.985456957,44.8874970072,-179.05397495553828,340.96895574087114,1640.2721480367231
103522,-106.993196996,38.8898840319,-92.07545999765064,435.5365386022887,1662.5056292547245
102379,-106.994209658,33.6813115459,-815.9375135293138,568.5352389455852,1702.1942335611702
103485,-106.995908529,38.5226299555,-160.8412288530772,360.01817199878593,1644.337548989055
103526,-107.035261467,38.9109377127,-79.70565505758682,449.5780400656188,1666.2392700195337
303001,10.7055308849,53.3687859089,-212.59456804020087,307.3635050352278,1633.6172180390136
102420,-107.055891045,38.8563877661,-95.38321251364823,431.80138481525586,1661.5310189022525
101962,-107.056196326,41.8729876817,-147.8432801645394,373.8960018361221,1647.4316711278263
102413,-107.077637674,39.6437562913,-95.28720715327205,431.90967379963183,1661.5591645101567
102416,-107.081363102,39.3770594352,-134.75462441543993,388.0798244468417,1650.7085875431428
102380,-107.206259919,33.1479220078,-121.82631346651705,402.2742643649352,1654.1032236883937
103595,-107.285694622,39.4778129316,-125.28246430070094,398.46280231481427,1653.1804183677473
103436,-107.301732227,37.948614783,-88.80352623197211,439.2395813960028,1663.4795762830759
101929,-107.306261271,44.8479235799,-136.00089621192657,386.7208597223861,1650.3896249644831
103446,-107.318513604,38.0271380195,-82.87373760797004,445.9711340220868,1665.269690838974
102417,-107.331383769,39.543450231,-90.94294606530514,436.81734483993625,1662.8416291394067
101927,-107.464594873,46.1479237084,-198.39325416819509,321.3311025302843,1636.3027129169325
102442,-107.544200226,37.476649424,-82.67558040200932,446.1965283455519,1665.3300672099838
102425,-107.647927151,38.5312561032,-80.38878741821269,448.7996809661398,1666.0294248545833
103438,-107.664749535,37.9567125117,-75.51691018195856,454.35780422445674,1667.5352785190648
103445,-107.673035471,38.0230633522,-68.75037593092753,462.1041956138353,1669.6625941937775
103443,-107.697871499,37.9980323731,-74.53365369070195,455.4815435026791,1667.8418172349466
103450,-107.697995785,38.0772523957,-92.51181565163783,435.04331073836755,1662.3764835512397
300045,-1.07723877899,41.4260490298,-339.65278061563265,211.88992866083683,1618.3727113103087
102427,-107.743760468,38.1812560493,-142.11827951556893,380.0755780529858,1648.845152183278
101907,-107.889595135,46.9937570914,-194.4951302134123,325.23535795509565,1637.0738923182928
102395,-107.972913447,32.8523015884,-135.65758623673625,387.09504249664275,1650.4773439134094
102426,-107.997850935,38.7857116103,-276.75168506849934,250.84114892715604,1623.9317020247743
101925,-108.008633982,45.4770902549,-182.39325905336833,337.5318869017602,1639.561119788295
102438,-108.027182994,40.5021785323,-136.05906020475214,386.65747812633646,1650.3747744791194
102428,-108.047746462,38.6477419689,-681.4276525281155,412.7577457214534,1656.6839914416512
300164,-1.08156701634,41.4681081502,-311.3413151229718,226.7774623972819,1620.3891224941422
101921,-108.177094573,43.4270900113,-85.34636910050513,443.16102949799665,1664.5193266861486
101922,-108.181261459,44.7604234956,-123.64824773293624,400.2635409285048,1653.615370345417
102443,-108.202093756,36.7229224856,-154.14629210088805,367.1390006252218,1645.911278479515
104185,-108.205955979,44.8601765109,-173.02770189690875,347.21687599345125,1641.582300654048
102419,-108.26554118,39.2395894888,-108.05729428401222,417.57216818426525,1657.8900465616211
102418,-108.317874301,39.3770895032,-164.02152016251802,356.65687985521123,1643.6048858512315
101920,-108.406261227,43.0020899432,-169.1011192128751,351.31793510006077,1642.454621098847
102439,-108.422927558,40.5476230751,-109.95438685645914,415.4541027689621,1657.3578377506617
101924,-108.451907037,44.8516428752,-299.57834510600185,234.3135528180559,1621.4609868511193
102429,-108.460427378,38.9812561085,-158.32841471036977,362.68382442900094,1644.9232344849509
101918,-108.468897368,45.7977879225,-155.45109292650767,365.7465427280165,1645.60123491795
102456,-108.648113093,33.1647748042,-107.4574145891446,418.24258201569336,1658.0590303897927
102457,-108.672926872,32.727088539,-104.21795654934965,421.8683364490382,1658.9773308108415
101906,-108.688797062,47.6312570792,-106.5296497696357,419.2800529389596,1658.3210345522614
102444,-108.731260543,36.7979224628,-147.34602466391604,374.43117768661693,1647.5532154287985
102430,-108.802621135,39.2113753135,-311.774025033733,226.51427657227438,1620.3523099428241
101917,-108.843761733,45.4645901789,-296.30374722242664,236.5369066874441,1621.7837707509746
410207,-1.08887625195,9.68960497987,-337.9531416070538,212.6413464525837,1618.4712642080344
102431,-109.027094185,39.1291717377,-111.80901376143899,413.38655274581845,1656.8407687032136
102432,-109.102094196,39.0895894124,-122.79982493058755,401.1994685054513,1653.842164287464
104156,-109.164365688,43.931357568,-83.94127832147157,444.7573459561007,1664.9450404226259
102433,-109.19376085,38.7979227003,-92.15309511145179,435.44877415607584,1662.482639235675
102434,-109.293054528,38.8145893627,-102.620246995603,423.65987533656136,1659.4338133279603
102437,-109.422414775,40.909825292,-89.1606096906069,438.8350521645566,1663.3728066354379
102436,-109.452252557,41.5146985531,-121.11444310526053,403.0607878357455,1654.2946803809643
102483,-109.585624156,31.3522273962,-258.41995351212074,265.668018607713,1626.2879163779498
102440,-109.63542776,40.0645894971,-180.78023688195896,339.18986189026555,1639.9032450895152
313267,10.9737393611,51.3488383458,-339.2123828027874,212.08277414476922,1618.3979714319116
313410,10.9855953501,52.5775859444,-577.6697617118916,303.951650059341,1632.9787189120934
313273,10.9859513801,51.1519125025,-307.60277661249364,229.09373093933468,1620.7149127473622
102445,-109.864594151,37.1479224398,-154.82632768492306,366.41300376677333,1645.7494888880794
101923,-109.972926084,44.5144389543,-82.21095052597798,446.7251333630108,1665.4717756912562
101913,-109.997928576,45.0020900276,-81.98665917656692,446.98036298328884,1665.5402534128852
103325,-110.106135376,31.4397651895,-205.83810671377302,313.95687380899045,1634.870578809803
103326,-110.134686082,31.5492367015,-181.74491893109538,338.19777874874734,1639.6983345715064
102441,-110.147927741,38.9854226588,-175.4865857809069,344.66067786042663,1641.043531936065
102435,-110.164695335,42.1936558663,-134.23474834942772,388.64721331070064,1650.8420721741247
102459,-110.17263302,31.626794209,-481.9713342153029,226.48034554069116,1620.3475669627849
102458,-110.218760559,33.1895885333,-222.13170177703518,298.2293573506554,1631.9232948983142
101905,-110.260429226,48.0062569622,-168.1986613551643,352.26373735830475,1642.6571862393037
313274,11.0351759752,51.1477028041,-300.3398744042196,233.80408448968677,1621.3874431393767
101915,-110.564595475,45.5979233699,-90.8563975009856,436.9152667433505,1662.8673552509829
101903,-110.66453046,47.8185388237,-161.3547590198393,359.47446615350947,1644.2185933331177
102810,-110.668761901,44.1020898752,-182.68244882153516,337.23509351864396,1639.5000454853648
102812,-110.702095134,43.4520898024,-90.77748806992639,437.0045506627583,1662.8908166641445
102811,-110.714571703,43.6520167099,-335.5320237973722,213.74487166516437,1618.6166195270403
110137,-110.722233144,50.0437570918,-181.25682983053713,338.6995401652803,1639.801899423878
102460,-110.723195803,32.8518326743,-330.87487563759316,215.97500374381872,1618.912626761595
102461,-110.772580003,32.9773319307,-182.9529855333874,336.95756991188136,1639.4429830789804
101914,-110.793762104,45.1145899679,-82.24135484961828,446.69053790871885,1665.4624965766016
102484,-110.852332001,40.9648982986,-205.17582292432,314.6083477947382,1634.9958114160784
102814,-110.888257694,43.1978825264,-67.10901093953656,463.98777667586916,1670.184884301915
102466,-110.9229274,33.6187552268,-112.7676619036815,412.31906379691355,1656.5747496615868
102485,-110.960481774,41.2768199074,-181.63648907753065,338.3092119536913,1639.7213219747775
102488,-110.972849004,41.9357739169,-269.18916708199794,256.8054268399673,1624.863661388377
102489,-110.973254666,42.1266084277,-95.60786281991294,431.5480197429902,1661.4651919887103
102462,-110.97709404,33.102088483,-88.48628597670383,439.5990541981199,1663.5745307313005
104052,-111.006172182,41.3186141609,-184.87801271390222,334.98637828772354,1639.03897588932
102487,-111.014758272,41.5061974594,-179.3412339753064,340.6725696355206,1640.2105628693084
102486,-111.018441467,41.4345554935,-203.59318169675322,316.16879610066496,1635.2967921676263
102463,-111.039593956,31.6145882639,-182.495531929858,337.42690906319217,1639.5395115110598
102815,-111.039595147,43.0770897334,-174.39041369774787,345.7990781349542,1641.2830021921782
102490,-111.056261684,42.1979229706,-135.1211921291867,387.6799329245195,1650.61461923683
104111,-111.072754133,42.2106694917,-766.0033672547589,509.5715366844772,1683.4179640971415
104085,-111.076612517,41.7768510398,-269.9714568077131,256.1781812726632,1624.764644927429
101904,-111.085691962,48.3019899167,-164.48532169779097,356.1678639302499,1643.498840322871
102464,-111.093760679,32.35208837,-238.52019952410672,283.0576929555822,1629.2189995170452
104073,-111.139178292,41.6691729049,-697.5074620123298,430.7746465894735,1661.2644843583068
102491,-111.168646429,42.1942116953,-135.09309343131105,387.710580793934,1650.621817772186
102818,-111.241400907,44.0686175994,-679.9402056316725,411.10254580472525,1656.27237917352
102502,-111.247783032,40.7350473446,-91.39162937554865,436.3097923404494,1662.708370622507
103962,-111.260322145,40.6396954757,-118.21609174344664,406.26816711471486,1655.079065923056
110162,-111.306263056,49.1479236237,-192.86888934934123,326.87256886552564,1637.3999411025802
102492,-111.318284719,42.1221644823,-809.9092712291384,561.3648373218261,1699.8127459892003
102493,-111.347811257,42.214720134,-716.3154820480329,452.1096105272208,1666.924110683225
102494,-111.356261778,42.4020896345,-245.09281828568015,277.17958552523135,1628.2080375301935
104007,-111.368706717,40.752305141,-121.59944425341224,402.52487119397546,1654.1641885785439
102504,-111.397928239,40.8979227971,-234.76750681319635,286.4690020049032,1629.8151367427135
110154,-111.406001283,56.7190100111,-164.28015910965755,356.3841426122417,1643.5457243263565
102503,-111.406352916,40.8058098514,-123.79403726521312,400.10278708768993,1653.576466656841
102447,-111.411016453,35.8778676467,-230.32534978323548,290.556480390072,1630.5385488060845
101901,-111.418762433,46.1479233454,-137.46094683036333,385.13097204643634,1650.017804896486
104006,-111.472788178,40.7435424143,-154.96819122741556,366.2616278451279,1645.715792862713
313269,11.1474168285,50.2980845218,-545.8242566707215,274.6406510097637,1627.7777422096215
101902,-111.481262728,47.5270901326,-196.76155261868325,322.96186603855944,1636.6237373816543
102825,-111.506678538,42.8152841117,-270.16960876429073,256.01967053569115,1624.7396599293038
102817,-111.51053996,44.0689992874,-447.4325511197583,209.11274371485146,1618.0114432320736
110155,-111.522932882,58.3819217617,-207.10513478527582,312.7130575490087,1634.6321748967366
103814,-111.546584305,40.1524178994,-110.55820488393874,414.7806234241316,1657.1891432223713
102467,-111.573165691,33.5521596723,-66.1940741117991,465.0384809136826,1670.4770814280844
104011,-111.581208927,40.7686565944,-111.29412072227981,413.96024847576405,1656.9840005757756
102446,-111.581261144,36.8645889613,-57.816888676463435,474.68306575488646,1673.1876475041415
102495,-111.583567909,42.613816568,-166.8839667733256,353.6437060605114,1642.953669974354
110142,-111.591123343,50.0479236671,-170.59243297650028,349.7576325729265,1642.1215827060444
103828,-111.602720273,40.1654963865,-105.62165031859045,420.29614466160837,1658.578228502773
104128,-111.614545392,42.6481823909,-280.33239650881563,248.0970605885008,1623.510099235185
104129,-111.617789648,42.6561174185,-383.48453771305367,199.73562144059483,1616.8262767898864
102819,-111.618762073,43.9229231073,-712.2258876048263,447.4484645194411,1665.6659386704139
102472,-111.652094227,33.8062552153,-96.6814511755715,430.33776142659536,1661.1512513180846
103889,-111.65612266,40.3138949317,-66.90277069850096,464.22457421900083,1670.2506836265022
102816,-111.660428698,43.6145897388,-122.14758702424135,401.91946209352994,1654.0169723601803
103879,-111.664437313,40.281394927,-66.50807985268959,464.6778196878183,1670.3767140845232
103865,-111.67319922,40.2482852173,-217.6330804276183,302.5117437631627,1632.7113173983373
102469,-111.692197953,34.539588647,-91.23001774223256,436.49259028063597,1662.756347820054
102470,-111.694035088,34.1606533266,-91.25536458874319,436.46391928693714,1662.7488215859
102496,-111.697986001,42.6441533065,-146.7806042188895,375.04008272635497,1647.6917049306815
104014,-111.706424594,40.8020222951,-111.52324244139376,413.7049306261724,1656.9202335871184
102471,-111.714485016,34.0730311584,-111.70146245330663,413.50636700855733,1656.8706667699205
104118,-111.726673629,42.4068253269,-250.50366341630126,272.4375457737429,1627.4074803789017
102823,-111.727029041,43.4439851217,-128.81524335893766,394.57932080904607,1652.2486892886654
104119,-111.735206102,42.4105520412,-300.68399900331144,233.57481383910923,1621.3543981825687
104113,-111.755994662,42.2567789205,-108.91158976743117,416.6179703431124,1657.6499703070008
104110,-111.776400723,42.1938951333,-138.34668428200507,384.1676306425931,1649.7932171273858
102820,-111.77778987,43.8350064171,-783.2617334845237,529.8331682814535,1689.6615273649184
104125,-111.793668663,42.5356087656,-250.95586695160134,272.0453650337413,1627.3418729579616
104008,-111.797485004,40.752697486,-112.14102579262703,413.01675096138007,1656.7485407932852
103985,-111.804456074,40.6944505202,-386.09304705637317,199.47995668767385,1616.7947129942322
102509,-111.806261641,40.7812560854,-111.00040571514783,414.28761397514216,1657.0658158139652
104096,-111.818878409,42.0109530131,-397.06201388618865,199.00659537559022,1616.7363779692002
104108,-111.830653285,42.1683384832,-232.32314084265712,288.7117006046295,1630.2108259093372
104005,-111.831206811,40.7436099343,-110.88383261012484,414.41756421249903,1657.098309809592
103986,-111.833622747,40.6939278192,-386.554601314402,199.44042303012395,1616.7898358118225
103975,-111.835258026,40.6644825637,-97.25873254150711,429.6873729765462,1660.9828805082461
102468,-111.835427651,34.5062553012,-299.2032421085291,234.56556052793812,1621.4974230728124
103998,-111.842957537,40.7194577753,-90.68998344933544,437.103565391072,1662.9168402910511
102506,-111.843000824,40.6143984456,-309.5579567219408,227.87294829416814,1620.5428014743275
104077,-111.843373378,41.718760264,-390.0158671928741,199.19876224761515,1616.760043335735
102498,-111.84790052,41.9229508309,-390.95839337488064,199.14973908003583,1616.754003991217
104002,-111.847986563,40.7231162546,-110.36217338558166,414.99923494346785,1657.243873378221
313271,11.1855485056,51.3064549513,-392.120387038117,199.09920428865075,1616.7477799565272
103957,-111.856955409,40.6271681867,-396.55890542322516,199.00696361152882,1616.736423295976
103978,-111.865010972,40.6684021661,-97.20978415108934,429.7425097962962,1660.997144962027
103970,-111.872478256,40.6604708064,-318.8779464237,222.34346691578781,1619.7745238538967
102507,-111.877105424,40.6645169697,-311.7358744675304,226.53743940032433,1620.355548111599
103990,-111.877224137,40.7021543769,-393.3495463486944,199.0576597097854,1616.7426643517272
102499,-111.885328997,41.7230062933,-636.3553640854386,363.6220296500359,1645.1303508515052
104034,-111.89790435,41.0313092981,-208.60260478389154,311.24735421613866,1634.3524119211659
102821,-111.90209545,43.8229230711,-703.0439951097853,437.02742263561026,1662.8968275216325
104044,-111.902367642,41.0933601342,-270.1867657031114,256.0059529591828,1624.737498427523
104087,-111.910066163,41.7984743356,-529.322952728484,260.6308975851748,1625.4726560671634
104107,-111.910133257,42.1392964718,-273.4136983321732,253.4460644485729,1624.3361100555685
104103,-111.918748712,42.0980628654,-283.0316751464677,246.0638721536465,1623.2006407173549
102497,-111.922560747,42.0147140865,-334.6682658362781,214.1478899706689,1618.6698890215002
102508,-111.922928325,40.7336181315,-220.16367014624973,300.09690786670257,1632.2656171582926
104041,-111.930634122,41.0854091106,-272.09037867987837,254.49095893405743,1624.4994733840824
104106,-111.931122966,42.1228474214,-365.1515463006365,203.05611253319813,1617.239832456238
104051,-111.93517074,41.2396935633,-81.45192496949127,447.5890025443783,1665.70369695353
104033,-111.935539476,41.0149825367,-154.30926129627392,366.96496230253825,1645.8724660202834
104078,-111.943514191,41.719098373,-747.3257466652348,487.8067210351951,1676.9580459668912
104086,-111.951833404,41.7858596315,-482.6560127340915,226.89704865335807,1620.4058632125439
104040,-111.952618096,41.0813949962,-274.9424954951232,252.2474969330728,1624.1495283855443
104038,-111.964610561,41.0641162568,-277.8656031604059,249.9818449462416,1623.7991912945122
104049,-111.968067292,41.235283901,-81.70371225830274,447.30239039354734,1665.6267046663747
102500,-112.055899188,41.8354809026,-212.82000564248762,307.1452079259932,1633.5761597176568
102822,-112.056404748,43.6058107741,-741.1593449897371,480.66210182049576,1674.8937121419026
110136,-112.08602259,49.9610160989,-192.1621182471394,327.5856220200811,1637.5424362746355
102828,-112.089595297,42.6229229308,-209.28947367711652,310.57664380175737,1634.2248139473188
102505,-112.091121997,41.2812561188,-513.0533299287081,247.78205269352674,1623.461991080482
102501,-112.097928477,41.5770894842,-340.01029251361365,211.7343369658836,1618.3523473880366
102824,-112.135685317,43.4103566829,-715.2530902588762,450.8976137465539,1666.5957965050561
102465,-112.16908913,33.2314138527,-143.97545202066564,378.06666613163526,1648.3832366552003
102829,-112.226873555,42.6273942412,-245.59400788453596,276.73657874088013,1628.1326803609077
103335,-112.256236704,33.3854441485,-239.27340721783736,282.3777459393584,1629.1010043112053
102482,-112.34792618,31.9521093109,-242.0105874347577,279.9204556628908,1628.6768716797403
102510,-112.393838404,39.4811790808,-180.34333762333225,339.63967366600576,1639.9963410855332
102830,-112.394094776,42.7564040208,-109.76859605111325,415.6613934096483,1657.4098119708462
102831,-112.468762275,42.8727030214,-119.47813444468696,404.87056663754043,1654.7365550369002
110148,-112.474865225,53.9895905133,-206.98981354441688,312.82612779819993,1634.6538095508788
102826,-112.476835093,43.1313433598,-687.6252817791905,419.6757316586922,1658.4211197971533
102827,-112.518762131,43.1229229472,-489.81921442831606,231.40791142153762,1621.043649108334
102832,-112.547624312,42.9437605553,-268.2941531564016,257.52588966977464,1624.9776843686789
303004,11.2604084688,53.12809043,-211.2172884360194,308.6995834883444,1633.8691268555942
102477,-112.727094404,33.3520884307,-336.18913340151505,213.44154468879887,1618.5765918995387
102478,-112.76876107,33.2270884114,-150.28985256218223,371.2672877162938,1646.8370562305788
102511,-112.768761526,38.2520890541,-160.3799762572039,360.5068366189198,1644.4446083997377
110141,-112.847930483,50.7770902545,-190.1234124395982,329.6475205541504,1637.9561589534333
110150,-112.847931117,52.935423736,-473.21975736193065,221.38633979252748,1619.643418253758
110135,-112.868763539,49.7020901715,-264.85765987359696,260.31983346171745,1625.422808545371
410004,11.2895247222,3.43535075239,-472.6428814215992,221.06609618594325,1619.5996757621551
110145,-112.906264076,51.6520903109,-164.2740131046434,356.3906225375859,1643.5471294364252
313411,11.3066924527,52.3977067566,-572.8826798474718,299.3794387440565,1632.1338606832135
110144,-113.081177076,52.3103364343,-186.35722322788448,333.4759735020224,1638.7309467234418
313400,11.3189085247,52.0147403829,-402.0958427118643,199.11599492324154,1616.7498477749298
110153,-113.286125156,54.7229237929,-198.3767138838221,321.34760768278926,1636.3059542180483
101576,-113.314355972,49.0018555966,-761.6077374496555,504.4333446959831,1681.869760144097
313272,11.3362639431,50.7145553053,-291.58564976430574,239.83111780639007,1622.2675044252867
110140,-113.416683957,50.8312568619,-495.4613321718581,235.14820569058892,1621.5818109134948
102835,-113.452094969,42.0646265476,-115.0047430152135,409.83126754663044,1655.957293744275
102836,-113.500290036,42.6727839289,-223.09500494527867,297.3186315228795,1631.7571079963534
102837,-113.519456673,42.4555616829,-165.63710434911962,354.95478506079445,1643.2363768744717
313412,11.3648770165,52.3318595541,-411.83715171532265,199.90985326556807,1616.8478098691435
101575,-113.656017451,48.7984186747,-81.29393730656628,447.76886468120506,1665.7520364759816
110149,-113.672931217,52.6604236233,-211.37939754500658,308.54210862821594,1633.8393812253184
110147,-113.75209813,53.3687569909,-322.199755145738,220.49299265667383,1619.5215499204328
102698,-113.814582731,46.8269766216,-88.30419873977519,439.8054160077446,1663.629073680708
110134,-113.827097042,49.5562567254,-195.80272336753373,323.92250747933025,1636.8135757311159
110143,-113.864876138,52.2684785759,-292.30576382100537,239.32154534648868,1622.1922490608247
102448,-113.922928274,36.8937554797,-158.9195681617279,362.05594632253485,1644.7849096807436
102838,-113.935266025,42.1273243378,-124.15919534069683,399.70024123773317,1653.4791119610454
300142,1.13951636343,42.4105987322,-79.14545876934096,450.2165713918341,1666.4116694267968
102839,-113.984931153,42.1649340159,-175.88021463151694,344.2523422842645,1640.9578196937873
102704,-114.010297931,48.4979843299,-454.2071586597856,211.91554429198032,1618.3760653069953
102840,-114.022532258,42.2940848456,-178.03137225697432,342.02512799556354,1640.4920234570989
102872,-114.022929247,43.9979229015,-151.28682074064383,370.1982343576743,1646.5963754264508
102454,-114.027094723,34.2645884822,-119.82790395853105,404.48349891983094,1654.6418922970659
110139,-114.052097485,51.0354234718,-475.11304560342126,222.45110939438698,1619.7893032480426
102699,-114.060763606,46.83134484,-434.67887856500704,204.71661527961186,1617.449159453714
102700,-114.131166303,46.8728194944,-270.82143968321014,255.49929894694688,1624.6577432211277
102880,-114.185179856,43.31467353,-179.01688069480576,341.00723831354037,1640.2801063928723
102705,-114.186268455,48.3605706165,-443.19374300813286,207.52155353378478,1617.8065663196762
102845,-114.272459408,42.3269139813,-160.48405402995922,360.3965481335008,1644.4204336946584
102449,-114.298051936,36.6725702364,-139.55387597271488,382.85609741219264,1649.4883091952122
102876,-114.319286011,43.326929653,-160.1102511689553,360.79272601484956,1644.5073067612718
313401,11.4357260063,51.955897433,-303.036983579172,232.0231744364905,1621.131593770713
102841,-114.360738579,42.589682886,-154.7997153291897,366.44140347747964,1645.7558120901565
300035,-1.14396607251,41.7480041774,-309.36035986755866,227.99539125105818,1620.5600233492462
102878,-114.397790326,43.3650061412,-155.31241819400998,365.8944284122711,1645.6341098765326
102450,-114.418786197,36.5229554071,-146.36195592491057,375.4911777654581,1647.7944396755552
102479,-114.419727233,32.7604671378,-146.93297663320143,374.8759536192664,1647.654354361964
102846,-114.426401278,42.3316727047,-125.15228639168579,398.6061464770364,1653.2149741806895
110138,-114.46668428,51.1729234352,-506.64718108238753,243.01936920013543,1622.7419094398274
102455,-114.46876137,32.8832158339,-121.16921690289658,403.0002523486172,1654.2799322481774
110088,-114.477035602,49.0021821816,-337.7373634233071,212.7381221311155,1618.4839818341911
102703,-114.477097041,49.0020899476,-335.1178544592418,213.93750952409357,1618.6420693987159
102855,-114.493762437,42.5604227216,-356.1999997819898,205.6194270425977,1617.5636740553093
102856,-114.531087438,42.5935326314,-625.3996337959488,352.0509100343098,1642.6115591039686
102480,-114.54002434,32.7187927953,-223.2222359496472,297.1985132288092,1631.735225798414
102879,-114.540308317,43.3311352044,-204.17502222096994,315.59452124459034,1635.1858587590548
102706,-114.584979947,47.3687408305,-76.42845219017556,453.3166145079144,1667.2518837400971
102860,-114.622877029,42.564610704,-267.32724395230457,258.307597171174,1625.101752384241
102868,-114.68508573,41.94824099,-192.48258153671435,327.2621973340029,1637.477766765053
102867,-114.685363507,41.9399669533,-169.02148393702262,351.4013470070889,1642.4724647690084
102512,-114.689595343,39.2020890247,-97.29539942902841,429.6460716467031,1660.972196554605
102863,-114.706262497,42.6687560466,-225.30785812255812,295.23514404351795,1631.3787669098745
102481,-114.718761406,32.7187549123,-124.68753437565533,399.11804323400486,1653.3384720863803
102452,-114.739652747,36.01453092,-47.25278707346007,486.9049806339184,1676.6959626038652
102864,-114.806258316,42.6270291501,-374.7564846986041,200.98669932642954,1616.981306061427
102881,-114.80626255,42.8854227255,-250.44602049066125,272.48758406770384,1627.415857830149
410001,11.4847156654,3.31858991073,-517.9662801194538,251.5520852589993,1624.0416689371414
102870,-114.852219858,42.697823876,-230.87571387949566,290.0472215892949,1630.4478776083752
102869,-114.864603095,42.4524020807,-164.14148786320774,356.53036102583184,1643.577436319687
102882,-114.869469343,42.8646034728,-274.71409121646604,252.42597578500147,1624.1772575975183
102451,-114.91028175,36.1188669246,-134.9246772899196,387.89429414993305,1650.664979418919
110146,-114.939658617,52.3764802028,-209.65492902845122,310.2201959229158,1634.1571101960903
313399,11.4975224925,51.2736876585,-372.66110332310245,201.37687067808235,1617.0298497214212
410002,11.5020282958,3.5104069246,-193.93497111289255,325.79874421357806,1637.1859126492413
103087,-115.043761746,36.1437553197,-522.7493934861375,255.31572567776746,1624.6288839683818
102702,-115.085547215,47.3018809799,-83.90837988798387,444.79473895822315,1664.9550296181874
102701,-115.12685177,47.2977202966,-71.03207961424772,459.48868727759145,1668.9406054686515
110076,-115.164597228,49.1812565534,-107.8033846179151,417.8558941664234,1657.9615312592769
102884,-115.172862677,43.0022251762,-165.4872344145528,355.1125238782843,1643.2704571862753
102885,-115.201672802,43.0020893692,-150.6256779652057,370.9070413538729,1646.7558787421615
313402,11.5237813966,51.9310425489,-305.5929793183303,230.3698110539112,1620.8957834145292
102722,-115.352270461,47.0560349576,-166.88120450805377,353.64660811337666,1642.9542946400188
102515,-115.397928224,33.1104215957,-286.7624316258945,243.3054048388753,1622.7847703468856
104325,-115.401764485,47.3853463138,-97.216686895307,429.73473423745344,1660.9951332427559
102516,-115.502094879,32.6645881998,-427.16436044455645,202.68941670303894,1617.1938320712839
110070,-115.547930727,49.52708987,-471.3260628118246,220.34248148958184,1619.5010651416603
313403,11.5563971753,51.8606314961,-288.3495013414891,242.15057101445694,1622.6120269148178
104326,-115.618863306,47.4187916666,-72.2627617829358,458.0793824357607,1668.5531491261263
102713,-115.726337571,47.4646039074,-76.48130015415852,453.25626749261374,1667.2354767300633
110066,-115.797930943,50.1520898847,-99.67864842309547,426.9639366487636,1660.2804263270089
102715,-115.801596103,47.5231366502,-62.55386535950587,469.22409846444674,1671.647135440299
313270,11.5807566853,51.073094977,-288.3930135231849,242.11906839555394,1622.6073259192185
303015,11.5813438284,53.0354990213,-216.93114954230938,303.184203874628,1632.836045757527
104329,-115.859345413,47.6269737738,-81.22977625722947,447.8419143465678,1665.7716743574383
104331,-115.860459474,47.701599421,-66.27609411153772,464.9442681912017,1670.450856316892
110071,-115.868810758,49.5978718849,-391.4521262121729,199.12693013495505,1616.751194572299
104330,-115.88490258,47.6568774163,-63.64624148908855,467.9671809366379,1671.2947595441594
102716,-115.889549784,47.4897492505,-83.33379653613241,445.4479483137713,1665.1296542620737
110069,-115.94758614,50.976705662,-116.75685338028343,407.8860374593906,1655.4769434819407
102717,-115.956003859,47.4935011578,-72.9106360499704,457.337879328956,1668.3497315356549
104328,-115.960180112,47.6179875971,-78.56049223260838,450.88357149193854,1666.5919974268784
102711,-115.964972504,47.6565978513,-62.658058710757615,469.10417880417896,1671.6134784744734
110068,-115.969147248,50.9479251026,-86.36777637050186,442.0015238732098,1664.2109956229183
102710,-115.977683698,47.7071523285,-67.86252586915177,463.1228501259949,1669.9448090146004
102886,-115.989336652,42.7808754019,-126.7052800557351,396.8972034628817,1652.8037635976757
110054,-115.997610531,50.8022314015,-129.98742625075727,393.29362694676615,1651.9421200038844
102529,-116.010224306,40.7274036339,-94.67722230708986,432.59787527187257,1661.738190129758
110065,-116.03959786,50.8812565721,-240.88766301962488,280.92594452164155,1628.8499860795537
313414,11.6065052265,53.0024078096,-374.1710598419744,201.09223461356012,1616.994427222265
313404,11.6070630805,51.8517929334,-301.22095639774864,233.2182578016647,1621.3030705633134
110161,-116.128077362,58.4020902664,-196.24891973662548,323.4752516009865,1636.7251233008878
313405,11.6180143684,51.8563214368,-291.1825674143938,240.11740066326252,1622.3098523239223
102707,-116.181404936,48.1520123213,-182.42783365824027,337.4963959034628,1639.5538137230546
110074,-116.18150873,49.0025313706,-76.56928693736313,453.1557997661718,1667.2081662790956
102723,-116.188931924,47.2730103955,-79.70245104068937,449.5816914888853,1666.2402552357187
313396,11.6194166545,51.5103610361,-371.2078597275891,201.66768294639607,1617.066091781951
102718,-116.222690321,47.4770254724,-85.58564566965447,442.88933277808815,1664.4470108521346
102720,-116.239747256,47.5521979936,-84.90525088558854,443.6620261123055,1664.652781891786
102719,-116.239805566,47.5147243275,-78.68285852550865,450.74402521055305,1666.5542496747585
102712,-116.252103198,47.56928555,-76.26890096091404,453.498817463598,1667.3014329409266
102721,-116.310181249,47.5646999937,-70.77169031282203,459.7869981134346,1669.0227603241813
102892,-116.32709669,45.7479228383,-172.76821893436568,347.4871709569579,1641.6394929538137
102696,-116.410430745,48.910423067,-164.6350398176526,356.010071409075,1643.4646518226916
303002,11.6438429126,53.0353745473,-216.84413673404558,303.26764236607767,1632.85154063444
110052,-116.439598099,51.4229232259,-73.41159455457893,456.7647161790302,1668.1927037342225
102697,-116.502388799,49.0014626455,-181.32729943254773,338.6270723064157,1639.7869327887693
313406,11.6549558315,51.8559416017,-216.89342907204724,303.22037272826344,1632.8427619594768
104307,-116.560693699,46.964308192,-172.0972568026122,348.1865657111889,1641.7876767072341
110073,-116.581264163,49.1145897289,-211.06823449555222,308.84442682122904,1633.8964994223224
104302,-116.639351248,46.9438366933,-157.32160064926947,363.75426287970197,1645.1595833259278
313413,11.6652609103,52.2482588992,-319.5765755524037,221.94889538906082,1619.720408900996
102724,-116.65636337,47.822916695,-179.47964643445337,340.52980703734033,1640.1809169499788
102891,-116.697857582,45.2526434534,-91.01633204972461,436.7343197137948,1662.8198209252428
104298,-116.706026976,46.9273287169,-608.8772880046529,334.93938374180317,1639.0293718012879
303009,11.6813518667,52.0664303491,-210.85582047875207,309.05092372738176,1633.9355447210069
102894,-116.822930262,46.4520895116,-87.43457442394826,440.7913157036463,1663.8899827950577
103380,-116.831150949,34.1692270523,-89.05049649172597,438.95978585273235,1663.405718531069
313390,11.6841877309,51.7028102581,-206.55764644528202,313.250106257181,1634.734999905526
313263,11.6936310317,51.073113426,-245.89461897282297,276.4712289558009,1628.0875993896384
102888,-116.964596443,43.7770892813,-708.8500979356829,443.6098653645583,1664.6388808071097
102453,-116.97245323,33.8187535463,-243.8810298268884,278.25380888562563,1628.391253048647
102890,-116.977096528,44.2437559859,-189.44689126883503,330.33338504366975,1638.0943306538836
102725,-116.97724771,47.7023634901,-276.0239076563799,251.40529393498971,1624.0189385178128
102889,-116.98126313,43.8757779264,-276.4495129675855,251.07512129898754,1623.9678590973672
102898,-117.023031655,46.7312985287,-314.9481974872292,224.61539951743651,1620.087950867595
102899,-117.036291124,46.7310043947,-320.02557919329854,221.69681376202874,1619.685885620487
102726,-117.044102454,47.6985175617,-174.69405676450572,345.4835507950853,1641.2165532664985
103379,-117.056588064,34.1476537945,-96.76471778861531,430.24393336682675,1661.1269466976157
102887,-117.064358249,43.7768504593,-243.378076983906,278.70094865860176,1628.4677183257852
313407,11.7067772298,51.8480247691,-217.64000621759598,302.50511441425084,1632.710089113424
102553,-117.068704755,34.1440296932,-72.43157722110254,457.88614333243765,1668.5001082115157
102895,-117.085739453,46.9143416859,-292.0204604209658,239.523145240522,1622.222003288051
102554,-117.097928604,34.1062549591,-80.64455565492068,448.50834422986355,1665.950967372629
102900,-117.135598754,46.7188917287,-304.9796871144705,230.7634336460815,1620.9517738520524
103371,-117.135949415,33.9855357391,-323.8368268197609,219.6051529769709,1619.4009120844735
102727,-117.155968218,47.6810978313,-444.3573008385235,207.94565247698802,1617.861021605399
102901,-117.172726275,46.7313805227,-433.3794752351786,204.3355943252976,1617.4009787168602
110055,-117.177098265,51.4812564777,-153.21565889690086,368.13350025747434,1646.1333982572025
313382,11.7187094558,51.1278988725,-367.64317448636825,202.4506220016503,1617.1639203231193
102728,-117.196331005,47.6726800326,-427.18990714200106,202.69558050218959,1617.1946046166195
104286,-117.222744332,46.7605229191,-297.9536193741385,235.41012122633128,1621.6198124165176
102896,-117.234080637,46.976842315,-338.12256454939427,212.56557800232667,1618.4613111833871
102513,-117.243762442,38.8895888029,-104.49544525547945,421.55740454319437,1658.8982898813238
102556,-117.260540525,34.1854094287,-109.0217700000527,416.4949524095266,1657.6190564265962
102517,-117.318762014,34.5729216677,-168.4490730411535,352.0011786927815,1642.600901207318
102897,-117.318806071,46.9189109542,-260.7898319303855,263.6823092635952,1625.9647139666247
102559,-117.331216299,34.2101836067,-209.16198611328275,310.7010562946796,1634.248462513768
102708,-117.352097618,48.9979229713,-70.62371447234989,459.9565441571328,1669.0694752942306
103376,-117.360051164,34.0313361659,-333.2958367354423,214.7982320274205,1618.7560567695461
102902,-117.360430455,46.8770894888,-229.89348282144678,290.9566456397295,1630.6099044492244
102552,-117.360539517,33.2186439047,-448.8311325852365,209.66547494446678,1618.0829713675607
102729,-117.373539251,47.6814006563,-309.82604193519154,227.70716402264435,1620.5194979984722
102903,-117.380985085,46.8936722331,-176.06828709235342,344.0573287959507,1640.9169193911646
102560,-117.393486354,33.9898186885,-449.85393103459353,210.07829418232689,1618.1365148010664
300500,11.7423137327,58.6381515729,-581.5556186695532,307.70159130003435,1633.6808623885383
103368,-117.431618056,33.9687482777,-444.178622642644,207.87989956447458,1617.852571617365
102909,-117.432143804,46.8101689132,-243.28003211872362,278.78820058394933,1628.4826531562508
102561,-117.446960798,33.9687549237,-370.25546334645605,201.86720874540862,1617.090987178102
102730,-117.447704196,47.6608827936,-382.2153056682392,199.87979077561948,1616.8440931662185
110056,-117.447764957,51.3852564398,-85.71759280618788,442.7395258399649,1664.4071552919322
102731,-117.447874019,47.6524181689,-444.3996349985086,207.96126458058822,1617.8630283222196
110057,-117.451805525,51.3898905422,-80.12252900163445,449.10301588155204,1666.1111636742282
103360,-117.464049351,33.9607193071,-516.9577857010627,250.77014223397407,1623.920735467724
102558,-117.468747774,34.2644731682,-97.06184202347313,429.9091676337583,1661.0402714147347
103365,-117.505823922,33.9689255757,-245.23372313344873,277.05496183463896,1628.1868267257225
102732,-117.519078386,47.7397428601,-268.3300358553706,257.496947131755,1624.9730978167483
102906,-117.522930558,47.206256162,-246.0098234542861,276.36961027792773,1628.0703462477163
103359,-117.526654537,33.9649311914,-423.06080124762246,201.76471810424687,1617.0781961048363
102563,-117.539455973,34.1856732717,-119.84092345229281,404.4690933534051,1654.638370860567
103356,-117.559789811,33.948066667,-442.04887478669536,207.11372500130733,1617.7543033260342
313408,11.7571986649,51.8304642216,-218.0183711826529,302.14311305296866,1632.6430570125622
103354,-117.593755363,33.9310391966,-486.1697067570344,229.07560900695597,1620.7123512480225
102565,-117.597682904,33.9817919828,-963.5340506244818,747.144286946583,1769.8749889082287
103374,-117.597809273,34.0114653863,-707.9207772089258,442.55459464352725,1664.3579723383077
110060,-117.60209767,49.018756278,-58.62121205014812,473.7551918959121,1672.9246464483442
110064,-117.610431003,49.0062562759,-68.6064511494968,462.2692898116074,1669.708294028904
103357,-117.614524166,33.947860708,-880.9547809267737,646.5875570705923,1729.8289972724185
104310,-117.618412569,46.9979816638,-320.32824397818956,221.52755792239782,1619.6627271642226
110159,-117.621778253,55.714589967,-203.46337685516755,316.2970067092913,1635.3215852850603
102564,-117.627132804,34.177204329,-115.94556657750199,408.786388007049,1655.6990070256838
300110,-1.17630091818,41.8317713133,-173.36818589767603,346.8623610094964,1641.5073525059422
313416,11.7640486505,52.7979823457,-324.7483203774139,219.11782224862566,1619.3348976888522
102566,-117.643497183,33.8851808958,-519.8987038855056,253.0617903996173,1624.2761959119653
313392,11.7653615196,51.8620651892,-228.55375571524064,292.20110168359616,1630.832417715288
110152,-117.655372408,53.3812329809,-140.78786197053208,381.51717103609474,1649.1780506183588
103358,-117.668684919,33.948134329,-467.6189416069999,218.36136793092874,1619.2327126916168
103369,-117.685640904,33.9731719921,-899.2288863353544,668.7235339526919,1738.2243973975749
313395,11.7686529919,51.2101631113,-289.79419575311806,241.10919925141226,1622.4569445164464
110059,-117.702098291,51.2145897347,-63.46649253388998,468.17395390782144,1671.3526683389323
103370,-117.710423024,33.9898334935,-595.6602482179272,321.5828569013301,1636.3521701329473
110061,-117.714597732,49.1729229417,-63.612240609584774,468.00629206807224,1671.3057111914898
110151,-117.721463808,53.3687920939,-389.38494451051736,199.23559561245065,1616.7645819367249
102893,-117.727387179,45.6193877817,-87.48723896354375,440.7315934083491,1663.8741623915696
102709,-117.772931012,48.92292292,-74.83435720157108,455.13780727596014,1667.7479769011727
102905,-117.795685729,46.9437561163,-337.8807148767472,212.67379504232971,1618.4755277555766
102567,-117.79756792,33.8558538034,-290.7602952999283,240.41811791703464,1622.3543886182065
102546,-117.802125725,41.7727579104,-165.2866306050961,355.32371054892036,1643.3161077906582
102904,-117.805888619,46.9437732193,-275.9088289360876,251.4946941378751,1624.0327804651877
313391,11.7813522619,51.8314003497,-220.2843657151042,299.982108976225,1632.2445149400287
102733,-117.835430761,47.8354228401,-132.89841140251218,390.10702994370763,1651.1863570346884
102545,-117.835560537,41.9684397276,-149.8060440088467,371.7865261887621,1646.9541924114017
102910,-117.893378628,46.8608054034,-369.67531429468033,201.99220760479432,1617.1065959852629
102908,-117.922975985,46.9186988802,-321.2250572754961,221.02921270926308,1619.5946417906123
410003,11.79380547,3.29845975306,-536.2007543737242,266.3591020334682,1626.4009536648891
110062,-117.943704078,49.0145841636,-82.10853610928581,446.84167013157935,1665.5030378273002
300585,11.7948898301,59.5113724551,-154.87461187753715,366.36147903372785,1645.7380180836092
102911,-118.138864491,46.7604227341,-222.45924023880224,297.9194438863965,1631.8666875365664
313389,11.8149218437,51.581854561,-184.88076940667125,334.98355998162907,1639.0383998869431
102514,-118.202157745,37.8314509863,-134.28213131777517,388.595487674369,1650.829895503127
102568,-118.206113305,33.8172274602,-856.9024514498353,617.57420078509,1719.194806972534
102569,-118.206262104,33.7979215286,-528.1199361990324,259.64621426805746,1625.3150609742468
110058,-118.218764995,51.0020896621,-147.3514770327337,374.4253078878324,1647.5518814389072
102518,-118.22709574,37.0562552132,-216.810869798032,303.2995473504552,1632.8574666115155
104323,-118.272862253,47.2976520286,-362.0647441343739,203.87196783468164,1617.3424714990856
110086,-118.3020978,49.0062561999,-74.08810347699315,455.9909674825746,1667.9810110644783
102530,-118.306262835,40.4645888722,-133.46748015521496,389.4851418211128,1651.0395411816755
110160,-118.308673675,55.1356610441,-435.62571430822027,205.00218672990724,1617.485328344597
313383,11.8357329204,51.1657441706,-182.09030660745435,337.8429540289819,1639.6251865694837
102742,-118.364063462,47.3061226343,-343.28935225542705,210.34768691412387,1618.1715113782307
102574,-118.423033637,35.7555810516,-86.9788147615776,441.3082397322132,1664.0269989701278
110085,-118.465855396,49.018756183,-126.85691810451183,396.7304698694384,1652.7637328332235
102527,-118.602119047,39.4774492935,-246.4748519914599,275.95983080745367,1628.0008350935402
102570,-118.702446249,34.4022910086,-101.7451266806644,424.64207462719946,1659.6848442971566
102528,-118.722929451,39.5588113623,-206.9509025955466,312.8642855037863,1634.6611122767251
110083,-118.760014551,49.0020061496,-94.31799024690571,433.0033082903861,1661.8437820193583
303012,11.8761940988,51.9148995806,-228.90866762162895,291.8709778433355,1630.7733007850018
313409,11.8761940988,51.9148995816,-228.45324113881327,292.2946547694927,1630.849182497512
110084,-118.77709789,49.0062561479,-81.9524209587405,447.0193271198129,1665.550710625358
110158,-118.802099824,55.0729231209,-178.26983726092055,341.778684711527,1640.4406603620648
102548,-118.868763284,42.7895890266,-123.50666043731624,400.41968149671357,1653.6531716705033
300240,-1.18971336029,42.2647248481,-294.0920036076915,238.0680329139846,1622.00779256498
102526,-118.993001503,39.4943576249,-183.57758020161933,336.3173123572399,1639.311509578696
102807,-119.002257668,46.589617197,-257.98245085175006,266.0367079578402,1626.3481856069536
110034,-119.006265771,52.9854230042,-84.8038201131363,443.7772455041633,1664.6834937829015
102912,-119.018763952,46.2187559393,-192.29135735340367,327.4551660999475,1637.5163439341695
110087,-119.018918482,49.0022443286,-90.82606555010615,436.94958597294794,1662.8763728936424
300597,11.9041366331,59.6535747079,-214.6378415848011,305.3890708091495,1633.2468813427017
104314,-119.052130099,47.0145462351,-685.7563590527427,417.5860048926148,1657.8935316624406
102808,-119.068713994,46.3851890921,-249.8536544414735,273.00240900134673,1627.5021370697257
102809,-119.085430661,46.3635541513,-276.81026595236557,250.7958324441584,1623.9247028164034
102519,-119.096413596,39.1520886896,-165.19783792583144,355.4172058161994,1643.3363262084179
104315,-119.114238699,47.0355221609,-653.2837330557813,381.8103360904496,1649.2458954296317
102575,-119.139829731,36.873155655,-64.16715174491269,467.3680694244907,1671.127105627684
102747,-119.147681066,47.0062117215,-509.0942544335454,244.81763501977218,1623.0121888829608
104262,-119.185583802,46.3815584478,-278.24818869045123,249.6878786485607,1623.7539615317353
102750,-119.238920193,46.9193140723,-175.17913558682733,344.97978341492154,1641.1105818350547
102525,-119.25602611,39.2937629243,-136.44956630631725,386.2320386958456,1650.2751523794855
102743,-119.264390049,47.1897767206,-317.31324307264856,223.23746202566733,1619.8974829592291
300468,11.9284912421,58.3530529333,-558.5813158106772,286.05565525289944,1629.7425344968299
104294,-119.298155494,46.9017842308,-182.1958854562322,337.7345299093006,1639.6028493324354
102524,-119.310723414,39.289804197,-118.52046976325815,405.93095578946026,1654.996323776621
110037,-119.318765113,50.6895895172,-420.7849020304939,201.30829163386397,1617.0213106593649
102542,-119.322726153,39.7358830519,-115.8133412727598,408.9331876392856,1655.7352574608094
102576,-119.335415588,36.8313902746,-78.28500119548787,451.19777916422004,1666.6770313317181
102543,-119.339596251,39.7772046973,-109.0927878491378,416.4156655791276,1657.5991365181433
313417,11.9357665337,51.9648112257,-332.43397721863107,215.21285647689058,1618.8111268578948
102544,-119.36046151,39.8313204488,-134.66667743785607,388.1757883698259,1650.7311511940763
102752,-119.368331305,46.819029547,-238.81878566537875,282.7879566783859,1629.1721576580917
102754,-119.455571643,46.819094614,-247.52980691101112,275.03265801847374,1627.8439279681245
102744,-119.455602524,47.2615341936,-212.155435167676,307.78905009375677,1633.697337392579
102806,-119.481612975,46.2562558944,-126.58814242422417,397.02601823586474,1652.834701354679
102541,-119.485429581,39.5645886967,-109.70411243425386,415.7333463036199,1657.427858482773
102577,-119.539355752,36.485522467,-620.1728377600987,346.5915104753102,1641.4501411799088
102540,-119.551858893,39.556120724,-89.22763827355153,438.7591282275385,1663.3527778102198
102584,-119.560236008,37.731301737,-41.81498065037303,493.2205526732417,1678.5408557509952
103422,-119.560252212,37.7353400994,-42.732805906650086,492.15345022361834,1678.2276095372156
313388,11.9560607094,51.5118957253,-351.6174460068401,207.16130727545848,1617.760395756449
110081,-119.568764729,49.1145893999,-200.11633154318628,319.6145900716149,1635.9664963050532
102734,-119.573953182,47.943989038,-135.4924797392285,387.2750428209416,1650.5195696016292
102523,-119.589536741,39.2314405202,-172.5493701097568,347.7152184710092,1641.6877790866104
102755,-119.605645468,46.843466475,-143.39568798801037,378.69336419756866,1648.5270865027537
110082,-119.606314824,49.4810260832,-95.20286152483793,432.0048172601768,1661.5838988693843
103424,-119.606334818,37.7359200914,-70.61095916603368,459.9711594583104,1669.073502988831
103419,-119.639846387,37.7232773004,-73.45038956260342,456.7203365507141,1668.1805527774811
103418,-119.656202403,37.719022339,-62.856808668382186,468.8754494000201,1671.5493046560296
102585,-119.666304263,37.718504016,-60.10333493861779,472.0464241761062,1672.4415437985967
102520,-119.689596195,38.8770886189,-156.35007247319933,364.7884630083368,1645.388560064148
102522,-119.694882344,39.18138309,-144.0137007643167,378.02533498107323,1648.3737575967223
102735,-119.7015693,48.28152506,-120.3165469006066,403.94294688479204,1654.5098353240317
102579,-119.702095982,37.0020884407,-139.66078750043252,382.7400249962925,1649.4613719575698
110079,-119.710431411,49.0770893818,-75.99543662559016,453.81114653692777,1667.3864121933905
102803,-119.710547483,46.2570387635,-260.96128882635276,263.5394013184902,1625.941544734402
102758,-119.735918583,46.6400090992,-126.43023234530263,397.1996921493424,1652.8764280155722
102536,-119.741910876,39.5185545489,-293.2881901938361,238.6302595612491,1622.0904079687589
102757,-119.83116917,46.831255896,-86.57008955209568,441.77194864999,1664.150036943783
102521,-119.834447683,38.7686643209,-133.21652954782894,389.75934184422687,1651.1042472844745
102535,-119.866485194,39.5105053293,-298.21594817490285,235.23218787689675,1621.593991435383
102740,-119.876937414,47.4688046937,-104.88603855061251,421.1198480232142,1658.7871524837296
102741,-119.896551189,46.9312558973,-235.7047370511736,285.6133874930303,1629.664964942558
102800,-119.918124387,46.2190095193,-169.05818016432755,351.3629093323929,1642.4642415896028
102534,-119.972775825,39.5227100953,-118.6879504617831,405.74544669666903,1654.9508326113694
410210,-11.9978107056,13.6684454691,-303.8199920902372,231.51309159593671,1621.0586671759584
102798,-119.981487653,46.2894534722,-268.3711270189398,257.4638094366735,1624.9678470713286
313387,11.9982744949,51.3855900028,-363.00095420026275,203.61688287217447,1617.3103368978282
102737,-119.985086838,48.0773698981,-99.54990435141035,427.10870817082946,1660.3176622084525
102531,-119.993197836,38.9240273897,-231.554536248745,289.42019293853116,1630.336449609884
102799,-120.01889669,46.2520155451,-541.4430378133354,270.83328605005516,1627.1396865907539
102533,-120.035429655,39.4270886414,-73.23737482348903,456.96402764647746,1668.2472878470014
313394,12.0059472755,51.3893862351,-360.0006750616309,204.45769488708385,1617.4164089202648
110003,-120.060314433,56.1230423998,-144.8153348095433,377.1594980048352,1648.1754086811404
102791,-120.093353953,46.2731955348,-219.46011520028011,300.7667751224578,1632.3889070511195
110080,-120.097931553,49.3520893536,-75.33934723876558,454.56068783395165,1667.5905701850381
102738,-120.10196656,47.3556350954,-95.8445731106364,431.2810966454547,1661.3958815314584
104251,-120.131264174,46.3395891673,-365.8550199979028,202.88033694377748,1617.2177719665356
102796,-120.143137089,46.2771035921,-348.2712489251412,208.3828364173936,1617.9172714818715
102736,-120.144320051,48.8234779448,-77.48826261893974,452.1067859348077,1666.9233445885527
313386,12.0146314282,51.3561493184,-353.36879453397205,206.55400741513034,1617.6827404733087
102739,-120.147793222,47.2935778702,-105.9636990785556,419.9132932286583,1658.4812524343236
102786,-120.186710724,46.3437558276,-391.9722777321494,199.1050371146644,1616.7484982675621
102790,-120.198844204,46.3146893812,-222.24539370590958,298.1217538786772,1631.9036340978237
300048,1.20209739461,41.9315420686,-371.4883884539336,201.61026043535833,1617.0589315045997
313264,12.023536575,50.9352207445,-392.4120581841487,199.08823758028004,1616.7464294653037
102532,-120.235852423,39.4314832167,-191.35632324550627,328.39968786008666,1637.7054820182375
102586,-120.330850272,37.5230836178,-276.11950432752604,251.33106911944364,1624.0074498445838
102795,-120.377825081,46.251885981,-153.08932461851884,368.2685902688412,1646.1636144152212
102793,-120.401337348,46.2478530997,-163.8662431629765,356.82066626238276,1643.6404347417097
102913,-120.406264062,45.5854224219,-124.2660563166185,399.58246423654396,1653.4506453388121
102794,-120.406565051,46.2562583064,-169.44802655038154,350.9546852321829,1642.3769609722385
313415,12.0435834856,52.8437047805,-223.88611735046345,296.57238642473243,1631.6213014163693
102595,-120.460158165,37.6645737675,-280.07159602398104,248.29513344804323,1623.540379584064
102780,-120.464597607,46.5395891448,-224.88200690290856,295.6351615844461,1631.4512066289471
102767,-120.47275901,47.0146535612,-452.9496056337762,211.37156850064105,1618.3049251659609
102768,-120.472851286,46.9729241127,-878.4895334772054,643.6072048241813,1728.7171905628697
102782,-120.473411083,46.5359661905,-327.1711486046312,217.84710633057304,1619.1634422079167
102772,-120.481089456,46.8609262974,-97.56248216711981,429.34526422520526,1660.8944116826324
102771,-120.497752496,46.9268758749,-405.21853085349835,199.2870778969757,1616.7709269598772
102773,-120.497924497,46.8601458534,-234.28127355100128,286.9138362348079,1629.8933830987105
102769,-120.502078448,46.9310997312,-458.5470100180142,213.8739410845528,1618.6336687221801
110078,-120.506264987,49.4562559802,-131.1157285430478,392.0574275292783,1651.6482426130756
102777,-120.522777498,46.6269981531,-251.4635067331517,271.60588053510025,1627.2684613139998
313385,12.0563181497,51.3113471727,-441.56433315106085,206.9439592587077,1617.732577751853
102774,-120.606005975,46.7434994567,-150.47858590120714,371.06481245970105,1646.7914214896005
313384,12.0633694873,51.290659877,-359.0386512744545,204.7416026369109,1617.4523222328119
103399,-120.639906007,37.5187805485,-745.8541436192445,486.0997288854893,1676.4622981947825
103396,-120.647790635,37.5055606454,-690.6279665929801,423.03947989595684,1659.2755323925642
102792,-120.648314122,46.0191209998,-98.16471237144577,428.6672018471847,1660.719260075429
103381,-120.653262935,37.2557802077,-808.5217230930318,559.7162355628443,1699.2690061313504
103394,-120.657790636,37.5025050891,-748.1811441861562,488.79949229358107,1677.247100016109
102776,-120.664176272,46.6311825674,-237.43727451974058,284.03808874730043,1629.3896178339926
102547,-120.673042515,40.4184388354,-120.51123033437159,403.7276465151548,1654.4572836451994
103390,-120.71021254,37.4138315288,-679.6543827281732,410.78472060758276,1656.1935205556854
102596,-120.754940486,37.6354921181,-249.4459586674233,273.3573784367486,1627.5617183971233
103387,-120.801957313,37.3855283034,-671.936952891241,402.2322898140706,1654.0930160710598
102580,-120.850363933,37.2938233549,-328.6625236005194,217.08293579684505,1619.0608054857494
102581,-120.855959278,37.2479769641,-346.73545398571406,208.97006689714303,1617.993009782484
102914,-120.902097487,45.6187557077,-108.89112873918296,416.6408165801966,1657.65571241033
313246,12.0944687388,50.4274510085,-356.23091862227335,205.6095448931497,1617.5624178983492
102766,-120.946643299,47.193873816,-349.1723628001087,208.0460374022651,1617.873927265277
103423,-120.952829038,37.7394574947,-373.88633446968026,201.1445371905996,1617.0009324943528
102781,-120.956347835,46.493385387,-145.53587739734422,376.3819008405907,1647.9976414201453
103382,-120.960368146,37.2769312325,-917.369439981485,690.7684820805307,1746.8239712924214
102587,-120.960429556,37.3479217203,-713.8620458029195,449.311875529188,1666.1674742766832
103408,-120.984390808,37.6363245602,-549.0638633765316,277.4941955534246,1628.2616249890027
313248,12.0984683732,50.4777933887,-394.3576763089825,199.03273177199634,1616.7395953469465
102597,-120.989089841,37.6270884094,-425.8748609583994,202.38481500041965,1617.1556833492375
102589,-121.014499195,37.4147918659,-871.3609643407533,634.9974242291439,1725.530243033611
300044,-1.210410747,42.6190666035,-99.07252886302119,427.64563118173885,1660.4558641273225
102603,-121.047424071,38.4980014735,-341.4745779831554,211.1060787620703,1618.2702701762407
110089,-121.060270867,49.0210058942,-102.93460575349894,423.3072089586304,1659.3438112706874
102592,-121.081603983,37.4982948788,-702.5390193033973,436.45613070655116,1662.7467771363504
102600,-121.110674157,37.731010543,-209.81338935538213,310.06573009591136,1634.1277942149738
102588,-121.126899962,37.3145006566,-292.0478941052513,239.50374368402274,1622.21913873701
102594,-121.151826704,37.5191300765,-156.7246663945223,364.3895566274448,1645.30016708962
102687,-121.164774392,48.7313824702,-55.48124478546751,477.3796682262328,1673.9546703784345
300372,12.1192825839,57.3978567173,-439.49614019150494,206.2384443115383,1617.6424780395787
102915,-121.210430901,45.7604223524,-83.76641054391705,444.9561131088412,1664.998148178824
103405,-121.210472833,37.6182973257,-843.3286007994539,601.268658330921,1713.405057287112
102601,-121.264596307,37.6770883946,-544.7402302145383,273.692994843618,1627.618120528416
102602,-121.302174026,38.1563327592,-633.0689124169853,360.13348768085376,1644.3628005386038
300432,12.1332185321,57.9647678462,-451.41054251401533,210.72040702866627,1618.220003826523
110038,-121.339598735,50.4229226002,-69.98075099375747,460.69339835376434,1669.2726853731015
102655,-121.377040129,47.1769098546,-61.00098933703502,471.0121499879787,1672.1499144162533
102620,-121.381263106,38.6437551365,-505.1019594268824,241.89755272790046,1622.574287008682
102656,-121.401945511,47.206383769,-73.63352434597908,456.5108527931959,1668.1232117454504
102619,-121.42292977,38.5687329863,-359.8214777325767,204.5100546110002,1617.42302854973
110042,-121.452098466,49.3854225353,-68.02397219120257,462.9375805102581,1669.893438005754
313393,12.1488441723,51.0562662526,-289.36886586037923,241.4148037575872,1622.502387769984
103801,-121.497486587,40.1023869892,-179.78625115386842,340.213676672361,1640.1153119951387
102621,-121.502096436,38.455658983,-226.33697942157576,294.2703176454271,1631.2044355914206
102615,-121.52291321,39.1773820357,-232.71930460981562,288.347133219774,1630.1463002080664
313398,12.1525972727,51.3690574704,-359.9323334703389,204.4776352961859,1617.4189297094015
103838,-121.531064128,40.1894996544,-148.93688806289913,372.72006262774613,1647.1651817383758
103531,-121.539938183,38.9733827668,-800.0232022854889,549.6343620755376,1695.974888617213
102571,-121.547929564,36.5562549408,-146.5636877508738,375.27378451457116,1647.74491478198
102616,-121.577096533,39.1437551639,-432.56172425098487,204.10229337605443,1617.3715210202479
103792,-121.585085978,40.0853707528,-95.82110850719506,431.3075541884565,1661.4027498310013
102573,-121.596951514,36.9017832694,-141.2504174980699,381.0157299690783,1649.0621205187679
102618,-121.598066506,38.7730584812,-649.4773441283471,377.69017387782714,1648.296926615423
313250,12.1603771953,50.602470173,-381.04229386418837,200.02450568159188,1616.8619896945904
102617,-121.606263173,38.8895884739,-578.8902400592588,305.1257935471661,1633.1976735024368
102614,-121.635440527,38.7770777656,-711.6059754794901,446.7429482866888,1665.4765542300104
102572,-121.672929591,36.631254939,-205.45601050011925,314.33262315222385,1634.942778455486
103665,-121.702024678,39.7309091095,-574.5366976646754,300.9531624493922,1632.4232590949798
313251,12.1722878623,50.6231291657,-335.5397878889821,213.74127116229857,1618.616144070008
313249,12.1733563214,50.5361445225,-559.810530791361,287.17994004924975,1629.940247006827
102613,-121.77266285,38.8146973617,-888.4961754609031,655.7135451837164,1733.2608413575213
102609,-121.777312596,39.7694105347,-270.9979789895424,255.35864359459583,1624.6356292118112
102663,-121.847564901,47.3894605762,-150.8880370516827,370.62570207531354,1646.6925341073252
110033,-121.847933361,54.0812560238,-185.4258221303198,334.42657957183013,1638.924655977235
313244,12.1855266744,50.3984339881,-527.8985069795235,259.4655463962919,1625.286208829913
102610,-121.863324612,39.7271106752,-275.0744719459231,252.1444631225199,1624.1335293409004
300392,12.1891918257,57.6108735749,-245.90623081950122,276.46098464649936,1628.0858597990762
300435,12.1924612,57.9861648199,-545.1879286686625,274.08393064184514,1627.683904166306
102682,-121.939787693,47.7437591415,-140.49356234815906,381.8363398276942,1649.251915645089
102608,-121.948331503,40.0140526599,-520.5409319594655,253.56680735100207,1624.354954015952
104182,-121.99751066,44.777233838,-86.3013250266024,442.0769362651951,1664.2310261570076
102612,-121.999380915,39.2145884708,-655.5975385575274,384.32304908703026,1649.8294144867032
104175,-122.001868085,44.5022894313,-131.60917156233126,391.5172216011918,1651.5200954442857
104194,-122.00259398,45.018739029,-241.3855309648539,280.47969236866373,1628.7730807811154
102917,-122.026691494,45.4811631943,-75.18029268528386,454.7424419713151,1667.640122861051
102916,-122.027482215,45.6143012913,-213.28036375113226,306.699779928144,1633.4924688696783
102685,-122.031041729,48.0020924759,-291.65292254648705,239.78341167186184,1622.2604523808695
102683,-122.043571078,47.8315645777,-110.50870257279468,414.8358244434693,1657.2029604389677
104201,-122.043591859,45.0769700498,-81.17362195338143,447.9058504498,1665.7888646863817
102671,-122.047912319,47.5479980393,-179.16783714686056,340.8514598545162,1640.2477277932564
102657,-122.056009041,47.2767040818,-381.13185688078846,200.0130681240135,1616.8605747764298
102684,-122.056370284,48.0185764952,-449.8732856893514,210.0861757788018,1618.1375380663249
104195,-122.064423249,45.0273212937,-73.86854188010663,456.24205456830686,1668.049670484274
103731,-122.064721629,39.9407187689,-323.67692459698196,219.69116317485478,1619.4125780736379
102604,-122.118328745,41.0939581453,-64.73742233972868,466.71238237636146,1670.943846665532
104164,-122.155933717,44.160710763,-65.34202219843262,466.01744765798077,1670.7498772609995
102659,-122.164245759,47.314842475,-422.5122526486684,201.65100745063037,1617.0640122307589
102665,-122.18180369,47.568438625,-266.76863609102475,258.7607928416931,1625.173848779892
103517,-122.185184876,38.8273070337,-408.5808105573011,199.5593868702201,1616.8045150029748
102607,-122.185541708,40.2894769487,-160.31816797663083,360.5723402327262,1644.4589698094906
313261,12.2189422541,51.3773291901,-363.2750562872984,203.54345535046986,1617.301094126259
102674,-122.210564575,47.8187940677,-463.95972971154464,216.4886524942284,1618.981231362721
102670,-122.214723781,47.7066329454,-429.2718544203576,203.21471417291986,1617.25975368905
102673,-122.223245761,47.8313433277,-452.3338955370415,211.1091340848411,1618.2706687510704
110044,-122.231275987,49.0020782686,-238.91982632381297,282.69673580259933,1629.1563262251507
102622,-122.235790482,38.8899489709,-94.66752222771233,432.60882154351896,1661.741039790273
102606,-122.238288433,40.3850817646,-440.7402822490244,206.65913584707954,1617.6961671695483
102675,-122.239683102,47.7649534032,-571.4225475358465,297.99560537751546,1631.880593569976
102921,-122.252650596,44.2140356514,-68.347900287138,462.56590374273554,1669.7904377949108
102661,-122.260330733,47.4811549548,-318.7718214038019,222.40365306271255,1619.7827865925806
102680,-122.277098176,47.6979223537,-374.7695446949267,200.98437576096862,1616.9810172497425
102690,-122.289598463,48.8395890792,-224.5479594571612,295.9492588219436,1631.50815340998
102624,-122.306530764,38.3687270538,-479.0311036186178,224.7204105857061,1620.102513355187
102651,-122.314618556,47.1767321476,-542.8262222657802,272.02874494371895,1627.3390946332113
102611,-122.322842917,39.8191128588,-331.85341080343954,215.49484493086644,1618.848639940672
104165,-122.331747331,44.1887429703,-68.43774324208015,462.4628294796243,1669.761887065424
102689,-122.333172448,48.4437557204,-208.26417160517659,311.5781943065465,1634.4154496373662
104212,-122.33580383,45.3770129487,-428.7123269057006,203.07193855645212,1617.2418196036922
102650,-122.339781249,47.2146271447,-349.1499587942618,208.05434127963204,1617.8749951004518
104179,-122.343660846,44.5939655979,-73.27776451356108,456.9178190788156,1668.2346310509581
104214,-122.359893007,45.4022701407,-306.2594049086,229.94431798045915,1620.835364932998
104217,-122.360471668,45.514527133,-283.61296873381957,245.63008987970443,1623.1349395229888
104218,-122.381519967,45.5316974655,-357.50727517684265,205.20775288234276,1617.5113949178246
110047,-122.406209474,49.0023046866,-366.10007422215045,202.81999553957718,1617.2102032316825
104213,-122.406224876,45.3976477714,-395.77060389464384,199.01167199423563,1616.737002865935
103995,-122.426453636,40.7143456129,-63.84651385412375,467.7368227574634,1671.2302732446037
313428,12.2437061342,52.8434350494,-417.54413775104587,200.72851820347242,1616.9492350924772
103947,-122.443619215,40.6079797391,-139.05753390772534,383.3951398234416,1649.613507487806
102605,-122.443763533,40.6020885436,-131.601330912309,391.52580327232806,1651.5221298771708
110041,-122.443766249,52.5270892243,-143.4174205065731,378.6698651967249,1648.5216885604177
102648,-122.447688044,47.1231122641,-553.8069712774349,281.7284817307654,1628.9885905875176
102918,-122.451816495,43.5936130411,-76.38124714528814,453.37051950358193,1667.2665410188415
103956,-122.457359572,40.630929636,-99.50840287448698,427.15537910031554,1660.3296686924316
103955,-122.469105897,40.630867227,-88.46794068864635,439.6198440188141,1663.580024555811
313242,12.2474926035,50.3400379173,-382.60561391332817,199.8340811287526,1616.8384430197589
313240,12.2481100476,50.2689809374,-201.97870905854816,317.7658527893582,1635.6063181722345
102926,-122.485213057,45.1647127531,-408.9843893363919,199.5981972545391,1616.8093057603446
104224,-122.493800558,45.7603154344,-299.1500798524929,234.6013333245531,1621.502598346251
102649,-122.518507317,47.2019523187,-517.5936218632901,251.26266397576623,1623.9968648843455
110048,-122.518881928,49.0105431173,-360.3339326424467,204.36095949965994,1617.4041834413583
104225,-122.519557568,45.8559529083,-153.4072568743521,367.92866243709796,1646.087601401802
102693,-122.527134611,48.9231926421,-373.7253443951005,201.17439228739977,1617.004646548114
102941,-122.562811277,45.9519573752,-62.90390428865202,468.8212534670564,1671.534103315995
313241,12.2566528263,50.3065043945,-357.84619896192504,205.1030844936046,1617.4981193543242
102644,-122.575979945,47.4314914096,-136.8552963000025,385.7901928472089,1650.1717982510402
102695,-122.577098505,48.8198931175,-227.69853893842443,292.99791237927764,1630.9753730527634
104221,-122.589534664,45.7230493973,-362.72564304314415,203.69120738481956,1617.319695920343
110045,-122.589677913,49.152246692,-349.6635810437783,207.864867947358,1617.8506402547666
313421,12.2605179436,51.8550826957,-357.0907976938116,205.3375362080483,1617.5278651763551
104215,-122.610411868,45.4230934235,-463.3108073074083,216.1652978465216,1618.938024397185
313253,12.2613197997,51.1572050399,-313.5554766210703,225.44164441504205,1620.202711355139
102927,-122.627097632,44.9520888255,-84.11706879004086,444.5575524181343,1664.8916806381092
102939,-122.643728165,45.4520195679,-489.2532298355178,231.04164776232872,1620.9914046183949
102642,-122.644192521,47.7519634582,-153.49192614595867,367.83815734891556,1646.0673743343045
102940,-122.668764421,45.5163560322,-295.44456544362004,237.12890975942062,1621.870220051431
102938,-122.67260893,45.4312358331,-506.135382539524,242.64662224430185,1622.6861292722492
102937,-122.672931054,45.3520888456,-278.21908367283885,249.71022088638196,1623.7573972921912
104209,-122.698138252,45.2312898216,-250.86229512319233,272.1264634779409,1627.3554322799296
102645,-122.698416167,47.3809360975,-171.7651101947252,348.5330400462153,1641.861191102903
102643,-122.706134072,47.5271080406,-141.38762292216245,380.8670376721423,1649.0277715160344
104222,-122.714836285,45.7526209157,-441.0916499084558,206.7799811925654,1617.7116094866794
104206,-122.722606259,45.1937374055,-356.6422166819932,205.47875722232595,1617.5457985836497
300379,12.2734412747,57.4894740228,-167.22825496472637,353.28208126978956,1642.8758686499416
313260,12.2743288327,51.3809692274,-369.44094879212594,202.04344511285228,1617.112996843157
102930,-122.747921926,45.2315797566,-224.58799618920708,295.9115986483567,1631.5013224207362
102936,-122.755963081,45.4023811678,-435.22705108522996,204.88113451592088,1617.4699904871545
110035,-122.7700168,53.9270058991,-143.66405972688716,378.4032174399345,1648.4604592815929
104220,-122.776976331,45.5973944719,-276.31137110578453,251.1822077611224,1623.9844187496803
102641,-122.785266715,47.6398617679,-131.65585899227565,391.4661230915726,1651.5079825342448
104202,-122.789373214,45.0893618479,-261.7228178464536,262.9059169005536,1625.838987103983
104205,-122.793779063,45.151817643,-643.1423161352905,370.87135385202663,1646.7478410351782
104207,-122.806235469,45.2184669985,-246.15059640350847,276.24549296920964,1628.0492815734378
104154,-122.810362255,43.869852736,-263.5584060074699,261.387386870163,1625.5941242698923
102646,-122.814277494,47.4100679039,-169.15689794132712,351.2595166869132,1642.4421265022124
104204,-122.818558344,45.126838809,-643.1648842592788,370.89555774382717,1646.7532922693947
102929,-122.822444539,45.1019963459,-238.2562377556535,283.29635976849573,1629.2604820298275
102928,-122.835497985,45.0562814981,-237.14210226153648,284.3058838823913,1629.436321694141
104191,-122.852090418,44.9690811159,-230.86728771803664,290.0550124470025,1630.4492635748027
102935,-122.856212255,45.3766571036,-479.0723028982451,224.74473724924724,1620.1058878256133
300461,12.2871929678,58.2829507575,-331.4293481661741,215.70217968169675,1618.876252579369
102920,-122.873415992,43.7359618889,-105.25320771314789,420.70865120401083,1658.6828087503297
104223,-122.881088473,45.7609484344,-448.26601910421203,209.4404966794557,1618.0538348569626
102933,-122.898436188,45.5311755824,-628.8261696426844,355.6517897952033,1643.387077480688
102934,-122.898685503,45.5190238524,-498.1059272347029,236.9557494960188,1621.8449118412047
104196,-122.90195694,45.0395171577,-617.0294689617695,343.3283447215607,1640.7642253338022
104197,-122.906548925,45.0438764091,-240.87202860840966,280.93996965647733,1628.852405037537
102942,-122.914833786,46.1441837291,-303.86835300510177,231.48169079830288,1621.0541829380122
102625,-122.927133674,38.5058792941,-75.99049389493986,453.8167921994825,1667.3879487774325
313255,12.2980162277,51.1931594269,-448.2793066394031,209.4457611022094,1618.05451629099
104210,-122.984977608,45.2936338708,-365.5477987447598,202.95663600405905,1617.2273454725128
313420,12.2986511017,51.7277984161,-363.3245393596168,203.53026034965652,1617.2994335385094
104183,-122.989766781,44.8398105902,-465.7932612681967,217.4166011075248,1619.1055769415204
104192,-123.023024889,45.0020218296,-361.4038879300648,204.05601372083632,1617.3656814652718
102919,-123.052044054,43.7190103405,-118.73071153397657,405.698086928963,1654.9392220211005
104152,-123.068706807,43.7940130327,-294.306513698745,237.9185109317606,1621.9858534185714
104208,-123.06893394,45.2188313546,-438.5707061820716,205.9328370559036,1617.6035435865854
104151,-123.085098161,43.6484600396,-138.66246722750873,383.82439405302745,1649.7133254951173
102924,-123.130652809,44.6190285069,-370.82323741491814,201.7474103605814,1617.0760366888092
104163,-123.17690937,44.0479807987,-477.9336539460811,224.07593864406215,1620.0132459721442
102640,-123.17709823,47.3104222356,-122.65463826502821,401.35970104796326,1653.8810418138592
102943,-123.183986157,46.1855434286,-234.08723325441446,287.09153441595737,1629.92467309974
104176,-123.202058947,44.5270719393,-243.1307380932937,278.92111457708296,1628.5054126415753
104147,-123.214530832,43.4148463803,-116.65257551988113,408.0017283673515,1655.505451877683
104219,-123.222472657,45.5940147506,-99.3970450527907,427.2806147133539,1660.3618926474453
313429,12.3229373748,52.7981146967,-338.1979734164072,212.53191551140532,1618.4568903609797
313259,12.3230593468,51.3687067334,-368.9655803170241,202.14867928705394,1617.1261482591538
102925,-123.235028011,44.7816135034,-234.68789328474105,286.5417930869815,1629.8279326454947
104174,-123.260516671,44.3727418696,-248.40146473606123,274.26916073854443,1627.7151051023059
104177,-123.264610279,44.5523549414,-389.9739480266124,199.2011096016327,1616.7603325516457
104181,-123.277191902,44.668353213,-146.20427439208797,375.6611351279699,1647.833177021151
104178,-123.282336078,44.5570712418,-481.6571188199473,226.28997381223508,1620.3209691582488
104169,-123.285286809,44.2475274152,-326.23747763863605,218.33252732657516,1619.228823648713
102632,-123.314813441,46.939804144,-298.98331226524755,234.71364179249073,1621.518851105185
300358,12.3318000005,57.2521000002,-428.74572565448085,203.08039390798638,1617.2428813371876
102638,-123.326893764,47.5143843585,-50.20664085434334,483.48114709908964,1675.7048995709947
104211,-123.339493168,45.3605974993,-120.73509550735888,403.4801196122591,1654.3968985005708
102931,-123.372931223,45.6437554577,-73.16779821363862,457.0436306108931,1668.2690943393911
104170,-123.393800045,44.2648752576,-115.93013904736267,408.8035151692093,1655.7032357462758
313256,12.3395853281,51.3022701859,-526.3678316722423,258.2215734356886,1625.0880812539326
102947,-123.414366868,43.2231858194,-285.3640989453149,244.3321798190595,1622.9390330327012
313419,12.3482951208,51.6481600885,-354.0331899265961,206.32943571403453,1617.6540813437396
313257,12.3520107542,51.3352373866,-526.1358818258057,258.0338252494583,1625.0582592076057
500002,123.54467898,66.8054046416,-583.529020348929,309.6187415216421,1634.0430398087533
102948,-123.556264185,43.5895886508,-98.46181426990843,428.3327976096955,1660.6329746076144
102637,-123.585431807,48.0562555613,-68.95573008690995,461.8686598522396,1669.597421476114
102635,-123.6229317,47.5979222014,-53.22243168606205,479.99061807932577,1674.701132826439
102626,-123.631232218,39.7314475005,-74.38361283715048,455.65307912233044,1667.888671152738
102631,-123.651880243,46.6519284961,-304.6064693438667,231.00393087187604,1620.986029219328
313424,12.3684236755,53.0144479556,-602.7558202073404,328.7140666412094,1637.7685515523208
102944,-123.760431297,45.7104220882,-44.99479011790336,489.5255078271702,1677.4588262188238
102945,-123.835233058,44.3814697273,-70.59835579654106,459.98560077208924,1669.0774828520232
102946,-123.881160918,44.064227562,-61.904880508358346,469.97118826505096,1671.856994077319
300412,12.3900321003,57.8106337904,-190.06293540285083,329.70879963798774,1637.968492799757
300469,12.3909848834,58.3626763351,-204.55832442052017,315.2165793270685,1635.112957177162
102629,-124.002097237,41.5145884751,-63.17447855837467,468.5099130985873,1671.44680726538
313425,12.4020279923,52.9686229448,-332.942692678567,214.96754477141525,1618.77853215041
300161,-1.24043890549,41.6725819382,-255.08975303107405,268.49066093945714,1626.7514025989624
102949,-124.060430751,42.5812552063,-52.876144103447146,480.391152156887,1674.8159749407118
313426,12.4061581136,52.8851996229,-339.14062967691837,212.11431738149412,1618.4021053138194
102630,-124.077097291,41.7895884868,-72.77666749136117,457.4911856444945,1668.3917632823504
102627,-124.097789875,40.4938956206,-211.0451707621049,308.8668433417249,1633.9007368141638
313418,12.4188533167,51.6100543454,-432.890838373767,204.19558425065222,1617.3832963999134
300413,12.423140993,57.8186810501,-160.29061983508035,360.60153707542395,1644.4653719027178
313201,12.4271008494,50.4481349122,-229.24283062780415,291.56044993300463,1630.717752037771
300706,12.4303999996,60.9709999999,-223.24218177940583,297.1796860245134,1631.7317967826739
102636,-124.31471178,47.5393028916,-188.40555973141704,331.39068379816183,1638.307869771185
313266,12.4357419031,50.9057670671,-290.4808500298028,240.61757386533063,1622.3839581612065
300766,12.4360725431,61.8148744417,-745.7995582071279,486.0364354271503,1676.4439469927754
300433,12.4362000001,57.9779000003,-167.78919110425028,352.6932678271087,1642.7493515495753
300386,12.4405805525,57.5607756487,-158.3532251102875,362.6574632769582,1644.9174224004269
313202,12.4595106781,50.4523356526,-229.60513326889313,291.22409835066844,1630.6576484063553
300349,12.4778081456,57.1519518719,-233.92970394314682,287.2358714456071,1629.95010251575
313215,12.4936505409,50.7402004514,-406.022750252577,199.34391029651783,1616.7779332420055
300330,12.4980945362,56.9017514532,-342.79886926531157,210.55043698366063,1618.1978795437833
313238,12.4989854763,51.6021942937,-437.83092122186605,205.69304737734387,1617.5730340807995
313216,12.5019053506,50.7896434555,-406.95530073119346,199.4163508787013,1616.786866548514
313213,12.5019743356,50.6856383149,-403.3624941015777,199.17587615150393,1616.7572237311033
313203,12.5022861006,50.46887699,-226.69053143173622,293.93946626817535,1631.1447822544771
300617,12.5053990418,59.932677656,-213.86168490518833,306.13798352425385,1633.387080823857
300511,12.5099512352,58.7753703152,-744.3649779509036,484.373592746915,1675.9626094267555
313217,12.5182113079,50.8113428403,-301.86929872904796,232.78967713272516,1621.2414763463041
300373,12.5191,57.4146999997,-427.4679616016059,202.76299243705165,1617.203055261773
110029,-125.297932598,50.0262160663,-180.2732766552894,339.71183430822316,1640.011286916966
313239,12.5302998819,51.6062510771,-566.0549032876839,292.953302141554,1630.9673596003158
313454,12.5327023281,52.3892713859,-751.0630370226582,492.14714236816894,1678.2257597198118
410007,12.5359715964,3.89785788066,-313.5498122168215,225.4450270700453,1620.20318203508
313205,12.543366408,50.4891601526,-206.50306298571763,313.3036831566832,1634.745267228362
300467,12.5515970387,58.3338033027,-480.5972874583643,225.65188807962147,1620.2319788968134
313212,12.5687683821,50.6525684422,-349.2311896915877,208.02425062899437,1617.8711257994994
313448,12.5693599831,52.0476436806,-786.5929697664224,533.7593241327636,1690.8967759578497
313218,12.5775076398,50.856158928,-286.75079641747675,243.3139127212912,1622.7860459622302
313237,12.5814656691,51.5859662024,-437.86640041665385,205.70445567399142,1617.5744848167328
313449,12.5940133232,52.0433316582,-723.9325068710889,460.8217678216292,1669.3081179171918
313453,12.6019111558,52.2772406066,-808.2135761853409,559.3502089209386,1699.1484770513387
313219,12.6092820024,50.8693131331,-281.21836394956637,247.4263177829431,1623.4077348520955
110092,-126.095182693,59.4105386118,-138.71302380532322,383.7694526390094,1649.7005436214265
313236,12.6110575076,51.5273256015,-441.19315582798595,206.81505833890722,1617.716093510141
313208,12.6232102716,50.5147984078,-196.91235375148227,322.81093837810374,1636.59396087806
313235,12.6433260143,51.460293796,-434.5055540408133,204.66506254503162,1617.4426353576027
303017,12.6471869506,51.8563201168,-219.38631461756046,300.8371095564115,1632.4018675964085
313450,12.652443493,52.0683542063,-724.3336642496215,461.2816718766261,1669.4351355040067
300789,12.6550540252,62.1039128876,-226.8740707350146,293.76783561964214,1631.1138623930076
300342,12.6559979673,57.0694653781,-469.56644708620456,219.3917451146193,1619.3719858854
300334,12.6607320267,56.9774100315,-186.17646065845028,333.6603466624061,1638.7684759540814
313220,12.6700812235,50.9031825779,-291.59962074813046,239.82120863069983,1622.2660395123467
313211,12.6724824887,50.6353583607,-513.7641946186445,248.32137287293227,1623.5443927011922
313209,12.67670525,50.5564761952,-172.9245507312865,347.32431289986187,1641.6050283723387
313233,12.676816704,51.4015519281,-430.3189181733027,203.4883028207418,1617.2941538974444
313451,12.6852108387,52.0979281487,-412.1236888132031,199.9447632486715,1616.8521265708105
313210,12.6944634355,50.5815845793,-256.5780229645302,267.22461910536356,1626.5429253179861
313452,12.6978760548,52.1275358762,-597.7773242517276,323.7007133341803,1636.7696975014667
300378,12.7017131721,57.4746079136,-436.8665148200305,205.38649273308113,1617.5340807053126
313232,12.7230224939,51.3607108457,-426.45212046557015,202.51959052558368,1617.172555849448
313229,12.7351062169,51.2395556807,-398.8199396088004,199.02143895754452,1616.7382051558986
300353,12.7444592216,57.1728777317,-172.76885791190927,347.4865052286491,1641.639352038689
313228,12.7482509419,51.2109906384,-324.0507084093257,219.49034916135065,1619.3853476615618
313221,12.7635519242,50.9435719672,-295.7675502796917,236.90594625476214,1621.8376362067966
313231,12.7650591973,51.2896503429,-341.9469492484161,210.9065097182178,1618.2442481552364
300148,-1.2768084965,41.6369109072,-264.56031132257544,260.5636173608197,1625.4618696044954
300029,-1.27689879351,42.6147841481,-101.80637343179937,424.57331290220986,1659.6672524559683
313222,12.7694023547,50.9813510034,-371.1062816398587,201.6886267512095,1617.0687038610247
300028,-1.27714158853,41.9187626065,-758.6934753606994,501.0320614956164,1680.852764965609
313230,12.773150468,51.2485722855,-398.7481120259586,199.0203410169923,1616.738069999128
313227,12.7815900267,51.1815226609,-411.07824181223134,199.8205695037991,1616.8367730982645
300329,12.7895248654,56.8773677642,-161.69100421187534,359.11865941484575,1644.140840191588
313223,12.7901117394,51.0227415138,-250.5745682951613,272.376009548266,1627.3971799850895
313225,12.7941994067,51.1561921268,-313.074823813916,225.72931598279874,1620.2427641992565
313200,12.8061674567,51.1560987158,-275.78503093546357,251.59092747411322,1624.047685763343
313224,12.8111751641,51.1185893017,-283.62638333066235,245.62009661148628,1623.133427265122
300698,12.8267858074,60.8724978228,-241.58294805416762,280.30294101374835,1628.742652964839
110009,-128.411193402,54.6354218297,-85.59161880210546,442.8825508707653,1664.4452062809942
300357,12.8567271219,57.2312634705,-184.13230560904742,335.7492261138663,1639.1950566305543
313430,12.8603032532,52.0899241201,-795.6552520889321,544.463354681719,1694.3061221152618
313422,12.869276506,51.8018242492,-223.4623995282743,296.97188328159973,1631.6939634336475
313431,12.881863665,52.1098278607,-579.7969785928674,306.0002821087504,1633.3612777020949
313126,12.8978084513,51.6477752405,-230.01297263718126,290.84587856164995,1630.5901434518373
300595,12.9024877017,59.6728986815,-232.7559158454964,288.3134630592715,1630.1403448253209
300315,12.9146891427,56.6516967025,-495.93493618058346,235.4694007695831,1621.6284190728688
300835,12.9166032229,62.8055937907,-207.3978413041746,312.42618945115663,1634.5773198906668
313199,12.9279175708,51.1649853996,-256.2416312090555,267.51013518540566,1626.589857116077
313432,12.9352113414,52.173445655,-577.1392847158489,303.44236804579293,1632.8840012601092
300390,12.9355523114,57.6191461166,-257.5109823402299,266.43474870305965,1626.413344190968
300403,12.9392517847,57.7145444115,-404.17960361455255,199.2213982792165,1616.7628324458449
300438,12.9480143505,58.0102422059,-262.93284768310093,261.9035483171719,1625.6772002667415
313433,12.9775533099,52.2308700127,-806.0920099545955,556.8310912320746,1698.3208633849756
300310,12.9808585862,56.573204635,-233.73578613348926,287.41364159454275,1629.9814392258033
300298,12.9865006587,56.4814601154,-642.6568830370104,370.35089074386656,1646.63070332141
313434,12.9941575523,52.2309912468,-589.9023195829386,315.86691808459335,1635.2384538000092
110006,-129.972935417,55.9604216253,-64.43338934688614,467.06192872345184,1671.0415123834762
300388,13.002311895,57.5941636765,-167.0993482897912,353.4174589159989,1642.9049854183982
110007,-130.031122074,56.0521774959,-77.39977406461087,452.20777054583203,1666.9507367010033
110001,-130.077102127,56.0270882778,-73.23486519721997,456.96689886665223,1668.2480743300111
313198,13.0106575417,51.1481217342,-254.82303626385453,268.7183281848317,1626.7889939228246
300150,-1.30208879059,41.6275225414,-386.4714241098591,199.44742057013192,1616.7906990139645
313197,13.0262153399,51.1356394031,-255.6345604745029,268.0263490663281,1626.674833714412
300319,13.0691423895,56.706347531,-167.75213144365736,352.7321551428573,1642.7577009765348
110008,-130.693614285,56.3564298501,-61.19727684280948,470.78605383974065,1672.0862415964018
300809,13.0699150926,62.4784272386,-238.79491959803795,282.809507504791,1629.175898539224
300725,13.0717383067,61.4471760443,-464.4141032952172,216.71664552723374,1619.0117341435675
313435,13.0810885975,52.2105469641,-591.4200747294353,317.367219476427,1635.5289183760046
300621,13.0930150105,59.9637736466,-212.80062660575183,307.1639687480258,1633.579687233844
313437,13.0934339125,51.9900720168,-406.86423104039636,199.40896736217266,1616.7859558737
313196,13.0980917949,51.1315121198,-290.4705472364874,240.62493441309437,1622.3850498285822
300095,-1.31027876127,40.9856853333,-232.32941041694272,288.7059278125231,1630.209803552928
300441,13.1101082919,58.0387926143,-492.47286843556935,233.14708562618392,1621.2928342474004
300331,13.1103924239,56.9437474997,-181.36436445916922,338.58895953581987,1639.7790626683627
313438,13.1147993313,52.0105283585,-418.6118393268881,200.91038839765608,1616.9718225782672
313447,13.1196640427,52.3649125298,-612.7079704849149,338.8677395686821,1639.836649110628
300475,13.1228901129,58.4962634461,-402.6562355712857,199.1408847134516,1616.7529133452772
300663,13.1238932,60.5356602369,-138.89380776219116,383.57301273609295,1649.6548569156603
313124,13.1311088306,51.4855268451,-244.69173736656637,277.5346489085656,1628.2685196830362
313446,13.1316232177,52.3237047864,-372.51998135651183,201.40438683057786,1617.0332766769477
313195,13.1414099695,51.0890414883,-288.78629515007674,241.8347218342604,1622.5649212067415
313445,13.1434951496,52.306883081,-511.0461516154321,246.27075895674525,1623.2320159370677
313439,13.1560102917,52.0600688276,-811.3294825167687,563.0529684284314,1700.3709995474676
313444,13.1560264927,52.2811500969,-635.4376972870796,362.6464696485529,1644.9149986532875
313436,13.1562446747,52.2721569052,-581.3339633705084,307.48678548919327,1633.6404176245344
313194,13.1565400537,51.0722852839,-277.69871117824414,250.11026721369595,1623.8189666990875
300610,13.1572437378,59.8304470675,-573.4709699929806,299.9384283532839,1632.2364876601132
313443,13.1646302474,52.2767797865,-758.3621532572906,500.645641849509,1680.737620673998
110005,-131.672070062,56.7356235315,-63.285005134895,468.38274712036764,1671.41116684256
110091,-131.76,59.9319999999,-443.390898457394,207.59273337120592,1617.8156983397444
110004,-131.764391158,56.8291644892,-303.7326195272884,231.56985326749583,1621.066774623524
300109,-1.31869500896,41.8853857848,-636.2574594419415,363.51789490531223,1645.1073371553528
313442,13.1935958418,52.2563442289,-618.1951839074283,344.5366876440041,1641.0174953298601
313440,13.1981154372,52.1186842315,-588.6623874409847,314.6447122636391,1635.0028091111813
313441,13.2061894368,52.2151733914,-631.6813316648592,358.6649986590978,1644.0418097205181
102951,-132.128270883,56.7064317341,-56.64335120714058,476.0375614360125,1673.572421720653
313193,13.2144182545,51.0696061767,-277.4989355042368,250.2641429990218,1623.8426746815778
300833,13.2212000001,62.7756000002,-390.13786357323534,199.1920117195825,1616.7592116264188
300259,13.2344350932,56.0861317357,-617.4845796604087,343.79984359458,1640.8629507980377
303025,13.2344958632,52.5354476809,-423.0095620074844,201.7539972422896,1617.076858485467
300574,13.244292105,59.3956983196,-590.7953441759514,316.74911116089083,1635.4090895758163
313122,13.2482027253,51.3477561687,-224.06439802547175,296.40442829906937,1631.5907807907236
300026,-1.32733368968,40.885400149,-373.93518000743046,201.13551922069246,1616.999810741536
313192,13.2769307667,51.0648943243,-302.760353375351,232.20413401728047,1621.157503360084
300308,13.3021971808,56.5686326347,-188.86539376250187,330.92356282877313,1638.213446191086
110114,-133.069324779,60.7856894906,-220.61364196238696,299.66909545274456,1632.1870167402542
313188,13.3108154845,50.9979109817,-281.723034894104,247.04572482904396,1623.3497716149445
313191,13.3186673621,51.0356044579,-288.5526887148157,242.00353743198235,1622.5900908657054
300710,13.3217133664,61.0961616173,-244.08278477642972,278.0746537241741,1628.3606492082167
313190,13.3351611085,51.0187470725,-282.30010575264055,246.61185669266393,1623.2838010364633
313187,13.3359233716,50.9602819216,-277.4087435524269,250.33366609027428,1623.8533909267123
300128,-1.33554514136,42.831113444,-88.96013715878551,439.0621496684274,1663.4327344733376
110133,-133.627718273,64.7497033406,-72.65779464281434,457.6272272927007,1668.4290725127007
313186,13.3727229926,50.9434270922,-276.42152746079273,251.09680921244077,1623.9712123195577
313185,13.3858875077,50.9149504519,-277.83569338117604,250.00485193815683,1623.8027333511313
313184,13.389976166,50.8982228235,-277.2379266475708,250.4654285781162,1623.873708685132
313183,13.3935176193,50.8568474411,-276.9770187828305,250.66691347542914,1623.904797812139
313120,13.4069797564,51.2109404184,-182.7582849840236,337.1572864806753,1639.4840428235334
303019,13.4069797574,51.2109404194,-182.38596385210525,337.53937571505173,1639.5626615058336
313181,13.4271679711,50.8023524786,-269.191348818338,256.80367428570975,1624.8633844027092
300337,13.4315412165,57.0228135872,-193.93093965743884,325.80280100217965,1637.186719951897
300578,13.4345527167,59.4380561781,-713.5421189210283,448.94736344619054,1666.0692140458243
313182,13.4567941516,50.7940633369,-428.1774116766031,202.9376792605956,1617.2249665738102
110101,-134.891440602,60.1334859256,-158.65335976142111,362.33863442874934,1644.847159114085
300677,13.4964559338,60.6784595757,-225.68936618043378,294.877162433333,1631.3140199761415
110102,-135.030826576,60.2796531527,-104.95021851416098,421.04796383197265,1658.768904547296
300481,13.5130086812,58.5567465522,-413.9565412032101,200.18359575322162,1616.8816786811196
300678,13.5134583713,60.6809994579,-271.0124249611054,255.34713925517678,1624.6338210106878
110105,-135.147255287,60.8381002679,-437.0114856276214,205.43213660726263,1617.5398769727474
110107,-135.184687603,61.4378636065,-148.05528050993863,373.66792643063445,1647.3799228134824
300686,13.5214999999,60.7349000004,-256.4407047834152,267.34112362004686,1626.562069896017
300628,13.5287666075,60.066209004,-536.8401009215281,266.8998823354374,1626.4896058803006
102952,-135.294039948,59.4718471319,-88.95566089896298,439.06722077197855,1663.4340729955047
313180,13.5313540537,50.7399771324,-270.4438040063011,255.80057624500594,1624.7051503744497
313117,13.5356708921,51.1272204504,-180.41103211405098,339.56995803561466,1639.9819045484296
110112,-135.495296554,60.7210728492,-156.7996387307676,364.3097405857312,1645.2824918328245
300623,13.558551054,60.004743625,-547.3638733021625,275.99281219335666,1628.0064260402607
300299,13.5653557215,56.5066881785,-184.42270115675356,335.4520434814313,1639.1342118087382
110124,-135.701730039,63.9142560554,-697.526596590582,430.79621490780175,1661.270077267653
300870,13.5901552046,63.5244379542,-251.93760407008713,271.1961780344117,1627.2001283881643
300787,13.5904999996,62.0502000002,-198.90140983472105,320.82428362612137,1636.20326115376
313179,13.6275142917,50.722758035,-267.43292807796365,258.2219862903076,1625.0881468553318
300071,-1.36341382166,42.5311220962,-300.9833485630557,233.3758576732284,1621.3257482044442
300267,13.6349971203,56.210095335,-430.5322082491572,203.5450552213281,1617.301295476832
313115,13.6440163001,51.097946042,-319.7992212744271,221.82374894829883,1619.70326493573
300843,13.6486664204,62.8964394222,-239.0869996791036,282.545872925162,1629.1301547614382
300269,13.6523346547,56.2304538917,-555.0486741899786,282.8477298577019,1629.1825340125768
110117,-136.592004025,62.8115633902,-159.98121364431046,360.92953166475183,1644.537326324253
300266,13.6653425088,56.210763473,-257.83990245268694,266.15697599443297,1626.3678632820088
110126,-136.715857534,66.4492691982,-219.91517989190572,300.33336645988834,1632.3091073246867
300322,13.6769528248,56.7560947512,-471.70805617467374,220.55133028795638,1619.5294934448623
300859,13.6932603801,63.3313075232,-232.28965777576624,288.7425323430982,1630.216286518415
110100,-137.016287732,60.1274352021,-145.47691721629815,376.44550630626935,1648.0121692706546
300721,13.7074864323,61.3138368873,-233.52121755342233,287.6104609819797,1630.0161557825897
300850,13.7268269699,63.0780858262,-224.486575008662,296.0070072049181,1631.5186297313303
300384,13.7356999996,57.5686000004,-186.22823455798257,333.607532865222,1638.7577236524028
300937,13.7386567529,64.645932645,-100.9440911486711,425.54168514721823,1659.9152438133458
300830,13.7769424911,62.736287678,-454.6127451565685,212.09325866613858,1618.3993454081744
110099,-137.795030224,60.4913589032,-232.2398504013775,288.7884012742204,1630.2244114098235
300856,13.7838999996,63.2912999999,-233.4713033109287,287.65626405748185,1630.0242381932526
110098,-137.982474823,60.1194985125,-66.79755176200611,464.34539325492824,1670.2842677469782
110130,-138.264492792,65.3639127864,-104.1449535464073,421.9501487487327,1658.9981370921014
110132,-138.313230853,65.3641283344,-68.06635669707794,462.88894445905737,1669.8799554903358
300812,13.8375318831,62.5500109836,-241.74442179317714,280.158454593924,1628.7177933965238
300800,13.8621756991,62.4331160059,-232.48547336930437,288.56226450797396,1630.1843672860919
313112,13.8644256663,51.0102661428,-310.18066709805873,227.48846170600206,1620.4887815271504
300350,13.8685669056,57.1811289213,-473.5910013878331,221.59346818949507,1619.67174328326
300719,13.8773383324,61.2933876476,-699.3281769368848,432.8282456862736,1661.7981770088215
300726,13.8876000002,61.4548999999,-229.9610210417668,290.8940331397809,1630.5987333989663
300306,13.8946149708,56.5736382171,-271.8252002213237,254.70116424672477,1624.5324170094675
313110,13.9415117497,50.964771697,-133.07230659972146,389.91695718026136,1651.1414610331542
300571,13.9531747706,59.4029856022,-563.2439449399045,290.34173464328035,1630.5002955294597
110127,-139.761918674,67.5365632521,-254.72509173890728,268.80199173439553,1626.8028158342865
300311,13.9895291756,56.5943295368,-266.6727702560079,258.83868429386496,1625.186252505529
300072,1.39927619792,42.322980711,-92.6531466324993,434.8835911422778,1662.3346921395791
300724,14.0293999999,61.3877000004,-199.57532626511085,320.1529120219542,1636.071752070221
300394,14.0721543215,57.6683009256,-504.76002957698984,241.6507677671737,1622.5375140219257
313178,14.0725420785,51.4985242692,-650.6893495781776,379.0002487429322,1648.597609907642
300268,14.0725805205,56.2230317151,-621.5640596908559,348.0406255891305,1641.7567322555612
300421,14.0778170619,57.9150127241,-734.2608197141187,472.6952285993362,1672.624784578587
300682,14.0798461361,60.7145124907,-237.55238102884687,283.93372420585865,1629.3714280627955
300422,14.102878003,57.9397153631,-666.8972730517253,396.6787096399951,1652.7513090382465
110002,-141.143489842,64.7923429321,-128.07423508263258,395.392825304377,1652.443153983871
600679,141.156675097,-34.156294747,-433.5351447410902,204.38057481191566,1617.4066619766456
300364,14.1167205192,57.3732549592,-467.54852110915965,218.32454475797877,1619.227747319618
300523,14.1168165602,58.9815419443,-508.05392671371266,244.04991184645985,1622.896561804926
300417,14.1190152404,57.8767681439,-581.2618288286989,307.4169033200528,1633.6272657166555
300416,14.1190236474,57.8765886219,-577.8968966325142,304.16990609429615,1633.0193576989216
300430,14.1191918674,57.99836194,-530.0923607330976,261.2634126992712,1625.574194449843
600686,141.210655642,-34.1022101175,-350.96016555167034,207.39493290252827,1617.7903291340413
313170,14.1231213567,51.2519375127,-361.88921408031194,203.92053107786236,1617.348593792032
600422,141.285568059,-37.92725186,-595.4356329866274,321.3586617884027,1636.3081251257106
300437,14.1353284347,58.02266033,-511.1769740482854,246.36873871968277,1623.2468839533663
313171,14.139253114,51.2981728826,-381.8245230864234,199.92677855916943,1616.8499026288841
600421,141.406663674,-37.5855535817,-183.33266506653135,336.56829121970355,1639.3630182179102
600428,141.427377302,-37.6232453968,-308.35130807542174,228.62393948619683,1620.6485728103344
601236,141.427854512,-37.4932182321,-284.71004866321414,244.81538948029072,1623.0118501638772
601240,141.506695442,-37.6431454885,-300.11148552244714,233.95657435278707,1621.409439200622
313172,14.1565852305,51.3280935151,-585.2856058349303,311.33232152965815,1634.368595291476
601139,141.660500102,-38.2440416242,-727.7452402953904,465.19705657782725,1670.5212337155908
300436,14.1725730728,58.0189457967,-504.7469663488876,241.6413499943888,1622.5361114234397
600298,141.768990178,-38.1520196436,-620.3600665220044,346.7863580628251,1641.4912942152523
600475,141.831236142,-37.710527715,-184.0408625257994,335.84283591790586,1639.214232882135
601242,141.84,-37.673,-187.60363780187896,332.2062020415802,1638.4730243494632
600424,141.856778552,-37.1565216092,-177.94361542579068,342.115843787467,1640.5109391334138
300007,-1.41877730424,41.1066590263,-417.2074763538431,200.67304061652055,1616.9423490267873
601499,141.902417509,-34.1103309962,-208.8833625531628,310.97307990836254,1634.300201087205
600368,141.943600711,-38.2601960905,-242.36253829899474,279.60606697885015,1628.6228671909794
600427,141.959,-37.2349999997,-335.6632290666174,213.68407988516077,1618.6085928482998
601290,141.973756954,-36.4060556351,-244.6910585563422,277.53525024488897,1628.2686221795466
313176,14.1984520669,51.4774337704,-736.1318458855673,474.8532246305373,1673.2359295054612
300939,14.2075330637,64.6814423619,-171.96478977572806,348.3247269210651,1641.8169831715775
601431,142.086129464,-34.1682090409,-217.9978532007309,302.16273516563325,1632.646688468991
600732,142.181482538,-36.8086770564,-343.55040903802796,210.2404482938118,1618.1575748192042
300898,14.2217961379,63.9024842245,-223.70292142971056,296.74505639908836,1631.652695687193
601590,142.22314051,-32.5225868518,-430.4398551209954,203.52043944504172,1617.298197648748
600841,142.227458273,-38.3185417273,-370.10306281033627,201.89979167669244,1617.0950549442287
300279,14.222964356,56.3479852204,-750.0618048532185,490.983586095681,1677.8849104337758
600852,142.243756954,-34.3062708634,-193.37352811061945,326.36400420342625,1637.2984926657934
601497,142.268654074,-33.7436911848,-204.10805860672542,315.660579118877,1635.1986093608475
313175,14.2311625476,51.4105324999,-403.2046293845707,199.1677042549562,1616.7562170173262
313107,14.2314606847,50.8906495059,-94.04107817270864,433.31590353857365,1661.9252579780582
601239,142.336,-37.6310000005,-398.4703084405678,199.01648867809715,1616.737595781005
600420,142.369007909,-37.310852624,-190.0620958293847,329.70965039183477,1637.968664049313
601500,142.377687917,-32.4354939026,-202.59760671272272,317.15301291319304,1635.4873660306587
600809,142.406849087,-37.2189948744,-759.7693008424415,502.2871767706749,1681.2273191910251
600854,142.410610963,-34.5600558404,-199.19933938485167,320.52737028047375,1636.1450687347078
600763,142.48530203,-38.31469797,-344.2321866710294,209.96259749084473,1618.121498278509
600551,142.506181955,-37.3687174948,-389.0493584035073,199.25649907093464,1616.7671580249244
600399,142.543992091,-37.1770079089,-26.261404266893116,511.3698162026982,1683.9631764884784
600836,142.585618071,-37.0275174625,-211.5595788543892,308.3671453656136,1633.8063493532281
600514,142.627510355,-38.3309792904,-206.8677865205823,312.9458031984392,1634.6767162303076
601286,142.643876059,-36.9063336465,-372.4223912400632,201.42350629377515,1617.0356581515648
313174,14.2649528734,51.3773670911,-421.52997407169823,201.45325543355062,1617.0393640758286
600176,142.656272436,-38.3480138058,-222.68974518307988,297.70149807017805,1631.826912634797
300408,14.2692263258,57.7896810697,-566.0313660223727,292.93135022932955,1630.9634167550062
600513,142.702734468,-38.2437551782,-346.81875406308063,208.93779070780153,1617.9888415041191
600515,142.727045178,-37.6935277156,-349.89781896640284,207.77908199911792,1617.8396205317702
601430,142.760555636,-34.5980732725,-220.07106676909171,300.18501041061285,1632.281817371377
601432,142.760645636,-34.5981932725,-223.17861176544005,297.23969420901466,1631.7427268596768
600608,142.781840407,-37.4851945184,-477.89086993649164,224.05095225120914,1620.0097901095103
601009,142.823039185,-36.5727579839,-346.6421043713027,209.00629476787535,1617.9976891511872
601223,142.868865562,-35.4437016575,-361.68910495768205,203.97617804439759,1617.355610883267
600832,142.881541726,-38.3058332993,-231.169360344935,289.77583144205875,1630.399620747601
300459,14.2929809888,58.3030354562,-766.3565772326567,509.9848243691456,1683.5431125851258
600286,142.964370162,-38.4437606997,-175.53848538811104,344.60682531071393,1641.0322223822159
601011,142.981048732,-36.4310832482,-336.40543919857976,213.3423170809235,1618.5635097528434
600038,142.981194757,-36.6439784708,-338.78767537894146,212.26998096394408,1618.422514569177
601050,142.99,-38.4480000001,-172.74100893331968,347.51552068105013,1641.6454939968637
600034,143.168902436,-36.6985000003,-253.4000405704502,269.9369345850242,1626.9907312271773
300383,14.3170309867,57.5653708111,-250.52905871622923,272.4155041231514,1627.4037906225533
600404,143.252428099,-38.6981322318,-426.0434200599116,202.42390371231917,1617.1605757129128
600557,143.255758678,-38.5893074377,-292.3305798619081,239.30402788411652,1622.1896648072775
600030,143.29839,-36.4392878679,-361.03681700141044,204.15966253199647,1617.378761654537
600851,143.344228222,-34.8478570562,-227.7023706241813,292.99433821455676,1630.974730972792
600831,143.360517056,-37.6897411663,-346.8200424139787,208.93729189399747,1617.9887770902437
601498,143.38042,-31.5598600001,-203.89022366709756,315.8755307146732,1635.2401174598983
600027,143.402034163,-37.1896572519,-377.370893407136,200.54841115837283,1616.926886431212
600960,143.418711479,-38.3519803561,-230.14859537081034,290.7202012491064,1630.5677312704024
600403,143.481602488,-38.5226024872,-317.23757083610735,223.28105570394052,1619.903491163054
601419,143.493552014,-34.664438949,-231.09204796606272,289.8472621316749,1630.4123178543557
600031,143.510916752,-35.909520812,-328.81628164373774,217.00493961350708,1619.0503496379126
600683,143.527177158,-38.6559114213,-192.55181489519987,327.1923487929737,1637.4638084411663
601538,143.53518,-34.6437600003,-222.0731239974544,298.28481032995313,1631.9334296838094
600862,143.564,-35.3279999999,-227.24574887499352,293.42053373464813,1631.0513481994092
600721,143.573597157,-38.4851960911,-329.5164999769132,216.65161688204333,1619.0030308630026
600012,143.581134439,-38.6685580123,-126.1125723963648,397.54914050401806,1652.9604381114111
601396,143.581393198,-35.0440655914,-370.3835092908753,201.83997240051406,1617.0875873942714
601301,143.585531269,-37.8100937053,-216.4161275358217,303.67832229194033,1632.9278656070612
601525,143.606192668,-34.6393944239,-235.25133879372655,286.0270031785773,1629.7375056717885
601400,143.62213,-34.99015,-245.80489945333323,276.5503958856966,1628.101044871147
601300,143.644085025,-38.0143870552,-385.1835835731754,199.5628786023315,1616.804945985147
600408,143.655929243,-38.568568565,-84.34320486916678,444.3005719901933,1664.823080425304
600202,143.677482537,-37.5226632495,-240.07903125096266,281.6522651431371,1628.9754108967531
601528,143.702536149,-34.5518764387,-272.2879801937103,254.3344988663332,1624.474970000946
600118,143.709602488,-38.422796802,-575.0705505778919,301.4624749752964,1632.5172325780259
600070,143.731453147,-38.5279114207,-151.4725892945149,369.99917211505254,1646.5516324160046
601533,143.785296531,-34.3772294432,-219.76597703635477,300.4754151366426,1632.3352492510608
300798,14.3817720521,62.3718479018,-211.15568376656313,308.75944204098164,1633.8804374541744
300489,14.3821117771,58.639647147,-250.63805450388628,272.3209252695516,1627.387961484799
600095,143.831620053,-38.2979114206,-250.36496354644433,272.55796522211944,1627.4276436302805
600068,143.83518741,-38.326822842,-239.22777934529427,282.4188900746095,1629.1081364712902
601249,143.864629527,-37.9310557103,-252.76722142325298,270.4809808598961,1627.0810833676717
601211,143.868557105,-37.0949114211,-354.7855565916089,206.07901090595468,1617.6221590909179
600706,143.868750051,-35.921916752,-232.46544134537658,288.5807013049687,1630.1876309221748
600711,143.890047882,-36.8354281766,-370.96332184416303,201.71823909850977,1617.0723975230637
601008,143.906453147,-38.3270885791,-206.32357765764988,313.4799023176089,1634.7790492916904
600715,143.910404313,-35.7353744826,-321.8283111047655,220.69667243743703,1619.549292880875
600710,143.910616059,-36.8147137929,-358.7526046791023,204.82735109116078,1617.4631787465848
600709,143.914131716,-35.7019403408,-237.1733115914919,284.2775577286398,1629.4313795536607
600667,143.918937692,-37.8102498473,-330.8298881838042,215.99722520697253,1618.9155914201017
600056,143.931648368,-35.6022411546,-735.9557222840301,474.64999833796094,1673.178266583753
300401,14.3934661221,57.7352539702,-475.7328332662455,222.80421334482176,1619.8378339606065
600066,143.936,-38.3009999999,-229.27104522921195,291.5342441107978,1630.7130668315747
600285,143.948442436,-38.5725437564,-89.85685273693511,438.04657693416203,1663.1649630778427
600708,143.968944365,-36.98541665,-367.0562719512171,202.58895160812813,1617.181243447891
300275,14.3980916084,56.3227660893,-284.16713399104617,245.21790968747774,1623.072615158509
600069,143.989411624,-38.2396472078,-236.7821592118473,284.63277047751575,1629.4933890248503
600065,143.989531269,-38.1521092876,-230.46113832274938,290.4307599857373,1630.516150546163
601313,143.997,-38.3080000005,-218.61049479263104,301.57726454496003,1632.538433647553
313164,14.4020676988,51.5234830262,-611.2950824151135,337.4159730649424,1639.5372608529967
600817,144.039703768,-37.6436489345,-579.0147256519328,305.2457422738558,1633.2200874414639
601543,144.060708116,-35.0892593932,-242.52584192871922,279.4603150788167,1628.5978504682905
600716,144.060812385,-37.1100416244,-359.406113273787,204.63234326038773,1617.43849550894
313163,14.4061060551,51.5065003498,-526.6286402028516,258.43291955408654,1625.1216769076814
600550,144.098268876,-37.2063075503,-736.472071316662,475.2458579371217,1673.3473985793796
313152,14.4105878265,51.1687320159,-381.4690277291737,199.97058529169394,1616.8553200048195
601395,144.127208165,-35.631143838,-218.1031807886613,302.06201681891906,1632.6280509812082
600489,144.127369694,-35.6562708631,-497.1216347437387,236.27902887154463,1621.7461793790253
600067,144.189864466,-38.1395730975,-209.95954884554072,309.92330279393605,1634.1007754911222
300672,14.4247771117,60.6369923403,-447.50933424146723,209.14273502621467,1618.0153195999817
601264,144.248418709,-37.5977503227,-566.2742198029076,293.1579143049247,1631.0041243251344
313153,14.4271838459,51.1934519339,-381.70681371539297,199.9411715694009,1616.8516824169526
600811,144.281755278,-38.0894900004,-206.21802480122284,313.58356563202324,1634.7989305968115
600833,144.285206568,-36.1606197048,-392.3359618514254,199.09103228099664,1616.7467736107278
601534,144.302511848,-34.4770234885,-229.48369783701162,291.336797770238,1630.6777795079574
300428,14.4317201482,57.9950147897,-750.3949079777087,491.3706333898366,1677.9982092373982
600064,144.348,-38.1639999996,-319.12295536221245,222.20476666260552,1619.7554905520672
313148,14.4356436476,51.0806402676,-545.1436052569851,274.04519907562576,1627.677382647552
600079,144.364084516,-36.6352233191,-204.7337996021578,315.0436581427392,1635.0796302877557
600948,144.398430599,-37.7311770507,-417.4541766609358,200.71360594002232,1616.9473839477373
600949,144.415,-37.7185533627,-368.73252010897835,202.20091220050924,1617.1326784592238
601263,144.427346083,-37.6809999996,-495.8389067111542,235.40418524918394,1621.6189507029133
600039,144.431323089,-36.7724543774,-394.55980612636125,199.02872603240363,1616.7391022153413
102953,-144.434876462,61.4652593698,-116.72948073733244,407.91640500313326,1655.4844258756002
600545,144.439239257,-37.3517289613,-570.9335262256623,297.5332863609113,1631.7962334000865
601420,144.447727694,-35.0438613014,-242.42611327352,279.5493157024422,1628.6131249488594
600214,144.45215787,-37.3855224461,-239.15142622141036,282.4877533908136,1629.1200758881387
601494,144.456583813,-29.2397662642,-229.01253825264268,291.7744230886762,1630.7560224677125
600864,144.464475277,-35.9396578105,-216.94339531780517,303.1724625264606,1632.8338656704618
313150,14.4482389706,51.1065888757,-410.8993133308726,199.80019153420787,1616.8342547654943
600688,144.485512534,-37.9562186644,-379.5245037704169,200.22807489146953,1616.8871861761816
600265,144.493572374,-36.9642560153,-354.27751670053175,206.24765896160537,1617.6436528707823
600690,144.506634401,-37.9770501381,-384.09896033278915,199.67047450139344,1616.8182301154318
300363,14.4522038139,57.3560946408,-475.59343056800503,222.72459913430714,1619.8268851656721
601046,144.523063709,-37.468566934,-217.12780672763546,302.9956890315556,1632.801052920316
600219,144.530897699,-36.8437007673,-310.26865534879414,227.43430384882112,1620.4811795924022
600220,144.531401534,-36.85171816,-321.1507437843764,221.07032694891123,1619.6002532425348
600222,144.539661557,-37.0182152078,-334.375281698639,214.28569776097603,1618.6881265737675
313147,14.4567756043,51.0441205066,-390.1512721699028,199.1912771179537,1616.7591211203562
600542,144.573104032,-37.4766645167,-598.7444513694891,324.671019894162,1636.9618694414053
601259,144.577,-37.7520000005,-349.13161118572293,208.06114433915167,1617.875869969542
601199,144.581119286,-37.7272628574,-448.46832508999523,209.52078188574885,1618.0642289130558
601260,144.58534182,-37.818701083,-369.2026779747939,202.09597313831318,1617.1195605782239
601265,144.585755715,-37.7769564265,-350.71657466189845,207.48230292620718,1617.801531978984
600835,144.635528598,-36.5478511178,-338.3629046890464,212.45842234672662,1618.447241052993
601270,144.639947003,-37.8848703935,-493.37765055280954,233.748235605111,1621.3793906715625
601278,144.665,-36.9479999999,-310.2437533497505,227.44962706748555,1620.4833302749903
601014,144.672861982,-37.4645690087,-434.3453811791924,204.61762086479027,1617.436632951768
600849,144.673243811,-36.0977087236,-360.44468473556105,204.3289954853007,1617.40014506059
601890,144.690072557,-41.1314085691,-516.1063207232245,250.1131636457579,1623.819412827324
600223,144.702087558,-36.3304646239,-245.34894042755144,276.95310195286487,1628.1694971738352
601532,144.714786394,-34.5227476663,-238.530531294588,283.04835525266196,1629.2173772266312
600217,144.739385313,-36.1437102024,-384.7460050494525,199.60514828501934,1616.8101638930495
102954,-144.741003728,60.6630252924,-159.45109430394825,361.49180189088634,1644.6608202545303
600544,144.744068756,-37.5813592623,-597.2158433916311,323.13819496287005,1636.6585422408202
600363,144.744214009,-37.4644305987,-228.24522507353524,292.48834612446717,1630.8839086411426
601987,144.752117789,-40.7771718168,-735.4104679800527,474.0209556077962,1672.9999274361353
600589,144.775331613,-37.7648374175,-500.41544526854597,238.5618067703506,1622.0803391002307
600313,144.801932028,-37.6315541465,-320.2554469183049,221.56821822061866,1619.6682889318558
600867,144.806742924,-36.1230283047,-214.25979486766533,305.7536792595032,1633.315096124048
600312,144.815067972,-37.4269227186,-171.37030792830586,348.94508958244035,1641.948710036243
313155,14.4826666494,51.219265258,-382.214763271841,199.87985514588195,1616.8441011238915
600748,144.831261199,-37.7305033187,-483.57347910726565,227.45945148193934,1620.4847092504297
600749,144.83520212,-37.7400423985,-484.96719008788796,228.32253364431693,1620.6060811362352
600588,144.851851382,-37.8565881331,-520.6453016511726,253.6490317350991,1624.367791525718
600468,144.852319437,-36.1019102939,-224.5940526857026,295.9059020067407,1631.5002892088032
600746,144.852324379,-37.7685745608,-435.49466771833085,204.96226474556948,1617.4802690653194
601881,144.877054847,-40.9144751111,-625.119322404501,351.75709087388964,1642.5486117086602
600596,144.898000876,-37.2606802728,-310.38427222161283,227.36320423943488,1620.4712023013576
601883,144.910632908,-40.985268326,-522.7875143609599,255.34607995670657,1624.6336545188403
601880,144.914543625,-40.8561483413,-753.4411452448064,494.91294924626914,1679.0389269393447
600595,144.914865327,-37.2101642056,-196.09630301858311,323.6281884509086,1636.75535594236
601765,144.922642892,-40.8558880763,-497.22672868584164,236.35105970255944,1621.7566754197462
601882,144.931156143,-40.7852936044,-728.0838214590866,465.5860446287357,1670.6295986241282
601767,144.943592622,-40.9067785395,-474.60881966559305,222.1654893177225,1619.7501027904793
601878,144.951647422,-41.0315939758,-504.46572927246007,241.4387833804698,1622.5059559108643
600568,144.956051811,-37.3019292482,-570.8705577546901,297.4737983424769,1631.7853877107389
600567,144.956528135,-37.2979905299,-565.1212506342795,292.0836200154237,1630.811372270656
600141,144.961,-35.9689999999,-388.11024975023133,199.31983450492598,1616.7749649450463
601394,144.968671557,-35.5311649527,-253.96331381129508,269.45377355469253,1626.9106388885805
601766,144.968884101,-40.9227860758,-473.71579224310193,221.66327489697528,1619.6812952812777
600594,144.969197217,-37.1515867448,-212.55558285601848,307.40126676752084,1633.6243232935356
601764,144.980630092,-40.9020862071,-186.47539494273107,333.35547186190087,1638.70642931132
600805,144.985019623,-37.1399950938,-201.0290325330668,318.70771728730335,1635.7895646764805
600340,144.985457383,-37.2930423415,-564.1845009370326,291.21330206997095,1630.65572030042
600760,144.989357972,-37.7770306205,-481.31108243549124,226.08095359860755,1620.2917911370287
601879,144.990322077,-41.0522298155,-489.23875922181946,231.03230519426242,1620.9900730384995
600593,144.994188208,-37.1435818401,-385.78940072441424,199.50690132787287,1616.7980376421276
600142,145.01,-36.0139999997,-395.83905944337494,199.01106314602941,1616.7369279200923
601948,145.018421886,-41.0601908992,-183.47614798202594,336.4212436605846,1639.33283503751
601950,145.018578891,-41.0437679648,-181.8919566967043,338.04669931172515,1639.667180180642
300369,14.5020774141,57.4023185796,-251.05673793325496,271.9579715934533,1627.327265536718
601345,145.027210139,-37.7894445626,-354.48102433880115,206.17987671141202,1617.6350121108032
601120,145.027591651,-37.1103431784,-213.73214276219568,306.26310965669944,1633.410537244871
601123,145.031686355,-37.0857080793,-208.7060990318192,311.1462304475867,1634.3331568464637
600339,145.035378216,-37.202011012,-573.4508783137999,299.9193238072539,1632.2329771325494
601746,145.042512264,-40.9774658373,-753.3562253393479,494.8141333217631,1679.0098026458788
601949,145.048143888,-41.0685365679,-181.277035167117,338.6787610439275,1639.7976076419418
601131,145.051805386,-37.2064271703,-349.0907925585742,208.0762879422648,1617.8778175282018
601121,145.052253404,-37.0645476516,-340.78122946444154,211.40175366998835,1618.3088680164649
601135,145.056,-37.1389999997,-184.82457833905895,335.0410094993237,1639.050142275187
601130,145.056259485,-37.1983782157,-193.54569323783642,326.1906068000614,1637.2639380413216
601134,145.056343178,-37.1020434477,-193.3529436921653,326.3847396077663,1637.3026259964327
601132,145.060324712,-37.2859999999,-571.1285130655754,297.71755675846515,1631.8298423696679
601403,145.062835632,-35.402066992,-260.1664761003792,264.20273449247196,1626.0491922937895
601777,145.064181228,-40.877087967,-325.32651183285145,218.8113083087985,1619.2934507030507
601133,145.064449194,-37.1801946142,-187.9396955829826,331.86430945356636,1638.4037386233829
601743,145.064501723,-40.9558133616,-760.1717154069441,502.7568054040327,1681.367686208479
601748,145.066654543,-41.0058004897,-472.1681470485924,220.80403253671707,1619.5639263797093
601402,145.069033393,-35.631140274,-252.27447273315371,270.9055028578902,1627.1517084539696
601753,145.072799618,-40.9519609492,-596.7612286380142,322.6831779108799,1636.5687654824194
601344,145.077506982,-37.7604930182,-344.38335261011525,209.9014261718647,1618.113562008232
300478,14.5083077256,58.5437231941,-745.5769812373431,485.77836780115297,1676.3691459429626
601122,145.085250501,-37.0352676532,-343.0614235522081,210.44170001835712,1618.183734917825
601124,145.094371559,-37.0350738561,-359.18275903064637,204.6986342895283,1617.4468837417764
601744,145.097298477,-40.9060589804,-221.45675724860988,298.86879781505735,1632.040271915311
601757,145.0975329,-40.9653211893,-287.27046661284805,242.9345073073963,1622.7292028205668
601742,145.101433186,-40.852401809,-335.62927697485185,213.69980020183957,1618.610668274583
601496,145.1022986,-30.51859732,-218.6661533902547,301.5241177354005,1632.528616723792
600963,145.106027928,-37.7310432947,-425.6795163630283,202.33978905007936,1617.1500490303354
600964,145.106298917,-37.601726544,-428.8914841152281,203.11739437571063,1617.2475279758394
601778,145.106330668,-40.8810098374,-329.5785261373221,216.62046762805244,1618.9988628289339
601763,145.109224055,-41.0137088193,-176.72852682773222,343.37316265203174,1640.7736040281866
600455,145.109942662,-37.0226394531,-185.25922475283585,334.5967688900253,1638.9593919916472
601755,145.110416204,-40.9686532116,-292.16416891737424,239.42155112158954,1622.2070058988936
601747,145.11453992,-40.8816099244,-209.1194758644309,310.7425488812875,1634.256351534613
601722,145.118382497,-40.8560462343,-303.42367211572997,231.77087644197732,1621.0955030511518
600452,145.118697523,-36.1771951662,-430.47577527353326,203.53000590223007,1617.299401517402
601745,145.122833265,-41.0146207964,-182.80497252340518,337.10939037111893,1639.4741937347999
601835,145.131468406,-41.0050641686,-148.6141897025451,373.0669020017312,1647.2436990971173
313145,14.513423429,51.0440651126,-391.2747742457694,199.1348959837033,1616.7521757042498
313161,14.51386555,51.364171722,-759.6292533421926,502.123756730029,1681.1785026934715
601754,145.138699493,-40.9813081187,-286.59122275742305,243.4306566094636,1622.8035541689267
601756,145.143416314,-40.9818375727,-284.18198423499837,245.20688258804688,1623.0709491930825
600950,145.143856794,-38.060321832,-389.56625365985167,199.22468098379716,1616.7632369518678
300016,1.45156902125,42.3643735444,-73.86011032497595,456.2516974059539,1668.0523080023
601731,145.159967086,-40.8476977486,-325.73547539691754,218.5957384258229,1619.2643353399458
600445,145.173005569,-36.7147473816,-217.69884271380232,302.44880073810333,1632.6996563709758
601544,145.181706337,-35.2938239061,-248.76712333340782,273.949575546571,1627.6612856451836
601889,145.184760002,-40.9016127501,-282.24394799334743,246.65401638673944,1623.2902065390817
600292,145.185421904,-38.0230062509,-458.25050855387383,213.73618319975566,1618.6154722029519
313162,14.5188890954,51.4436707206,-728.0953545152515,465.5992959703587,1670.6332916753693
600776,145.193550277,-37.9896841461,-407.56002903522324,199.46707625457717,1616.7931238583167
600291,145.194157927,-37.9980191238,-463.52815600138865,216.27330512487663,1618.9524493806553
600459,145.201575472,-37.093573107,-131.58408513579116,391.5446791805583,1651.5266048842786
600139,145.206451245,-36.0564634852,-349.2313501156327,208.0241912489306,1617.8711181644715
600290,145.206665022,-37.9937273285,-491.9902453250636,232.82811195396172,1621.246995544489
601338,145.21,-37.7400000005,-839.7768301890756,597.0108821782507,1711.9155599167966
601732,145.213900614,-40.8940003324,-182.1091609110237,337.82359025923125,1639.621196795657
600147,145.214390043,-36.0689877602,-357.72101004254034,205.14164693182465,1617.5030096268404
600454,145.222466964,-36.6185825807,-218.86818183734613,301.33126729578396,1632.4930087127689
600366,145.223138803,-38.0313732256,-482.2687093136584,226.66101511921565,1620.372829512041
600293,145.227373226,-37.9476650217,-428.0845018147827,202.91458276785045,1617.2220684698302
600573,145.247959473,-37.4272441416,-443.05333346851165,207.47103052190343,1617.8000863369384
600144,145.257426764,-36.0639641018,-346.09336736359865,209.22048632865625,1618.025371477711
600577,145.26482159,-37.1474364484,-266.52003626024504,258.96285142017746,1625.2060328652656
600530,145.27279086,-36.9476015479,-131.0128217384774,392.17011927634604,1651.6749962686995
600956,145.273064754,-37.4224445582,-227.75059852625208,292.9493548204198,1630.9666505896694
600258,145.277366885,-37.4145136715,-417.51298184038245,200.72334644486432,1616.948593077099
600527,145.284768336,-36.9518046963,-113.71523606085077,411.2647303141603,1656.3126423614485
600576,145.285395788,-37.3642260184,-171.74782875938374,348.5510715129249,1641.86501890344
600578,145.285689097,-37.347491717,-170.9726723161966,349.36033344779366,1642.0370073274048
600574,145.293774563,-37.3006259021,-104.63032616488826,421.4062913982598,1658.859895613858
601690,145.297202326,-40.8716196796,-503.4633549808467,240.71973370070597,1622.3991127459742
600847,145.302224173,-36.6481922621,-392.10871562920886,199.0996574775536,1616.7478357658824
313158,14.5321965625,51.3321704234,-759.7856409027547,502.3062444703506,1681.2330159974535
600236,145.343860361,-36.5723265749,-351.33081112392784,207.26280798784356,1617.773396499334
601347,145.348334345,-37.6771386363,-850.4657671256946,609.8356664290501,1716.4301415714388
600232,145.352134571,-36.5932691416,-349.15104087612406,208.05394013212958,1617.8749435140187
600237,145.360525561,-36.610367382,-423.7676758649829,201.91470394747355,1617.0969168594013
600235,145.361,-36.514,-354.41872510165035,206.20059461652406,1617.6376528957878
600166,145.385413441,-36.3976790224,-370.74313597223784,201.76415943520536,1617.0781263991485
601064,145.390034029,-36.4516661319,-376.6438222876686,200.66487299891642,1616.9413353927398
600456,145.394,-36.3799999999,-356.35490226245565,205.5699884460343,1617.5573903252052
600163,145.406401222,-36.4105494925,-359.7437703845861,204.53283460808424,1617.4259090538903
600119,145.410186616,-37.214712401,-152.53244916403565,368.86430392230415,1646.2969858303427
600840,145.410543155,-37.5058884831,-415.61512605722373,200.42281124913143,1616.9113130023522
600132,145.414932884,-36.102399326,-349.7207770075037,207.8438847464504,1617.847944422615
601357,145.418854929,-37.4266165505,-426.32259727256917,202.48912663065713,1617.1687411181406
601352,145.422708647,-37.5140467618,-192.8298834622509,326.91189765224357,1637.4077927237845
601065,145.426766613,-36.5272495991,-365.5803730046571,202.9485118734881,1617.2263259413164
601358,145.435108659,-37.2104456707,-185.12536732972558,334.7335467044704,1638.98732091964
600146,145.435583053,-36.0972684626,-263.06131721559893,261.79743140918794,1625.6601077526734
601493,145.443696267,-29.7561737599,-228.81315162272097,291.95979090389517,1630.7891986245897
600276,145.452287599,-37.2106476367,-167.6479973818035,352.8414354525573,1642.7811690600201
601353,145.460571926,-37.2487942458,-168.8522164483413,351.5786729013902,1642.5104121694596
601359,145.46409112,-37.3853740981,-153.27858937215166,368.0662159525574,1646.1183524192968
601355,145.464628449,-37.2769092832,-314.7947351908852,224.7059078822569,1620.1005017847426
601354,145.471719426,-37.3811942618,-148.84598523143043,372.81775288505594,1647.187289810193
601059,145.476886375,-36.6072703838,-375.20511812466714,200.90765099514266,1616.9714824555103
601340,145.480312097,-37.6645695142,-585.9919566459517,312.023229231521,1634.5003476371767
601800,145.485269916,-41.0559066598,-146.51828167405452,375.32271139363814,1647.756058563845
600145,145.489551179,-36.0891057269,-242.0895027071361,279.8499312084843,1628.6647521339005
601346,145.4979871,-37.6778764513,-880.2234330416185,645.7032456688171,1729.498647676034
600505,145.501748492,-36.4812174263,-395.4338856561651,199.01522041502326,1616.7374396613773
600874,145.502083194,-37.3222547879,-400.0343947429937,199.04634043148042,1616.7412707310807
601426,145.50209304,-33.4855986935,-239.9704050893157,281.74997713585185,1628.9923082881755
600875,145.50667734,-37.335641489,-394.25560894715534,199.03488046531012,1616.7398598685643
601309,145.510624194,-37.7688407829,-500.61620236275166,238.70260947604353,1622.101053145783
601405,145.514597762,-35.3480722736,-218.68501595538942,301.50610804909826,1632.5252904739025
600071,145.51615883,-38.4647505074,-611.9865323733528,338.12603694641035,1639.683538890072
600876,145.518922042,-37.3556994477,-210.99989386486686,308.91085304031503,1633.9090568241795
601773,145.522733377,-41.1267993567,-158.3256351188307,362.68677780787243,1644.9238856684653
601343,145.535267512,-37.7687516129,-453.27341709768524,211.51061783628666,1618.3230926806532
600465,145.542771922,-37.1646315329,-124.08391377516469,399.78321980844294,1653.4991725690072
600234,145.560265315,-36.7603638914,-353.9181349447765,206.36809548816504,1617.6590127963923
600873,145.564623497,-37.4141870485,-162.85870331928845,357.88424354427724,1643.871656372007
600967,145.564643411,-38.5644321147,-348.03343875021756,208.47267854048746,1617.9288453278252
601772,145.580731659,-41.0395076505,-164.19530750909053,356.47360902687245,1643.5651264183687
601058,145.581149698,-36.7563196711,-375.7433487450388,200.8149109838909,1616.9599621881346
601774,145.601775105,-40.997823219,-165.09432604202647,355.5262140189014,1643.359905711649
313157,14.5605747009,51.3018076299,-759.6619999360175,502.161967518569,1681.1899156454947
601810,145.606329061,-41.0727108752,-120.59034163097961,403.64016787312323,1654.435938912906
601771,145.609778781,-40.9689118266,-446.4704964148619,208.7404689917908,1617.9633723421855
601702,145.614762233,-41.0727646392,-133.7839846329278,389.1394119094775,1650.9580166519193
600694,145.622718804,-37.7772811956,-762.8241013286465,505.8542399817841,1682.2964670216527
601806,145.627028372,-41.0175108577,-441.93578778334063,207.07395204903295,1617.7492118567668
600137,145.627760926,-36.0978392756,-354.7121287664527,206.1032693600986,1617.625249706157
601811,145.630979915,-40.9983219491,-440.64863291720604,206.62776210992754,1617.6921595039464
601930,145.635194809,-41.1643799428,-151.60197598825172,369.86055219101115,1646.5204884583202
601809,145.639066626,-41.1811398492,-158.79216463068713,362.1912249005868,1644.8146929794166
601808,145.639312978,-41.1647111438,-158.46629420343416,362.5373373572698,1644.8909422281115
601335,145.659845438,-37.7517001854,-82.64199243994463,446.23473584622883,1665.3403046590024
601770,145.659898438,-40.9690016596,-447.44641517229803,209.11815593124146,1618.012142718981
601805,145.66075303,-40.9769335663,-443.0475736582392,207.46896100672654,1617.799820938053
601691,145.668390097,-41.0273828855,-146.79569650144109,375.02382470234255,1647.6880044293455
600156,145.668830855,-36.4315826592,-376.8902065975856,200.62493810632964,1616.9363798975376
601701,145.668863689,-41.1515741128,-135.21430889501136,387.5783746117954,1650.5907691831753
600648,145.669163824,-38.4977908642,-159.13351037810278,361.8288291729409,1644.7349307613817
601692,145.670104216,-41.094059359,-148.74771352278165,372.923373704941,1647.2111988149732
600004,145.677,-37.5180000001,-94.04489515517348,433.3115942857337,1661.9241344262466
601225,145.677463966,-37.1896398349,-231.04083302161516,289.89458944694405,1630.420732153697
600198,145.679212299,-38.1310830888,-354.9382353781666,206.02869638151844,1617.6157499785459
600462,145.681456078,-37.1978960196,-274.2175144362597,252.8147243514801,1624.2377214234682
600168,145.681729281,-36.4351240975,-374.08953665446643,201.10714486392587,1616.9962815545698
601693,145.685074497,-40.9814793457,-147.70885617959243,374.04064710693274,1647.464505394322
600131,145.68524008,-36.1020010059,-244.62794550967809,277.5911661023364,1628.2781538619377
601807,145.685583472,-40.9813056797,-148.33386027072183,373.3683069819317,1647.3119873006872
600008,145.689525877,-37.5514458009,-93.0269289971968,434.4612507678852,1662.224253602618
600357,145.68958532,-37.1769058479,-228.42080282399058,292.3248519797977,1630.8545949688453
601688,145.689669983,-41.0082584589,-171.47035638338355,348.84064819357957,1641.9265174416614
600006,145.689688965,-37.5353779285,-93.46804962729475,433.96296445304233,1662.0940843895864
600111,145.68975992,-36.0852807646,-258.1115916999537,265.92781146700173,1626.3303759561325
601226,145.702,-37.1930000002,-282.44083580890964,246.5062645718742,1623.267762668613
600005,145.702072439,-37.6104456708,-93.69473098723375,433.7069662250982,1662.0272631332389
601109,145.70237057,-37.4269099546,-438.9347856777329,206.0523205053793,1617.6187590503632
600148,145.706080362,-36.1061993963,-256.552282042603,267.2464535985276,1626.5465126478787
600510,145.706176049,-36.6269208714,-223.71501091565182,296.7336590089621,1631.6506229076222
601689,145.706253372,-40.9873091652,-173.59230589795288,346.6291022135165,1641.4580790709626
600966,145.714453317,-38.556341508,-347.58515283571603,208.64312149791039,1617.9508159997872
600003,145.714458984,-37.3183647456,-347.0735999201546,208.83934815050955,1617.976132142225
600007,145.714537105,-37.2489189448,-539.6089591409459,269.2576425926545,1626.8781665940874
600469,145.714944334,-37.2352583027,-147.7020660400269,374.0479541391391,1647.4661643996396
601224,145.715,-37.1889999999,-276.53934641056134,251.0055245161957,1623.9571004751438
601704,145.722398929,-41.0103352051,-177.78037265785605,342.2846234521034,1640.546145129034
601705,145.722709283,-41.0972063943,-274.41939794364964,252.65656043185848,1624.21311051698
601404,145.722960814,-35.7898365991,-370.34220172200844,201.84874489962007,1617.0886823744509
601108,145.735259007,-37.4646568487,-91.41286869193236,436.2857701732657,1662.7020671490322
600769,145.735532129,-36.9893560814,-278.1222047292998,249.7846143119106,1623.7688395806022
601409,145.735737475,-35.3523336389,-228.35321241384685,292.3877813466577,1630.865876007836
600507,145.743484084,-36.6898774796,-528.6681236083185,260.0942598388186,1625.3866970192319
600197,145.743544656,-37.93936378,-98.74366481267309,428.0156260096429,1660.551193716837
600511,145.743949549,-36.6559441438,-223.7341009042371,296.7156626078609,1631.6473501595888
601957,145.759592632,-41.0847028432,-295.0817759222263,237.37994804627292,1621.9069426389533
600473,145.768299397,-37.2397611131,-116.58857067876161,408.0727435104997,1655.5229550936986
601110,145.773026499,-37.5271798359,-98.52090127408471,428.2663005550089,1660.6158240354866
600150,145.777012085,-36.1519242381,-429.1624233319334,203.18660256300458,1617.256221600981
600125,145.785523648,-36.9684065316,-162.4071137969239,358.36141015963284,1643.9756053961344
600443,145.826805157,-37.2897919742,-233.2181178670215,287.8886990372282,1630.0652728891973
600149,145.831508251,-36.2684643267,-365.59484173454126,202.9449059277312,1617.225873428941
600134,145.872735439,-36.3435661399,-431.7921355819566,203.88732813205084,1617.3444077928523
601171,145.881271765,-38.6930002253,-376.3635635128008,200.71088264285046,1616.9470459038719
600655,145.893546482,-37.8813168972,-96.34985139218853,430.7114761437106,1661.248105048695
300381,14.5896844193,57.5439566264,-237.51671701845993,283.966056023015,1629.377062505561
600449,145.926941559,-37.2184648723,-250.44521292987685,272.4882851644255,1627.4159752189466
600332,145.93113716,-37.0269576045,-276.7273631448562,250.85996775278258,1623.9346089873545
601495,145.936557925,-30.0855213221,-219.22945351537462,300.9866459495134,1632.4294324367972
600153,145.939810269,-36.4728584846,-382.36463230896055,199.8621587054061,1616.8419135241302
600155,145.943807138,-36.4814276773,-401.9697663316126,199.1107458811391,1616.749201320764
601730,145.951913667,-43.1395693322,-124.81074803927243,398.9823094922073,1653.3057110328148
600676,145.956361485,-36.7394204177,-429.88819788062585,203.3747496846189,1617.279870540429
601279,145.957,-38.3929999995,-147.70840252774897,374.04113529081593,1647.4646162317504
600331,145.960563595,-37.0184513608,-279.648029877473,248.6174290352845,1623.5897008992451
600677,145.985732436,-36.7229577723,-431.30816365448476,203.7544313719742,1617.3276597986264
600502,145.993537612,-36.5647292812,-391.7051475275446,199.11600669421645,1616.7498492246218
600678,145.993665201,-36.7269111477,-215.87538087534344,304.19777324146,1633.0245485267662
601172,145.993878139,-38.5818485191,-333.28724543502705,214.8023415274871,1618.7566020781744
601398,145.994225726,-36.0103078634,-216.93880576559295,303.17686298575256,1632.834682720779
600866,145.998167455,-36.006022114,-225.7817255019126,294.790553178066,1631.2983666665689
601411,146.001853105,-34.5688566061,-232.43680390379993,288.60706009211276,1630.1922972401132
600796,146.002,-38.206,-343.54716730974644,210.24177707709165,1618.1577474629964
600696,146.006499355,-37.867570691,-97.3189029110233,429.61959805660194,1660.9653487897638
600170,146.010407912,-36.852184176,-291.8709805510491,239.62892141472364,1622.2376246482418
600167,146.010620947,-36.7476498064,-336.2840841623679,213.3979492741221,1618.5708435531592
600161,146.014609643,-36.839329071,-246.47319379996554,275.96129082499493,1628.0010825794259
600200,146.014859611,-37.1019003387,-178.62914987250082,341.4075227853364,1640.3633705555626
600657,146.018714745,-37.9063867522,-103.74144688240463,422.4024284881806,1659.1132277330255
600159,146.019,-36.7979999995,-122.2430416386052,401.8140652403505,1653.991364509187
300405,14.6038294045,57.7728502273,-509.71462212916686,245.27769192082246,1623.081648285135
600491,146.048,-36.9900000004,-306.38514163250125,229.8643004350749,1620.8240149567416
600386,146.052,-37.0390000005,-233.18962904472926,287.91486374971174,1630.069894088594
600320,146.059392441,-37.1687235962,-257.73107034298414,266.24884402540914,1626.3829001163447
600500,146.060140389,-36.6144781873,-388.46232709279644,199.295254475224,1616.771934844964
600173,146.064609009,-36.972898426,-315.5565648473479,224.25790881178722,1620.0384256278062
600390,146.073324903,-37.0353754862,-223.73976265667574,296.7103253656774,1631.6463795886016
600112,146.073778006,-36.3436833739,-385.3060311919861,199.55132620819663,1616.80352010918
600087,146.077123549,-37.5187961982,-84.97798766787034,443.57940604527045,1664.6307639574188
601839,146.089726196,-41.2523880991,-101.69085625850896,424.7030066467089,1659.7004352294239
600319,146.101649099,-37.1603673025,-359.7602704771309,204.52799381146403,1617.4252969143668
600388,146.102114867,-37.0601932462,-203.41171487839438,316.34804366413925,1635.3314574043127
600172,146.105,-36.9770000003,-341.6037445083931,211.051357147179,1618.263132558995
600128,146.119037237,-36.9682498516,-252.10660877476795,271.0503027185401,1627.1758225372564
600321,146.131307207,-37.1436959481,-361.61617167031693,203.9965346255235,1617.3581783220463
600442,146.131,-37.3309999996,-81.56387650528188,447.4615613302358,1665.6694569193726
600461,146.135699303,-37.3056112725,-81.97904498140508,446.98902809709875,1665.5425788868845
600387,146.139497298,-37.0563630629,-285.3299057440811,244.3573952349295,1622.942829384937
601540,146.143553188,-34.6446938234,-256.97107349816315,266.8914939455242,1626.4882294029856
601115,146.151674768,-36.9812360437,-704.9981923680172,439.2400901932792,1663.4797106303959
600165,146.15603152,-36.9893909914,-574.2051311244256,300.63717399761583,1632.3650330839785
600661,146.16069553,-38.0892318444,-449.11620848566224,209.77980852853614,1618.0977902809998
600389,146.176931523,-37.0646114146,-363.3104575385813,203.5340134728161,1617.2999058573946
600519,146.181353967,-37.2187530053,-175.9569256174707,344.17279348953434,1640.941133198987
600547,146.188779372,-37.2898489342,-76.46995831827056,453.2692185572919,1667.2389976657585
601159,146.193731798,-37.9811790084,-124.39765503414408,399.43743822613914,1653.415603501626
300760,14.6200115718,61.7841476352,-404.0311288167683,199.21272487183018,1616.7617637106728
600520,146.202187498,-37.2273088961,-98.93711521661866,427.79797020987934,1660.4951051302976
600101,146.214309344,-37.0139601864,-355.1819526791928,205.94873395669356,1617.605567455908
601873,146.231188737,-41.5515326068,-74.46319868332506,455.5620899568537,1667.863815978943
600526,146.235027793,-37.2394170301,-76.44084024329018,453.30246843546473,1667.2480375564014
601160,146.243111659,-38.0938883408,-582.7692270740828,308.8796037568325,1633.9031490461616
600938,146.247787722,-36.163247641,-356.2337356401255,205.60864487946355,1617.562303497196
600378,146.247962259,-36.6187617937,-308.306045077371,228.6522623193753,1620.6525685382892
601417,146.256355122,-34.6185836462,-220.33083082925282,299.9379231530726,1632.2363948250156
600909,146.273138803,-38.1700000001,-406.0350853088138,199.3448226686237,1616.7780457350264
601524,146.28209,-35.3473499995,-255.94013958028862,267.76635077369974,1626.6320141484518
600393,146.306488977,-38.6311133852,-543.9962628476587,273.0447378408222,1627.5092379794803
601219,146.306681566,-37.9437027653,-103.95852954941326,422.1590891768208,1659.0512913772702
300452,14.6309740537,58.2230236515,-799.0706101438375,548.5059998121153,1695.6095431071017
601874,146.33090028,-41.5141719008,-119.05278372385875,405.34143414427183,1654.8518269259398
600940,146.331493796,-36.3481426913,-367.1420759384313,202.5685625644672,1617.1786893801873
601218,146.334951152,-37.9604543767,-103.92090681998569,422.2012595928547,1659.062022483722
600665,146.339474229,-38.168984525,-873.2850571044212,637.3200853570492,1726.3863362658722
601006,146.343792749,-36.3312570759,-365.1838375338041,203.04796111141926,1617.2388090067248
601216,146.356377902,-38.0477823169,-451.77283689450775,210.8722380815911,1618.2397818739732
601876,146.360116336,-41.5228711405,-87.83955286188049,440.3321180640781,1663.768392849432
600824,146.373,-38.1950000001,-323.38411791669694,219.84906141049228,1619.4340062654792
600010,146.373219422,-38.6399999999,-582.0895947272309,308.2195092334757,1633.7784907135085
600546,146.38610364,-38.0520861983,-138.72876010410974,383.7523521013335,1649.6965656111704
600583,146.389501771,-36.9142724052,-98.78609044343844,427.96788927540945,1660.5388899682039
600580,146.389520047,-36.5149021241,-376.65964590611964,200.66229380245434,1616.941015312571
600582,146.393842277,-36.9101577228,-87.36997804786512,440.8645716905707,1663.9093909879514
601877,146.39825806,-41.5561064672,-128.39949166699557,395.03567720541565,1652.3577327900662
601188,146.402090461,-37.8894946998,-89.33714701612162,438.6350939163003,1663.320064347493
601875,146.409809116,-41.2565233734,-362.2406422983776,203.82353608066578,1617.33636721197
600660,146.410525771,-38.1686598029,-868.47464763922,631.5149558571574,1724.2517305536487
601707,146.410648742,-41.2642682211,-451.9282189574461,210.93763039932648,1618.2483044219352
601872,146.423027968,-41.2742416499,-167.02613616133743,353.4943569354058,1642.9215292372185
600358,146.431253535,-37.2018443409,-72.95868565301923,457.2828969063361,1668.3346602672489
601932,146.431375517,-41.3436597196,-132.24200532176852,390.8247950829632,1651.3560825266081
600002,146.43159576,-37.8522819808,-79.56876400168238,449.73405291899843,1666.2813715579173
600097,146.443617923,-37.1937240623,-73.70317553392147,456.43118628443597,1668.1014113833137
601729,146.464513074,-41.4059823558,-124.15032240158736,399.7100210767428,1653.4814760967704
601870,146.468922827,-41.4100926731,-124.84704974780843,398.94232198304815,1653.2960615434886
601856,146.47885634,-41.5523865719,-419.10099207449014,200.99671475897546,1616.982550984978
601871,146.497830526,-41.384757151,-160.80464593965098,360.05691838413986,1644.3460327200805
601202,146.535339353,-38.2272390778,-555.5172557779778,283.2712362545212,1629.2561137326293
300784,14.6535537416,62.0300256875,-490.4827818727396,231.83942890888648,1621.105305537794
601203,146.539766082,-38.2554704161,-698.5820004454557,431.98630877945425,1661.5790868384456
601206,146.54,-38.2687635022,-547.058499654584,275.724042370454,1627.9608835555875
600599,146.552702765,-38.1561209689,-360.82242404617466,204.22066875082726,1617.3864635241082
601169,146.555901312,-38.4686480318,-178.17384486314614,341.8778777637011,1640.4613296722962
601952,146.564642592,-41.25157878,-422.65593746508546,201.6805656465578,1617.0676984608592
601033,146.585666885,-36.8233324596,-152.04908683347668,369.3816979372027,1646.412988778015
601007,146.602114631,-36.3106284562,-259.59448221440334,264.6814648651025,1626.1270456791258
300692,14.6610009102,60.7832574454,-243.60432376875622,278.49971594185973,1628.433290812271
601868,146.619137916,-41.6480431038,-299.8347639162923,234.14168390582276,1621.4361593933445
600728,146.623072626,-37.6272866361,-102.57792377030636,423.7073624058364,1659.4459375957074
601189,146.626802535,-37.976426729,-536.7244678414006,266.80197395712247,1626.4735424080534
600294,146.627254838,-36.8144414769,-80.72152209875917,448.4206834953935,1665.9273694349529
601866,146.635615743,-41.5730233566,-302.21908164150693,232.55934084593449,1621.208419007464
601814,146.655716839,-41.6728955729,-86.28779259714238,442.0922939607157,1664.2351057544224
600432,146.656870114,-37.9144139409,-122.19676254514204,401.86516349043774,1654.0037788569834
601867,146.660292524,-41.5228350425,-466.9307694563057,218.00282817842273,1619.1844008449984
600190,146.660895462,-36.7146420276,-139.17706972074402,383.26529472664254,1649.5833343568568
600731,146.668632718,-37.770535023,-86.50993456415948,441.8402064534198,1664.168158235455
600939,146.669067016,-36.5357339008,-431.6478710431156,203.84752856262813,1617.339391020659
601170,146.677423696,-38.5390906626,-461.38745747280365,215.22261473780463,1618.8124241988517
600188,146.702080646,-36.9105838708,-75.50069953551775,454.37632563498363,1667.5403251926275
601983,146.709748324,-42.7060079784,-97.27305907119853,429.6712355430085,1660.9787059137875
601928,146.717904474,-41.5730749316,-555.2915358715203,283.06715215758527,1629.2206429690827
300730,14.6720124901,61.4698725802,-231.02771017334518,289.9067172733267,1630.4228885679267
601418,146.72709,-35.6973500005,-387.38844249486294,199.37335750004004,1616.7815642587047
600980,146.768959012,-38.0063372655,-677.3335300020442,408.20681952685317,1655.5560088242905
601185,146.780925322,-37.9895758941,-370.1829598477073,201.882687330643,1617.092919497772
600659,146.789935781,-38.1438990599,-325.48307131731804,218.72866300657017,1619.2822851086303
600727,146.807249677,-37.9020637089,-591.1652755766554,317.1150266582655,1635.4800001768465
601925,146.814726696,-41.5396972409,-204.6648230468882,315.1116232530557,1635.0927270204465
601680,146.822860729,-43.0687759024,-143.16511412500094,378.9427140169828,1648.5843840557698
601924,146.826830485,-41.5232839415,-475.8125316116916,222.84978033571335,1619.8441022029438
601844,146.830698144,-42.9982800415,-88.87495961508547,439.1586489304104,1663.4582080041473
601927,146.832959131,-41.5184462301,-452.1901336107844,211.04822919646418,1618.2627246195063
601803,146.843606939,-43.0354657706,-133.76076670292673,389.1647700472531,1650.9639938811256
601926,146.847790306,-41.5083514363,-580.967879568154,307.1322510654511,1633.5737236165735
601953,146.863906871,-42.9854994635,-104.32730269165023,421.74580396632007,1658.9461757420531
300806,14.6878559024,62.4993718254,-214.0778872212464,305.92923476503717,1633.347968906169
601191,146.882,-38.0099999998,-240.22782300262023,281.5184780198382,1628.9522842344375
600037,146.885227189,-37.8019511516,-579.8048202567747,306.00785289691845,1633.3626960600538
601830,146.906295134,-43.1809425607,-125.22436216792546,398.52677880772046,1653.1958396611224
601327,146.906375806,-36.3060403228,-253.07360209470858,270.21741761030717,1627.037290176832
601955,146.910446229,-43.1356263489,-106.8600097976271,418.9105426489124,1658.2276483005558
600654,146.919,-38.1399999996,-347.5939363103738,208.63976832375107,1617.9503835940625
601956,146.922652516,-43.161032615,-129.36834761848547,393.97247631537596,1652.10387171632
601933,146.92279975,-43.1770444283,-114.21430744150899,410.70976216909344,1656.174930249513
601831,146.926512301,-43.1688994447,-175.58133697697608,344.5623644227005,1641.0228864408161
601804,146.927766757,-42.9980801895,-247.17994242547377,275.3397673612987,1627.8958438231111
601934,146.930597565,-43.1985548811,-115.06230115042129,409.76731974016866,1655.9414685226732
601832,146.931259038,-43.1646400293,-174.326847642071,345.865150168658,1641.2969240655923
601733,146.935213985,-43.0099555495,-171.67136228053556,348.6308621263615,1641.8819594821537
601833,146.947829324,-43.1643998523,-107.68791186060942,417.98494546126574,1657.994060748784
600942,146.952457742,-36.7270462677,-93.08679029725559,434.3936230118173,1662.2065787859576
601986,146.956191327,-43.0272737709,-159.9928929435116,360.91714833293105,1644.534608576773
601709,146.956210189,-43.1232560369,-131.48739359349128,391.6505162179751,1651.5516999778697
600560,146.956675116,-36.139284056,-306.1275253912115,230.02833411274955,1620.8472862489768
601761,146.964390782,-43.3352855964,-109.54554810202542,415.91029322596563,1657.4722510067234
601708,146.971868543,-43.1317825516,-132.82435992640077,390.1879803644633,1651.2054841438978
601230,146.981068364,-37.7268887334,-171.4247496212239,348.8882555902909,1641.9366326794775
601179,146.990020414,-38.0477596319,-342.27733608920494,210.76783073592094,1618.2261799016574
601768,146.994331256,-43.1145543642,-191.2092323496861,328.5484153640978,1637.7353119732888
601840,147.001831137,-41.5345793484,-457.6028329418259,213.4372706287603,1618.5760282851836
601740,147.009394217,-43.2979297533,-164.2544174369355,356.41128321944785,1643.5516096709953
601922,147.010437464,-43.0856235288,-187.4662037090216,332.3460791419415,1638.5013906515328
600563,147.019031782,-36.2560747537,-160.18654072855577,360.7118544510551,1644.489566031814
601397,147.022923659,-36.0975298546,-193.31140905986902,326.4265812683117,1637.3109673499728
601885,147.04752115,-43.0135767668,-427.8796741428548,202.86389809307008,1617.215709791214
601888,147.047719361,-43.0172403911,-456.06911483099856,212.74046204885278,1618.4842894012734
601725,147.055895937,-42.9359196414,-163.33769206678826,357.37843692310366,1643.7616122855484
601685,147.056566302,-42.9818463612,-88.63409494726164,439.4315587468023,1663.5302779536744
600935,147.064334098,-36.8814696174,-76.27636325307655,453.49029534928627,1667.2991149826619
601884,147.064396343,-42.9939878322,-460.3083140272387,214.70407459675283,1618.743565390897
601783,147.068891786,-43.1559877076,-177.63558479172895,342.43435783281944,1640.5773923440372
601963,147.069034454,-41.4980587474,-246.49199938742865,275.9447332236595,1627.9982759941308
601829,147.073848432,-43.0729154167,-82.96651317858789,445.8656159881414,1665.241435458075
601836,147.076649507,-41.8458381802,-169.66860162472742,350.72381162590216,1642.32764175952
601822,147.080957808,-42.5943475391,-276.34866792617464,251.15328797010574,1623.9799459673695
600036,147.08099613,-37.9731872578,-381.15666169232964,200.0099117893572,1616.8601843263912
601672,147.081430007,-43.1397649783,-175.45967917658658,344.6885985963159,1641.0493962243418
601698,147.081443922,-41.7138849673,-345.47889571444773,209.46283244668385,1618.0567261448448
601673,147.085216508,-43.1307175945,-176.49691336813538,343.6130913235509,1640.8238319133814
601187,147.0854509,-38.1434012669,-353.3580185674408,206.5576762254886,1617.6832089298755
601305,147.089,-37.4059999998,-85.76552130685087,442.68511311860084,1664.3926820984325
601726,147.089920571,-42.9650308138,-162.38143767830275,358.38854904780953,1643.9815214699283
601776,147.09359235,-42.9852974625,-261.55307278319515,263.0469444890644,1625.8617978939715
601825,147.0937549,-42.5393146076,-110.15366774878501,415.2317951892588,1657.3021253175534
600395,147.09389894,-37.8103830413,-710.7715116655925,445.7936883819245,1665.2221784035744
601918,147.097508931,-41.1102554333,-480.6148959624753,225.66243857485733,1620.2334483121672
601920,147.097622452,-41.1266102427,-440.6354790351674,206.62326422207383,1617.691584995042
600564,147.098001253,-36.5937633066,-94.96684719271472,432.2710758645668,1661.653144875637
601681,147.098252058,-41.6185747914,-215.80693367563185,304.2635723008866,1633.0368067729773
601895,147.101536216,-43.1687782777,-161.08352369740427,359.7615944571757,1644.2813918828963
601797,147.106229883,-42.6180009861,-179.57519534037561,340.4312732478954,1640.1604624704157
601824,147.109910417,-42.6314989642,-120.43462758626633,403.8123570853946,1654.4779571154304
601886,147.110507161,-42.9604025334,-167.0748971898076,353.44314015177275,1642.9105100906536
601683,147.110529243,-41.5912490971,-219.1757383585387,301.0378661223566,1632.4388771667648
601921,147.114290873,-41.0669808438,-472.9327327075541,221.22675679593627,1619.6216128369101
601682,147.11483902,-41.5811606573,-225.1691211602517,295.3654152975356,1631.4023474912226
601827,147.122821786,-43.0434836013,-169.04975985399452,351.3717290594232,1642.466128365573
601826,147.123549016,-42.5273012616,-110.17418758205721,415.2089063259396,1657.296390733525
601917,147.126711619,-41.2105652356,-253.79528742955748,269.597793857074,1626.9344981586034
601973,147.127282595,-42.6604108876,-193.71682667422726,326.0183026147666,1637.2296187419158
601964,147.135748656,-41.589489405,-318.68252125758573,222.45434814689764,1619.7897480399874
601958,147.139334661,-41.2229894317,-137.80833815509166,384.7530389252403,1649.9296323807853
601887,147.139514369,-42.918571686,-167.8132245887964,352.6680501640752,1642.7439375789875
601736,147.139521487,-42.460300627,-230.72944041778362,290.1824929499615,1630.471947032711
601798,147.139940073,-42.9391774197,-167.83073039246614,352.649682344238,1642.739994431096
601892,147.140077779,-43.1601705459,-162.55114019180104,358.20919556793353,1643.9424316670616
601710,147.140495228,-42.1683731659,-743.8818500582435,483.8138524098055,1675.8009233287833
601828,147.14377166,-43.0348998016,-171.1708956154357,349.1533026444426,1641.9929718465628
601424,147.147861858,-33.0896128747,-222.8834428375113,297.51845368688487,1631.7935289521836
601823,147.148393863,-42.4099067009,-135.6184153725331,387.13774414371903,1650.4873594749745
601893,147.151416235,-43.148351832,-162.55147949968915,358.2088370037673,1643.942353537245
601894,147.155458108,-43.1262800521,-161.54342507331103,359.27480498005593,1644.1749530811624
601781,147.15632988,-43.2356168382,-175.70778525758234,344.4311840968146,1640.9953477765616
600566,147.160463687,-36.7896815658,-72.4777080518558,457.8333417467255,1668.4856186557197
601821,147.160623626,-42.4642782994,-152.460496648099,368.94130350314396,1646.3142398329014
601919,147.161298802,-41.2603907148,-111.86492347659483,413.3242723659677,1656.8252306664217
601307,147.167,-37.4899999998,-83.58835648981196,445.15852482539077,1665.0522523544728
601834,147.168886817,-41.4523520206,-449.13933901823344,209.7891100563889,1618.098996212604
601817,147.172622549,-42.3643790771,-120.80170520947337,403.40647892593836,1654.3789402931268
601904,147.176820018,-41.4438038579,-673.4745166844616,403.9316592168167,1654.507079514511
601734,147.176918797,-41.4311721089,-129.92121419440736,393.36621242749555,1651.9594026263294
601780,147.181453109,-43.2104435471,-176.45477727695732,343.6567492519974,1640.8329750929665
601818,147.182018849,-42.6836395465,-252.09958531034,271.0563631500514,1627.1768320776073
600035,147.182080646,-38.0226632269,-374.2613401917825,201.07578372368323,1616.992381443425
601858,147.185373725,-41.7550771417,-216.56098814012944,303.539279884895,1632.9020133734375
601905,147.189350883,-41.4555137899,-676.4505370170663,407.2273548775626,1655.3147765324159
601816,147.193574333,-42.6938736404,-250.78550050774152,272.1930419252986,1627.3665668553392
601961,147.202174746,-41.5977941397,-344.9724293073739,209.6645578464741,1618.0828525334985
601815,147.214368528,-42.3350349167,-144.44522894641216,377.559150776945,1648.2669089626816
601735,147.214872637,-41.4308362179,-128.82943741391384,394.5637436547437,1652.2449693229003
601951,147.222979685,-41.4942566631,-537.7692149722598,267.68820685199546,1626.619152393584
601762,147.223433309,-42.3179349843,-326.4277921806291,218.233145739218,1619.2154262929996
601898,147.231613326,-41.4893516607,-429.55879294492416,203.28885882440144,1617.2690719135494
600793,147.231629383,-36.4087867293,-59.97629487541704,472.19283894235235,1672.4828752469853
601960,147.23526607,-43.0728403297,-172.3240480981759,347.9500873961245,1641.7375411937671
601813,147.243835452,-41.8563649991,-192.38184678275934,327.36384280359437,1637.4980844022757
601862,147.259963332,-41.8231686883,-234.91881965839536,286.3307033992612,1629.790833989166
601820,147.26454204,-42.6855232577,-165.48145238570322,355.1186101341843,1643.2717724435056
601903,147.264548867,-41.4978863854,-260.4680902843271,263.9507550536776,1626.008269333029
601684,147.271710806,-42.677615687,-514.7295782571454,249.05716958300275,1623.6570957461067
600297,147.272927353,-37.4938922851,-379.78807515919885,200.19140534748817,1616.8826455933615
601975,147.273216893,-42.6932560413,-375.15855345245706,200.91578178669792,1616.9724927211796
601971,147.302360266,-41.3886099694,-114.36119956608884,410.54646166610644,1656.1344414124553
601913,147.30691178,-41.3645028614,-108.57553861288753,416.9932429425914,1657.7443275444389
601492,147.310349925,-29.0267689455,-233.03829102613923,288.05389211470134,1630.0944560387945
601819,147.310611804,-42.4014883102,-149.11747249676813,372.5260248206148,1647.1212857633268
313142,14.731400633,51.581754768,-603.6787589664629,329.6484343416689,1637.9563428583494
601974,147.322421201,-42.68919166,-211.04400619200388,308.8679752623679,1633.9009507888354
601914,147.332262878,-41.3106884829,-172.13265513514756,348.14965025909277,1641.7798481591599
601724,147.335544994,-41.3564373287,-189.75563498743924,330.02027625544645,1638.0312187457562
600779,147.339803075,-37.6020677161,-91.59044126412229,436.0849450137769,1662.6493827965216
601970,147.344313929,-41.3304698786,-126.38886583169219,397.2451924048227,1652.887362688314
601686,147.351572526,-41.3314192796,-178.95120107677837,341.07502741755485,1640.2942007987076
601687,147.364389816,-41.3229075799,-148.22346037096437,373.48703341779924,1647.338901069605
601406,147.368273577,-35.0978524819,-192.90607574249537,326.8350772297505,1637.39245709566
601696,147.372585536,-41.0186296018,-289.6246102304625,241.2309496394129,1622.4750419990803
600781,147.372648257,-37.7646097105,-303.0993078737257,231.98245862579762,1621.1257668534097
601529,147.376904853,-35.1108492699,-196.0848300501775,323.63968726253154,1636.7576295888696
601985,147.381025976,-42.5521206446,-255.86299879019606,267.8319557606232,1626.642814932813
601959,147.381739316,-41.3060052335,-172.93749586908905,347.3108290237062,1641.6021755599375
601897,147.384337557,-41.4947711211,-81.124021686535,447.96232613221304,1665.804051045551
601864,147.393532783,-41.9107140056,-316.79152766526647,223.5386827278406,1619.939021544232
601721,147.402119531,-42.556461928,-286.62535482305987,243.4056761342699,1622.7998071297538
601968,147.40680146,-41.2937954775,-106.03397782266816,419.83464350866564,1658.4613407420848
601712,147.410820828,-42.5148530085,-422.1214469210947,201.5714276514015,1617.0540904037223
601896,147.414120175,-41.6024770281,-236.1129043980451,285.24151671940126,1629.5998323841254
601719,147.414492877,-42.581328189,-135.79520827629977,386.94502890393943,1650.4421668872424
601699,147.414694517,-42.5144225995,-231.9982664047667,289.0109758102623,1630.2638544066372
601715,147.417884048,-42.4267101093,-421.92272585322837,201.5314194977929,1617.0491037351899
601749,147.418525236,-42.7557853335,-260.30699751622205,264.0852984847593,1626.0301152567163
601694,147.41941514,-41.0811073739,-427.7966961535366,202.84345664391319,1617.2131457384446
601857,147.422898826,-41.9305927532,-174.73542658056252,345.4405728698319,1641.2075067555056
601490,147.427153651,-29.1016381827,-252.25027992013645,270.9263660491138,1627.1551821097348
601760,147.430892744,-41.9189877582,-210.94132929574977,308.96778511709175,1633.9198214986397
601901,147.432030843,-41.49321158,-82.9208747936789,445.9175219006493,1665.255333930506
601910,147.435430476,-42.7398668512,-316.66381538755076,223.61265718397974,1619.9492310868466
601727,147.435912533,-42.5309195169,-197.52439200062253,322.1988311750924,1636.4733354554182
601718,147.435940504,-42.6883579479,-161.04056812648182,359.8070762785332,1644.291343705881
601711,147.439209595,-42.6106687285,-136.30793271978715,386.38632279574944,1650.311268000557
601720,147.439645335,-42.7313432565,-204.70664029368305,315.07041803644603,1635.0847865378867
601491,147.443885459,-29.1143512198,-252.293217352786,270.8893393278897,1627.1490174558342
601716,147.452727024,-42.4312203526,-266.5533531460016,258.93575868429224,1625.201716086774
601717,147.456353774,-42.6642034519,-409.4825701181295,199.64791200689618,1616.8154438941692
600787,147.457,-36.5310000004,-41.6155273340739,493.45250503860046,1678.609027014586
601232,147.457,-37.0889999996,-244.87327157263493,277.37388306715354,1628.241125218785
601695,147.460739845,-41.2351416037,-121.19584682267296,402.970822270476,1654.2727630132003
601843,147.460768351,-41.1526135518,-175.23036418562413,344.9266025158302,1641.099403439383
601812,147.463451439,-42.6941115474,-167.04392882534182,353.4756677791232,1642.9175081415021
601989,147.464289266,-42.6479435536,-332.97001272591007,214.95441765722782,1618.7767889725699
601697,147.464527445,-41.1476377554,-128.24843322017432,395.2015333474134,1652.3973925197693
601703,147.464993603,-41.3219434308,-204.5516976136949,315.22311091540416,1635.1142163473382
601969,147.468884426,-41.3180526915,-141.63369947665518,380.60041414641177,1648.9662113258735
600088,147.472789176,-36.9314488606,-172.58723250746925,347.6757594172688,1641.6794219738397
601859,147.476229517,-42.0190338255,-323.0099515278366,220.0515845286839,1619.461512571253
601982,147.48119406,-41.0140322904,-480.11906728987867,225.36601357035772,1620.192189500548
601714,147.481194688,-42.4557082917,-402.0751641806735,199.11512516613786,1616.749740657444
601909,147.488999434,-41.5015408627,-282.3603128301517,246.56667196767822,1623.2769371155382
601861,147.490621908,-42.0316008806,-344.5897675194596,209.81815292678488,1618.1027619232325
601759,147.498152202,-41.9308979702,-214.94642692039153,305.0916925259045,1633.1913028467627
601793,147.502072509,-41.0103548041,-526.4367832848576,258.2774238056518,1625.0969566440244
601946,147.502085055,-41.4855356584,-181.15740915365097,338.80179394741185,1639.8230228984985
601899,147.503216616,-41.480762444,-186.81557976952757,333.0087145248528,1638.6359250289493
601788,147.505902514,-41.2566543134,-192.36715602611497,327.3786679217829,1637.5010482611078
601784,147.506164652,-41.227175701,-121.12421982809887,403.0499824784852,1654.2920477418409
601794,147.51054959,-41.2683971724,-144.89675433334884,377.0716003608583,1648.1552968833623
601981,147.510671772,-41.0724603872,-557.0159662462831,284.6299135920121,1629.4928899990273
601415,147.511000365,-35.1939092698,-411.1786176125521,199.83211359148035,1616.8381998420323
600788,147.51125,-36.5567899996,-37.885226702846005,497.79449332617713,1679.8905465630344
601713,147.523359387,-42.4889483714,-265.90832745003473,259.4610082124466,1625.2854843468592
300265,14.7524945038,56.1899831483,-476.9961461482594,223.53081321463912,1619.9379356328388
601906,147.526780627,-41.4518548206,-94.70160140564884,432.57036446079894,1661.7310284927985
600791,147.52704612,-36.5603477299,-53.0821713872096,480.1528420264077,1674.7476354818423
601846,147.531593539,-42.3352648327,-240.9786707951102,280.8443183354705,1628.8359100864948
601900,147.534320839,-41.4730619234,-188.6320369703063,331.16057105319555,1638.2613389402388
601902,147.534777198,-41.4065286928,-150.45639197905587,371.0886200373883,1646.7967861175946
601789,147.535654892,-40.99752224,-469.03066694725885,219.10597217158542,1619.3332942563868
601790,147.544206624,-40.9945675648,-483.9769288592022,227.70821485933368,1620.5196456570372
601854,147.556106556,-42.3518393091,-240.4736233244364,281.29760406549804,1628.9141269259637
601847,147.560228492,-42.3727157678,-241.50662287749304,280.3712630157592,1628.7544124179794
601787,147.560738714,-41.2062992923,-275.60815044081517,251.728530842608,1624.0690084125622
601966,147.566477939,-41.8142322826,-120.15377098955841,404.1229889702904,1654.553801198458
600784,147.569137009,-37.8182263199,-191.41069339031452,328.3447226547607,1637.6944610461433
601485,147.56924,-31.1178899996,-195.83843151245537,323.88670072939027,1636.80649001504
601775,147.573779433,-41.468722826,-162.40378728186556,358.3649261347273,1643.976371828237
601860,147.576799408,-42.1644905596,-225.03591574511287,295.49053750387856,1631.4250055090845
601792,147.580239574,-41.1858442406,-103.79413732112988,422.3433613418502,1659.0981904985365
601801,147.58466526,-41.2142055319,-151.71581859799147,369.73860310433275,1646.4930991266037
600780,147.585513692,-37.8267589987,-331.5379309870472,215.64898153883433,1618.8691652152504
601728,147.593495418,-42.3891782162,-233.45380855948562,287.67231944547956,1630.027071622164
601863,147.603125443,-42.1802631709,-228.39688262649298,292.34712130029334,1630.858586812037
600790,147.610355079,-36.9477420319,-132.7906464842511,390.2248366480235,1651.2141938534085
601791,147.614376452,-41.1112665664,-430.4745434142607,203.5296776644179,1617.299360210152
601785,147.614453866,-41.1344942893,-442.79348634522637,207.37790333832908,1617.788146092988
601908,147.61510356,-42.4229449889,-247.51603830170365,275.04473693036243,1627.8459688063479
601750,147.617943131,-42.3071695064,-173.69276064663018,346.5245763178486,1641.4360093644373
601786,147.622727143,-41.0472923351,-471.1498682499482,220.24644381899222,1619.488001456293
601853,147.635402809,-42.3938269535,-167.7156900058422,352.7703956993186,1642.7659123952626
601679,147.638937144,-41.0893410976,-465.32691548977766,217.17858891305056,1619.0736333867737
601907,147.639755824,-42.3980163359,-247.3978287905859,275.1484636273066,1627.8634979267924
601915,147.639854716,-41.0646392526,-182.8411357228265,337.07229353973554,1639.4665662702985
601751,147.660135378,-42.3317767364,-382.8948773401674,199.8009928600255,1616.8343537894775
601851,147.68138525,-42.3978290519,-166.92858192554462,353.5968346363197,1642.9435815970098
601911,147.689938354,-42.3934905195,-308.27265065088125,228.67316555014088,1620.6555178348997
600914,147.69380249,-37.5854248607,-172.88847265407975,347.36189379003,1641.6129799996652
601912,147.698243903,-42.4104238749,-308.42778190286265,228.57611173343693,1620.6418264691192
601865,147.698291747,-41.2723673597,-111.8859068301607,413.30089878289465,1656.8193998685356
600820,147.701750507,-36.8671666293,-173.2902005310537,346.94354439988615,1641.5245090606297
601944,147.702149582,-41.2765295311,-119.5122704854895,404.8327852499204,1654.7273113293302
601837,147.702858447,-41.2232281457,-188.93457904772572,330.85331343713176,1638.199257068051
601706,147.706057879,-42.8648395665,-524.3173191353599,256.568795121296,1624.8262791683235
601752,147.706882693,-42.3517766581,-199.55841693896636,320.1697466901019,1636.0750464271464
600915,147.710705973,-37.7356864871,-716.099123568206,451.8627210940851,1666.8571653145739
601855,147.714444133,-42.3559912314,-140.7611838955871,381.5460993769882,1649.184743076342
601845,147.718351334,-42.3476885727,-257.537598743445,266.4122575543438,1626.4096599015843
601942,147.731016095,-41.2142602909,-572.3724155956479,298.89525687790075,1632.045117461552
601154,147.731226771,-37.2687422575,-263.2432010885081,261.64729445113784,1625.6359363460151
601972,147.731434626,-41.7891286095,-201.84326848418218,317.900069669351,1635.6323991477316
601941,147.739435387,-41.1688733992,-135.81913615822268,386.9189486776895,1650.4360525909005
601738,147.747006053,-41.2236257927,-122.60979155534316,401.4091994958873,1653.893054670076
601795,147.751684472,-42.2803125611,-335.28866845399614,213.8579248008556,1618.6315525301347
601939,147.768694674,-41.1524185558,-301.97176189773353,232.7221395602326,1621.2317801867434
601796,147.768766128,-42.3111226897,-170.86812111789328,349.4695538414162,1642.0602485621846
601151,147.772556242,-37.1597955015,-80.07959483012336,449.1519333289479,1666.1243501188974
601848,147.772821639,-42.31453478,-171.3146960586665,349.00314977902417,1641.961049903945
601737,147.777334389,-41.2643046051,-79.13940736326254,450.22347019887627,1666.413533299554
601979,147.781304349,-42.2103702204,-201.3589907291783,318.3802704812417,1635.7257983774953
601891,147.806443816,-41.2689255885,-157.4294065321796,363.63957971782105,1645.1342300199512
601936,147.810591907,-41.1480338495,-95.33513099452762,431.8556173185114,1661.545113758738
601947,147.81871979,-42.2730923135,-194.85031091971612,324.8784330757947,1637.0030198884087
601852,147.826845847,-42.326906358,-86.59243471265297,441.7465943029422,1664.1433064565783
600494,147.827,-37.4820000001,-155.8734382985006,365.2962996701176,1645.5012237609142
601916,147.830637437,-42.3350715597,-195.60203021098746,324.123799458987,1636.8534229495672
600908,147.831519035,-36.4434809652,-141.1025214710947,381.1760322705944,1649.0991657336856
601923,147.832152008,-42.555988882,-175.679189292655,344.46084801268756,1641.001574240441
601535,147.843591306,-35.0311373123,-437.5967930887207,205.6179957956744,1617.5634921204842
601945,147.865739606,-41.1270472027,-297.4254172433325,235.7694150871323,1621.6720099750485
601483,147.868541004,-31.7351971886,-202.9047239793605,316.84918658258647,1635.4284753189397
601153,147.872878139,-37.6731514809,-730.6395519088167,468.52459563964885,1671.45092287069
601152,147.881247905,-37.0020510024,-158.7263007998161,362.26116846698653,1644.8300960965703
601988,147.881284923,-41.1312510231,-167.55143330611907,352.9427857832793,1642.802940368213
601967,147.889788822,-41.4645304576,-505.5014916860782,242.1865810396045,1622.6174012630452
601674,147.893480986,-43.0729884467,-183.94292222812834,335.94311254784475,1639.2347805346005
601489,147.902263642,-29.1145581778,-240.1696995931937,281.5707325317517,1628.961315766723
601849,147.905983441,-42.3348211257,-103.71022722649087,422.43742752427954,1659.1221386683128
601943,147.935074945,-40.9145468901,-767.5093675108872,511.334111355875,1683.952334326031
300834,14.7943816522,62.7936948007,-195.50447876561594,324.2216693135993,1636.8728055956217
601938,147.947692243,-41.0843977632,-312.2461542885949,226.2282906626953,1620.312355795064
601991,147.951661718,-41.0813516719,-105.53742780305001,420.3904294787025,1658.6021234893176
601965,147.960521213,-41.6316607295,-538.5889619035516,268.3861281443191,1626.7341530275573
601937,147.976837707,-40.9482836459,-504.17445778843614,241.22936826949316,1622.4748068804288
601423,147.98991926,-33.4016001085,-233.47460451768714,287.65323454650706,1630.0237035672374
601842,147.997883161,-42.2854028796,-181.776775059517,338.16504394567494,1639.6915831316467
601700,148.001620527,-42.2615371516,-167.61686965002832,352.8741045660489,1642.7881861394292
601935,148.018572599,-40.9519467332,-483.81591894712574,227.60883173037377,1620.5056837690051
300402,14.8024176609,57.7353210332,-733.0304783116067,471.27733653478407,1672.2246316740182
601940,148.035197178,-40.997827876,-308.68225555113634,228.4171861846128,1620.6194191698683
601869,148.036008132,-42.1223644911,-522.6115760738899,255.2060332527005,1624.6116490578797
601195,148.064617744,-37.4479547733,-173.22640900239603,347.00995881867937,1641.5385473284891
601929,148.076419219,-41.2479809897,-180.87506839019477,339.09226893280777,1639.8830622016878
601977,148.076969618,-42.0473922949,-329.89087857461027,216.46397384242212,1618.9779315412666
300420,14.8087156764,57.901851486,-662.7532298266556,392.1315513284914,1651.665839203946
300506,14.8092000005,58.7774000004,-525.4172734331332,257.45343255483584,1624.9662029655426
601978,148.102048324,-41.8475688583,-192.9720131651677,326.7686047931716,1637.3791900242475
601393,148.106118686,-35.9267327564,-220.84542905667792,299.44891068352786,1632.1466052274643
601407,148.108402239,-35.0732555228,-159.98916161879296,360.9211045631542,1644.53547683383
601414,148.164860597,-34.9314622381,-262.8573544664716,261.9659337646804,1625.6872519950405
600180,148.173,-37.4935782241,-86.58694467034964,441.7528236459957,1664.1449600456071
601954,148.181128963,-41.4439587609,-186.1467203900974,333.6906863624764,1638.7746535173915
601537,148.185107164,-35.027572239,-149.0556573372621,372.5924406131538,1647.1363081566906
601677,148.214652627,-41.0476965672,-498.73269755755746,237.3890966231826,1621.9082816366517
601782,148.21864862,-41.2892895631,-437.78542705488735,205.67843231653336,1617.5711756723945
313127,14.8232851396,50.8617266335,-560.4466181137047,287.7633340679165,1630.0431366316259
313128,14.8233875576,50.8725493064,-559.581568268861,286.97021185538944,1629.903307972075
601678,148.235263759,-41.9355313176,-130.11606111184807,393.15262316215797,1651.9085555639183
601484,148.23952,-32.2192699997,-218.88225982997938,301.31783241067126,1632.490528908101
601416,148.248327018,-35.3884765959,23.45267469730355,570.1027908880244,1702.7184391508479
601739,148.252852999,-41.7811747668,-111.05593899990748,414.22571236895857,1657.0503407059052
601541,148.269287441,-35.3637997889,14.878596986148466,559.9040967787628,1699.3308943333043
601094,148.273192741,-37.4976545694,-65.38661705729099,465.96619890064056,1670.7355833176885
601125,148.327597157,-36.9561996436,-146.10397384228457,375.76925989504605,1647.8578298894768
601027,148.36,-37.4100000002,-160.97434446416105,359.8771995701625,1644.306689646566
601095,148.360376803,-37.6602621829,-83.40773996942511,445.36387304027863,1665.1071647961348
601412,148.37730496,-34.7899837804,-156.39365011063487,364.7420475130102,1645.378270207179
601475,148.385578785,-29.9228956067,-388.14925015705626,199.31706239286447,1616.774623194868
601466,148.389659281,-30.1434773199,-224.33451741632865,296.1500977840688,1631.5445967743262
313129,14.840129209,50.8987174785,-295.0171490930969,237.42473377224928,1621.9134980179458
601097,148.414806233,-37.0850659713,-82.12589681702269,446.8219149537875,1665.497737773593
600311,148.423193767,-37.0853449363,-77.78049461103258,451.7733244501827,1666.832933299182
601099,148.451,-37.7142913683,-145.84469956669756,376.0488157401436,1647.9216008856583
600129,148.548,-37.5104375645,-285.0161532122148,244.58900784735448,1622.9777181482616
300141,1.48549447206,41.7941120362,-416.76294064790835,200.60116132952405,1616.9334299137795
601408,148.575934977,-35.0018889859,-70.50892328884949,460.08807818463396,1669.1057277876723
601425,148.664378242,-33.5728290707,-287.40229501636713,242.83845224166595,1622.7148254493495
601422,148.685530519,-33.8350840744,-307.9480341591218,228.87666975807124,1620.684244634201
313130,14.8687375694,50.9226037905,-294.98380556620333,237.4478483000681,1621.91688181248
601447,148.735489211,-28.935230151,-231.12267807044816,289.81896039306986,1630.407286738288
313140,14.8750586369,51.4856719921,-523.8307291370252,256.1789147006594,1624.7647605678778
601522,148.80178162,-34.9525488158,-260.7075436438857,263.7509323281187,1625.9758439626146
601464,148.818786504,-30.2731440487,-222.88529086672744,297.51670773695565,1631.7932106209485
601523,148.81954,-34.9856699996,-263.57054725947904,261.3773827055178,1625.592515680351
601458,148.889467957,-29.4765259008,-253.91782919197271,269.49275063929923,1626.9170948432256
600074,148.902,-37.6060000004,-435.88421189092105,205.08130910804837,1617.495358321456
600364,148.915,-37.4470000002,-159.3679919778831,361.57997879004665,1644.6802035373914
601427,148.93591,-33.9817799995,-90.47854179400906,437.3428436789459,1662.979751459161
102992,-148.963403175,70.277730639,-260.5415990835931,263.8893910612848,1625.9983092121226
600269,148.981671929,-37.4395573096,-97.2171907686388,429.73416665357155,1660.9949863968357
102978,-149.019590626,61.6956539469,-93.84919492137068,433.5325484340141,1661.9817572397346
102977,-149.025851171,61.7389646915,-92.73541869710283,434.79062178840803,1662.3103728368947
601487,149.081205619,-32.6350124411,-81.3405809056039,447.7157611051578,1665.7377625508632
102987,-149.088226105,64.5701919917,-139.4980593541004,382.91670194622856,1649.5023769232228
601413,149.093359515,-36.1687372535,-136.71700162780493,385.9407771803835,1650.2070095404954
600226,149.131562436,-37.6103472077,-765.3376140375681,508.79270918868497,1683.1823762651352
601428,149.14424,-33.6137200001,-146.10041989199095,375.7730913034597,1647.8587035889161
601549,149.182207335,-33.6186024455,-147.39991772948582,374.37316019238483,1647.5400310518764
600225,149.198366373,-37.3730000001,-295.75061551670365,236.9176242368817,1621.8393420804769
313131,14.9226317108,50.9983351698,-362.8331724444797,203.66210984024693,1617.3160315258629
601429,149.259832797,-33.5480125326,-374.17883059225625,201.09081610490657,1616.9942508146783
601441,149.489775827,-28.4981694198,-236.71784824122028,284.6912131369492,1629.5035985487646
601298,149.493805482,-37.6890000003,-492.12087111305397,232.91432839755268,1621.2593793773
300699,14.9510192722,60.9051547755,-449.18308832769105,209.8067131903279,1618.1012785810765
600413,149.519229239,-37.4151146196,-598.0425700818615,323.96665626901626,1636.822313270476
410218,-14.952125815,16.6561271793,-209.44721596787693,310.4227543855417,1634.1955749806361
102980,-149.525953213,63.2684987,-243.49199668854408,278.59960510172994,1628.4503771404352
104354,-149.539414761,63.2748173755,-82.28020228205267,446.64633645779975,1665.4506419336358
300615,14.9567554647,59.9272863446,-436.9083147367601,205.39963746731,1617.5357498113256
601471,149.6817,-30.2595399995,-221.42531002789332,298.89861748966507,1632.0457329325113
102975,-149.684132703,61.2371270729,-188.16259481059706,331.63764913032537,1638.3578428312524
313139,14.9692428877,51.4152962813,-641.4527806804224,369.0611811403607,1646.3411087228258
601488,149.756118878,-32.706482134,-3.2224218187732276,538.463158938307,1692.3875042022162
601460,149.772997983,-30.3312560095,-223.5876824187023,296.85371619139977,1631.6724609009707
102976,-149.850465542,61.2305518454,-371.91059298970083,201.52499596448752,1617.0483031883966
601448,149.852193704,-29.4644795058,-366.00269673924095,202.84391836654527,1617.2132036513551
601449,149.852282346,-29.4225459253,-235.44365509432308,285.8514925348671,1629.706711844311
313133,14.9855415881,51.097633418,-309.1746903410933,228.11063537031723,1620.5762409757324
300389,14.9898660274,57.6230394519,-802.5753041957784,552.6590890534046,1696.9575597401736
601470,149.99003,-30.7734300001,-536.176052520664,266.33823610473104,1626.3975365381505
102981,-150.009282474,62.3547082074,-444.9911740798118,208.1807461143557,1617.891255276051
601392,150.027176382,-35.9223599421,-865.8358399365204,628.3329687894176,1723.088857405128
601456,150.052346338,-29.6687490137,-249.98587752238177,272.8873981472973,1627.4828487310049
313135,15.0060435158,51.1809584389,-350.28182143273887,207.63929388691494,1617.821673489338
601389,150.09393,-32.1274233261,-186.14301940187255,333.6944620527357,1638.7754223354248
601375,150.102218397,-32.3396175116,-128.1081626080632,395.3555660544012,1652.434239071613
300659,15.0135640854,60.5085315506,-234.32888410554088,286.8702510248293,1629.885711259852
601459,150.255446203,-30.9646811559,-197.22093738006214,322.50223069175524,1636.5330976326584
300454,15.0278728676,58.2482656456,-655.9602119282208,384.7174498414345,1649.9213335969935
601440,150.306476431,-28.5478947579,-227.28994301446022,293.37926128354025,1631.043923932541
300990,15.0312874658,65.8410657629,-223.17955299097378,297.23880564856074,1631.7425649989545
601377,150.318963513,-32.4146442009,-110.2381626997235,415.1375476489501,1657.278514406667
601386,150.335257143,-32.2936082528,-503.47731042892804,240.72971305770892,1622.4005934401134
601479,150.335257972,-31.0355075937,-226.4092912317535,294.2026232224999,1631.192224833415
601451,150.351481473,-29.8352747294,-178.67104334557519,341.36426125729537,1640.3543671139248
601388,150.351719926,-32.1316224444,-163.32166445617952,357.39535670388767,1643.7652909827136
313136,15.0357806342,51.2561511551,-620.1932559634566,346.61275693353315,1641.4546274920456
601467,150.46142,-31.2734300004,-347.82497749376455,208.5517613938631,1617.9390371786164
601462,150.485539408,-30.8851482333,-81.15863192258116,447.9229181616184,1665.7934540213578
300477,15.0489960553,58.5357407814,-607.3423415811486,333.3722620795146,1638.709844960357
102983,-150.520738638,61.5491175937,-163.63671318780905,357.06283698822836,1643.693024991001
301000,15.0560158309,66.0407976274,-263.07832226742875,261.7833895024491,1625.6578464933439
601381,150.573344422,-32.343723872,-538.5727278765257,268.372285077099,1626.7318691915668
601453,150.586558837,-29.7973755823,-306.89071282742145,229.5434016020502,1620.7785364031154
102961,-150.597936446,60.4850210147,-659.9112943600156,389.02365869448977,1650.9307368481673
601468,150.618763926,-30.3893891683,-170.04206080050812,350.33308039512605,1642.2442443391676
601469,150.689732147,-30.4477277371,-169.16754355030523,351.24836780461817,1642.4397421918998
601578,150.689809339,-30.5853918225,-261.4836517931196,263.1046500202785,1625.8711350252452
300017,1.50707429584,42.3561544337,-96.89653468723007,430.0954083438069,1661.0884838335407
601474,150.727233095,-30.4060732107,-181.7205698672832,338.22280055453194,1639.7034956543016
601434,150.73171112,-28.7982594446,-645.4300327373641,373.3281148554378,1647.302878097255
601446,150.847486509,-28.5723733019,-246.34838993495248,276.07120312932756,1628.0197173386014
601455,150.90196198,-29.9184579223,-89.36379870888254,438.60490843799215,1663.3121043724432
601387,150.92365,-32.48953,-167.23960014495822,353.2701677280282,1642.8733068172285
601480,150.927113373,-31.1790605136,-315.45152587522955,224.3194824791781,1620.0469502658593
601384,150.927201587,-31.8102574318,-197.55360609947564,322.169631666861,1636.467586728911
102991,-150.929197551,70.1685933889,-180.79014136147345,339.1796683072707,1639.9011367271548
601439,150.931453776,-28.7153033018,-251.1279003393849,271.89633678156036,1627.3169662979665
601465,150.943866404,-31.1063860606,-150.80006895011672,370.72002454179403,1646.7137660936262
601376,150.989593423,-32.1103238927,-49.92847554516132,483.8033615202301,1675.7978945756736
601380,151.018768406,-32.6479660182,-365.13278205662846,203.06085293604482,1617.2404276548057
601390,151.039730024,-32.3518505597,-245.3487875831538,276.9532370511809,1628.169520154186
601382,151.047991401,-32.3940407461,-310.90826108550255,227.0418857631095,1620.426150349609
601481,151.055705431,-31.0646480162,-288.16408944223343,242.2849039482721,1622.6320795322667
300997,15.105608439,66.0151249883,-430.7027312693385,203.59067638182458,1617.3070377499737
102962,-151.083415256,60.4865414068,-561.3230697424715,288.5689587418514,1630.1855522594174
601463,151.127203446,-31.0599719838,-403.33696293562053,199.17454084859781,1616.7570592294423
601562,151.131645868,-30.2311544792,-199.4151246987636,320.3124286298141,1636.1029743817212
601461,151.139831592,-31.4018863801,-123.47419854656587,400.4554828495574,1653.6618410637216
601473,151.140674056,-31.3431524642,-77.18902915873832,452.4482979457727,1667.016002670644
601454,151.14796067,-30.4809160039,-186.85421097627494,332.9693496107363,1638.6279256213663
601445,151.164463176,-28.7854421186,-192.98368739483368,326.7568366696672,1637.3768415231582
601373,151.168695836,-32.5604070029,-186.527989524427,333.3018480556476,1638.6955216767074
601477,151.169341985,-31.0355311227,-126.22737087202368,397.42284221225805,1652.9300669895429
104341,-151.198456739,60.0197808682,-248.4217107292032,274.25145490887826,1627.71212177265
601435,151.235531152,-29.3935098159,-130.93080818288678,392.2599391729906,1651.6963252141672
601433,151.281326882,-28.9977973761,-164.06903397795463,356.60676900381924,1643.5940126884523
601450,151.360652031,-30.4686908538,-299.05555950589167,234.66497048879359,1621.5118066855055
601391,151.362302313,-33.2688330615,-401.81840004503647,199.10461408865686,1616.7484461713202
601385,151.406272797,-32.6628010504,-315.8117307904422,224.10859173367524,1620.0177627837406
300055,-1.51433479915,42.9726402397,-93.37043409848144,434.0732170640923,1662.1228741035834
601443,151.468891711,-28.9851443351,-89.36296278259744,438.6058551927429,1663.3123540259487
601378,151.469051183,-32.3355027913,-103.351253344829,422.8399173419242,1659.2246642765742
601438,151.469574059,-29.4562375881,-295.5832162975838,237.0331346473451,1621.856219819356
601379,151.510221036,-32.3062434179,-118.89429290942476,405.51692953641253,1654.8948217293523
601442,151.518800399,-28.8017371669,-154.65593701494015,366.5948542364089,1645.7899859941424
601437,151.602088593,-29.0183523578,-148.83452180856128,372.83007296980617,1647.1900783323874
104339,-151.65445499,59.8545795265,-399.8592408647015,199.0420105898132,1616.740737665016
104340,-151.685849483,59.9225447262,-556.5521577597608,284.2087714056323,1629.4193802056868
102957,-151.786604334,59.8577020608,-360.46031975239055,204.32449049191428,1617.3995759430525
102956,-151.832151023,59.7794221523,-372.7131072614236,201.36677021297558,1617.0285918906907
300927,15.1839394485,64.5204215806,-237.1472442011221,284.3012167782093,1629.4355073790296
300633,15.1950983624,60.162573863,-561.6567254949393,288.8761897961911,1630.2399651208254
601372,151.960190501,-32.477275679,-747.6104081864597,488.137053516461,1677.054165452541
300958,15.2057917323,64.9949478659,-253.73465633219013,269.6497851729654,1626.9431143988447
300805,15.21489306,62.5000681904,-236.58754619787848,284.80966039496985,1629.5242966891542
601370,152.3025,-31.9192499999,-470.1035640478831,219.67997656808618,1619.4110605250726
300691,15.2309303304,60.7861086046,-232.77579768547764,288.2951798778168,1630.1371112844367
300807,15.2332415495,62.5098902232,-216.60773439512622,303.4944213923094,1632.8936752471784
300448,15.239228243,58.1938215161,-467.1081394880023,218.09495937009376,1619.1968077255551
300753,15.2429815204,61.7156438905,-444.90463545275816,208.1484821635338,1617.887104056698
601369,152.468994757,-31.4270631011,-410.76479013265833,199.78503992440645,1616.8323824761742
601363,152.681757507,-29.5058431372,-306.7328589681931,229.64345055050853,1620.792708901027
601366,152.710372616,-31.0065428313,-508.8957710890511,244.6707960935209,1622.9900459667097
102984,-152.91378648,60.0972856396,-135.36822528477322,387.4105257471598,1650.5513643342567
104344,-152.95299178,60.1039248812,-78.57986377294927,450.86147952872216,1666.5860207528483
601365,152.985680496,-30.0683518007,-892.7993344253904,660.9266993816469,1735.2397508129827
601360,153.293449931,-28.3478923874,-103.30020824240637,422.89715915328435,1659.2392528101257
300335,15.3364274101,57.0187004789,-250.00589112098638,272.86999462600545,1627.4799306944406
601362,153.406124237,-28.7479286445,-912.8849906093888,685.3126562300837,1744.6737023395287
300264,15.4023249165,56.1817019166,-605.8366843946676,331.8389956092647,1638.3986114047311
300345,15.4245876274,57.1354143466,-463.19953058373517,216.11011677492007,1618.9306573842052
300915,15.4551446659,64.2432406327,-448.3604248679136,209.47792619797158,1618.0586801504414
300780,15.4696413791,61.9578333506,-233.34899140824703,287.76853008894534,1630.0440539309168
300370,15.4934144751,57.4146804397,-258.92390637656706,265.2441402759491,1626.2187260011221
300722,15.4973640944,61.371268023,-233.4564765884815,287.6698708727897,1630.0266394921136
410217,-15.5193395179,16.5188559399,-210.74734647871256,309.1564137511761,1633.9555009269604
300515,15.5391476029,58.9101979934,-256.30068226354985,267.4599875770606,1626.5816105565395
300631,15.5795909272,60.1115645448,-422.18170237690174,201.5836197243867,1617.0556102333562
300497,15.5945059344,58.7027698782,-270.98185780063864,255.37148297353042,1624.6376473423497
300368,15.5978499017,57.4106530693,-439.0946316882232,206.1050849875332,1617.6254810380872
300058,-1.56031178695,42.0277584535,-180.12733403994446,339.86217642677985,1640.042435369138
300966,15.6419959144,65.2244266628,-230.7087776105726,290.20160610098566,1630.4753487954292
410216,-15.6974918947,16.4528806785,-358.2720069605712,204.97279131645357,1617.4816029946196
300811,15.7364049342,62.543618989,-526.2573694927867,258.1321365904809,1625.0738724091136
300271,15.7395519374,56.2690521239,-454.18883791424264,211.90754283817438,1618.375017589464
102985,-157.460194413,59.3320234513,-344.84346146779063,209.7162102966596,1618.089546257307
300409,15.7643000005,57.8147999998,-508.4417341930417,244.33554490654478,1622.9395396473533
300673,15.7806048818,60.658345318,-427.5633800444166,202.78626258922338,1617.2059730105161
300397,15.8058745669,57.7231405072,-240.9154842012219,280.9009887655698,1628.8456821735629
102986,-158.087854974,61.878013122,-98.77846819650597,427.97646561423136,1660.5411003542295
300419,15.8442418151,57.902186683,-472.25750557605886,220.85325820447707,1619.5706383191562
300354,15.8535676579,57.2354504068,-461.9255344266023,215.48396184826328,1618.847191262909
300445,15.854916715,58.0982062902,-227.56675005135835,293.12086667973335,1630.9974657641449
300484,15.8712904423,58.5938664992,-775.6187687970096,520.8434739560657,1686.8641958404974
300056,-1.58902916033,42.8394397147,-97.91149117619089,428.9522725749023,1660.7928657701896
300129,-1.58910120834,42.6354576988,-469.2182212847492,219.2058111407847,1619.3468061177862
300355,15.9105999996,57.2564999996,-465.01232764828126,217.01879732333302,1619.0522070759953
300138,-1.59376730872,41.8224511756,-408.77414539641086,199.57781547841884,1616.8067897176593
300006,-1.59428559077,41.3854819054,-125.06690025445592,398.7001779040534,1653.2376485873738
300923,15.9473774776,64.4187470292,-193.13104704938635,326.60831332098775,1637.3472084980526
300790,15.9780814962,62.1973156584,-220.3400526408538,299.9291543151479,1632.234783495985
102990,-160.143435622,66.9796362061,-249.1554673043288,273.61061893896067,1627.6042705897976
300512,16.0203394477,58.8265012445,-463.4920482781804,216.25534137826102,1618.950049729952
300107,-1.60211425141,42.08181608,-169.03941582197368,351.38256390282453,1642.4684462907978
300385,16.0402248223,57.5936802465,-452.57506926166957,211.21162312774126,1618.2840419995
300701,16.0428033175,60.9274280643,-223.17753869642746,297.24070723844545,1631.7429113943156
300994,16.085020146,65.9704174626,-194.9434268303512,324.7848988110119,1636.9844597129397
300906,16.0921254296,64.1155968691,-448.9507199850109,209.7133684790109,1618.0891779394606
300972,16.1219189471,65.4177972758,-228.59642883042494,292.16139187731545,1630.8253032589594
300485,16.1234583132,58.5942578263,-342.8118607842573,210.54504542455396,1618.1971780344982
500001,161.302905029,68.7583983352,-180.95530504266196,339.00970734928217,1639.8659922454126
300371,16.1353240542,57.4357063464,-466.8340502438145,217.95267121028152,1619.1776486024264
300759,16.1610824623,61.7965985942,-493.85409525082775,234.06644228425455,1621.425295920103
300945,16.1737560424,64.7501908306,-471.618809167671,220.50245792009497,1619.5228386147535
410206,-1.61858357878,5.10924742989,-216.96545870805548,303.15130883911405,1632.8299381432391
300804,16.193743058,62.4752153674,-226.26878193967826,294.33417248366527,1631.2159562539932
300005,-1.62747862851,42.3526458804,-200.79469791882178,318.9403990154661,1635.8349149502005
102988,-162.860085905,61.9117367947,-359.8004561596705,204.51621265353597,1617.4238071959157
300964,16.2877818918,65.1601033935,-257.8314166881805,266.1641376062489,1626.369035303385
300708,16.2890727859,61.0516737966,-228.66952618937552,292.0933814041807,1630.813120595402
410215,-16.2977464183,16.1602057312,-257.4374941064434,266.496859494767,1626.423520171348
300822,16.325924275,62.6507304829,-222.13065243084094,298.2303506472578,1631.9234764207454
300768,16.363026458,61.8654045909,-213.01247793458612,306.95892076827295,1633.541144227842
300696,16.3663541103,60.8827207146,-175.44827662670815,344.70043125866346,1641.0518816161464
300970,16.3673289834,65.3699397769,-457.08718889957873,213.20126543824293,1618.5449238221515
300741,16.3804373315,61.5775981611,-478.6960596120326,224.52293496103778,1620.0751338038317
410214,-16.4061270693,15.9982778438,-366.12826859590734,202.81308257037236,1617.209336266546
300688,16.4322035618,60.7589599144,-219.2838325590161,300.9347996215009,1632.4198738281823
300346,16.4560565757,57.1439232513,-753.4796126317456,494.9577125646519,1679.0521219048615
300635,16.4967362711,60.1915878944,-515.2493525005289,249.45493186885196,1623.7181571564934
300685,16.5272089376,60.7495982626,-447.3944821945386,209.0978893726978,1618.0095235152676
300387,16.5330515441,57.6103385708,-285.4696257133861,244.25439255486677,1622.927324043912
300486,16.5394456946,58.614830698,-565.056863737595,292.023726934653,1630.8006462896656
300717,16.5835410123,61.2304400864,-464.7965369408325,216.9095467772102,1619.037566682466
300614,16.6108882215,59.9223410921,-581.9750347701895,308.1083418146136,1633.757522137767
300653,16.6467112935,60.4654476171,-476.00906347947137,222.96230295522244,1619.8595863176172
300439,16.6603359116,58.0566307388,-546.9559721505397,275.6338681705639,1627.9456133816798
300697,16.6765,60.8912000003,-592.0392740727642,317.9806259381629,1635.6480579018248
601602,167.534200794,-45.8066279809,-165.45569688369483,355.1457213669849,1643.2776315191725
601610,167.685237726,-46.1300186817,-191.394706854355,328.3608836029375,1637.6977012643351
300644,16.7697495497,60.3064764239,-491.71404568077156,232.64609782492695,1621.2208664087539
300737,16.7814963907,61.5500968098,-218.08688099216835,302.07760163645986,1632.6309344908361
301049,16.8179400977,67.2968638953,-212.12898291016586,307.8146973830923,1633.7021695434669
601609,168.268597355,-46.3181554362,-228.37947100221896,292.3633321647016,1630.8614928437157
300949,16.8396134575,64.7924623681,-271.0371268300935,255.3274692838249,1624.6307295557558
601608,168.42725099,-45.7185425536,-312.43414468221226,226.1147605858334,1620.2965086059942
601607,168.552064834,-45.5434993331,-314.3775399692156,224.9526302602398,1620.134740293839
601595,168.714850563,-44.9899404173,-88.12570410243057,440.00773047724994,1663.6825700011782
601606,168.797749655,-46.3893400281,-195.3590593711388,324.3675965129814,1636.9017162046089
601594,168.868613909,-45.0065686657,-77.54526599342329,452.0417356054014,1666.9057026644098
300002,-1.69232837288,42.1810386252,-192.72830581209848,327.0143292562875,1637.428246484384
601593,169.280500916,-44.7307365089,-161.3046674110804,359.5274852500411,1644.2301856784543
601618,169.301876624,-43.9437063668,-41.247681141286684,493.88034385097154,1678.7348465104128
601596,169.4100702,-45.6643663891,-151.09833509618352,370.40025259944326,1646.6418062140037
300796,16.9459575803,62.277501182,-207.12255238151528,312.6959823498154,1634.6289084142925
300797,16.9643451068,62.3651217583,-383.7887316967534,199.70298890467902,1616.8222458339221
601605,169.747741759,-46.2351682904,-181.17074652092717,338.788075572082,1639.8201886169777
601603,170.094043716,-45.5978215836,-151.83397604479407,369.6120492775653,1646.4646846553214
300853,17.0162302231,63.1873804903,-232.9109525121494,288.17092055833757,1630.115140197595
601604,170.243841506,-45.8480461753,-113.59039051710056,411.403594604377,1656.3471280197843
601601,170.272753956,-45.2559513703,-178.38993023686305,341.65460829235616,1640.41481406789
300884,17.039267631,63.6938373282,-258.88778305005917,265.27449494583317,1626.2236772703661
601645,170.451090979,-44.7021802015,-99.8668377242226,426.7523440276837,1660.2260249674164
601646,170.490461435,-44.7264426855,-157.8109509772793,363.2338196371264,1645.0445886279686
601643,170.94075663,-44.1687938894,-147.25327270862215,374.53103622248557,1647.5759126486023
601644,170.976986021,-44.0812027951,-128.31009577998415,395.13382746109056,1652.3812007070392
300831,17.0977393868,62.7661260094,-221.49804031112285,298.8296549487141,1632.0331042974444
601647,171.102155578,-44.9270449471,-202.45775129590325,317.2914324088845,1635.5142139174661
301041,17.1247259331,67.0943316526,-159.02746869504247,361.9413933684899,1644.7596976699997
300982,17.1271340333,65.6919750705,-460.3081014384618,214.70397318529754,1618.7435519400651
601616,171.297768104,-42.4521891704,-267.29007704384713,258.3377145923653,1625.1065397772516
301040,17.1317604596,67.0671266203,-179.23426727977778,340.78291940280724,1640.2334861240597
601642,171.324689401,-44.2689011257,-223.40983647819763,297.0214722818776,1631.702989469125
300829,17.1404926124,62.7397242553,-223.08512852364902,297.327957462514,1631.7588072796837
300827,17.160227079,62.7211028957,-222.71430999843227,297.6782792667849,1631.8226768841091
601615,171.696671203,-41.831122507,-61.68427887107293,470.2251967129947,1671.9284154741074
601617,171.786018636,-42.3561755364,-164.30849527949943,356.3542675924659,1643.5392465278544
601599,172.051057537,-43.3606799265,-189.4320816389656,330.34840831026884,1638.0973602686483
601635,172.38574799,-41.7648169245,-84.72471798753604,443.86710609311865,1664.7074513912244
601597,172.540937817,-42.7897069723,-92.79178469880468,434.72692993121194,1662.2937148570952
601600,172.640265503,-43.4185362163,-230.29252577089727,290.58687786240586,1630.5439658076707
311500,1.72734299607,43.2221564024,-690.9954558683951,423.45168553068925,1659.3806738734686
601631,172.822822586,-41.251415837,-78.21614095514498,451.2763250652465,1666.6982967563085
601632,172.91485359,-41.6312622054,-67.49843799662378,463.5407250054099,1670.0607457767896
601633,172.918832845,-41.8976388405,-70.41819315670529,460.19204786555287,1669.134389965253
601598,173.097735914,-42.8977551292,-124.17959464016047,399.6777572323534,1653.4736769819679
300106,-1.73502136141,42.1976926256,-230.0067450624935,290.85165060774546,1630.5911730127925
601659,173.686558819,-35.2764013956,-74.53077172991394,455.48483818800855,1667.8427170045568
601634,173.951814255,-41.4396587116,-159.15888698641115,361.8018939273919,1644.7290054277735
601660,174.045873032,-35.2770232077,-309.3873297871578,227.97866663143267,1620.557670459472
601661,174.052011083,-35.7351665896,-315.63909788541287,224.20957198607192,1620.0317351879758
601662,174.152233582,-35.6521955577,-289.7190854576272,241.16310693989314,1622.464956476684
300854,17.4166064232,63.1790677226,-208.21213168922463,311.62908816109154,1634.4251525946665
601652,174.207089077,-39.5768792285,-330.3593834673153,216.23039914902375,1618.9467181973998
601650,174.256455021,-39.0480191137,-296.1092335951512,236.6706211351608,1621.8032783770318
601651,174.260996576,-39.281381882,-345.3050381298321,209.53187886414517,1618.065665882051
300879,17.4411372642,63.6297685779,-169.45998698372787,350.9421645250936,1642.374285504843
601591,174.514648299,-36.3770967167,-261.28481716000294,263.2700230320485,1625.897904504856
601592,174.614673025,-36.743757889,-431.18177236266024,203.72001638626475,1617.3233244847506
300081,-1.74781143947,42.8143761656,-216.03511555150422,304.044259936268,1632.9959592253065
311499,1.74799722078,43.194111139,-590.4346055637126,316.39255393772464,1635.3400683139946
601663,174.919070377,-41.1976180766,-412.3420530871556,199.97180864916402,1616.855471308553
601622,175.131195008,-37.4311768099,-208.17778318123726,311.66268335724993,1634.431558384574
601653,175.143576184,-39.7896024151,-236.93107477808786,284.49748736136934,1629.469763806901
601620,175.152048011,-37.7980969953,-341.45042728084127,211.11632283858313,1618.2716065651248
601648,175.188714034,-38.9442705081,-228.73108482734654,292.03611730460665,1630.8028650503209
601664,175.193115143,-41.0522311655,-58.570272007069974,473.81394521569166,1672.9412857380394
601621,175.289568847,-37.7955260571,-355.53019875864214,205.83523112679782,1617.5911205304656
601619,175.348078379,-38.2681032822,-266.13639004291326,259.2751204251227,1625.2558195304048
601655,175.44403839,-40.1222679886,-307.00925830830136,229.46835323820042,1620.7679093515633
601665,175.444150053,-41.1979494816,-196.68886184632686,323.03463323030456,1636.6380983932345
601658,175.473003152,-40.4353804195,-214.05270592167903,305.9535425721214,1633.352521979997
601667,175.605819959,-40.7599329863,-78.19472320276799,451.3007560430447,1666.7049118698274
601657,175.623237073,-40.3766425066,-343.59191712393374,210.2234405378114,1618.1553651604472
300079,-1.75643059718,42.1813255142,-306.06719164197125,230.0668012548846,1620.8527458981705
300127,-1.75653117619,42.23890694,-610.9492977732087,337.0611781739223,1639.4642810009548
601666,175.672929337,-40.997655381,-338.43315106225475,212.4271757410909,1618.443139513811
601623,175.702206026,-37.5436701432,-309.05809444789145,228.183100828624,1620.5864427267531
601624,175.718697921,-37.4187105999,-93.88143372865915,433.4961473366002,1661.9722622840793
601654,175.803542497,-39.8104713778,-114.19568005240313,410.7304717284876,1656.1800660714073
601649,175.81449066,-38.9976673205,-281.89620877067273,246.91537610851503,1623.3299399089499
300874,17.583334277,63.5774268736,-421.74147092326206,201.4951968990112,1617.0445897436957
311593,1.76021180379,43.3230958907,-305.636543574705,230.34192543196255,1620.8918204055722
300089,-1.76041099751,41.5730760769,-81.78358529796503,447.211479525816,1665.6022929456044
601641,176.077160294,-38.677519286,-278.0431024415045,249.84538559938866,1623.7781891475488
601656,176.110619492,-40.2395718813,-326.20842606697795,218.34771754859275,1619.2308719279858
601625,176.297942556,-39.8145276421,-253.48896435531293,269.8605893563759,1626.9780663960273
601628,176.331266439,-39.3771250779,-73.13160949569924,457.08503559539804,1668.2804382390964
301054,17.6475429773,67.3648417919,-83.1978629455274,445.60251805140155,1665.1710107192398
601636,176.502169794,-38.181534743,-116.60356076692938,408.05611124677927,1655.5188554564484
601630,176.635269641,-39.1812146027,-433.2305064753277,204.29272014489013,1617.3955627335522
301017,17.6672868349,66.4794356247,-237.85800374750602,283.656802589664,1629.323194612222
601638,176.697618579,-38.4568550998,-298.31386168482425,235.1658613738211,1621.5843712868218
601639,176.747895024,-38.4809877568,-333.9377677615149,214.49252506313914,1618.715519834769
601637,176.765077434,-37.939930119,-227.3751237319091,293.29972585070277,1631.0296196053837
601640,176.801796842,-38.0416410614,-622.4489233739963,348.9638416161312,1641.9526952995552
601627,176.860550877,-39.5979520572,-358.569156694155,204.88266408778384,1617.470184235151
601626,176.927170326,-39.7183265152,-266.75042803995785,258.77558436134336,1625.1762039568323
601629,177.127588015,-39.0730365808,-252.83013275755337,270.4268367460485,1627.0720834918345
601612,177.560992001,-38.4147480933,-134.1046192117681,388.7892814188567,1650.8755241362614
601614,177.602743147,-37.8561206951,-83.3342908937149,445.44738620542876,1665.1295038894823
601613,177.614975793,-38.2022766987,-76.86398626913012,452.8193360580553,1667.1167451483545
311594,1.77808411427,43.3347845257,-312.04959400466555,226.34720502725463,1620.3289629176033
601611,177.881606838,-38.4680942477,-284.3873651795125,245.0544744495889,1623.0479309908717
301080,17.7904638411,67.9004086363,-345.61248687564694,209.4099205169943,1618.049877369953
300030,-1.78626831565,42.831339656,-685.0980685690859,416.85066902299405,1657.7084698797019
300031,-1.78632099066,42.7929959479,-141.00534227633682,381.28137710935516,1649.123518532312
300067,-1.78917908489,41.3356876913,-327.5056772566616,217.67449360989366,1619.1402274090744
300619,17.9170346136,59.9585870761,-742.2746699539179,481.9527636585707,1675.2645633583131
300149,-1.79714965555,41.2625782512,-118.1970196996611,406.2892994076894,1655.0842533415562
300053,-1.79790109261,41.3239340023,-100.71267221018705,425.80168169435893,1659.9819164616613
300004,-1.79814697163,42.3183069836,-277.9545161944637,249.91347351748522,1623.7886670042872
300037,-1.80180142494,41.8691705254,-118.19451397979648,406.29207583263366,1655.0849348992263
300916,18.0579230383,64.2331304768,-250.52617410034964,272.4180077000597,1627.4042097049078
300920,18.0984200576,64.3242955294,-392.0418145947584,199.10227647929966,1616.7481582934386
300168,-1.81894237635,42.6730779629,-417.5372327138851,200.7273713322046,1616.9490927199663
311363,1.8220403299,42.5328819043,-60.60110943370374,471.47282944775344,1672.2797372908205
300855,18.2634176863,63.2623348405,-224.02505304443972,296.44148847437697,1631.5975137682974
301082,18.2894768414,67.9241245702,-81.36582401741038,447.6870225564575,1665.7300384550467
300130,-1.83142881639,42.4899050898,-166.41198306660908,354.13973497811094,1643.0605109783241
301014,18.3309039729,66.4135957002,-445.0565354556529,208.20514980917125,1617.8943955811965
301033,18.3592581822,66.8845506492,-179.37655589798283,340.63613463946774,1640.2029956892845
300105,-1.83908120102,42.2522255811,-409.7874144008582,199.67931723112267,1616.8193221803954
300996,18.7015535155,65.9823570075,-253.17855879308044,270.1271988005899,1627.0223091211253
301055,18.7206424571,67.3934959813,-438.55909007721795,205.92904086217658,1617.6030603075656
311587,1.8727898441,43.3514427561,-323.04083376040717,220.03483720676172,1619.4592370388925
301066,18.7323526871,67.6467943623,-782.6883879282448,529.1579084504098,1689.4499054193934
300861,18.8549815982,63.3759929449,-250.87113963225784,272.1187967766527,1627.3541502712797
300909,18.8928000003,64.1246999998,-241.37518305560903,280.48896017121007,1628.7746767505666
301046,18.9110860679,67.160149512,-420.84161159067946,201.31917230826238,1617.0226652662816
301022,18.9193057655,66.6002547087,-544.2812592922747,273.2928650339271,1627.550884281176
311586,1.90106539544,43.3683139875,-315.09304856224344,224.53009180315365,1620.076125671605
301059,19.0588431071,67.486808398,-530.3489041170842,261.47478477469764,1625.60817970351
300094,-1.90629713158,42.0565352319,-346.38022288790546,209.1082536451349,1618.010862938968
311364,1.9066486849,42.4523982497,-129.6332852521818,393.6819103145144,1652.034605374497
300946,19.1052987499,64.7321169431,-152.8233140024447,368.5531038475224,1646.227287224224
301057,19.1152306327,67.414513039,-377.3901550584744,200.54538281177815,1616.9265108263603
300929,19.1472696714,64.5234147668,-232.32359959444096,288.711278199412,1630.2107511010727
300015,1.91803388184,42.4279052696,-131.50015243155377,391.63655002469926,1651.5483880774532
300897,19.2041346561,63.8649119584,-226.71485320433976,293.91671769462886,1631.1406830149167
311585,1.92255247722,43.314239103,-318.77915824912907,222.39949004668068,1619.7822149965125
301089,19.227390371,68.3025976685,-228.68827797920017,292.0759367720074,1630.8099961942933
301056,19.2539901802,67.4076223735,-435.68565038832736,205.02048813640178,1617.487647990449
300934,19.2698491815,64.5769767893,-148.0969025603392,373.62315483028476,1647.3697680458142
300078,-1.93117435764,42.3188395616,-394.1789020146878,199.0365509073029,1616.7400655154993
301071,19.3884435804,67.7048421411,-155.5415011250392,365.65014304000886,1645.5798120878744
300876,19.4184565058,63.5596064781,-468.9575202194259,219.06709265834385,1619.3280340720853
300104,-1.94571842484,42.3308444156,-185.4583072963694,334.3933995341148,1638.9178858313699
300003,-1.94724849897,42.3775537165,-275.16561397321505,252.07334925275038,1624.1224905312665
301045,19.4772515167,67.1184158445,-672.55765323559,402.9180315346999,1654.2599043021573
311362,1.94783438431,42.4355732433,-570.9888448109231,297.5855552715637,1631.8057646522363
301086,19.4939627211,68.2577788188,-425.6830034182312,202.34059021629687,1617.1501492734262
300034,-1.95176633834,42.7647033335,-243.11657226152784,278.93372959665913,1628.5075733175718
301070,19.6003833069,67.6442237891,-693.6888659694379,426.4762833371041,1660.1550864587966
311509,1.96111648841,43.0804613406,-566.5947998279923,293.45722029948496,1631.0579483856134
300901,19.6769698832,63.9038517986,-236.5016185787381,284.88779610907994,1629.5379551326425
300873,19.7219821809,63.5321706028,-255.10845920495638,268.4747023192867,1626.7487687505452
300132,-1.97289337909,41.9770570273,-123.64209393794377,400.2703268354501,1653.617012911679
311524,1.97997162097,43.2942502313,-630.4288040222068,357.3417290698408,1643.753631837998
300090,-1.98529636412,42.5946695274,-207.49491844884142,312.3310883020281,1634.559145325098
311496,1.98917092673,42.952253249,-110.8727587982653,414.42990941470623,1657.1013972184885
311522,1.98945235475,43.3351678097,-385.0008097249018,199.5803470165854,1616.8071022114068
300166,-1.99381725382,42.6353974578,-289.5161188300371,241.30890752974727,1622.486634675055
300888,20.0172841134,63.6699867742,-190.05512497258317,329.7167141263044,1637.9700859357083
311493,2.0021279708,42.9940052085,-249.9752127133142,272.89667261822814,1627.484403849108
311361,2.0021547778,42.468019208,-122.35599467632835,401.6893589922233,1653.9610732945225
300140,2.00627445915,42.456774174,-100.18892765308598,426.390266491247,1660.132991722188
311523,2.01087414553,43.3185828553,-234.6038571897192,286.6186464422578,1629.8414460720949
311584,2.01101167954,43.2894911849,-630.7758925352417,357.708201661791,1643.8333396004896
301037,20.1137741234,66.9282710688,-649.5871186584599,377.8087592523224,1648.324103267851
301028,20.1353681422,66.7672886405,-725.9702593341949,463.15901826307595,1669.9548398218442
311495,2.01438671582,42.9773798261,-107.87327225359309,417.77779406407865,1657.9418494202482
311583,2.01465711984,43.3064957673,-652.1670374401552,380.59983713572626,1648.96607814525
301031,20.182183709,66.8381061394,-459.15306641344586,214.15730883402824,1618.671135151615
311498,2.02373301559,42.9855052118,-178.6688766547218,341.36649863345735,1640.3548327222534
300093,-2.02460690737,42.2186887433,-378.9895776680069,200.30419844662973,1616.896614741132
301064,20.2766082088,67.5163741975,-485.35561347485543,228.56493751508177,1620.6402504896819
300963,20.302597877,65.0663687318,-256.8949619682561,266.95596081409735,1626.49880905587
301098,20.3688119625,68.5830816357,-210.42252141853885,309.4724555536424,1634.0153278327552
300926,20.3992425,64.4261884188,-410.1300280845871,199.71550464487544,1616.823791772481
311497,2.04791637659,42.9312503503,-109.49675163400549,415.96475123821557,1657.4859170197062
301052,20.5336785021,67.2715758852,-365.77138771526097,202.90103561222122,1617.2203687495708
311478,2.05664770831,42.6349419238,-88.10600812587658,440.03005631753683,1663.6884748380028
300103,-2.06047894134,42.3733810961,-193.5977247449229,326.13821362276025,1637.253500601245
300032,-2.06050685834,42.6813249706,-249.74983057130683,273.09275605948653,1627.5172946110747
311581,2.06086144666,43.3700566856,-579.381613514595,305.59946153034826,1633.286233865217
301090,20.6279928209,68.2752189053,-447.53979945399834,209.15464609335487,1618.0168592534571
301099,20.6812744263,68.5928750665,-446.72364838118807,208.83779847260678,1617.975932119162
311508,2.07322375369,43.1148675755,-402.46404151523535,199.1320617753886,1616.7518266180816
301102,20.7488166749,68.9192468635,-426.48876449166255,202.52823266190896,1617.1736381326346
301067,20.8606473212,67.5778497616,-477.3233285099123,223.7204874321788,1619.9641191529142
300992,20.8981533283,65.8595307854,-432.45836719217994,204.0731638260733,1617.367845309152
301047,20.9209615492,67.1168107364,-448.53117343438214,209.5457812411744,1618.0674662330864
311398,2.09330246635,42.5186930512,-178.8573434065209,341.1719116610097,1640.3143491881103
300941,20.94315623,64.6412711516,-244.63845121225313,277.58185760640345,1628.2765669621995
301096,20.9509970646,68.501122958,-458.4154555530796,213.81274840208093,1618.6255843230817
301100,20.9537122039,68.6088586259,-629.2506083887428,356.0989967788359,1643.4839172784377
311528,2.09706839366,43.2768072999,-307.01830437883694,229.46262943753703,1620.7670989856542
300050,-2.10339507589,42.4188706329,-178.72041592881138,341.31328000780906,1640.343758471277
300973,21.0373505618,65.3627339643,-269.7331990134704,256.3689722812003,1624.7947380498574
301063,21.0719215806,67.4772245702,-479.4877747973786,224.99059223902026,1620.140011678636
311579,2.11461455911,43.2559974672,-329.8464195319783,216.48621103684178,1618.9809048951358
300965,21.1501965141,65.1269844258,-262.4931366658552,262.26719767291894,1625.735825348384
300959,21.209219602,64.9552242866,-454.9742089368884,212.25256955200646,1618.4202310053513
311520,2.12262283977,43.2017449217,-318.90991057417784,222.3253520900091,1619.7720373644963
311477,2.12349219384,42.6267897961,-214.84667076588212,305.1878023517236,1633.209259571553
311476,2.12586031404,42.6052921593,-176.04003795066473,344.0866169608537,1640.9230606026445
311576,2.1266083491,43.3189921674,-573.2679714319479,299.7454474478111,1632.2010366715474
301097,21.341599344,68.52605081,-353.7975717040687,206.40870948092902,1617.664194508727
300163,-2.13479406449,42.8983804766,-109.148735030412,416.35320731997695,1657.5834470974958
301092,21.3793135221,68.3245520873,-394.7489821730936,199.02527732653147,1616.7386776659018
311577,2.13820957006,43.3859716649,-429.89874941666346,203.37751459541803,1617.2802182333758
311479,2.13965125618,42.7089390619,-84.00178818799758,444.68857131489375,1664.926669947979
301039,21.4363214498,66.9414211709,-719.5885217142956,455.84844070440835,1667.9420528719295
311589,2.14409487655,43.2812240893,-585.9049679627489,311.938085532404,1634.484095992251
301076,21.4416464762,67.7555913163,-519.8759554532746,253.04393193632038,1624.2734136640233
311399,2.14780341086,42.5022894558,-85.34553873437258,443.16197244572624,1664.5195777364627
301095,21.5311096286,68.4332572863,-448.8480964540052,209.67226276110307,1618.0838509228581
311592,2.15585984452,43.2353092265,-307.1364473935111,229.38791554977786,1620.756522938056
311578,2.15848943174,43.2519827678,-247.17133138061473,275.3473308296985,1627.897123113443
301085,21.6300054318,68.0977578906,-704.6673687162255,438.8653065190408,1663.380788668679
301018,21.7421900391,66.386120612,-245.59462157798825,276.7360367547761,1628.1325882386625
311488,2.17678031225,42.9064461972,-110.93920642806484,414.35583455023453,1657.0828731453978
301005,21.8054326493,66.0411237204,-433.1638800149784,204.27359849511325,1617.393147595268
301043,21.8116818779,67.0264800959,-438.7914517670071,206.00516547149587,1617.6127531170505
311511,2.18247902972,43.1102713671,-316.32058860602217,223.81192568536792,1619.9767495013557
301027,21.8390932591,66.7015569101,-475.01052825628244,222.39291833296974,1619.7813126995386
311590,2.18608053802,43.2646716029,-593.2588370720304,319.19100612499136,1635.8837945395355
301094,21.8655386243,68.3572902271,-452.44214144725447,211.1550853203416,1618.2766638936082
311487,2.19005673235,42.8984942786,-278.69447923620544,249.34572372524718,1623.7013828860443
311484,2.20136729529,42.818704462,-78.29793338914419,451.18302833793246,1666.6730380930064
311486,2.20158612131,42.8890723498,-104.68317500345522,421.34708670872334,1658.8448566167704
311485,2.20237781437,42.8438118301,-74.10095462017226,455.97627213046474,1667.9769937238286
311575,2.20325787844,43.2515356948,-229.95847405749006,290.89639415149196,1630.599154598188
311490,2.20697835075,42.9310912123,-120.35126156428434,403.90455324875467,1654.5004620673462
311591,2.2075395398,43.3644470231,-416.39112406023037,200.54224299991293,1616.9261214024039
311512,2.20979465598,43.097338265,-240.74431411198748,281.05456468293687,1628.872173982692
311669,2.2111375661,43.0560535336,-722.0669956555146,458.6844527604984,1668.719364677651
301093,22.1285897741,68.3179848948,-713.9765769494045,449.44238535970965,1666.202673327531
301003,22.1350434886,65.9488086688,-172.28541834143974,347.99036164526996,1641.7460773956464
311481,2.21895956674,42.7776061026,-65.83037684810901,465.45629529067736,1670.5934435618103
311571,2.22316047609,43.2812958663,-408.2510083735181,199.5286446763428,1616.8007208349345
311482,2.22340192311,42.7934235059,-65.87317266857808,465.40712721408215,1670.579745150662
311480,2.22591692032,42.7606566162,-74.37233730946951,455.6659705907971,1667.8921930389981
311607,2.22611579634,43.4019642462,-143.23912741078576,378.8626669073607,1648.5659863111766
311489,2.22703621941,42.915024072,-252.80119210626094,270.45174268600795,1627.0762231585477
311507,2.22723880643,43.0817283377,-313.8031335078215,225.29392453031656,1620.182163608851
301081,22.272699482,67.8099786508,-716.3222968799087,452.1173875458594,1666.926220013135
311530,2.2305311687,43.2576292013,-409.2700596098306,199.6264609381339,1616.8127952093494
300131,-2.23114291646,42.9196604223,-82.63335890947026,446.2445569252309,1665.3429362841102
301034,22.3140198214,66.7775781863,-453.6701842535341,211.68196169024745,1618.3454957922356
311505,2.23521019209,43.0479089779,-312.10996273863503,226.3106606655354,1620.3238583619193
311491,2.23546677911,42.939811265,-325.202254066337,218.87700858184405,1619.3023299346303
311483,2.23558423112,42.8103976363,-66.9496700487901,464.1707237001427,1670.2357173723415
311504,2.23624446417,43.0350013989,-519.7421637156225,252.9389412290102,1624.2570605775547
311513,2.24708712907,43.0975211961,-194.25060750500657,325.4812178156946,1637.122754712295
311502,2.25161680345,43.0025144982,-95.25012440089937,431.9515031485443,1661.5700382223652
311501,2.25633977384,42.9647155911,-380.0783215644046,200.15166547266725,1616.877725753394
311492,2.25635631584,42.9436795023,-102.62470350585949,423.6548751765114,1659.4325367747888
301024,22.5672894844,66.5188088649,-159.0844910360371,361.8808617567287,1644.7463783063267
301050,22.5857356069,67.1899982885,-466.5099258503059,217.78500734283986,1619.155088393112
311401,2.26443251051,42.5475906145,-113.22003821553417,411.8156174806052,1656.4495143670747
301088,22.6507788413,68.175054991,-723.679882301303,460.5322021239201,1669.2282049016223
301065,22.659889916,67.4592794268,-464.8646600128485,216.94400462761845,1619.042183511552
301029,22.6926424597,66.6797032102,-405.36658274788874,199.2971479332063,1616.7721682476772
311503,2.27121519107,43.0352092819,-117.50172413402355,407.05994042038253,1655.2735985150705
301021,22.7242094144,66.3838442918,-163.42704178419064,357.2841201907456,1643.7411089908474
301011,22.7457304331,66.1380923654,-262.5436977279404,262.22534777500925,1625.7290745575383
301023,22.7633939066,66.5034198147,-406.70420536337167,199.3961552978854,1616.7843757265728
311531,2.27773315761,43.4138827932,-129.28501400949366,394.06388627146595,1652.1256723716135
311515,2.28108656388,42.939273931,-89.35494984679777,438.61493052347333,1663.314747161251
300125,-2.28454294888,42.347067157,-382.480537209492,199.84859614241284,1616.8402370754136
311516,2.28543938224,43.1186620168,-654.5292347450768,383.1621510367799,1649.5593729336078
311570,2.30149062257,43.2530790229,-350.09277931082505,207.70797919007182,1617.8304903373555
311427,2.30197827061,42.7275935394,-142.17001568418345,380.01956009265047,1648.8322403746831
311572,2.30201293162,43.3730418578,-133.1052448369652,389.8809583549898,1651.1329602832686
300998,23.04680037,65.8782953899,-196.09337938849637,323.63111864297724,1636.7559353184242
311519,2.30643116498,43.1768563746,-241.66975116961677,280.22526031656076,1628.7292860894563
311518,2.31011007129,43.1565266139,-542.2451328370623,271.5257756389708,1627.2550929962795
311403,2.31081937434,42.5605851196,-69.71727906024978,460.995422784203,1669.3560646770272
301087,23.1475977034,68.1580670216,-343.4586893110948,210.27807210421105,1618.162463553598
301084,23.19138261,67.9590800751,-721.9002290178328,458.493500182413,1668.6668872352882
311532,2.32284558734,43.2314047271,-325.7051792616119,218.6116728108589,1619.2664865102183
311428,2.33134985504,42.8145402146,-73.19295274716502,457.01485080264223,1668.261209972871
410203,-2.34318695873,35.1232062093,-258.4423682502761,265.6491469697635,1626.2848336413115
301075,23.4762270286,67.6167300238,-716.03076234086,451.7847199669886,1666.836021941461
311407,2.3562346491,42.5730631087,-81.22597037604598,447.8462475714888,1665.7728393481054
300102,-2.35927604406,42.4653098657,-187.3346188072883,332.48003392118153,1638.5285666726154
311517,2.3598245304,43.1017385784,-426.30931388612305,202.4860096811444,1617.1683508412407
311533,2.36390376474,43.2394099188,-359.11867757656535,204.71772222221762,1617.4492995571263
301035,23.6741053899,66.7530286463,-430.82831832471834,203.62441648547792,1617.311285385419
311606,2.3731912885,43.3681481854,-167.17947001644092,353.3333123341048,1642.8868860791893
311408,2.37320781151,42.5814155873,-155.68727089888228,365.4947354088736,1645.5452872703286
311365,2.38508351749,42.4142350835,-89.27515174984765,438.7053113050827,1663.338582794638
311521,2.38555166253,43.2352322774,-360.37060653200086,204.35036491371463,1617.4028448368556
300165,-2.38595271927,42.4692917421,-246.05903398312307,276.3262152923985,1628.0629803861418
301038,23.8857873135,66.8014219923,-453.4905455506781,211.6042530534323,1618.335333222471
311535,2.39336069317,43.2482161165,-449.9502423120088,210.11753959489462,1618.141610394899
311605,2.39390839422,43.3852506799,-170.5014274180734,349.85275326660803,1642.1418452174623
300069,-2.39502326602,42.3402848884,-117.40135593501782,407.17122291414387,1655.3009682880588
311609,2.41036532958,43.2524132819,-329.6504967490047,216.58435466281432,1618.994031344987
311366,2.41484453495,42.4063711859,-92.8224867985678,434.69223853856016,1662.2846426204055
311409,2.41493860696,42.6228716648,-530.0060730614005,261.1923713033711,1625.5627781396397
311537,2.41892776329,43.2144522557,-320.56538283000896,221.39532197641796,1619.644646037836
311410,2.4226756406,42.6324766876,-87.78335696505789,440.3958302288826,1663.78525601382
311612,2.43529010064,43.2442041772,-303.2495163097458,231.88441083450977,1621.111739157438
311613,2.44008404004,43.2149541828,-447.4743671055019,209.12907182958554,1618.0135535681677
300158,-2.44382527106,42.8729751795,-559.3191507234378,286.7300136170163,1629.8610344304816
311614,2.45932853863,43.1990846755,-204.16483617720561,315.60456892507585,1635.1877980135396
311611,2.46070305175,43.3726226298,-104.256152137196,421.82553359606857,1658.9664468094563
311425,2.46715744928,42.8528942368,-103.10547569607306,423.1155518286257,1659.2949288915543
311426,2.4806778454,42.8332083552,-100.56302228609246,425.9698353152743,1660.0250574748886
312029,2.48256811555,42.8061494219,-97.67691097054714,429.21640407016184,1660.8611056825027
311411,2.4842844437,42.6441486525,-99.44859874060361,427.2226349645259,1660.346972976437
311429,2.49191558733,42.8055665699,-97.86007649664266,429.01016041573376,1660.8078180770704
300124,-2.49358347217,42.3399168884,-284.40119808818645,245.04421597596345,1623.0463821558703
311438,2.50183510615,42.8728884585,-111.04062931972325,414.2427774212162,1657.0546066716176
311415,2.50231403719,42.6270513051,-473.7722565664036,221.6948905139425,1619.685622374285
311367,2.50494515341,42.4064684689,-74.8368238762319,455.1349878569028,1667.747207468053
300024,-2.5144444349,42.323016271,-115.11754656865142,409.7059442881692,1655.9262820642246
311434,2.51908433358,42.7563836648,-98.64901869355174,428.12212580799655,1660.5786477768356
311625,2.52152675878,43.0060195595,-92.79385480170805,434.72459082536193,1662.29310313021
311439,2.52652397719,42.8773149528,-107.95342250960655,417.6882306603157,1657.9192829803658
311382,2.54035973334,42.4143788665,-83.25921761247625,445.5327501618294,1665.1523420734657
311618,2.54328733658,43.4060606196,-146.14119763494847,375.72913094321177,1647.8486795471624
311621,2.54683985187,43.3063521983,-317.44604333334644,223.16103732972434,1619.8869526692486
311383,2.55645271467,42.4062749119,-82.9351806735837,445.90125122996733,1665.2509770885695
311440,2.55655748068,42.8815000862,-113.01611244981925,412.0425418237404,1656.5059453918523
311441,2.58929126138,42.8647803898,-109.616637747586,415.8309592896337,1657.4523454837918
311385,2.58994092044,42.4229101782,-155.5146716968529,365.67874937975085,1645.5861686930662
311626,2.59418496979,43.0938467537,-261.43464173351794,263.1453993555553,1625.8777297349209
311369,2.5979003901,42.4354919163,-83.70178173920132,445.02958042617234,1665.0177831783901
311615,2.60007543428,43.2022997977,-229.9286589068347,290.9240335497801,1630.604085651345
311637,2.60651117581,43.3189954594,-304.90220108481765,230.81330518008627,1620.9588744610828
311373,2.60779727192,42.4692282801,-81.81110245443689,447.180160770615,1665.593884184503
311412,2.61473621149,42.6724953229,-666.2157707548045,395.92968812610445,1652.5716955054083
300119,-2.61519809024,42.9303306622,-552.8361006674083,280.85642690176144,1628.8379978923656
311384,2.61867082082,42.3813739888,-173.25755459785012,346.9775318440163,1641.5316927950403
311616,2.61932488187,43.2269305558,-236.35421818883952,285.02187781865985,1629.561401629672
311636,2.62707079751,43.1053381247,-669.6055937820329,399.6600330086391,1653.4693927709857
300066,-2.62729594724,42.9104545986,-543.1062864217581,272.27154160066993,1627.379698537373
311708,2.62769926456,43.4056009985,-185.32486887150552,334.52970378174814,1638.9457018334344
311622,2.63166472489,43.2647546229,-319.35827553018896,222.07188076654737,1619.73726606298
311443,2.63915173951,42.8815081062,-99.49591711226911,427.16942037432955,1660.3332811664427
311436,2.6426750718,42.8021128836,-95.14995858156378,432.06449565927676,1661.5994160011282
311371,2.64318130484,42.4651137057,-87.59484387351348,440.60957443932557,1663.8418458295814
311709,2.64363736688,43.3768302242,-160.48836623434556,360.391978922917,1644.4194322976002
311442,2.64449215395,42.8684078011,-96.83226260540248,430.1678253297271,1661.1072357903001
311617,2.64651310612,43.2229405774,-221.4810636162981,298.845751043366,1632.0360516124206
311447,2.6607412643,42.9475314506,-179.94801062722797,340.04695314095727,1640.0807361792997
311413,2.66344499852,42.6974620919,-465.3705012905122,217.20077663953813,1619.076609743592
311623,2.66494188364,43.2515196828,-331.01860380647577,215.9040956377605,1618.9031686173032
311619,2.66515003866,43.2433618031,-207.44694161123925,312.378086104061,1634.5681263024867
311444,2.66998241706,42.8683559481,-100.54179668093472,425.9936868946964,1660.0311780566417
311435,2.68101727897,42.7772204795,-370.03237180909116,201.91496656739392,1617.0969496507923
311437,2.681290697,42.7858312543,-398.632105923076,199.0186561858223,1616.7378625973959
300025,-2.68314172186,42.4983861605,-500.94569934855656,238.93411573003013,1622.1351369431823
311986,2.70079239661,43.1350256402,-437.70876005976777,205.65383737456276,1617.5680485447492
311629,2.71438257973,43.1101373201,-292.9726568437718,238.8517916537112,1622.1230129747169
311445,2.71537631382,42.8594280664,-105.42847955466765,420.5124031416315,1658.633043214181
311375,2.71903043512,42.4946295712,-284.0295251613042,245.32013708625203,1623.0880630779104
311448,2.72249857141,42.8979746605,-254.63692993740392,268.8773259692817,1626.8152652549018
311451,2.72338599048,42.7980633193,-270.0570198378185,256.1097171804366,1624.7538515357421
311416,2.7272931528,42.6903571224,-692.934357143868,425.6283896713066,1659.9374738044125
300167,-2.7307708028,42.4348160122,-295.55324686802743,237.05382865175088,1621.8592443626048
300121,-2.73090462981,42.4143308965,-301.80397739658974,232.83276082695107,1621.2476631780494
311446,2.7321185812,42.8562079531,-593.719927238878,319.6493884657651,1635.973295134283
311452,2.73252555124,42.7773345306,-566.4517777738174,293.3236571520954,1631.0339232189701
311450,2.73416619037,42.8061794829,-279.2702211607328,248.90553761743266,1623.6338434211725
300084,-2.7356117832,42.9979647778,-171.89673400699135,348.3957184423756,1641.832046061644
311666,2.7357620465,43.2773809209,-243.21733416752778,278.8440115202362,1628.4922086416882
311771,2.73979940984,43.2692068813,-247.02096380216238,275.47944205431565,1627.919474003718
311449,2.73992102085,42.8652269088,-561.8062737005515,289.0139900953382,1630.2643887777265
311665,2.73994929585,43.2692546003,-341.2359716216989,211.20746302014024,1618.2834990450187
311788,2.74351914415,43.3599470628,-165.4876350648772,355.11210214912415,1643.2703660501988
300123,-2.74748706918,42.6478193918,-175.29512295101551,344.85938167579974,1641.0852762656184
311630,2.74813452153,43.169640656,-249.9016482801386,272.9606564339072,1627.4951338811475
311378,2.75223279587,42.4952637402,-267.0331215044244,258.5460732113145,1625.139674864587
311459,2.75698264326,42.9896832631,-542.6321621996666,271.8606541639416,1627.3110047340156
300065,-2.76526509265,42.8479997364,-462.21202580925956,215.62386797885344,1618.8658200382597
300092,-2.76845573792,42.2778828652,-99.39228751026786,427.2859653836149,1660.3632696069235
311462,2.78212277234,42.9817888435,-521.8961795115665,254.6378074154638,1624.5224848586552
311463,2.7888879609,42.9933973744,-522.9003609607448,255.43596835920678,1624.6477848375603
312014,2.79035680002,43.4934878178,-105.68677670043317,420.2232416372482,1658.5597558297688
311468,2.7985501177,43.0474751819,-207.9721117214632,311.8638962777415,1634.4699387408502
311386,2.80207109999,42.4642052026,-172.1446081594775,348.13718537500216,1641.7772049479838
311544,2.80712631541,43.5146307066,-93.53795895717069,433.8840094050999,1662.0734714396442
311387,2.8190882324,42.5023619578,-600.3294289793422,326.26498140218985,1637.2787572479392
311624,2.8190990774,43.2348179644,-307.84308931267805,228.94258070612165,1620.6935540398636
311380,2.82328734575,42.5184727151,-767.1091050910264,510.86555063620494,1683.8101144941547
311379,2.82341686176,42.4937089151,-180.6722526293026,339.3010085440005,1639.9262377451496
312028,2.82356109577,42.6770230413,-472.9008940188651,221.20908475798805,1619.6191990790467
311417,2.82628604899,42.6901979073,-408.6027252103223,199.5614606494592,1616.8047709672717
311466,2.82686682804,42.9932867484,-501.19858645237787,239.1121409142376,1622.1613689083388
311460,2.82708220906,42.9481091117,-398.1860825191317,199.01319547481017,1616.7371903989467
311464,2.82710941806,43.0062571005,-555.2193498677597,283.00191567130906,1629.2093097940535
311470,2.8275235891,43.0438917146,-443.77738697768837,207.73307512316325,1617.8337125137773
311467,2.83094981238,43.0147187442,-672.9313833262588,403.3311055660225,1654.3605627441364
311633,2.8324222955,43.1896099617,-262.8621932987401,261.9619344828671,1625.6866075489431
300074,-2.83864878573,42.5939466604,-272.0864797425288,254.494047622168,1624.4999572548777
311632,2.84028867715,43.1808078189,-228.85646891813423,291.91951053912646,1630.781987722267
311469,2.84360343443,43.0134793761,-347.7488827663136,208.58070542371425,1617.9427683082733
311465,2.84470562652,42.9693031724,-560.0820501023836,287.4288334793669,1629.9841180702635
311381,2.84737225574,42.5317470312,-712.4501285657827,447.70373872883204,1665.7345312257173
311627,2.85583736844,43.2397800348,-235.52549775472966,285.77683245212734,1629.6936180805142
311455,2.86101025687,42.7768053535,-561.1199289087283,288.38205123903776,1630.1524770164353
311735,2.86469247917,43.5396053516,-101.86855933881861,424.50349999480676,1659.649394406489
311639,2.86632706931,43.3438341254,-511.07510313608054,246.2924359521321,1623.2353048320567
311420,2.86760603341,42.698669984,-475.1170371459649,222.4533763157961,1619.7896145735353
311640,2.87674247117,43.3273492651,-222.92512626114188,297.4790747406707,1631.786349604185
311641,2.88451489881,43.2890701489,-290.4243507662412,240.65794420415418,1622.3899460223965
311418,2.88570002291,42.7022098513,-484.75758561202406,228.19206219331866,1620.5877045362354
311634,2.8892534992,43.2264639607,-211.73794155876877,308.1940177986184,1633.7736818338212
311419,2.88958817923,42.697618445,-471.2535228376488,220.30291991859661,1619.4956830355072
311471,2.89774180191,43.0520309893,-414.06385293211656,200.19841026253897,1616.8835129092117
300033,-2.89786918662,42.6774739163,-229.54944497121397,291.2757757176085,1630.6668784168885
312027,2.90278038632,42.5605832866,-719.4844426815728,455.7294377289023,1667.909533295702
311543,2.91012090993,43.447329942,-97.81567182604478,429.0601574038478,1660.820733708909
311736,2.91511626434,43.5603122023,-92.81490706660973,434.7008030785893,1662.286882292932
311454,2.91562087639,42.7647116705,-388.6681619198656,199.2813482670293,1616.7702207218906
311547,2.92279750698,43.4270006503,-531.8714391226039,262.7340640260548,1625.8112065198814
311474,2.92350444704,42.9440990614,-519.2624815323165,252.56310135531655,1624.1985749938956
300060,-2.93091260636,42.685784718,-554.8129580372241,282.63492289799194,1629.1456013774641
311421,2.93330885185,42.7145961184,-412.9035560227354,200.04310446806576,1616.8642906846596
300091,-2.93535971273,42.5146786288,-526.0261982010103,257.94511328559696,1625.0441754961325
311643,2.93602368507,43.2554923811,-289.5592428674505,241.27791377876267,1622.48202533138
311644,2.93975644238,43.2484039955,-292.66468374278446,239.0684665303317,1622.15493172975
311389,2.94781928605,42.6222537817,-544.7601151691741,273.7103453783585,1627.6210382067216
311737,2.95159320836,43.5646376247,-88.89643826464227,439.13431484230995,1663.4517838873512
300001,-2.95579940042,42.6900046683,-305.8419552615534,230.21057465306686,1620.8731596050568
300027,-2.9603889578,42.5436339052,-297.48163423879583,235.73111027438776,1621.6664414105574
311388,2.96086452913,42.5354306475,-557.0067927981793,284.62157822667035,1629.491434048742
311647,2.96115090115,43.2475565445,-236.46012812019796,284.925531532626,1629.5445527401619
311472,2.96485692746,43.0560689276,-458.22198806844,213.72296261256457,1618.613726493717
311654,2.96502494347,43.0012114161,-292.34132510844097,239.296443784736,1622.1885460247852
311548,2.97369807219,43.4305059656,-715.336822795051,450.9931089088932,1666.6216352637734
311422,2.97407839122,42.7146624344,-397.9020933581246,199.01055982997377,1616.7368659648437
300169,-2.97429892695,42.697925846,-228.23593438119386,292.49699960977887,1630.8854606092693
300118,-2.97740721121,42.3904565985,-187.75181718887043,332.0554255642987,1638.4424605376514
311545,2.98536026416,43.5356288803,-81.33027528784791,447.72749388185116,1665.7409161162213
300068,-2.98543861187,42.6519619942,-545.9865280434727,274.7828218620382,1627.801735481459
311457,2.98566381618,42.7642356825,-389.1865823421002,199.24784140431476,1616.766091044176
311390,2.98600987021,42.5933968453,-396.4206490336006,199.00742466726464,1616.7364800482117
311397,2.98963533351,42.6563070335,-358.45085965367764,204.918465623822,1617.4747195550249
311733,2.99962231934,43.5727494164,-82.46156519904837,446.4399921402793,1665.3953156617795
311395,3.00153804649,42.6359292649,-382.5462129675074,199.84095890821794,1616.839293097289
311391,3.01353363749,42.576700877,-553.6799439925521,281.61422949240995,1628.9688349070982
300117,-3.02244836493,42.3061913316,-154.89620685672756,366.3384357127768,1645.7328885109118
311423,3.02402647935,42.7107995421,-407.3586929795582,199.44986048893765,1616.7910000043425
311738,3.02762571365,43.4522068924,-364.21914915996297,203.29491417486204,1617.269833075282
311392,3.03108229294,42.552537365,-161.61207814955566,359.20216310541696,1644.15908136214
311655,3.04237665287,43.2438163722,-237.89044343524267,283.62742467629965,1629.3180803251696
311546,3.04466046606,43.4768891044,-395.3497439604971,199.01625081774964,1616.7375665009888
300238,-3.04780543203,42.8105068573,-571.0494271874683,297.6428063063829,1631.81620625361
311599,3.05334484378,43.3605300978,-239.3246093566181,282.3315823502299,1629.0930032500817
311542,3.05628783402,43.6599352166,-84.02282862694449,444.66465767962484,1664.9202829671226
311393,3.0608892764,42.5278761349,-168.4631096489346,351.986463916989,1642.5977479671558
311732,3.06909833108,43.5770218927,-89.55208734198523,438.39166969740717,1663.2558873805515
311596,3.07309647841,43.4483122331,-349.219377728239,208.02862326367855,1617.8716880343036
311739,3.08755954661,43.4390714693,-311.483479646149,226.69088064865292,1620.3770074322972
311549,3.10123607274,43.4393024463,-312.5575674450463,226.04033014249342,1620.286123404417
311394,3.10619640715,42.4609740574,-168.12342644214826,352.3426397058789,1642.6741084587934
311539,3.11083722454,43.7470426268,-82.15098673002466,446.79336490445985,1665.4900785560492
311659,3.11166475161,43.2557942761,-194.889642624122,324.83892268657473,1636.9951791432252
410219,31.2065638482,-1.19385461563,-227.55575774166843,293.1311241041082,1630.9993092471018
311731,3.12278565653,43.5972220704,-96.495267600244,430.54758045343584,1661.2056193862013
311728,3.13151125425,43.7230170088,-83.87106076678138,444.83715755280633,1664.966362298544
311730,3.13494522453,43.5972263794,-520.8149963431163,253.78281150384953,1624.3886869406545
311538,3.13925442689,43.8063646207,-90.78002158683405,437.0016839816841,1662.8900633080987
311597,3.14003709495,43.4028216113,-352.9946242990002,206.68189147146742,1617.6990743362032
311740,3.14388539427,43.4141128432,-225.4927001004906,295.0616554465599,1631.3473791197416
312008,3.14822030763,43.6016899258,-476.72096386089487,223.37175912424465,1619.9159958529472
311540,3.16427471396,43.665035471,-554.2098313170452,282.0911314935056,1629.0513488878341
311541,3.16436572897,43.6335185804,-393.2536188860754,199.060461237235,1616.7430092856337
311551,3.16630667313,43.3476233777,-448.9797767623646,209.72502040319165,1618.090688134971
311550,3.17274663266,43.3688426595,-349.573968845628,207.89779038109046,1617.8548705280475
311729,3.1852759837,43.7062063544,-101.79617882374632,424.5847581707856,1659.6701804023985
311741,3.19824197277,43.3397343741,-467.26087360402244,218.17444940786993,1619.2075164167231
311769,3.20127169002,43.4850714751,-394.58850208629974,199.028184217724,1616.7390355153145
311662,3.21121355884,43.2268174257,-214.40647015871272,305.6121797346951,1633.2886135794179
410205,32.4645021683,15.5017532528,-225.99360981174536,294.5919407872329,1631.2624872848555
311770,3.25064875311,43.3767295792,-319.2154237372042,222.152510994859,1619.7483227302032
311745,3.25207870322,43.3103439637,-367.0016107079626,202.60196994105667,1617.182874343524
311715,3.31363003532,43.4406598374,-231.99869410583022,289.0105816268403,1630.2637845263782
311698,3.32700565142,43.7560091135,-110.55763292570856,414.7812612136756,1657.1893028558904
311711,3.33615637218,43.4974410201,-538.7357528745958,268.5113392069317,1626.7548156156433
312010,3.33942628345,43.6979688397,-669.4534225345869,399.4923262384723,1653.4288643813532
300061,-3.36059522291,42.7940955979,-563.429805187134,290.51377962991216,1630.5309402157452
300038,-3.3894989583,42.8023037396,-451.6293499831637,210.81199809787162,1618.2319331257809
311748,3.4016958186,43.3114029617,-356.1655364923746,205.63045034432363,1617.565075338484
311716,3.4101101713,43.3980017369,-242.10672676858854,279.83454094462223,1628.6621077288169
311700,3.41458513167,43.6692487934,-114.58199151504743,410.30104399525317,1656.073620812064
311714,3.42728920472,43.423314144,-319.7387022936207,221.85773719650146,1619.7079200892786
300057,-3.43556299411,42.7648774205,-74.83592364204699,455.13601682771815,1667.747488278662
311712,3.43567178141,43.4563201577,-342.32335852893203,210.74857208689096,1618.2236716482207
311713,3.43576108342,43.4513518513,-223.3666088235948,297.0622591436911,1631.7104144588704
300039,-3.44338555376,42.7271965574,-103.65639698055531,422.49777627913977,1659.137505394536
311718,3.4439305881,43.3845333618,-356.80439518773045,205.42752923424555,1617.5392918298066
311717,3.44806444044,43.5099526162,-317.51319382772635,223.12243179388295,1619.88163469298
311710,3.44821700745,43.4773501985,-218.30346572461298,301.8705676110946,1632.592640690209
311719,3.45610358911,43.3353605747,-379.70136880889044,200.2034073033321,1616.8841316377154
311707,3.46071005349,43.5021592365,-322.92697553008827,220.0966104647196,1619.467631286295
311704,3.47677720382,43.5812911451,-552.9540578095892,280.9622335471423,1628.8562451996138
311706,3.47680586682,43.5224292602,-232.4637359143316,288.58227097533745,1630.187908790661
311705,3.47683475382,43.568118362,-232.78878575346243,288.28323672396476,1630.1349991402647
311702,3.47686959082,43.6268084368,-248.10538308444467,274.52823957934027,1627.7587797866481
311681,3.48850923679,43.8979722873,-98.00448075437762,428.84758095506487,1660.765828928629
300115,-3.48946801457,42.9978326028,-561.2329013089609,288.48598225013376,1630.170866136679
311703,3.49769090355,43.6018418408,-223.28188702804613,297.14221045888297,1631.724971949126
200489,-35.014481634,-8.25224761465,-240.81815899118078,280.9882997831355,1628.8607415801398
311701,3.50217972892,43.6225356555,-375.08321498807715,200.92897307135684,1616.9741318479698
311672,3.50287772298,43.9776280379,-82.83276820179346,446.01773243698483,1665.2821708329836
200479,-35.039166667,-7.99861111066,-437.0378039394812,205.44043952882438,1617.540931488221
200464,-35.0474999997,-7.12999999979,-222.83706272192313,297.56227462794095,1631.8015192197058
200488,-35.0639719931,-8.28290717818,-200.13704014241654,319.59399556195365,1635.9624729330558
200467,-35.0645736721,-7.61483413591,-210.1852572975743,309.70344802133496,1634.0590921268083
200470,-35.0686111114,-7.54277777795,-214.48679130904878,305.5347133227016,1633.2741202539062
200478,-35.0768849421,-7.98055555617,-343.8277360425312,210.12704000916793,1618.1428440619823
311682,3.50991001056,43.8932923349,-96.45813288429466,430.589432635966,1661.2164670336458
200481,-35.099714784,-8.11922467064,-427.1426848189553,202.68419083137837,1617.193177100051
200469,-35.1182427486,-7.5602977594,-217.63108239738443,302.5136562933254,1632.7116717565114
200493,-35.1397978893,-8.36872808329,-218.24623442164162,301.9252645980548,1632.6027551883496
200463,-35.1475,-7.17277777833,-199.1456273472262,320.58088638524816,1636.1555535955426
200487,-35.1566666667,-8.28222222213,-226.8604600136506,293.7805603149061,1631.11615419164
200457,-35.1651946744,-6.84752599542,-222.23571301078417,298.130914935915,1631.9053076960413
200475,-35.1733333331,-7.89416666702,-365.25488566376845,203.03005416512656,1617.2365608470147
200507,-35.2025756665,-8.79831552383,-194.72982320691477,324.9994861246827,1637.0270482882356
200476,-35.2066666669,-7.97194444446,-213.21119518702884,306.7666753020329,1633.5050302713637
200454,-35.220412948,-6.44756768633,-203.13957942647554,316.61697570462087,1635.3835024697803
311757,3.52236151559,43.3939263526,-317.7786382155492,222.97007933232774,1619.8606566996589
200466,-35.2305302088,-7.7525368443,-235.7022930150416,285.61561557098236,1629.66535543466
200462,-35.2314868699,-7.14786342927,-249.0966402311337,273.66193449525394,1627.6128978469264
200486,-35.256157026,-8.26389522761,-270.6123956043074,255.6660066046549,1624.6839685856312
200485,-35.2647222217,-8.24249999984,-270.5236991276468,255.73679048903608,1624.6951088913938
311673,3.52712978698,43.9684043141,-83.85881740654592,444.8510741281885,1664.9700805116554
200483,-35.2848797063,-8.22302371223,-430.06279217110625,203.42060902433187,1617.2856380435137
200477,-35.2853149674,-8.11417956222,-526.3676912611818,258.221459721636,1625.088063185118
200484,-35.2857130394,-8.22191259714,-275.2107018287693,252.03818156778053,1624.1170326715926
200482,-35.2857130394,-8.22357927028,-326.8251050914872,218.02638917738764,1619.187573205685
200468,-35.2898188307,-7.51823825192,-330.3806931838785,216.21980810649956,1618.9453036664324
200497,-35.3061259871,-8.63537120635,-195.95543400101184,323.7693919729632,1636.7832813248451
200451,-35.3145113848,-6.06305555551,-335.89730633205954,213.57590443776527,1618.5943153867786
200452,-35.3358110196,-6.31465387433,-246.36852626213647,276.0534662574316,1628.0167097050105
311697,3.53541941167,43.6512157439,-370.2246675013154,201.8737782774857,1617.09180728925
200492,-35.3688578493,-8.28180239209,-152.98408179991958,368.3811426629794,1646.1887975307293
200461,-35.3727777776,-7.33444444371,-194.12793018125848,325.6046077928117,1637.1472907047478
200447,-35.3870721758,-5.46452305399,-353.3612402170245,206.55657928692875,1617.6830688650673
311758,3.53968748002,43.3855810599,-313.9572066874463,225.20219759589042,1620.1694110950261
200495,-35.401388889,-8.46750000046,-215.03624176488725,305.0051798075067,1633.1751438701833
200456,-35.401809275,-6.86032872148,-240.32057002802475,281.43511600615153,1628.9378795299044
200508,-35.4065240594,-9.05116849975,-364.2125763362226,203.29662110145503,1617.2700476411644
200448,-35.414258497,-5.62271372708,-243.69820108894973,278.4162622716513,1628.4190203824392
200506,-35.4465166197,-8.83955086024,-184.34156891875116,335.53505756103175,1639.151202817626
200474,-35.4516592281,-7.88102181993,-352.46449300735605,206.86481626901573,1617.7224555083603
200494,-35.4521404062,-8.38027777824,-442.0104347082497,207.10019520653054,1617.7525712235997
200455,-35.4683407715,-7.02701518127,-242.1304643925599,279.8133320182902,1628.6584637735325
200504,-35.4897222223,-8.74777777765,-298.4657376030762,235.0630741115394,1621.5694680329773
200496,-35.497777778,-8.49722222192,-230.59543901320518,290.3064644722315,1630.4940153709097
200453,-35.5270349874,-6.6055629854,-189.8469666528212,329.9276858218005,1638.0125667154432
200450,-35.5306237837,-5.83133391134,-213.52569766024394,306.46259438700145,1633.4479522177612
200509,-35.5396565694,-9.12943876923,-323.8246997965797,219.61167060116586,1619.4017959451014
200510,-35.5397222224,-9.15916666669,-323.45997022227107,219.80810789614964,1619.4284470586747
311696,3.55401148021,43.6638903009,-360.493193304722,204.31502445500942,1617.3983801352208
311695,3.55629035939,43.7099734727,-238.47372218406406,283.0997022185129,1629.2262986590279
200503,-35.5769444435,-8.68128918115,-320.42723118464573,221.47231933071637,1619.6551728919687
200449,-35.594879706,-5.86851531842,-229.06775899060966,291.72310300037736,1630.7468410731797
200491,-35.6041666668,-8.21064661521,-429.51103145885156,203.2764737899318,1617.2675151756605
200473,-35.6338814512,-7.93964994978,-298.00948787301627,235.37219822834072,1621.6143075789714
311759,3.5684349824,43.41081741,-306.9147545694028,229.5281753280936,1620.7763800461278
200502,-35.7233333326,-8.67861111093,-317.03855578970064,223.39586241591556,1619.9193196546971
200505,-35.7604352607,-8.91010087108,-233.4760137061072,287.6519413459748,1630.0234753542948
200501,-35.8398202033,-8.62316105434,-265.5980360048455,259.71422437798975,1625.3259270651677
200516,-35.8601500459,-9.46892127232,-196.20516056197465,323.5190980670206,1636.7337894905463
200500,-35.9152777785,-8.49749999994,-221.96047365597107,298.3914746421726,1631.9529291573072
200515,-35.9478683202,-9.31417771551,-326.150582643606,218.37797763531498,1619.2349526742794
311760,3.59693307976,43.4624057802,-546.0496796502484,274.8381728460764,1627.8110799780652
300114,-3.59780635854,42.9435348993,-110.2631348665206,415.1096943627578,1657.2715375580212
311761,3.59788629784,43.4767069994,-294.42258652503625,237.83769470707594,1621.9740009844677
311694,3.59794068584,43.7479726339,-95.75599284287388,431.3809777364587,1661.4218124241804
311674,3.59823174986,43.9770818358,-94.48532495661038,432.81443993775997,1661.7945812478215
200490,-35.9938517,-8.29773989441,-501.21846190440044,239.1261453482699,1622.1634332690116
200460,-35.9975831043,-7.52833333275,-179.09857935463648,340.92292538351353,1640.2625801675895
311671,3.60188566217,43.9563908641,-172.98924871128503,347.2569249379119,1641.5907720145483
200518,-36.0227777784,-9.50666666744,-198.1455495914505,321.57833613365705,1636.3512816985467
200514,-36.0355481174,-9.15231869312,-323.9941762654165,219.5206666596338,1619.389457152502
200513,-36.0518241498,-9.00629330804,-184.1575862146692,335.7233489839109,1639.1897565257532
311677,3.60528937145,44.0856214298,-75.31984877764278,454.58296810558943,1667.5966435975074
200471,-36.0597742885,-8.01419926295,-484.13546489392854,227.80620823043225,1620.5334181541314
311692,3.60649653955,43.8149012384,-85.49090966938078,442.99689974678864,1664.4756363585655
200499,-36.066111111,-8.57694444351,-168.86391256311614,351.5664186064038,1642.507789186316
311668,3.60974398682,43.9904210119,-94.51985550850836,432.775468534418,1661.784431570825
311762,3.61033256087,43.435327086,-451.6608514117576,210.82521127551288,1618.2336544996676
311683,3.61460693722,43.8815505949,-77.48521539475665,452.1102633876695,1666.924287754682
200519,-36.2152777783,-9.50111111098,-171.01941146283295,349.31151226152866,1642.0266208086948
200511,-36.2174999995,-9.1677777784,-159.50245213624996,361.43731261144757,1644.6488445238913
200498,-36.2312016536,-8.48360493379,-380.9694448847657,200.03385607692144,1616.8631464731293
200520,-36.247235519,-9.37680625069,-304.2942100860189,231.20570262293734,1621.0147956670078
200521,-36.2852777781,-9.68583333326,-214.38663461444116,305.63131251955394,1633.2921937113429
200523,-36.3036111106,-10.0311111108,-193.63220489815922,326.1034965487106,1637.246585370475
200459,-36.4336111114,-7.39321535657,-219.00675629458283,301.1990433415583,1632.4686075253805
311675,3.64448853269,43.9976946665,-98.15654456724978,428.6763961652986,1660.721633349567
200522,-36.5024033911,-9.73963221971,-325.9441798175276,218.48612222842368,1619.2495411308284
200458,-36.5062078044,-7.72278563684,-320.45886528969004,221.45467847224208,1619.652760767946
311667,3.65260086236,44.0022415619,-100.5424881202605,425.99290990649894,1660.0309786677453
200512,-36.5936272736,-9.03944444378,-214.82217802054458,305.21140325315605,1633.2136698918932
200757,-36.5936693256,-10.2928245805,-182.34029111897885,337.5862625980091,1639.5723148250818
312009,3.66896734372,43.8018507943,-138.54905091808297,383.9476576207634,1649.7420085087415
311684,3.67254889101,43.9359776644,-90.19660438416982,437.66195177911044,1663.0637013900237
311679,3.67326929207,44.039629725,-86.97051867153773,441.3176506177663,1664.0294948085418
311676,3.67350029909,43.9976871095,-82.60859693799898,446.27272522190214,1665.350484469551
200446,-36.7685577581,-5.28957927252,-344.12829596099544,210.00472983120935,1618.1269657840403
312006,3.67743474242,44.0017960369,-95.2122212163979,431.9942590729677,1661.5811538164448
200438,-36.7812921962,-6.59375371842,-337.49409396542114,212.84759850565197,1618.4983753577292
200756,-36.8234610646,-10.2100747366,-201.28731094865097,318.45138636457875,1635.7396419734737
200445,-36.8387524309,-5.38304747825,-226.78655601540342,293.8496614931719,1631.1286014308123
311678,3.68521105306,44.0563691494,-82.1405309551345,446.80526257473997,1665.493270328784
200751,-36.8561421513,-8.49805555599,-195.77865719573288,323.9466414616565,1636.818351974425
200444,-36.8942484835,-5.6169603706,-196.89458008058355,322.8287247147926,1636.597469247391
311680,3.68946191141,43.9901888039,-88.1125473134424,440.02264396644136,1663.6865143557554
200442,-36.8977182748,-5.62266719708,-323.13908055642275,219.9815964250931,1619.4520041087103
311765,3.69015417347,43.4685273697,-681.1802548239673,412.4823065149397,1656.6153880831453
200760,-36.9106089089,-10.5808377483,-217.34313718699218,302.7893760709576,1632.7627804146641
200759,-36.9377777781,-10.4488888894,-204.9854438763375,314.7957864588885,1635.0318889912378
311685,3.69406236079,43.9393543437,-125.57766952601682,398.1378034150177,1653.1021146178844
200758,-36.960833333,-10.589444444,-332.5373986279643,215.1628501348811,1618.8044795231297
311764,3.69787182611,43.4818037668,-589.4203803556702,315.3914959941646,1635.146686567117
311742,3.69835645215,43.6562925233,-420.65052960840666,201.28261072114944,1617.018113758998
200755,-36.9980717191,-9.97704371436,-165.0503190000537,355.5725623873617,1643.3699333895274
200754,-37.0064868698,-9.76454989078,-170.11288130147742,350.25900791249114,1642.2284443614499
311690,3.70132361739,43.8440696808,-390.9119440192269,199.15198651750381,1616.7542808292956
200762,-37.0363888893,-10.6969444439,-230.6380447777915,290.2670426165476,1630.4869968433795
200753,-37.0847222223,-9.3877777776,-246.00836998651727,276.37089209110894,1628.07056383967
200761,-37.1102257124,-10.5983509258,-214.22791355065195,305.78444194524684,1633.3208551236194
410224,37.114549201,-1.20224172633,-380.81013811816126,200.05445138538494,1616.8656945971402
200440,-37.141666667,-6.18166666733,-207.4734014633911,312.3521656052482,1634.5631729010272
311670,3.7146443585,44.0011524518,-86.87254436098834,441.4287941993166,1664.0589746743497
200439,-37.1769977979,-6.3687083978,-210.00860730836675,309.8755073278372,1634.091711284183
311686,3.71876840784,43.9229025613,-578.5120802123636,304.76162989090426,1633.1296770004967
200763,-37.1935577583,-10.6644487812,-194.30099493748872,325.4305457614272,1637.1126812044936
311743,3.72345268223,43.6643214609,-253.32270728697765,270.0033497347368,1627.0017516013816
200424,-37.2394720761,-5.63087228075,-199.81224285458455,319.9171001209617,1636.0256238200523
200752,-37.2479873268,-9.3732026594,-321.8714833291938,220.67295691612136,1619.54606132709
410223,37.2606232771,-0.797775524862,-326.7905556362866,218.0443296320611,1619.1899890163231
200436,-37.3012165292,-6.45551787899,-237.7347038280369,283.768491922742,1629.3426428637079
311688,3.73139798788,43.8847399362,-392.52493833370204,199.0841784287418,1616.7459296211737
200423,-37.3147222223,-5.86722222231,-217.43491791600283,302.7014713526202,1632.7464811185557
200767,-37.3438070717,-10.939391501,-172.71502806105596,347.54259084607094,1641.6512246204993
200437,-37.3563504117,-6.37819822459,-228.73113949002294,292.03606645970746,1630.8028559452687
200422,-37.3602910741,-5.22227396695,-463.60397672229584,216.31105308816126,1618.95749250377
311687,3.73637339529,43.9117803494,-85.34821089575013,443.15893799272624,1664.518769845755
200435,-37.3890401914,-6.66435099127,-184.70206030699785,335.16629005141306,1639.0757556723281
200768,-37.444211294,-11.2637406068,-467.2941564026355,218.19179041975937,1619.2098530618462
200750,-37.4463888892,-9.75138888869,-181.18301944275083,338.7754523087161,1639.817580687852
310947,3.75174607857,44.1768770634,-79.3621467358965,449.96955672691894,1666.344950130976
200421,-37.5228731405,-5.44999999979,-349.65141824969294,207.86933305611888,1617.8512139474324
200770,-37.5680555562,-11.5397222217,-324.2483018309233,219.3845341635806,1619.371008964949
200434,-37.6058333334,-6.58027777831,-195.9373557985671,323.7875158125562,1636.7868664679745
200743,-37.6516058762,-7.74728257087,-344.7908866073165,209.7372999703598,1618.0922797680118
200420,-37.6730254299,-5.59348216166,-359.6075205646192,204.57288536222555,1617.4309741906798
310830,3.76950171504,44.5605810181,-124.27730979566336,399.57006186222196,1653.4476481529632
200766,-37.7024763994,-10.6393120952,-202.6906585728954,317.06093815991056,1635.469513428125
200431,-37.7144475864,-7.10995384613,-351.99491881906175,207.02854182483384,1617.743399917336
200783,-37.7520052355,-12.051771657,-320.6584395450044,221.34352121169263,1619.6375660092526
200749,-37.7561111108,-9.62611111132,-134.583505836831,388.2665493921992,1650.7524963551957
200433,-37.7977575093,-6.72695505044,-334.7816503623083,214.09470852057362,1618.6628540441936
200781,-37.8034818827,-11.7313553505,-193.68994170624177,326.04536792925705,1637.2350084194113
200417,-37.9227451586,-4.98985102272,-271.85350907477505,254.67871100259146,1624.5288968448444
200432,-37.9241666667,-6.96583333321,-187.97784170548508,331.8255134990637,1638.3958808099167
200430,-37.9268508049,-7.20594840208,-199.3861183042457,320.34131634813485,1636.1086301971643
200426,-37.9351740036,-6.79785690531,-766.6707449890661,510.3524796814819,1683.6545204889935
200780,-37.9361111107,-11.6636111109,-200.1673374800683,319.5638666551932,1635.9565873572574
200785,-37.939544037,-12.1268917932,-475.0045924806912,222.38955093002795,1619.780850364902
200779,-37.9560905434,-11.6061511162,-210.46604434483612,309.4300962581502,1634.0073057720133
200744,-37.9727777777,-7.86833333288,-287.0442610447566,243.0995097055753,1622.753913094982
200769,-37.9732887058,-11.193477963,-353.8932700824738,206.37646302633846,1617.6600802817775
311773,3.79826301542,43.6428036042,-464.0874881585156,216.55262704563802,1618.9897872211402
311689,3.79897679147,43.8231992391,-380.7227169723573,200.06583943315695,1616.8671036773799
200419,-38.0166666674,-5.91874907457,-213.13158371759872,306.8436835033523,1633.5194939001772
311776,3.80254306977,43.556434522,-529.700845528821,260.9412894572426,1625.5224536713092
310946,3.80668368511,44.160554841,-82.64504975053708,446.2312580131601,1665.339372762799
200792,-38.0689483917,-12.5119444441,-212.13827201723666,307.8056907778078,1633.7004725840013
200428,-38.0931187927,-6.7867831044,-244.90856416575906,277.3426395765175,1628.2358031235083
311774,3.81057130043,43.5727361374,-494.4930039663976,234.494931592015,1621.4872074081647
200393,-38.1174806777,-4.34753832357,-425.4399594087198,202.28497465187363,1617.1431915003368
200791,-38.133055556,-12.3761111109,-206.9312267244491,312.883581690818,1634.6648055603512
200747,-38.1642497706,-8.52735803941,-205.8525658660588,313.9426607523017,1634.8678494258247
200796,-38.1649131536,-12.6270540486,-348.8490299194484,208.16622371498383,1617.8893866830767
312013,3.81779966003,43.6151687919,-467.36908510795394,218.23085475612487,1619.2151175225529
200410,-38.1988888894,-5.22667514231,-207.89289604118008,311.94141853042254,1634.4847320916635
200418,-38.2021702807,-6.10990198939,-351.3175667823539,207.26751223636046,1617.7739991960048
200745,-38.2448648302,-7.99799679161,-305.39632644495,230.49581273249984,1620.9136962013743
310950,3.82663684076,44.1060608675,-86.02617439756715,442.38922608469267,1664.3140082934467
200409,-38.2768598859,-5.49354198639,-361.58938676498366,204.00402068743097,1617.3591225521384
200795,-38.2770585879,-12.5810921078,-312.44598311302343,226.1076177308289,1620.2955118255113
200416,-38.2854190556,-5.20999678393,-248.10728562220544,274.5265739452192,1627.7584988714034
200794,-38.289640406,-12.5261135483,-313.1050214782794,225.71120474730657,1620.2402410736704
200748,-38.301948408,-9.06465149587,-166.83510943609429,353.69503750760725,1642.96471976835
200790,-38.3190997264,-12.4226554737,-320.70549706564924,221.31734571156193,1619.633989010726
200429,-38.3229549237,-7.43503603603,-360.49057076046466,204.3157793269052,1617.3984754932676
200765,-38.326111111,-10.2557862214,-168.34715934601076,352.1080249342682,1642.623801139231
200782,-38.3466666667,-11.7822222217,-353.2234857804695,206.6035505021618,1617.689067134375
310831,3.83496176345,44.5395149224,-124.81499654876131,398.9776295526452,1653.3045816574254
200394,-38.3605169118,-4.50210756036,-359.30102774500756,204.6634860356521,1617.4424358728354
200425,-38.3805321455,-6.92247743562,-470.2255520792485,219.74568146128917,1619.4199749808176
311557,3.84004752287,43.9777222439,-85.26646504266162,443.2517693231143,1664.5434875226472
310944,3.84417401321,44.172364524,-84.8426115879075,443.73317978074385,1664.6717471274376
200415,-38.4439987947,-5.11874808438,-236.23748028407869,285.12811021731784,1629.5799857883883
200427,-38.4480555561,-6.73527777813,-367.48496854682503,202.4876490357905,1617.1685561060192
310945,3.84840104656,44.1560801046,-82.53666792248433,446.3545514940684,1665.3724137517881
200793,-38.4974020191,-12.5097295889,-341.17324841610645,211.23417840619496,1618.2869859740347
200778,-38.5130555564,-11.0983333331,-176.70182014473977,343.40082381818183,1640.7793930461803
200746,-38.5275682286,-8.17264849706,-457.352634220688,213.32253830895692,1618.5609028382473
200764,-38.5974628114,-10.0024407545,-152.3868783001137,369.02009259033224,1646.3318983672043
311750,3.86044900956,43.6847621876,-410.4667682084108,199.7519902417892,1616.828299001332
311752,3.86060633157,43.6973494737,-411.9325603733888,199.9214043020005,1616.8492380998512
311775,3.86072560758,43.5514511366,-366.49973900394207,202.72257132203035,1617.1979878077393
200408,-38.6349154405,-5.89772933483,-197.19718700630642,322.52598416955993,1636.537778760554
200789,-38.6436483002,-12.3061004051,-300.1362315484979,233.94003941954279,1621.407053422922
311751,3.86469472091,43.6637765179,-410.53653334897444,199.7596630811346,1616.8292469646487
310828,3.86472516191,44.4770259422,-79.22836584161278,450.12205711853215,1666.3861368694245
200391,-38.676757251,-4.42693828814,-357.17856910715767,205.31007808190614,1617.524379726001
200386,-38.6850468197,-3.76406233029,-483.9118513488022,227.6680289397749,1620.5139993987425
410220,38.6986111111,-6.71500000046,-371.06779266545357,201.69658359138472,1617.0696962958716
200798,-38.7350459148,-12.5270529063,-335.5470169647145,213.73791912155238,1618.6157014302057
200797,-38.7354724508,-12.522411222,-334.4152119004187,214.26688335218046,1618.6856359860126
200788,-38.7606014709,-12.2356903152,-323.76670308781314,219.6428530000337,1619.4060249733477
200389,-38.7771968753,-4.19333333281,-100.05654551808165,426.5390735774664,1660.1712177165068
200787,-38.7936706137,-12.3309602991,-334.4788189477362,214.23693424476818,1618.6816718677526
200392,-38.8069444438,-4.3780555561,-474.2353470949879,221.954890650197,1619.7212304373634
200777,-38.8372222223,-11.0639461813,-330.4532081528523,216.18378931183176,1618.9404935349564
200407,-38.8688562699,-6.4060916789,-347.2208855092737,208.78266221702444,1617.9688164140907
200786,-38.8807887059,-12.1347222219,-357.23461175109105,205.2925756681781,1617.522158262588
200390,-38.91846734,-4.61894962803,-215.73711008818088,304.33070546029904,1633.0493161971406
311753,3.89326659628,43.6396990559,-468.1056271197988,218.61668992201788,1619.2671638609995
311767,3.8936085713,43.5725461824,-527.5352329187481,259.16953401476184,1625.238978798938
200387,-38.9433232,-3.9974259226,-498.9401047011106,237.53291147511095,1621.9293372030202
200405,-38.9559565361,-7.01416666721,-585.1076124821875,311.15838625102265,1634.3354711259024
200742,-38.9638888887,-8.7652777781,-197.22796093143293,322.49520642853895,1636.5317134157137
200406,-38.9642898698,-6.74955449831,-344.91010826416266,209.689503416679,1618.0860850675156
311754,3.89816211468,43.6106825855,-510.443049661092,245.82001359959636,1623.1636916627021
311778,3.8983560717,43.5404821917,-401.170340457811,199.08046105549593,1616.745471872445
200404,-38.9845929945,-7.30179873701,-539.5575132884117,269.21360388142153,1626.8708785151969
200388,-38.9853612835,-3.67055555556,-528.9672694290392,260.3392194103944,1625.4259134175259
200403,-39.0103937086,-7.68492559171,-444.42767504602574,207.9716122814317,1617.8643584555919
310948,3.901984257,44.1313218656,-89.80893600480036,438.1008294567852,1663.1792530021253
310953,3.90315471409,44.0473130496,-113.91024025123124,411.0478580378193,1656.2588059972586
200819,-39.0322222224,-13.030833333,-316.58787169361034,223.65669010516322,1619.9553098387569
200818,-39.0479650127,-12.2312320799,-189.47769412783268,330.302139083946,1638.0880299695177
311755,3.90650550537,43.5939978931,-518.3527535534463,251.85282546267248,1624.0882785549304
310926,3.90703732542,44.2479006302,-82.671490960549,446.2011801871349,1665.3313135969001
200824,-39.0802777784,-13.3649999997,-456.1879650203167,212.79390215891226,1618.4913146637525
310832,3.9104624047,44.5144383693,-89.78019387587639,438.1333728522226,1663.1878256086563
200828,-39.1202777777,-13.5980616,-320.12571807640995,221.64075462215112,1619.6782133977915
200402,-39.1314601506,-7.21431807177,-332.14072119004766,215.35502481128842,1618.8300335604895
200829,-39.1732663921,-13.7851383974,-890.609112673842,658.2727894147176,1734.2306525170802
200848,-39.2226202941,-14.6602770359,-538.6594232848151,268.44622202508293,1626.7440686738419
200776,-39.2244444443,-10.9980555558,-167.78659967782266,352.6959869886732,1642.749935347404
200385,-39.2270646355,-3.61416666689,-439.3136315204001,206.17767896667235,1617.6347319930014
310951,3.92298707774,44.0819722225,-111.03700564421308,414.24681660974625,1657.0556164224827
200383,-39.2356960162,-4.10219427127,-352.0622252580075,207.00497653000434,1617.7403843491613
200384,-39.2441565329,-3.67401537384,-188.64343072991608,331.1489967816295,1638.2589993390743
200414,-39.2441992849,-5.42283768054,-211.85855297627194,308.0769858492112,1633.7516090446309
200741,-39.2466666671,-8.62305555633,-208.72508412399634,311.12768266701244,1634.3296258000496
200740,-39.2735118434,-8.56936363289,-194.05442148870165,325.678556874282,1637.161999697556
200401,-39.2893804537,-6.37307500716,-230.9723763306243,289.9578604755856,1630.4319831558644
200413,-39.2925,-5.2011111112,-340.34402747478197,211.5898704633447,1618.33345270024
200855,-39.293829386,-14.8145837926,-522.0771012999603,254.7813233347748,1624.5449866243177
200867,-39.2982156154,-15.5646949397,-317.1207006364001,223.3484475829573,1619.9127815668667
311780,3.93154139044,43.6608939307,-384.7357606784433,199.6061563369664,1616.8102883435654
200739,-39.3159536279,-8.55641475382,-208.67690295714357,311.1747554996882,1634.3385877186756
200822,-39.3194444442,-13.1738888889,-171.93324981856082,348.35762656029027,1641.8239634104211
200823,-39.3218018364,-13.2851523061,-317.0632905327369,223.38158119796114,1619.9173502572553
200846,-39.3230717195,-14.3141604222,-255.87956741148543,267.81786317606003,1626.6404946029643
200845,-39.3266666668,-14.3133333331,-269.10145318493727,256.87590091239156,1624.8748011202395
200854,-39.3311111111,-14.8474961823,-244.59042131020718,277.6244168217377,1628.2838228213152
200901,-39.353190725,-16.4232107197,-311.1996254507143,226.8638652521435,1620.4012170456822
312007,3.93562917978,44.0692645615,-384.9461011782244,199.5856280041259,1616.807754110484
200847,-39.3807948562,-14.6722232138,-903.5314343502397,673.946002898826,1740.2402436644459
200411,-39.3811111113,-5.59499999979,-315.84400787542774,224.08973029578075,1620.0151536544406
200817,-39.389954085,-11.8058172997,-239.02763452167426,282.59943697777277,1629.1394454208453
310952,3.93957966011,44.0743699789,-94.54222770868957,432.7502196274878,1661.777856223155
200821,-39.4099640986,-13.1684833614,-279.31952824020993,248.86790348725927,1623.628074477689
200844,-39.4644667582,-14.3265292062,-356.10662438278473,205.64931399140048,1617.567473458563
200851,-39.4675000004,-14.9354141216,-221.6377369456331,298.6972307790376,1632.0088622679264
200853,-39.4805555565,-14.8780555559,-251.48714629717472,271.5854348169693,1627.2650488628788
200825,-39.4810503205,-13.6851383372,-341.9079462561874,210.92293026773416,1618.246388334827
200827,-39.4888368232,-13.6059716226,-311.58256112624633,226.6306031724551,1620.3685757074827
200398,-39.4896015122,-6.56844934633,-755.1279439574315,496.87655582977203,1679.6187670359132
200820,-39.5057502286,-13.2266683122,-450.00283938298224,210.13899912601764,1618.1443970794667
200400,-39.5070591297,-6.62684974216,-623.9172855608348,350.4984428088745,1642.2795283560686
200399,-39.5091666669,-6.55625349832,-473.46765079995043,221.52455712688572,1619.6623167365008
200382,-39.5097222219,-3.30388888922,-357.42780880350193,205.2324172568457,1617.5145241817995
200866,-39.5143849423,-15.6022303548,-279.6584408635657,248.60949825028666,1623.5884864910333
311558,3.95220241915,43.9441269761,-669.3650764466381,399.3949713475181,1653.4053447305866
200814,-39.5222222219,-12.5855555562,-169.99092629748085,350.3865675646368,1642.2556553642048
200900,-39.5236111111,-15.9483333334,-240.67516697635187,281.116628295269,1628.8828839269217
200902,-39.534925621,-16.6151430586,-321.74472513513126,220.7426197054349,1619.5555547743352
200904,-39.5436111107,-17.0471983373,-338.8936115272262,212.22317230635025,1618.4163758779
200841,-39.5461111109,-14.2102805546,-269.46575877765724,256.5833885783542,1624.8285836174643
310879,3.95978334378,44.3231846565,-76.21078087524364,453.56519328437935,1667.31948810211
310881,3.96034110983,44.3355750125,-160.47768978341065,360.4032917338242,1644.4219116572733
200907,-39.6229650133,-17.2516369253,-282.1278600200252,246.7412105083255,1623.303457708724
200775,-39.6327777781,-10.9733333328,-184.37912693929303,335.49662700556814,1639.1433364956522
200397,-39.6386111106,-6.52055555637,-431.1390355233618,203.7084069470951,1617.321862186655
311786,3.96429168915,43.6264383378,-469.68170064876347,219.45344624981675,1619.3803462796832
200909,-39.6450000001,-17.5102777777,-322.65353635229815,220.24528120370755,1619.4878433438412
310949,3.96500327921,44.0813344915,-88.61971945696791,439.4478481668427,1663.534580976438
200381,-39.6522222217,-3.28416666659,-350.1870040344582,207.67371230270263,1617.826091280386
200910,-39.6646093657,-17.7976593814,-701.2213760758373,434.96637337334545,1662.3563507297542
200412,-39.6893731818,-5.04361902417,-351.9877139937802,207.0310663097569,1617.7437229868456
310927,3.96954441059,44.2517035125,-84.44733973882012,444.18224594496553,1664.7915060026885
200813,-39.6977777785,-12.4872222221,-190.94334233874443,328.8173628004418,1637.789287095572
200850,-39.7224999995,-15.1444444439,-349.9878330012119,207.74621982369607,1617.8354003720592
200826,-39.7294444441,-13.489176036,-112.32621121538797,412.81053111845773,1656.6971435504706
310954,3.97302949788,44.0735258118,-126.08097576487785,397.58390465000014,1652.9687994885826
311789,3.97341446291,43.931365662,-682.966035671879,414.4717434316228,1657.1118601196583
200849,-39.7691666674,-15.1530555556,-233.31525531380302,287.7995023970923,1630.0495220777802
200906,-39.7732515167,-17.2517999773,-185.370363146626,334.4832290176026,1638.9362163732997
200816,-39.7859089998,-10.468447375,-213.76359758047678,306.2327236764219,1633.4048401716782
310955,3.98105944554,44.0730827478,-101.2135169156777,425.23904437591955,1659.8376835424995
200738,-39.8240166199,-8.81385964612,-173.84433461014993,346.36688885908717,1641.4027271038356
200852,-39.8270585882,-14.964171193,-165.09734087771324,355.5230388844424,1643.3592188026373
410221,39.8270884715,-3.11866951489,-572.7214851904657,299.2264164081892,1632.1057989978688
200380,-39.8355555559,-3.36416666721,-348.71912965518493,208.21471787579154,1617.8956269135786
310827,3.98480157185,44.5980885082,-72.87037964241088,457.3839453063988,1668.3623600015774
200812,-39.8480555559,-12.5155555564,-205.57003792269364,314.22045827130717,1634.9212174420563
312081,3.98523476389,43.6067723652,-464.9137134761686,216.9688347406857,1619.0455108163933
311559,3.98559560092,43.9146631677,-688.0545351285314,420.1561277092283,1658.5427526891187
200378,-39.8688990226,-3.02260269295,-253.75164830471454,269.6352133045395,1626.940699318746
310882,3.98826403914,44.3069903141,-97.42287139414542,429.50249654226883,1660.9350635657095
200919,-39.8944518827,-18.093924007,-183.94611189918953,335.93984653322866,1639.234111203996
200922,-39.9353906341,-18.4097718921,-349.0167006657349,208.10380606572207,1617.881356881593
310928,3.99444184165,44.2307387878,-109.24964197959953,416.2405639344867,1657.5551568229894
200396,-39.9594444441,-6.64555555571,-330.4962412646462,216.16243014389883,1618.937641495713
310880,3.99682655384,44.3570148653,-99.76399708130351,426.86797037723153,1660.255749871074
312389,3.99801986994,44.4637867931,-73.06089788148775,457.1659421616449,1668.302607298367
200905,-39.9812239669,-17.1853067488,-191.68797979822233,328.0644846053012,1637.638298558423
310956,3.99929005905,44.039277341,-294.95503299595475,237.46779840182128,1621.9198026178094
200370,-40.018460517,-4.36470154699,-355.2403168184359,205.92964951307403,1617.603137792012
200379,-40.0352176824,-3.74790427596,-343.13524361226587,210.4112126007557,1618.1797703698146
200921,-40.0358928364,-18.2647222221,-214.4332989687744,305.58630285347044,1633.2837718344103
200774,-40.0466666673,-11.1822222221,-348.2772263939585,208.38058334290636,1617.916981294255
201014,-40.0638888888,-19.4102061999,-346.017540794945,209.25024968040017,1618.0292203286365
311560,4.00646686764,43.8974913572,-683.0727963973735,414.5907706638752,1657.1416348537173
200863,-40.06682415,-15.3897275582,-115.19891345865275,409.6155540950015,1655.903920220778
200838,-40.0808333332,-13.864166667,-269.4086091806586,256.62924257962055,1624.8358252429612
200934,-40.0935949482,-18.6432266344,-308.32437483543936,228.64079134969785,1620.6509501786625
200839,-40.1059895292,-13.6851460712,-147.54102350489697,374.22127238929215,1647.5055239830447
200772,-40.1127777778,-10.8450000002,-347.48164865266466,208.6826761160288,1617.955917247727
200920,-40.1141666669,-18.0890603365,-237.881009052521,283.6359683038359,1629.3195675991988
410222,40.123453225,-2.26440448121,-340.35831693613545,211.5837016513616,1618.3326461671832
200371,-40.1263888889,-4.09694444384,-208.46265345243808,311.38413617644073,1634.378466300977
200903,-40.1565091834,-16.8395662522,-227.0795498183527,293.57578957557763,1631.0792853417363
311561,4.01594262943,43.8804703308,-688.2011742713214,420.3202743821711,1658.5843433189307
200395,-40.1602584557,-6.32656420232,-250.7245477585853,272.2458993043955,1627.3754086055387
200376,-40.1855422798,-3.82305828718,-508.9362290546426,244.70071313819432,1622.9945563236884
200810,-40.2144667582,-12.7605424997,-328.3984968498536,217.2172123101796,1619.0788146874727
200908,-40.2188219476,-17.3767918786,-314.25852844380677,225.02319116313302,1620.1445390480521
310930,4.02276118899,44.1568271827,-90.52735684842365,437.28759900689994,1662.965223656588
200865,-40.2351872349,-15.2431887971,-176.429870904389,343.6825564887982,1640.838380365556
310883,4.02762154139,44.3024373027,-95.45869038275364,431.71625490048024,1661.508897235065
200899,-40.3063740128,-16.1350272419,-158.1062297086852,362.9199336799808,1644.9753095740577
200369,-40.3149164935,-4.19515119696,-331.73352025817513,215.5533459798024,1618.8564284114493
200928,-40.3361111113,-18.5638888888,-290.1959880145213,240.82126512443182,1622.414180344254
200935,-40.3377703404,-18.8476793663,-297.28908963237893,235.86236925742512,1621.685526875575
200375,-40.3413888887,-3.68888888907,-464.3440565304667,216.68141315239296,1619.0070184071792
311562,4.03557777105,43.8898484376,-588.1618833737709,314.152255890185,1634.9081107899851
200864,-40.3641666666,-14.9808307224,-146.68362450241045,375.14455983184473,1647.7154886743688
200372,-40.369073027,-3.99873457071,-540.0145044260055,269.6051010465149,1626.9357090420895
200771,-40.3799999999,-10.8016666666,-138.46918998751875,384.03446112072305,1649.7622126155845
200373,-40.381505939,-3.90813263221,-382.03031653404935,199.90188147932972,1616.8468242430888
200917,-40.3832427912,-17.8396133579,-158.84324704169967,362.1369823657135,1644.8027495243707
200811,-40.4021329677,-12.1766216414,-156.7793978166278,364.3312884632728,1645.2872632459337
200368,-40.43,-4.14416666674,-332.7554922767655,215.05762266577838,1618.7904966093176
200933,-40.441801836,-18.6978376149,-306.28135615085966,229.9303424419217,1620.833382313384
200773,-40.4702777784,-11.205962421,-251.14091525491403,271.88506611382536,1627.3150832035278
201021,-40.489413405,-20.4225285586,-339.4362071756643,211.98460109154004,1618.385109282066
200737,-40.4954203865,-9.4058769001,-365.8897340053405,202.87176109528352,1617.216696146774
310929,4.05245654445,44.1683954847,-116.99405408359328,407.6229137045599,1655.4121331629112
201018,-40.5277777781,-20.0977181157,-251.35630910650406,271.6986175077261,1627.2839425255797
201013,-40.5401636342,-19.0436878105,-195.35232114168466,324.374359233661,1636.903056315258
200366,-40.5484737938,-4.37861111114,-353.9942598094071,206.34250588463695,1617.6557484770165
201016,-40.5522222222,-19.9524999997,-122.37801196607337,401.6650521825138,1653.9551701877433
310815,4.05577242972,44.6818850601,-75.34335283314613,454.55611080065756,1667.5893225588263
200367,-40.5649329122,-4.34537983239,-376.8934538665469,200.62441498697453,1616.936314990436
200365,-40.5724999998,-3.00277777831,-420.27154500417856,201.2109434157958,1617.0091943449984
310931,4.05728491585,44.1523688803,-100.69931879271661,425.81668546209556,1659.9857651389395
310884,4.05916444,44.3030412318,-98.71624622111952,428.04647781166653,1660.5591461953288
200815,-40.5947222217,-11.5530555558,-316.93959173838124,223.4530368821513,1619.9272053206098
200374,-40.6017002113,-3.89358351101,-246.9231495234468,275.5654177016964,1627.9340251616757
201017,-40.6021391183,-19.931175515,-252.48164657439492,270.72691921096197,1627.1219854797132
201010,-40.62277034,-19.5270474915,-266.45429788729075,259.01632076072985,1625.2145536102028
201011,-40.6324776858,-19.5314404539,-302.2652561460312,232.52898082950907,1621.2040641978404
200862,-40.635389346,-15.2515176688,-134.63467478534176,388.2107103740967,1650.7393635868582
310932,4.06489769948,44.14828659,-565.9151484080135,292.8229811290318,1630.943956463029
201019,-40.6505258043,-20.3146400037,-85.45093379087182,443.0422919080316,1664.4877179676355
201020,-40.6763888894,-20.4108333327,-100.94012601054199,425.54613956072416,1659.9163857679762
200916,-40.6775297515,-17.3186378628,-141.96308559362944,380.2436348460698,1648.883899092637
311564,4.06844698977,43.8148267584,-349.5782369090224,207.89622104959992,1617.8546688663632
200362,-40.6847222221,-3.46472222153,-362.45388651936025,203.76513494230258,1617.3290082923882
201012,-40.6863888893,-19.4227777779,-256.4735474755024,267.3132532314495,1626.557489361863
200736,-40.6984151503,-10.0102777781,-347.81677207519516,208.55488051179742,1617.9394392347556
310885,4.07292280514,44.2945037291,-99.57933050803692,427.0756175286387,1660.3091501083325
311563,4.07326867217,43.8729500082,-313.1121216592161,225.70694710656426,1620.2396479589527
201009,-40.7353521573,-19.5598277572,-252.85406423635936,270.4062436797713,1627.068660956565
200898,-40.7391666666,-16.1199999996,-124.89906630341022,398.8850263745983,1653.2822369794726
200915,-40.7620870515,-17.7060802429,-171.27169192427962,349.04805037261906,1641.9705942296628
311565,4.07673917946,43.797385492,-347.7780071443351,208.56962260788302,1617.9413395796462
200926,-40.7812909081,-18.3225268929,-170.38978984828532,349.96945581735906,1642.1667122588633
200364,-40.8188756132,-3.12083333307,-243.64794524368293,278.4609347213829,1628.426658775854
201024,-40.8225533525,-20.7853545746,-135.13921968392643,387.6602703294758,1650.6100011928643
201022,-40.828055556,-20.548016504,-126.70075891777,396.9021750407765,1652.804957458104
200363,-40.8486111107,-3.32805555622,-518.1509744431955,251.69573321393142,1624.0639251470627
201008,-40.851974196,-19.7772767212,-120.12834224571449,404.1511173445616,1654.5606717484984
200927,-40.8830555555,-18.1230555564,-314.2728608182487,225.01468940935385,1620.1433582544394
200931,-40.8849392087,-18.6933393075,-188.3413564179209,331.45593414012694,1638.321069608363
200932,-40.8925000003,-18.7530555565,-433.67765350958746,204.42191172691528,1617.4118859585744
201007,-40.8941666675,-19.4716666669,-121.00264968124716,403.1843499733023,1654.3247900304764
311567,4.08954830852,43.7563263466,-372.77344694706835,201.35507729203673,1617.0271358258858
311793,4.08963538052,43.7683624426,-345.5685963917057,209.42729067001773,1618.0521255272865
200837,-40.8979575748,-13.87694183,-187.24050826567958,332.57585790446694,1638.5480133663698
200861,-40.9313516995,-15.3372311989,-91.34544510529653,436.3620290371753,1662.7220787706606
201023,-40.9438145096,-20.8851534909,-122.71556432571307,401.29245860179316,1653.864724872218
201037,-40.9562747446,-20.9599563901,-202.22616308182958,317.52072897578176,1635.5587131544064
200809,-40.961388889,-12.9927777779,-122.47054696345464,401.5628999475188,1653.9303653601157
310935,4.09788321521,44.0946859986,-539.0974983603644,268.82020780775434,1626.8058258353362
200836,-40.9811495876,-13.8308333332,-150.41813093849555,371.12966437466264,1646.8060355199195
200835,-40.9824999998,-14.0313888888,-302.973878047212,232.06442089000623,1621.1374976506463
200345,-40.9939950957,-4.44647054976,-315.5703384411431,224.2498393944006,1620.0373086180455
200895,-41.0136111113,-16.4275000001,-258.6562056979128,265.4691970795643,1626.2554490128707
201006,-41.0141666674,-19.5236111112,-115.00632424022584,409.82951074477575,1655.9568589559594
310936,4.1026424426,44.0769044041,-535.9540004914139,266.15075911716053,1626.3668458944394
200897,-41.0280555555,-16.6222222222,-139.86202332789009,382.5215813345281,1649.4106981078587
201005,-41.058055556,-19.9011111115,-130.27388934785395,392.97964270376696,1651.867394927803
200803,-41.0600682292,-12.0301344312,-274.4170913888802,252.65836657026477,1624.2133914741437
201004,-41.0604103722,-20.064375948,-207.04470185606064,312.77230740124116,1634.643510715129
200808,-41.0644444435,-12.9361111112,-167.13152546427523,353.3836642269309,1642.8977159240433
312792,4.10654291192,46.0109713661,-194.52021571089406,325.21014156338873,1637.0688827968313
201039,-41.0872147844,-21.0142563966,-205.05887150404132,314.7234841007107,1635.0179700206586
201036,-41.0981460983,-20.85,-240.00356242631887,281.7201476884924,1628.9871492616544
200929,-41.0991666674,-18.6636526041,-128.48421982618265,394.9426594338398,1652.3354971332726
310971,4.11052590925,44.027256487,-644.1719798901379,371.9762972391792,1646.9970420598074
200925,-41.1142187317,-18.0435043168,-144.4102839832908,377.5968939445663,1648.2755549854428
200346,-41.1144475857,-4.61005332929,-341.42159771489474,211.1285567548267,1618.2732026216593
201003,-41.1221701573,-20.0776347381,-426.4241287703924,202.51299592416777,1617.1717300163787
200914,-41.1225446273,-17.7372266824,-139.10165762661313,383.34720879543477,1649.602368250372
200834,-41.1380555556,-14.6104170017,-280.3136098459157,248.11131917608145,1623.5122782256008
310886,4.11444236358,44.2861892284,-98.15669452883469,428.67622735634205,1660.7215897754963
200804,-41.1601202945,-12.2602941433,-199.0841228351194,320.64217341818386,1636.167563002128
201002,-41.1605258045,-19.4937171498,-109.77734699394868,415.6516291115251,1657.4073632119082
200805,-41.1702852163,-12.3728269806,-133.37791001487284,389.58300240395937,1651.0626295232016
201035,-41.1734685026,-20.7557847262,-293.83034576202255,238.25071405006594,1622.0346154109511
201034,-41.1764632678,-20.7023658138,-313.5985794013969,225.415910271111,1620.1991308013155
201162,-41.1815153332,-21.7228228842,-225.17929649292998,295.35585923754167,1631.400617393512
310934,4.11841747591,44.0854812628,-539.4274949428351,269.102344181832,1626.8524710280715
201038,-41.1891802539,-20.9185425627,-224.8226758526554,295.69092907403575,1631.4613131737608
201033,-41.1975831036,-20.6059768388,-271.84062065847576,254.68893310026377,1624.5304994027463
200806,-41.2058333332,-12.5008333332,-332.70339064912775,215.08273325751935,1618.7938327629959
200860,-41.2352405887,-15.5141629645,-285.4798786610727,244.2468373735068,1622.9261869884733
200912,-41.239351501,-17.4892638309,-231.7589232439523,289.2316383489978,1630.3029876277697
310937,4.12403766937,44.0351359146,-216.65603089712602,303.44808050874724,1632.885062829111
200992,-41.2437343144,-19.339530379,-232.20087247466265,288.8243016760273,1630.2307714199947
200923,-41.2486111108,-18.1936111112,-106.1983767286026,419.65067955433904,1658.414780353939
200991,-41.251782598,-19.3165256381,-229.563074071229,291.2631275067983,1630.6646191939733
200361,-41.2550000003,-3.07861111058,-424.4576138251325,202.06484070054606,1617.1156701650389
201031,-41.2642795231,-20.7562927642,-324.67697748012074,219.1557839860389,1619.3400348600414
310887,4.12698142661,44.2941280081,-108.5916142833961,416.9752887656044,1657.7398113959698
201032,-41.2725459148,-20.426675581,-136.02196893146635,386.6978962413645,1650.3842442908508
201160,-41.2727318628,-21.7643483856,-382.20068503636,199.88152674046523,1616.844307773041
201159,-41.2855118828,-21.756303935,-373.3687091704279,201.24125424604472,1617.0129663229377
201161,-41.2882130391,-21.7525539187,-374.765098887503,200.9851665846315,1616.9811155462014
200833,-41.2896701572,-14.0970854433,-308.01196103346786,228.83654907554123,1620.6785791879856
200335,-41.2937952485,-7.54759111434,-172.52426293498576,347.7413856173748,1641.6933215789961
201157,-41.3002777781,-21.7533333327,-383.739725247583,199.70819587757856,1616.8228889852662
201046,-41.3103224049,-21.2227674298,-162.11825896945095,358.66677384418824,1644.0421969967144
200800,-41.3222222219,-12.8405555563,-80.45085038220772,448.72898293715264,1666.010381412372
200807,-41.3276054183,-12.7558224263,-305.0044461862595,230.74750480822485,1620.9495062528035
200802,-41.3311706136,-12.4897098403,-275.20340621248914,252.04387146143884,1624.1179156659948
310933,4.1340475662,44.1293492754,-407.90267491516124,199.49712625842636,1616.7968314637917
310938,4.13549528732,44.0316704823,-424.12731506796854,201.99250366477938,1617.1066329660362
312680,4.13579894834,45.9693376227,-149.9544167951819,371.62725684035956,1646.918245959002
201045,-41.359933059,-21.0648560808,-117.5841112113991,406.9686015011711,1655.2511390885084
200734,-41.3807589537,-11.3579148346,-341.3790113224538,211.14663875956686,1618.2755617957805
200799,-41.3939781438,-12.9976322103,-92.52620689660151,435.0270463343709,1662.3722272368464
311795,4.14024181371,43.5646757107,-273.57563423897386,253.3186705383257,1624.3162375871548
201025,-41.4100818161,-20.3720612894,-129.41285396821002,393.92365957091306,1652.0922312073637
200999,-41.4354724512,-19.8192309467,-170.2014098052864,350.16642480063604,1642.208700471303
201000,-41.4355034902,-19.8088009568,-170.8757728149804,349.46155986817934,1642.0585472727478
310939,4.14381426001,44.0220016295,-296.4835187301809,236.41348902494096,1621.7657749005964
200832,-41.4452777781,-14.0147222224,-303.43461778237224,231.76374602487468,1621.0944836182339
200336,-41.4515831596,-7.07277777806,-326.15009720694115,218.37823167260584,1619.2349869350155
200859,-41.4521316796,-15.4933345398,-288.04263847972305,242.37298031909035,1622.6452330792283
201001,-41.456344262,-19.593505842,-110.4906905308393,414.85591057737196,1657.2079885720336
201044,-41.4603534453,-21.2061111115,-157.309834774838,363.76678027174825,1645.1623510387233
201030,-41.4661111108,-20.7469444445,-101.7904728560846,424.59116417664245,1659.671819228989
201158,-41.481082647,-21.6814336848,-192.59848336008216,327.1452705878515,1637.4544020869662
311568,4.14832168238,43.7267810611,-387.26859879545907,199.38265126243633,1616.782710344969
310890,4.14848035639,44.2277722386,-532.2004361505723,263.00725378559076,1625.8553768370125
200911,-41.4895349867,-17.5940595816,-238.04174336580897,283.49044396350376,1629.2942406651443
200894,-41.4986111115,-16.6894444437,-250.97080175222837,272.0324236572435,1627.339709577204
201027,-41.5027777778,-20.4302777783,-107.68917364376061,417.98353524084587,1657.993705228829
200893,-41.5030555558,-16.5683333327,-125.94111982092083,397.73779314067986,1653.0058206002795
201028,-41.5113888885,-20.5283333334,-162.3964368862133,358.3726952231053,1643.9780654033857
200990,-41.5352644815,-19.0682203596,-194.07489812539157,325.6579565567383,1637.1579018270338
201026,-41.5353447185,-20.3522222218,-308.9042774345889,228.2788115339921,1620.5999218318375
200989,-41.5369444436,-19.0694444437,-189.7379724603706,330.0381839277754,1638.0348267653926
312714,4.15530619896,45.9773323053,-163.2457446468673,357.475507447461,1643.7827196046333
200735,-41.5682812682,-10.9015257229,-316.9905839924528,223.42357012994754,1619.9231409346546
200830,-41.6061111114,-13.2186111106,-99.12490857151325,427.58670854389106,1660.4406897475694
310816,4.1606238524,44.6309059819,-71.15175258943542,459.35160083962757,1668.9028683658958
200831,-41.6062834714,-13.6518015544,-255.82667000912744,267.8628587195469,1626.647903489687
201156,-41.6183779614,-21.4892242699,-290.94157083708274,240.2889234545274,1622.3352482088656
200982,-41.6387210181,-18.9726657077,-257.370051624882,266.5538765999007,1626.4328636548207
200801,-41.6394444441,-12.4427777784,-282.4976042190869,246.46369421648555,1623.2612985631188
201043,-41.6562152405,-21.0357294724,-202.86680977291786,316.88668426480456,1635.4357405628407
201029,-41.6655555563,-20.5405555564,-258.51264953740406,265.5899861707771,1626.2751709351585
201042,-41.6816666666,-20.7736111107,-256.62983611609553,267.18067582639776,1626.53570645745
312724,4.16878755307,45.9761847262,-151.19394716256875,370.2977703338648,1646.6187565918885
200998,-41.7061111106,-19.798888889,-123.49312948522748,400.4346042950077,1653.6567851772884
200358,-41.7187515707,-3.93525601946,-353.625703748811,206.46678921895722,1617.6716063207546
200997,-41.7267646473,-20.1066833745,-126.06365743550522,397.60295954683704,1652.9733828124363
200980,-41.735121956,-18.239166667,-139.5075247306046,382.90642438552777,1649.499991112972
200347,-41.7353916861,-5.222904585,-176.74076564916345,343.360486797953,1640.7709513335835
201163,-41.7441579408,-22.0891799215,-219.24550031515594,300.9713458111737,1632.4266114730472
201147,-41.747222222,-21.6444444437,-278.8851489502232,249.19979448644187,1623.6789794839588
201148,-41.7522222224,-21.6435445596,-277.3383296773542,250.38796661144505,1623.861762795651
200337,-41.7680188698,-7.18944444371,-193.58330623311147,326.1527318574921,1637.2563926716216
200995,-41.7852777782,-19.7430555564,-144.395511113959,377.612850182118,1648.2792104096468
200981,-41.8060145019,-18.4597279662,-154.06799713642874,367.22262572051636,1645.9299340151317
311569,4.18161838113,43.6679637002,-272.90258291794476,253.84883070935228,1624.3990026155798
200996,-41.8355109283,-19.6808790553,-149.70230291665536,371.8979023526513,1646.9793382493565
201041,-41.843829386,-20.6855649314,-164.57307176240403,356.0753775920398,1643.4787997942956
311794,4.18569616847,43.6390528119,-267.7378309944026,257.9752281921485,1625.0489559415669
201146,-41.8600371894,-21.6437333087,-248.42879764527896,274.2452574530596,1627.7110775814854
200334,-41.8652777778,-7.46805555576,-219.34998412013377,300.87173844161765,1632.4082497460206
201155,-41.8893403138,-21.2076440496,-322.7126198006159,220.21311918344665,1619.4834697231363
200892,-41.9103919215,-16.7858060967,-186.55752494050117,333.2717367556738,1638.689397465587
200357,-41.9116198456,-4.03513861972,-628.3729549772668,355.1745461002152,1643.2838613713332
200979,-41.9177777781,-18.5725972416,-161.5631704774828,359.25391168594683,1644.1703877359057
201040,-41.9188070722,-20.693486307,-256.0738577232147,267.6526761187454,1626.6133055768084
201139,-41.9353385676,-21.768534717,-289.09949856018386,241.6087729149708,1622.5312600980799
310888,4.19361426313,44.269140325,-709.9557957815309,444.86624149411836,1664.974133032429
200975,-41.951911826,-18.8830555562,-395.93614463190676,199.01026488332073,1616.7368296587156
201145,-41.952710837,-21.7277777776,-165.4400335348344,355.16220967417394,1643.281195056594
200348,-41.9603480067,-5.80193682091,-312.17599667338175,226.27070989435782,1620.3182789199416
200994,-41.9611111107,-20.173055556,-255.08328993193913,268.49617501057617,1626.7523126897024
200359,-41.976877357,-3.72358631995,-489.098785125272,230.94199072258192,1620.977203394574
200858,-41.9777777781,-15.5580555561,-339.9625112312284,211.75508189024404,1618.3550616451043
201144,-41.9861111108,-21.7347222222,-167.3173432709598,353.1885349164088,1642.8557550930589
200891,-42.0027777782,-16.7608333327,-161.8062661560244,358.99672785902544,1644.11421180509
201153,-42.0238888889,-20.7399999999,-246.1733160312998,276.22546706233237,1628.0458837206613
201154,-42.0396465552,-20.9652086375,-274.054967290882,252.94218780324167,1624.2575661565118
312791,4.20608562316,46.0600965112,-362.58162005222556,203.73031723585845,1617.324622024598
200978,-42.0687463646,-18.251703214,-165.81831263963116,354.7641053870717,1643.1951987871298
200890,-42.0767459083,-16.8512390691,-344.82423292261944,209.723921336737,1618.0905456824237
200973,-42.0806980796,-18.9350098795,-157.34449786020434,363.7299036906186,1645.1541975403923
201115,-42.0809685026,-21.6643669764,-166.9207820980379,353.60502870802407,1642.9453451571626
200974,-42.0809758576,-18.9352876566,-161.25205738213646,359.5831736687252,1644.2423634098648
200988,-42.1017319044,-19.3727652358,-135.62787041145842,387.1274366917075,1650.4849417930104
200349,-42.1021083144,-5.71388888862,-203.73339947342635,316.0303387648913,1635.2700284252255
200888,-42.1058284707,-17.0268851787,-188.7090206078929,331.08237220786197,1638.2455335000218
200338,-42.1061111107,-6.97333333283,-163.64149428326087,357.057791831194,1643.6919290284764
310889,4.21084376855,44.2522375006,-710.8352070324838,445.8661285525559,1665.241572696415
200986,-42.1101678711,-19.6358110355,-183.94588469351328,335.9400791764179,1639.234158881227
200889,-42.1145573014,-16.9728952032,-186.50152550429556,333.3288293535637,1638.701009740399
200987,-42.1222222221,-19.5497222224,-415.7395239885414,200.44163518316591,1616.9136464143307
200984,-42.1319444439,-19.8736111112,-130.27523552889846,392.9781673961542,1651.8670439523953
201138,-42.1350148751,-22.022836993,-248.8799611992883,273.85103931298005,1627.644704036721
200887,-42.1352777781,-17.5727777778,-252.5963603249321,270.62809557531443,1627.105545734728
200983,-42.1352777781,-19.9127777784,-179.69611618000636,340.30659614496506,1640.1345890583975
200985,-42.1398574755,-19.7900034433,-131.70809279639718,391.4089569352123,1651.4944330560415
200703,-42.1402777776,-13.4155555559,-99.55846015805258,427.09908682281906,1660.3151871891287
311805,4.2150374519,43.6025202638,-263.8760890742138,261.1257959884382,1625.5520822713065
200857,-42.1728000912,-15.701647326,-302.9919679155809,232.05259507313318,1621.13580483751
201128,-42.1805555559,-21.5422222223,-295.49908577876454,237.0912380286974,1621.8647126058222
200355,-42.181700211,-4.3732145037,-218.17888002421174,301.9896461602167,1632.6146628135978
312442,4.2186858832,44.4056930093,-367.05345158679603,202.58962275461013,1617.1813275244806
311556,4.21875739121,43.689175036,-371.1271515958244,201.68431712689204,1617.0681663494975
310960,4.21882109421,43.9890261628,-206.12936260663824,313.6706585129764,1634.815638797828
200350,-42.2136111106,-5.66427687052,-202.67804250092388,317.0734207366612,1635.4719334136046
201137,-42.2138888886,-22.0097222219,-233.8143950435344,287.34156627704624,1629.968731772647
201152,-42.2149851247,-21.151821858,-252.21193957749958,270.9594335220136,1627.160688272844
201142,-42.2222222223,-21.9224068057,-269.1592919194641,256.82942689355923,1624.8674547065245
200356,-42.2270115317,-3.90565157101,-234.49705586312825,286.7163469225,1629.858630200352
200339,-42.2452777782,-8.35583333322,-359.67596734720246,204.55274802695007,1617.42842734118
201143,-42.2480034905,-21.9772457343,-140.01594418841316,382.35452981484593,1649.3719645113156
200877,-42.2654203859,-16.4105332117,-185.70857087180664,334.1378432841785,1638.865763008242
300070,-4.22709251961,43.0184943475,-142.46995187618612,379.6948620831566,1648.7574349000924
201150,-42.3018390269,-20.7737071047,-121.66304905446844,402.4546062444078,1654.1470916860228
200731,-42.3055555562,-11.3233333328,-592.3015428765018,318.2406713446416,1635.6986323109381
200878,-42.3063219483,-16.6267148916,-227.75301762721745,292.94709861911275,1630.966245339045
200949,-42.327338154,-20.2761008575,-285.95813825932873,243.8949315306386,1622.8732632193803
201134,-42.3306237843,-22.1392269887,-215.7374519146564,304.3303767780527,1633.0492549448277
201166,-42.3366815418,-22.4100571091,-78.48434192678522,450.97041842759586,1666.6154952906045
200886,-42.3433420594,-16.8604119609,-310.1882579563196,227.48378778029877,1620.4881253958195
201114,-42.3434908174,-21.6561891787,-302.6970044527013,232.2456292122164,1621.1634473840581
200732,-42.3438888894,-10.9844444437,-349.64291526900627,207.87245522888819,1617.8516151022231
200733,-42.3450000005,-10.9800000003,-349.90755759535523,207.77552384846175,1617.839163562462
201151,-42.3481609728,-20.9101076,-253.68536987442712,269.69205727047745,1626.9501211164304
200953,-42.3486111108,-20.0012760598,-284.53914633215663,244.94195920410564,1623.030946785899
201141,-42.3563145104,-21.9557672975,-110.76643455819261,414.5484464060915,1657.131046496833
200972,-42.3608007148,-18.9516666669,-231.37498775401738,289.5859240468653,1630.3658786456683
200354,-42.3696988115,-3.45192160047,-195.0878909877879,324.6398176484469,1636.9556811498599
201136,-42.3727182748,-22.1935148092,-214.8561256528809,305.17869210265366,1633.207557219679
200964,-42.3729057598,-19.3310770933,-162.09364807744757,358.6927966693491,1644.0478743724177
201165,-42.3794444443,-22.3691666667,-77.80179571068307,451.7490204042586,1666.8263461687282
201113,-42.3852244638,-21.6313090386,-298.91323346457443,234.76087694033438,1621.5256890310989
201167,-42.3928757585,-22.5436922171,-299.7425780003477,234.20343533938427,1621.4450776917345
312343,4.23954029593,44.4853186339,-178.0770821636109,341.97788173131215,1640.4821737645982
200963,-42.3972028998,-19.3308801643,-294.4879893862545,237.79218588593156,1621.9673284361788
201133,-42.4142572092,-22.1561353031,-247.20970225220015,275.3136297154567,1627.8914231462384
200267,-42.4195537937,-5.97292997106,-333.9217186410656,214.5001356289833,1618.7165283121185
200970,-42.4229263279,-19.1897492326,-263.2048647123641,261.6789295858287,1625.6410283439486
200360,-42.4243906321,-3.35606502954,-217.9845490608774,302.17545893332345,1632.6490433732383
311555,4.24318431723,43.6229351125,-356.27742559833035,205.5946937800075,1617.560530229543
200342,-42.435479042,-5.85805555555,-214.29490028040456,305.7198082345377,1633.3087558673492
200950,-42.4398514503,-20.1015061741,-206.24385377546068,313.55819689531813,1634.7940646106556
200955,-42.4455555558,-19.7104399797,-493.86029057334474,234.07058746856717,1621.4258943176728
200856,-42.4509090003,-15.6684729453,-301.6262085905081,232.9501204618995,1621.2645217450481
200977,-42.4563562697,-18.2018086419,-304.01941627742406,231.38368294921756,1621.0401906125367
200952,-42.4566413197,-20.0973596657,-195.85841236568794,323.8666657481732,1636.8025256666806
201164,-42.460090542,-22.37287288,-80.37187826228427,448.8189432321713,1666.0346138811249
200954,-42.4763888894,-19.7769444442,-264.6125820972957,260.5207395060878,1625.4549967805274
200951,-42.4780555555,-20.2988888894,-148.37673868305404,373.32219864957307,1647.301537318088
312727,4.24794999162,46.0021062534,-136.36974269110175,386.3189893071461,1650.2955045522244
200875,-42.4852703401,-16.6773769007,-241.36181141656556,280.5009365487124,1628.7767392281514
311803,4.25122932589,43.6880546009,-255.13557062188818,268.4515750672967,1626.7449520444493
201149,-42.5138888895,-21.0471886513,-114.32579192040947,410.5858226493728,1656.1441992189712
201140,-42.5148276395,-22.0481528331,-126.56710109343263,397.0491586077754,1652.8402600363797
311554,4.25161671293,43.6698973394,-248.86616715430847,273.8630829051803,1627.6467304130572
201135,-42.5189719929,-22.2268116709,-106.84453459964575,418.9278496613566,1658.2320205772996
312713,4.25197673396,45.997678976,-133.1660137599821,389.81454591805084,1651.117279618647
201126,-42.5358333333,-21.4397222218,-303.26719398899127,231.87287942995962,1621.1100897413246
201112,-42.5397222216,-21.7674999999,-177.70041131025425,342.36731245753185,1640.5633994105133
200340,-42.5479081033,-7.23290517031,-179.9489192427236,340.04601676213525,1640.080542034988
201132,-42.5726818713,-22.2188545413,-115.04660750355158,409.78475527230927,1655.9457830797394
200876,-42.5817200201,-16.1933333327,-279.703986737267,248.57480804028816,1623.583174967717
200885,-42.5969444443,-17.2197222216,-339.21581086987396,212.08126800363405,1618.3977740605103
200976,-42.6017319037,-18.3560046836,-141.14874089287179,381.1259330119658,1649.0875864126283
201130,-42.6268762158,-22.3481178799,-79.63106158251853,449.6630515882313,1666.2622095005415
200961,-42.6336304334,-19.5267137895,-92.15431741849613,435.44739240756854,1662.4822773192311
201111,-42.6395126729,-21.8732521217,-113.73059894795361,411.2476433382668,1656.3083997242975
310892,4.26421238397,44.2267591535,-620.107339079052,346.5233591947228,1641.435752417249
310891,4.26421831197,44.1771876354,-615.6354948103567,341.88621765941656,1640.463067756006
200947,-42.6474746525,-20.2270926255,-326.3622350206209,218.26735430449847,1619.2200371787249
200962,-42.6550000001,-19.5266979675,-88.64970714876972,439.4138681382737,1663.5256049602078
201131,-42.6603236926,-22.2775123281,-113.54614968596675,411.45280661881225,1656.3593519887172
200946,-42.6739468547,-20.6977652924,-285.5825091375219,244.1712365739061,1622.9148109546647
200948,-42.6744444438,-19.9944444442,-290.68848219311235,240.46934072265495,1622.3619801615096
201110,-42.6763219479,-22.0481052861,-234.51717446066107,286.69794032062606,1629.8553923063464
200883,-42.6767497709,-17.6430038156,-282.4141369572801,246.52629067017608,1623.2708039133772
310969,4.26924360738,43.9517527127,-242.51261249662332,279.4721197152659,1628.599876134138
201125,-42.6963888886,-21.3894444436,-297.7782479956149,235.52926101689565,1621.637112192845
200341,-42.6977777777,-6.62500000001,-179.50030018582416,340.50850682327354,1640.1764947910333
200351,-42.6986243868,-5.2023490243,-188.5409383888095,331.25312113562245,1638.2800496582006
200352,-42.7144077591,-5.20573708158,-186.32364874289303,333.5102143516385,1638.7379149586004
200971,-42.7145947801,-18.8937364431,-94.88023396813605,432.36879928968267,1661.6785698338854
312790,4.27361339175,46.0687943139,-155.2267592226733,365.985789510452,1645.6544257436233
201168,-42.7363888889,-22.5855653166,-326.5378801145647,218.17575995882285,1619.207693002845
200672,-42.7522222222,-14.8563888891,-204.80223163610302,314.9762391876735,1635.0666414855377
200704,-42.7604663009,-12.2471011552,-236.2077687177761,285.15515397877914,1629.584717861163
201123,-42.8064173527,-21.4605260015,-261.53361186033294,263.06311948616565,1625.8644149128113
200344,-42.8111111111,-5.13499999973,-331.7412282843042,215.5495820566902,1618.8559272433108
200884,-42.8186159737,-17.2824999998,-92.28404715665143,435.30074690950096,1662.4438730693903
201120,-42.822724424,-21.296996874,-118.55036460147318,405.8978409652061,1654.9882018148048
201124,-42.8297222216,-21.4727237375,-261.201343914382,263.3394899952881,1625.9091542386261
200304,-42.8313429737,-2.74745387818,-210.9046156988027,309.00347911308546,1633.9265714682456
200882,-42.8394444444,-18.0897222216,-112.42916534703878,412.69589635222997,1656.6685829434794
310968,4.28495219668,43.9439809741,-249.63202768827347,273.1953085903375,1627.5345057729974
310893,4.28506589969,44.2439350649,-681.5683114833371,412.91437261943395,1656.7230214980675
310817,4.28541963272,44.6724801864,-82.24757866107953,446.6834562482195,1665.460597231841
201119,-42.8603757581,-21.3101517061,-294.02740523158946,238.11310328589332,1622.0144083214625
312711,4.28617470879,46.0273608695,-139.04279464250385,383.41115139002727,1649.6172288916637
311984,4.28693368885,44.4151528441,-597.6167810421514,323.53981263505835,1636.737884087099
200676,-42.8866666673,-14.7687486468,-342.474675127565,210.6853538757416,1618.2154396691842
201088,-42.8979737392,-22.2017385588,-235.55400829630997,285.7508283296702,1629.6890582982626
200942,-42.9027777776,-20.3838888894,-275.1148099336848,252.1129851828383,1624.1286427323998
312710,4.29033237613,45.997156295,-132.37766670500335,390.67641450617623,1651.320971736684
200874,-42.9166666668,-16.5928878438,-253.5685353795625,269.7922957304665,1626.966740189086
200670,-42.919166667,-15.7930555556,-230.33402097216722,290.5484506944969,1630.5371179605077
200940,-42.9230555563,-20.7236111105,-274.4879961843325,252.60285450423336,1624.2047570887337
200332,-42.9666666669,-6.81388888864,-164.59125972951188,356.0562093017045,1643.4746469076683
200353,-42.9811883341,-4.28805555565,-283.8708570028742,245.4381109616849,1623.1058983191535
200671,-42.9894654698,-15.6271146628,-261.6472805958118,262.96866224107015,1625.849134503827
200881,-42.9937090922,-17.5773885082,-274.8125991449682,252.34897460136654,1624.165292027984
200701,-42.9937921962,-12.6672222219,-310.642806694105,227.20447954325968,1620.4489397603706
201109,-42.9939707052,-22.034745952,-131.25693977650732,391.9028074570218,1651.6115467441734
200941,-43.0023961189,-20.7143046778,-264.0463794701379,260.9857223763326,1625.5295869747438
200967,-43.0200000003,-19.2322222221,-81.06436392030668,448.0302557685899,1665.8223197358275
310894,4.30228944412,44.2438437529,-433.0471624165725,204.24018110308532,1617.3889273835796
311802,4.30239911413,43.7647060073,-314.2973767202143,225.00014961070676,1620.1413389488048
310818,4.30260123814,44.656194136,-88.83278495897656,439.20643143036915,1663.4708233857862
201089,-43.0269444439,-22.2008333328,-226.23503479387043,294.3657750122928,1631.22165886325
200343,-43.0270279509,-5.57179356087,-288.7560087179483,241.8565943975125,1622.5681813407866
200331,-43.0272924519,-6.76405200251,-172.0281456898707,348.25864429515025,1641.8029644790756
200960,-43.0293611321,-19.7644304932,-261.40078556528,263.1735539371347,1625.8822867409212
201108,-43.0415314971,-21.889201964,-145.19488205125378,376.7498197484646,1648.0817083890245
200333,-43.0477777776,-7.63833333285,-171.16642253416728,349.1579738238469,1641.9939651322593
201118,-43.052559503,-21.3555555558,-306.6954609320018,229.66717299559411,1620.7960702067899
200968,-43.0689408304,-19.3349057366,-87.92598762856761,440.2341271635908,1663.7424613098851
200969,-43.0824999995,-18.8947222222,-95.16443345331979,432.04816672195227,1661.5951700741628
201086,-43.0850446267,-22.2317401163,-230.22546784722573,290.6489872081693,1630.5550357504403
200939,-43.088055556,-20.6681806539,-274.50929841447436,252.58618067469476,1624.2021639912364
312524,4.30937937271,44.4486018768,-415.3898966924163,200.38904234667018,1616.907127555136
200938,-43.0972222217,-20.9116666671,-274.3761776095226,252.69040744646884,1624.2183759770262
200945,-43.100833333,-20.2687641849,-113.3149542826048,411.7100098454073,1656.4232620477444
201087,-43.100833333,-22.2338888895,-292.2559175194022,239.3567401711765,1622.1974417164383
312708,4.31078602882,46.0812356269,-190.84517905000763,328.9166870206728,1637.8092312130375
201122,-43.1274628112,-21.4725540505,-217.10580523183086,303.0167751677731,1632.8049659647234
201085,-43.1311867775,-22.3315588586,-88.4182174820028,439.67619417914653,1663.594916610965
200944,-43.1394444442,-20.3613888886,-128.14519653021205,395.3148967159761,1652.4245091415062
312709,4.31478302615,46.0647221496,-190.78323678484225,328.9793707634252,1637.821820966458
200669,-43.1534820914,-15.8727639802,-181.89251747738192,338.04612318520174,1639.6670614019572
201091,-43.1559313136,-22.1400723977,-282.32142918482293,246.5958519313704,1623.2813696447524
200673,-43.1692943977,-15.9812603311,-164.52724541053857,356.1236760417819,1643.4892647910717
310834,4.31722344835,44.4276604701,-568.5421477692233,295.2809010701503,1631.3870483066812
200956,-43.172609907,-19.9351787143,-274.387877026824,252.68124458463691,1624.2169504751596
201090,-43.1811929277,-22.2975989478,-243.23665632065882,278.8268105594611,1628.4892634379714
201084,-43.185353611,-22.5192061161,-247.76247526908065,274.8286311678495,1627.80946899678
312728,4.31930512753,46.0570769279,-397.72397374799084,199.00924076105025,1616.7367035959428
200872,-43.197718275,-17.3147489335,-291.9588047768975,239.56676191840353,1622.2284439196765
200943,-43.1980590891,-20.3882003428,-98.22955824913969,428.59420818716336,1660.7004203460558
201116,-43.2017336084,-21.3023271924,-267.8318745764167,257.8991885205094,1625.036886438435
200873,-43.2077777779,-17.3144215695,-188.80751207615964,330.9823412578456,1638.2253206047424
201117,-43.2251526223,-21.3725246502,-143.71711922329462,378.3458628889611,1648.4472945202642
200700,-43.2263888894,-12.6895259018,-297.1672714654055,235.945506909816,1621.697620728635
200702,-43.2269059685,-12.1829208819,-345.44772207450035,209.47519738182396,1618.058326873336
200305,-43.2275031415,-4.16679324062,-625.1395254204906,351.77826358335864,1642.5531460429854
312353,4.32315810985,44.4934860596,-358.1214943089933,205.01869298287454,1617.4874204513592
200937,-43.2396627185,-20.8476340558,-275.30087726758705,251.96787078159767,1624.1061229957227
200880,-43.2440997259,-17.9516906352,-308.2022390807803,228.717259199429,1620.6617400005728
200966,-43.2479577002,-18.9604142186,-276.7484912929329,250.84361993975662,1623.9320837123905
200674,-43.2522594106,-16.0647321981,-206.30882544949924,313.4943890505612,1634.7818272822126
310835,4.32752645621,44.4273225931,-416.591574053921,200.57387028699267,1616.930044339547
201081,-43.2851025103,-22.0771047315,-119.02758723543874,405.3693323673423,1654.8586605719324
201082,-43.2858184583,-22.1605195684,-262.5576495472908,262.21380131072317,1625.7272121865356
201083,-43.2900359007,-22.1646741858,-265.8913562272021,259.47484862740805,1625.2876938918234
200705,-43.293623411,-11.5518647497,-321.9061964968128,220.65389620144603,1619.5434642993885
200936,-43.2994444445,-20.6905555558,-274.39143915439314,252.67845487118643,1624.2165164786609
200668,-43.30603802,-15.7483333329,-233.88851250122156,287.2736243651097,1629.956755899325
200307,-43.3145349417,-3.56762646704,-398.8471485372226,199.0218658007015,1616.7382577006017
201121,-43.3147978887,-21.4976008976,-120.68441399351926,403.53615370588045,1654.4105651843865
201093,-43.3271316798,-21.7775341367,-443.04337234706713,207.46745161432221,1617.7996273721062
311553,4.33496328882,43.7811676976,-397.4900172608104,199.00789943116692,1616.7365384879474
200297,-43.3603298425,-4.86828171066,-367.75099541442046,202.4254977994677,1617.160775249433
201107,-43.3683779612,-22.0186612617,-235.17299025549954,286.0985341870784,1629.7500612394467
200879,-43.3723797055,-18.0064328087,-126.9828502644325,396.5920190858471,1652.7305044829827
201097,-43.3724999995,-21.9647926212,-271.63456688923196,254.85244634711967,1624.556142537123
200699,-43.3797222221,-12.8686111106,-328.79035313400243,217.01808188773194,1619.0521111787032
312705,4.33846501111,45.9567529376,-195.02248622391335,324.7054969246094,1636.968707880222
200311,-43.4063888893,-3.20916666738,-359.7086580576868,204.54314263570382,1617.4272125957552
310782,4.34096746732,44.8485738019,-78.6635096184581,450.7660899704166,1666.5602175478698
200959,-43.414735519,-19.9499999995,-268.7358306668621,257.1699742538672,1624.921317019295
200684,-43.4353162547,-13.2569444437,-330.01499608342,216.40195966065434,1618.9696411579052
312704,4.34396422057,45.9894789053,-244.93555960300318,277.3187438340617,1628.2317330551225
201096,-43.4440240594,-21.8600639306,-255.52621800219265,268.1186054937614,1626.6900373020992
200965,-43.4478937087,-19.0144444441,-278.14245353095714,249.76906205366998,1623.7664472470033
200958,-43.4559178924,-19.9715262193,-123.16859200233326,400.79257956955735,1653.7435057118155
200957,-43.4904263283,-19.9893429068,-88.01017824256704,440.1386858391813,1663.7172096297577
201092,-43.5052777785,-21.5941666666,-325.2749122304841,218.83857973295503,1619.297136051788
311983,4.35232642626,44.4773354422,-442.8804219420957,207.40900649900638,1617.7921333789736
312702,4.35233088726,46.0268398544,-118.71599470488917,405.7143862666269,1654.9432177780877
200869,-43.5248425171,-18.4185834608,-270.3463901669383,255.8783813998169,1624.7174021699207
200308,-43.5271083143,-3.3350249188,-184.53550953352678,335.3366370831427,1639.110597554728
200675,-43.5515118433,-14.7809752558,-207.94690751054577,311.8885602523573,1634.4746449126317
201095,-43.5518477523,-21.8687673263,-233.1952851306182,287.90966891256613,1630.0689765464922
201106,-43.559804039,-22.0854346082,-240.9762399594319,280.84649827622957,1628.8362859538724
200666,-43.5851054181,-15.7357029038,-342.09486446514313,210.84433059721545,1618.2361454963775
200295,-43.5861111112,-5.70611111098,-463.32063657005983,216.17017585495674,1618.938675730229
201105,-43.5971180921,-22.1129226745,-273.64650066210834,253.26295284337817,1624.307549120219
200582,-43.6143923785,-20.3051432389,-109.12032168045356,416.3849270410091,1657.5914147681062
310819,4.36455794127,44.6731611094,-164.86642494169558,355.7662700499121,1643.4118563985146
200330,-43.6480017433,-7.24719923749,-196.3496605881237,323.37432354899386,1636.7051793089538
312701,4.3648575123,46.0062719857,-185.93929000188547,333.90233995280494,1638.8177639603323
200587,-43.6642572087,-19.9015557715,-126.08560579352508,397.57881040443687,1652.9675741915182
200667,-43.6725607913,-15.3478990467,-370.27108622384037,201.86387881050487,1617.090571493881
200663,-43.6811942151,-16.8062729464,-210.96108095666446,308.948583203836,1633.9161906014774
200590,-43.6896539928,-19.6525075709,-284.6119263808846,244.8880429764051,1623.0228108189974
200306,-43.6972222224,-3.57722675384,-208.73490875320755,311.11808464355437,1634.3277986494202
200664,-43.6975756674,-16.7687274893,-216.2275015420854,303.8594441242845,1632.9615588339807
201104,-43.7099977144,-22.1648565508,-254.83507214038104,268.70804940204215,1626.7872960714426
201103,-43.7105555565,-22.2241666667,-280.0803652166027,248.28846879614912,1623.5393603430505
311801,4.37633173425,43.8014294763,-567.0124745714652,293.8475678493844,1631.1282242598172
200683,-43.7641889799,-14.3062522286,-342.59617514870297,210.6347060257272,1618.2088462953507
200665,-43.7849094576,-16.3430340801,-347.8551543729502,208.54029436999014,1617.9375591233143
200583,-43.7980555557,-20.3011111106,-143.560607932718,378.5150529957967,1648.4861346673183
201078,-43.7988888888,-22.4519630475,-256.6906335676594,267.12912434993706,1626.5272392191744
200329,-43.8021387161,-8.09734992283,-157.64255294436322,363.41288153905106,1645.0841356339506
312700,4.38047254059,46.0149786454,-185.73358353642038,334.1123075410341,1638.8605568798037
200586,-43.8096788827,-20.0104661765,-103.62067649545946,422.5378236501419,1659.1477038711723
201261,-43.813588797,-21.2769048313,-315.5980628458992,224.23359999823984,1620.0350607978075
200589,-43.8147222221,-19.7050000003,-257.0600220255435,266.81617877486786,1626.4758725852676
201102,-43.8177777784,-22.0863888893,-246.21734273946782,276.18666477925575,1628.0393007074103
200585,-43.8226351698,-20.0260454228,-101.69726445545082,424.6958117269587,1659.6985941261764
201079,-43.8310516085,-22.4726309562,-275.3463312847722,251.932442106912,1624.1006268799783
200554,-43.8355555558,-20.5186111106,-284.1538461900736,245.2277774005718,1623.0741060268351
200584,-43.8444641826,-20.0430885302,-106.43603609008946,419.3847778101018,1658.3475156627496
200556,-43.8517825982,-20.5061583445,-454.8984993437293,212.21912901241672,1618.4158456851483
200659,-43.8520796142,-16.1137119011,-339.2412183287672,212.07010754607032,1618.396311587674
312698,4.385487829,46.0853806413,-186.00595986874583,333.8343046434934,1638.803903401133
200730,-43.8603867709,-11.3604844468,-540.4167791565492,269.9502877978853,1626.9929467358322
200309,-43.8689427006,-3.55345979787,-219.2876692588215,300.9311418789092,1632.4191995313363
310780,4.38736691216,44.9388134524,-85.7453447017224,442.7080191992174,1664.3987746658793
200298,-43.8768539022,-4.45604326955,-365.5824206517659,202.9480014546328,1617.226261888056
312696,4.38834093224,46.1237613254,-185.40922819363377,334.4435291564451,1638.9281146653757
200296,-43.8853000909,-5.33507814528,-180.8534452116582,339.1145204700579,1639.8876634817468
201094,-43.886246281,-21.8519610989,-266.5410653427698,258.9457504449622,1625.2033080570227
310896,4.38943816933,44.2647764946,-424.1722129924776,202.00228681812283,1617.1078550071225
310982,4.38945672533,43.5608108724,-276.0896263013238,251.35426357722991,1624.0110395759127
312697,4.38965834735,46.1020453426,-186.0663188384876,333.77271607423285,1638.7913585449355
200299,-43.9013888893,-4.43526813083,-218.87368142393387,301.32601888485186,1632.4920399508783
200310,-43.9014489853,-3.46020108815,-212.3537714860685,307.59679827738125,1633.6611280055852
200294,-43.9018483353,-6.00206337947,-788.6129784311029,536.1423628742474,1691.6505325020196
200592,-43.9064632677,-19.460321253,-310.19993722640027,227.47659710477052,1620.487115985916
200552,-43.9066799627,-20.6058470418,-286.56163316723564,243.45231673193828,1622.806803463719
200698,-43.9088888889,-13.2936236588,-207.12340958010722,312.69514201851564,1634.6287476635068
200591,-43.9111111111,-19.5597222222,-194.9399511114546,324.78838985493906,1636.985152354947
200553,-43.9144384204,-20.5937056008,-286.2687803854906,243.66689949094905,1622.8390088833573
201077,-43.9169518826,-22.493904387,-271.2184159627334,255.18318147326403,1624.6080594878267
200588,-43.922694674,-19.6851960986,-300.1251442488992,233.9474474129355,1621.4081222804498
200661,-43.9322222218,-14.7572222219,-207.78924548043977,312.04287327977954,1634.5040977650335
200601,-43.9395896284,-18.6668025904,-110.72173905391088,414.59827881380096,1657.143513290672
200729,-43.9434549148,-11.2352739935,-218.45582335232092,301.72499382320257,1632.5657299917814
312439,4.39746637899,45.6648598785,-144.35628916801636,377.6552152268539,1648.2889165537779
310105,4.397589249,46.2643453081,-145.0418695696303,376.9149586897981,1648.1194668257872
201262,-43.9770126725,-21.1859670808,-333.53163208357137,214.68562947402128,1618.7411190022456
312699,4.39815746405,46.0565478359,-186.49060776014267,333.3399608534024,1638.7032740394866
310822,4.39825992806,44.5683984298,-284.4019440216017,245.04366281599866,1623.0462986410048
200660,-44.018377961,-15.0142780491,-316.50106623784126,223.7070611741475,1619.9622650127253
310104,4.40185149636,46.2521419371,-139.75005192484315,382.6431217938935,1649.4388892899794
311800,4.40195217536,43.8142269154,-429.2146871493899,203.2000171570357,1617.2579070199674
200559,-44.0230422593,-20.4079155064,-273.29285810980434,253.54119579821352,1624.3509561707326
200593,-44.0318526141,-19.2227764214,-300.43920162193695,233.73784748489896,1621.3778930874996
200597,-44.0383333326,-19.0111111108,-296.5069733224447,236.39739839035576,1621.7634293606802
200557,-44.0438803711,-20.6555929409,-317.1416404376614,223.33636711457007,1619.9111159943063
200603,-44.0477033994,-18.6432327574,-286.5691082800723,243.44684444582182,1622.8059825242858
200560,-44.0477777784,-20.1802777776,-104.8408089196898,421.1705091842479,1658.8000146649697
200602,-44.0605345304,-18.6311581114,-284.6428973949456,244.8651063200029,1623.019350204763
310837,4.40646331374,44.3855612176,-89.54961804048952,438.39446603168483,1663.2566244248635
200558,-44.0719444444,-20.6602777783,-306.33607811732185,229.89551404452538,1620.8284419468278
200596,-44.0724951374,-19.2726254475,-193.40757097983703,326.3297133423111,1637.2916577861322
201101,-44.0892869608,-22.1517511687,-100.66657964813787,425.8534714661001,1659.9952018020156
201076,-44.0905555559,-22.5013888886,-329.116132040687,216.85326165646723,1619.0300268793762
200662,-44.0925000001,-14.6513888891,-235.02467007666579,286.23399413463267,1629.773846349318
310824,4.41002850603,44.5513107253,-163.67010231893747,357.02760443486,1643.685371710316
310823,4.41051653807,44.5902720886,-424.8026473826128,202.14130806555406,1617.1252268369444
200300,-44.127777778,-4.12777777839,-372.03541199139033,201.50005544912423,1617.045195160601
200595,-44.1300000002,-19.2936977802,-190.427939469295,329.33905420691656,1637.894106305988
201263,-44.139826352,-21.164320918,-286.78526296956665,243.2887118801552,1622.7822676423018
310108,4.41477073043,46.2691447135,-541.8289163710599,271.16617709630054,1627.1951285715575
200721,-44.151960608,-11.6184286592,-216.49457310144004,303.6030214680891,1632.9138634632686
200682,-44.152222222,-14.2599999997,-213.44848699639115,306.5372262132861,1633.4619560615793
200594,-44.1527777781,-19.3713888886,-190.7253266083809,329.03798038671977,1637.8335945336319
311798,4.41552450449,43.8266973714,-353.4349190334864,206.53151297370476,1617.6798684218065
200561,-44.16414132,-20.1563833236,-295.69928940947875,236.95302644807705,1621.8445139990727
201075,-44.175555556,-22.5400554738,-404.68605282401916,199.25232496676696,1616.766643597847
203002,-44.1770822371,-22.5397725238,-407.344294185936,199.44864180408464,1616.79084966593
200598,-44.1772222221,-19.0273969862,-210.99467328445056,308.9159277944967,1633.910016277249
200605,-44.1775000001,-17.9940690917,-227.90013398491863,292.809916920704,1630.9416109392437
310110,4.41917301779,46.2734032918,-253.69117181582283,269.68708063951067,1626.9492961705498
200697,-44.1933123074,-13.3976425034,-351.09326664466255,207.34737257291755,1617.7842327575322
200599,-44.1938888895,-18.6727777778,-191.17376759312822,328.58428056067834,1637.7425073184013
201252,-44.1947222215,-21.9472222218,-282.3500702608473,246.5743578073672,1623.2781045693005
200696,-44.1974330588,-13.4019545347,-352.9423718965055,206.69983108364252,1617.7013664505548
310781,4.41977426684,44.9146372944,-80.95137938508114,448.15891315371897,1665.8569273155206
201080,-44.1988888889,-22.832222222,-271.5995596646569,254.88024252304496,1624.5605032976123
200328,-44.2108029309,-8.78545915677,-255.1234041489438,268.4619533126399,1626.7466647337635
200609,-44.2167958944,-17.272570931,-331.818163329913,215.5120345375477,1618.8509282440116
200604,-44.2274020192,-18.3061111105,-185.49304331777273,334.35792249168827,1638.910647710528
201072,-44.2300000005,-22.4769444436,-262.5300307188268,262.23665920118134,1625.730899095844
201264,-44.2314794306,-21.1222222215,-277.99718957960295,249.88067048251983,1623.7836186902427
200600,-44.2319444436,-18.5853241846,-329.9567829941791,216.43103319627153,1618.9735275712173
200611,-44.2391606422,-17.091111111,-192.25964826508243,327.48717092033075,1637.5227442583468
200293,-44.2427777775,-6.01916666688,-342.00772472810866,210.88094346560948,1618.24091629242
200562,-44.2498514501,-20.1481762709,-289.68799430557846,241.18542901664262,1622.4682745791756
200610,-44.2551678705,-17.2561300186,-306.96707814650983,229.49504798640902,1620.7716890099819
201074,-44.2680555556,-22.5813888892,-302.11508618233347,232.62775819804259,1621.2182347636706
201100,-44.2688876007,-22.2431883143,-94.219637187477,433.1143283136795,1661.8727124050731
310783,4.42719393945,44.909906487,-85.09861336245851,443.44239859383276,1664.5942603879894
200695,-44.2892633604,-13.5563725665,-208.5808032663964,311.2686592802136,1634.356469408093
200302,-44.2896465554,-3.70710521158,-222.55027167547095,297.83335694992417,1631.8509733912736
310107,4.4301244057,46.2438654904,-211.40344521759476,308.51875328445357,1633.8349708505384
200563,-44.3052777777,-19.9488888894,-268.3514388851191,257.4796860114319,1624.9703626695875
201253,-44.3269444445,-21.4896863419,-297.0361668766933,236.03506304136081,1621.710652931319
201073,-44.3304811758,-22.6936373795,-128.77135746824084,394.62748436254617,1652.2601920582292
200292,-44.3434225878,-6.01022038614,-752.2157672529911,493.48742423083615,1678.6192923709566
201258,-44.3516133125,-21.6898343855,-276.92733135060473,250.7053157267361,1623.9107260498122
201257,-44.3558779609,-21.7436676909,-304.6023630702043,231.0065809316625,1620.986406876912
200289,-44.3603893462,-6.36859598179,-328.08591919094033,217.37674284887368,1619.10022517989
200571,-44.3646850326,-19.9601753384,-300.21547579058586,233.88711016456134,1621.3994175239839
200614,-44.3655555557,-16.6774999998,-215.51610036763572,304.54327218560354,1633.0889429175313
200615,-44.3765567596,-16.4685211755,-216.9299369284694,303.1853665572746,1632.836261644276
200303,-44.3768849416,-3.62749122299,-335.55368073692136,213.73482950892534,1618.6152934502982
200681,-44.381907255,-14.4180565658,-200.80936047845813,318.92583670070405,1635.8320757832173
201099,-44.3893849416,-22.2685645674,-102.11306583037073,424.229036549246,1659.5792136253956
201070,-44.393229203,-22.3395273262,-295.8954775949524,236.81777391333966,1621.8247589944035
310973,4.4398871535,43.9818887242,-707.4465874089532,442.01638363866897,1664.214942322954
200658,-44.4022655617,-15.6017088077,-312.7139560780706,225.94614073826156,1620.2729860614536
200679,-44.4103000914,-14.2812475825,-166.28617197819835,354.2720097307316,1643.0890261104653
200566,-44.4106714874,-20.0474999996,-289.6808140808855,241.19058472801285,1622.4690410012222
201071,-44.4139719927,-22.3895770614,-293.6124298888378,238.40310314001295,1622.057005913409
200537,-44.4230543104,-20.6834731282,-174.74849337453145,345.42699870111676,1641.2046497246001
200570,-44.4314794311,-19.9853556124,-285.3643079054516,244.33202573937106,1622.9390098361337
200645,-44.4351159314,-16.1982775361,-218.98685133511367,301.2180333454936,1632.4721113876687
310836,4.44373792182,44.4594144107,-104.33381232498996,421.7385096405638,1658.9443213561535
310106,4.44419678286,46.2349416716,-528.0610199689364,259.5981260014472,1625.3073795037815
200301,-44.4438057852,-4.01447526401,-352.88964361196213,206.7179541270638,1617.703682200317
201069,-44.4452777783,-22.4686547919,-435.0135389704121,204.8167885516692,1617.4618411939753
200565,-44.4522222218,-20.0605555557,-234.25132715047158,286.94125389304367,1629.8982097148576
200677,-44.4595870525,-14.3101347029,-152.85516425640932,368.51903340872786,1646.2196599574702
201256,-44.4638888888,-21.998333333,-126.03223301785195,397.6375357765415,1652.9817000512817
201068,-44.4643849419,-22.5312179581,-171.19625145441302,349.1268244466948,1641.987341727767
200612,-44.4644564949,-17.2090161277,-333.4843588688389,214.7081757037029,1618.7441093514435
200613,-44.4686269002,-17.2501427401,-245.24021235752045,277.0492238600139,1628.1858503522935
200568,-44.4686631772,-20.0018872588,-135.97684035765678,386.74707460194065,1650.395767856651
310897,4.44767644715,44.2476509282,-448.170596055529,209.40272689737864,1618.048946378954
200680,-44.4830555564,-14.4236111113,-180.3834950889761,339.59831632458463,1639.9877765692274
200564,-44.4936111113,-20.0941666675,-113.00190375689117,412.0583543790145,1656.5098787087047
200327,-44.502529694,-9.91455959719,-292.0779818494407,239.48246916170262,1622.2159979120447
200720,-44.5063578493,-11.7225197658,-330.11207948429075,216.35352059976265,1618.963167191242
200678,-44.5224999997,-14.2641666671,-316.1131829832994,223.9326659095684,1619.9934350815595
310979,4.45230976753,43.664680732,-348.99775498660847,208.1108488481703,1617.8822627911745
200728,-44.5241666668,-11.0058333335,-224.779735478349,295.73129578323176,1631.46862983988
201098,-44.538333333,-22.3300000004,-97.3559272636696,429.5778958828819,1660.9545627370874
311985,4.45512010776,44.3599282285,-113.47046822108467,411.53699630527376,1656.3802673824487
200572,-44.5521986211,-19.4225143629,-190.9133000420063,328.8477585529604,1637.79538989194
201066,-44.5553075304,-22.5018678897,-122.44451203827808,401.5916398487431,1653.9373434451466
201170,-44.5602554638,-22.9559561962,-85.07830242282664,443.4654671445736,1664.6004059220159
201067,-44.5654203862,-22.9517262599,-77.50004612568743,452.0933388096614,1666.9196974785714
200606,-44.5688591375,-18.1978830076,-192.1922735885367,327.555180039767,1637.5363467162701
200692,-44.5688888885,-13.4527777779,-187.2820951828607,332.5335119270081,1638.539418933977
200544,-44.5807946905,-20.0682135833,-416.4054930573592,200.5444995588565,1616.9264012778372
201255,-44.6025000003,-21.9797222225,-127.43791138699078,396.091857085959,1652.610556088696
200538,-44.6066847416,-20.4350136447,-277.80716321502496,250.02680112659382,1623.8061128495553
310970,4.46077642923,44.0432705513,-325.5521741394706,218.69223236164646,1619.27736454917
200545,-44.6102790239,-19.8498594432,-427.0854229128601,202.67040267158822,1617.1914490761596
200277,-44.6103909769,-4.56319087341,-207.18795817484602,312.6318679786962,1634.6166448809442
310397,4.46137786628,45.6993754093,-142.43118375127025,379.73682487579345,1648.76709908123
200318,-44.6141666672,-7.39083333337,-132.4448516243408,390.60293784462186,1651.3035898643336
201169,-44.6145275493,-22.73548936,-91.0391491177293,436.70850650001216,1662.8130413535541
200275,-44.6185073376,-4.92296354018,-183.56437464122138,336.33084229652707,1639.3142854028563
201254,-44.634947934,-22.1688045441,-235.64949238403514,285.6637546739626,1629.673792996749
200694,-44.635481176,-13.7141741576,-285.1319272155471,244.50349312742648,1622.964832951564
200686,-44.6383333332,-13.3398527936,-314.6331325467379,224.80136075917412,1620.1137437368902
310900,4.46423770252,44.1809453467,-541.8983854779325,271.2261577396643,1627.205125203398
200326,-44.6606820311,-10.2097481036,-324.4516337449539,219.27589304408042,1619.3562943701627
200276,-44.6641065714,-4.58106656689,-338.3044731367588,212.48443862652408,1618.4506564935537
200689,-44.6813516998,-13.1723636727,-330.2237185312739,216.2978927011583,1618.9557341795814
200278,-44.6814248668,-4.38318217352,-212.4368626563568,307.51628184332753,1633.6459697390771
310838,4.46909604392,44.3398754168,-135.09658689831952,387.7067703452497,1650.6209227492332
200607,-44.7101810852,-17.5941751456,-220.19450268961475,300.0675783911736,1632.2602251012331
200291,-44.7102080812,-6.06456450964,-392.96720586515113,199.06926987135824,1616.7440938667755
201270,-44.7139571175,-20.7512072868,-174.52858510908763,345.6554811294692,1641.2527539903263
200288,-44.7146701566,-6.69786136304,-211.89664829240962,308.04002772590906,1633.7446402444186
310390,4.47259308721,45.9224654298,-107.87928266653265,417.7710775701099,1657.9401569719205
310899,4.47298840224,44.2064735928,-683.2785881870283,414.8202362127467,1657.1990584168168
201265,-44.7351587713,-21.1395566309,-164.6727628116469,355.9703189986434,1643.4560410470312
200688,-44.7483333333,-13.0773493049,-196.97332120304011,322.74993204544234,1636.581928740912
201171,-44.7643167127,-23.2269060357,-249.23459515152103,273.5416118227505,1627.5926714766733
200279,-44.7652777777,-4.21944444397,-220.36341576122632,299.90693968944635,1632.230701622744
200657,-44.7690538111,-15.4807045657,-204.8681129673567,314.91134223150635,1635.0541410950384
201065,-44.7727777784,-22.5399999998,-248.22871936792654,274.4202842692881,1627.740576155925
201266,-44.7731001834,-21.0349699863,-320.67447406709164,221.33460062507817,1619.6363469247808
310974,4.47790481465,43.9510569647,-557.4664842320067,285.0395592879429,1629.564494337383
200539,-44.7938888891,-20.1811111106,-315.9372790122809,224.03525966257405,1620.0076198641975
200608,-44.8018430558,-17.066658678,-337.4225825066436,212.87985486076096,1618.5026176844829
200687,-44.8052777781,-12.994444444,-198.30263413886638,321.42153655051067,1636.320474419506
200324,-44.8137047508,-7.06494248541,-297.289414942441,235.86214733880303,1621.68549459914
310403,4.48163792696,45.876695868,-237.07017560358128,284.3711761450404,1629.4477152299485
200546,-44.8183333331,-19.7436111114,-305.7883816052142,230.24481108900952,1620.8780225172402
200317,-44.8266666668,-7.38083333255,-154.19870396405537,367.0830251172818,1645.8987934181253
200541,-44.8437609072,-20.5519588533,-158.6426356995174,362.3500243650409,1644.8496682078064
310784,4.48620062034,44.8993667021,-87.81237467110196,440.36293107477866,1663.7765480709106
200290,-44.8688888893,-6.17000000036,-218.99676845448465,301.20857196257515,1632.4703656329323
200656,-44.8730542677,-15.9475128214,-332.10315011055724,215.37327881843348,1618.8324620154451
201260,-44.8730555557,-21.3229818401,-271.70329201145705,254.79789151418106,1624.5475851344142
201286,-44.8797222222,-21.9511111111,-297.3734600329832,235.804831109131,1621.6771593693954
200543,-44.8852644807,-20.1474748309,-469.23468119796723,219.21458328714152,1619.3479935985781
200719,-44.8936221234,-11.9774788109,-310.7632403926691,227.13066487822928,1620.4385917935958
201267,-44.913888889,-21.1472641356,-162.85682692880167,357.8862256215945,1643.8720878875145
201259,-44.9155555562,-21.5061111113,-287.0927720575399,243.06410483753245,1622.7486095838924
200540,-44.9181847834,-20.2184949317,-298.8735252007835,234.78765224200137,1621.5295657160545
200542,-44.9275000002,-20.2358333332,-347.9223689621365,208.51477633819135,1617.9342702339152
200274,-44.9277777782,-5.41944444426,-739.4182562846943,478.6487364141848,1674.3170260487948
310217,4.49289824389,46.2732423888,-134.71759611963617,388.12022708388577,1650.718086627039
200547,-44.9308333334,-19.6938888893,-270.8098517908965,255.50853562929177,1624.6591958393644
200715,-44.9315017445,-12.2269140745,-294.8195947086327,237.56176065781267,1621.933562441084
200580,-44.9351872348,-17.3143379874,-320.46375193204045,221.4519539462725,1619.6523882465049
310381,4.49367509895,46.1144783087,-188.76855560408453,331.02190459829797,1638.2333143267078
201284,-44.9389483921,-22.2944444435,-281.3681859874448,247.31321838404958,1623.3905010297005
310764,4.49392509897,45.0313765731,-79.90641642924768,449.34925895662,1666.1775557757487
312441,4.49464388603,45.1723098487,-83.66327035182528,445.07335999931024,1665.0294852125173
200579,-44.9477777778,-17.3594444442,-339.8717893704079,211.79451240193475,1618.3602214369823
200710,-44.9521999092,-12.4061265283,-295.47219521005604,237.10981673088955,1621.8674286254538
201064,-44.9559759405,-22.5855911766,-312.9636915346133,225.79601192129252,1620.252057503877
200273,-44.9686408046,-5.1057065553,-173.83146863178266,346.3802723932698,1641.405551333741
310386,4.49693498922,46.009858575,-96.65214916448568,430.3707813969597,1661.1598057761375
201063,-44.973588797,-22.6935454485,-183.47882079940345,336.4185047686066,1639.3322729687018
310385,4.49766774028,46.0268553954,-166.4010179154173,354.1512625678382,1643.0629956347927
310398,4.49823699033,45.7280960247,-152.2035005632403,369.2163802346269,1646.3759067356232
200576,-44.9994295691,-17.9937229617,-292.80190919811935,238.9718664608913,1622.1406979068704
200714,-45.009444444,-12.1525000004,-226.23730121788563,294.36365252910826,1631.2212758471069
201062,-45.009647843,-22.6606078368,-304.73507797285373,230.9209752133608,1620.9742094306978
200325,-45.0306726057,-9.57685981325,-337.3490639267268,212.91305190990013,1618.5069843901117
201047,-45.0430555557,-22.9933333333,-313.1281674271661,225.6973262559889,1620.2383077575619
310787,4.50438038784,44.8891251303,-81.65830918511644,447.3540698486011,1665.6405838763933
200646,-45.0679203018,-16.3765154459,-333.615485928768,214.6456722236822,1618.7358201542158
201285,-45.0763145105,-21.8872222218,-334.8195713227846,214.0769409143912,1618.6605040826967
200616,-45.0771255286,-16.6538917248,-200.2446403228833,319.4870017128676,1635.9415744791936
200707,-45.0855555562,-12.4305555564,-199.9252805817025,319.8046280914857,1636.003634163054
200713,-45.1033333327,-12.135833333,-179.915323462737,340.0806399758311,1640.0877209870075
310392,4.5111142614,45.9106418688,-257.44112094403613,266.4937937355632,1626.4230178356304
200549,-45.1146775527,-19.7517897601,-310.7052829880465,227.1661775015724,1620.4435698433504
200718,-45.1200000001,-11.8561111108,-173.18099861810856,347.05724011919,1641.5485429207188
200709,-45.1222222223,-12.4105555557,-185.99018559377683,333.85040129587935,1638.8071824627218
201052,-45.1394444437,-23.3476479406,-142.95414204914206,379.1709206068596,1648.6368544588097
200548,-45.1398695257,-19.9308046369,-196.92505097002248,322.79823247919927,1636.5914547429609
201051,-45.1444444441,-23.3300000002,-105.36755054641903,420.5806210298931,1658.6503397738404
201268,-45.155,-21.3341666671,-305.21583249133477,230.61163869218316,1620.9301708421249
201269,-45.1686483001,-21.2557517006,-283.5573899424627,245.67150184170376,1623.1412069389228
200271,-45.1737617045,-5.77688036284,-343.6079904139556,210.2168577639717,1618.1545099693487
201061,-45.1805034901,-22.8103579612,-320.4764211663304,221.44489092544356,1619.6514225483727
200727,-45.1969444445,-11.0513888893,-210.61194409213218,309.2881271388841,1633.980427188485
200725,-45.1979080855,-11.2558800572,-281.2143936290287,247.4293162345231,1623.4081918538752
310752,4.51979856312,45.1855322938,-87.60116269108651,440.6024094628512,1663.8399484537133
201273,-45.215975941,-22.37281034,-109.15145256276494,416.35017359452485,1657.5826850863812
200716,-45.2165240591,-11.7935371247,-185.677810254002,334.1692486557691,1638.8721663366996
200287,-45.2193464643,-3.77674164734,-347.4229930327228,208.7051251210038,1617.958812855803
200550,-45.2230229366,-19.3315256514,-315.96882981799433,224.0168450945581,1620.0050733661624
312005,4.52317272739,44.1935394097,-689.6356693354994,421.92701020095996,1658.992252176937
200655,-45.2369444438,-16.2680555559,-220.30575815591888,299.96176528053974,1632.2407761957802
200272,-45.2430555563,-5.49999999993,-332.9601448852271,214.95915853923415,1618.7774185124651
201290,-45.2474999996,-21.7030555556,-305.8754129131248,230.18920105509002,1620.8701240779185
200316,-45.2562515714,-7.56441259274,-126.99446120555707,396.5792547466484,1652.72744157692
201291,-45.2597222217,-21.6783333325,-330.4558169337754,216.18249412875176,1618.9403205843362
201289,-45.2603683197,-21.8692013213,-291.81149113105516,239.67104671188912,1622.2438477238736
200270,-45.264106571,-5.64984913832,-517.8533002644784,251.46428155077558,1624.0280711064797
201287,-45.2658333332,-22.2102777775,-122.17684285497391,401.8871581172191,1654.0091229208863
310387,4.52719295473,45.9518458472,-238.21932797800338,283.32974818597694,1629.2662879508416
310689,4.52745586875,45.4810935213,-367.8787898642154,202.39583552274664,1617.1570625894494
310219,4.52767455877,46.2317847544,-246.11195957594973,276.27955247201174,1628.055061095945
200536,-45.2850905838,-19.2808680842,-179.20367727637435,340.8144802881286,1640.2400436582607
201271,-45.2895113851,-22.505683261,-116.01965014365908,408.70414585100576,1655.6787036384162
201049,-45.3021391182,-23.218511932,-263.8115160180498,261.1789382814961,1625.5606198010073
201050,-45.3052777784,-23.2394444437,-258.85401248422346,265.3028766196937,1626.2283072154014
200268,-45.3103777009,-5.88832529806,-909.5247481171186,681.2271661644019,1743.0729596796477
310326,4.5317019381,46.1860939306,-422.05554984853256,201.55812652110313,1617.0524324253317
200269,-45.3236111109,-5.73611111146,-773.8527393757362,518.7699736694701,1686.2251262589489
201048,-45.3311767636,-23.2262937816,-262.9100866279345,261.92235526964527,1625.6802302531648
200286,-45.3350954049,-4.53534485411,-174.35448346365774,345.8364240863864,1641.2908709521432
200323,-45.348888889,-7.14888888936,-175.57251876320686,344.5715135714584,1641.0248074940582
312733,4.53513769638,45.4147759908,-161.03021057848105,359.81804334116833,1644.2937435749893
200644,-45.3824999998,-16.9066666667,-330.22987488068975,216.29482738523245,1618.9553246459868
200685,-45.4031299345,-13.5184715714,-336.72132029977786,213.1979643940757,1618.5444889986072
200654,-45.4147370985,-16.2849677653,-219.73171671382585,300.508040112716,1632.3412550745545
201272,-45.4272222215,-22.4427777778,-239.58753571316493,282.0946467427542,1629.051957601999
200642,-45.4355555562,-17.1182542762,-213.0847028857899,306.88903791385525,1633.52801397395
310220,4.5437771161,46.2567909034,-250.87656054570436,272.11409787950424,1627.3533645495565
200551,-45.4398647456,-19.1639070745,-339.9163300385705,211.77514673024282,1618.3576871688783
201292,-45.4430629938,-21.7850534614,-174.8323056926395,345.3399383100338,1641.1863281900576
201274,-45.4475000002,-22.372845395,-118.0513439553792,406.4507231525124,1655.1238869635065
200265,-45.4605922413,-3.65611835336,-413.302714481135,200.09531917612568,1616.8707516688467
200691,-45.4637462805,-13.7354098913,-206.22045057239632,313.5811830259332,1634.7984735721798
201060,-45.4699925621,-22.9060908901,-338.30890023177585,212.48246669320127,1618.4503976019816
200534,-45.4857028604,-19.7756892421,-311.30831694297297,226.79757497041425,1620.3919374208347
201293,-45.4888888886,-21.6108333329,-285.5182484539157,244.21856757642564,1622.921932686556
200711,-45.4897222217,-12.1944444438,-351.81006804428546,207.09342966356002,1617.751705131477
200322,-45.5026404598,-7.03526634695,-208.38249511514314,311.4624979241584,1634.393397704219
312796,4.55208483779,45.3103997611,-179.0732478560937,340.9490663108595,1640.2680136685688
200641,-45.5310145021,-17.3506982175,-335.44468823778715,213.78539966591947,1618.6219719120033
200723,-45.5354786015,-10.9938929115,-324.7420832904163,219.12113978416176,1619.3353465994296
200643,-45.5394444438,-17.030555556,-210.67669123057306,309.22513906872024,1633.9685056567198
200712,-45.5478757575,-12.2887648316,-243.23730103450228,278.8262366415096,1628.489165172938
310327,4.55628715213,46.1601755045,-477.105238890253,223.593988420829,1619.9466542154773
310690,4.55642564515,45.4941649233,-388.0413976224032,199.32475844361406,1616.7755719872164
310221,4.55994321544,46.2853983488,-251.86617355472228,271.25786037062085,1627.210409768458
200726,-45.601801836,-11.785018059,-255.68222431823344,267.9857744161273,1626.6681487431285
200285,-45.601835452,-4.93090181784,-142.65267483116546,379.4971055932743,1648.7119044877604
310753,4.56062092449,45.2061662425,-97.01855995702735,429.9579285158051,1661.0528923365407
200717,-45.6067720854,-11.8937328679,-227.90167355860092,292.80848160475557,1630.941353251449
200535,-45.6102970997,-19.6690076623,-205.93089402573813,313.86567325674025,1634.8530673106045
201275,-45.6185218563,-22.469589682,-156.73437002397935,364.37922566098206,1645.297879090374
310975,4.56342554773,43.9317584211,-322.10678181564924,220.54389703009426,1619.52848118309
200706,-45.6356819988,-13.0011092066,-236.0028225999239,285.3417642656839,1629.6173824797766
200575,-45.6438368234,-18.4645005116,-217.68010483428208,302.46673429722557,1632.7029785611385
200529,-45.6605555558,-20.2390475324,-193.50705921377514,326.22951259687784,1637.2716896517763
200314,-45.6642571651,-8.280683326,-175.246447781154,344.90990682498335,1641.0958944168997
200315,-45.6642672981,-8.27113335521,-172.82954950274112,347.4232756252296,1641.6259693645657
200258,-45.6693305356,-2.94325823138,-198.26042579821885,321.4636636542552,1636.3287499448275
312875,4.56780519909,45.1598305637,-166.95472867519626,353.5693669349714,1642.9376701752205
310328,4.56804386811,46.1644065468,-241.77683946361304,280.12945645803825,1628.712805629483
310230,4.56845666314,46.553022849,-154.19052834981395,367.09175638301724,1645.900740764872
310901,4.56879400617,44.1807701237,-337.38714572054676,212.8958517402943,1618.5047218139994
310196,4.56901125619,46.8022920716,-194.61214262741288,325.1177449843056,1637.0505303593002
201283,-45.7010205692,-22.0540337286,-290.4315126312116,240.6528260358891,1622.3891868244948
200574,-45.7019905153,-18.9516282959,-279.0073190478649,249.10637046865028,1623.6646435314312
201058,-45.7098276399,-23.0777152933,-330.7971193058407,216.0134194164614,1618.9177521461606
201059,-45.7103831959,-23.0760486072,-329.7056792375538,216.55668762664897,1618.990330360812
201276,-45.711028007,-22.251919888,-301.1342207949043,233.27575458773345,1621.3113422549236
200528,-45.7183586796,-20.1681765066,-302.30046380537414,232.5058388692876,1621.2007451127997
312450,4.57287146051,45.502520725,-166.73761781234296,353.7974763682644,1642.9867757016602
310399,4.57296218051,45.7773698268,-434.584593331719,204.68854378215642,1617.4456067520928
200578,-45.7344444439,-18.4030555555,-175.4566756128124,344.69171543699656,1641.0500508932948
310391,4.57375104558,45.9060056964,-268.49490330808476,257.3640291278304,1624.9520406260908
310388,4.57386919659,45.9107961028,-270.7968652017879,255.5188878215828,1624.6608239505144
200653,-45.7399925624,-16.4310910124,-313.7948185976843,225.29887856146343,1620.1828524975315
200652,-45.7415240585,-16.1349853589,-211.05987771601127,308.85254895995047,1633.8980347148483
200533,-45.7437318207,-19.9725655384,-203.09564832789016,316.66040367585975,1635.3919108587224
200640,-45.758888889,-18.1391666667,-194.45782136136182,325.2728636461109,1637.0813439382073
200264,-45.7766666674,-4.03222222248,-341.3080523728812,211.1767950085173,1618.279496748338
200259,-45.7850000001,-2.49729997948,-358.22508803276924,204.98708207926967,1617.4834140309936
201279,-45.7908333326,-22.4141666674,-133.23118181215634,389.74333024346714,1651.100467662478
200283,-45.7978595942,-5.14415847848,-291.6922186795575,239.7555547436479,1622.2563351321578
200321,-45.8068672219,-7.51406466757,-204.66933198613464,315.1071801338964,1635.0918707577018
312681,4.58143984722,45.9021573861,-263.55103858893114,261.3934577427093,1625.5951004468102
310224,4.58152790322,46.2400537311,-264.7867121801005,260.3779714801147,1625.4321206614827
201323,-45.8354707673,-23.6354928955,-151.46477916348869,370.00754026571707,1646.5535128563154
200263,-45.843925575,-3.66063725674,-195.83922560120808,323.88590447511297,1636.8063324546515
310356,4.58452477147,46.010151896,-613.6151588100098,339.801623720038,1640.029888242516
200708,-45.8481299353,-12.7152777779,-236.6206202104823,284.7795909776073,1629.5190413994426
310225,4.5848522445,46.2644698641,-263.19958024383357,261.6832907348601,1625.641730362447
310334,4.5860556856,46.1105873994,-119.70224556684403,404.6225434914429,1654.675887763966
310223,4.58617733561,46.239684973,-414.4767797657845,200.2562714469048,1616.890678153536
201325,-45.8669518829,-23.5141680604,-256.9589295550094,266.90177862303034,1626.4899170539368
200573,-45.8768600517,-19.3725280077,-313.963309108654,225.19856727682117,1620.1689064876903
200639,-45.880277778,-17.1433333333,-210.4586213450166,309.43732050707786,1634.0086738351745
201278,-45.880788706,-22.5573675453,-141.19932192284043,381.0711088437854,1649.074916685539
201277,-45.8851872354,-22.5644150718,-144.85444229220155,377.11727796011775,1648.1657477881388
201280,-45.8897668498,-22.372942973,-312.35430884207403,226.16295071467405,1620.3032343120078
201053,-45.8935231441,-23.3724434767,-281.7803799036217,247.0025468935901,1623.3432012417786
201057,-45.8965240593,-23.1523064625,-309.58193943224546,227.85810151499894,1620.540713858188
310357,4.58981078291,46.0065181337,-618.2742189101957,344.6186899977287,1641.0347139356122
310393,4.58990158992,45.9064153045,-178.28492315551466,341.763097153287,1640.4374128328677
200724,-45.9106076205,-11.0929382607,-212.00336045630914,307.93651796684384,1633.7251268017915
201282,-45.9177777781,-22.119058465,-335.05586572169057,213.96643812929227,1618.6458931748232
200312,-45.9261111108,-9.11305555587,-343.0438837247973,210.44894940385555,1618.1846777025087
310400,4.59354745222,45.8099231655,-149.57761285509127,372.0317869858674,1647.0095753740727
312443,4.59366174123,45.1563221724,-168.0291800712793,352.4414919315826,1642.6953144393347
310342,4.59373634423,46.0561802889,-532.0179201603528,262.85565062740574,1625.8308595646542
200257,-45.9555555562,-2.05361111077,-340.27677702367896,211.61892123885065,1618.3372512156668
200530,-45.9636956699,-19.9518260597,-201.90503454949018,317.83885712204767,1635.6205030332171
201056,-45.9732502287,-23.3101604195,-410.68352407628083,199.77595710776777,1616.831260176618
310685,4.59739150154,45.6700142459,-230.3631803691231,290.52144994430563,1630.5323068629236
200266,-45.976857796,-5.76832581013,-219.79325645585033,300.4494398237356,1632.3304679924288
310395,4.59839477162,45.8901753091,-277.5175628241528,250.24978854877588,1623.8404624576556
310763,4.59847374163,45.0022744477,-91.4756980787044,436.21471069130746,1662.6834228648238
310839,4.59887970966,44.2864163324,-242.98409220272623,279.05173495071057,1628.5277896385396
312351,4.60006393076,45.2896463824,-110.67218068627189,414.6535350755175,1657.15733863644
200313,-46.0059839274,-9.01027961337,-169.43006411256235,350.9734894989449,1642.3809793032344
200638,-46.0099746107,-17.0271908727,-348.19713908157763,208.4107914589509,1617.9208722439214
201719,-46.0105555558,-23.6569444442,-133.5159892296768,389.4321464642076,1651.0270402224505
201324,-46.0179501384,-23.5649577556,-631.8473652505616,358.84057351631213,1644.0801221496176
200532,-46.0180555564,-19.8855261272,-176.35522247597805,343.7599108076495,1640.8545843932877
200320,-46.0190831605,-7.47281393216,-223.1780253218072,297.24024784002967,1631.7428277096815
312323,4.60225778694,45.1439875474,-175.23033562558481,344.926632163141,1641.0994096706609
201055,-46.0245833329,-23.4158333353,-270.4792002604805,255.77231397622018,1624.7007008808534
201054,-46.025416666,-23.4147222192,-266.79416348574074,258.7400574301952,1625.1705474087837
310401,4.60283049099,45.8150736289,-514.4637337582312,248.85416156975225,1623.6259681886618
310404,4.60337875903,45.8395358139,-271.5394408957246,254.92798862683952,1624.5679949547546
200319,-46.0358333329,-7.53444444426,-342.56544686361656,210.64750571082195,1618.2105124204872
200577,-46.0397222222,-18.7063888886,-324.53823966864474,219.2296952815935,1619.3500394106413
310972,4.60572676123,43.8649218055,-231.4324617892929,289.53286375234364,1630.356454901387
310329,4.60580396023,46.1439750711,-243.75609468894817,278.3648098970064,1628.4102241864555
200527,-46.0606014709,-20.0956929976,-198.2396351945481,321.48441550418465,1636.3328268595155
310227,4.60638156228,46.3768789504,-241.03696359972287,280.79204724406065,1628.8268983048802
310796,4.60655234729,44.7307727222,-516.9972522877254,250.80066560226027,1623.9254492471387
310362,4.60683766532,45.9814919917,-352.4296123693963,206.87692329785318,1617.7240037284394
200722,-46.0766666673,-10.7895517076,-339.58273711277684,211.92051283439423,1618.3767159119593
310785,4.60831587544,44.8225377528,-98.16966346396794,428.6616285372538,1660.717821493524
201281,-46.0847594109,-22.1522583807,-312.3868694395454,226.14329238483174,1620.3004905068185
312344,4.60994581957,45.2351601899,-228.4033212925186,292.3411268613151,1630.857512261733
201326,-46.1019965104,-23.5643004766,-224.940279713043,295.580397257979,1631.4412836780766
310358,4.61037319961,46.0056762987,-623.8453649830697,350.42320288634664,1642.263472152721
310402,4.61053757762,45.8273634879,-425.12270059746083,202.2130635349413,1617.1341978667606
200650,-46.109444444,-15.9238888894,-217.4578259974883,302.67953373615,1632.7424141574563
201294,-46.122222222,-21.7883333326,-134.444950951836,388.41776421711523,1650.7880695005667
310811,4.61422646893,44.534718919,-526.7495732074996,258.5310031676749,1625.1372774153174
200281,-46.1444444439,-5.81805555624,-321.02973233873564,221.13734698768022,1619.6094026272926
201720,-46.1468626281,-23.7354338687,-121.58303952284075,402.5429943308267,1654.1685987621738
310204,4.61485975498,46.8359830774,-404.91799061685583,199.26718093626582,1616.7684745331571
312066,4.61517701101,45.006960931,-106.24995666935177,419.5929659253709,1658.400177249157
201721,-46.1640997265,-23.7686354115,-138.83015882451562,383.6421694686371,1649.670938411836
312739,4.61824020426,45.2936702618,-109.01560708285075,416.50183311817614,1657.6207852934235
310343,4.61861122429,46.0601549092,-291.23260754097487,240.0818195854275,1622.3045863651607
200637,-46.1983659523,-17.2500000001,-350.1396158785316,207.69093812081118,1617.8283025783323
201327,-46.2226561963,-23.5833333331,-334.4043549337392,214.27199793771487,1618.6863130162699
200526,-46.2279142768,-20.2144337414,-306.9847320028971,229.48387416515288,1620.7701068775402
310330,4.62285366664,46.1351583654,-250.36715985161777,272.5560579126514,1627.4273241994156
310978,4.62290980765,43.6811803323,-233.73810734619627,287.4115130711919,1629.9810639059147
310092,4.62668010396,47.2226613304,-272.235720012147,254.37586350802977,1624.4814467335234
200648,-46.2811437302,-15.5225308312,-299.8008240008993,234.16441389086074,1621.4394418475317
200649,-46.2902717529,-15.0309777015,-304.74332483614853,230.91565871887067,1620.9734520613085
200525,-46.303184783,-20.1477470259,-293.2947408035622,238.6256654202529,1622.0897321181844
201305,-46.3055555562,-22.0030555564,-173.6767798151593,346.54120376990994,1641.4395196766413
312874,4.63121249233,45.1570900075,-251.84641580575675,271.2749246515886,1627.213254490852
200256,-46.3140027969,-1.79949482475,-322.78895495331665,220.17159717684606,1619.477824191918
201312,-46.3219444435,-22.3183333335,-301.94770220903223,232.73799347804754,1621.2340560369973
310335,4.63474228163,46.118598273,-118.62841217358235,405.8113908851593,1654.9670014287694
312349,4.63490077464,45.3140490464,-243.55822413949608,278.54070646419376,1628.4403016394422
200636,-46.351874428,-16.8355735038,-217.73787588221262,302.4114456691836,1632.6927369587065
310332,4.63534411368,46.1268936827,-244.33411940796006,277.85164202237274,1628.3225803938585
312350,4.63551185469,45.2856455411,-260.0897976251938,264.26684481844086,1626.0596102591933
200623,-46.3563369484,-17.6640806384,-354.28323705516993,206.24574955796848,1617.6434094251777
201295,-46.3605481167,-21.2775522514,-305.5788761252578,230.3788406815165,1620.8970667749834
201343,-46.3652777781,-23.0516666672,-347.07326836282596,208.83947592918858,1617.9761486351904
200524,-46.3686364584,-20.3269419727,-284.2390300799889,245.16453189968087,1623.0645515652097
310363,4.63897868598,45.9808559416,-359.2605053481076,204.6755171263134,1617.443958273952
200647,-46.412222222,-15.6097222224,-335.05028534000263,213.9690435862584,1618.646237588437
310350,4.64145930018,46.0233345591,-387.1344019933859,199.39319566620986,1616.784010721274
312352,4.64380417438,45.2772217714,-383.05012780988835,199.78351078834555,1616.8321935281044
310231,4.6440894734,46.7390470694,-270.0844329659201,256.0877881946282,1624.7503950171554
201306,-46.4649553734,-21.7330668501,-281.4205764780746,247.27369163681442,1623.3844798511793
310369,4.64665456061,45.9352443588,-282.23228828885635,246.6627714411471,1623.2915368660715
201328,-46.4666666665,-23.4814917877,-537.264817770984,267.25988258838106,1626.5487191249883
200624,-46.472777778,-17.2549999995,-253.91188717951852,269.49784302091194,1626.9179383850033
310814,4.64792222572,44.3683425452,-193.24107451582563,326.49744296742455,1637.325096341668
312740,4.64795012272,45.4189139981,-202.12485045667484,317.6210727890744,1635.5781964570413
310692,4.64829141475,45.5398768971,-379.5522568786017,200.22418763921127,1616.8867048008551
200261,-46.484939904,-4.29722222241,-470.9540722991768,220.13994015920787,1619.4735206539453
200262,-46.4980352871,-4.20612522587,-260.130842849095,264.2325246638879,1626.0540329079588
310232,4.65177332704,46.5439062002,-314.718448876538,224.75094913143514,1620.1067495635793
310405,4.65229511908,45.8565981533,-274.07672091458653,252.9251233602597,1624.2549088344438
310786,4.65313134915,44.8515581942,-88.37852938262782,439.72117311986676,1663.606804787687
201173,-46.5358792482,-18.601530691,-353.5412460601521,206.4954088874023,1617.6752593575636
201188,-46.5419444438,-19.472700662,-321.57977593094245,220.8334142849402,1619.5679324161517
310345,4.65521390232,46.0553212218,-289.19910866031194,241.53700611822424,1622.5205749606198
201172,-46.5561098229,-18.8352724113,-194.15910297248442,325.5732512693023,1637.141054640085
201344,-46.557222222,-23.1055555556,-304.8055277693375,230.87556982126344,1620.9677416858974
312345,4.65666016344,45.2402972693,-241.1396870969531,280.6999591012119,1628.8110258361487
200621,-46.5726797973,-17.5016789619,-224.14270757825489,296.33067758505115,1631.5773844117848
201187,-46.5729947653,-19.5174999997,-300.585592215558,233.64031606970215,1621.363835830544
200625,-46.5869637675,-16.8727280629,-234.75542161299668,286.48005045915806,1629.8170787413744
200254,-46.593798391,-1.73133777711,-203.53084611586462,316.23036183663106,1635.3086964219665
310359,4.65939325167,46.0014994193,-395.6741799033427,199.01259411139654,1616.7371163738815
310396,4.66016415773,45.8637388209,-282.6213925036837,246.37091374336757,1623.247214069603
310336,4.66016851773,46.1237673234,-262.43041869749163,262.3191225603197,1625.744202790464
201313,-46.6041666669,-22.2725218877,-332.32092626868064,215.2675974223275,1618.8184053024497
200622,-46.6166666669,-17.514614227,-204.03524946778475,315.7324138009482,1635.2124779277335
201340,-46.6354426995,-22.8847733163,-304.3458963081664,231.1722697814338,1621.010027471109
201189,-46.6372222216,-19.3233333327,-338.69209411990494,212.31227865224523,1618.4280628166623
201315,-46.6475000005,-22.5225000004,-268.643200567411,257.24455733561484,1624.9331226622164
200620,-46.6482502285,-17.514141973,-334.16458888423955,214.38514409404291,1618.7012945118097
310370,4.66508192714,45.9522566173,-290.08931140468167,240.89764019319128,1622.4255187516726
310364,4.66512306914,45.985505272,-272.76299902904276,253.95900261557563,1624.4162230953873
312797,4.66512681714,45.2691002537,-384.6214594406149,199.61746089523672,1616.8116840065966
200634,-46.6647222219,-16.5005555561,-176.7835920222212,343.31613301342486,1640.76167008901
310352,4.66864202643,46.0312186398,-390.3652400722492,199.17975160556708,1616.7577011709707
310228,4.66887998745,46.5566853713,-192.64636928776537,327.0969683672082,1637.4447525217465
310346,4.66888810445,46.0600494352,-290.95315958995945,240.28066933966932,1622.334025687776
310755,4.66889001445,45.2398823503,-247.11045509198186,275.4008076950825,1627.9061692017415
312346,4.66939622049,45.2434639836,-363.5842548135877,203.4613101733583,1617.290757898358
201307,-46.702312765,-21.2937657187,-191.40106438720395,328.35445665445013,1637.696412663478
200253,-46.7066299814,-1.8557826344,-328.2214976339036,217.3074727529903,1619.0909265882126
310366,4.67155287167,45.985315105,-284.3629796347004,245.07256077504334,1623.0506618374
200631,-46.7187476114,-16.5311727596,-204.7661947481294,315.011741385195,1635.073480934884
312325,4.67242250674,45.1598658277,-249.89581511947492,272.9657306451185,1627.4959849267245
310229,4.67290539978,46.4681947799,-549.5819842801618,277.95351215854134,1628.3399662746272
201329,-46.7314794314,-23.3354403376,-731.752124421261,469.80509316854085,1671.8103111337382
310203,4.67336142282,46.8891560938,-292.9306626565576,238.8813105277577,1622.1273597857364
310091,4.67340940483,47.1226379101,-410.0390788087677,199.70580650911768,1616.8225938548244
201296,-46.7352926527,-20.7351325435,-321.57769277058094,220.83456197281163,1619.568088907567
310090,4.67358151084,47.0861550881,-414.8329072579597,200.30726451493462,1616.8969945743115
200635,-46.7477838028,-16.1347222218,-182.321425471385,337.6056307764795,1639.5763028227657
201314,-46.7519003801,-22.2771775821,-260.4350309007418,263.97835863701937,1626.012750464977
310373,4.67643690208,45.9761942382,-306.73624670751116,229.64130199347653,1620.7924044822164
310233,4.67694996112,46.5741428927,-343.1861749874153,210.39019994216284,1618.1770382370676
312799,4.67695704512,45.2311623786,-345.1262805747217,209.60309043318938,1618.0748889854044
312798,4.67710230313,45.248373037,-379.90104610159585,200.17585776038203,1616.8807206705415
310902,4.67723196414,44.1473683979,-581.2419473972409,307.39764469221876,1633.6236417266705
201342,-46.7808333325,-22.711388889,-372.26991081352855,201.45352888163367,1617.0393981424352
200633,-46.7977524309,-16.2477408702,-206.51921536973714,313.2878279890208,1634.7422286134483
200632,-46.8020796983,-16.232759278,-191.6972745250677,328.05509334951756,1637.6364172546193
201318,-46.8061150966,-21.9771361963,-364.5552699176719,203.2080641279755,1617.2589180995803
201297,-46.810517079,-20.8101244907,-184.34245991883273,335.5341458338793,1639.1510161868725
310337,4.68107329046,46.1267240917,-323.1077559682841,219.9985651915238,1619.4543091832861
200626,-46.8186111106,-17.0396660237,-331.0696978195777,215.87892010144205,1618.8998112885645
310353,4.68188108153,46.0309327488,-312.1021627577669,226.31538127185675,1620.3245176958262
201345,-46.8320498618,-22.9853138777,-328.2015900165952,217.3176368305491,1619.0922907986437
310317,4.68557057483,46.2225324816,-458.312796296786,213.76507502719326,1618.6192875866045
310903,4.68573517785,44.1143337702,-399.11790531856946,199.02644065770275,1616.738820875796
200618,-46.8604650131,-17.6181196796,-251.14832352606774,271.8786509335885,1627.314011394068
310374,4.6864179549,45.9691298286,-372.57861110305714,201.39293618399248,1617.0318505183486
201330,-46.8762029414,-23.1833333331,-457.14072886997656,213.2256885959106,1618.548141120055
200255,-46.8769444445,-3.34338132349,-197.26128149795596,322.46188376699644,1636.525147172675
200630,-46.8801485497,-16.3478667365,-195.6342896191678,324.0914386884177,1636.8470152940724
310756,4.68930627814,45.2230141799,-559.1997200695472,286.62075719471153,1629.8418172635204
201308,-46.8974330592,-21.5982662319,-429.59969413418617,203.29947872150518,1617.2704068566957
201316,-46.9336185492,-22.372767935,-360.65155675824474,204.2695368221734,1617.3926346189198
200260,-46.9358934293,-4.69583333339,-169.8412372900962,350.5431660147914,1642.2890738495641
310093,4.6936688865,47.1730044053,-453.82776830744757,211.75030906621473,1618.3544371476921
310338,4.6936894595,46.1311902491,-319.7779292435388,221.83570438326618,1619.7049023156055
310375,4.69374169251,45.9773257093,-352.14690610622074,206.9753745263446,1617.736596762992
310360,4.69413768154,45.997670061,-537.3442472440101,267.3272760950468,1626.559793979423
201179,-46.9644072547,-18.9023326958,-187.65534595107198,332.1535832664278,1638.462356516839
201309,-46.9645039467,-21.418541841,-169.60191796341752,350.7936011098045,1642.3425469205777
200178,-46.9649999998,-8.03444444363,-196.01273990561845,323.7119454753288,1636.77191889689
312326,4.69757037382,45.1566128634,-385.87833497160284,199.4989326498035,1616.7970543560489
310757,4.69795360786,45.2189521666,-584.2486859250696,310.31999000349595,1634.1760575414617
310406,4.69806846987,45.864672663,-342.9764888594298,210.47682401518674,1618.188303101189
201341,-46.9870870516,-22.710992623,-290.1827238495682,240.83075876052268,1622.4155895488534
310812,4.69877463792,44.4519667891,-150.3426819334925,371.2106072798312,1646.8242789693886
200617,-47.0108333325,-17.9150000001,-180.1045035959857,339.8856982450012,1640.0473099022106
201299,-47.0144449468,-21.1354973686,-296.45332692337104,236.43420553460786,1621.7687949867473
201186,-47.0187909082,-20.0140236818,-132.4440230339486,390.60384400145256,1651.3038042088733
312691,4.7020628132,46.0851811233,-314.1772877033908,225.071403768019,1620.1512360394297
310855,4.7020908992,44.2196234979,-363.6703236435341,203.43857331088782,1617.2878976721352
310925,4.7021654872,43.8977549013,-189.307946181457,330.47434978501434,1638.122763016195
200619,-47.0222222225,-17.2306741675,-342.06608104876983,210.85641858502711,1618.2377205171338
200186,-47.0487197707,-6.19325496729,-214.39101347963492,305.62708871864623,1633.2914033339614
200167,-47.0561352123,-14.4508333325,-231.39126766385334,289.57089347549623,1630.3632089795765
201331,-47.0607576657,-23.1479040661,-310.2169946471179,227.46609654948142,1620.485641999164
312444,4.70609329053,45.1595677787,-388.98659857220025,199.2605094297057,1616.7676522816046
201734,-47.0688963274,-23.9354618333,-614.8053282862737,341.0288495373439,1640.2845994103432
201735,-47.0931089094,-23.9390199626,-613.4306833213624,339.6116106243418,1639.9905295204742
201175,-47.1063665755,-18.2687844084,-265.5681788530953,259.7386081385138,1625.329823575424
312631,4.71081956992,44.2562387949,-377.6641669976924,200.50262097447143,1616.9212076856493
201174,-47.1219444437,-18.2983333329,-149.4658549189292,372.15180230135553,1647.0366889666218
201317,-47.1341666668,-22.2979970638,-320.4933209200914,221.43547088770515,1619.6501346319349
310347,4.71428297021,46.0644250405,-284.94818988939323,244.63923523055882,1622.985288368375
201176,-47.1559015616,-17.030672424,-322.37737059935364,220.3958888101261,1619.5083323806612
310339,4.71645585739,46.1269303647,-315.87466299039363,224.07182215581946,1620.0126765955304
201738,-47.1772222223,-24.2888888885,-324.5050130858742,219.24741378809907,1619.3524382600458
201332,-47.1810516076,-23.11046698,-355.02751838823247,205.9993526177474,1617.6120128525617
312693,4.71830914854,46.1644390428,-353.3821803436151,206.54945122546437,1617.6821587220172
310407,4.71872022557,45.8476444136,-413.8501723982714,200.16900203975035,1616.8798719210943
310801,4.7190080336,44.5776148405,-215.3953782176502,304.65942924979225,1633.1106082188046
312158,4.71976777566,44.6096675922,-99.24915411490375,427.4469520431407,1660.4047059849463
310355,4.72252524689,46.0186913337,-398.5967609155846,199.01816455357914,1616.7378020780798
312348,4.72275992091,45.2066166906,-434.8102726663539,204.7558457266024,1617.4541252243298
310856,4.72278071091,44.1519270413,-380.8203823244952,200.05312090506337,1616.8655299776296
310412,4.72313240394,45.9356716969,-339.3430789404554,212.02540782698782,1618.3904548687212
200629,-47.2316087008,-16.2063053048,-163.12226474198548,357.6058860000511,1643.81107811934
310854,4.72352167697,44.2739411694,-610.0670453988972,336.156843035125,1639.2785955917705
310318,4.723885033,46.22768608,-394.06956879682025,199.0390143602794,1616.7403687925582
310361,4.72405867402,46.0142234124,-532.353703310885,263.13465249290914,1625.8759904090316
201300,-47.2527095486,-20.9848065891,-322.18361275926156,220.50182716982158,1619.5227527365012
310094,4.7262547852,47.2099354593,-533.3098061604517,263.93124152896235,1626.0051018065735
200179,-47.2646763066,-7.96466613885,-168.96522518499188,351.46027941559066,1642.4850741644107
310857,4.72700018226,44.1519319483,-381.86657394232884,199.92166364429065,1616.8492701672244
310409,4.72704006826,45.8853858777,-224.71862117910612,295.78875501277275,1631.4790462761057
310410,4.72778697832,45.9111728009,-325.99316267424854,218.46043403856865,1619.2460752110242
201334,-47.2981001833,-22.9598133156,-385.7151618707272,199.51360206385272,1616.7988645018524
200185,-47.3013828636,-6.53527777759,-233.9056824192992,287.2578871772305,1629.9539823539535
200180,-47.3106268184,-7.70985231977,-190.2720092833294,329.49698076528557,1637.9258686458998
200627,-47.3197222221,-15.7263888891,-329.33333191894826,216.7437442647641,1619.015361731906
310380,4.7322862977,45.9525866943,-200.2594731543406,319.4722542457053,1635.9386944744654
312695,4.73449491588,44.7602352976,-121.7826447223392,402.322498297789,1654.114954736387
310758,4.73544228996,45.2020281982,-665.5510612824551,395.1995842995036,1652.3969263698375
312741,4.73623191802,45.4140850677,-378.7885392922749,200.33339655523503,1616.9002321174123
200628,-47.3651545749,-15.9268394986,-326.11796715350647,218.39504909616312,1619.2372551036801
201739,-47.3725905425,-24.2481043622,-878.1176748967756,643.1577737769601,1728.549916205986
200184,-47.3855568006,-6.28846247216,-313.00520551705927,225.7710893083557,1620.248584512101
312041,4.73876740123,46.3321219297,-285.50877458352136,244.22554705979928,1622.922982979366
200181,-47.3895483249,-7.46402018743,-215.75660238218796,304.3119631257167,1633.0458235295825
310378,4.73944692829,45.98590945,-450.72370458625596,210.4350304857027,1618.1828675713707
201335,-47.4018403139,-23.4161256783,-368.3291991099669,202.29229642381202,1617.144107381406
201180,-47.4021106539,-18.4905668488,-197.7647248360684,321.95866693123077,1636.4260673975223
310348,4.74024258336,46.0689210589,-295.37501591678074,237.17698685812866,1621.8772499610095
310797,4.74047372837,44.7315952353,-729.6846210363324,467.4261470036551,1671.1433492518431
201182,-47.4062016543,-18.7808333328,-335.5053828193155,213.7572290961237,1618.6182514221314
312327,4.74353889563,45.1848682118,-288.66523720594466,241.92217352963738,1622.577957723847
310691,4.74357272763,45.6891154635,-532.4203160814427,263.19004807105534,1625.8849566465733
312042,4.74376949965,46.8773979528,-328.7304009706602,217.04848569878033,1619.056186792206
310319,4.74491122374,46.2187999233,-364.6645360972915,203.18001635294112,1617.255394145021
201183,-47.4563888894,-18.9780555561,-220.86917676670663,299.4263589117038,1632.1424678186356
200187,-47.4599758987,-5.78542742254,-177.98517276710407,342.07288369292667,1640.5019806766404
200183,-47.4605555558,-6.86472222184,-186.57512416556284,333.25379509627555,1638.685748638846
200172,-47.4719058007,-9.99351075572,-178.39098134555275,341.65352242083793,1640.414587910188
310411,4.74722782393,45.9482169699,-311.22565604190015,226.84798345597952,1620.3989935951051
312058,4.74740606295,44.2824136861,-372.1620851153343,201.47486900249655,1617.042056869752
310684,4.74757299796,45.1441773824,-383.89332039119375,199.6919407920982,1616.8208812553416
201319,-47.4769943011,-21.8478184776,-216.51818940707238,303.5803546521461,1632.9096492386554
201310,-47.4770944911,-21.3155271405,-163.48250709876964,357.2255771519916,1643.7283850495369
312795,4.74791871099,45.3889913236,-367.5414266750188,202.47441325454864,1617.166898891008
200182,-47.4813743465,-7.33705506892,-299.5430512558925,234.33723471440504,1621.464409236163
312039,4.74823724502,46.251853563,-395.1625953493093,199.01874866422617,1616.7378739813885
201301,-47.547860882,-20.7348090695,-168.0223302717281,352.4486769894339,1642.696856013789
201177,-47.5560742517,-17.502389422,-176.63391680572744,343.4711590613669,1640.7941150409285
312328,4.75590051765,45.1895038541,-384.83996032250656,199.59594240937915,1616.8090273969508
310686,4.75608045267,45.6688263708,-542.0960394134629,271.39689964455124,1627.2335935515405
310341,4.7565192447,46.0477636282,-340.2676544365949,211.6228643557102,1618.3377668348783
310095,4.75677470972,47.2483859325,-497.4789241813796,236.52413135628805,1621.7819075201921
201336,-47.5683718097,-23.6392529978,-355.50115853217494,205.8446621447782,1617.5923206356672
311990,4.75685439273,47.2484675085,-408.401184311422,199.54253458769318,1616.8024350413584
312978,4.75813815284,45.3525061566,-436.25443044800716,205.19549066553122,1617.5098393009712
310853,4.75950727695,44.281605387,-600.0821267583578,326.0159710419509,1637.229154462017
201302,-47.5981460981,-20.7185450831,-220.53028394892755,299.7483121392325,1632.201562760036
312358,4.760072681,44.5478515461,-315.81843100055335,224.10467591175944,1620.0172210848564
310693,4.76062965704,45.5858233609,-390.49520409695674,199.17293193938423,1616.7568610224964
312784,4.76065261704,45.4854957846,-357.8817078891381,205.09216768884926,1617.4967351105524
201737,-47.6097681371,-24.2062580907,-249.10611067957998,273.6536725806721,1627.6115087338485
312355,4.76111539408,44.5564186828,-444.9361381499639,208.1602210767785,1617.8886143627806
200164,-47.6113888892,-15.5063888889,-318.4935515224779,222.56177772514985,1619.8045054111205
201741,-47.633190725,-24.3268595657,-295.31554149610207,237.21811779349088,1621.8832652985454
310340,4.76468460838,46.1148553097,-324.13521653588117,219.4450645410849,1619.3792104375757
201736,-47.6470052352,-24.1771845453,-111.16227783189628,414.10718679851243,1657.0207159248685
312067,4.7650102794,46.3014598521,-249.64773229804075,273.18163452852747,1627.5322105229327
310316,4.76509701541,46.2445602104,-398.05083491359494,199.01185863485514,1616.737025840407
201346,-47.6519965096,-22.7142852552,-350.9289418602204,207.4061083038161,1617.7917618184733
200173,-47.6744251225,-9.96038799898,-190.5843626587664,329.1806720821708,1637.8622670171185
310813,4.76812262166,44.413992083,-652.1844693401667,380.61872224820064,1648.9704371430792
310206,4.76867492771,46.9228545936,-231.63116488358958,289.3494872505196,1630.323899296739
310904,4.76876416072,44.0727498997,-213.68525647691902,306.3084068307129,1633.4190310331132
201178,-47.6892423337,-18.1100201673,-304.30124630514445,231.20115048468378,1621.0141464007731
201197,-47.6895349867,-16.4311161404,-318.07054276002566,222.8030094687499,1619.8376683712222
201184,-47.6899999997,-18.7380555562,-189.99048149452273,329.7822230254977,1637.983273867479
310769,4.76924592875,45.0601571994,-213.55343770140905,306.435784098476,1633.4429223643028
310688,4.76953287278,45.6058194786,-289.6019219903787,241.2472481320651,1622.477465352687
201333,-47.7186631771,-23.1017149713,-207.98211604469714,311.85410676226525,1634.4680708874298
310237,4.77286270005,46.5742355637,-531.1740642498629,262.15624759800437,1625.7179303312894
310687,4.77293072206,45.6143247343,-390.59439048802835,199.16781929171512,1616.7562311886734
200177,-47.7645350289,-8.39329388032,-176.56924156240296,343.53815736572125,1640.8081412560764
310800,4.77669931137,44.7100953645,-165.95054055922725,354.6249958723621,1643.1651708040365
200252,-47.7679049622,-2.50611347321,-294.21607272879953,237.98152522390382,1621.9950977712235
312785,4.77692648539,45.4726075666,-279.5371061058802,248.70195552805035,1623.6026464407666
310283,4.77710654641,46.4154972666,-252.77142395191925,270.47736358985384,1627.0804820476776
312382,4.77719298041,46.1108126474,-332.1631717768836,215.34412145026155,1618.8285831085298
310663,4.77729168042,45.7309936089,-437.14517839644503,205.4743670540047,1617.5452409012335
201181,-47.7975756666,-18.4147609075,-190.48329660732287,329.2829988017561,1637.882835903064
201337,-47.802139118,-23.4816233277,-340.50262317006025,211.52148143271836,1618.3245125602828
310694,4.78141399576,45.5812644716,-182.19127786512848,337.7392612853891,1639.6038239341801
200174,-47.8146702811,-9.31020845018,-184.51627038060064,335.35631779502694,1639.114624036716
312689,4.78157373777,46.2019399809,-397.27323676410833,199.00705311112355,1616.7364343126428
310287,4.78160530678,46.2853112038,-423.59082251469636,201.87681435515424,1617.0921863085512
201339,-47.8185205694,-23.0333333326,-311.20456686286104,226.86085011001455,1620.4007949142162
312040,4.7819206348,46.7900323826,-331.24150210784154,215.79438881191808,1618.8885412803113
310759,4.7854529351,45.2064600605,-561.8063569546696,289.0140668258602,1630.2644023805487
201298,-47.8774864123,-20.1643774293,-210.13311865227703,309.75422473117976,1634.0687166042928
200168,-47.8858333329,-12.6222222222,-332.21151089814356,215.32065601407925,1618.8254617939265
312692,4.78975261745,46.1979262936,-220.01755010574644,300.2359352332215,1632.291183475348
200175,-47.9310978147,-9.31004311617,-170.10994569316048,350.2620781716677,1642.2290991975271
201190,-47.9355927451,-19.0686111106,-165.95332523997936,354.6220665368,1643.164538602515
201199,-47.9406907255,-17.0388548967,-167.26014095324078,353.24859835836827,1642.8686688497462
310284,4.79436334283,46.4063816318,-390.62048533859894,199.16648744528675,1616.7560671193655
201196,-47.9442112938,-16.0647222221,-435.3466504308383,204.91732626018364,1617.4745752090225
312329,4.7976249881,45.1936629675,-291.1250197579259,240.15833428119046,1622.3159113966371
312381,4.79783369312,46.1312047721,-321.21590189294955,221.0342761950313,1619.5953328220746
201304,-47.9788888886,-19.7272222221,-328.23847308077154,217.29880768243387,1619.0897636222005
310735,4.79819260815,45.3234153092,-415.7768753623525,200.4473112021704,1616.9143500551183
310788,4.79842887017,44.8231044918,-105.9915859814024,419.8820841763648,1658.4733508435625
201742,-48.0013888885,-24.6899999997,-310.0841118377747,227.54794107376244,1620.4971324667297
310924,4.80255930151,43.9520967928,-175.98079552734546,344.14804243115555,1640.9359420633036
310768,4.80270911952,45.0727810615,-379.7766539395646,200.1929828532599,1616.882840910148
201311,-48.0352133093,-20.9686509128,-632.9166091845592,359.97217439808776,1644.3274786936063
201320,-48.0472655623,-21.4975620196,-224.53196712529774,295.9643029635071,1631.5108824260597
312621,4.80637496683,44.1559725056,-343.68746463408763,210.18433545372923,1618.1502852689894
312003,4.80670220885,44.5437662877,-459.30711226579916,214.22971620162897,1618.680716555867
310238,4.80690108887,46.6226241917,-572.4903960156388,299.007151348771,1632.0656136944042
201195,-48.0855940325,-16.3636086938,-293.78518489283204,238.28227671597827,1622.0392517577789
312678,4.80937486208,46.1814198792,-363.0045216458285,203.6159235530933,1617.3102161213121
310314,4.8096865451,46.2408499691,-226.09059593057617,294.5010671075999,1631.2460787304597
310776,4.81043637116,44.8187699745,-297.68744965814415,235.59100468954088,1621.6460810968013
200176,-48.1060410952,-8.38944773,-324.9537566843088,219.00868199582857,1619.3201331532732
310760,4.81071407719,45.1853844198,-145.2697279289411,376.66905242536797,1648.063246935933
310746,4.81080411319,45.3113058642,-574.2781798163746,300.7067684205511,1632.377851914169
200166,-48.1355302086,-13.5313114054,-239.56364950678136,282.11616362610164,1629.0556837091526
201200,-48.1393228619,-17.1295851012,-311.1076602595134,226.92000481779147,1620.4090778048894
200235,-48.1438780463,-5.63399184401,-313.82554925160633,225.28057113627406,1620.1803068107793
310872,4.8144956175,44.1352848949,-346.86121704499124,208.92135634826212,1617.9867193473444
310415,4.81872611385,45.8979071228,-336.9112393303658,213.111491368728,1618.5331008661483
201191,-48.1902777781,-18.9896899311,-219.11554276642389,301.095273763618,1632.4494646783935
200234,-48.1980656888,-6.03915964054,-227.81383063115328,292.89038559073504,1630.956059744552
310734,4.82250913616,45.3516803516,-410.5865896096894,199.76519238546058,1616.8299301209097
310675,4.82264518617,45.6319620728,-306.47891668297325,229.8046771721328,1620.8155602955485
310210,4.8229629522,46.7482868271,-467.262015226505,218.17504410329335,1619.2075965469837
312679,4.82302958521,45.3019516284,-532.5390494781291,263.2888260769321,1625.900949253353
310215,4.82337550723,46.7566373118,-411.870512510146,199.91388393898558,1616.8483082335076
201192,-48.2353096089,-18.989385301,-354.41835315881656,206.2007183929162,1617.6376686735941
201202,-48.2354737389,-17.3272222215,-167.30891448212645,353.19738499486795,1642.8576577455513
310795,4.82591718544,44.7692681744,-329.0525298730484,216.8853874335598,1619.0343301265082
310665,4.82667116051,45.6437084667,-186.1161361931944,333.72188858915626,1638.781007264088
310745,4.8278217416,45.3184436608,-377.5130420388168,200.5261316088937,1616.9241232364654
201303,-48.2831907248,-20.2060582707,-205.43010517129184,314.35810907368847,1634.9476785470447
200231,-48.297489866,-7.20554486104,-203.0482223718774,316.7072908435374,1635.4009902526777
310750,4.83084598085,45.247869485,-363.53355240493204,203.47473059969178,1617.292446293682
310762,4.83118486688,45.1769408271,-392.3798291568694,199.0894154874404,1616.746574514731
310315,4.83183919193,46.227498773,-307.9265731065559,228.89014366307748,1620.686147504226
310417,4.83186136194,45.7979389475,-289.14592033709243,241.57532148550047,1622.5262792314977
311993,4.83187116994,46.9354267116,-274.679203568238,252.4532558434424,1624.1814976264016
310744,4.83226821097,45.3224980151,-373.36773302968123,201.24143862333878,1617.0129892691575
310871,4.83486778918,44.1313132476,-345.92996018444296,209.28467667416064,1618.0336729303854
200171,-48.3852958533,-9.56705766944,-309.160928321285,228.11918478450525,1620.5774444045348
201371,-48.3897222216,-23.5638888885,-313.3132903116584,225.58643244237132,1620.2228640986589
310775,4.8399201886,44.8522364702,-207.1130602700756,312.7052877855786,1634.630688521125
310323,4.84028311963,46.1606062555,-351.479851012508,207.20995752220514,1617.7666263532385
200170,-48.4232354774,-10.7045913586,-307.42760320408365,229.20410395579538,1620.7305180430722
310733,4.8434769119,45.3602625103,-290.8526347232882,240.35228900455567,1622.3446346802257
310773,4.84377788892,45.0151867527,-147.28308025915376,374.49894369861426,1647.5686175930164
310214,4.84385605093,46.7604850061,-267.4586963935799,258.2011186024617,1625.0848311683756
310732,4.84419399196,45.368637134,-406.3986249642669,199.37226382624158,1616.7814293927258
310213,4.84451406198,46.7695183209,-406.14315408295147,199.35286859664282,1616.7790377982071
201321,-48.4476215824,-20.4559050804,-356.3244215276603,205.57970270234856,1617.5586249064272
201373,-48.4560952361,-23.6013141936,-212.86811957653052,307.09863246960924,1633.5674032346171
200232,-48.4680656891,-6.67302178198,-197.42755880782335,322.2956276750524,1636.492396091238
310065,4.84749184223,47.532364411,-351.27282296353224,207.2834140821747,1617.7760366007242
310849,4.84762443124,44.1813286977,-409.82088673052704,199.68281106982437,1616.8197536777973
312359,4.84940170539,45.1812999935,-390.9012053693873,199.15250859057892,1616.7543451384029
201372,-48.4946391183,-23.5642535296,-200.61854482451827,319.1153809089695,1635.8690403509268
201203,-48.4974999996,-17.5730555559,-266.71130124686727,258.8073736020343,1625.1812660367364
201732,-48.502440497,-24.7436111111,-266.20228894357666,259.2214435058072,1625.2472573793873
310743,4.85093545351,45.3279130116,-374.81389600367584,200.97649504253351,1616.980037726368
310870,4.85170143058,44.1267141772,-344.9382979083191,209.67821646184117,1618.0846224176917
310914,4.85219430262,44.0017815849,-365.6172821473766,202.9393164216666,1617.2251720139898
310852,4.85267962866,44.3022181237,-340.0554709097256,211.7147362730762,1618.3497830818785
200169,-48.526984335,-12.0230555556,-324.984703941365,218.99226319684666,1619.3179126366947
200233,-48.5477941947,-6.40173778654,-306.66511571933927,229.6864270982347,1620.7987986295948
201185,-48.5518539021,-18.335648573,-168.16482962436083,352.2992172410958,1642.6647951772368
310286,4.85598712193,46.4062709948,-294.2881545614432,237.93129942658982,1621.987729328681
201232,-48.5599404967,-19.2440312191,-205.32914353123937,314.4574493294123,1634.9667820126333
310309,4.85650233397,46.2732005528,-367.608620357483,202.45869269636242,1617.1649307025878
310848,4.85695002001,44.1771761404,-247.3695668870411,275.1732692919701,1627.86769087012
310277,4.85850368514,46.4781916728,-388.3647692963873,199.30196508647325,1616.7727620582043
201374,-48.5856150578,-23.8003936491,-353.82578999362545,206.399194139772,1617.6629804095576
201733,-48.5895275492,-24.5857029311,-242.67344974163365,279.3286392764699,1628.5752606391975
201193,-48.6016666672,-16.1473495099,-294.9496068086827,237.47156121276802,1621.9203535410777
310097,4.86018392128,47.314925707,-670.0614463138038,400.16256336252803,1653.5909312653039
201201,-48.6061111105,-16.6480951753,-178.74679089281096,341.28604729708036,1640.3380922619735
200230,-48.6143008422,-7.1542940308,-220.75994667087704,299.53009928396716,1632.161502800213
312002,4.86468810965,44.8398396042,-323.4434096494573,219.8170461794029,1619.4296602930992
201229,-48.6555555556,-16.8358333329,-301.9773230526784,232.71847550465878,1621.231254228464
310322,4.86848135597,46.1484019045,-368.4250215257098,202.27047112882386,1617.1413773497545
310285,4.868929122,46.4023222175,-411.11164766645595,199.8244024987264,1616.8372468124176
201771,-48.7097222221,-27.6927777782,-282.76696201774587,246.26189190653056,1623.2306706846593
201744,-48.7105345302,-25.3015556643,-225.9463682770905,294.6362135038829,1631.2704831369601
310700,4.8725648293,45.5685343765,-288.3528365371403,242.14815604629166,1622.6116665187035
310098,4.87446353646,47.3106908116,-679.4879677638211,410.59970763048904,1656.1476415924483
310701,4.87637893562,45.5397669711,-290.82467117538715,240.37222011411893,1622.3475876175785
310293,4.87659595064,46.3308941526,-257.21939014437163,266.6813040472509,1626.4537524240668
310414,4.87686770366,45.9185640355,-421.2377056542896,201.39587240546453,1617.0322162121395
310239,4.87715987068,46.6816759166,-364.36848022016517,203.25622235588455,1617.2649698711618
201206,-48.780555556,-18.698333333,-232.98980507852326,288.09844724312364,1630.1023299627188
312520,4.87966927889,44.5898100255,-319.4808944594222,222.00276569402374,1619.727791581592
201770,-48.8019444437,-27.702777778,-281.1453970994179,247.48143418041244,1623.4161361493175
310731,4.88030121794,45.3849508693,-403.91947874064863,199.2063201423515,1616.7609745508587
201194,-48.8033333329,-16.2980555564,-317.6948160281083,223.0181453954467,1619.8672735818852
310724,4.88073434798,45.5274987071,-416.5344892466528,200.56483091697075,1616.9289230658035
310199,4.88152587805,46.9979612038,-474.3079045264965,221.99574150163696,1619.726828848262
201731,-48.8228385685,-25.0897438248,-278.46924944662794,249.51829679623805,1623.7278932389136
201205,-48.8230655695,-18.2499999999,-282.1395228236835,246.73244793761566,1623.3021258260194
201745,-48.8271404058,-25.4769444438,-325.10082850688116,218.9307063395725,1619.3095889990677
201749,-48.8272606988,-26.4476704391,-202.52613536107225,317.2237455582525,1635.501083947055
201204,-48.8393044118,-17.7000000004,-314.1361818310779,225.09581230353538,1620.15462705341
201764,-48.8478608815,-26.9061370621,-196.92259845577618,322.800686646198,1636.5919388000304
201769,-48.8498573917,-27.2725788574,-350.424731162637,207.58753950118256,1617.8150318878054
310771,4.88510972034,45.1060655052,-407.67857754543604,199.47736589630048,1616.7943933447173
201235,-48.8586111114,-19.5019444445,-195.09390265898136,324.6337811467789,1636.9544840060887
311826,4.88591751241,43.689627282,-274.1789792311729,252.84493277870672,1624.2424236787606
310742,4.88681818348,45.3221145681,-676.2951612744774,407.05507977463367,1655.2724032062877
200228,-48.8814489853,-7.87638888855,-213.98784031892444,306.01616463014557,1633.3642532702036
310292,4.88908345067,46.3269886623,-256.3555896165642,267.41336936228146,1626.5739457398406
201211,-48.8972222216,-16.4580555556,-208.50494979921183,311.34279330448953,1634.37059010147
312629,4.89018131776,44.3645442799,-253.49644181334463,269.8541707817895,1626.9770017840792
310247,4.89048675479,46.5985555257,-391.3498990598458,199.13149060784002,1616.7517562686255
310096,4.8906589368,47.3156378661,-562.803189063849,289.9341020104534,1630.427758091291
201375,-48.9145275491,-23.9813678881,-327.28191891040296,217.7898734346749,1619.1557429156335
201767,-48.9196316805,-27.1019594633,-596.7141088461854,322.6360388993491,1636.5594717096742
201768,-48.9351918088,-27.2853624685,-296.8550596274761,236.15891296414637,1621.72868354062
310868,4.89382173706,44.1640382143,-346.22832098956053,209.16761385424894,1618.0185355957656
201746,-48.9394444441,-26.1766544617,-458.33230465997633,213.77412909988138,1618.6204833494476
310671,4.8943081611,45.6274725614,-309.20614282269514,228.0910998984116,1620.573491298328
201730,-48.9478533048,-25.2147550911,-583.455913216223,309.54756761668443,1634.0295552600605
201763,-48.9641815422,-26.9226154344,-196.25865295092325,323.4654994627031,1636.7231959585106
200225,-48.9682663915,-9.60361111146,-320.5677217051658,221.39401939732312,1619.6444679839115
312380,4.89758665637,46.1191207471,-288.809806980547,241.8177446821491,1622.5623909388344
312356,4.89805826041,44.6262622195,-574.3478196624259,300.77312688127,1632.3900773711905
201748,-48.9814707046,-26.2479887156,-89.22337356571977,438.76395880282087,1663.3540520256981
312379,4.89823425743,46.081891427,-315.27895056201254,224.42078157060033,1620.060979730931
310770,4.89833134744,45.1266650119,-375.51659624343006,200.85370287328035,1616.9647803226553
201729,-48.9997222221,-24.6555555559,-221.48822631341858,298.8389597991177,1632.0348080662384
201233,-49.0091666669,-19.0394444442,-191.2988044254463,328.45784201384146,1637.7171443281575
201774,-49.0140761243,-28.2643939655,-258.7300076816723,265.4071270275929,1626.2453178788944
310730,4.90185150873,45.3857491744,-403.86587686716734,199.20328114726826,1616.760600109312
310291,4.90209639575,46.3486663301,-245.01232309470623,277.25080649729864,1628.220163414453
312378,4.90227017276,46.0647065766,-350.55303346099174,207.54119957535767,1617.8090865016068
200165,-49.0394384204,-14.517598108,-179.08334737134786,340.9386439570763,1640.265847291004
200229,-49.0476872801,-7.61406187384,-197.72892924025098,321.99443040572345,1636.4331040584248
201376,-49.0564335158,-23.7807262105,-328.1542668034185,217.34180819068038,1619.0955353016018
310699,4.90598658607,45.5813209656,-376.3723755274886,200.70942652364786,1616.9468651571196
312630,4.90602658507,44.3601576725,-337.03284865295973,213.05624597194137,1618.5258276572674
201762,-49.0654203855,-26.9142203407,-318.2566521403884,222.69674805450026,1619.8230559045749
310278,4.90687110714,46.45665929,-330.5601466710581,216.13073280857452,1618.9334095355364
201213,-49.0763888895,-16.9572222219,-179.74364190824005,340.25760058183687,1640.124423816588
201747,-49.0808333328,-26.4770482306,-590.9428201745848,316.89495322270926,1635.437342799781
201766,-49.0853683202,-27.1975592882,-238.14345005858644,283.3983990414192,1629.278227751548
310718,4.9099813124,45.5276492041,-340.69587087470023,211.43837971127752,1618.3136529303938
312826,4.91023809342,45.5346744767,-285.9900913506365,243.8714561776948,1622.8697353713312
310723,4.91024018742,45.5347194347,-285.3925022116219,244.3112380283684,1622.9358803948294
201773,-49.106666667,-28.4194444443,-277.7808991010932,250.04700991210566,1623.8092246356928
201212,-49.107003947,-16.9138856733,-308.1986262166848,228.7195223887402,1620.6620593966277
201481,-49.1183333329,-25.443293557,-755.0431108846155,496.77776585644574,1679.5895449470108
201482,-49.1223945823,-25.4514618857,-753.6922120249228,495.2051220321111,1679.1250709023507
200236,-49.1351366093,-5.32713937862,-307.2771026079637,229.29906136801404,1620.7439496694835
201484,-49.1482353534,-25.5182608532,-367.61956291493436,202.4561358831765,1617.1646106079409
310216,4.91802407206,46.7187705317,-226.00430191496758,294.58192138685627,1631.2606778972995
201236,-49.180277778,-19.3597222217,-202.61952954158437,317.1313187247035,1635.4831592413464
310668,4.91814349407,45.635446955,-321.8636978637958,220.67723283600122,1619.546643952603
310728,4.91828871409,45.3978833754,-401.67525484136127,199.0989861672126,1616.7477530953297
201483,-49.1853162555,-25.4851454865,-525.3447387475345,257.39495638898677,1624.9569392511526
311354,4.91860246511,43.8896393036,-310.069495433438,227.55694939205213,1620.498397426731
310793,4.91873158812,44.752430191,-254.13703667737022,269.3049676964053,1626.8859998389398
312059,4.91920964916,44.2311471888,-188.8097306266459,330.9800882270992,1638.2248654103637
201210,-49.1981001825,-16.68097366,-405.4322367818887,199.30167021345062,1616.7727257087981
200251,-49.2109238306,-3.51338305755,-190.61883889390236,329.14576999004873,1637.8552526851474
200237,-49.2228144636,-5.51479427615,-296.9780212706553,236.0748084492344,1621.7164382315202
310716,4.92264127745,45.5104684267,-277.82739926519866,250.01123252889258,1623.8037157355568
201486,-49.2271850329,-25.5898132912,-694.0355536680829,426.86603783559076,1660.2552529967918
310113,4.92284577546,47.4189163516,-533.7876920096711,264.33059210062623,1626.0699716698089
310321,4.92290283147,46.1272405527,-344.10946749564505,210.01237359907466,1618.1279578298816
201761,-49.2349999996,-26.8911111108,-359.21216176588473,204.68988635104648,1617.4457766553999
201347,-49.2353298426,-21.8833333335,-223.5459339160546,296.893089206533,1631.6796245784844
201209,-49.2483394837,-16.4938086916,-188.80384847050385,330.9860618215247,1638.2260723008003
201485,-49.251741046,-25.4511652857,-495.00153002959985,234.83742666812694,1621.5367734991682
201487,-49.2557887063,-25.6454262918,-370.7903789285813,201.75427496797062,1617.0768931358327
200227,-49.2594444436,-8.26944444407,-324.00417366898006,219.51530376732637,1619.3887301800169
201728,-49.2604960527,-24.826849269,-328.18995473410655,217.32357851017102,1619.093088312853
310847,4.92653435877,44.2524596586,-319.1966202948845,222.16313314400375,1619.7497796185514
201758,-49.2685590464,-26.7398090043,-356.5767737806592,205.4994838667832,1617.5484316444747
310774,4.9269005068,44.9565635639,-425.1562827758648,202.22063856516138,1617.1351450969357
312864,4.92720813082,45.0437480441,-383.90359020749446,199.69086068902016,1616.820747853239
310907,4.92723134683,44.0439345884,-258.5651284565655,265.54582189994164,1626.2679589706306
200222,-49.2725135877,-11.3161037012,-224.35755769242184,296.12841255724993,1631.5406607160185
201727,-49.2730704307,-24.7976906716,-201.7490385125387,317.99346983007547,1635.6505548865125
201760,-49.2730853067,-26.8271634065,-315.73475302937675,224.15359835561978,1620.0239894834144
310200,4.92752241685,47.0076350696,-368.4938169170921,202.25484549926512,1617.1394229855127
201208,-49.276870065,-16.6140236115,-351.05914739878324,207.35955211380863,1617.7857938240231
201215,-49.2772817251,-17.2551184095,-222.12951441143412,298.2314278836992,1631.9236732836298
201772,-49.2935739224,-28.3598980714,-306.5249927646619,229.77539844665404,1620.811409318587
312863,4.93127954016,45.0689637582,-394.88480568960756,199.02298033879373,1616.738394901575
200238,-49.3146792532,-5.12805555615,-303.0232241265937,232.03216602422347,1621.1328807090056
310714,4.93163129619,45.4976221636,-275.8355825949212,251.55162412530464,1624.0415975109947
201765,-49.3269072552,-27.3304985222,-107.00942226709975,418.7434548009304,1658.1854455351502
201726,-49.3356224969,-24.7565112362,-285.7560679753563,244.04349308307502,1622.89559656873
201489,-49.3396924702,-25.3440376598,-611.1560096321718,337.2732524348619,1639.5078949654303
201725,-49.3418390274,-25.0097449392,-262.61034828715094,262.1701942977564,1625.7201793740855
201490,-49.3439707046,-25.3645740135,-635.6048312941712,362.8240638438376,1644.9541611091
201488,-49.3526736483,-25.6134818121,-507.0528296812819,243.31563596082827,1622.7863043386235
201491,-49.3602777779,-25.3866666674,-637.0961322941214,364.41034871694643,1645.304772100899
311150,4.93728572266,45.01862121,-202.73781883286873,317.0142797489755,1635.4604686175533
201495,-49.3770770393,-25.4886213838,-734.4416139385738,472.90366017530266,1672.6837007196498
200226,-49.3787834715,-9.18544763386,-196.789750066611,322.9336416475831,1636.6181679774163
312659,4.93794626471,44.0318658574,-330.7857143094916,216.01905730527383,1618.9185044235687
201505,-49.3804129476,-26.156266622,-656.5113230238662,385.3170559588256,1650.0612486991997
201493,-49.3810144177,-25.4170739569,-623.1091744296286,349.6534780813971,1642.0994018573917
201496,-49.3812449927,-25.5184731023,-734.9610347613824,473.50259286543826,1672.853130521708
201757,-49.384933059,-27.0351789778,-108.13878790188703,417.4811168676511,1657.8671158410275
201377,-49.385472451,-23.1849153892,-161.02883540204937,359.8194994542177,1644.2940622143806
201494,-49.3860590461,-25.4270739457,-598.5093608305473,324.43499505494754,1636.9150731978398
201509,-49.3930555557,-25.9344444437,-342.18920548107906,210.80475044534526,1618.230988967987
201497,-49.3933333327,-25.5354948677,-735.9734350792476,474.67043601880647,1673.1840644938825
312827,4.93939235883,45.5104449617,-574.4865739882156,300.90537717498324,1632.414450088826
310722,4.93946973784,45.5434725534,-292.4892721250844,239.19207616832495,1622.1731535652102
201492,-49.3980927451,-25.3769082225,-411.15812371926995,199.8297500536701,1616.837907723745
201214,-49.4144965104,-16.7559677472,-200.41092025450112,319.32170345100343,1635.9093010129982
201498,-49.4264422424,-25.5726336527,-448.5035153667454,209.53477623300938,1618.0660410802157
201499,-49.4396168035,-25.5581127365,-600.0862788676379,326.0201508990398,1637.229986788117
201724,-49.4405555556,-24.9016666672,-125.99113013431185,397.682762721221,1652.992580325625
312837,4.94408032922,45.514338817,-217.52456575885165,302.6156282024842,1632.7305684889866
310698,4.94464421427,45.5802124065,-375.8843595536346,200.7909922423484,1616.956991824969
201234,-49.4498648304,-18.9430045112,-194.88758175021314,324.8409928514142,1636.9955899398992
201216,-49.4519965095,-17.7506832456,-193.09157541036197,326.6480927588906,1637.3551439284654
201378,-49.4602493142,-24.0334643104,-213.70348367183394,306.29079682644317,1633.4157287924477
201382,-49.4643849416,-23.6977675656,-177.56068409996124,342.5118305324887,1640.5935648114378
201776,-49.4770485746,-28.7504298807,-251.60110074641926,271.48690133551844,1627.2486068338624
310276,4.94778262953,46.5145368878,-333.16031004644674,214.86311438098681,1618.7646675065162
201723,-49.4812016539,-24.9304078136,-282.0613474117153,246.79119424735836,1623.311055960632
201207,-49.494166667,-16.3463888894,-338.8637025718559,212.2363801887067,1618.4181078823824
201500,-49.5129055086,-25.6057088005,-921.3754782996047,695.6455718910375,1748.7583173605192
201510,-49.5146316797,-25.8641666669,-361.00389491387386,204.16900817163122,1617.379941369304
201755,-49.5166666669,-27.0560594695,-318.6395155450358,222.47877873094586,1619.7931034029002
311994,4.95248175092,47.1349425541,-334.30829157987125,214.317285608493,1618.6923085492738
310709,4.95249386292,45.5062441303,-583.4620434213515,309.55353527346693,1634.030685772543
201380,-49.5518560428,-23.714652456,-169.32813413556372,351.0802055726328,1642.403787620726
201381,-49.5521255288,-23.7218131476,-168.79680524616708,351.63673125977147,1642.5228405160892
201775,-49.5563162972,-28.6122977282,-299.1869453851843,234.5765250782286,1621.4990092392168
312377,4.95623264823,46.0930170049,-331.9458540437889,215.44979963363124,1618.8426443012174
312493,4.95625643223,45.0597643844,-504.68798336275984,241.5988365744174,1622.5297805217929
310208,4.95634512524,46.8805002901,-227.77328093702218,292.9282004036054,1630.9628510293178
201502,-49.5726810845,-25.4594444444,-552.5260385087779,280.5784952642352,1628.7900978489304
200220,-49.5729093735,-12.414413752,-223.83962243192096,296.61620208205994,1631.6292661580849
201379,-49.5773438039,-23.9643078207,-299.16543641878593,234.59099847733188,1621.501103117903
201501,-49.5850520655,-25.5795928863,-351.6921592627242,207.1349475449181,1617.757020488683
201777,-49.5882961438,-28.8519789531,-237.2043845368079,284.24935805450417,1629.4264599546625
201722,-49.5948722684,-25.2351101618,-105.17129857025469,420.80037213755105,1658.7060752396992
312446,4.96002001954,44.1524269083,-225.86658457034642,294.7109960045097,1631.2839918334132
201217,-49.602276863,-18.3380717652,-207.3760662778704,312.4475239640259,1634.581397813286
312000,4.96053595958,45.2272399253,-363.1238633034451,203.5838870634468,1617.3061831075302
201751,-49.6058333333,-27.3986111108,-299.1618102068953,234.59343878377126,1621.5014561715266
201507,-49.6059002743,-26.2146961469,-461.4720315879116,215.26356999417524,1618.817869747126
201778,-49.6060949483,-28.9589604389,-221.1612811774922,299.1490749424719,1632.0916211674275
201752,-49.614384942,-27.2147542296,-408.93060971881783,199.59294982121298,1616.8086579630622
200241,-49.614614598,-3.44681799805,-288.6301279837911,241.94754865757307,1622.5817412837462
201385,-49.6166666672,-22.9015854247,-206.6995189333714,313.1108790152493,1634.7083267065375
201506,-49.6231076207,-26.2688524353,-342.5184782586846,210.66708269251725,1618.2130609336218
201623,-49.626966758,-27.8276453083,-312.4281192923195,226.1183963727516,1620.2970159894048
310715,4.96475620993,45.514143147,-212.14772864503885,307.7965219408869,1633.698745107216
200239,-49.6563770294,-3.77652597633,-288.96169362743433,241.7081324025565,1622.5460585498079
200240,-49.6602410918,-3.7411111114,-295.7201175329755,236.9386587107523,1621.8424149212638
312375,4.96848283924,46.1104406963,-379.60245288746717,200.21717250292295,1616.8858361093558
200242,-49.6849898658,-2.68318189286,-290.47814029404583,240.61950971439293,1622.3842452702688
310282,4.96856911725,46.4225869982,-338.4254059687663,212.43061925603635,1618.4435914926069
310721,4.96859350025,45.5525054702,-292.3561335386866,239.28599273412368,1622.1870043754946
310666,4.96863902025,45.634845467,-307.2413332351285,229.3216475127925,1620.7471452586203
312064,4.96864409625,44.1683305226,-237.0402101011034,284.3983819267169,1629.4524634025138
312518,4.96879232027,44.7314976812,-330.7686318518728,216.02750330596342,1618.919631430354
201219,-49.6883333331,-17.1069444443,-268.26221144758733,257.5516575115253,1624.9817682463145
201237,-49.6966666668,-19.0352777778,-208.92975264130502,310.92777722358863,1634.2915815408178
312634,4.97254976358,44.1772608864,-222.18451160922902,298.1793717238894,1631.914160906645
201383,-49.7272073473,-23.1186189497,-119.23502479307164,405.13967014238943,1654.8024181663106
201231,-49.7349417849,-18.1979934286,-232.276927509955,288.7542553552645,1630.2183629292608
310708,4.97421592171,45.4973485536,-585.1965995201884,311.2453360695885,1634.352027584956
201384,-49.7497147842,-23.098021159,-171.9738899736361,348.3152346950925,1641.814969345414
200221,-49.7648363664,-11.8391666674,-211.8701169081467,308.065766779502,1633.7494934987517
310739,4.97732487597,45.3393882125,-333.65872138532717,214.62508783840036,1618.7330907767428
201622,-49.7771999094,-27.8052897945,-321.9505938497999,220.629528437522,1619.5401445053926
201511,-49.7892497714,-25.9433636714,-313.71818313160264,225.34455624796587,1620.189204962364
201508,-49.8011111114,-26.1097222222,-329.68783948815883,216.5656299060703,1618.9915265073496
201617,-49.8021701565,-28.3683078301,-121.94000189767281,402.14869958541016,1654.0726910943852
310100,4.98095198627,47.3353970067,-552.9146728050573,280.92690103727847,1628.8501510490134
310324,4.98135722731,46.106042545,-615.4375344327495,341.6816703427183,1640.4204505839884
201754,-49.8311111109,-26.6983333329,-386.1350582121257,199.47628725478842,1616.7942602641006
201624,-49.8331907251,-27.7017770219,-332.18659386036296,215.3327497131566,1618.8270704263052
310850,4.98450618057,44.4231803507,-692.9165171385547,425.6083473300652,1659.9323348145897
310305,4.9849233186,46.2118438987,-356.6197119875185,205.48588119874714,1617.5467035662405
310697,4.98537807564,45.5807061775,-294.01449394720265,238.1221138773062,1622.0157311084815
201503,-49.8858792484,-25.551548496,-309.14586875841104,228.12854144411796,1620.5787615131226
310304,4.98962960699,46.1815858772,-352.5563147317917,206.8329870952632,1617.718385689158
310846,4.99009485503,44.2859910734,-209.97514060043454,309.90811188374505,1634.097894453491
312633,4.99345122431,44.2156657736,-679.8004173364695,410.9470966397369,1656.2338020589407
200223,-49.9358779606,-10.5638755999,-354.42244842730656,206.19935561126786,1617.6374949600072
310201,4.99373593233,46.9814896764,-243.24723610144113,278.8173926972873,1628.4876509560947
310198,4.99409892636,47.0863006651,-309.83316777525647,227.702762702186,1620.518879553149
310738,4.99415862136,45.368999606,-407.37364145114225,199.4511274659584,1616.7911563010937
201218,-49.9427777781,-16.4652777782,-196.12515317564373,323.59927440580867,1636.7496391452028
201780,-49.9435800712,-29.202124634,-307.68056141802765,229.04477272618232,1620.7079930571
312836,4.99436152238,45.4852020826,-581.732604946014,307.87318590143923,1633.7131906926281
200208,-49.9491606417,-13.9055765924,-202.87130965862522,316.882233663536,1635.4348782074987
201388,-49.9564422773,-23.7646316661,-291.57193189928427,239.84084833363636,1622.2689429855286
201779,-49.9643315879,-29.1974600087,-321.4901798650507,220.88279925783263,1619.5746669585694
312004,4.99777092466,44.6016965745,-242.97668464070568,279.05833469211456,1628.5289205313861
201394,-49.9780555561,-25.4258333326,-208.92875890318606,310.9287476200686,1634.2917661612842
310713,4.99829397071,45.5107377357,-216.078195565482,304.0028677486446,1632.988253002876
201395,-49.9851946736,-25.3143519934,-315.0503409034082,224.55523147240515,1620.0796100277328
200219,-49.989203856,-12.0886111111,-340.7275989121714,211.42475994546558,1618.311873516345
200224,-49.989758124,-9.50070249995,-339.0739732142191,212.14365100611124,1618.405950158423
201750,-49.9943018364,-27.1143316923,-290.07329691424684,240.90911025682354,1622.4272218656588
201238,-50.0065686864,-18.8852652044,-201.58176969440575,318.1593091395382,1635.6828044697827
201387,-50.0179501384,-22.8988109185,-181.8818621333773,338.0570702033202,1639.6693183567345
201230,-50.0311036734,-18.106222315,-344.82468104128986,209.72374160279816,1618.0905223867617
201386,-50.0336185487,-22.9062094751,-180.68446057470385,339.2884421218671,1639.9236377964278
312098,5.00587356333,47.6237273446,-349.2630115505574,208.01247552578096,1617.8696118106516
201619,-50.0598648298,-28.0927823003,-305.77363066740406,230.25424036970725,1620.8793619681314
310737,5.00612033135,45.3765941576,-376.2907144207602,200.722943939565,1616.9485431112985
311353,5.00627385037,43.8603926442,-602.9796246363012,328.94050207819265,1637.814014091172
201404,-50.0666666674,-24.7688802262,-651.7631731058651,380.16240342226416,1648.8651684785443
201400,-50.0894654703,-25.0333333331,-370.77316040292186,201.75787552238765,1617.07734236223
201405,-50.0908705224,-24.7523614059,-308.9765363076475,228.23383350194575,1620.593586807309
310308,5.00947882863,46.2227574376,-350.6182728452569,207.51768173871122,1617.8060696759035
312627,5.0103134577,44.4437016044,-578.2510556370548,304.5104546354845,1633.0828233216755
310912,5.01099998276,44.039803963,-326.8434658511462,218.01685800550368,1619.1862898445554
310117,5.01116221877,47.1485909382,-356.31530332082593,205.58261001794915,1617.558994407245
201626,-50.1319444438,-27.5152777785,-537.0057320815017,267.0402032473044,1626.5126378225123
201625,-50.1353298431,-27.5022889544,-665.1343363858684,394.7420952332092,1652.2875695819687
201389,-50.1434400397,-23.0141585611,-405.3413749855624,199.29542086544785,1616.7719553554612
201396,-50.1475682291,-25.2023354311,-220.59284509635754,299.68885755939795,1632.190645173303
311989,5.01534531712,47.6200485242,-562.4049827136932,289.5662596380737,1630.3623859641666
310845,5.01581306816,44.2899756517,-187.79067044212746,332.0158976893959,1638.4344500664286
200202,-50.1716666671,-15.9222222223,-171.0408262826968,349.2891445933743,1642.0218626366568
310906,5.01778104732,44.2434176029,-679.5250847973847,410.64097053066814,1656.1578721620576
201221,-50.1855393922,-17.732085559,-220.48901845857188,299.7875336184604,1632.2087661077626
312668,5.01940635045,44.1141740492,-353.6146020517856,206.47054822510754,1617.6720860948185
201821,-50.2058866869,-29.6516953162,-87.74897415293132,440.4348129492968,1663.7955749741814
310303,5.02248179771,46.2226770216,-361.0676214185789,204.15092541701978,1617.377658802857
310207,5.02254710571,46.939905822,-230.72156440929214,290.18977814671905,1630.4732436280049
201222,-50.2469444443,-17.9772850803,-195.62200625123927,324.10376042143247,1636.8494550096225
201348,-50.2518491057,-21.1187346752,-169.51634085962255,350.88317366127944,1642.3616813615074
201513,-50.2762103797,-26.3769959103,-351.64598359802403,207.1512341301988,1617.7591058769071
201390,-50.2851946745,-23.0892565233,-229.9736398365241,290.88233597734137,1630.596646700103
201618,-50.2933941241,-28.4480580007,-107.5341818407463,418.1567708463146,1658.037386746934
201220,-50.2982861296,-17.0806754021,-198.11650346965126,321.60733476538536,1636.356980802441
312374,5.03147664445,46.0142339074,-367.49729649848496,202.48475683196668,1617.1681939721934
312671,5.03193905149,44.0229672746,-332.0802867390524,215.38439147121082,1618.8339405063784
312658,5.03243267453,44.0553293983,-340.7594525685684,211.41109311020205,1618.3100880659542
201512,-50.3271863209,-26.0893285285,-220.46439903797034,299.8109354865043,1632.2130644873782
201228,-50.3306622622,-17.9766232022,-207.01663488330703,312.7998275123038,1634.6487766299256
310703,5.03499934974,45.4727842706,-585.7636432849783,311.79979228351135,1634.4577086342815
310320,5.03535625277,46.0726828642,-243.1569720369789,278.8977541710513,1628.5014117671626
201627,-50.3682353533,-27.5515252735,-633.0981422618117,360.16445035816673,1644.3695819820389
201628,-50.3844444437,-27.4771448243,-456.4425192787962,212.90867603514994,1618.5064087537703
201504,-50.3897222221,-25.8758333328,-790.1111450929507,537.9108708854048,1692.211864945604
201399,-50.3937537195,-24.9604677131,-196.7886366375515,322.93475611190104,1636.618387881255
310720,5.03978804414,45.5518863291,-284.6735956938665,244.84237575655877,1623.0159209977273
200209,-50.3982886638,-13.5606622489,-200.7359971405974,318.9987027137353,1635.8462834811316
201402,-50.4018416021,-24.5308414375,-206.0185918096316,313.77949156983993,1634.8365239912557
310111,5.04028896718,47.3019012819,-552.045694379477,280.1484773873927,1628.716077230301
201322,-50.4165240593,-20.4776892092,-229.46979307398365,291.34970466566796,1630.6800855025972
311827,5.04352849845,43.5403019357,-726.4614566177028,463.7228105456267,1670.1112944550493
310118,5.04372571347,47.1353930511,-416.4013320156424,200.54384592546504,1616.9263202089828
200203,-50.4386111112,-15.8969444442,-211.32361627909756,308.5962888085418,1633.849613738177
201620,-50.4394072552,-28.1479246808,-323.624206100593,219.7195538775514,1619.416429829627
312667,5.04425878851,44.1332410647,-352.47635307522035,206.86070165614916,1617.7219293610567
201391,-50.4435826466,-23.4,-198.970410325709,320.75550317029837,1636.1897761751284
312357,5.04459871054,44.522914796,-412.2795141405337,199.9640239325092,1616.8545085174692
201393,-50.4524168963,-23.1225,-211.3122730107709,308.60730732068623,1633.8516949153343
201797,-50.4538888894,-28.8689262495,-119.29958016072415,405.0682068148005,1654.7849234925195
201629,-50.4650000003,-27.2152777777,-430.69046950820905,203.58738855398738,1617.3066238732274
312722,5.04826886284,45.4397804958,-557.6238299344558,285.1827623565674,1629.589549178353
201401,-50.4936010967,-24.6979154854,-298.447405496903,235.07547497035372,1621.5712657106756
201796,-50.4938888887,-28.8055555562,-125.58666597971808,398.1279003774956,1653.0997295701727
310275,5.05062345204,46.5606792506,-362.0077668346572,203.88770604188193,1617.344455433352
312685,5.05177816413,45.8816634884,-319.33738388342124,222.08366525748647,1619.7388818016889
201392,-50.5247222223,-23.1597222221,-215.4665620603583,304.5909332198477,1633.0978315599232
201397,-50.5269308575,-25.4640372048,-771.0007467325657,515.4244656881311,1685.198881638568
201239,-50.5286111106,-18.4983333334,-200.90352458194803,318.8323264843277,1635.813847373042
201515,-50.54572463,-26.0393946134,-351.023727896177,207.3722046429144,1617.7874156094945
201359,-50.5528670316,-22.0807601868,-327.731602723223,217.55831138732327,1619.1246121592028
201227,-50.5561111109,-17.5413888892,-219.9305768590488,300.3187107582173,1632.3064108424815
310114,5.05598054948,47.3061457613,-508.7245425896575,244.5442586635107,1622.970974876406
200210,-50.5893079446,-13.2097222218,-199.43189702761882,320.2957256701942,1636.0997043971927
201406,-50.5930034899,-24.3600976374,-285.85513339745256,243.97063796366646,1622.8846425530014
311351,5.05961989878,43.8517758275,-598.128906261849,324.05324792301377,1636.8394540502254
310063,5.06051996086,47.6185138671,-636.033654350299,363.27989607422614,1645.0547631424572
310905,5.06090463689,44.2358252152,-470.03718505114637,219.64426139481066,1619.40621599698
201360,-50.6109299424,-22.0647163295,-208.74266226215852,311.1105101145823,1634.326356744497
200163,-50.6315048201,-3.83649681029,-329.6239417604547,216.59767546360587,1618.9958134171386
201398,-50.6356150585,-25.2479258599,-608.5595683262336,334.61467301236814,1638.963047246996
310281,5.06507925823,46.4273251906,-358.35032405403894,204.94897360002847,1617.4785849048174
310717,5.06511026723,45.5064490554,-277.8573304209725,249.98820807875427,1623.8001709029384
200218,-50.6600756675,-11.6177743771,-185.60926801489578,334.2392333986307,1638.8864377951543
201244,-50.6653447189,-19.218216106,-206.35967071064016,313.4444606872143,1634.7722534902175
201225,-50.6819444443,-17.3258333334,-185.19274161721847,334.664698677798,1638.973261339881
201514,-50.6861111106,-25.6222222218,-525.1293059080219,257.2213947005553,1624.9294559265286
310736,5.06874269454,45.3977585554,-375.0666114940175,200.9318862567483,1616.9744938497577
201407,-50.6940686863,-24.0310434122,-122.45341925977591,401.5818071096049,1653.9349559905315
310712,5.0694951586,45.502035672,-288.91706562182213,241.7403283309925,1622.5508550389295
200204,-50.71482361,-15.5188888889,-218.30759780251168,301.86661880460633,1632.591910550371
311149,5.07257004685,45.1347615726,-445.9100647861691,208.52660387619557,1617.9357945759546
310916,5.07271626286,43.9148836897,-735.7386655076906,474.3995654190134,1673.107240590314
312628,5.07285803088,44.4185616444,-367.0607305458707,202.5878907459268,1617.18111055097
201822,-50.7316220394,-29.7098198831,-336.12173770886466,213.47252454270813,1618.5806775013173
201825,-50.739083562,-29.8727777775,-364.2852658062744,203.27776233850824,1617.2676771355248
201516,-50.7521391181,-26.5813886882,-708.8779263515082,443.6414751221012,1664.6473047749482
201630,-50.7524020191,-27.3314701433,-177.343971412643,342.7360351806058,1640.6403873662587
201621,-50.7564719935,-28.210959659,-93.09505210574272,434.3842895288558,1662.2041396397358
201224,-50.7687475695,-17.3311072718,-196.63301878714492,323.09054180799416,1636.6491343754067
310802,5.07733089725,44.6480979383,-82.90635546124831,445.93403549071877,1665.2597559705282
201226,-50.7768762162,-17.4640540498,-188.4358849393038,331.3598665655233,1638.3016364565797
201413,-50.7934584885,-23.1686444828,-236.0342961444548,285.3130990295219,1629.6123635158806
200207,-50.8063876426,-13.6889959815,-317.4093785532232,223.1821272587852,1619.8898582230033
310195,5.08102743055,46.9064320112,-225.08051241764002,295.4486421576174,1631.4174177685993
310911,5.0816609826,44.0610625488,-339.3891124459934,212.00522968465916,1618.3878114529998
201409,-50.823055556,-23.4386111112,-206.93670972511347,312.87820441400885,1634.6637763293465
200211,-50.8267258783,-12.885068482,-212.63465981589133,307.3246749312241,1633.6099126375207
312833,5.08541358191,45.5314909904,-294.6337054651757,237.690866470441,1621.9524773708551
312834,5.08552946692,45.5360459738,-297.9994085823758,235.37903882171076,1621.6153004836312
201631,-50.8605778691,-27.5393032235,-287.31238324735654,242.90395688011134,1622.7246294778422
201517,-50.8690638238,-26.3727136879,-212.04474139498086,307.8963855709821,1633.717562828306
201408,-50.8896080785,-23.6435627421,-158.7554731048745,362.2301884514942,1644.8232732642102
310659,5.08924101323,45.8116091656,-226.65212437718958,293.97539208307774,1631.1512566271667
310844,5.08978514928,44.3271164348,-507.55630037985964,243.68436344041953,1622.8416311616322
312445,5.08988112628,44.2310348778,-391.0824549148799,199.14382206741521,1616.7532751516553
201356,-50.9188057849,-21.4499999996,-204.15540004759265,315.6138770663457,1635.1895945861556
200247,-50.9272823176,1.39833333284,-196.5964397524939,323.12716696576973,1636.6563649334914
201429,-50.9436111109,-25.2083333326,-338.70961757751337,212.30451940309493,1618.427044943628
312663,5.09438896666,44.088429901,-387.08750970057343,199.39691445290168,1616.7844693524623
200217,-50.9644667577,-12.293767494,-202.86001174684398,316.8934079135428,1635.4370433694612
201411,-50.968663177,-23.2812111942,-347.39226648135315,208.7168946211516,1617.9603310793136
310078,5.09746897091,47.5817139951,-752.1489196714103,493.40968103223673,1678.5964387494448
201826,-50.9777777778,-29.9644444441,-362.3268391713401,203.79988798313275,1617.3333871493296
310273,5.09812007397,46.5019740217,-356.07382918747544,205.65982606829027,1617.5688099442398
200200,-50.9980422595,-16.5102070959,-193.60098843848326,326.1349274096862,1637.2528459961543
201827,-51.0091666674,-29.9600194958,-354.95389191314496,206.0235464863658,1617.6150940668197
201247,-51.0106150585,-19.1554873958,-182.25668015400768,337.672105236768,1639.589991888526
311148,5.10232559631,45.1608664218,-441.0981737083825,206.78223336452146,1617.7118973665258
311822,5.10255025433,43.5979803505,-340.6333850500089,211.46522266653437,1618.3171602758812
312665,5.10282448436,44.1106136399,-349.75766611699964,207.83036378443504,1617.8462074488898
201823,-51.0354452745,-29.697547401,-216.7971714597905,303.3126856149559,1632.8599070651906
201632,-51.0474330585,-27.6479681435,-339.14850504406127,212.11085362205924,1618.401651343159
310112,5.10537504157,47.2770426449,-485.9454536875942,228.9345846382108,1620.6924245178216
312626,5.10612285963,44.2107099952,-512.9737875657955,247.72183727451187,1623.452801749606
201412,-51.0669444442,-23.2483333334,-347.14454640031875,208.81202388983743,1617.9726055057163
201637,-51.077124242,-26.8958333332,-491.3045081471795,232.37692835886037,1621.182262325703
201518,-51.077140406,-26.227798318,-358.98127196511206,204.75875441241698,1617.454493441627
200206,-51.0853610897,-14.9019444438,-326.6905715665805,218.09628973780065,1619.1969869177067
310702,5.10902649087,45.4678722752,-581.1842146364716,307.3417253965565,1633.613120361035
310711,5.1093616919,45.50220898,-287.08119409896466,243.0725538448163,1622.7498751436178
201349,-51.0995537268,-20.6728914983,-337.5796171066591,212.80906651214272,1618.4933084927338
201248,-51.126111111,-19.1052777776,-213.20037350066036,306.77714229836204,1633.506995969939
310274,5.11359797325,46.5556955582,-303.36960133483717,231.80610920368596,1621.1005407161324
201522,-51.1416666673,-26.0302777776,-467.1538891137799,218.118754549172,1619.2000129483904
312423,5.11436182131,46.3979184291,-346.7894206333376,208.94915094950613,1617.9903085397345
201430,-51.1437909075,-24.8306507154,-157.4144996501264,363.6554366363005,1645.137735097315
201241,-51.1482279149,-18.3024679342,-193.61709018007264,326.11871485346603,1637.2496165898656
201824,-51.1521093662,-29.7560646429,-513.949020638687,248.4619433913522,1623.5658989273559
200205,-51.1604034739,-15.3643738061,-232.46722150709002,288.57906286111756,1630.1873408807303
310121,5.11864452666,47.1804537989,-325.72665093625125,218.60037910940673,1619.264961824581
310115,5.11865787267,47.2686243312,-487.59223899833074,229.97639905370605,1620.839916514797
201817,-51.1888442622,-29.3393042064,-107.45349343442626,418.2469652583564,1658.0601360607554
311346,5.11899083369,43.8647678355,-601.1372873398134,327.0792034012443,1637.441203873769
201410,-51.1938888887,-23.3561977964,-251.22231106826916,271.8145911298382,1627.3033100184693
201520,-51.222636458,-26.1643769507,-745.6246820954807,485.83367239763646,1676.3851729484365
312674,5.12306528503,44.1017003181,-383.7311744597889,199.7091063817696,1616.8230014500011
312312,5.12315206904,44.740027779,-524.9385075380452,257.06782523018757,1624.9051534211355
201638,-51.2521539935,-27.1018919303,-412.3613318376801,199.97421473682465,1616.8557688939343
201830,-51.2565227708,-30.0144463623,-341.74963345316564,210.98968758590374,1618.255090865956
201223,-51.2598350781,-17.3306618328,-245.12848298338213,277.14803614193704,1628.2026669869194
311820,5.12656859632,43.6153634929,-446.8832306602201,208.89938450358048,1617.9838823956068
201521,-51.2728000912,-26.3884857242,-417.6818316076638,200.75146678098184,1616.9520840954754
312830,5.13129124171,45.5360274388,-195.25504481322292,324.4719986088653,1636.9224076684934
201243,-51.3244444445,-18.7475,-204.96679631281387,314.81415001152345,1635.0354246601091
311344,5.13505087702,43.8607546572,-596.971440566539,322.8935270525823,1636.610253132505
201820,-51.3520524387,-29.8637937738,-355.72768816466174,205.77125917708983,1617.5829814724532
310307,5.13579814208,46.1444469332,-721.8103249256626,458.3905650774595,1668.6386070680549
200246,-51.3648759578,2.69792921737,-189.62788364214057,330.1498132222273,1638.057321956914
201818,-51.3810664841,-29.5894159511,-912.1187468119266,684.3808335864669,1744.3078903182466
201240,-51.3898573919,-17.8642473869,-216.81008269765638,303.30030225759504,1632.857606833962
312661,5.13918453836,44.0978991478,-301.05978881636884,233.325125562927,1621.3184465320012
201799,-51.3986111106,-28.5427777785,-283.94636952412475,245.38195185718595,1623.0974071642243
201414,-51.3998573917,-22.6642843761,-179.18060262309086,340.83828829764985,1640.2449907302437
201798,-51.3998573917,-29.0558893689,-103.19887173223947,423.0108041148498,1659.2682216097182
200244,-51.4219444435,2.95666666678,-179.22492939110393,340.7925535020279,1640.2354877786354
201800,-51.4223053256,-28.7394444438,-99.36819951341249,427.3130567407811,1660.3702416350202
201432,-51.4265835619,-24.3419444439,-174.97919233874146,345.18738552270327,1641.1542346683889
310710,5.14339903671,45.4973824746,-209.0780387020906,310.7829977782999,1634.2640430952558
201523,-51.4346924696,-25.4016637216,-313.4573477864975,225.50027007332076,1620.2108698095833
311810,5.14385068175,43.4811156688,-575.031321386705,301.42502639431797,1632.5103176956648
200250,-51.4390394829,0.709925552885,-293.03068635522027,238.81101473239082,1622.1170092208206
310127,5.14411946977,46.9969687147,-229.1668370146894,291.6310432896053,1630.7303750945982
201816,-51.4432974323,-29.9603338768,-359.21839381220303,204.68803301307895,1617.4455421140917
201802,-51.4479798887,-28.8652403872,-85.34862329794859,443.1584696775079,1664.5186451622874
201819,-51.451821575,-29.6990615102,-361.1041106447424,204.14058513971668,1617.3763536503095
200152,-51.4602777777,-8.32694444383,-324.97393383176154,218.9979765233829,1619.3186853017294
200245,-51.463370019,3.04358475197,-181.05694370295868,338.9051387916064,1639.8443779655872
200196,-51.4691666674,-16.3024999997,-140.8208516429316,381.4813998553136,1649.169775760384
201415,-51.4722222217,-23.5018412844,-380.52663226970964,200.09160473071162,1616.870291993052
310294,5.14747664605,46.0895352796,-628.786680252808,355.6101950805048,1643.378076308425
201434,-51.4770660271,-24.1022254231,-188.7270739525227,331.06403539812396,1638.2418278081159
310066,5.14800905709,47.5271511296,-326.0121639401832,218.4504731245802,1619.244731365317
310865,5.14887526917,43.9980006936,-541.3525727502847,270.75531265375974,1627.1267099326408
201639,-51.4968551897,-27.1717942141,-254.11462439953328,269.3241598392357,1626.8891769014556
201640,-51.5180555565,-27.3142234218,-271.7389280824291,254.7696103604849,1624.5431496913893
312523,5.15195665942,45.2320341147,-385.08352741764867,199.57240805808186,1616.8061222373224
201519,-51.5197222216,-26.1772222218,-474.78997050154555,222.26793225917098,1619.7641570786634
310843,5.15246271446,44.3696426163,-104.84160460669537,421.16961792974485,1658.7997883750384
312657,5.15269700148,44.051618004,-374.1274615203155,201.10020206149892,1616.9954180872503
201251,-51.5314719926,-19.1059755477,-208.77166186389917,311.0821810642818,1634.3209642605996
312829,5.15599932776,45.502314803,-213.5190147588445,306.46905355573915,1633.4491640799035
312632,5.15602773676,44.2396798196,-540.0699405549467,269.6526387361019,1626.943587351242
310073,5.15614201277,47.2900802389,-350.4547940956447,207.57667087803694,1617.8136373324323
310068,5.15618905777,47.6140518797,-741.7211740476008,481.31216512336016,1675.0803834866322
310075,5.15624943678,47.3609432198,-343.54596802512697,210.24226868176598,1618.157811335607
310578,5.15630279378,45.7153940697,-345.7976027196705,209.33680653301766,1618.0404164962715
201803,-51.5685131297,-29.0433708859,-86.27474942071512,442.1070965406369,1664.2390380163474
201801,-51.6019634344,-28.6772487816,-357.82282367993326,205.1102760535837,1617.4990312790799
201436,-51.6148127655,-23.6353978705,-257.9466384653484,266.066916366571,1626.3531273468259
201435,-51.6227777781,-24.0397918969,-345.25184783206856,209.5530450475436,1618.0684069391762
201355,-51.6270660275,-20.8665326284,-199.2071383896996,320.5196001910296,1636.1435465608151
200201,-51.6273140515,-15.568478398,-215.53316840410477,304.52685223611593,1633.0858809563024
201354,-51.6273884315,-20.7972511986,-206.83551000407954,312.97746290248847,1634.6827775231698
201524,-51.6479055092,-25.4640346978,-229.83882315074678,291.0073275266936,1630.618948595966
201525,-51.6586111111,-25.7022222225,-351.5717593930758,207.17744585006776,1617.7624624508207
310126,5.1662293556,47.07374901,-220.75343528578614,299.53628431492587,1632.1626378725794
201433,-51.6682217649,-24.2607025912,-232.14586490821353,288.8749729509644,1630.2397494980319
310706,5.16774852373,45.4893073969,-455.3115959379594,212.4020576074232,1618.4398428492339
311345,5.16871945381,43.8604856452,-565.3495307849882,292.2960533049361,1630.8494331555037
200216,-51.6976723603,-14.0854138963,-198.41932222604572,321.305090912267,1636.2976050499265
201633,-51.7136111107,-27.5011111113,-257.0087396488675,266.85959772600546,1626.4829958362523
200215,-51.7207620712,-14.5984202737,-190.93382263891488,328.82699432637804,1637.791220834849
310074,5.17292473116,47.2811320382,-356.22722853174196,205.61072393462584,1617.5625677675985
201634,-51.7511570258,-27.8772658514,-217.64924005701658,302.49627597857517,1632.7084515696279
312832,5.17663945146,45.4606291766,-575.5947257426609,301.9632021216825,1632.609771587064
200153,-51.7687921072,-6.74347122881,-188.05300995901743,331.7490721865409,1638.3804008052027
201431,-51.7770498619,-24.7722657335,-337.8957563447702,212.66705330023876,1618.4746418790107
310191,5.1782621896,46.8515491107,-240.19840133725688,281.544927679849,1628.9568555208075
311819,5.18096415882,43.6350858325,-395.5795472138274,199.01357246695807,1616.7372368050555
200197,-51.8186171363,-16.4305555563,-314.4097351073208,224.933555716999,1620.1320919398756
200199,-51.827015707,-15.7353219368,-316.7361682289533,223.5707369686874,1619.943445085262
201805,-51.8310516084,-28.8503311199,-241.33847718820545,280.5218372119986,1628.780338780764
201416,-51.8395809021,-23.3264918129,-237.5882011267115,283.9012544628984,1629.365770209867
311142,5.18408272308,45.0849804685,-165.85832552166977,354.72200745264763,1643.1861104017469
201810,-51.8517423341,-29.2341666667,-255.7746583005527,267.9071099558269,1626.6551910011133
200198,-51.8527777782,-15.8897222216,-192.48387712401146,327.2608901542458,1637.4775055158877
310192,5.18537587719,46.8860598485,-236.80673592964592,284.6104393901676,1629.4894884766363
310125,5.18545542419,47.1350073121,-457.42806044041913,213.3570827120976,1618.5654560719508
201804,-51.8557887064,-28.6179772407,-842.887694334635,600.7399069509761,1713.219579227792
310579,5.18590000023,45.7696000001,-376.196263419538,200.73864426355766,1616.950492175551
201636,-51.8600595028,-27.5602777782,-378.5703013441322,200.3654566809432,1616.9042046692034
201641,-51.8611111109,-27.4439482076,-231.55811732868216,289.4168883099815,1630.3358629696577
201806,-51.8691964185,-29.1681412012,-241.25662827295972,280.5951624409561,1628.792969051393
201814,-51.8761111111,-29.8069444441,-342.10367891440376,210.84062998002386,1618.235663337191
201903,-51.8815769566,3.80229486575,-291.65052036198153,239.78511480672847,1622.2607041190577
201635,-51.8849999998,-27.7058333332,-246.12901903584583,276.2645134966707,1628.0525090621422
312656,5.18944564552,44.0563039884,-359.95739164301847,204.4703198744317,1617.4180048940775
310313,5.18968850754,46.1519694868,-736.5807104424116,475.3712462293591,1673.3830143119176
310076,5.1903895546,47.3687891715,-321.238359253917,221.0218567875705,1619.5936379301477
201642,-51.9044444444,-27.461111111,-219.6148510196254,300.6193482729955,1632.3617501650992
201808,-51.9149392093,-29.1185952031,-87.86174924306053,440.3069535423559,1663.7617329965658
201809,-51.9219370059,-29.1855100927,-93.85307721216057,433.5281648649425,1661.9806137789785
201250,-51.9269741963,-18.9803680363,-209.64491586897782,310.22995847683825,1634.1589634985105
200243,-51.9308333326,3.72166666708,-272.8953808612032,253.8545133438047,1624.399890664551
310298,5.19370659887,46.1196688191,-727.7699078939955,465.22539415205966,1670.5291252204868
310280,5.19393106489,46.2561928494,-653.2763751334328,381.80235539104814,1649.2440478680342
201812,-51.947718275,-29.4145440786,-229.47988580420966,291.3403361848597,1630.6784116846252
201437,-51.947954272,-24.0145086198,-208.69147554507913,311.1605176118802,1634.335876913457
201807,-51.9516294784,-28.9106628319,-105.30167933836236,420.6543759396573,1658.6690431919105
201828,-51.9556907247,-29.9187369743,-344.61465016429054,209.80813453058667,1618.1014628759192
201526,-51.9642274574,-25.6390897252,-417.6287828674758,200.7426077228803,1616.9509842296911
201813,-51.9691666668,-29.6947222218,-349.9211688744159,207.770551901719,1617.8385250337963
310067,5.1975946132,47.5147738235,-303.60941774107914,231.64995824561282,1621.0782195813933
310705,5.19771524021,45.489780601,-456.0972442810365,212.75310177349257,1618.485950868968
312828,5.19773225821,45.5103657367,-200.0625420086095,319.66808718959584,1635.9769487414671
200151,-51.9897058045,-6.73568278517,-244.83138472375163,277.41096910304367,1628.2474433035893
200249,-52.0145178156,0.900707145671,-148.0397823460201,373.68459788685965,1647.3837044064292
311818,5.20166540653,43.6271357979,-387.73364152188947,199.3472356117903,1616.778343246856
311997,5.20210312257,47.5731374014,-759.2821405929385,501.7187570450697,1681.057584384555
201651,-52.0269311476,-26.772622236,-475.8761270572215,222.88616694043253,1619.8491084849181
201649,-52.03235145,-26.6809966764,-594.0841711179492,320.0117877619641,1636.0441421772807
200154,-52.0518071266,-6.60180708509,-308.87431957944744,228.29746724125437,1620.6025497927483
201833,-52.0527777777,-31.0099999996,-322.1763354996534,220.5058104255698,1619.5232950709362
311343,5.20673905395,43.8564915738,-282.58199726026714,246.40043373800657,1623.2516947757251
200162,-52.0774468128,-0.452371768284,-201.1840597253428,318.553843208629,1635.7595917092992
201417,-52.0780555558,-22.856944444,-245.31006193049922,276.9874687076104,1628.17534334206
201246,-52.0931907251,-18.5135713377,-181.28627159252355,338.66926254931917,1639.7956458783776
311988,5.2096772822,43.4105024729,-399.967293813281,199.04465227398248,1616.741062893145
310069,5.21023742024,47.5642354826,-332.4813287494767,215.18995253225452,1618.8080820519829
310123,5.21072329928,47.1520551095,-347.62025583642446,208.62972385067843,1617.9490883584674
200150,-52.1144444438,-10.0472222222,-511.79259112090415,246.83078797502785,1623.3170758475862
201440,-52.1188888892,-23.6763888888,-289.5893366298402,241.25629005646005,1622.4788098270471
310658,5.21302726647,45.8146789999,-218.01522075551782,302.14612586069444,1632.6436145768655
312447,5.21423617057,44.2150257185,-100.16435443875388,426.41788746730685,1660.1400861367292
310077,5.21442169459,47.2809980742,-530.3501416802706,261.475805003114,1625.60834380487
201353,-52.1597222216,-20.0936111114,-215.10403906143398,304.9398871863009,1633.1629513441637
201901,-52.1814724074,-3.23099715319,-337.99266593608,212.62365349993718,1618.4689397308948
201644,-52.1825000005,-26.9524999999,-257.86480264792056,266.135962735769,1626.3644245701146
201811,-52.1854439867,-29.2107314558,-240.635789111162,281.15197839366243,1628.8889851063075
200149,-52.1855922407,-10.5547222222,-310.1509693317546,227.5067505457335,1620.4913490635684
310064,5.21868934594,47.2688452482,-531.5277824936998,262.4491090487296,1625.765181594949
201439,-52.188759869,-23.835008327,-310.3244870553981,227.39996057203012,1620.476359875128
310070,5.219407122,47.5150256516,-338.8921000360667,212.223839641652,1618.4164633858093
201249,-52.2099999997,-18.7733333332,-197.38394416898194,322.33923164044234,1636.500984142856
201352,-52.2194444435,-19.9649999998,-176.55082124367422,343.55724052901,1640.8121368291656
310575,5.22271618128,45.610235274,-608.7973233533439,334.85764335817584,1639.0126699209427
200195,-52.2277777782,-15.8898074856,-255.1980332689809,268.39830088518886,1626.7361613869787
310654,5.22319536431,45.9231697808,-599.9786527325373,325.9118158005019,1637.2084175584873
311835,5.22324747432,43.4146488443,-460.6440668994221,214.8646034211999,1618.7648651516176
310194,5.22334702333,46.7936071739,-322.27315618653506,220.45284085841783,1619.5160838622542
201458,-52.2354798888,-24.7723792545,-150.84250159655204,370.67452556494163,1646.703523634045
311834,5.22368418836,43.4063393646,-350.2646151304686,207.64553494991242,1617.822474510297
201527,-52.2642423342,-25.7309888568,-158.41870475197226,362.58789485326355,1644.902085943144
310271,5.22709192164,46.5939776403,-363.1100390835346,203.58759255660334,1617.3066495531943
312077,5.23068123793,45.8326014794,-232.27478255303217,288.7562306396858,1630.2187128048877
312839,5.23094185196,45.7226443113,-552.136952468484,280.2301226931437,1628.7301226755153
311350,5.23120502998,43.8652654796,-364.57663184284297,203.20257352965083,1617.2582282168357
312684,5.23158810201,45.9148855062,-600.3819587916682,326.3178885566688,1637.2893010210712
310263,5.23180780103,46.2852690038,-597.1579323017758,323.08021081385306,1636.6470949674854
201652,-52.3272222224,-26.7552777776,-209.5323455266584,310.3397262293785,1634.179805444343
201650,-52.3308333327,-26.5561111111,-356.5920110521462,205.4946551986812,1617.5478181992676
200191,-52.3322222218,-16.7186111112,-186.79900523025933,333.02560465042086,1638.639357576512
310145,5.23483057128,47.1278069885,-349.22023145914784,208.0283071903981,1617.8716473931077
310268,5.23525974331,46.4303924648,-216.2701993488377,303.8184378677168,1632.9539289380962
312840,5.23528965332,45.7394100756,-548.0387057275295,276.58776057594827,1628.1073920802658
200214,-52.3566340479,-14.6724999999,-196.20236493846136,323.52189939023657,1636.7343432063285
201645,-52.3688949139,-26.9684374732,-116.43533871808779,408.24277427742004,1655.564874475087
201795,-52.3730183662,-29.9974765439,-346.77911013528933,208.95314542921633,1617.9908243963403
312060,5.23913399263,43.8566824019,-285.9043120166594,243.93448686728297,1622.8792082990005
310270,5.23961905967,46.444142842,-341.10304998185325,211.2641093441933,1618.2908931162472
201438,-52.4163888888,-24.065277778,-366.7458925595246,202.66317795378947,1617.190543672673
311831,5.24362930401,43.423350776,-457.9766169764731,213.60944185820122,1618.5987410402115
201653,-52.4501505936,-26.7520279803,-209.31696396500212,310.5498211422265,1634.2197166407748
201441,-52.4563989031,-23.606022573,-422.13606128340257,201.57438211285086,1617.054458690295
201794,-52.4599045954,-29.6978364661,-353.1922397257791,206.61422387116403,1617.6904303209155
201839,-52.4619444436,-31.5730555562,-224.31287911358385,296.1704646811996,1631.5482937980914
201838,-52.4747073466,-31.7102243616,-359.76905605197726,204.52541713028305,1617.4249710877787
310266,5.24792621636,46.4268134415,-347.01013862986383,208.86381952603008,1617.9792909530663
201646,-52.5187862543,-27.1642875004,-261.9311279733755,262.73298732032987,1625.8110325226144
311829,5.25259424575,43.4184938156,-455.4503197559103,212.46374334371495,1618.4479395648193
310124,5.25261225675,47.1108840541,-260.16849143649307,264.20104975932185,1626.0489185568538
201245,-52.5325000004,-18.4066666668,-189.48470013683104,330.29503252824225,1638.0865970267926
201528,-52.5461111105,-25.8558333332,-460.16972602590045,214.6380258055795,1618.7348062507651
201900,-52.5468331576,-1.55201002127,-193.10896935873816,326.63056282044636,1637.3516468414437
200192,-52.5474939747,-16.2004120183,-304.04342765622175,231.36811553507002,1621.037968627581
201351,-52.5655555561,-19.4441666667,-169.76657062084712,350.62129163873107,1642.3057513740846
200161,-52.5691666674,-0.572413626216,-276.08291999762315,251.35947020777138,1624.0118454337446
200160,-52.5812704654,-0.551495812485,-574.3912633450138,300.8145293006905,1632.397706407474
201456,-52.5978149668,-24.9464066289,-135.8883990583637,386.8434590536092,1650.4183568594199
201242,-52.6013888891,-17.5794444444,-189.14535710919066,330.6393456357497,1638.1560571961459
310251,5.26015910937,46.673939354,-224.956582347466,295.5650776766115,1631.4385081847147
312838,5.26032885439,45.7144501056,-548.2299102506067,276.7565817513049,1628.1360804271405
201529,-52.6183779605,-25.6335918858,-158.2303074987258,362.78807182850073,1644.9462228009238
201442,-52.6188057846,-23.4307563675,-198.40743786337907,321.3169493816324,1636.299933632555
201444,-52.6227777779,-23.2766666668,-228.3142333322972,292.4240777416819,1630.8723837532657
310045,5.26337232764,47.7516066711,-361.1158641755791,204.1372565687122,1617.3759335310347
201533,-52.6352606509,-26.0310770957,-137.3144066951207,385.2904361826892,1650.0550327367366
201837,-52.6517160263,-31.8975668051,-344.36597057132684,209.90845200611793,1618.1144734132965
312283,5.26542978881,46.9613670517,-336.2002137189933,213.4364542466835,1618.5759206312757
201443,-52.6644444443,-23.3230555556,-228.0206248179408,292.69760382276985,1630.9214506313835
201530,-52.6733333331,-25.8138888887,-193.3261695391232,326.41171131460146,1637.3080028294348
111608,-52.6810993307,47.5846419963,-485.25245239888994,228.50047871867272,1620.6311608816634
312422,5.26831286205,46.1854452125,-636.9207742592868,364.2236685158247,1645.2634353054564
311815,5.2688872341,43.6227992205,-394.3889858817611,199.03208959240112,1616.7395162899627
111607,-52.6898994844,47.5847640193,-386.89373963459184,199.41246949342016,1616.7863878185794
111609,-52.7007942783,47.5778098528,-465.74234313986017,217.39054774952658,1619.1020786524932
201459,-52.7019221314,-24.7435320501,-302.9727581618197,232.065153043239,1621.137602457906
111676,-52.7064242698,47.5771708327,-369.92484669004,201.93812291100014,1617.0998411758017
111640,-52.7143942835,47.5522098486,-372.88534185866604,201.3334692577212,1617.024445297391
201647,-52.7186437298,-27.388390474,-229.46488810614431,291.35425775054057,1630.6808989975182
111680,-52.7191942849,47.5481098473,-342.50457632593,210.67288005150985,1618.213815673066
111655,-52.7271621585,47.5814721041,-506.78602953060613,243.120695189186,1622.7570869588765
310265,5.27293477143,46.3556526216,-344.7917745157777,209.73694363911878,1618.0922335803557
311991,5.27295340043,47.4727637201,-436.1013232199815,205.14814669183954,1617.503833979098
311975,5.27306333644,46.3553701906,-227.75654458116082,292.94380919313784,1630.965654509797
310789,5.27326110146,44.6690946221,-78.20218128658438,451.29224865847306,1666.702608309355
201655,-52.7348392722,-26.8142269495,-126.04027925973398,397.6286824154976,1652.9795703291286
111605,-52.7436148209,47.5308843879,-272.79987376555096,253.92989042379745,1624.4116719897784
111652,-52.7516724235,47.5602142393,-503.50329641041156,240.74829767022027,1622.4033511051111
200194,-52.7520676466,-15.71398895,-309.3003486223076,228.03261958418068,1620.5652613950506
111637,-52.7524543786,47.5229147822,-289.7999283365644,241.1050859550382,1622.4563332550347
111636,-52.7557638609,47.5269902175,-389.88056780501256,199.2063897516584,1616.7609831276468
201654,-52.7564287169,-26.7636500123,-172.93758895628426,347.31073206342387,1641.602155046227
111674,-52.7608980173,47.5269633155,-385.2230044092853,199.55914624676453,1616.804485303255
201793,-52.7643105616,-29.673084259,-332.51079044696627,215.17570916722048,1618.8061887272368
201457,-52.7644890716,-24.8644197361,-149.576887854152,372.03256550444934,1647.009751228513
312495,5.27678118775,44.2764710356,-118.32134180979882,406.1515536988504,1655.0504449768218
312623,5.27724382779,44.2105137221,-99.60658264785457,427.04497227122516,1660.301267598178
201445,-52.7729650133,-23.2641238837,-212.73108370534626,307.2312999697209,1633.5923489436004
111632,-52.7730902883,47.5230981992,-505.3922127252175,242.10745528574364,1622.6055930973873
310080,5.2774256748,47.1979132333,-323.38139047555745,219.85053463192992,1619.4342062658582
310269,5.27755667381,46.4357997503,-339.9323124923126,211.76820103588815,1618.3567782834418
311833,5.27763395782,43.4060189626,-348.8876022545014,208.15184699045142,1617.887536960317
111610,-52.7770822906,47.4396922803,-326.1767238472529,218.3642996352634,1619.2331080487406
111606,-52.7773710527,47.5227145612,-383.0787848614418,199.78030498233912,1616.8317974065274
201460,-52.793813222,-24.5979535641,-200.2392835840463,319.49232772926445,1635.9426146182052
201534,-52.8018874897,-26.0528680525,-180.10280786433873,339.8874453623661,1640.0476719781473
311141,5.28062433007,45.0612789705,-389.1013264658149,199.25320241269148,1616.7667517356047
111601,-52.8068188301,47.5228281942,-383.1732396641802,199.76978516378114,1616.8304975817252
310262,5.28123893312,46.3156874613,-319.5558258609642,221.9605733193121,1619.7220091590482
201836,-52.8143700647,-31.860137426,-340.22377627676684,211.6418379544001,1618.340248037693
111600,-52.8307857251,47.5305060458,-381.0516086662217,200.02331315619338,1616.8618421658564
201536,-52.8519811298,-25.9188132354,-166.4296130093237,354.1212011009234,1643.0565163484625
310267,5.28569842849,46.5182220311,-341.47199223933933,211.1071753752874,1618.2704132316444
201370,-52.8636867778,-21.6606113571,-303.723811953251,231.57557729907884,1621.0675923129754
201648,-52.8669058011,-27.1729711612,-265.1012371832263,260.1203732536999,1625.3908758903592
111613,-52.8813943413,47.5893696797,-150.82764473780878,370.6904557746518,1646.7071096125153
310655,5.28914444177,45.9566196186,-528.2318598834846,259.7376029079043,1625.329662933132
310087,5.2895477838,47.2115367314,-421.52984387228264,201.4532297217719,1617.039360872616
201657,-52.8972393486,-26.8560218529,-417.45065875468424,200.71302410036614,1616.9473117233906
310041,5.28977394182,47.7512365941,-359.49044601284436,204.60741033396087,1617.435341276292
311992,5.28992400084,47.2684475342,-600.0191835344269,325.9526110786392,1637.2165389816241
201656,-52.901783717,-26.735840678,-277.40322761452114,250.33791904357494,1623.8540465685494
201531,-52.902139118,-25.466407749,-456.919861782653,213.12505836732825,1618.5348872823417
201358,-52.902304039,-20.4437544734,-183.43342181288995,336.4650276907103,1639.3418208857165
201658,-52.9058731613,-26.9333333333,-265.71916982850536,259.615330122737,1625.3101274774372
201461,-52.9296329683,-24.6145807445,-196.0028086815953,323.7219006208555,1636.7738878011112
201537,-52.9327777775,-25.7738888894,-166.97592249310617,353.5471031169115,1642.9328790210345
310250,5.29387279116,46.7526756525,-231.71890521008692,289.26854778202824,1630.309536125551
201660,-52.9547456323,-27.0309381264,-291.5448734013587,239.86004436298896,1622.2717810921206
111612,-52.9691090435,46.843650264,-325.8328103579704,218.54458272382067,1619.2574302697872
201659,-53.0061212446,-26.9266666668,-279.2774002326528,248.9000574903097,1623.6330033183806
201789,-53.0099789739,-30.0086111108,-342.4367571792827,210.70118082683325,1618.2175003527207
201350,-53.0183333326,-19.0558333325,-175.7015777899729,344.4376232810435,1640.9966993194957
111682,-53.0185386406,47.4977491611,-171.06729999208196,349.261493892968,1642.0159810313457
310088,5.30224952486,47.1802147809,-321.8508774417947,220.68427483232324,1619.5476035005127
201662,-53.0271754023,-27.8135412572,-206.16330189183327,313.6373180247635,1634.8092421147344
201532,-53.0310754587,-25.5356733617,-269.4313872710452,256.61096508795737,1624.8329385661034
201446,-53.0314112027,-23.2145719266,-239.76954453045067,281.93074518514675,1629.023583600507
201832,-53.0450876338,-30.9767738749,-293.90390564650295,238.19932413561406,1622.0270678581937
201663,-53.0501505942,-27.7939736565,-178.7680382479619,341.2641097655842,1640.3335281155726
201369,-53.0511111113,-21.6104438139,-180.41461090010785,339.5662726068461,1639.9811414580636
200213,-53.0552777777,-15.2486111105,-183.2661759381995,336.63644389771935,1639.3770116132798
310050,5.30562625614,47.4367432411,-314.9700636336829,224.60251420809365,1620.0861644476142
311342,5.30679886823,43.8646290675,-666.2513712521128,395.96880388366856,1652.581067450262
310261,5.30685734724,46.2768651751,-334.0104542629646,214.45807770221955,1618.710955648882
201535,-53.0738888892,-26.0816666669,-326.7439883281709,218.06852223752117,1619.1932470328677
200146,-53.0761111114,-13.5691666666,-211.46929857072274,308.4548022885082,1633.8228961245547
201462,-53.0978608822,-24.6350108172,-185.60926233338728,334.2392392000429,1638.8864389783112
312434,5.31011968551,46.0690867869,-604.2171034104531,330.1941484619101,1638.066258282757
201538,-53.1016299805,-25.3934785129,-163.6534162306582,357.045211570373,1643.6891962750492
201465,-53.1354798893,-23.9178465358,-219.34591577053394,300.8756164348832,1632.4089645095241
200190,-53.1395724256,-17.164238963,-142.41675961953135,379.7524380690096,1648.7706951135876
311987,5.31470113989,43.5190180019,-661.2546039640282,390.49159845199443,1651.2772569461433
111593,-53.156017436,47.810476692,-266.47203706369976,259.0018907546786,1625.2122539103882
201464,-53.156088741,-24.4019811169,-173.21086929860866,347.02613840588504,1641.541967658118
200189,-53.1642499787,-17.2187383735,-192.74180433728026,327.0007161624197,1637.4255278383566
201463,-53.1727988044,-24.5182323475,-147.38451998709434,374.38973596056144,1647.5437976693074
201539,-53.1772222218,-25.4397222217,-429.0054774658073,203.1464443617322,1617.2511767510946
201418,-53.1814768561,-22.7060433146,-182.40704388657778,337.5177364657207,1639.5582067358662
201540,-53.2141666668,-25.6394444443,-191.4258659574384,328.32938498294635,1637.6913860337863
200188,-53.2186050862,-17.3018017454,-299.94029959440417,234.07104203071245,1621.42595993876
310258,5.32295877157,46.5317041012,-506.6869460278678,243.04837927513807,1622.7462541981902
310790,5.3233652616,44.7683446213,-361.9392616778821,203.9066609007891,1617.3468450538662
312435,5.32363919363,46.0686530869,-607.1935010572963,333.22051703358017,1638.6789813194382
201661,-53.265277778,-27.1854296742,-274.1855489227697,252.8397822659415,1624.2416219092142
311976,5.32653130586,46.3391946223,-303.7322572327196,231.57008871441175,1621.0668082572001
201835,-53.2688888893,-31.8644444443,-308.3169856968027,228.64541533981577,1620.6516025358142
310043,5.3269320319,47.7221013397,-309.5627862523031,227.86995826647367,1620.5423810336924
310651,5.32715341492,46.0477297432,-596.859018490198,322.7810211384802,1636.5880600973433
311139,5.32716107392,45.1319555974,-380.6107385033648,200.08051566101093,1616.8689197313308
201362,-53.2822222224,-20.9762594864,-188.32911444257502,331.4683765799026,1638.3235869383377
201667,-53.2850436777,-26.6813888895,-265.30531835553643,259.9534215868233,1625.3641660380858
201665,-53.2897292141,-27.014134608,-267.72355496453514,257.9867740690675,1625.0507888803197
111595,-53.2898995721,47.5061288038,-170.38660426234566,349.97278620592397,1642.1674220160144
201447,-53.2978608817,-23.6975707826,-201.09075619336917,318.64644704211094,1635.7776282424657
201448,-53.3041666673,-23.1980555563,-235.7776905968433,285.54688776954265,1629.6533115852762
201541,-53.3060962364,-25.7854733874,-348.44468455964875,208.31756639119956,1617.9088661952308
312433,5.33130000026,46.0693999999,-576.2209831589568,302.56228174359273,1632.7206819232354
311136,5.33145718327,45.1265504879,-300.4406239280851,233.7368993695625,1621.377756407458
201664,-53.3146956701,-27.2773174918,-284.4634493580363,244.99806078305028,1623.03941438076
201466,-53.3229414118,-24.1331864296,-220.30888299305687,299.95879372651365,1632.2402301070301
111594,-53.3234728789,47.8480609071,-282.78297212332404,246.24990694569019,1623.228852477908
201467,-53.3272086352,-24.2058860787,-190.30421273559807,329.4643614479637,1637.9193070204344
201781,-53.3386447261,-29.6270016222,-201.06099574402023,318.6759879343926,1635.7833830100935
201782,-53.3689037636,-29.805787564,-364.58807338911987,203.1996341704457,1617.257858899745
201834,-53.3765774123,-32.5727690009,-373.60498727302524,201.19684516654902,1617.0074401037734
111713,-53.385645245,47.1893340906,-215.02314853446245,305.0177905211511,1633.1774990430129
111711,-53.3898769224,46.7603665231,-283.7321371142649,245.5413420340187,1623.1215116231604
310044,5.33932692492,47.6274352079,-312.46133581363983,226.09835565534186,1620.2942193552487
111712,-53.397460616,47.181423007,-167.8541564403873,352.6251034563823,1642.734718216429
311348,5.33989005097,43.8814354829,-550.4484450134776,278.7234185768771,1628.4715640468416
310259,5.33999270998,46.2558495524,-469.95942492669565,219.60245644672307,1619.4005464132154
201786,-53.4155555565,-29.9228520107,-211.82854482647403,308.10610045379303,1633.7570994437417
201666,-53.4312250188,-26.5808961132,-157.96729147844593,363.06761269767117,1645.0078973172047
310860,5.34342085826,43.810184319,-122.64049596977199,401.37531004219903,1653.884829834731
312432,5.34363879628,46.0812365039,-445.12254175462476,208.22982502520742,1617.8975711941762
310089,5.3439326453,47.1402343655,-320.6422781304447,221.35251392791838,1619.6387949997352
201469,-53.4397222225,-24.0605555556,-197.75478756410416,321.96859503970484,1636.4280207322981
201543,-53.4647222215,-25.031411304,-222.51740505415682,297.86443606106275,1631.8566460066156
310858,5.34764587161,43.7481908969,-360.8239917269535,204.22022140879557,1617.386407040149
310569,5.34779531462,45.8815082204,-305.2550187790381,230.58647775215462,1620.9265913569714
311809,5.34845519468,43.5057098248,-375.6542523838353,200.83010479596808,1616.9618492216646
201831,-53.4886111105,-30.9611111106,-286.3323024508943,243.6203225660501,1622.8320160796595
201544,-53.5105345303,-25.4346094893,-185.03099474667957,334.8299966016414,1639.0070217879609
201542,-53.5155555558,-25.769444444,-342.28970352621354,210.76265400959602,1618.2255056608005
310051,5.35240583801,47.3478524937,-322.45309469320034,220.35454711952198,1619.502706784473
310861,5.35253406902,43.774113195,-191.4463205960328,328.30870841983807,1637.6872408583658
201427,-53.5313206601,-22.3824999998,-221.92900107542908,298.4212802906311,1631.9583791801447
200193,-53.5475000004,-16.0777777781,-190.79327126069663,328.96921570222645,1637.8197812109008
200144,-53.5564255751,-3.67253214172,-170.25049840022984,350.1150929784785,1642.197755806929
310841,5.35608759231,44.414195643,-103.40517780203264,422.77944902633493,1659.2092554482078
201788,-53.5630555557,-30.1933333331,-342.49543748425356,210.67669183513354,1618.214311927991
111588,-53.5691945872,47.2267097977,-320.9438560467646,221.18496060048415,1619.6159043556663
201357,-53.5734225875,-19.3766737701,-199.70338866888326,320.0254331411193,1636.046811281128
310864,5.36045156767,44.0600786787,-132.35962781955135,390.6961435243229,1651.3256394214811
201367,-53.6103472936,-21.5725549798,-232.79255654649432,288.2797693825824,1630.1343859575688
201545,-53.6113888887,-25.7700000001,-155.53980458153285,365.6519519176036,1645.580214023959
201368,-53.6194444443,-21.4108333334,-212.43410125690707,307.5189574317076,1633.6464733919238
201546,-53.6316666674,-25.4747222216,-202.3943363718502,317.3542091508573,1635.52639382914
201668,-53.6435104793,-27.3315673413,-394.764879367665,199.02500074504482,1616.7386436179322
311336,5.36509480506,43.7101745877,-279.3805720259656,248.82132517559202,1623.6209356583583
201669,-53.651388889,-26.7799180886,-256.4560799824426,267.32807573901135,1626.5599254021686
310863,5.36536390908,44.0687707614,-129.92749939222938,393.35932203263127,1651.9577618922215
311341,5.36832646832,43.8816211199,-677.5382770817967,408.4340412294323,1655.612049026278
311814,5.36839498533,43.5813105221,-507.9057709085973,243.94096479031407,1622.8801820063043
310042,5.36853546134,47.4313749546,-306.458082526562,229.817919766127,1620.8174379280397
311825,5.36862408335,43.4022817843,-378.89215544892227,200.31830754082628,1616.8983626629122
201670,-53.7058333335,-26.9310386701,-120.41407356792875,403.83508756145267,1654.4835051434486
201787,-53.7147594112,-30.4352777781,-326.55030548726415,218.169287644654,1619.2068209210834
201361,-53.7187077196,-20.4409733531,-203.21172475122745,316.5456650746922,1635.3696979348629
310572,5.3729015257,45.5646082902,-270.80201876230683,255.51477961008897,1624.6601778357153
201671,-53.7310744246,-27.8181355205,-331.76961122380544,215.53572559315722,1618.8540823227254
310047,5.37331966874,47.4644026794,-300.4716761599311,233.7162023455949,1621.3747728655558
201470,-53.735833333,-24.1661111114,-191.28700524607166,328.4697722613781,1637.7195370805791
201548,-53.748325895,-25.6813756527,-415.22246845554866,200.36420094270616,1616.90404905962
201472,-53.7498573921,-23.9691611741,-320.29912458932967,221.54381861612964,1619.6649512825184
201547,-53.7669518826,-25.551681771,-294.45128323474285,237.8177243688384,1621.9710727599177
201426,-53.7692112937,-21.9559897945,-232.88750975155736,288.19246998208206,1630.118949831686
310052,5.37715656205,47.3233292997,-232.27325238727275,288.7576397722325,1630.2189624013135
312431,5.3777553151,46.1012775846,-443.25539434305875,207.54378188166095,1617.8094177756934
201681,-53.7799999996,-28.2847676431,-219.05348014151124,301.1544708571668,1632.4603842553868
310062,5.38165869243,47.193937586,-230.30768398403194,290.57283988255637,1630.5414640920355
312686,5.38171026543,46.0442098759,-627.1782960816829,353.91795595229706,1643.0127237460572
310053,5.38217812247,47.3107945777,-626.4728625784235,353.1769184036651,1642.853257761963
201550,-53.8392720845,-25.7475317872,-380.3700703372667,200.11239722834517,1616.8728652465104
111590,-53.8398396026,47.2731098055,-131.0867967860179,392.0891091406602,1651.655763272935
201549,-53.8437314049,-25.5558414394,-304.41118324632214,231.13005919272206,1621.004008356678
311135,5.3850094937,45.2437312116,-513.8122694305141,248.35792273138975,1623.5499834096381
311977,5.38538174873,46.1946292493,-557.1404981903842,284.74309143220233,1629.5126630266957
311813,5.38543838274,43.5726187194,-563.8057206907985,290.8620281129946,1630.5930241001247
201683,-53.8728448663,-28.3772222218,-207.64243482094776,312.1866124951057,1634.5315450816952
201672,-53.881261705,-27.3895516821,-151.9287770389186,369.5105244227376,1646.4418964862234
310859,5.38951063408,43.8265916034,-194.30023409381116,325.43131086782057,1637.112833294985
312266,5.38997345311,46.9777687571,-639.146152519045,366.5957294804618,1645.7901809523887
111529,-53.9268639658,48.4852926818,-194.64456730548235,325.08515839786077,1637.0440589845307
311140,5.39313856138,45.0652388849,-71.90220722897081,458.4921643246711,1668.6665201870344
201366,-53.9523276399,-21.2064301675,-218.87095980409327,301.3286161947565,1632.4925193653514
201425,-53.9608333326,-21.8441370852,-226.86830535973237,293.77322562542696,1631.1148331556406
201955,-53.9686666672,-25.6013333331,-240.054597188374,281.6742412596365,1628.979210743703
201684,-53.9736946167,-28.4547338182,-218.8149497766226,301.3820718102341,1632.5023871512758
111531,-53.9766947249,48.6100100232,-263.00840293809586,261.84113192214926,1625.6671458857306
201784,-53.9852777776,-30.2313888892,-299.26497221951894,234.52404001297052,1621.4914172421604
111552,-53.9854591616,48.5396028753,-420.5794518754917,201.26908379951513,1617.0164300153174
201471,-53.989444444,-24.0747222218,-218.9863558326354,301.2185060834322,1632.4721986156826
200145,-53.9986111107,-14.6111111108,-306.31322210299385,229.91005908934787,1620.8305050548786
200158,-54.0008333329,-4.53943053645,-312.38748946749575,226.14291810234187,1620.3004382687268
312367,5.40160000008,45.9190999995,-535.362598263639,265.6522594519023,1626.2853420595927
312430,5.40178468109,46.202709048,-457.3052755922233,213.3008677212084,1618.5580468480596
201428,-54.0228608817,-22.5475425344,-195.86841753094035,323.85663376147744,1636.8005407126739
312068,5.40228611113,47.5773458007,-310.96911761156645,227.0046647025442,1620.4209356345345
201685,-54.0316666675,-28.3836111113,-207.3146453147082,312.5077077257481,1634.5929029070164
111534,-54.0396482871,48.6395867496,-315.6142867975949,224.22409894302638,1620.033745757414
312107,5.40497531536,46.9812838184,-621.1170315263682,347.57467316016266,1641.6580168440626
201697,-54.0563206605,-29.430926896,-413.1250339715273,200.07191926524655,1616.8678559871444
311837,5.40647469848,43.2732512626,-431.6237946142871,203.84090168129185,1617.3385557897975
310649,5.4067000005,46.0926999999,-106.30080156001202,419.5360770106702,1658.385784659133
201475,-54.0685205685,-24.4312276753,-396.84941337721625,199.00650033094365,1616.7363662700097
200155,-54.0723595398,-6.20174645199,-466.15662695120466,217.60299315229852,1619.1306165577948
201477,-54.0812909076,-25.2894071813,-206.4150938851963,313.39004308188174,1634.7618205563917
312307,5.4103043748,46.3488634561,-503.9442389843248,241.06412163750701,1622.4502462592955
310573,5.41064342582,45.502531634,-388.0225951682369,199.32610975209366,1616.775738584325
201705,-54.110659686,-29.660267088,-469.2928975834143,219.24562232686924,1619.3521957114463
201673,-54.134444444,-27.3030555559,-468.5157492849647,218.83297185665722,1619.2963781894907
201588,-54.1511111113,-17.2077777776,-365.26339454703947,203.02791217604843,1617.2362919402196
111551,-54.1728253021,48.3150355877,-182.4819644104133,337.4408344212645,1639.5423774885799
200212,-54.1773188305,-15.314145529,-216.2055975585138,303.8804819556149,1632.9654736581426
201958,-54.1896471165,-27.2855231745,-283.2743316979552,245.8826162129749,1623.1731736945762
201452,-54.1944295689,-23.1389484264,-203.18591413870507,316.57117586231107,1635.374636049132
201920,-54.1973568812,-27.2811879251,-343.22541439593385,210.3740231676697,1618.1749350641098
111539,-54.1982319992,48.3979422896,-312.9439086169307,225.80789181932255,1620.2537131122003
201364,-54.2033333327,-21.3038888885,-213.2593076088248,306.72014294802955,1633.4962922933264
111528,-54.2096416152,48.5067535666,-315.5061838088344,224.28743428475545,1620.0425130298352
201473,-54.2166666668,-24.0596906686,-217.57714737788075,302.5652868005634,1632.7212387981888
201476,-54.2186275249,-25.0848412984,-353.7071165852051,206.43925041617783,1617.6680917167091
311812,5.42232886079,43.5769617897,-569.7223985040572,296.39079671689507,1631.5883044519721
111526,-54.2249948135,48.8069100544,-173.26198546175306,346.9729188080305,1641.5307177242069
311807,5.42299312685,43.4811726048,-551.1587479968483,279.35622396271737,1628.5799921135877
201423,-54.23132066,-22.0686230398,-239.7044054957573,281.9893929653668,1629.0337346387155
201675,-54.232222222,-27.521944444,-184.59371609632655,335.2770984421035,1639.098417907156
200156,-54.2394650126,-5.69622025916,-310.219655257693,227.46445881907462,1620.4854121132469
201474,-54.2524540847,-24.0681350383,-224.35384630401376,296.13190558239694,1631.541294711797
201686,-54.268333333,-28.355277778,-314.57066861721603,224.83829537459593,1620.118869068853
311349,5.42695377117,43.8856921363,-455.96418429853406,212.6933588127857,1618.4780986250785
310568,5.42700818318,45.8444679473,-115.49902075527335,409.28221926155305,1655.8214957686857
111579,-54.2730395984,47.931365148,-155.7897293934861,365.3855193270705,1645.5210325547037
312428,5.4273072272,46.2479432957,-394.6332910960974,199.02735189960575,1616.738933053248
111577,-54.2732694434,47.9268949906,-155.87284684642475,365.2969300266102,1645.5013636982655
312264,5.42790593225,46.9937793124,-645.5438976288083,373.45056263154294,1647.3306327437126
201718,-54.2856027585,-31.5395073514,-372.9940829069509,201.31256429710584,1617.0218425827964
312427,5.43019505744,46.2819285665,-402.66728121657883,199.1414008718856,1616.7529769223256
200142,-54.3019678548,-2.81828117304,-186.83130404853924,332.9926912887449,1638.6326688119295
201580,-54.3021316798,-16.196944444,-165.81506429825043,354.7675230986667,1643.1959366708368
312306,5.43055682947,46.3555870026,-537.4592423906431,267.4248834290758,1626.5758387247242
201906,-54.3064247592,-27.3814793034,-340.9039830261392,211.34916852329263,1618.3019995913842
201783,-54.3103757575,-30.3599999999,-355.4111410447922,205.87393525582544,1617.596046008924
310255,5.43142965554,46.6273341631,-237.55999488787182,283.92682219243875,1629.3702253344027
201365,-54.3144890719,-21.4269444437,-335.00712672359043,213.9892010321065,1618.6489023269826
201687,-54.3319444443,-28.3891666668,-475.63265046024196,222.74698661918984,1619.829963574546
311811,5.43423330378,43.5767923177,-512.7285251520129,247.5363356211418,1623.4245064981394
201698,-54.3440835623,-29.5559864283,-293.8342376361338,238.24799449359315,1622.034215954215
312308,5.43546625388,46.3390663843,-500.5943237823041,238.68725553686406,1622.0987937859104
312429,5.43556754389,46.2443141324,-175.95881039532753,344.1708391033189,1640.9407232849903
312360,5.43559295689,45.0010973916,-181.6028858830619,338.3437498518965,1639.7284482223963
310249,5.43563804389,46.8489766994,-735.1752650604534,473.7496644853797,1672.923081150474
312305,5.4356999999,46.3775000004,-536.345740723332,266.48161523364513,1626.4210223996483
312303,5.43980000024,46.3856000001,-532.8380960751422,263.5378310653033,1625.9412902219408
201453,-54.401388889,-23.4269149812,-334.03920119821214,214.44446349881363,1618.7091520008403
200143,-54.4023424141,-1.77919195807,-499.0033680062364,237.57681875023013,1621.9357680418375
201424,-54.4218018357,-21.6395222953,-365.96784811129226,202.85249732540692,1617.214279715938
201551,-54.4267808111,-25.6829263339,-314.6097094738475,224.8152081333303,1620.1156652085115
312310,5.44372399256,46.3400411073,-276.762027639715,250.83314720094847,1623.9304660547255
201606,-54.4394059682,-19.8726508111,-206.5316763273326,313.2755966935626,1634.7398846084636
312311,5.4442419826,46.3304710105,-677.5966436800609,408.49882180903825,1655.6280313721911
201902,-54.4440870986,4.98619999971,-310.7047381496563,227.16651143097937,1620.4436166561632
312688,5.44446282862,45.7944704242,-112.67483521263796,412.4223930635705,1656.6004711898001
200147,-54.4479884679,-13.1408333331,-615.6809837480059,341.9332290651221,1640.4728659703233
201581,-54.4603224049,-16.6135418105,-231.03370350372293,289.9011783228705,1630.4219036921008
201676,-54.460833333,-27.6725000005,-199.14265573305488,320.58384732300226,1636.1561337508115
201689,-54.4665160734,-28.6482730422,-337.74484120130256,212.7347631996461,1618.4835403301436
201597,-54.4702777777,-18.1675,-202.96884617935135,316.7857754064545,1635.416191171487
312304,5.44719999985,46.3931999997,-513.2882151079166,247.96002144481886,1623.4891632163428
201552,-54.4805555556,-25.6277777783,-311.92326083702017,226.42374616634217,1620.339656884934
312425,5.44816752493,46.3149238533,-563.020298938665,290.1348322727969,1630.4634653201983
111515,-54.4885949063,49.2067101175,-159.76925968077987,361.15429452014234,1644.5866700470144
200148,-54.4891666673,-12.3682020592,-510.1088756110863,245.57093302520985,1623.1259883301905
201420,-54.4893044123,-21.9165335982,-231.82593727235724,289.16983945291213,1630.292025035763
312263,5.45009174909,46.9856865858,-641.2371872894538,368.83045404983943,1646.289401861227
201363,-54.5069444438,-20.9938888889,-338.80895587954797,212.2605719938643,1618.421280529006
312026,5.45120608618,47.8114832261,-385.3338171832735,199.54872152412227,1616.8031986323806
312426,5.45157315021,46.3104551229,-480.51257810940604,225.6011568733561,1620.224914272269
201553,-54.5183333327,-25.5691666675,-482.0754028918084,226.5435169036369,1620.3563978017473
310842,5.45193959424,44.4740090609,-98.92901052350211,427.80708838574947,1660.4974542946695
200157,-54.5224673811,-5.64970237031,-268.6781252279751,257.2164332190315,1624.9286705464663
312301,5.45229102927,46.4031521916,-528.2954305044243,259.7895303634925,1625.3379620658807
310182,5.45242675928,47.0401049463,-227.48134535953022,293.20056975270677,1631.0117917873242
201599,-54.5297222217,-18.72267804,-180.1647604255054,339.8236184956778,1640.0344455326178
312295,5.45312303234,46.4653792547,-354.5412676634186,206.15986945021947,1617.6324621550216
201455,-54.5394444445,-23.7347622477,-182.85492403721457,337.0581498250922,1639.4636583985325
312333,5.45539999953,45.7808000001,-318.2869200032827,222.67948520962418,1619.820682661883
312309,5.45543646753,46.3525931104,-133.89421374711677,389.01902996160874,1650.929646144334
201677,-54.5560775668,-27.847419494,-239.80958568228363,281.89470023684333,1629.017345784754
201451,-54.5633333334,-22.9719444436,-184.92288610957158,334.94050355977333,1639.029600639006
312298,5.45643882761,46.4434718389,-344.04818936716447,210.03726755146607,1618.131188935703
310650,5.45648210962,46.0765296595,-86.23677543434914,442.15019358250396,1664.2504873158462
312302,5.45649649062,46.4103903962,-253.40430062949986,269.9332765383839,1626.9901243181328
201957,-54.5649999996,-25.8733333326,-728.3883090044627,465.9359253721489,1670.727140318965
201600,-54.5669444437,-18.7142665123,-177.68801137703187,342.38013629281085,1640.566075650069
312167,5.45680976664,47.6929035473,-570.5866410408989,297.2056942930451,1631.7365337474662
201938,-54.5746666674,-25.5891666671,-317.47410055459005,223.14490377627175,1619.8847301358537
201598,-54.5767572086,-18.7304136496,-184.50171836606444,335.3712042107518,1639.117669802798
201480,-54.5847668502,-25.5555626903,-447.3508193493607,209.08086479096062,1618.0073234901383
201945,-54.5936109889,-25.5893066901,-302.05791102365856,232.6653964581392,1621.2236358858725
201918,-54.5978026163,-27.4555501635,-855.5197188478905,615.9108403248238,1718.5979908272955
201478,-54.6018539016,-25.4998705767,-167.13537803598803,353.37961809086397,1642.896845613878
312165,5.46020939193,47.8062403137,-364.35117249975315,203.26069810065727,1617.2655323843244
312297,5.46083701198,46.456257354,-153.68718807125367,367.62947216424817,1646.0207531042095
201915,-54.618657119,-26.3481026749,-888.1289928442202,655.2689070794297,1733.0926782578754
201703,-54.6365314965,-30.1103267482,-225.6104580740694,294.9511747727367,1631.32740010882
310031,5.46396103724,47.689268612,-542.06183507675,271.3673435267187,1627.2286643181815
312294,5.46462322429,46.4852572934,-382.2147966495835,199.879851184626,1616.8441006341873
201582,-54.6508407717,-16.4812280335,-331.176477989128,215.8263599449527,1618.8928032742235
312299,5.4683394306,46.4225784952,-136.0257367224427,386.693790435015,1650.3832822732377
311133,5.46863196762,45.2107434209,-87.7826177943509,440.3966682803119,1663.7854778421358
201706,-54.6890463718,-29.5018829549,-302.59646885282905,232.31152471455485,1621.1728887941551
201700,-54.7021750189,-30.9764217139,-382.16463911705387,199.885813928371,1616.8448377799873
311134,5.47270293496,45.1945847096,-74.17997180991519,455.8859179938291,1667.9522958019697
201688,-54.7348696736,-28.1812554516,-219.9484480586393,300.3017006446473,1632.3032813347074
200141,-54.7349164936,-2.41012723927,-200.85349681721402,318.8820046720231,1635.8235307482387
201707,-54.7349999996,-29.3605555562,-246.22115235096882,276.1833075115835,1628.0387311713514
310497,5.47381773705,45.9771209643,-86.80281307702104,441.50790280114205,1664.0799617451826
201583,-54.7478224047,-16.7143245668,-239.27713511037305,282.37438463886684,1629.1004216886583
201708,-54.7520915821,-29.4852049255,-290.1160789640188,240.8784710757768,1622.4226726330562
201679,-54.7558333334,-28.065555556,-472.2494802004633,220.8488352611945,1619.5700351890346
201602,-54.7643687771,-18.5064172551,-327.2493755446525,217.80668008892243,1619.1580036356377
310652,5.47741938835,45.948711766,-87.07484836351401,441.1993052471398,1663.9981123176026
201921,-54.7856008228,-27.5352627421,-305.0150755480064,230.74066734937043,1620.9485329321283
201422,-54.7916592283,-22.4021286954,-234.73789767496635,286.49607178730514,1629.8198949563546
201601,-54.8058792475,-18.9000063116,-336.8705086505864,213.1300165960311,1618.5355401782838
201587,-54.8310739216,-17.610833333,-220.56672181143378,299.7136825226039,1632.195203502708
201589,-54.8353298429,-17.0811388372,-218.56815127368324,301.6177020045827,1632.54590410454
201704,-54.835472451,-29.9017395179,-378.55353781110216,200.3679349854079,1616.9045117805508
310254,5.48457414494,46.6646120522,-449.70019837690154,210.01578304032074,1618.1284003354076
312292,5.48499835498,46.6563753585,-569.034287926019,295.7432861214541,1631.4708033341883
311335,5.48510530999,43.676935545,-400.3104568045528,199.05366995636498,1616.742173127516
310567,5.48511297899,45.7812980561,-118.17324556662065,406.3156422168516,1655.0907201588916
201693,-54.8519413033,-28.8353783597,-360.1561196192681,204.4124701547731,1617.4106926815964
111512,-54.8530950384,49.0153100877,-264.4380580707914,260.6639405947092,1625.4779545636256
310570,5.48544672101,45.4976346736,-387.02255681540373,199.40209484177015,1616.7851082544248
111517,-54.8674950436,48.994410085,-163.73699203391075,356.95702643680124,1643.6700427910064
200115,-54.872777778,-1.50305555622,-530.0266176692264,261.2092834352916,1625.5654956349078
200130,-54.8852629021,-9.81453486791,-171.71773670313016,348.58247067091787,1641.8716849087282
312805,5.48943314534,45.3146709405,-666.216675255073,395.93068192226457,1652.5719336033196
201917,-54.9061658858,-27.6395701978,-837.0715988423235,593.7704568024112,1710.788194434755
201701,-54.9061780518,-30.2809571033,-209.41453284085873,310.454634855365,1634.2016311181321
200129,-54.9099094581,-9.34703793823,-516.1748874286654,250.16595933811377,1623.8275456641152
201690,-54.9103550002,-29.5769879531,-212.86958859611292,307.097210503414,1633.567135916049
201702,-54.9142572095,-30.2426539591,-495.67440557560815,235.29257436452514,1621.6027523401256
201579,-54.9227777782,-16.3108333334,-309.82769857390093,227.7061407646581,1620.5193542157774
201578,-54.9228075302,-15.9940552992,-224.77570477190937,295.7350851402764,1631.4693167292212
201680,-54.9394109006,-27.9346091412,-242.5233218354325,279.4625637212094,1628.5982363270618
312166,5.49434821975,47.7063123214,-541.9722324786427,271.2899352865427,1627.2157570014379
310189,5.49452193576,47.0223153888,-361.9729990973748,203.8973215859765,1617.3456676282656
311333,5.49759220602,43.6684344433,-240.09041600049213,281.64202622696496,1628.9736406041736
201419,-54.993361797,-21.6324999997,-383.18175410289905,199.76884039309246,1616.8303808495145
201586,-55.0033258948,-17.8854800087,-224.8286744317527,295.685290387647,1631.4602912107953
312804,5.50229548741,45.3433164699,-544.7319713668251,273.68578898289496,1627.6169088385557
201678,-55.0268672218,-27.847618024,-336.05295824815846,213.50417126979403,1618.5848516514625
201450,-55.0392423338,-22.9191802432,-316.7993652831278,223.53414600565205,1619.9383955189348
201913,-55.0396666669,-27.7593333327,-312.5193990782204,226.06333867523088,1620.289333402827
201899,-55.0435224822,-2.4226143563,-312.50437994333504,226.07239467383172,1620.2905969237577
111535,-55.0478412085,48.4064453983,-324.3393649577569,219.33584775007245,1619.3644138841105
310794,5.50631221074,44.5684480298,-89.83984105857644,438.0658377818692,1663.1700361290534
201607,-55.09,-20.1555555555,-195.74041900543182,323.9849896359883,1636.8259419851022
311352,5.51018958006,43.701663676,-295.6872725525258,236.96131691210473,1621.8457252644912
310571,5.51082430211,45.5676750684,-424.56121993171166,202.08770526932975,1617.1185273402223
312803,5.51104183413,45.3519341956,-544.1082839547324,273.14223665987464,1627.5255980455559
201909,-55.1187455814,-27.8435692536,-681.992873130571,413.3872404679089,1656.8409402919935
312262,5.5142289034,46.9478849656,-641.4065821225714,369.01173466545197,1646.330024984903
201608,-55.1666666674,-20.1603375149,-176.38010740168593,343.7341228663974,1640.8491819995882
310253,5.51718701264,46.6768267612,-326.1160635556662,218.39604567101787,1619.2373895172761
310648,5.51723164164,46.2727550418,-109.18116474847554,416.3170047332972,1657.5743540716626
311131,5.51861598776,45.2897356644,-546.3197606132582,275.07503139726305,1627.8510877055649
312183,5.51894432679,47.314473015,-601.0690643067513,327.0103967134004,1637.4274611122905
201709,-55.1944444437,-29.6863888891,-314.24603340995924,225.03060397448098,1620.145568636073
201584,-55.2063888887,-16.6101181102,-334.34959952494654,214.2978042272729,1618.6897293004042
201449,-55.2088232359,-22.9271115099,-203.48255493477907,316.27806202488654,1635.3179211897007
312801,5.52188795303,45.4186718041,-549.4593320250426,277.844707965328,1628.3213972033664
111574,-55.2648194005,47.1269547024,-348.2421233930563,208.39381825546943,1617.9186859459528
310644,5.52695582245,46.1892565429,-136.86469017464412,385.77996495132606,1650.1694071227453
312802,5.52705871046,45.393623927,-546.0036201554166,274.7978015060858,1627.8042642033356
312061,5.52721759547,43.8518792795,-235.10745613926196,286.1583787051399,1629.760567859322
313021,5.52724344847,46.2943847556,-104.6873306250233,421.3424314137543,1658.8436741765752
201910,-55.2766196525,-27.8730117241,-214.5360283040524,305.4872334398178,1633.2652389127427
312490,5.5311727248,45.3308083408,-559.4999069404087,286.8954449204558,1629.8901457343966
311138,5.53130667781,45.0853290895,-79.09653576075286,450.27234600682374,1666.4267389910888
312015,5.53135662181,45.1113382977,-92.73531866048071,434.79073482892846,1662.310402403554
313010,5.53148482182,46.3691272147,-111.11810839077617,414.1564169493164,1657.033019751351
311974,5.53189999986,45.9394000002,-84.69793423661865,443.89753366603844,1664.7155646658614
201691,-55.319722222,-28.2119444441,-330.6262301785422,216.09798234108578,1618.9290376103193
311130,5.53233754589,45.2889125204,-192.89621056065923,326.8450231425395,1637.3944423989697
111570,-55.33122897,47.218413565,-269.7916471171707,256.3221485024463,1624.7873505966545
200124,-55.331666667,-13.5563888885,-202.81044934671203,316.9424308577279,1635.4465430957964
310647,5.53435964706,46.2679574804,-82.47366089119305,446.4262311967963,1665.3916268393334
312337,5.53549921315,46.2067006523,-525.3970126553859,257.4370966925553,1624.9636148540303
313004,5.53550000016,46.3110999999,-381.61498017625456,199.95247759700652,1616.8530805682892
313012,5.53559059916,46.456248775,-525.3722141945224,257.4171042814381,1624.9604476486886
312386,5.53573753117,46.1232350264,-109.3981290667024,416.0748228158505,1657.5135441459374
313006,5.53886520443,46.3526577644,-547.6089742269321,276.2087392413342,1628.043045646912
201454,-55.3894444438,-23.6480555555,-361.32555970091346,204.07804596080305,1617.3684613251137
312025,5.53940000048,46.3727,-541.8261749198541,271.1638104047077,1627.1947341726452
312342,5.5396366265,46.1268444987,-576.6044089244488,302.9295153303559,1632.7887744911372
310634,5.54039548556,46.1347735994,-134.59385795385887,388.25525223085367,1650.749839233925
312244,5.54055020657,47.0359215389,-622.9298664989461,349.4661251094754,1642.059518849733
111499,-55.4065192442,49.0975432935,-570.9635141011806,297.56162010380547,1631.801399866046
201609,-55.428055556,-20.4480555557,-178.5945496979267,341.44325497548135,1640.3708078401776
312261,5.54373004084,46.927736125,-756.0409585863788,497.94001846905104,1679.9336751309393
312335,5.54386857085,46.1444490042,-439.7840650633168,206.33480124326772,1617.6547657179772
201421,-55.4391815419,-22.4141859644,-226.79784358725408,293.8391065787248,1631.126699984084
111569,-55.439695247,47.7458098837,-248.42615686905555,274.24756677417565,1627.7114666695513
310039,5.54400646186,47.4108135159,-200.20292021924368,319.5284840274684,1635.9496761669895
310643,5.54422289288,46.1853082585,-410.3758373203577,199.74204821315334,1616.827070737737
111494,-55.4493896698,49.0229136833,-274.63645110447965,252.48669231665218,1624.1866951317477
111450,-55.4685438373,49.0147096806,-274.8828746074464,252.29406563722986,1624.1567616464083
313013,5.54713711112,46.4303831368,-525.116603642919,257.2111666684049,1624.9278368915056
312332,5.54722008112,45.7096399002,-267.7891948294621,257.93369347679504,1625.042362855986
310061,5.54776314017,47.2891109369,-217.43635696805111,302.70009322812837,1632.746225623046
310038,5.54778891817,47.4398708283,-321.3402773223359,220.9655314455138,1619.5859523140423
312336,5.54786598718,46.1744692906,-415.93020860181196,200.47072825743538,1616.9172532118184
310636,5.54797041019,46.1357696564,-95.25773233478799,431.942921309244,1661.5678072576961
201710,-55.4808333334,-29.5979235758,-319.75870346971186,221.8465019011915,1619.7063811851149
111477,-55.4809607224,49.0105948323,-274.207366232135,252.8226791376137,1624.238959615335
312339,5.5481476032,46.2364340018,-420.4954579713197,201.25314987789568,1617.014446806756
111453,-55.4827952655,49.0108100873,-274.25327694571797,252.7866947487617,1624.233358815164
313008,5.54892359727,46.3934657178,-675.9821034160016,406.7080419184972,1655.1870958315144
111516,-55.5018746201,48.5813612078,-309.9765640495021,227.61425157935946,1620.5064450251402
111491,-55.5105952758,48.9942100839,-284.7179271603633,244.80955775922533,1623.010970516297
310637,5.5518091145,46.1607214405,-427.09334035654877,202.67230762094002,1617.1916878101933
310635,5.55200782552,46.1149481257,-458.10594420385564,213.6692257948784,1618.6066319207296
313011,5.55205389452,46.4819684901,-514.6592558616624,249.00344048395084,1623.6488549618202
201897,-55.5270311242,-1.92304082097,-189.30214349297577,330.480237563867,1638.123950824923
201960,-55.5311811505,-27.2851427004,-720.791754655366,457.22473548864554,1668.3187194264312
111485,-55.5477761829,48.9686909748,-162.02198843489322,358.7685722245758,1644.0644084895355
111488,-55.5480566189,48.9728105782,-161.776518551847,359.0281950451098,1644.121083035959
200127,-55.5517484832,-10.9600608467,-288.02798093175676,242.38361447205105,1622.6468215266443
201569,-55.5518539022,-15.0267965562,-493.52827869404746,233.84871405737127,1621.3938793249074
311137,5.55547831781,45.0935306342,-110.6411517326485,414.6881326553579,1657.1659959735998
312448,5.55575746683,45.6772454555,-599.2672707343564,325.1962870564727,1637.0661306011132
111484,-55.560594797,48.9685809248,-283.23373507811175,245.91292283088282,1623.1777648985997
200128,-55.5680034896,-10.1124999996,-304.0235403568339,231.38100895294815,1621.039808934398
201694,-55.5812382947,-28.681267181,-360.86145938168124,204.2095354029902,1617.3850578002414
201712,-55.5981237841,-29.950986923,-335.9037773665243,213.57291905015487,1618.5939214631908
310543,5.56051148522,45.8434353992,-89.19150702467556,438.80005402688056,1663.3635736843519
313016,5.56056116223,46.4230488502,-575.1766594255116,301.56378555053976,1632.535943739542
313003,5.56070756624,46.4396650606,-542.2442357665227,271.52500000085354,1627.254963572534
111504,-55.6148873785,48.9351655141,-277.8975772073743,249.95725414405806,1623.7954057532072
111483,-55.6149953135,48.9356100751,-282.7364166152984,246.2847608507058,1623.2341403116418
310040,5.56165166232,47.4026713723,-230.15866224072226,290.7108745064776,1630.5660683953615
311340,5.56415979853,43.8601704512,-260.5678706944386,263.86746449467086,1625.994750810971
201692,-55.6433333328,-28.1824999997,-326.47646156686176,218.207766538244,1619.212005953388
312410,5.56444497155,45.4230510965,-119.01954935925833,405.37823224620917,1654.8608406826984
310645,5.56485201358,46.2278144181,-161.25053014355132,359.5847903280645,1644.2427169615999
111441,-55.6639398665,48.9439101018,-508.24640785155646,244.1915979976926,1622.9178745021732
111475,-55.6641281165,48.922672557,-302.2201263595945,232.5586538175498,1621.208320454659
111443,-55.6687589829,48.9302994657,-303.64322440214136,231.6279696008288,1621.075077578885
312485,5.56817440786,45.3434988859,-589.6093326064208,315.57783676998866,1635.182638700158
313015,5.56836154087,46.4223205591,-578.3149813080988,304.57195392173236,1633.0942918159033
310641,5.56888449492,46.1729617595,-402.4674140026848,199.1322140148179,1616.7518453691116
313002,5.56890816192,46.4646990117,-555.6263303012814,283.3699071209515,1629.2732720779904
200126,-55.7016666666,-11.6458333334,-291.6527026825391,239.78356755301118,1622.26047542139
201711,-55.705698164,-29.3060140696,-216.1879747443032,303.8974087024436,1632.968623661228
111480,-55.730629963,48.9354230561,-321.49700528639585,220.87903543726958,1619.5741536409143
311337,5.57319373027,43.8684190478,-257.269224520803,266.6391463248733,1626.4468405696027
312253,5.57320653327,47.0063277145,-620.8813602473527,347.3291475728802,1641.6060512801753
111576,-55.7606395555,47.0898431514,-185.70817104483066,334.13825148126716,1638.8658462329809
313018,5.57680967357,46.4233308932,-188.4535278330752,331.3419381607873,1638.298010384598
200139,-55.7725000005,-6.2574999996,-283.03615192089393,246.060525869145,1623.2001334515055
201610,-55.7863950386,-20.4557886154,-207.17632489548134,312.643270907011,1634.618825809069
201713,-55.7893539019,-29.7684577509,-498.8959683908635,237.50229041515456,1621.9248530059679
200125,-55.7938057853,-12.6727664084,-203.48838804244645,316.2723000530133,1635.3168068074176
311347,5.58131179795,43.894102597,-384.633162680323,199.61629859918648,1616.8115405057033
201567,-55.826949596,-14.5515292669,-298.4108998717492,235.10017433960337,1621.574846505858
311339,5.58452695521,43.8603119142,-336.6948152204359,213.21005150045747,1618.5460811811363
201896,-55.8848577318,-1.76062072353,-185.0590662339626,334.8013056228465,1639.0011607966446
312260,5.58906952759,46.8946023052,-479.0589859390685,224.73687302693168,1620.104796901703
310657,5.58953353063,46.0146330404,-432.450966965293,204.0710812736051,1617.367582542127
312341,5.58970525364,46.2899966802,-100.37801409166379,426.1777447538651,1660.0784201264337
311836,5.58978823465,43.30198078,-273.6893941436674,253.2292380738635,1624.3022926356582
312243,5.5904071437,47.0524191653,-612.3448466013355,338.49430857810853,1639.7595213279772
111452,-55.9154068053,48.9480783771,-153.670903735682,367.6468740895756,1646.0246398137003
313014,5.5928666349,46.4402660766,-205.54384433051806,314.2462216423742,1634.92616917783
312271,5.59386329898,46.9027911059,-349.24277578924364,208.01996257006138,1617.8705744507608
312484,5.59398660399,45.3559811099,-588.2702040919232,314.2587911578394,1634.9285851883476
201574,-55.9685131297,-16.1937423867,-332.9506194430261,214.9637355149908,1618.7780263002537
200140,-55.9688170847,-4.2934508521,-347.90704400371203,208.5205916564857,1617.9350197059077
311838,5.59694932524,43.326702627,-271.71352318758943,254.78977144456186,1624.5463115832545
201898,-55.9770555614,-4.29775320145,-299.89766629519494,234.09957257777236,1621.4300788893368
311338,5.59779069131,43.8608673992,-346.7464697126685,208.9657958540781,1617.9924581662651
312385,5.59783997931,46.1562615381,-83.13205658478402,445.67735109565416,1665.19103772679
312987,5.59828313335,47.0144309781,-372.70666949446786,201.36801943923248,1617.0287474559211
201590,-56.0060441698,-17.2018037341,-246.64561249497302,275.80952308603486,1627.9753634103101
111469,-56.0185873789,48.9477605811,-296.28767019666986,236.5479515835969,1621.785381684143
200131,-56.0231819992,-9.63952819243,-286.13434871396663,243.76552900287348,1622.8538208896193
111468,-56.0269481585,48.9642034795,-440.06850251405336,206.43058385375298,1617.6669857533059
111462,-56.0311442639,48.9729407412,-315.8693625010402,224.07491821967386,1620.0131048300625
312259,5.60353965578,46.8691989951,-493.7609550088048,234.0041468241672,1621.416304215821
111459,-56.0395964756,48.9733030092,-300.0351016016715,234.00763226455368,1621.4168072411387
200113,-56.0434225879,-1.10181951502,-433.4065370067874,204.34340074190283,1617.4019649650334
201695,-56.044435718,-28.6228279321,-362.8614002837895,203.65448587190812,1617.3150714878461
111495,-56.0518883996,48.9649242205,-300.07670897798425,233.97981670207412,1621.412793051147
201714,-56.0524404967,-29.3080833508,-357.27459960234984,205.28010144671666,1617.5205751074573
312516,5.60686054406,46.2098975756,-140.35266053240852,381.98918350077383,1649.2873088572449
111447,-56.0769742677,48.9520302795,-300.6006058799891,233.6303194259226,1621.362395333333
111425,-56.0896367297,49.4977198536,-314.57127571673175,224.83793629393128,1620.118819236077
201604,-56.0896850327,-20.7560424832,-211.85064534134645,308.0846578293096,1633.7530557693804
310804,5.61008056933,44.172609081,-105.60192681977986,420.3182240345696,1658.5838237187654
310252,5.61018796333,46.6280486212,-524.2895911406682,256.546553920569,1624.8227673117167
201573,-56.105561706,-15.5731044524,-423.9224491520366,201.94806247604478,1617.1010824261464
201572,-56.1063293861,-15.6144499318,-351.0859622487926,207.34997931903862,1617.7845668597508
312277,5.61069278438,46.8944455962,-333.24742122245937,214.82139697333758,1618.7591307676264
201568,-56.1322222223,-14.6561102085,-227.65187801224437,293.04144030010406,1630.9831932239968
310566,5.61412030866,45.6643061884,-92.3095253159322,435.27194812725475,1662.4363325169725
312449,5.61412261466,45.6144889243,-626.597189884983,353.3074683264177,1642.8813280396148
310565,5.6146079897,45.6266577473,-298.06865339487774,235.3320539378616,1621.6084812483557
111426,-56.1760955189,49.4978101626,-159.4171431348008,361.52782512987676,1644.6687384361398
312715,5.61877288005,46.1440992051,-84.33904746307532,444.30529611886266,1664.8243411859569
311332,5.61878862505,43.6434719782,-571.2313981857699,297.8148244880567,1631.8475910852817
312483,5.61888524505,45.3726190763,-106.11352447052283,419.7456271265664,1658.438808740877
313009,5.61923781208,46.5607764876,-427.946738836814,202.88045788869644,1617.217787139108
313007,5.62247313135,46.5061989441,-515.9595286337411,250.0001998143718,1623.802017104675
311808,5.6230319454,43.4689205378,-576.304528907757,302.64227044249856,1632.7355066588634
201585,-56.2313119345,-16.9140211043,-566.9542393882069,293.7931163904839,1631.1184157149405
312245,5.62328021242,47.1566360849,-301.65102197126384,232.9337295242139,1621.2621667071755
312383,5.62339821643,46.2304525193,-269.3069965965833,256.7108020014977,1624.848708868071
111444,-56.2681940495,48.8435496195,-545.5931031948085,274.43827091315063,1627.7436086152468
310563,5.62732887075,45.4432149971,-107.55382797220328,418.13481104081217,1658.0318486235785
312290,5.63095769805,46.7393215354,-100.89720528818913,425.5943572900109,1659.928747809099
310012,5.63103226806,47.8308441567,-276.58994962615213,250.96633499130095,1623.9510436416952
310576,5.63143305109,45.0609398845,-89.01583578780985,438.9990505954625,1663.4160806213529
312482,5.63186695713,45.3770724567,-96.86654099153677,430.12920258879427,1661.0972342899308
310564,5.63538770742,45.5900181903,-606.0829898715945,332.0895475375138,1638.4493762181532
312481,5.63561101644,45.3845398433,-179.69896334556913,340.30366082145525,1640.1339800194587
201575,-56.3647173605,-16.5185478716,-555.1819472081232,282.9681196379175,1629.2034395916933
201571,-56.3680853068,-15.2020886407,-352.532242167958,206.84132573839145,1617.7194518454678
201591,-56.3852257122,-17.2915296676,-349.58604325577704,207.89335105620762,1617.854300071352
313001,5.63928613974,46.5022332618,-117.76331268773384,406.7699509782248,1655.2023090440675
203009,-56.4020746236,-34.5145920426,-615.7662123253679,342.0213190678645,1640.49122934044
201605,-56.4023858556,-20.2433906198,-562.9402060328234,290.06076750126607,1630.4502874020445
201570,-56.4138888886,-14.8341666672,-325.05970951646617,218.95249384474968,1619.3125348143328
310562,5.64352138109,45.6143481383,-122.6501033931763,401.36470621031566,1653.8822564612267
201716,-56.4611483005,-30.3892324593,-437.7860597020017,205.67863545092368,1617.5712015014792
310805,5.64810217347,44.1766231183,-106.8415249240162,418.9312156194655,1658.2328709401431
312016,5.65269568285,45.019126193,-112.20504578589257,412.9454556869032,1656.7307687788168
201565,-56.5349492216,-16.318305129,-224.74218387626692,295.7666004385706,1631.475029775502
310646,5.65560000009,46.3903999995,-128.67383353869067,394.7345213594498,1652.2857601513304
201696,-56.5577777785,-29.1145491748,-370.8432189232674,201.7432400504772,1617.0755164036245
311279,5.65586366611,44.3564182012,-108.71639119934804,416.8359389234449,1657.7047658808776
311839,5.65591384412,43.3725589298,-117.22379802343177,407.36811230477446,1655.3494101756105
310037,5.65614931414,47.4519262813,-351.49379996642784,207.20501930872976,1617.7659938547097
201928,-56.576449263,-29.0976743074,-394.75195981790864,199.02522536499475,1616.7386712692846
201577,-56.5806981644,-17.0595438924,-951.6920346267723,732.6485391723365,1763.8046299965717
111451,-56.5900063271,48.7604677486,-170.5491874468079,349.80283205739244,1642.1312103974387
310561,5.65950249342,45.6060866126,-122.00806020759572,402.0735377146622,1654.054418867883
310631,5.65976760644,46.3179217815,-179.59904662672375,340.4066791716704,1640.1553579068873
310630,5.65994403245,46.2920718764,-147.51752910121132,374.24656033723323,1647.5112681770152
312269,5.66045323749,46.9062388722,-335.04588836949233,213.97109665671596,1618.646508985351
312411,5.66110234155,45.4648987149,-230.949831233181,289.9787004517246,1630.4356894896703
201576,-56.6394803462,-16.9443071858,-350.41237707417804,207.59200773660143,1617.8156052288834
312395,5.66832030614,45.5598927988,-568.0187397553278,294.78979906972194,1631.2982303924541
310629,5.66840923715,46.2808695204,-151.00592219311963,370.49931676277276,1646.664092815431
310530,5.66879240618,45.9112468569,-265.13434818085756,260.0932760095775,1625.3865395872392
310188,5.66882849119,47.0096774217,-372.01943306443957,201.5032414553427,1617.045592172031
200138,-56.7270485755,-4.88653192917,-250.90318979738691,272.09101675653665,1627.3495052525107
312334,5.67286521152,46.2360857167,-91.78612327613521,435.86366721022415,1662.5913590656999
312393,5.67305005554,45.5357833268,-605.8328386781366,331.8350844317622,1638.3978192447096
310546,5.67322766155,45.6978910442,-436.7682859044079,205.35565367133933,1617.530165202729
201895,-56.7525448646,-2.58118218442,-186.7819551419438,333.042979876172,1638.6428888842086
312394,5.67725011888,45.5434918614,-703.5074307772045,437.55189114956687,1663.0347405555149
201592,-56.7747222224,-17.3655555557,-571.8868945976706,298.43513257651307,1631.960912277603
310531,5.6774999999,45.8777000001,-542.838021454745,272.0389690167021,1627.3408037376978
310544,5.6810560642,45.7940596942,-444.08109640952216,207.8441061693124,1617.8479728686825
201554,-56.8138888887,-14.4511111105,-286.3244609358253,243.62607131360792,1622.8328790943597
200137,-56.8393428898,-5.15292894321,-289.67749466513396,241.19296829130718,1622.4693953351343
310528,5.68477206451,45.9860698421,-347.08811828447665,208.83375368395866,1617.9754100491507
200136,-56.8479588635,-6.81972222212,-267.42149606581154,258.2312449482302,1625.0896180560314
312492,5.68505712253,44.8107953678,-283.489604869201,245.72202678741948,1623.1488549404528
312268,5.6859255176,46.8975494635,-333.3266276213383,214.7835076531507,1618.7541030081675
111360,-56.8897593329,49.502185552,-166.15219066218248,354.41289950217964,1643.1194095924761
310533,5.68911255287,45.8782342971,-542.4536025733431,271.7060954521273,1627.2851910933823
310032,5.6895431569,47.543958429,-219.71717544167416,300.5218881234297,1632.3438044993022
312363,5.68979023392,45.4770989209,-100.03372441689919,426.56472760462304,1660.177809056124
111346,-56.9059821503,49.7691869071,-114.96875626487744,409.8712508396295,1655.967189623885
111345,-56.9223593876,50.0774922876,-146.93093250498077,374.8781552810698,1647.6548552876368
310526,5.69306676619,45.9934876487,-430.8681837818893,203.63515169359664,1617.31263701588
312276,5.6932002882,46.8524356117,-312.4159862120727,226.12571821711364,1620.2980377958836
111565,-56.9351479787,47.7442207805,-226.51065951753435,294.10774980752564,1631.175116087427
312511,5.69394102926,45.0930404532,-93.72769479205867,433.6697425409784,1662.0175499800066
312072,5.69454407031,45.042741974,-85.61040474813429,442.86122143884626,1664.4395309834156
312731,5.69478512033,45.018294133,-69.70527018762063,461.00918993433277,1669.3598665506174
201593,-56.9650000002,-17.623333333,-518.4356914932057,251.91744291018122,1624.0983002541411
310619,5.69809999961,46.5894,-491.09449445276687,232.2392278608195,1621.1625303477056
310621,5.70144544589,46.5980701377,-561.9392052562782,289.13652883635683,1630.286116960309
310036,5.7016612979,47.4438097227,-349.51000946136185,207.9213232475721,1617.8578947197454
312252,5.702778427,46.9268770069,-615.971886826148,342.2339466052199,1640.5355726271132
200108,-57.0430555556,-0.997777778411,-309.1441155121605,228.1296308332654,1620.5789148665692
200112,-57.0438070717,-1.08936605499,-279.0881393419669,249.04460077172092,1623.6551678295275
312986,5.70457617914,47.0062002525,-371.07575508928073,201.6949365689663,1617.06949086412
312182,5.70562717923,47.2689002432,-204.5260730635723,315.24836811834547,1635.1190857082138
311264,5.70587806125,44.656057853,-94.07688710493655,433.2754768336855,1661.9147179297267
310536,5.70600000026,45.8642,-549.1643086486712,277.5831780813104,1628.2767920718227
200111,-57.0606522481,-1.101560351,-287.18850162732264,242.99426913622105,1622.73815068206
200109,-57.0613888891,-1.06499999997,-266.7935595701558,258.7405479514122,1625.1706255037293
312037,5.70687566733,47.6187544621,-311.7324517602803,226.53951786269397,1620.3558386969967
201555,-57.0769011054,-15.1602961182,-371.04254617006194,201.70180908141626,1617.0703480778752
201715,-57.0978583062,-29.7434510448,-340.4545412267332,211.54219719330968,1618.327220323306
111412,-57.0980958542,49.5189101624,-467.5328935993856,218.31637720026592,1619.2266460875187
310534,5.7100703756,45.8811060834,-120.47755606277431,403.7648842515627,1654.4663709488518
311277,5.71022384861,44.4188282654,-115.18731671142199,409.62843650443153,1655.9071069474433
312412,5.71030561962,45.4940599233,-244.51293017904868,277.6930961205928,1628.2955341334775
310532,5.71032342862,45.9191031835,-541.7768505779586,271.1212328788618,1627.187639383897
311128,5.71051627564,45.1901812192,-422.23047344712745,201.59350881253826,1617.0568430458268
311275,5.71073052565,44.4401452511,-106.84035033682085,418.93252925529083,1658.2332028138323
312396,5.71093036667,45.50183626,-680.5445897724821,411.77484756986485,1656.4393788899038
311282,5.71381887391,44.3145535707,-116.53509781676065,408.13207608816055,1655.5375810829596
310626,5.71469268598,46.3640534813,-99.16752557515423,427.53876976027254,1660.428345486222
311274,5.71480382399,44.4440930875,-80.32571315155943,448.87153379705154,1666.0487822087634
311276,5.714956282,44.4227551777,-96.29409948622796,430.77431748891377,1661.2643990208255
111336,-57.1518169116,50.6062945573,-604.6834375388244,330.6672828345978,1638.161696165309
312392,5.71888740833,45.490150849,-110.94859017532063,414.34537400328986,1657.0802575023067
201556,-57.1890748357,-15.097448988,-216.62691858715402,303.47601336602446,1632.890253977444
311265,5.71932299836,44.5892814115,-81.71012429733672,447.29509209259214,1665.6247447297683
111382,-57.2062476731,49.0864413386,-263.2694399827606,261.62564517046184,1625.6324520188587
312273,5.72245826862,46.8279601717,-437.08008746031845,205.45378986709125,1617.542627140545
311127,5.72256317663,45.0902198879,-90.11866205275275,437.7501807523431,1663.0869224411256
201557,-57.2269816338,-15.3227885407,-348.2187342632094,208.40264151306275,1617.9198224373197
310622,5.72305049167,46.5230281405,-426.43779038369985,202.51621372825542,1617.1721329743514
311330,5.72320417969,43.6975348547,-279.2153510792433,248.94742962175022,1623.640266056882
201603,-57.2351351695,-19.2598231254,-350.3686731598891,207.60782335807667,1617.8176347059218
111386,-57.2352959025,49.3483101352,-233.84148947263188,287.31672766647745,1629.9643532430266
111413,-57.2524959119,49.6389101803,-125.97795836063926,397.6972564494612,1652.9960673375522
311273,5.72633720294,44.4483534168,-111.18575094171737,414.08102497439563,1657.0141779990392
111564,-57.276956938,47.810123397,-234.48840429063424,286.7242626256733,1629.8600227087668
201615,-57.3047445363,-22.2018340358,-376.33345790858164,200.71586200241572,1616.9476639970007
310030,5.73132908636,47.6063130871,-303.0677398284157,232.00307921323156,1621.1287177798088
312985,5.73136395836,47.0030333752,-624.0242327459051,350.61034012744886,1642.3034133345368
310614,5.73136556336,46.6108796457,-441.7298176102357,207.00174864163372,1617.7399713138943
311278,5.73138266136,44.3889706319,-434.2022956341965,204.575402286899,1617.431292533575
310615,5.73144712437,46.5936761813,-593.5008060955945,319.43150211200765,1635.9307367329216
312391,5.73559718971,45.4485391846,-389.2109343883166,199.24632090660023,1616.7659036610098
310484,5.7367154978,46.1774371569,-85.70076296675546,442.75863298090326,1664.4122379762484
201616,-57.3772222223,-21.9697222216,-248.23590235073968,274.4139985096194,1627.739516453423
111341,-57.3780959673,50.5317103162,-617.2066917064584,343.5119102671451,1640.8026460672743
201566,-57.3806930116,-17.1234512437,-628.2287022750388,355.0227067211743,1643.2510499414304
201595,-57.3896850333,-18.3940250318,-338.27711963250067,212.49662542549356,1618.4522565288132
312242,5.73966501205,47.1189611448,-356.2082136501623,205.61680107445991,1617.5633402528879
310478,5.73973414005,46.1939053582,-105.18470531234462,420.78535902477626,1658.7022665974732
312398,5.73988184507,45.3984235214,-72.95079025628092,457.2919313815002,1668.3371365981784
311973,5.7402439451,45.8437729673,-412.6771564182344,200.0140545017773,1616.860696796179
200132,-57.4147791494,-8.8596216169,-305.86458741307547,230.19611601718032,1620.871106126388
111385,-57.4269324984,49.1978826238,-198.7548093751121,320.97044720022905,1636.231926965704
200121,-57.4270560134,-11.5349825773,-299.9097064659595,234.0915142800781,1621.4289154643584
311267,5.74348837536,44.5057907946,-99.61618021096139,427.0341798770992,1660.2984917265003
310013,5.74350455537,47.8233789121,-317.00946870458057,223.41266105799048,1619.9216363660921
201612,-57.4393613404,-19.5982580264,-344.2071011737375,209.9727639550066,1618.1228174798382
310620,5.74423367343,46.493466992,-114.3950869680547,410.50879175036954,1656.1251036532033
310618,5.74440000044,46.6567999995,-566.9808697019944,293.8180153871136,1631.1229006460574
111390,-57.4479231021,49.1893648111,-319.14315110365067,222.19334940192303,1619.753924324442
310806,5.74553195253,44.1692155807,-114.50349372975485,410.38829175333206,1656.0952390651341
311126,5.74702371466,45.0858222046,-77.43022863723286,452.17301466915586,1666.941308517183
312251,5.74796227073,46.9232848646,-562.2981972558027,289.46768774478943,1630.344881641397
310538,5.74798419074,45.8135051068,-409.7117154194219,199.67144897998696,1616.8183504598633
310617,5.74814740675,46.5851477536,-485.85864371358025,228.88006504860996,1620.6847241282435
310476,5.74825012676,46.2019313199,-92.44115428185482,435.1231716997834,1662.3973849221684
201594,-57.4860441703,-18.0394296574,-320.3760442581831,221.50087636333512,1619.6590780394838
111797,-57.4894530116,53.5312761943,-266.94073430074917,258.6210473736044,1625.1516043097658
310558,5.7524125721,45.3642755896,-71.17873336845578,459.32069542714044,1668.8943621732494
312181,5.75245853111,47.2684268132,-212.9632009807761,307.0066064002042,1633.5501055123334
310541,5.75258488212,45.7018404235,-278.90335009154614,249.1858720797266,1623.676842752313
312399,5.75260903712,45.4149179438,-180.52196955892757,339.4557245459638,1639.9582554970755
201717,-57.5566964191,-30.2178149561,-215.44918889431304,304.60764933904517,1633.1009493848946
310611,5.75640000043,46.6563999995,-421.8968758376617,201.52623784183123,1617.0484579580993
310035,5.75662749945,47.4523084054,-346.7727399576917,208.95561372765425,1617.9911431631156
312408,5.75735470651,45.4352698745,-108.9914607319653,416.52879210473236,1657.6275593444425
201596,-57.5941666672,-18.9980040918,-342.6604387263742,210.6079583081058,1618.2053648868844
111342,-57.6025065149,50.1817102622,-480.07930459976774,225.3423013794397,1620.1888913447617
311280,5.76040109176,44.3515484668,-306.0226877323617,230.095187981128,1620.8567754055432
312983,5.76052032177,47.0232656469,-479.447397638747,224.96665651975692,1620.1366878728672
311281,5.76061409178,44.3436753862,-116.62430561924295,408.0330941291069,1655.513182294408
203011,-57.6139942509,-30.2475328435,-216.2698002053319,303.8188211791836,1632.9540002549654
200135,-57.6270909159,-6.04456397798,-272.0785428110949,254.50033533963992,1624.5009423001188
311283,5.7644446791,44.3392581428,-118.53438536403185,405.91554122692725,1654.9925430211263
311272,5.76470438812,44.4855335139,-384.4594654283379,199.6336623149401,1616.8136843728348
201944,-57.6478569807,-25.3645012995,-361.51250072847955,204.02553944533943,1617.3618369406233
111339,-57.6538960602,49.8181102061,-162.49764808336954,358.2657254446294,1643.9547502514638
201947,-57.6771336021,-25.3017363323,-221.81326731250908,298.53090476207257,1631.9784287618654
201940,-57.6810492574,-29.9682399014,-365.9129592885348,202.8660286091743,1617.2159770450091
201559,-57.6844444437,-15.0933333327,-302.6000333277937,232.3091875171023,1621.1725538790872
111417,-57.6939658225,49.006758868,-91.81910453266117,435.82637481876617,1662.5815829106411
201561,-57.7023648302,-16.0732135188,-333.42558656917686,214.7362263842991,1618.7478301970798
311095,5.77033256059,45.2019980692,-234.09995242684772,287.0798833354724,1629.92262094306
111433,-57.7191283866,48.305888641,-288.53100998375214,242.0192160557778,1622.5924293507098
200122,-57.7274020192,-10.8223506463,-389.5124050824504,199.22789485273609,1616.7636329820875
311263,5.77306178081,44.6891390217,-99.68240978609734,426.95970723547856,1660.2793386802687
111563,-57.7315549416,47.8599744941,-254.69450817382372,268.8281224833469,1626.8071337082054
312078,5.77326896583,46.710254017,-555.0270267353737,282.8281797581652,1629.1791399693598
201564,-57.7477480259,-16.7308539772,-532.1745329333041,262.9857306732784,1625.8518952794386
111387,-57.7619882241,48.9855217942,-89.17016853462529,438.82422455969765,1663.3699501032252
310028,5.77673323811,47.6397110529,-311.9817217721553,226.38831565712772,1620.3347062604248
201558,-57.7677777776,-14.8505555556,-492.17252025981253,232.9484420249193,1621.2642805809983
312991,5.77701525614,46.9891611,-568.0059974091321,294.7778517282323,1631.2960714461053
311266,5.7777778522,44.5521735254,-95.20968263696483,431.99712270714076,1661.5818983346062
111393,-57.8023781744,48.9438214228,-100.89623449313308,425.5954479121986,1659.9290274374898
312753,5.78095308046,44.7806657183,-106.65461610065779,419.14026596286493,1658.2856971575816
311117,5.78110534848,44.9021277744,-104.42482083741149,421.63653445064267,1658.9184000515313
310540,5.7813296845,45.7030463476,-171.04579894267306,349.2839507743317,1642.0207578208356
310495,5.78153808651,45.756012846,-153.66890412866644,367.64901095263923,1646.025117092822
111415,-57.8274465105,48.9520857675,-104.12979974055872,421.96713173826265,1659.0024566327204
200107,-57.8286557376,-1.43963430997,-493.19387245787993,233.62579797380297,1621.3617438205706
111416,-57.8307798778,48.9563410468,-97.88996304239623,428.9765108622985,1660.7991262394066
111340,-57.8395128605,49.7896626768,-506.13522318751313,242.64650636933285,1622.6861119450148
310607,5.78424684774,46.7272218164,-652.7377669105236,381.218328434869,1649.1089426659057
201613,-57.8483022942,-21.0986111106,-352.7454360192961,206.7676220011351,1617.7100297500754
111410,-57.8516991935,49.03114025,-132.11455628878545,390.9642113123624,1651.3890835817836
111407,-57.8522054396,48.8527274342,-145.95984870349128,375.9246491407579,1647.8932710213935
111343,-57.8567270109,49.8311373982,-211.0323924855078,308.8792635323571,1633.9030847287963
312989,5.78587034487,46.9681969293,-569.1509247904726,295.85295895321127,1631.4906877354083
111409,-57.8607723823,49.0103586823,-191.6159037424303,328.13731450762435,1637.6528899673033
111414,-57.869696127,48.9481100681,-77.1795561441228,452.4591104086745,1667.0189373362844
111397,-57.8727961283,48.9773261425,-175.13988394780603,345.0205336842708,1641.119148480623
310002,5.78732467499,47.9393819547,-294.6460483323169,237.68228886353907,1621.9512203779113
111406,-57.8745414684,48.9111100631,-168.66321013354616,351.7767271750156,1642.552816997965
201912,-57.8767650786,-25.8647421369,-355.80200422382643,205.74726041471345,1617.579928786873
201560,-57.893611111,-15.4686111107,-327.6309734783347,217.6100208657421,1619.1315610620322
201614,-57.893963268,-21.7002777783,-368.39198679141305,202.2779873737742,1617.1423174915592
311284,5.78975099519,44.3232276875,-246.01042644076006,276.3690785060536,1628.0702559780002
111405,-57.8979414764,48.9231100641,-424.13677456716016,201.99456356670294,1617.1068902693132
111408,-57.8981723944,48.9935038359,-105.57727090432434,420.34582544820717,1658.5908186824502
310613,5.79022037123,46.602194164,-442.02575800545594,207.10558728813288,1617.7532615117634
111404,-57.9107414814,48.9312939447,-437.97480054503194,205.7393689235265,1617.5789250515834
111403,-57.9194042051,48.934665986,-443.61997079654964,207.6757853568815,1617.8263573911706
201894,-57.9250492366,-2.5857660158,-192.3246271601763,327.4215879745416,1637.5096296259624
111402,-57.9257414867,48.9400100675,-443.99871971164646,207.8139256424874,1617.8440958686122
111401,-57.9268822027,48.9351506081,-344.39509413259054,209.89668142158772,1618.1129465268427
310490,5.7934263155,45.997304277,-112.14840409990288,413.0085339878295,1656.7464923737614
310608,5.79366045552,46.7399837924,-538.6208302199287,268.4133054070473,1626.738637078963
311293,5.79383133953,43.7311422665,-298.57677809780427,234.9879955156971,1621.5585863244257
310029,5.79384368053,47.6061429701,-306.14543487279605,230.01691920098145,1620.8456663003717
200133,-57.9434326021,-7.61486450791,-303.83089215594805,231.5060131180414,1621.057656271299
111399,-57.9521172368,48.9561484478,-265.53367100346213,259.7667940885563,1625.3343281174587
111400,-57.9557961581,48.9489100682,-343.80672662704535,210.13561290729842,1618.1439573344244
310475,5.79696197279,46.2442554394,-90.15267320117643,437.71168032429716,1663.076788948215
310549,5.79765452485,45.5767934862,-120.5280726029032,403.7090223845862,1654.452739004866
200110,-57.9774317709,-0.694722222336,-330.862106562392,215.9813096970627,1618.913468034794
312017,5.79793418087,46.8982846245,-581.7138850350503,307.8550330208177,1633.7097698802668
311319,5.79806980888,43.7731156309,-313.1144320468017,225.70556173751731,1620.2394549711576
203010,-57.9808689092,-31.3847933746,-192.69836847992894,327.0445218707551,1637.4342765838437
312397,5.79929220898,45.3440538579,-66.85017977158233,464.2849615620849,1670.2674685147563
310486,5.79972270202,46.1518137658,-94.14036255520807,433.20381832877223,1661.8960373803814
200123,-58.0034759411,-10.6353447098,-272.3186491750486,254.3102288964994,1624.4711703712612
310137,5.80059896209,47.1728859402,-323.68979344841705,219.68423540665813,1619.411638260079
311119,5.8019454542,44.8815379167,-174.9625738178548,345.2046434190888,1641.1578646443752
310521,5.80210000021,45.8565000003,-256.67161935784964,267.14524557763457,1626.5298869312915
312250,5.80238183824,46.8893253878,-439.20199826460396,206.1406310542762,1617.630010421864
310489,5.80295114228,46.0268095044,-440.77514036791445,206.67108458944543,1617.6976936533486
200120,-58.0363888888,-11.7644444442,-312.73748951105284,225.93197881050605,1620.2710112494196
111365,-58.039216123,49.0895705608,-115.51069136455115,409.2692581919708,1655.818292128394
111373,-58.0618961939,48.7978358417,-145.45455709157008,376.469629204257,1648.01767968647
312401,5.80622224255,45.3354159122,-169.77826436409418,350.60905563292073,1642.3031391122024
312180,5.80733306565,47.2858878626,-225.99052496945512,294.59483159719645,1631.263009342689
310026,5.81005938087,47.5639536556,-426.6192770540482,202.55909676630526,1617.1775037171299
311296,5.81026226689,44.2728399103,-105.80036469066458,420.0960990283206,1658.5275467307736
312331,5.81048768591,46.1555470321,-90.16950322224892,437.6926291617744,1663.0717748998486
312400,5.81052892691,45.3393415365,-79.97480356349432,449.2713336962919,1666.15654190332
310616,5.81058446792,46.5557435262,-139.51159800455855,382.9020016324648,1649.4989644434863
111364,-58.1188474356,49.4689201832,-228.2507866746664,292.4831660742677,1630.8829796410328
111561,-58.1439748977,47.7104792067,-285.89495762621175,243.9413624386639,1622.8802417783072
200134,-58.147434347,-7.33530851278,-279.42343991047255,248.78862489149063,1623.61592463285
111392,-58.147875959,48.9853506112,-183.0554414226031,336.85249992464435,1639.4213910863396
200118,-58.1812375548,-13.0816666672,-516.0670336754498,250.08292166470275,1623.814754999578
200117,-58.1859164382,-13.0269463197,-615.5416333486125,341.78922522131035,1640.4428564638783
310187,5.81918564663,47.0065505785,-401.0923620117935,199.07778430116127,1616.745142268331
311297,5.81936417364,44.2685695019,-119.73116946638329,404.5905370253696,1654.6680614239408
310610,5.82241335589,46.6199912615,-136.74108066300204,385.9145568125357,1650.2008774709223
311980,5.82278718093,44.2727256263,-308.0453371532361,228.81561079840307,1620.6756228780118
310485,5.82280537393,46.1897030519,-164.15014931521836,356.5212273801696,1643.5754550426482
310487,5.82280886293,46.1271691247,-641.5739525764294,369.1908847377594,1646.3701893011287
311329,5.8249027401,43.7274622292,-298.67181088914117,234.92378859291222,1621.5492830292985
311295,5.82692052927,44.3062932251,-297.5328919947202,235.69619801087882,1621.6613668095965
310027,5.8273755213,47.556763088,-329.6821352347903,216.5684896195912,1618.9919090415788
311318,5.82861267341,43.8969269282,-368.03140535819233,202.36057715256504,1617.1526501946264
200119,-58.3443464643,-11.3566446805,-212.55415859210402,307.40264639787773,1633.6245829009808
111374,-58.3643712089,48.5770757914,-470.44221126680486,219.8625990119356,1619.4358441414925
201931,-58.3849130676,-26.869029729,-362.88880964629516,203.64708873812953,1617.3141400474742
311327,5.83891229626,43.7068222345,-571.5971588981388,298.1608225438813,1631.9107717476556
310606,5.8394322243,46.7484217021,-468.34030096627384,218.74032162392803,1619.2838599671536
312982,5.83988098734,47.0062544845,-391.78110200335743,199.11282882165673,1616.7494578466224
201893,-58.4169715253,-3.15609815999,-201.56372663332834,318.17720132369595,1635.686284801632
312031,5.84343243363,47.4228240139,-324.50955446014837,219.2449916459298,1619.352110323079
201563,-58.4607812679,-15.8479395431,-221.6833107578469,298.654039624086,1632.0009577907026
310519,5.84768687099,45.9352206498,-79.17606408619372,450.1816806915554,1666.402243300296
312930,5.84825200503,45.9936039227,-291.45472795928833,239.92402045861644,1622.2812414741813
310493,5.84842158805,45.9863960821,-405.7763917030111,199.32594554791856,1616.775718340227
312024,5.85160908031,46.9610037957,-367.9453932806929,202.3804261984966,1617.1551341025606
312023,5.85180000033,46.3819999998,-85.685934332525,442.77546829991144,1664.416716502869
312407,5.85181440233,45.4183163481,-203.51495833294456,316.24605466249903,1635.3117311190492
312996,5.85193282934,47.0062807675,-581.1494542846704,307.30806045701917,1633.6067871026492
312997,5.85221196236,46.9940680275,-110.8644523721506,414.439169578449,1657.1037131473877
200106,-58.522454085,-1.63926397249,-467.55187359472654,218.32629709575556,1619.2279835926531
312179,5.85557446864,47.2985397506,-328.053354086232,217.39339815300235,1619.1024613675613
310148,5.8562677967,47.1388953224,-285.4312652985665,244.282663630033,1622.9315791481072
311271,5.85730317378,44.5443518328,-92.42768525628337,435.13839473362526,1662.4013695306382
201562,-58.5978683203,-15.4972331411,-209.73993693960333,310.1373242135548,1634.1413802717097
312406,5.86020119402,45.4110231695,-86.01684381491478,442.39981706892473,1664.3168235010437
310483,5.86029332303,46.2103641036,-82.68936460230411,446.180848562881,1665.3258661506095
312405,5.86038169104,45.4229817565,-77.2376037233868,452.3928560959996,1667.000955936343
312676,5.86042470504,44.2390546775,-287.0878700797152,243.06768197958127,1622.749145391521
312464,5.86062504306,45.6427854876,-174.73925152988508,345.436599372891,1641.2066704203623
201943,-58.607166667,-27.2855000005,-357.56780698223247,205.18899669034258,1617.5090154953618
310001,5.86455522938,47.9354201233,-292.463121453251,239.21051643527997,1622.1758727151685
312108,5.86470000039,46.3988000002,-127.32792936779296,396.2127198634259,1652.639528217681
310625,5.86513261043,46.3855768601,-84.13788829339342,444.53389163373794,1664.8853629175255
311292,5.86523974244,43.7434105095,-392.72261045391593,199.07731901557793,1616.7450849754935
312171,5.86830586069,47.3181601403,-353.3363016787689,206.5650725683375,1617.6841533658996
310599,5.87279244706,46.7436606797,-465.18266866169665,217.10524344655238,1619.0637966361833
310523,5.87280000006,45.6485000001,-609.563793474346,335.6415811543119,1639.1730115658177
310014,5.87286413007,47.8561626678,-334.20654821414985,214.3653164295862,1618.698668602017
310492,5.87289937507,46.0185452297,-562.8602776688733,289.986871650884,1630.437142785901
201927,-58.7436250773,-27.5559564568,-371.0285741511592,201.70470312939258,1617.0707090633055
312513,5.87697434041,45.6186872987,-576.4206706013945,302.7534940370379,1632.756126614633
312457,5.87700737141,45.6268822503,-579.815370289022,306.0180387144471,1633.364604387098
111554,-58.7733495248,48.17287729,-175.6096172101044,344.53302369312047,1641.0167260759745
310807,5.87783049848,44.1684564467,-122.4927220743968,401.538421415484,1653.9244223116195
201892,-58.7982257968,-3.44000000048,-306.7064480073173,229.6602028716492,1620.7950825533226
312404,5.88144006678,45.4472430895,-78.45477357077213,451.0041412617877,1666.6246206873545
312461,5.88181105281,45.5440125875,-84.26970248097831,444.38409581682396,1664.8453728382472
111556,-58.8190867746,48.185469266,-175.1425713216152,345.0177436298071,1641.1185619160453
310554,5.88493524707,45.5571967276,-197.67989854228708,322.0434210904,1636.4427444654439
312619,5.88557822612,43.9146355537,-640.5304795958557,368.07455471568784,1646.1202169571752
201939,-58.872917579,-34.2938531463,-391.42823741203796,199.1279882614519,1616.7513248966393
201942,-58.8896300784,-27.472766556,-600.981192126762,326.9217853250344,1637.4097668470447
312929,5.89002176049,46.0315393698,-541.3583943784034,270.7603296215017,1627.1275447679968
111557,-58.9019755584,48.0557994543,-121.42060187417025,402.7224616692219,1654.2122814133932
312287,5.89037694952,46.7483897231,-467.421490668666,218.25819711165374,1619.2188028343837
312737,5.89339434377,44.7346902045,-101.70489205761072,424.6872477425095,1659.696402731865
312456,5.89393859081,45.5938268126,-461.3658521792206,215.21215967190116,1618.811034221298
111553,-58.957048424,47.955888987,-312.7538135521944,225.92215714842803,1620.269641737629
310605,5.89732713109,46.7803267718,-642.5793869625413,370.26782980452765,1646.612023712368
311110,5.89806686115,44.7278424849,-103.9598864226532,422.15756831259785,1659.050904381656
310212,5.8985882572,47.9730244135,-330.54888923915183,216.13631466214252,1618.9341547332053
111560,-59.0068526871,47.6142137008,-399.8649931525738,199.0421488351783,1616.7407546848415
200116,-59.0086111112,-13.4602709236,-195.31101902708588,324.41581332699525,1636.911271505759
310525,5.90124367142,45.6938611469,-546.7937622771608,275.49126819695164,1627.921475286431
312514,5.90203127048,45.5770726802,-414.09934654221394,200.20333040299707,1616.8841221158793
311270,5.90215095549,44.5607718901,-97.8343117101881,429.0391698209996,1660.8153118533914
311243,5.90263657453,44.3355043945,-233.4351415972442,287.6894515087234,1630.030095229955
312022,5.90630715684,46.7940549789,-614.6461858121754,340.86461924253854,1640.2504624286335
310594,5.90633012384,46.5979128557,-160.91222230371673,359.94298531162644,1644.321088936413
312467,5.90637481184,45.6695081979,-427.98214417966943,202.88921416842763,1617.2188856403661
312455,5.90643401385,45.5811916886,-437.03516181236984,205.4396057577328,1617.5408255929362
310180,5.90658566886,47.1770285236,-280.1225870718236,248.2563843702214,1623.5344539696594
312472,5.90667011887,45.7020952596,-414.8656841202207,200.3120085000962,1616.8975822838404
311850,5.90881228504,43.4938811778,-404.67579788287196,199.25167816375597,1616.7665638851697
312928,5.90981110913,46.0227921771,-534.7133509747057,265.1063760422307,1626.1962616683848
311310,5.90983411913,43.8775066476,-533.0167327908531,263.68672439563767,1625.9654299733702
312673,5.91046822818,43.1442347619,-204.93625927742673,314.8442234936171,1635.0412153561404
312682,5.9107649632,45.7064466299,-413.29000497217464,200.09363700556656,1616.8705434932326
310004,5.91146797826,48.0181633482,-283.40221290568195,245.7871953509692,1623.1587218274376
111555,-59.1180965563,47.8694098839,-314.87581282013593,224.6580736953118,1620.0938679355813
311118,5.91377387245,44.8267016951,-87.90455831816887,440.2584210024877,1663.7488897395513
311844,5.91503637056,43.2771260109,-98.38284272327412,428.4216773475402,1660.6559018855369
312466,5.91884114987,45.634989619,-179.3739510758451,340.63882147646314,1640.203553691693
310598,5.91926490891,46.7318524668,-125.95102643692742,397.72689188253645,1653.003197629251
310011,5.91973375095,47.846540095,-464.08014716709465,216.54894828729832,1618.9892951623615
111376,-59.2030136623,48.4849270478,-154.8167667308694,366.4232067533617,1645.7517605317644
311299,5.9216140221,44.2013013654,-279.7008728456699,248.5771794740621,1623.5835380420883
310604,5.92248545517,46.8109838753,-574.558993420411,300.97441994399003,1632.427178255314
201956,-59.2269362253,-29.0770686887,-268.49106186189925,257.36712498513936,1624.9525309587052
310025,5.92270379619,47.5349883082,-590.6647312919474,316.6199819368541,1635.3840844913707
312809,5.9228170792,45.8978800548,-546.5299314183342,275.2595044232471,1627.8822701968706
312976,5.92309653422,45.901421618,-365.9592401557166,202.85461784648402,1617.2145457012275
312475,5.92316209323,45.7276369937,-386.9180824237941,199.4104987199721,1616.7861447469586
312424,5.92364734127,46.2820497725,-97.6446125460996,429.2527747838332,1660.8705053391748
310007,5.92365596227,47.9404469208,-198.91457919325558,320.8111555508972,1636.2006870710838
310808,5.92670361152,44.1681923096,-123.64754460751742,400.26431627638453,1653.6155580213278
311260,5.92709757556,44.89767806,-70.82936347823222,459.72092192426925,1669.0045586818765
311869,5.92714603956,43.7570277776,-519.5131713695027,252.75940777084122,1624.2291122445292
311291,5.92717326156,43.7522272632,-123.59988910033714,400.3168679315736,1653.628279147563
312471,5.92722220557,45.7236848533,-283.5373989576037,245.68640045733014,1623.1434619945535
311250,5.92727659057,44.2521389856,-385.70058180866727,199.51492326355043,1616.799027538935
201929,-59.2978428882,-34.0558994657,-280.7940127265927,247.74717102347861,1623.456667606537
311255,5.93067277785,44.3141227027,-665.0640015618375,394.6648980299124,1652.2691283755642
310603,5.93080321486,46.8267135406,-578.2543360123916,304.51361027445904,1633.08341173633
312736,5.9312332599,44.7024889488,-108.75017835088082,416.79820807355634,1657.6952787226346
312512,5.93163018893,45.7478036813,-387.54420799701165,199.36145130532645,1616.7800960899262
311298,5.93210540397,44.2319024209,-307.41036474112406,229.2149743570457,1620.7320553735856
312187,5.93227917498,47.314940722,-569.1575768380251,295.8592148405577,1631.4918221836283
200105,-59.3396986206,-2.11032359246,-311.2394958151318,226.8395410390805,1620.397811719334
312454,5.93457996818,45.5726436728,-168.2998880298471,352.1575893145731,1642.6344263279752
201936,-59.3517435526,-33.2349514547,-380.44046201240405,200.10302451712312,1616.8717052589195
200064,-59.3517497706,-15.2102927094,-356.7950284384102,205.43048266801804,1617.5396669186202
311256,5.93524239923,44.2148386755,-143.45819397586138,378.62577904271313,1648.5115624106757
312474,5.93550652625,45.780535829,-246.82671113534406,275.6502126197369,1627.9483808042846
200104,-59.3649689597,-2.65683588168,-605.1767765862853,331.1682347247694,1638.2628881033424
311094,5.9385535155,45.2100904208,-79.2985118554955,450.0420942494778,1666.3645391817604
312927,5.93927003156,46.0184464747,-521.5955819686567,254.39963940162082,1624.485169945746
312521,5.93932066357,45.5688294455,-168.61740878377657,351.824728995713,1642.5630979596774
310517,5.9397487976,45.8730658697,-560.6849780422666,287.98222845557024,1630.0817938840437
310518,5.9397564966,45.8730594087,-557.0486769367543,284.65963774639727,1629.4980822964767
310596,5.94012334163,46.6856150989,-131.44863787191332,391.6929404149665,1651.5617610058996
201946,-59.4059843651,-29.0851455024,-224.97331430918854,295.54935534120216,1631.4356598678926
311317,5.94292005687,43.8856192443,-423.78573975107884,201.91858769161482,1617.0974017978513
311851,5.94355334192,43.4947203749,-425.8242946410568,202.37313146216457,1617.1542212119991
310010,5.94363889992,48.0193466853,-684.6111235495667,416.3069787895976,1657.5718359802413
111791,-59.4380968178,54.2981108298,-620.4187098209784,346.84739877291815,1641.5041909424187
310597,5.94383079294,46.7034265914,-129.5114566588902,393.81551469459333,1652.066448560757
312354,5.94402092896,44.160575713,-109.60335381564934,415.84578342224285,1657.456064707612
310482,5.94402508396,46.3105237669,-99.92808812355554,426.6834827823153,1660.2083258811924
312815,5.94408431196,45.865194603,-261.0174204618786,263.49263836715005,1625.9339658545998
200100,-59.464444444,-10.1649568629,-265.2392400330049,260.0074613607856,1625.3728097914232
312926,5.94776488527,46.0149320084,-232.011694711925,288.99860007032544,1630.2616604976618
312249,5.94787526028,47.0338999627,-202.13475168074484,317.6112653426467,1635.576291928488
310595,5.94825050331,46.6603487698,-135.0790906609052,387.7258542479699,1650.6254053837602
201937,-59.5081666666,-30.3391666671,-361.8652262937499,203.9271857452988,1617.3494328474546
312735,5.95199357962,44.6814066891,-109.31051459736271,416.1726156206221,1657.5380951394436
312075,5.95219163063,43.4899759045,-589.6963285552293,315.66365480319905,1635.1992030971942
201934,-59.5475610118,-29.9937507435,-235.63227861216495,285.6794503739108,1629.6765443522606
311328,5.95613313796,43.7728829409,-398.6510123923781,199.01892332771504,1616.7378954822912
312459,5.95620854996,45.5104981357,-212.1228702227747,307.82062427372244,1633.7032862714848
312248,5.95759670608,47.0315564436,-403.5193198771004,199.1841940420271,1616.7582484719715
310472,5.96016317129,46.1401244228,-559.3998066148342,286.80382037719176,1629.874020355235
201930,-59.6017203813,-33.8139786666,-397.59795752198147,199.00846307835826,1616.7366078687016
310602,5.9603010743,46.8350218573,-122.10012515001914,401.9718707826215,1654.0297082418035
312320,5.96034007531,45.5184503434,-411.89822239022817,199.9172386398278,1616.8487230261708
310185,5.96034339631,47.1390977285,-385.50541858724193,199.5327731897208,1616.8012303380913
310591,5.96076106334,46.5991816998,-299.8250840199071,234.14816606818525,1621.4370954554727
312458,5.96086934835,45.5562962355,-551.1969035011455,279.3902584999505,1628.5858305261822
310179,5.96399764961,47.2017510236,-104.45132059934033,421.6068427517447,1658.9108537534737
310515,5.96454239265,45.8481605646,-432.9420457230676,204.21017270649733,1617.385138265714
310593,5.96460797366,46.6062733724,-446.7553162600143,208.8500055276408,1617.9775077716256
312814,5.96469822567,45.8605610237,-305.08635033396774,230.6948342275631,1620.9420092604387
200062,-59.6479203861,-3.06849431774,-751.0541720584837,492.1368378113402,1678.2227378917646
311303,5.96496342269,44.0353295526,-148.70313132393858,372.9712938490632,1647.2220484444197
310471,5.9650910237,46.1446839682,-316.312660848434,223.81653628355718,1619.9773864964764
312460,5.9651042417,45.5360651158,-522.5027789129653,255.11949041919272,1624.5980565166678
312470,5.96534796872,45.7357129163,-539.3234178502328,269.0133229974248,1626.8377481470309
200047,-59.6563989028,3.82717384181,-248.86981707307143,273.8598961003984,1627.6461942136277
312186,5.96902277202,47.3354990087,-692.4812412542265,425.1194188650713,1659.8070403339543
310592,5.96919952504,46.6106141837,-455.63701618620564,212.5469634564589,1618.4588664901394
200063,-59.7057502289,-2.69759822005,-529.9030625206599,261.1075968270873,1625.5491588896357
310601,5.97222963729,46.8201551011,-118.48046645167146,405.9752692121905,1655.0071933553327
310590,5.97287557334,46.5730914966,-167.22187354508776,353.2887824626133,1642.8773096795455
311248,5.97293521735,44.2597299592,-105.97987319910763,419.89519221330556,1658.4766695042272
312812,5.97301339736,45.8449397254,-526.3365294378491,258.19622465292827,1625.0840536018468
312043,5.97332867438,45.9016439951,-577.3206409855627,303.61640598393507,1632.9163520611175
310023,5.97673130666,47.6605361076,-312.5050594264503,226.0719849429576,1620.2905397557668
310481,5.97700575569,46.3513532763,-100.11081030112223,426.47807429188714,1660.1555465370411
312924,5.97708190669,46.0521854185,-360.8635224679306,204.20894730439434,1617.3849835475642
311093,5.97749934073,45.2351523279,-81.14141743956915,447.94251884134627,1665.7987246459027
310551,5.98100819102,45.5562587075,-176.97745396965496,343.1153932251102,1640.7196786514164
200045,-59.8107068896,3.37861996469,-205.8079382877826,313.98653015812215,1634.8762742075385
311269,5.98126241004,44.5726445591,-111.700977494526,413.50690728584124,1656.8708016073815
312672,5.98133433204,43.1144146784,-409.76571878083394,199.67705745276712,1616.8190430963452
312922,5.98164643307,46.0107207381,-521.3970912175718,254.2425645440144,1624.4605789220934
312729,5.98164670507,44.7860360178,-78.76534326273224,450.6499656783898,1666.5288123557657
312925,5.98520763536,46.0518431255,-271.6519351149202,254.83865751551053,1624.5539794695321
310589,5.98554127639,46.6642059502,-139.13172510943042,383.31454814228476,1649.5947786239833
312452,5.98555106039,45.5816426266,-97.63221130829821,429.2667398337612,1660.8741146677828
310211,5.98737295454,47.9153102007,-282.0648718674042,246.78854517216365,1623.310653225124
201935,-59.8771445141,-31.1061705206,-233.3188314222688,287.796219111994,1630.0489423882784
200046,-59.8850533528,3.56893286944,-199.3042693223834,320.4228392816057,1636.1245939045327
310584,5.98970391774,46.7398021074,-302.01609129012877,232.6929367952991,1621.227588489786
312045,5.99305097001,43.5642501127,-390.32331493757283,199.1819807345361,1616.7579757945587
312995,5.99386981508,47.0934838857,-378.18237107363086,200.42338028225447,1616.9113835364478
311239,5.99424792211,44.414539748,-96.78666914071106,430.2191986565258,1661.1205403999581
311113,5.99428795012,44.77670516,-74.70921583556094,455.280849776435,1667.787019681811
312364,5.99460478714,45.8356188066,-526.5349962048972,258.35700612590267,1625.1096065989905
200065,-59.960337281,-15.0065330835,-524.0812572515861,256.3795381933152,1624.7964052305763
200060,-59.9711111109,-3.11499999959,-453.1432012061367,211.45461595210145,1618.3157743325116
310480,5.9977425164,46.3692133948,-97.8007500032839,429.0769588372249,1660.8250743082451
310008,5.99803925043,47.918746692,-348.49135426956593,208.3000392479755,1617.906609541074
311116,6.00166146373,44.9430448907,-80.98938206324355,448.1156378537939,1665.8452856538322
112247,-60.0184932178,45.8812314424,-230.0331601704101,290.82716837981155,1630.5868062491504
312921,6.00195147975,46.0104103471,-430.7955726581728,203.6156075447436,1617.3101763365617
312469,6.00209089876,45.7189213009,-168.09946997070801,352.36776570801106,1642.6794980019813
201864,-60.0252855354,-3.30194151506,-201.3248279660166,318.4141632197459,1635.7323956518426
201891,-60.0264221415,-4.8977930711,-296.4979830595587,236.40356569650626,1621.7643283535397
200061,-60.0268018365,-3.13996373366,-347.42322738727376,208.70503537934985,1617.9588012797735
200103,-60.0269890715,-4.89736526006,-165.9878188046719,354.5857820696344,1643.1567081967319
111332,-60.0559561639,52.1645407133,-536.2606336003689,266.4096912504334,1626.409239532946
312981,6.00597199508,47.073019881,-370.6796580424888,201.77746805452918,1617.0797869803707
311125,6.00601476209,45.1108900846,-65.66936425493782,465.64129290831653,1670.6449965529223
311107,6.00609500109,44.7354077756,-100.34152103097114,426.21875845047197,1660.0889496954817
311092,6.00637202512,45.4402281079,-128.16895815334888,395.2888032930123,1652.4182669211834
312046,6.00660335513,43.2393440758,-90.3249543846519,437.5166725570872,1663.0254747331473
311855,6.00686581816,43.5189986109,-282.8926184650147,246.16785661330368,1623.2164071606637
112248,-60.0856398974,45.8815394364,-208.6434374925337,311.2074540430123,1634.344813770313
312451,6.01023851544,45.6236316571,-219.95453032235764,300.2959116140303,1632.3022163123123
311254,6.01066033247,44.1441225356,-105.05265388955553,420.93323932474453,1658.7397875539152
311853,6.01444577478,43.5188117229,-258.91170063705965,265.2543963391876,1626.220398846126
310624,6.01451102679,46.5321401932,-82.8757751538566,445.96881655832584,1665.2690702071
310588,6.0146333298,46.6524746512,-116.78727014945238,407.8522935534275,1655.4686297851663
311247,6.01512197384,44.2768683146,-99.03302809976996,427.69006760541373,1660.4673091555608
310059,6.01798522008,47.3356008507,-584.0437678581845,310.12020280351635,1634.1381309524845
313029,6.01888900715,46.2354149877,-483.3852801473604,227.34371220666054,1620.4684675506312
201916,-60.189527334,-33.4088972501,-281.1292385163355,247.49364280212032,1623.4179973356981
311240,6.0194321952,44.4188914914,-94.53528327054244,432.7580569669144,1661.7798971932968
111331,-60.2060487003,51.9811576571,-497.6585260132533,236.64757239229243,1621.7999150219334
112243,-60.2102041107,45.9769578323,-193.97760365668418,325.75584561261144,1637.17737640024
312920,6.02336826952,45.9815685067,-536.0343770588638,266.21860119458483,1626.3779494533203
312286,6.02390593057,46.7601674411,-452.2694565110879,211.08181704067232,1618.2671053726506
311067,6.02416756359,45.5069841034,-99.44669052056187,427.2247810014121,1660.3475251728748
311090,6.02480117364,45.4351630295,-94.39716955846427,432.91393695413666,1661.8204980247162
201959,-60.2560999495,-32.7269924647,-231.12537310868194,289.8164703377822,1630.4068441113204
310514,6.02611619375,45.8032818449,-403.6352714445517,199.19047202251852,1616.7590219295325
310022,6.02648970878,47.6475341595,-334.75827942084373,214.10566348406834,1618.6643030541998
310556,6.02684917681,45.5601940588,-86.93679320444882,441.3559085060492,1664.03964160088
311854,6.02710441383,43.5023837915,-134.78544049507408,388.0462012813996,1650.7006830963965
201907,-60.3019791923,-33.3267603003,-277.39482965968494,250.344394356457,1623.8550448336473
112242,-60.3020744833,46.0230678341,-180.89691872525697,339.06978441723254,1639.8784130388246
112241,-60.3064347346,45.9308755325,-203.49378503239018,316.2669689416074,1635.3157757722197
311978,6.03128285318,44.0439226634,-120.95458523521602,403.2374780084279,1654.3377389507207
312918,6.03138681118,46.0393400035,-440.2110756991325,206.478815935286,1617.673141359534
312285,6.03144336919,46.7812620118,-299.20845790718874,234.56205157992127,1621.496915472665
112214,-60.3434625567,46.8061895299,-190.27424532056577,329.49471579266174,1637.9254130091738
312370,6.03550299453,46.0354843311,-408.2350826179171,199.52718233926748,1616.8005403692296
310021,6.03564860554,47.6356025655,-205.6124653378946,314.17873071413794,1634.913198209352
112213,-60.3691284678,46.710343535,-136.3866601101155,386.30056083756494,1650.2911907143546
112218,-60.3816985529,46.7145490463,-136.37701781578986,386.3110643351209,1650.2936494071955
201890,-60.3852119591,-5.16465660618,-313.3841574245224,225.54403157869976,1620.2169610971114
311235,6.03922872683,44.5144291563,-548.5044026163355,276.999133512311,1628.177327815541
311241,6.03954438386,44.4397951181,-87.85298732632565,440.31688707446125,1663.7643618881038
312284,6.03971708687,46.7816157109,-507.5026356488566,243.645007487408,1622.8357219754328
310019,6.03985446589,47.6911346041,-314.386006105255,224.94761379307604,1620.1340437745216
310479,6.04024274592,46.396867933,-100.50549154965191,426.0344844624448,1660.0416479104272
112217,-60.4049387178,46.7187490467,-136.5511288646733,386.1214184224606,1650.2492662051266
310512,6.04076788596,45.7732570554,-81.67781865080173,447.33186327358226,1665.6346198208657
112211,-60.4105969862,46.6606096679,-86.90154817028471,441.3958910828984,1664.0502466905414
111763,-60.4183597989,53.3935748309,-557.9331816713229,285.4645077709779,1629.6388790290048
112215,-60.4216969862,46.5228096435,-92.19997100290365,435.39578445933506,1662.4687606000132
312054,6.04344474218,43.1272801485,-384.0934096481719,199.67104946285153,1616.8183011209337
311068,6.04385156222,45.501919142,-99.49638240418088,427.16889711273194,1660.3331465421309
311253,6.04388643522,44.1857841091,-106.00475703681187,419.8673442949422,1658.4696191523294
201914,-60.4395730106,-33.2397631271,-279.77574913084845,248.520167437827,1623.5748102472246
112216,-60.443833976,46.6229550567,-93.27700632678355,434.1787467609013,1662.1504369294773
311860,6.0461075344,43.4930774908,-115.69270078378713,409.0671398064308,1655.7683460301441
200058,-60.4658258948,0.514762953737,-495.4084689158959,235.112422562333,1621.5766223305993
200049,-60.468416438,4.63055555628,-154.78025725677526,366.46216898733667,1645.760435830467
312371,6.05143853984,45.9437849866,-419.8429978125558,201.13126250805848,1616.9992812626947
200059,-60.5227095485,-0.856027162682,-508.90760923009077,244.67954918479302,1622.9913655455036
200050,-60.5293390271,4.16864547306,-209.21673160043017,310.6476270499402,1634.2383054615213
200066,-60.5308556472,-13.514314062,-314.2109045412219,225.0514492439977,1620.148464077539
311087,6.05350320001,45.4394242238,-93.70496489602519,433.69540970737046,1662.0242474907607
112231,-60.5356281056,46.3729516711,-92.910292659385,434.5930276313877,1662.2587014396408
311074,6.05563122519,45.4733381316,-123.8469268018813,400.04447404434524,1653.5623580800943
311246,6.05656946027,44.3148800418,-112.72814644742729,412.3630491407065,1656.58569809793
310499,6.05672314328,45.9021864181,-542.7861676566025,271.99404066822166,1627.3332937677553
200044,-60.5686867783,3.20777777756,-326.55298506425277,218.16789199113765,1619.2066328735941
112237,-60.5974770117,45.731835513,-211.49924512737977,308.4257239477506,1633.8174065784337
310015,6.06003929456,47.7939077816,-577.711319535543,303.9915745774552,1632.986150663889
112245,-60.6023869911,45.9439095406,-141.039230184977,381.24464047451903,1649.1150253201051
311233,6.06047344159,44.4601153668,-88.59730583377447,439.4732462146971,1663.5412904356986
311262,6.0605806496,44.522892,-393.5722851444554,199.05144254384732,1616.741898889483
200023,-60.6058301914,-3.31025285075,-364.10595648692015,203.32435563347468,1617.273534204945
312917,6.06081147962,46.0395873495,-264.96131007506756,260.2349302207323,1625.4092130146719
311105,6.06082725562,44.6984593965,-126.72682521288739,396.87351205402564,1652.7980746044213
201863,-60.6111532118,-3.33931358215,-199.8595162811677,319.8700602358653,1636.0164260426243
112212,-60.6145335501,46.831233053,-98.22271312163981,428.60191323287825,1660.7024088839244
201953,-60.6145911501,-33.0020367295,-391.1583324036915,199.14026459386255,1616.7528369631825
112232,-60.6228232378,46.3061512545,-138.75048134368512,383.72874822635475,1649.6910750383995
200102,-60.6472904508,-7.20792019724,-272.53893697919705,254.13601120274288,1624.443905783153
311109,6.06496708396,44.7858563517,-74.55131159381807,455.46135694053993,1667.8363044711862
200052,-60.6563442616,2.82324326774,-328.99098696260813,216.91649721585543,1619.0384978777934
301586,6.06718552415,51.231153228,-737.415100846491,476.3345105685441,1673.656911318613
301593,6.06765238519,51.8646555104,-222.52412818678525,297.8580783653091,1631.8554855419827
201911,-60.6771849933,-32.9057830965,-252.21038996552483,270.9607701183866,1627.160910847214
310018,6.06799797921,47.7518505482,-342.3932984425654,210.71933259559552,1618.219863916989
311076,6.06892560029,45.2771873554,-81.20142489998089,447.874194321931,1665.780353103465
313024,6.06910050631,46.1442880441,-498.4872385846686,237.21916267033185,1621.8834181235097
200101,-60.6919444435,-9.81468140892,-300.8983489464495,233.43230501921116,1621.333874275304
311073,6.06949601534,45.4810696153,-381.7890958681386,199.93109878497754,1616.8504368392746
200088,-60.7185205687,-11.8516856305,-276.9300066845849,250.70324776849438,1623.9104067920914
301585,6.07221230056,51.7104666357,-382.3198161657924,199.8674317066438,1616.8425653424006
201919,-60.7272833755,-32.7228238024,-397.1103617089794,199.0066681909774,1616.7363869321614
200051,-60.7273884325,2.86083333285,-203.84571736330847,315.9194597722214,1635.248603701822
311077,6.07284826262,45.2810855557,-85.77634450735049,442.6728258876347,1664.3894140570978
201954,-60.7519410245,-31.6531666668,-235.83277675930307,285.4966844834823,1629.6445157447827
201862,-60.7650308076,-3.19770156643,-204.20700843357656,315.5629708930418,1635.1797697638106
311078,6.07712455597,45.2944488378,-76.50231839532462,453.23226732600773,1667.228952181271
312390,6.07713556597,46.0354958151,-275.71803032741457,251.64303551419596,1624.0557589469593
311075,6.07738363899,45.2767813324,-76.74524885954264,452.9548935769459,1667.1535701492194
310581,6.077437878,46.8058850059,-723.9642530723419,460.8581592017605,1669.3181643260284
111762,-60.7880404335,53.2518597582,-167.30805991404705,353.19828228192114,1642.8578506532099
200048,-60.7936036729,4.19424978218,-200.75356386809503,318.98125410376696,1635.8428809991492
201933,-60.7977790833,-32.4777793881,-229.90774464144113,290.94342298068926,1630.6075451259587
311086,6.08017596122,45.4433752901,-93.59426677396432,433.82041858209845,1662.0568721992438
311091,6.08032478623,45.3899992187,-73.7639547052124,456.3616701886244,1668.0823915092851
201932,-60.806226091,-32.4397992509,-242.82218922477304,279.19601863976396,1628.552519162425
310586,6.08065760326,46.6650639452,-262.8038317080456,262.010175736769,1625.6943818060017
311257,6.08103645429,44.4775937432,-93.5680286309015,433.8500501289436,1662.0646066994123
312185,6.08121223331,47.38685438,-378.47083485249095,200.38019441771252,1616.906031023716
112197,-60.8269545607,46.8183671129,-66.9542135666252,464.165506841363,1670.2342675766429
311232,6.08516666763,44.4771711882,-74.54808963465213,455.46504027714366,1667.8373103395443
311083,6.0859612187,45.4101829524,-81.58304586348328,447.43974058583854,1665.6635951780625
310506,6.08629988473,45.6272179224,-74.76007315298871,455.22271617607754,1667.7711510182419
200089,-60.8687760332,-11.7516993162,-307.9940751206275,228.84777212621927,1620.680163898207
301580,6.089620279,51.1397321355,-372.1192719783811,201.48336750910616,1617.0431157606142
312421,6.08970098501,45.9105870208,-514.3182233834953,248.74316902129942,1623.6089599964469
312915,6.08971719601,46.0146159024,-512.8652045420037,247.63968038351842,1623.440267501837
311259,6.08986508502,44.5645474504,-279.38665030552227,248.81668810574516,1623.620225029824
311079,6.08999314603,45.333220544,-78.67773294220696,450.7498702059201,1666.5558305489315
311848,6.09053029008,43.1429769828,-580.5572906256276,306.73496768189216,1633.4990759852903
200055,-60.9144977979,2.47311009077,-317.9450915429725,222.8747504172931,1619.8475376465392
112200,-60.926870806,46.6273869231,-150.40840412479037,371.1400990568352,1646.808387145846
311868,6.09370849734,43.8187240317,-285.7619989314146,244.03913009785998,1622.894940489034
311084,6.09388936036,45.4273249168,-83.45038046476462,445.3153916801052,1665.0941982101767
311114,6.09403162237,44.8682816006,-59.64101247866202,472.5793018584737,1672.592026583598
112198,-60.9440500424,46.6396758301,-76.17544194727013,453.60555310366385,1667.3304677395138
312810,6.09460444042,45.7274633337,-80.6458094779032,448.5069161577215,1665.9505829067364
112196,-60.9483284597,46.6435623785,-117.28484725509523,407.30041301814435,1655.3327512288085
311080,6.09750773266,45.3515890776,-78.55404249663124,450.8909270482463,1666.5939874307758
112192,-60.9770482121,46.3648637784,-192.27591621227577,327.4707510227454,1637.5194605321142
311316,6.0980076557,43.9113097794,-418.20509142487293,200.84004208962335,1616.9630834847615
311081,6.0980778537,45.3602251393,-64.39001172233901,467.11180465734503,1671.0554535670644
311085,6.09810839971,45.4304886801,-76.34085205888417,453.4166491979348,1667.2790854010818
311245,6.0993065858,44.3191868761,-89.47094654088238,438.4835591594995,1663.2801094521533
312914,6.10219484704,46.0144370684,-511.10005762228144,246.31112311086062,1623.2381403275733
311070,6.10240080906,45.4986131517,-123.41284152404522,400.5231547388363,1653.6782299854874
310006,6.10251257207,48.0903308252,-571.1537098552105,297.7413754652196,1631.8341881177469
310509,6.10273946409,45.7147108546,-211.253559031199,308.66434480295806,1633.8624693035288
200043,-61.0366666671,3.44006185278,-200.89557979507987,318.8402154258287,1635.8153850049137
200067,-61.048288706,-13.4856937727,-509.40794454859133,245.05005456251558,1623.047263663963
312979,6.10585481935,45.9070330815,-456.10602149871426,212.75704681617813,1618.4864694571675
312806,6.1065347774,45.8734149747,-130.81771222421955,392.3838116987976,1651.7257479767225
311258,6.10732749847,44.5683276007,-205.78663051746878,314.0074773851332,1634.8802973611737
310510,6.10747343148,45.7232270243,-207.35604325617786,312.4671427933321,1634.5851480334127
312051,6.10960521566,43.1480331862,-442.24937113323676,207.18446633293146,1617.7633615382836
312036,6.11162131482,47.4687115047,-560.7984859528777,288.08652031070017,1630.1002220816708
200056,-61.1187624448,1.81909296066,-312.42657266864063,226.1193296549891,1620.2971462326307
112194,-61.1357696762,46.2229857627,-164.62411323230472,356.02158619820096,1643.467146214085
311228,6.11440333405,44.4727294178,-64.76119411251275,466.685054449352,1670.936213890997
112236,-61.1476408072,45.9810275126,-102.77105146282118,423.4906835158027,1659.39062606448
311301,6.1149660701,44.0985516599,-112.74586323985099,412.34332809375536,1656.5807891767367
310507,6.11542825814,45.6898202805,-75.9778348998625,453.8312515735496,1667.3918842763987
200090,-61.181111111,-11.6723862076,-350.043941573923,207.7257650448216,1617.8327739013823
200091,-61.1895126727,-11.6836111106,-343.300395787462,210.34314088569937,1618.170920441857
312860,6.11935488746,45.8934253344,-201.7321176125496,318.0102435919774,1635.653816024471
200092,-61.2017374707,-11.653062286,-190.38667406384891,329.3808436986612,1637.9025096267565
311252,6.12258322773,44.2398328646,-101.14401739534108,425.31710607312243,1659.8576841296972
313025,6.12319007878,46.3147231062,-577.7745407512259,304.0523186147592,1632.9974596737732
310513,6.12335521079,45.6861146392,-77.15903057440534,452.4825384286061,1667.025296277408
311231,6.12698048809,44.4898628853,-96.39583126456878,430.6596513210133,1661.2346691909372
312994,6.1270247931,47.0818165787,-496.96325073976806,236.17057451845128,1621.7303817572022
312857,6.12734177112,45.9349618788,-551.2949313282853,279.4777184535466,1628.6008369020278
312055,6.12752536114,43.1565968519,-657.9692648709328,386.90492289843525,1650.4327645223932
112187,-61.2851044446,45.719016671,-187.23258173689504,332.5839294525731,1638.549651666406
312369,6.1306150964,46.009534318,-509.6907154423065,245.25993205289072,1623.0789645351745
311867,6.13074849341,43.3395653261,-527.3245272855877,258.998063499453,1625.2116439843926
311069,6.13096924042,45.5183187193,-264.11299481837904,260.9309558201027,1625.5207948688867
311062,6.13117508644,45.477891207,-88.22066304690148,439.9000964286461,1663.654106382669
200099,-61.314493934,-5.81466718396,-296.5351359780532,236.37808138651044,1621.7606137176822
201889,-61.314623688,-5.81504780599,-299.75883586702076,234.19254180986056,1621.4435042533394
111330,-61.3226210477,52.2313996438,-429.2717793825072,203.21469486526402,1617.2597512629713
311251,6.1355044968,44.2391692535,-109.76723501096738,415.6629120637674,1657.4101928343857
310580,6.13604110884,45.6774991955,-76.70879130663836,452.99651758330083,1667.1648796050686
200042,-61.422222222,3.35277777756,-306.71686618144486,229.65359424349919,1620.7941461502578
311302,6.14245472137,44.0403697691,-274.825312181715,252.33903995216988,1624.163748496428
311842,6.14380826249,43.2311124091,-550.8751233907299,279.1033661013634,1628.5366375415374
310505,6.1439684935,45.6729103221,-83.13533606112325,445.67362169819614,1665.1900395821408
200054,-61.4396999094,2.87298412586,-181.72844836589337,338.2147042730531,1639.7018256477286
111764,-61.4397753204,52.9686954938,-90.1975936944495,437.6608319318219,1663.0634066845557
312816,6.14457809955,45.8049053421,-99.07290363653092,427.64520958601037,1660.4557555466054
311244,6.14463759956,44.3306192941,-89.41058405542628,438.55192105883754,1663.2981327201635
312047,6.14533832261,43.338359954,-539.6071816961899,269.2561209185942,1626.8779147490184
112190,-61.4563973348,46.0317095448,-167.97791447502414,352.4952683473119,1642.70685304872
112186,-61.4604912381,45.4686914982,-187.11708959383623,332.70154696407144,1638.5735290789585
310491,6.14802945684,46.021945947,-510.0495511365629,245.52676520481785,1623.119306544632
311063,6.14860971888,45.489723234,-85.23535855709079,443.28709541905994,1664.552894867283
310178,6.14968626997,47.2855614516,-96.28829838627493,430.78085640242887,1661.2660946063986
311065,6.15225687219,45.5489381029,-78.71269607098161,450.7100001177783,1666.5450474116062
311230,6.15257327921,44.5021092103,-95.5859587832584,431.5727217838033,1661.4716082539196
311122,6.1560227205,44.9679791748,-51.18677474355445,482.34615287965244,1675.3777789035485
312163,6.15633092452,47.6937717693,-439.6025883014716,206.27399784192374,1617.6470112579182
312817,6.16000631083,45.8398241569,-95.87663731840112,431.24494331775975,1661.386496870347
311061,6.16003629283,45.465301377,-150.5389900568091,371.00001961742794,1646.7768231919335
312247,6.16013282484,47.1309176298,-524.4333550378653,256.6619015134665,1624.8409837687175
312419,6.1608846979,45.9435535775,-391.54661058408755,199.122790368631,1616.7506847037905
312910,6.1609397099,46.0646967626,-259.5253485077326,264.73940291003436,1626.1364771442607
312871,6.16106081791,45.6728228881,-84.48614190848224,444.1381579604481,1664.7797434503118
112028,-61.6107973756,45.6053094675,-192.50653378672175,327.238031262943,1637.4729371659346
112027,-61.6266705189,45.610527254,-191.46432015154582,328.2905142020768,1637.683593543347
112185,-61.6394237789,45.3526636066,-189.89851914776656,329.875429370031,1638.0020420463607
311843,6.16427331918,43.1314140439,-553.4574814517823,281.41425123689896,1628.93427480829
312122,6.16428002518,47.8062487317,-334.30362420969925,214.3194875001843,1618.6926000845026
310503,6.16460411921,45.6515276214,-88.46010756149136,439.6287209971829,1663.582370419813
312418,6.16471254422,45.9404859333,-88.14450549020637,439.98641894558364,1663.6769336931209
310504,6.1656664133,45.6816342069,-83.88478590662058,444.8215568227896,1664.9621942435315
312056,6.16857416154,43.2354408355,-681.8149214626901,413.18902173452767,1656.7914951881912
311249,6.16859284554,44.3401511749,-89.07215482525716,438.93525106807607,1663.3992441612388
311849,6.16876781555,43.2470859304,-118.32098602610475,406.1519478770078,1655.0505417087033
312861,6.16887223556,45.9688117916,-534.2397621365856,264.7090976152658,1626.1315436354691
312076,6.16898195757,43.435634176,-121.76957170745283,402.33693834743246,1654.118466980153
310502,6.1693837766,45.6565766798,-88.16463989353797,439.9635967239275,1663.6708981310696
312177,6.17214345383,47.3816950475,-555.3630309124559,283.13177868798635,1629.2318726777378
312246,6.1729392349,47.1276343305,-522.5223260917361,255.13503588702017,1624.600497778779
311315,6.1729747289,43.9474303824,-109.14383273276628,416.3586800313184,1657.5848217462078
311856,6.17324240292,43.4730493041,-557.172700938396,284.77236511433586,1629.5177786016322
312164,6.1765703192,47.6268917958,-446.43272252287477,208.72598467267628,1617.961503721137
201888,-61.773018747,-6.1837401795,-301.01116148313105,233.3573953016413,1621.32309080823
112029,-61.7938457597,45.5523322762,-186.99099789444801,332.8299855485793,1638.5996125125419
311103,6.18054063953,44.6231569403,-97.99112090504025,428.86262161001963,1660.7697128320362
310129,6.18070886554,46.6972021179,-151.4597313636392,370.0129487626551,1646.5547282425873
312170,6.18106372957,47.4185948656,-351.2561441103071,207.28934538593862,1617.776796581196
312161,6.18126462859,47.6430348191,-280.0507566295669,248.3109728326941,1623.542802045916
312196,6.1850250499,46.8110024193,-128.78460644735438,394.6129437624354,1652.2567192270214
310494,6.18547907993,46.1850846825,-496.50680543877553,235.85870299745162,1621.6849936487745
311108,6.18788426013,44.8194601965,-60.541454547013956,471.54156290779974,1672.2991169032878
310501,6.18877387621,45.6431279547,-79.40661080034019,449.91887374171137,1666.3312647234932
311857,6.18964988828,43.4728917961,-263.7600315481544,261.2213196656936,1625.5674297591816
310446,6.18968813828,46.1778065999,-402.99931483727784,199.15737799258082,1616.7549449606968
311314,6.1898966643,43.9731025735,-108.54655142286391,417.02561797805623,1657.7524715396946
311229,6.19013544332,44.5366146731,-96.0048144060738,431.10042811352025,1661.3489910207445
112002,-61.906279723,45.5570153725,-198.42514083956698,321.29928507549465,1636.2964650197132
200095,-61.9347222224,-9.34722222225,-502.3372217230003,239.9174044296145,1622.2802630230785
312157,6.1935381246,47.8562744728,-284.5157559099867,244.95929197226613,1623.033562675011
200093,-61.9355555564,-10.8736111105,-335.73930331571785,213.64888383305188,1618.6039467420972
311226,6.19406964865,44.4601772158,-167.59266660490414,352.8995070713937,1642.7936428344306
312856,6.19496324272,46.0020803094,-106.77702835724986,419.00334912098253,1658.2510960106692
112003,-61.9521330708,45.7767772787,-180.49489342868333,339.48360327485153,1639.9640263549875
312153,6.19753813493,47.9102376673,-752.5942459210604,493.9276366965969,1678.7487605769575
312993,6.19776183795,47.0812897117,-540.8759735737098,270.3449596655848,1627.058477149046
311058,6.19791580896,45.5648527002,-76.40425441594368,453.34424655225166,1667.2593969529798
311121,6.19793302296,44.9765879115,-59.23534153876865,473.04698913644484,1672.7242285496561
112183,-61.9808815212,45.1733789668,-139.01589497141237,383.4403736909155,1649.6240211097238
312069,6.20119763624,47.4732685081,-560.8193419299048,288.10568667689813,1630.103609449888
200053,-62.0172222222,2.73166666716,-485.6293175344251,228.73623395325413,1620.6644179376256
312070,6.20227462532,47.4979534131,-605.9049904627125,331.9084686818089,1638.4126837975493
312992,6.20264701636,47.0682621506,-118.90429935928782,405.50584877535135,1654.892106524472
310139,6.20273766736,46.8397385537,-446.65974134401563,208.81318560143404,1617.9727554340968
112009,-62.0434585994,45.6397128234,-157.26994562759035,363.809218613686,1645.171735228358
200096,-62.0555555564,-8.93222222191,-310.6007427471745,227.2302794780296,1620.4525573918074
312854,6.20607209664,45.9066855105,-87.1724522063884,441.0885966182748,1663.9687620002558
312121,6.20646184367,47.8062556967,-719.3511448696433,455.5770369728812,1667.8678986847178
311104,6.20733756074,44.6600050063,-93.95357755705315,433.4146921150073,1661.9510179867311
112184,-62.0738975259,45.2561093987,-174.8627504454849,345.30831639852795,1641.179674569476
310133,6.20908686389,46.7192631407,-529.6918141228794,260.933865277645,1625.5212619017684
312176,6.20975499694,47.435552309,-325.0004946970208,218.98388779591778,1619.316779990932
112181,-62.0980975269,45.0146812897,-179.91896258316217,340.07688947434235,1640.0869433053022
201861,-62.1437718387,-4.72694916396,-306.9195236196032,229.52515532531166,1620.775952367598
312159,6.21451049934,47.8364533542,-326.97136708461386,217.95052152415823,1619.1773592409936
311999,6.21466270035,47.0649721123,-89.80331424585106,438.107194667382,1663.1809296842328
312156,6.21488975737,47.8771750615,-288.3717713288629,242.13444658043448,1622.6096206625914
200069,-62.1527777784,-11.9267639867,-169.96314380178637,350.41562994591817,1642.2618562690848
111758,-62.1645256814,53.2354379739,-317.96196617666055,222.8650951379987,1619.846209205323
312035,6.21882840569,47.8674019267,-762.2596388699138,505.1947719420958,1682.0982873909634
312984,6.21997695979,47.0396110312,-126.02470516557851,397.6458188079174,1652.9836926181106
201952,-62.2060755328,-22.7019929082,-344.91377428595524,209.6880352528828,1618.0858948072564
311862,6.22170124293,43.4434338477,-124.80319235483492,398.99063249052796,1653.3077195916
311100,6.22274328202,44.7147177449,-90.29983280509609,437.5451066548837,1663.0329555374478
312197,6.22275291702,46.8687121481,-588.8508071427875,314.8302357485245,1635.0385219276814
311870,6.22322503006,43.4861035752,-400.72386075691054,199.06580184149962,1616.7436668528455
312818,6.22391843712,45.75593838,-80.48635736406871,448.6885369551504,1665.9994880074057
310138,6.22696327537,46.8226649853,-128.77646115549038,394.6218831036551,1652.2588542568806
311047,6.22709999438,45.2187264476,-102.79283119127822,423.46624980144276,1659.3843905397216
112001,-62.2733338314,45.5894362462,-150.493812454016,371.0484791852187,1646.7877412561854
312819,6.2273896634,45.7818049201,-80.75854992038614,448.3785122497343,1665.9160186195672
312154,6.22775635743,47.8974355802,-590.274200403197,316.2340924312219,1635.3094178355923
200057,-62.281194215,1.75028700197,-600.350436350503,326.2861390677783,1637.282973524657
312117,6.23163388175,47.810745111,-696.967334063935,430.16594043166407,1661.10674766959
312160,6.23309955287,47.6768412529,-284.29462852211265,245.12326935347218,1623.058319354089
311106,6.23471828801,44.8232913188,-65.10475045419005,466.290143311423,1670.8259599956461
310140,6.23544507207,46.8771460978,-598.3461796772465,324.2712262430502,1636.8826222472878
312823,6.23574590309,45.7853866484,-84.25151335589445,444.4047654855822,1664.8508901497098
311872,6.2357784711,43.4856191742,-691.7394465758645,424.2865535595334,1659.5939173115246
312859,6.23908259737,45.9936812477,-102.19610465686442,424.13583518919455,1659.5553915243747
311225,6.23933761739,44.4645677402,-66.55948693190955,464.6187804453303,1670.3602910715076
311227,6.23937057939,44.4558628114,-84.67613284520041,443.9223014367538,1664.7221691798572
312776,6.23992219844,46.1609611725,-118.91289150205534,405.49633424069907,1654.8897751598533
312184,6.24004512645,47.4106197599,-524.3092654631273,256.5623348033334,1624.825259061947
112000,-62.4311803314,45.5688668595,-165.66974171871615,354.92043833306644,1643.228957994753
200094,-62.4601364578,-10.4519030866,-201.5448576745055,318.1959131910079,1635.6899247771394
312974,6.24775141909,46.3028519993,-620.354510898244,346.7805755917432,1641.4900726028552
112171,-62.4977737919,44.9349060431,-172.12410011828828,348.15857175713126,1641.7817400415775
111999,-62.5152976874,45.5442094435,-143.93146365492228,378.1142015926622,1648.394139850067
312881,6.25199504944,46.1691666392,-549.8121399336865,278.1578029761734,1628.3748506417426
311098,6.25206674244,44.7310655562,-93.55004238786962,433.87036286130683,1662.0699090638118
311871,6.25208317645,43.5357397283,-262.7933559266752,262.0188362217586,1625.6957776229196
312522,6.25247556548,45.3145108015,-80.05304629122914,449.18218230470006,1666.1325048584815
112355,-62.5316279017,46.3191529726,-492.04254130848904,232.8626182980023,1621.2519513778807
112172,-62.5439857428,44.9273179754,-280.94635872312745,247.63189443890738,1623.439079851593
311057,6.25540973672,45.5559490225,-73.06020519115232,457.16673473819884,1668.3028244887591
311102,6.25610940778,44.6769561247,-94.88057695182027,432.36841229849364,1661.6784691388118
312973,6.25665282582,46.2906044762,-618.2882704223667,344.63327009310274,1641.0377758299933
311313,6.25682825984,44.0105580376,-94.12654283292535,433.21941937608733,1661.9001041490246
112363,-62.5701557729,46.1151934487,-662.3255180285387,391.6632601386153,1651.5547221295437
312198,6.26039147113,46.8816686572,-578.1139969811529,304.37862943650583,1633.0582478600177
200038,-62.6228000913,0.881582737088,-496.27505773829984,235.70074724795495,1621.662028012998
312175,6.26459100848,47.4273739243,-541.438548886023,270.829416344695,1627.1390424925564
310005,6.26471295849,48.0433877483,-578.0428660023459,304.31023132103934,1633.0455008151641
112361,-62.6478144604,46.2020566969,-792.6345270466041,540.891673137832,1693.1617444638382
111990,-62.6514322427,45.622992732,-461.2445711165459,215.15352590179447,1618.8032402222204
312073,6.26717755769,43.4810925758,-373.8906069241693,201.1437476522079,1617.000834281034
312772,6.26824366478,46.1455534982,-422.61202632432037,201.67151535797709,1617.0665697344584
312821,6.26836996879,45.7639940857,-81.91109815409894,447.0663548503134,1665.5633330753685
310498,6.26917512286,45.8978811128,-65.45296897493108,465.88994909020533,1670.7143189394349
311101,6.26922872586,44.6856468385,-87.6416999030037,440.5564445844784,1663.8277770583413
311028,6.26925754587,45.5855594979,-77.52168504289298,452.06864511839404,1666.9130003527978
111989,-62.6927616861,45.4812214493,-182.9543467745089,336.95617382445613,1639.4426961392712
112354,-62.7020527558,46.3645077484,-466.36417012246204,217.70982243984372,1619.1449773361169
310003,6.27267479015,48.052689803,-436.4389033648766,205.25276410396387,1617.517105943026
310444,6.27283521016,46.1516941508,-473.6744961049105,221.64016413622852,1619.6781325943498
310445,6.27306181818,46.1691919532,-438.327761187448,205.85364748641052,1617.5934640784888
311048,6.27340089821,45.2020713652,-87.10276326369627,441.16764162641476,1663.9897171750183
310184,6.2757206314,47.0393693652,-84.46755560021691,444.1592760462714,1664.7853775619044
200039,-62.7600831036,-0.297809071495,-501.3468877760031,239.21667998625023,1622.176781620804
112356,-62.7611527737,46.3020420352,-477.75491777081504,223.97162361993705,1619.9988206887485
312193,6.27684021249,46.7811746058,-445.36586346604304,208.32105283293893,1617.9093151037266
312194,6.27700226351,46.7684768218,-151.5047823552069,369.96467973207433,1646.5438819221433
312192,6.27714524952,46.7852982582,-167.71058775823985,352.77575000001315,1642.7670621953855
312038,6.27753643955,47.8773918495,-618.4359043205868,344.7864762590892,1641.0699573927811
311112,6.27785621058,44.6863291825,-86.81170827863741,441.49781119017683,1664.0772843025356
111988,-62.7812097984,45.4987294647,-195.7652467098402,323.96009020674865,1636.8210137008723
112362,-62.8102756818,46.1688458742,-396.2145622971533,199.00839991660578,1616.7366000939526
312162,6.28127901386,47.6645789739,-282.40562323903544,246.53267722376128,1623.2717738521485
111991,-62.8142526551,45.6150655614,-176.83322766098462,343.26473073703596,1640.7509153475903
312032,6.28159268389,47.6480553496,-295.3188802456652,237.21580835348425,1621.882927519364
311097,6.28159902889,44.8437637225,-86.20495105097233,442.18631220283595,1664.2600835042367
111985,-62.8166977983,45.7481094744,-491.4389321659843,232.46518472556696,1621.194915164576
311054,6.28512740518,45.3729146703,-71.90917550752698,458.48418585307274,1668.6643279951004
201887,-62.8564129056,-8.08927414516,-316.2616338472797,223.84622097377996,1619.9814880084982
111904,-62.885244298,45.2767830004,-181.55677273965426,338.3911487102748,1639.7382292218003
311056,6.28924451352,45.4822935714,-71.39549033700288,459.0724263611411,1668.8260495003938
311224,6.28936833353,44.5310634107,-121.16297007176988,403.00715613963877,1654.2816140989248
312855,6.28966850956,45.9653297233,-81.72750230850922,447.2753122678928,1665.6194330669675
200068,-62.9020188244,-12.8520885192,-529.8458689177155,261.060544728647,1625.5416017008001
200082,-62.9479811762,-9.55583333251,-512.444697943096,247.3219826040656,1623.39183622599
200097,-62.9520796135,-9.17718840818,-498.4300589394038,237.1796180123863,1621.8776347328078
310496,6.29778038023,45.8944082235,-76.23926088102515,453.5326675136486,1667.3106403271202
310183,6.29809037625,47.0118729429,-128.602374299037,394.8129574408425,1652.3045004505584
200080,-62.9850074383,-9.88920697709,-201.98245876639163,317.7621374798782,1635.605596365385
200098,-63.0106325104,-7.50192383557,-306.38334556498774,229.86544284776076,1620.8241769734254
310143,6.30187150056,46.7521020414,-418.5276442922567,200.89571986434325,1616.9700000636367
312880,6.30189321957,46.1762956168,-552.0026922249333,280.110013315405,1628.7094616307545
312120,6.3022977456,47.7894378323,-348.2410537313477,208.39422168763767,1617.9187379095347
201859,-63.0270494827,-4.05631696648,-203.85026668825748,315.9149692675357,1635.247736171279
200014,-63.0271754017,-4.05611431646,-196.03706973827798,323.6875578250184,1636.7670958131796
111982,-63.0516978798,45.7278094667,-190.57658999558853,329.18854104924475,1637.8638485552196
312853,6.3059076529,45.8896758851,-85.21105903004477,443.3146916835175,1664.5602442412344
312074,6.3059590979,43.4689515508,-140.75708908462212,381.5505396532705,1649.185770359327
312191,6.30607150491,46.7561340008,-265.21431709836673,260.0278478119897,1625.3760710936162
312820,6.30622089692,45.731265933,-81.4906884147674,447.54487475432745,1665.6918399766664
111924,-63.0677978761,45.4728094216,-427.1914075032048,202.69594265886144,1617.1946500085726
200079,-63.0732427906,-9.92244491784,-187.23792829087319,332.5784850690506,1638.5485466036123
312135,6.30906893216,47.7942724727,-615.2708614394066,341.50950019414665,1640.3845980649905
312723,6.31020531825,45.0434638261,-75.66169049638194,454.19239399465783,1667.4902163456863
112326,-63.1066979203,46.335809572,-444.9711798515996,208.17328700530294,1617.8902954986092
112333,-63.1229457427,46.3186640326,-482.86812618109445,227.02666482874525,1620.4240177772142
112168,-63.1431785473,44.7900170301,-183.3222670904862,336.5789488626264,1639.3652063111062
312542,6.31476305263,45.7770206538,-77.31043814871992,452.3097276747869,1666.9783983589066
311050,6.31505245966,45.2322518287,-67.10314963951485,463.99450603148,1670.1867537713806
201858,-63.1620999999,-4.06079999985,-206.42264133827211,313.3826330596843,1634.7604000432007
200041,-63.1647458241,3.54986551186,-503.4924291791414,240.7405252845559,1622.4021977796594
310130,6.31858750595,46.7604729881,-292.9643021226484,238.85766375833995,1622.1238776314458
111921,-63.2054342455,45.3738354974,-175.9826507260275,344.1461187859791,1640.9355386246707
111986,-63.2185747286,45.6439950927,-145.4145070017132,376.51283816421784,1648.0275507856234
112167,-63.2222095079,44.873486113,-162.67244022891146,358.0810217692597,1643.91450781277
112325,-63.2225454849,46.2983894769,-294.4147175358266,237.84317150248165,1621.9748040818463
311051,6.32308663032,45.247899543,-80.16411029614136,449.0556410880698,1666.0983943450046
111984,-63.247451535,45.6936702249,-231.37693193290545,289.58412902972566,1630.3655598153102
111923,-63.2555877096,45.4232707865,-435.27662744616094,204.89612382214693,1617.471889215799
312143,6.32638305659,47.8849522842,-586.4740612687783,312.49539718981026,1634.5905493764496
312850,6.32691453464,45.864795866,-70.46524992578705,460.13812379018896,1669.1195235246457
312977,6.32718637566,45.8858771248,-86.51870787116606,441.8302512237244,1664.1655151283496
311979,6.32727198567,44.3607027266,-104.21342485740982,421.8734148495986,1658.9786222259909
111922,-63.2730979431,45.368968481,-449.1638098934687,209.79895461419034,1618.1002726046343
200081,-63.2853608821,-9.76012601541,-204.6008754501308,315.17464183696325,1635.1048729983784
112340,-63.2891328604,46.1978432926,-163.41119711834097,357.30084485641424,1643.7447443508656
112328,-63.2899979865,46.4142095825,-275.6389526234441,251.7045593979349,1624.0652930432611
112341,-63.2932270848,46.1982362726,-159.62612533945617,361.30611333426504,1644.62001641069
312151,6.33075689795,47.9147221326,-455.7600129591667,212.60191628803403,1618.4660841844445
311053,6.33087468096,45.3145994765,-62.614086210794746,469.1547874249341,1671.6276814559278
112342,-63.3313456719,46.2062304963,-164.96359810193934,355.66390520147223,1643.3896994654517
112329,-63.3356061483,46.2021013909,-163.76636567092305,356.9260351326406,1643.663312665186
311222,6.33476206629,44.6148937806,-100.78318619226803,425.72245533237583,1659.9615958871495
112339,-63.3478809843,46.1977562196,-163.97595814821366,356.704935212654,1643.6153143759184
310136,6.33535597034,47.338935254,-108.3646524023876,417.22879315402605,1657.8035941216774
112331,-63.356673362,46.2058565462,-181.22948178323435,338.7276659043459,1639.8077089997446
312849,6.33587230538,45.8604821737,-73.39081308577136,456.78848959809915,1668.1992132462171
111907,-63.3600447533,45.0315588941,-212.29021827644408,307.65839241441165,1633.6727264874705
312879,6.33629130541,46.1655609419,-430.96392667525345,203.66098308701947,1617.3158896387422
312174,6.33896745063,47.4767219764,-586.4873937242937,312.50846178348166,1634.5930470708188
312541,6.33931482566,45.8018861318,-90.73864159846352,437.0485061638641,1662.9023686272296
311290,6.33952070468,43.7438712045,-72.38620323415466,457.93808001418626,1668.514361931915
111983,-63.4012283857,45.7612398504,-207.6364312864719,312.19249139375864,1634.532667929469
312767,6.34054776377,46.0732770803,-292.6734087755925,239.062321904445,1622.1540261640787
312119,6.34060886077,47.7776614993,-349.3666649573154,207.9741703670919,1617.8646872918223
112330,-63.4062779031,46.2855696878,-188.64937966041933,331.1429536927667,1638.2577778317902
112299,-63.4356778185,46.226989566,-175.1382917196226,345.0221867544898,1641.1194960144844
310147,6.34390755004,46.9434532203,-564.8343996918404,291.8168715367852,1630.7636178672562
112153,-63.4598110325,44.7014027508,-206.7111263307737,313.09948989603845,1634.7061452809016
111914,-63.4765291939,44.9770533516,-585.0474434521238,311.09960422458255,1634.3242807333793
312118,6.3482676554,47.7601499078,-384.87720962474737,199.59231232652922,1616.808579265287
312962,6.34856280843,46.3352143069,-439.77567825741113,206.33198597455078,1617.6544066277531
200084,-63.489211294,-8.76848004436,-310.22754753303286,227.45960098035803,1620.4847302347928
111906,-63.4973071876,44.9604625302,-433.3146431533886,204.31691477326083,1617.3986189274583
201886,-63.4980758517,-8.66415787573,-320.87878443630945,221.2210682132882,1619.620835833935
111905,-63.501898008,44.9723341022,-607.8165152281385,333.8559436843419,1638.8083115420632
112294,-63.5024980591,46.3561095687,-388.8512966499595,199.2692635725227,1616.7687312199976
200083,-63.5072222225,-8.74888888874,-218.96891111727518,301.2351497141228,1632.475269726704
311312,6.35130916566,43.9606353895,-89.6473925490266,438.28374586537643,1663.227444679702
200085,-63.5149256211,-8.4559139205,-239.30839381934092,282.3462013904107,1629.0955368809957
311052,6.3518561667,45.2734167271,-84.90486515919817,443.6624642605269,1664.6528986667788
312318,6.35207519472,46.106671201,-201.24621259946468,318.4921659884782,1635.7475815791436
312169,6.35215254573,47.5067187419,-468.43951665257475,218.79269205287912,1619.2909352373129
111917,-63.5391787701,44.9358056652,-252.43217242368794,270.7695533137174,1627.1290796515484
310443,6.35608807505,46.0860355683,-414.2374404945461,200.22256859274955,1616.886504310016
312964,6.35642033908,46.3397749223,-447.19838935500354,209.02153542875575,1617.9996579477329
312544,6.35729139515,45.7651987458,-82.18868856731515,446.75046447619235,1665.4785703681928
312768,6.35992665237,46.0898370136,-407.597674094497,199.47033145467032,1616.793525462241
312240,6.36037027441,47.327361111,-411.26752245564734,199.842405870652,1616.8394719421456
201904,-63.6073899998,8.14408629799,-179.93694832562534,340.0583535659647,1640.0830999299944
311111,6.36107577646,44.6896677088,-75.39839667498777,454.4932155001328,1667.5721794817864
311221,6.36108219646,44.6392208886,-87.00025441792354,441.2839193375672,1664.0205492456848
112306,-63.6238981001,46.3219095608,-776.1595522577104,521.478692575548,1687.0604368712725
112296,-63.6267348964,46.3437324116,-405.54933057856243,199.30982214446936,1616.7737306281438
112293,-63.6275357374,46.3437301476,-386.16614883386814,199.47358082640835,1616.7939263535397
112307,-63.6280981045,46.4011095744,-382.1919484490948,199.88256488699346,1616.8444361136876
311311,6.36422089472,43.9522237448,-92.63891039434607,434.89967895817693,1662.3389009476712
311307,6.36475655777,43.8728516032,-107.93137997977999,417.71286138576875,1657.925488498525
312147,6.36499690079,47.9236219594,-414.1796561044969,200.2145000202063,1616.8855051809717
312116,6.3651573288,47.7679878435,-600.17929709284,326.11379908916035,1637.2486374409816
112152,-63.6602801981,44.7315169302,-428.92276165100327,203.12535524809155,1617.2485278369088
112298,-63.6690786659,46.3437992666,-374.1209551425865,201.10139236250689,1616.9955661213558
111966,-63.6732257252,45.6481094421,-473.7531074398944,221.68416639870574,1619.6841545430623
310146,6.36835931107,46.8812316131,-111.81931328346109,413.3750794260931,1656.8379061140874
312545,6.3687135121,45.7644314677,-82.56886410246949,446.31792473820957,1665.3625973909127
311220,6.3687746031,44.6355001063,-86.92624825393463,441.36787078355695,1664.0428144149405
312236,6.36940275215,47.3263020689,-520.9845914119383,253.91662533658538,1624.4095984290125
200087,-63.7017138696,-8.79846925384,-332.941653537251,214.9680441672973,1618.7785984683323
312115,6.37187075336,47.7726970619,-614.8638488525901,341.0892512948196,1640.2971585035577
111898,-63.7229787193,45.1769302991,-339.9098205661409,211.7779761259701,1618.3580574205441
111908,-63.7231761503,44.9601531852,-188.3094751868065,331.4883379817147,1638.3276256792674
311169,6.37309861046,44.8059645864,-83.56390400752102,445.1863241852429,1665.0596848424243
312241,6.37381091852,47.339695737,-125.67531104096396,398.03032683125963,1653.0762329437155
312683,6.3760433147,46.3406169754,-591.3732633154927,317.3208771440577,1635.519926481319
311866,6.37742104382,43.7935826436,-100.86952591141042,425.62545349309295,1659.9367209346226
111932,-63.7766124758,45.4149022198,-166.4447448852268,354.1052937302052,1643.053087971822
200086,-63.7851872355,-9.18304992366,-502.2512341246627,239.85638203503404,1622.2712396048084
312959,6.38074223609,46.2971757058,-163.024452021474,357.7091785191642,1643.8335521709128
312765,6.38099723011,45.9559399236,-74.95359244227231,455.0015256411309,1667.7107900297767
312235,6.38162039716,47.3180081183,-516.8519358748615,250.68830942378437,1623.9081006410863
111756,-63.8432763453,53.6898328595,-488.1287487748245,230.31890381045827,1620.8885490058951
311046,6.38511173345,45.2639550913,-68.1437668437927,462.80011961572944,1669.8553355193135
312239,6.38520839146,47.2480973145,-458.6534801319948,213.92354861863822,1618.640224231307
312761,6.38550479148,45.9775420003,-72.99579014508576,457.24043986292713,1668.3230234855685
312317,6.3857080305,46.0856016943,-86.02615383450986,442.38924942539535,1664.3140144976098
310150,6.38586078651,46.9480022506,-655.4743156415994,384.1890801000822,1649.7982119380943
111968,-63.8686829634,45.731495852,-599.2011657079339,325.12984440083534,1637.0529333427482
111965,-63.8687333624,45.71920865,-601.2625918202837,327.2056020366982,1637.466456709933
312885,6.38940494481,46.1451217682,-116.34956233028146,408.3379639625227,1655.588349698996
311306,6.38960830182,43.9642674138,-102.22767833581725,424.10039894822484,1659.5463353682019
111933,-63.8972589277,45.3853541313,-163.96561731805974,356.7158423435263,1643.6176815259798
112140,-63.9102318588,44.7232515196,-179.34552250260586,340.66814585938397,1640.2096440544592
111962,-63.9103798458,45.8689481644,-494.7691612968832,234.68076623920368,1621.5140927197042
200078,-63.9187086045,-8.76445736603,-308.25811028955286,228.68226894920429,1620.6568023421062
200077,-63.9187983455,-8.74634705353,-294.93818808973214,237.4794800278249,1621.9215129839888
201885,-63.9231353529,-8.73566762565,-228.61922661793588,292.140179129303,1630.8215031411887
312366,6.39333175613,46.2985406229,-462.73818120243527,215.88217585902893,1618.9002454443
312238,6.39345506514,47.2364614595,-557.064775605032,284.6742676712849,1629.5006380852287
312372,6.39355816615,46.0192638178,-77.60533117425351,451.9731936807038,1666.8871163494907
311223,6.39371063616,44.5410490615,-97.33483362703453,429.6016544476452,1660.9607076478778
311308,6.39401281319,43.931161631,-105.787257831417,420.1107693799954,1658.5312627125957
311124,6.39479618825,44.9905829637,-92.59171997594746,434.95300813128205,1662.3528536771116
111190,-63.9601107369,46.1563402141,-450.9311909383539,210.52089888954518,1618.1940364848856
112141,-63.9653361404,44.6887894957,-171.631535365874,348.6724238847182,1641.890785047419
311027,6.3978152395,45.6854718642,-81.56314946052142,447.46238894046246,1665.669679246846
312437,6.39837885755,46.2060394933,-172.38245307374024,347.8892003882762,1641.7246378710347
312878,6.39851285056,46.1975584465,-95.493071698941,431.6774784321362,1661.4988222179134
311218,6.39856633057,44.4519970041,-73.82144671913589,456.29591606291353,1668.0644033914516
200037,-63.9900446274,0.226935085922,-625.2714660525457,351.91655177533744,1642.5827681609928
111892,-64.0157315575,45.0148431457,-184.57484290705818,335.29640292127516,1639.102366741605
312148,6.40203463485,47.9898203608,-291.3033008332345,240.03157278420315,1622.2971511961807
312884,6.40231167288,46.1566906942,-119.85195073581802,404.4568922187528,1654.635388389006
312947,6.4025697029,46.3520655333,-459.9183440713368,214.5185384264832,1618.7189670151577
312873,6.4025918619,45.7515512056,-151.4894605912712,369.9810956578213,1646.5475705214676
111893,-64.0268305435,44.9979096583,-558.6259321644949,286.096391066949,1629.7496850214507
311022,6.40690000026,45.7018999995,-84.0774676108839,444.60255892384527,1664.9036987908992
312951,6.40700640426,46.2906125382,-459.480172409619,214.3112451570895,1618.6915087955358
111934,-64.081595605,45.4102938424,-172.0942796476297,348.18967054915765,1641.7883351769544
312848,6.41011566052,45.8438091843,-67.81459644929242,463.1778553248175,1669.9600643456367
311021,6.4110973076,45.7477108103,-86.21688204411694,442.17277120814873,1664.256485774918
111963,-64.1229896924,45.8900459691,-418.33626390401264,200.86258547728968,1616.9658837126424
312237,6.41559311697,47.2220443553,-553.4131497616188,281.37441711498803,1628.9273935485228
112275,-64.1816983113,46.7442096228,-470.45102036954677,219.86735871980014,1619.4364903497778
312134,6.41840370621,47.8186469387,-449.64264386915727,209.99242207061894,1618.1253684968513
310016,6.41841658721,47.8186509917,-446.4831628772216,208.74532816693463,1617.9639992526122
312883,6.41943196429,46.1812479212,-117.44126026444425,407.1269781421686,1655.290085506815
311042,6.41969852931,45.1357808267,-82.08779519982409,446.865272007643,1665.5093701845242
111891,-64.1982945656,44.9521220155,-234.79658017842803,286.44242436747214,1629.8104654601714
111894,-64.214143736,44.8893420743,-468.5249000933251,218.83780934658444,1619.2970319387355
111889,-64.2230052037,44.8813370996,-121.60277786388401,402.5211884178906,1654.1632924144267
312146,6.42248378154,47.943304071,-404.7471756520582,199.25619776585566,1616.7671208909744
312945,6.42333806862,46.3149523133,-228.39377163595213,292.35001769028435,1630.85910602035
111955,-64.2478326327,45.5934384126,-196.47912142001027,323.24465033961485,1636.6795638790036
312234,6.42493873675,47.3224242756,-88.15784197818917,439.97130208488636,1663.6729358573625
111956,-64.2553880034,45.7280040967,-606.26519353384,332.27496069853674,1638.4869667938162
112276,-64.2720041457,46.7187747957,-504.1396030614469,241.20433468872804,1622.4710850793665
111878,-64.2726949178,45.0977804786,-572.2815254169337,298.80907795236624,1632.029336719389
111890,-64.2727251578,45.8606915947,-732.977611422758,471.2164313989216,1672.2074680093735
311166,6.42736132095,44.9144725074,-75.26291776047674,454.64802285040224,1667.6143785443219
312114,6.42742151795,47.7945420597,-306.86767010004064,229.55799804276873,1620.7806036942166
310439,6.4292466031,46.0771491176,-85.89899551638455,442.53359018507456,1664.352387353134
311876,6.43141146028,43.5897470378,-162.03622826879402,358.753513931297,1644.0611225267867
311043,6.4315748133,45.1726422387,-88.48787350671947,439.59725513965304,1663.5740553315632
311045,6.43181404332,45.2392368473,-64.88974694318433,466.53727683583503,1670.8949462857865
112138,-64.3316982777,44.5639092344,-190.5660021753463,329.19926022769846,1637.8660029991613
310058,6.43474451256,47.5856923304,-338.2158173086274,212.5239555477854,1618.4558450966967
312946,6.43543707762,46.3230057099,-128.44768906762533,394.9827633657218,1652.3450832686274
312764,6.43576138664,45.9476398689,-94.93365823147158,432.3085213954344,1661.6628865438058
310149,6.43582187465,47.3684184004,-97.15833814635613,429.800462079372,1661.0121396454713
312112,6.43589669365,47.7478292948,-323.69457449528835,219.68166185076757,1619.4112891416748
111952,-64.3686270547,45.7027812386,-581.7068199451223,307.84818213376457,1633.708478918148
200020,-64.3813287928,-6.53885548688,-320.5358083697134,221.41179552763128,1619.6468979517588
200076,-64.3936767638,-9.25590815469,-315.74346702237335,224.1485018517111,1620.0232843167262
311322,6.440027381,43.8016355333,-79.26110133520913,450.08473990007377,1666.3760571782416
311177,6.440122587,44.7393290199,-81.40009954822779,447.64800158861715,1665.7195514768587
312944,6.44024737701,46.311779075,-128.15626349561578,395.30274364309383,1652.4216017644353
311013,6.44054259604,45.6274795264,-77.70695672740361,451.85723183791265,1666.855677258894
111186,-64.4189740439,46.1774439169,-197.51939424214396,322.2038266010191,1636.4743189926096
111755,-64.4227987142,53.2307823325,-495.74096708284014,235.33771908211037,1621.6093033985576
311219,6.44356555129,44.4229207947,-79.20104532525912,450.1532020442056,1666.3945499660747
312938,6.44399965732,46.360511485,-579.071547825961,305.3005051575059,1633.2303234067795
311026,6.44436431635,45.7141506936,-55.232282638916146,477.6672959994205,1674.0367189859912
112121,-64.4468983042,44.2350091712,-178.18803733317088,341.86321114753014,1640.4582731609134
111954,-64.4519495386,45.5855791099,-172.4921059155892,347.77490163848694,1641.700421226615
112137,-64.4522448827,44.7358232296,-188.43961365128334,331.35607746702635,1638.3008700847106
312937,6.44739119061,46.3554454916,-577.6799936962921,303.96147954127264,1632.9805485341535
311044,6.44775130664,45.223576196,-52.615472220076725,480.69270435829566,1674.9024947349255
200040,-64.4853311314,4.00219627129,-201.79011563362437,317.9527522708883,1635.6426393080542
312759,6.45240818702,46.0685790139,-84.37283832151331,444.2668993778862,1664.8140943447188
111936,-64.5271347779,45.4226881854,-137.62765170563904,384.94959399584224,1649.9754788370492
111876,-64.5390311648,45.0813649592,-459.8801479550872,214.5004187920853,1618.716565834787
112131,-64.5522571129,44.4091441186,-279.4690036908528,248.75387650571048,1623.610600458929
310056,6.4558149083,47.6138601367,-186.71579602065077,333.1104053877448,1638.6565939889826
312173,6.45608761232,47.569101015,-216.3513544024546,303.7405093823011,1632.9394317872923
111938,-64.5812242003,45.5312200034,-199.0380226743115,320.6881153827075,1636.1765669369852
112130,-64.5932891733,44.4480727588,-169.91081376440508,350.47037384258675,1642.2735380524612
311159,6.45971922963,45.0142588476,-89.18399673698605,438.8085610400642,1663.3658178789287
311305,6.46002620265,43.9600403584,-101.05954268357107,425.4119932771581,1659.8820002849693
112133,-64.6022623451,44.6064715939,-195.35901962166608,324.36763640668073,1636.901724109924
311858,6.46029882067,43.4435016747,-552.5734862272287,280.62100813944886,1628.7974217364128
310055,6.46075585771,47.6269708318,-601.829339249723,327.7776559109791,1637.5808629073806
312877,6.46086788672,46.2438275044,-163.73117712789065,356.9631617256686,1643.6713752070914
312030,6.46133478176,47.8407744645,-603.7497886522963,329.7204068072947,1637.9708292613618
111875,-64.6351914798,45.0257627716,-195.63648492894893,324.08923655181104,1636.8465792781928
311012,6.46441750001,45.5607765519,-57.66280028781047,474.8608675822001,1673.2380985403438
301686,6.46454283902,49.5054363302,-729.6647003722812,467.40323850605387,1671.136941789012
312052,6.46471898404,43.5232540083,-525.8048412095856,257.7662166713483,1625.0157886319275
112116,-64.6604832249,44.1768440254,-464.2404641658119,216.62936444854301,1619.0000532388397
310438,6.46805433231,46.0721828042,-82.31973435067835,446.60135712525164,1665.4385797837463
312144,6.46858771736,47.918877442,-236.79115148859591,284.62459965108707,1629.4919618005263
312141,6.46999591148,47.8401842065,-191.811475220753,327.9397194214383,1637.6133091851073
201857,-64.7022319483,-3.3434890825,-506.88163650632714,243.1905151971168,1622.7675488275654
312909,6.47213499865,46.1354327514,-87.70113330581711,440.4890556619881,1663.809934759369
311304,6.47242946968,43.9598593084,-100.39151287133483,426.16257407023403,1660.0745255512334
310057,6.4726722647,47.6223881434,-593.3106328269511,319.2424768832064,1635.8938382097142
311874,6.4727453097,43.4071063917,-115.93865449029714,408.79406156284176,1655.7009016169043
111150,-64.7282838975,46.3146909492,-216.2169844153346,303.8695452343252,1632.963438466061
312145,6.47289909672,47.9768909048,-399.737701489739,199.03915237433046,1616.7403857836537
310151,6.47326267175,46.9973098687,-518.9853116750276,252.34634986159807,1624.1648842203358
111879,-64.7433408267,45.0649641608,-495.8389363100526,235.40420534341865,1621.6189536199163
112048,-64.7562276978,44.0644749581,-606.1863884758559,332.1947603874962,1638.470704551928
112132,-64.7687325088,44.5939715649,-183.7352101774482,336.15583304069946,1639.2783884786843
111939,-64.7691984639,45.4728093896,-185.6853101195219,334.16159144078085,1638.8706050326916
312907,6.47746725709,46.1404024168,-77.90840842742689,451.6273825732696,1666.793383576971
311019,6.47791641413,45.7638605247,-66.9288175609971,464.1946666574457,1670.242371453677
201860,-64.7976505942,-7.25625101724,-385.7745604381547,199.50823724912672,1616.7982024904156
111838,-64.806624033,45.0271785147,-409.2816147040697,199.62761798825366,1616.8129380697228
312936,6.48068670836,46.3353101669,-231.446360050826,289.5200341202096,1630.3541765527368
111197,-64.8070125,46.0647025676,-500.33106102187264,238.50267982269864,1622.0716442650103
200075,-64.81855647,-9.51024560974,-384.4343898553417,199.6361890443014,1616.8139963589247
111834,-64.8389780107,45.0233707894,-459.83625585639584,214.4796087507534,1618.7138083725183
112117,-64.843425747,44.2731457903,-592.6989460737863,318.6349655878301,1635.775391715239
112123,-64.8474984414,44.2528091666,-196.86503304306092,322.8582941371646,1636.6033022510815
312034,6.48541091975,47.7432944654,-603.5226552730769,329.4902903447218,1637.9245227657575
311217,6.48556618876,44.3975639996,-71.96646460724781,458.41859276046415,1668.646306751215
311864,6.48557166576,44.0767622381,-130.82272134402734,392.3783249885777,1651.7244445629624
311211,6.48571952878,44.5517335794,-89.83817328074919,438.06772607388336,1663.1705334912376
311170,6.4860029438,44.8398386442,-90.96856541014654,436.7883599618828,1662.8340152415021
111195,-64.8767277638,45.9559972006,-204.91505024622836,314.86511169575687,1635.045237725601
111149,-64.8775149978,46.372738943,-207.24867169731493,312.5723612457801,1634.6052648455368
200021,-64.8895747698,-6.31479706134,-533.9025406726669,264.4266846806402,1626.0855950463308
312898,6.4895825961,46.0729455992,-85.41777729774532,443.07994162560084,1664.4977397151763
311167,6.4896503391,44.8478023659,-86.63465400007593,441.6986904241128,1664.130591019936
111205,-64.8975570165,46.0071509958,-226.75949028443932,293.87497174132767,1631.1331612906263
312908,6.48990083112,46.1276668038,-75.90127578514024,453.9187013635627,1667.4156885112866
301690,6.49001658513,49.5229015657,-733.4978608135652,471.8158573287614,1672.3764809614072
311017,6.49014215614,45.7978484855,-74.73152640863896,455.2553469582582,1667.7800579752923
311010,6.49027176615,45.5066077994,-87.65201058506611,440.54475356589876,1663.8246814915399
200070,-64.9101041295,-11.2103995244,-720.0133277192301,456.3342356515209,1668.074886050876
201883,-64.9308729503,-9.61885660572,-612.5971229615366,338.7537226695132,1639.8130916261277
112061,-64.9360738397,44.1393007832,-264.64228472154207,260.49637876900147,1625.4510925271632
311289,6.49374902244,43.8353238401,-79.05436782812367,450.3204208517097,1666.4397295678132
311210,6.49407570047,44.547770121,-91.9182431118698,435.71428243196317,1662.5522027176125
312140,6.4945209765,47.8650765525,-190.50458292006232,329.26144544788025,1637.8785029129642
111300,-64.9646594071,45.6186146756,-111.64244117927075,413.5721223113432,1656.8870785901777
312906,6.49753854175,46.1860319176,-94.25245716350824,433.077280581449,1661.8630574754975
310433,6.49788113978,46.0684596229,-104.9051174299825,421.09847852726926,1658.7817274927904
312763,6.49791042979,45.9438529876,-107.22610741676257,418.50117053011354,1658.1242777853113
311004,6.49822811381,45.38133561,-91.9438279433682,435.6853558269114,1662.5446219960556
312896,6.49854409784,46.1269253527,-77.52838280139372,452.0610019005175,1666.9109275199094
111833,-64.9889719691,44.9607704082,-360.99016078250474,204.17290930722064,1617.3804338314965
112125,-64.9891984961,44.4067091924,-204.22771029395633,315.5425522373586,1635.1758294197145
111097,-64.9936570595,46.8396639557,-504.73237527151616,241.6308316522846,1622.534544979231
111299,-65.0147668242,45.5522597312,-85.58522900199291,442.8898058644199,1664.4471367347803
312760,6.50181264211,45.9438262666,-103.9070343632261,422.21680920090034,1659.0659796457087
112126,-65.0225130558,44.3975895066,-494.8035060614809,234.7039042819623,1621.517441636439
310809,6.50225144514,43.7438268525,-157.21358577128302,363.8691838609401,1645.1849968345846
312897,6.50231416315,46.1144913307,-85.34042516444595,443.16777932806184,1664.521123771204
311208,6.50269624918,44.5602817451,-102.2346129440327,424.0926161075588,1659.5443464646971
310440,6.50282409219,46.0894674396,-83.72917407173526,444.9984416000139,1665.0094605954725
111194,-65.0356186909,46.0230821071,-219.26665674766275,300.95117471597644,1632.4228926380906
200071,-65.0433333326,-10.9175000002,-654.7691359286965,383.42273285039937,1649.6199207430948
112118,-65.0516207692,44.414497211,-493.8067940381931,234.03480016427744,1621.4207284150275
111098,-65.0549482305,46.7944072819,-485.7361960882309,228.803232172544,1620.6738752440565
111835,-65.0554998936,44.9486853452,-370.26296361235177,201.86560986593273,1617.090787585079
310473,6.50636816749,46.3804995657,-104.45215471758476,421.60590817240853,1658.9106162333965
111146,-65.0641450983,46.444493764,-208.78997120683886,311.0642960045625,1634.317560052146
311018,6.5065784765,45.8436203673,-79.38392489555434,449.94473241381905,1666.3382468973484
311288,6.50677236952,43.8438318828,-72.51320040959529,457.79271797736993,1668.474471929101
311009,6.50710974455,45.502008882,-58.79472868195306,473.5550726857231,1672.8679857395698
311025,6.50752111758,45.7182671779,-53.73607205915046,479.39664293848864,1674.5309886970376
112053,-65.0816985057,43.8594090891,-502.578559657446,240.0888564125451,1622.3056277469634
110945,-65.1026492125,47.339231315,-477.862883358089,224.03461337433885,1620.0075304873662
312044,6.51039382082,43.4319329127,-133.6291907783982,389.30848557105526,1650.9978763716244
110946,-65.1063986668,47.4347097209,-202.81758209126767,316.9353754445703,1635.4451758020432
311865,6.51072789285,43.9730033875,-84.2432975852464,444.414101761799,1664.853382340539
311016,6.51080253985,45.8142646348,-78.39407665637897,451.07336825764725,1666.6433554894954
311152,6.51081420385,45.0779686559,-93.86013526973827,433.52019550692756,1661.9785349872454
311859,6.51170232893,43.435349407,-428.42462496396615,202.999455819242,1617.232719774397
311877,6.51395542411,43.4899198625,-673.6533253973845,404.1294343759826,1654.5553754936814
311320,6.51424235514,43.9614035015,-91.74185468006041,435.9137236833199,1662.6044825337874
311863,6.51466337517,44.1349186989,-100.14422166370312,426.4405176374619,1660.145898988668
310474,6.5150192312,46.3994901213,-105.09235846745537,420.888773824083,1658.7285042396556
110942,-65.157045625,47.7064832294,-221.50794202284087,298.82026716886634,1632.0313853957766
111841,-65.1599805312,44.8816457437,-430.908475421853,203.64601390020158,1617.3140047076283
312049,6.51603803529,43.2688812072,-113.1091249721241,411.9390347063076,1656.4802018619932
111153,-65.1645574936,46.5108605575,-457.4446515087199,213.36468627257426,1618.5664583804335
312550,6.51648383132,46.3640215863,-105.00304293375652,420.98880096403116,1658.7538881290131
110947,-65.1661119687,47.701561115,-231.0517497141763,289.88450084209717,1630.418938394196
111199,-65.1685041139,45.9481137369,-195.97623939868728,323.748534815938,1636.7791557328228
312904,6.51826116947,46.1359908345,-88.05192094683488,440.091366871112,1663.7046919572201
301689,6.51874547751,49.5279046141,-557.238326980663,284.8320308986557,1629.5282067739233
111095,-65.2023626027,46.7442096018,-470.7242880259828,220.01524169173774,1619.4565747258118
111837,-65.206041357,44.8686610556,-199.52941021269777,320.1986266439204,1636.0806983002512
112039,-65.206261572,44.3312461691,-615.2789761253696,341.5178814833831,1640.3863429749968
311207,6.52321848488,44.5650472055,-84.70272498107929,443.89209112145585,1664.7141134159233
312199,6.52324208888,46.9854140017,-113.93437325046344,411.0210211593836,1656.2521458645383
301682,6.52430607597,49.4856300346,-573.0535248272379,299.54168976431237,1632.163629895252
312549,6.52648928015,46.3559337177,-104.2704015691049,421.8095656738468,1658.9623867164514
112045,-65.2689286842,44.3768285079,-188.56144305010923,331.2322884932213,1638.275837515295
311008,6.52702192119,45.4813339913,-68.11794908430645,462.82974396442035,1669.8635461450604
312139,6.52745332223,47.8773116125,-192.7441815482785,326.9983188093729,1637.4250490786264
112054,-65.2938314713,44.38989958,-372.95611781375624,201.3198523767632,1617.022749934888
110828,-65.3016443989,45.8063480032,-177.3465975231702,342.7333178360233,1640.639819704762
112047,-65.302175153,44.414391511,-376.5912885551734,200.67345003520228,1616.942399838354
310432,6.53090655652,46.0103463741,-82.62943935078651,446.24901563983224,1665.3441310448434
311002,6.53151313257,45.4644971389,-67.12631901047118,463.96790541673477,1670.1793640512917
111743,-65.3152991271,54.3106107388,-908.5053637553877,679.9882159484371,1742.589126752122
312555,6.53162401157,46.2522091021,-72.54618727440061,457.7549626930101,1668.4641131040441
311171,6.53182155859,44.8271558852,-78.40808627255437,451.0573895627012,1666.6390309617448
312903,6.53273834567,46.1529750129,-87.45699761252543,440.7658872533101,1663.8832465687558
112035,-65.3434632624,43.7769458943,-178.71448136574213,341.3194077245261,1640.3450335022223
200072,-65.3477777778,-10.7924999998,-302.4577090073819,232.4025587881921,1621.1859363371261
112046,-65.3521748321,44.3858311746,-499.0225835316428,237.59015887761595,1621.9377221217455
311015,6.53545577789,45.8229677396,-77.82891191541216,451.71808191784004,1666.8179613795617
312131,6.5355683239,47.8274362944,-142.47188935270023,379.6927649959482,1648.7569519599467
311160,6.53574426892,44.9648775656,-88.49367511762698,439.5906805164975,1663.57231800813
110829,-65.3601846888,45.7855568745,-181.8583042973997,338.08127356709724,1639.6743086304473
200073,-65.3682874185,-9.70574382091,-302.5200096506612,232.3616740022254,1621.180075867916
110834,-65.3683156275,46.0724794492,-220.20407413646595,300.0584740043551,1632.258551415127
201881,-65.3687905925,-9.70622101595,-306.56271109990496,229.7514389259147,1620.8080128548581
112034,-65.3689353935,43.8350896451,-493.0628153758892,233.5385879017909,1621.3491798144987
110989,-65.3769782332,47.122039052,-198.08330715929807,321.6404787869074,1636.363495205224
312754,6.53930641821,46.0018926074,-85.34586027964325,443.161607305072,1664.5194805213907
312755,6.53934066321,46.0065492107,-94.75734198167241,432.50746527586216,1661.7146561203995
312758,6.53984826226,46.0691680319,-82.88418505457679,445.9592513378698,1665.2665086105042
312756,6.53995432026,46.0146860584,-81.97600478664792,446.9924879141046,1665.5435074166107
312559,6.53997061027,46.2935689865,-80.27061188412254,448.9343062638321,1666.0656956394525
110988,-65.4060987606,47.1892096736,-454.3340263874094,211.97101475316427,1618.3833297279948
110944,-65.4330987778,47.3478096997,-207.88905375228447,311.94517901741966,1634.4854497847923
301681,6.54373930358,49.4977792556,-571.188851960048,297.7745981195518,1631.8402501872683
312050,6.54384544959,43.2481518645,-141.45863923332305,380.79008441661733,1649.0099997380246
312554,6.54392177459,46.2226013836,-73.5268531460635,456.63286883808985,1668.1566076808524
201882,-65.4439281927,-9.69338158589,-486.1570623914584,229.06765031427085,1620.7112263652914
312757,6.54804007793,46.0516918885,-83.73639364162716,444.9902346885673,1665.0072671956036
311881,6.54839101596,43.2649040679,-363.4742799344963,203.49044418581457,1617.29442332586
110830,-65.4983784742,45.743813223,-603.7512468007474,329.721884404142,1637.9711266994311
311024,6.55159979423,45.7228115233,-55.66945804540197,477.16224827029646,1673.8926793615979
310994,6.55167678923,45.4939481523,-62.83481071887203,468.90076431472005,1671.5564057551017
110991,-65.5168987857,46.8864096195,-225.44755059160622,295.10402393085474,1631.3550428359142
312556,6.55207783427,46.2940146085,-79.01515277637719,450.3651302920082,1666.4518119132408
310441,6.55218438728,46.1142005277,-73.1836316694966,457.0255151858168,1668.2641314782402
312508,6.55235012929,46.2772505631,-70.29522634302162,460.3329669019606,1669.1732478274228
311174,6.5524567283,44.7813135484,-64.93692315644533,466.48304813818174,1670.8798056850992
200074,-65.5274999996,-9.78472222245,-475.10766550800236,222.44805401703036,1619.7888836456275
311178,6.55623647261,44.7476770806,-79.94431116659104,449.3060785372306,1666.165911023416
310176,6.55678760866,47.4396053783,-292.4118251160804,239.24669756678992,1622.1812084790654
110943,-65.5731176684,47.6479691596,-471.2795571508535,220.3171147907366,1619.497614050635
201880,-65.5936679691,-10.5355782176,-297.0728748313396,236.00997980082428,1621.7070023316699
110825,-65.6026244528,45.7018188985,-161.75503815512013,359.05091789234564,1644.1260451940177
311172,6.56028895295,44.8056939724,-84.50615411199648,444.1154200297205,1664.7736774571372
312895,6.56061256797,46.1101043843,-72.33713978372029,457.9942413304868,1668.5297767609286
311206,6.56061414797,44.5571048948,-84.98152431721205,443.57538894405485,1664.6296935123003
301732,6.56076902599,49.4856375526,-441.38133176835447,206.8802828997815,1617.7244333627032
311173,6.56138867104,44.7922768663,-72.56732052117249,457.73077490901335,1668.4574771760867
111815,-65.6177197251,44.5649969905,-155.59717984595966,365.59077972636635,1645.5666224941845
311007,6.56432453228,45.4478644435,-72.24014124866147,458.1052770764044,1668.5602583458694
110939,-65.6476365196,47.5907609168,-434.20094112938233,204.5750033597601,1617.431242076655
311165,6.56477187132,44.8059249824,-80.86122442559864,448.26158062631026,1665.8845504750873
311603,6.56502138934,43.3362337998,-173.44228847239316,346.7852282743068,1641.4910555331237
110938,-65.6604447526,47.5606179613,-216.94437051732203,303.1715275121087,1632.8336920642012
312507,6.56847869562,46.2143302289,-74.57049307149713,455.4394288630964,1667.830316371881
410202,-6.56861464534,34.2775166993,-224.57474462404565,295.9240631697982,1631.503583204434
311023,6.56867910264,45.7149464466,-73.99685671620952,456.09531185345844,1668.0095396431907
312130,6.56916008768,47.8610987032,-105.84080164507841,420.05083936033094,1658.5160832784538
311875,6.5693795197,43.4638906974,-414.9718230976381,200.32742928145828,1616.8994927850347
110924,-65.6943447694,47.6523450339,-551.6380012452398,279.7840253328914,1628.6534289643885
103075,-65.6944034274,18.2982976612,-270.66406592048986,255.62478518611226,1624.6774823476294
311209,6.56958636472,44.5141444813,-83.59800142138728,445.1475598851125,1665.0493208663986
110923,-65.7028394701,47.5650285567,-216.42074641051363,303.67388819007687,1632.9270409955445
110937,-65.7055988784,47.4406097094,-199.17973138386847,320.5469061052574,1636.1488959931607
110927,-65.7141988941,47.7024826941,-483.43132744152746,227.37201273108207,1620.4724382165125
312137,6.57284679899,47.8516821134,-147.91547837643873,373.8183229677144,1647.4140431088902
311179,6.57334101603,44.7357287626,-80.43354856037394,448.7486917556099,1666.0156899616395
311175,6.57342978603,44.7559441203,-80.44006263210146,448.74127143370976,1666.013691280455
310158,6.5754503412,47.1976710323,-84.16295893423845,444.50539996916365,1664.877755706926
301796,6.5766143123,49.3355905302,-212.26587475585058,307.68198787924587,1633.6771702240653
312553,6.57688644332,46.2103366036,-75.30050984788988,454.6050663415395,1667.6026676607894
110985,-65.7726648339,46.6643218142,-208.19993089103863,311.6410210927958,1634.427427839409
110987,-65.7932941016,46.8158021407,-207.16709087880693,312.6523222822163,1634.6205570328693
201856,-65.7981,-2.6268000002,-329.01566273926016,216.90402082300443,1619.0368263554635
312548,6.58089518365,46.3312561966,-104.71992093039334,421.30592295071233,1658.8344014877848
311287,6.5815150337,44.1185075505,-98.31779630700314,428.49488864452286,1660.6747906921655
312509,6.58154646371,46.3230331039,-78.61727656218653,450.8188134533438,1666.5744788065927
110986,-65.822418585,46.7356095871,-169.00403010972263,351.41962981575887,1642.4763764102756
111077,-65.822503558,46.9482407097,-519.8698475911477,253.03913735900406,1624.272666728519
112032,-65.822698654,44.0811859854,-189.98042687862477,329.79241291849775,1637.9853254729087
111086,-65.8351860211,47.1312483168,-200.13121895423183,319.59978459464713,1635.963603861324
110832,-65.8354868141,45.5437789955,-149.4312184999341,372.1890010242043,1647.0450945039058
111085,-65.8391113404,47.0523422813,-495.39966428163535,235.10646404311794,1621.5757584155122
110814,-65.8478939191,46.2310717653,-193.72269497774192,326.0123951236089,1637.2284424050963
311205,6.58517176401,44.6477455593,-70.34321060624173,460.2779761197649,1669.1580830307514
312902,6.58535656802,46.1023357417,-84.07966110345492,444.60006600265575,1664.9030330729627
301798,6.58538299302,49.3526121586,-286.7157561960852,243.33953841915655,1622.7898883725006
301667,6.58541929003,49.3731218703,-276.4824125731709,251.04962915704817,1623.9639180554095
311214,6.58547617303,44.3889599969,-91.59144509249666,436.08380980624236,1662.6490850510554
301668,6.58568517705,49.3773388716,-287.0369745311654,243.10482853842976,1622.7547099006322
311000,6.58617502909,45.4481039605,-76.5610188168432,453.16524049478215,1667.2107323426992
110821,-65.8670220737,46.0394486985,-461.9318167925935,215.48702417552846,1618.847598890646
112031,-65.8689358559,43.9227854873,-457.2442730970927,213.27297569512405,1618.5543713474187
111087,-65.8934464689,47.1852378893,-477.75140250043285,223.96957384089234,1619.9985372994804
301738,6.59009619641,49.4688240642,-483.39829727873484,227.35171132510465,1620.4695898067448
111060,-65.9118654714,46.9358582906,-202.79472735527807,316.9579827563173,1635.4495570573063
110815,-65.9220900423,46.1031094757,-337.6850464340321,212.76163270969144,1618.4870722990897
312546,6.59335314768,46.323449051,-79.9755948272496,449.2704320922889,1666.1562987902357
301792,6.5936114887,49.3432338278,-355.65094290576826,205.7960849566921,1617.5861397247097
312547,6.59363357371,46.3230905929,-79.8997063419904,449.3569050943411,1666.1796178689588
310429,6.59409029574,46.1113657954,-86.1945548893637,442.19811133740257,1664.2632185193397
311164,6.59457754778,44.8605874039,-101.2915704859719,425.15137958072484,1659.8152265855915
312136,6.59770277204,47.8431607787,-148.30961213161046,373.3943826710267,1647.3178976312563
312501,6.59783174605,46.3267814152,-87.8646372587326,440.3036793631085,1663.7608665029588
301795,6.59813796108,49.3396140915,-355.16083384262157,205.95564573502963,1617.606447457514
311006,6.59820815408,45.5313265704,-65.90403767693928,465.3716671572787,1670.5698666738638
311153,6.60219851941,45.019050496,-88.89230061469607,439.1390025372228,1663.4530213971696
110827,-66.0233553837,45.2732406261,-298.5753143997613,234.98898478099403,1621.558729684
110925,-66.027110838,47.8976944072,-192.001784891429,327.7475071878446,1637.5748286151177
103076,-66.0350708556,18.0353632194,-96.80417991460544,430.1994678524893,1661.115430361945
110816,-66.0552989353,46.0778094676,-470.3623688604264,219.81948010886802,1619.4299906699637
310470,6.60600029073,46.3186219476,-68.24705969442896,462.68160149632644,1669.822492125792
201878,-66.0604522877,-10.9853263578,-323.110570326038,219.99704039158198,1619.45410204397
301714,6.60610326874,49.514602688,-120.35855014227431,403.89649239427786,1654.498494231526
311180,6.60638092576,44.6771546927,-85.24723340189745,443.27360966173103,1664.5493035258903
310154,6.60649819777,47.1598236972,-94.3746122855619,432.9393973139689,1661.827130778821
312752,6.60709767382,45.9145008071,-96.45817384706712,430.58938646881495,1661.2164550670618
110940,-66.0780990062,47.3767096901,-174.00781991780437,346.1968492796191,1641.3668539656576
311215,6.60947609402,44.3855560776,-91.75405319850707,435.89993012416375,1662.600866091509
201876,-66.0977385598,-10.9978893228,-314.93212304467414,224.62487360585664,1620.0892644198445
201877,-66.0978396578,-10.9599999997,-312.9090771844751,225.82881382955378,1620.2566290565358
310424,6.6104401281,46.0356532952,-68.80525061527214,462.04125313035325,1669.6451750118204
301799,6.6104797741,49.514780348,-422.7266404612154,201.69516945533948,1617.0695199117456
312890,6.61073002012,46.0435755628,-90.28064987044185,437.56681936571914,1663.0386682984306
110819,-66.1144052472,45.8269650959,-208.43342107135297,311.4127117953138,1634.3839108097266
111061,-66.1144480162,46.8773062148,-183.17804157698578,336.7267947947117,1639.3955670242326
110990,-66.1145590482,46.8229011783,-207.45211934308156,312.3730137986262,1634.5671569548992
200035,-66.1349999999,0.619444444399,-533.7458211732501,264.29557060606936,1626.0642790148158
110833,-66.1356659029,45.7686259351,-324.1049561503413,219.4612749383524,1619.3814072180623
312138,6.61441770043,47.83496546,-147.32875842344134,374.44976605872836,1647.5574400145874
310157,6.61483655946,47.1983856234,-79.61423358949838,449.6822303928762,1666.2673852587695
312750,6.61490342847,45.9307693575,-83.24329973379236,445.5508505087385,1665.1571851435065
301674,6.61560156852,49.3098641591,-357.0175253058108,205.36050210106373,1617.5307807486033
110826,-66.1768989594,45.7056093998,-191.41850463936782,328.3368263533751,1637.692877918748
312506,6.61819248674,46.2815968705,-68.16521932791348,462.77550448898654,1669.8485136086508
311321,6.61830079875,44.1738828541,-78.39305390745571,451.0745347612768,1666.643671201522
311203,6.61854131977,44.668436798,-98.44583814302568,428.350777777097,1660.6376123851433
310434,6.61861522177,46.1608952475,-87.30398149623119,440.9394187738626,1663.9292238177131
111062,-66.1902990205,46.855309599,-390.76319868175904,199.15930108394784,1616.755181854764
201879,-66.2066335568,-10.7976871283,-533.2721555649512,263.8998121155939,1626.0000005167994
110818,-66.2106026911,46.0147472304,-459.4911472765059,214.3164220028133,1618.692194206815
310993,6.62289730913,45.5484953178,-69.03905511454309,461.7730960655672,1669.5709877378574
312901,6.62294485313,46.1394822677,-73.96315822920886,456.13384885940343,1668.020077493457
110822,-66.2310533978,45.8483587937,-328.9681120109201,216.92806649696092,1619.0400479543719
310455,6.62311498014,46.2520806331,-72.81183627444993,457.4509392450802,1668.3807277303918
311163,6.62336874717,44.885514843,-75.42918725209262,454.45803385263605,1667.56259114289
301835,6.62338789817,49.4270780998,-344.3045874744579,209.93327982278188,1618.117694366864
311635,6.62351794018,43.3234689257,-514.1443640447242,248.61066782728636,1623.58866558113
201855,-66.2354264232,-2.50620714522,-349.3303936617755,207.98756575109394,1617.866409303639
111078,-66.2506785375,47.2525930148,-161.07728587813938,359.76819897012024,1644.2828369341419
103074,-66.2602449873,18.4105107734,-310.59067744863944,227.23645446250848,1620.4534232993792
312500,6.6262592004,46.3388555082,-92.43119880567009,435.13442361753806,1662.4003300838676
312539,6.62708631847,46.3393668313,-92.28615108464084,435.2983687530076,1662.4432503652613
311216,6.62717402048,44.3853192566,-87.36920850977508,440.8654444095803,1663.9096222212438
110831,-66.2861374604,45.3982449144,-178.71486975110852,341.31900669655533,1640.3449500572458
311040,6.63087852579,45.1941615975,-62.93971096696633,468.7800493607577,1671.5225471182432
311202,6.63110089481,44.656464378,-96.20344650480288,430.8765032572179,1661.2908992422585
310454,6.63133395982,46.2520294201,-65.63996974900503,465.6750679010305,1670.6544106159763
312536,6.63139005683,46.335499211,-74.60104608929004,455.4045014668499,1667.8207789814394
311162,6.63139942783,44.8889288853,-82.99597115018585,445.83211334626736,1665.232465494468
310423,6.63144955783,45.9775337983,-201.20587411771436,318.5321948901899,1635.7553759739098
311161,6.63161883985,44.897841339,-94.20258120119917,433.133581728237,1661.8777302998908
310428,6.63177807986,46.0475521111,-91.80196427065646,435.8457554600196,1662.5866634249478
311158,6.63516214814,44.8939709707,-85.12741803908168,443.4096836325455,1664.5855455293067
312751,6.63548344717,45.9433608995,-101.34955521290993,425.08625811424713,1659.79854731939
301743,6.63568971619,49.4478451475,-534.7856923221674,265.1671287529689,1626.2061668242063
311286,6.6358419462,44.2181635038,-91.8291569884508,435.81500852640454,1662.5786034058226
310159,6.63671988627,47.206583494,-92.89118800724158,434.6146132631059,1662.264345075062
110926,-66.3861521477,48.027751518,-684.1968737810313,415.8446206752739,1657.4557729817552
310999,6.63905531746,45.4439331792,-81.57391440055075,447.4501350231059,1665.6663874192157
311880,6.63990022853,43.4517047474,-338.30736737942493,212.4831494472725,1618.450487239266
310152,6.64102465363,47.0475333669,-109.13011299892162,416.3739962571903,1657.588669002406
311039,6.64344634583,45.1934509495,-66.73572830767567,464.41638615385705,1670.3040054355954
310459,6.64357226184,46.2434580353,-65.44515377993119,465.89892995404597,1670.7168233361122
110817,-66.4485029598,45.8686561653,-198.08007684731237,321.6437041238206,1636.3641291743343
301595,6.645572753,51.6477585325,-351.8254258829618,207.0880292514041,1617.7510138167788
310436,6.64559577,46.094409087,-85.63578448417954,442.83240587658156,1664.4318641928323
110852,-66.4690750615,45.1692698655,-177.03539174411083,343.05541147927215,1640.7071360212947
110971,-66.4810742855,46.4859083604,-191.2873540676666,328.4694195613829,1637.7194663412222
301713,6.64812946621,49.4104479374,-276.16108858372763,251.29879304541834,1624.0024551188553
310453,6.64831783923,46.2314903644,-76.33272894635094,453.4259256271971,1667.2816081504848
110807,-66.5177990846,45.8481094166,-377.37423190174354,200.547886064286,1616.9268213035614
312900,6.65223183055,46.1437218791,-161.77042070469528,359.03464553383293,1644.1224916470153
103073,-66.5268866293,18.4351046515,-317.1690169277136,223.32057702707291,1619.9089390980253
500003,66.5469017123,66.6064664702,-168.14757305954845,352.3173151243984,1642.6686766912098
312538,6.65507058779,46.3566668677,-91.81909657807185,435.826383813036,1662.581585268384
200013,-66.5561743487,-1.63424976007,-540.41860880172,269.951858996463,1626.993207429469
311154,6.65585346385,45.0141296196,-85.70025060672526,442.75921467334643,1664.412392715262
310452,6.65677925093,46.2313468203,-112.60787214854729,412.4969373259676,1656.6190310838786
311878,6.65687618894,43.4561982307,-349.1539683829373,208.05285489359397,1617.8748039559057
103077,-66.5813013308,18.0690182242,-247.8496070419513,274.75226824429086,1627.7965781237435
200012,-66.6012047515,-1.81444372598,-418.26280926554347,200.84994477903535,1616.9643135096478
310998,6.66042303223,45.4437998532,-60.20109910900353,471.9337568109595,1672.409746941129
110792,-66.6100527542,46.1263471127,-183.5651171293927,336.3300815622366,1639.3141293265442
110794,-66.6145720386,46.239777804,-188.68259611348714,331.1092126430369,1638.250958047355
110795,-66.6225816712,45.9559617976,-203.3983742867911,316.361223733525,1635.3340070848396
110793,-66.6228015292,46.1811550742,-188.97739288962876,330.8098453301621,1638.1904787335784
312535,6.66479527059,46.3267069432,-74.21606300514452,455.84465003695374,1667.9410168867778
310435,6.66525042463,46.094261164,-84.62168072934661,443.98416403023487,1664.7386668049767
301791,6.66575686067,49.3860140684,-547.9398581417133,276.5005279054004,1628.0925750024016
110806,-66.6827991322,45.6731093822,-203.89747208714846,315.8683766872127,1635.2387355481158
312748,6.6684920559,45.9107267408,-177.94900055555436,342.11027672895045,1640.5097781755355
311213,6.66873124692,44.3892410219,-89.53896401994464,438.40653111728034,1663.2598045321338
110781,-66.6978197355,46.0312555838,-198.70410252459897,321.02101261917045,1636.2418468518104
310458,6.67229564521,46.2099417396,-73.77578535218473,456.34813919103533,1668.078689687362
312316,6.67299724727,45.9191534655,-88.16477212157237,439.96344684527463,1663.6708584951411
310450,6.67358548432,46.1858783266,-78.95958763976799,450.4284824580597,1666.468934200532
311157,6.67434051838,44.9185761447,-84.51456035466272,444.1058689166869,1664.7711295106697
312537,6.67671049158,46.359644436,-90.86781870232898,436.90234435382183,1662.8639599642092
312505,6.67712996661,46.2022284979,-74.16487275907775,455.9031830467737,1667.9570147813056
312532,6.67829926971,46.3072506066,-70.5912491719299,459.99374379893254,1669.0797270292824
200033,-66.7936383714,-0.193884808896,-318.28098840292,222.68286779536726,1619.8211476751235
201871,-66.7938442974,-0.193702751881,-317.8555256443766,222.926025513393,1619.8545933808944
312533,6.6805673329,46.3139830982,-71.04948540894905,459.46874820069837,1668.93511600035
312498,6.68148423397,46.1985978686,-160.76996513913582,360.09365186133164,1644.3540765166167
311156,6.68150872498,44.9311486518,-82.14859426279052,446.7960872960831,1665.4908088815964
311155,6.68153040298,44.9401416485,-83.03352669252523,445.78940222064534,1665.221030968029
310175,6.68260545807,47.4559907397,-396.47643254149756,199.00721997038494,1616.736454851664
110777,-66.8296733894,45.960950724,-166.24802006883252,354.3121262317526,1643.0976762325636
110855,-66.8443991666,45.2317093006,-312.74286272239067,225.92874575505869,1620.2705604325593
110782,-66.8446992026,45.9600094289,-149.78431687490246,371.80985127398435,1646.9594580166108
200011,-66.8478448659,-4.8433963666,-331.11363824131786,215.8572826275553,1618.8969260917563
311200,6.68516886728,44.6057243328,-91.44444177843299,436.2500609108841,1662.6926975513952
201865,-66.8521192862,1.21546835671,-320.68064196622953,221.3311696028736,1619.635878055238
200024,-66.8525000003,1.2152777777,-324.0845256255333,219.47222264285543,1619.3828909056008
310457,6.68529654429,46.2021701509,-96.40598767596661,430.6482040573336,1661.2317016309892
312053,6.68548777631,43.6146354998,-581.5339568091462,307.6805940643053,1633.676907717603
110919,-66.8895414343,47.8354350381,-152.41557578673377,368.9893786547314,1646.325014207702
310141,6.68911517761,47.218261269,-88.71314423046172,439.3419877529373,1663.5066194784702
301581,6.68954285964,51.1604791932,-405.84606376995896,199.33097640202098,1616.776338582232
312503,6.68962151965,46.1980502816,-79.83659777734044,449.4288187936732,1666.199013926086
310996,6.68968444365,45.4477373905,-33.43633756138124,502.982323316799,1681.4351335734455
312504,6.69004312668,46.2021513719,-89.8545796054226,438.0491505910401,1663.1656409328318
200007,-66.9193773568,-2.8310620161,-326.356832899079,218.27017437995897,1619.2204173212008
110928,-66.9274993385,47.9767097688,-256.4313290374542,267.34908056359734,1626.5633777151713
301591,6.69301952693,51.5640620576,-464.05963630278416,216.53867156862916,1618.9879206253183
301759,6.69314947594,49.3896254597,-722.6153083145324,459.3124162951723,1668.892083571881
110929,-66.9437535278,47.9732944955,-118.54564543759162,405.90306837546336,1654.9894838827831
110930,-66.9479684312,47.9062715759,-127.18754787385164,396.3670076733392,1652.676524797851
301742,6.69731633028,49.4852756066,-424.405928578512,202.05346552942348,1617.1142488329128
312894,6.6975174083,46.0848758692,-90.46331926125735,437.3600716025151,1662.9842822703235
301278,6.69758382531,51.4897222404,-218.85657345938424,301.34234573115117,1632.4950536454126
311197,6.69785582033,44.6769629297,-68.13998597432641,462.804457912452,1669.8565378827082
310156,6.69808736435,47.2525699558,-274.0346641405516,252.95811612253365,1624.2600467161183
301934,6.69825027336,49.2519651553,-704.1763978508777,438.30924792543095,1663.2341650119329
311198,6.69827370236,44.6818318471,-56.61991378072613,476.06462122961136,1673.5801189164738
200018,-66.9976139083,-7.71840969148,-317.06530396978155,223.38041884462876,1619.9171899727426
110884,-67.0012660286,45.2562746447,-197.54224816716962,322.18098373262006,1636.4698216358602
201872,-67.0089220542,-0.243731639021,-486.4173335176348,229.23164311170754,1620.734412866488
200034,-67.0094518832,-0.243526894004,-485.7347435441774,228.80232121726286,1620.6737466376117
312499,6.70224960669,46.360090559,-75.14883404867867,454.7783922888402,1667.6499263750793
312745,6.70227515569,45.9075806756,-91.53386581326487,436.1489262089327,1662.666165133335
310422,6.70242228471,45.9067502945,-86.20340150984454,442.1880708510998,1664.2605507699216
311038,6.70250292471,45.2098333138,-69.86928192088833,460.8211725869261,1669.3079535994475
110780,-67.0266825307,46.1191702451,-188.04031330230163,331.76198318076473,1638.383015149394
103078,-67.0519858468,18.2814048208,-140.64620646492662,381.6707844026581,1649.2135939630518
310997,6.70631250303,45.4119540225,-62.58375148764619,469.18970081859993,1671.6374804963643
310431,6.70666419106,45.9148702152,-89.5675130320485,438.37420114317143,1663.25128320224
312889,6.70666436906,45.9148967902,-90.99256086680218,436.761212754085,1662.8268844989257
312531,6.70690934708,46.2817717935,-72.34861484591454,457.9811060609791,1668.526171312522
201870,-67.0856717835,-0.139727881415,-187.07150185369872,332.747980021407,1638.5829576357469
312057,6.71021512435,43.6105115925,-619.8991895699678,346.30682374220106,1641.3900532830085
311884,6.71041739937,43.6809680273,-95.95935189551878,431.15168401096713,1661.3622920577793
110854,-67.1061879292,45.5272530881,-206.07091681189647,313.72807873357755,1634.826656937012
310054,6.7107490594,47.8310999177,-152.62716098207272,368.76295866278537,1646.2742816820398
201854,-67.1129856078,-2.97270330682,-340.7785122365054,211.40291883007208,1618.3090202232265
312888,6.71436412369,45.9438147606,-93.78183653573713,433.6086059638859,1662.001598679114
312743,6.71454459171,45.7889772627,-69.0783525752909,461.7280281688319,1669.5585233356342
311326,6.71490446874,43.7938480207,-90.94769347457876,436.8119737403249,1662.8402181956342
310992,6.71500321775,45.5688270045,-85.41093191862157,443.0877147615714,1664.4998088971404
312502,6.71516456376,46.1684830841,-86.36197995648224,442.0081018108147,1664.2127426841753
301277,6.7167999999,51.2598000004,-228.40700968873406,292.3376929888228,1630.8568967227054
311879,6.71833752902,43.4317076717,-532.1371549963892,262.95467731890164,1625.8468726082026
301633,6.71885319407,49.5232713727,-537.2413809534712,267.24000119594655,1626.5454525113016
110740,-67.2063150655,47.1767536456,-165.0365058885061,355.58711097240496,1643.3730812982446
310449,6.72224764035,46.1812200122,-91.35438310184412,436.35191959229303,1662.7194256933021
312497,6.72266077838,46.2775793462,-90.7690553686118,437.01409232201513,1662.8933242195724
301631,6.72280022039,49.3399699576,-688.0120712312852,420.1085974272805,1658.5307125520176
311962,6.72301239841,43.8433903868,-92.6020903227137,434.94128861190046,1662.3497873147414
310447,6.72302415441,46.2573891175,-67.78903052768149,463.2071961262674,1669.9682025084023
310451,6.72324973843,46.2104723626,-90.83027439619916,436.9448238119275,1662.8751215596503
312315,6.72461923154,45.9274155722,-86.4432616089196,441.9158633232352,1664.1882468947754
110779,-67.248099342,45.9606094189,-141.77082686093414,380.45186733647097,1648.9319313439814
312530,6.72728920676,46.2644437121,-72.05516844664969,458.3170356957538,1668.6184093599497
311964,6.72764122579,43.8571179739,-72.05379853563927,458.3186040677314,1668.6188401431223
310160,6.72789408181,47.2609398355,-106.02832544903352,419.8409689846708,1658.4629420291467
100004,-67.2980373631,45.1687180464,-307.3776644207236,229.2355991870197,1620.7349724062283
110877,-67.2980701961,45.1686092774,-328.4263192976235,217.20304207941152,1619.0769136562153
312744,6.73069115405,45.8548265922,-73.746714091515,456.38138886490435,1668.087786343466
201867,-67.3144832125,0.371666699898,-318.22288807331245,222.7160111708567,1619.8257043515027
200027,-67.3145849055,0.373182723023,-320.8461639348221,221.2391784326118,1619.6233095752611
311963,6.73155804012,43.8478784351,-85.39316291043039,443.1078921710418,1664.505180211299
312747,6.73169595413,45.8600973806,-61.28075337989724,470.68990753308515,1672.0591735639891
110875,-67.3187993248,45.139859273,-788.0937745291949,535.529686527473,1691.4564540650165
301843,6.73196050815,49.1772924611,-719.3882191279849,455.61942314658904,1667.8794769390313
312529,6.73246857119,46.2650442371,-95.62539774353775,431.52824519744246,1661.4600558692855
110883,-67.3310993289,45.1317092704,-572.5422980225633,299.05638657369786,1632.074634689389
312746,6.73542885444,45.8487613327,-63.39403835462699,468.2573067704814,1671.376018791083
312496,6.73545089244,46.2853187618,-86.05890479033687,442.3520748862167,1664.3041335651744
301578,6.73595264648,52.6071662329,-336.56251529576525,213.2704535294519,1618.5540390097094
110880,-67.3606685413,45.1354922407,-526.3898894257607,258.23943815548586,1625.0909199995076
110764,-67.3895279877,46.3143047392,-194.60574352850875,325.1241762675194,1637.0518076223545
110741,-67.3896994417,46.9181095802,-167.50255417044562,352.9940928146588,1642.8139640288032
311192,6.73900233673,44.764718974,-84.99041457400143,443.5652909912436,1664.6270027300807
301634,6.73971360579,49.5189378124,-548.9948650610809,277.4330887763212,1628.2512120658641
110872,-67.3978609484,45.1561299254,-528.2211218656898,259.72883304914006,1625.3282614792167
301276,6.74009999982,51.1852652592,-218.37612414355587,301.8011376256888,1632.5798043336642
110885,-67.4235197925,45.6149372963,-177.20883173503265,342.87588454874935,1640.6696081329335
110886,-67.4267950658,45.5688846205,-560.6530417409546,287.9528913795453,1630.0766112363633
301757,6.74321138208,49.4518017978,-721.278855211357,457.7821720763113,1668.4715783964948
311011,6.74327706809,45.5644241192,-75.89389109896067,453.9271367470104,1667.4179848860106
312080,6.74362560312,47.5814646801,-598.1391482387342,324.0635211364956,1636.8414879203694
110763,-67.4687032862,46.3436988776,-472.08471781793367,220.75811602009307,1619.5576669679676
110869,-67.4729407646,45.2693651527,-589.0941283455736,315.06992449709776,1635.0846914360711
310995,6.74759575144,45.4603988856,-62.72069536922449,469.0320913879051,1671.593250045506
311037,6.74772892546,45.2275452633,-104.23113630171841,421.8535667753619,1658.9735750297773
312893,6.74777723746,46.0608492712,-63.244483898518624,468.42936780894564,1671.4242320463927
110918,-67.4852091716,47.6648131609,-163.9252707010033,356.7583999261056,1643.6269183618954
110917,-67.4932719263,47.6691124413,-413.66553705855836,200.14388450891937,1616.8767625741625
110916,-67.4936753843,47.6603110706,-408.57905364884016,199.55922078170408,1616.8044945029644
201874,-67.4978045756,-14.5268477118,-216.9214841062764,303.19347141560223,1632.8377665754272
310991,6.75173384879,45.5936154916,-91.6209941586938,436.05039376234646,1662.6403209191947
110758,-67.5313994574,46.2967094698,-195.5697342852506,324.156198820236,1636.8598388620724
312232,6.75328414792,47.5010428794,-273.0109845021182,253.763323184712,1624.3856423398151
201875,-67.5356568638,-14.4437923739,-249.1190507428809,273.64238426505403,1627.609610844151
200032,-67.5358333328,-0.344444444354,-493.47745975816395,233.81480193429675,1621.388988629675
311196,6.75380536296,44.668476366,-68.03762211025855,462.9219171561943,1669.8890957873675
311885,6.75627120016,43.664523764,-97.612360346492,429.289094286408,1660.8798925025342
301604,6.75630154416,52.0938818134,-380.6899030262322,200.0701297507627,1616.867634552833
301800,6.75630479316,49.3312245118,-580.1468315936681,306.33818350633743,1633.424615193474
110759,-67.5689687615,46.1605182165,-193.64697596690488,326.08862465560543,1637.2436232814498
312618,6.75885550738,43.9686477471,-76.48376330092908,453.2534548755928,1667.234712091446
110762,-67.5941115916,46.5770101529,-730.2212297101644,468.0433332242428,1671.316083995378
200026,-67.5972823179,1.07323178895,-500.35837420443465,238.52181414181447,1622.0744578062647
201866,-67.5975753529,1.07311150194,-500.17845201154097,238.3958339528381,1622.055937534848
310448,6.76053573051,46.2938398215,-77.47753582252675,452.1190272447749,1666.926664746457
110756,-67.6061498436,46.4605563313,-176.42863982301427,343.6838321237774,1640.8386475547406
311883,6.76069886353,43.6686664123,-72.02693072701742,458.3493645062596,1668.6272893577154
310135,6.76079557154,47.3438231814,-101.91014688221387,424.45681361123144,1659.6374536226233
110755,-67.6183023086,46.4312066779,-174.21262954299942,345.98388680804993,1641.3219491546413
312510,6.76211575865,46.2139513499,-89.95963890781184,437.9302057559114,1663.1343168726332
311212,6.76484184187,44.5188516577,-88.19780844082335,439.92600104474576,1663.6609562171036
301816,6.76709957506,49.3399644936,-654.9272038021988,383.5944626344481,1649.6598445163768
110709,-67.6724995431,46.9600095796,-625.9144095616327,352.5907918639785,1642.7273533222892
311193,6.76849432917,44.7434980742,-79.28149758972954,450.0614893253134,1666.369777396273
301629,6.76863834119,49.3686025599,-685.7488935505726,417.57766350063247,1657.8914306735023
312887,6.76888435221,45.9278698862,-85.78845620998017,442.65907596412126,1664.3857570825926
312233,6.76904293922,47.4896807405,-436.4655910609622,205.26107070228917,1617.5181600191806
110765,-67.6976231942,46.1980945366,-452.7032064725548,211.26623692130676,1618.2911708678616
110710,-67.6982594342,46.9265694579,-498.46274199506627,237.20221924633526,1621.8809400388711
110752,-67.7061499569,46.7355841951,-169.78223391167506,350.60490205551895,1642.3022523857617
310174,6.77273242952,47.484636978,-283.1614842880348,245.96687778937144,1623.18594000054
312071,6.77294852154,45.9147719622,-67.38773501454975,463.66779912156676,1670.0960208288095
110868,-67.7309664839,45.6606488271,-679.3944865018182,410.49579042043626,1656.121881021709
110728,-67.73131314,47.0940553267,-761.5170686499365,504.32745940555196,1681.8380056225524
312204,6.77324801657,47.5018669695,-344.8645093013704,209.70777262447444,1618.088452695063
311190,6.77345331758,44.7437293123,-71.98951525406817,458.39220156218886,1668.6390566263922
311036,6.77357133959,45.2310652076,-77.23273284960209,452.39841552165495,1667.0024646689908
110708,-67.7390590496,47.0560858426,-692.4442967846943,425.0779278351845,1659.796413894981
110734,-67.7392548346,46.8269712646,-455.1955653054791,212.3505614159412,1618.433085357455
110731,-67.743241087,47.0479870519,-213.2637621921194,306.71583491795013,1633.4954833838383
110736,-67.743342174,46.8228457363,-499.9429589708661,238.23117445316896,1622.031745474583
110753,-67.7443995391,46.4394094896,-454.9541789407723,212.24371867404122,1618.4190702542317
312528,6.77662837085,46.2934255865,-88.57633634276542,439.49700818371565,1663.54756801494
110735,-67.7688829061,46.8103668053,-266.50515369900717,258.9749549920287,1625.2079615111134
301583,6.7772455169,51.1853872002,-223.60086310832833,296.84128636745754,1631.6701995618696
110737,-67.7725272074,46.8061840239,-509.06804368544266,244.7982343336699,1623.0092625671818
312189,6.7773193369,47.4815713528,-459.06790091166835,214.1173441654892,1618.6658481349596
301832,6.77750002792,49.5059936383,-540.216313378244,269.7782047982253,1626.9644036149466
200016,-67.7848361304,-9.95639249565,-450.6098178954532,210.38802398415254,1618.1767553274092
110757,-67.7855848795,46.4482019803,-476.95500914189836,223.50700862033815,1619.9346510734304
110733,-67.7885995747,46.795009549,-511.3869157311103,246.52612800985602,1623.2707792101469
200017,-67.7933036391,-9.98126999271,-346.21914573265576,209.17120452721156,1618.0189997800862
301771,6.78055540017,49.2807062426,-735.6028383802154,474.2428669348957,1673.0628164192206
312229,6.78158228226,47.5482797513,-577.0188643836673,303.32684866975455,1632.8625379896218
301854,6.78187549928,49.3101267831,-515.8728622296912,249.9335471059656,1623.7917566039541
301853,6.78287452936,49.2907137935,-325.80505336785745,218.55916486825498,1619.259398426915
100003,-67.8319392853,46.7736187052,-332.1752565295469,215.3382537011519,1618.8278025636473
201873,-67.8357482156,-15.4935584848,-93.43653553191034,433.9985574758511,1662.1033778730807
311005,6.78540868957,45.622739773,-50.6655304562869,482.9496853962717,1675.551637363153
310161,6.7856942726,47.2936681142,-98.12085843517823,428.716567897182,1660.7320031948334
310461,6.7857403926,46.3686024807,-87.94558210015323,440.2119137339721,1663.7365836692154
301635,6.78585754361,49.502085841,-729.7289536956932,467.4771298619007,1671.1576100984328
312203,6.78928269489,47.5064977679,-348.65338597105136,208.23930678503754,1617.898791561542
311886,6.78947363891,43.6435806982,-89.56418922897355,438.3779651108431,1663.2522752549323
312230,6.78957102292,47.5351333582,-593.4880649846364,319.418835696825,1635.9282635384416
301670,6.78972591593,49.5060573133,-604.2126595932752,330.1896416995531,1638.0653498354895
311195,6.78985127394,44.6522935977,-88.17643452940133,439.9502277185561,1663.6673627007276
100001,-67.9273612252,47.1601807342,-671.1097778659312,401.31902650731365,1653.8711714891106
110715,-67.9312927975,47.193623627,-458.7771882638581,213.98128087793913,1618.6478552829667
310155,6.79339870423,47.2981126126,-212.66322539082265,307.2970104642702,1633.6047084549748
100005,-67.9355420529,44.6060839859,-493.86346033671896,234.0727083770532,1621.4262004954019
200006,-67.9355555559,-3.10166666749,-341.70674170893955,211.0078035652686,1618.2574529448102
301763,6.79383922527,49.273025421,-324.93905249665926,219.0164852191214,1619.3211885366418
310164,6.79397468028,47.4519635353,-394.56198519539925,199.02868465450408,1616.7390971215136
312202,6.79702016053,47.5057281158,-348.64544575649234,208.24227859102976,1617.8991740645552
110729,-67.973599663,47.2156096148,-383.28100625433046,199.75787018986045,1616.8290254534566
100002,-68.0024586084,46.8479089414,-311.51816884474545,226.6697708990802,1620.3740543113577
312231,6.80178082893,47.5212660311,-593.5127545644791,319.44338082154087,1635.933056208805
310462,6.80181251393,46.3938222858,-88.96458560250535,439.05711009242384,1663.4314042871426
301933,6.80183926193,49.2652017374,-702.8754279137157,436.836696525959,1662.8467128023854
301754,6.80443745115,49.3519243955,-575.4228957510959,301.7989881432898,1632.5794069785088
110712,-68.0471769841,47.2603255615,-261.55006784882494,263.04944196125916,1625.862201959968
311324,6.80569970925,43.797535051,-91.36227489359591,436.3429935229782,1662.7170832232941
311189,6.80794778944,44.7601756926,-78.97957530967612,450.40569341995763,1666.4627747150844
311882,6.81008935862,43.7226483898,-108.29491328369942,417.30669716832523,1657.82320237941
311034,6.81048758665,45.284425901,-80.01374178793972,449.2269661333906,1666.1445789448753
310163,6.81079421567,47.3189760383,-89.25313153084093,438.7302526566505,1663.3451612465026
311923,6.81092020268,43.9520275198,-69.57722524944136,461.15598840789414,1669.400412270959
110714,-68.1353302554,47.3355569847,-427.6198456802599,202.80006603062577,1617.207703923034
110730,-68.1356895484,47.3106618656,-437.77118241942185,205.6738593367352,1617.570594212337
311035,6.81444853798,45.2682321547,-77.75535923874594,451.8020037144853,1666.8407066682794
312570,6.81490992601,43.7690199016,-105.75393376886244,420.1480692743087,1658.5407112763057
301636,6.81548867506,49.4947542274,-746.5711454549902,486.9312683026879,1676.7035966135606
311965,6.81659619515,43.8598209421,-72.53971944279895,457.76236542546775,1668.4661441113826
312188,6.81752508823,47.4854668501,-354.03648096888054,206.32833130463013,1617.6539404782898
301844,6.81917374337,49.2276694473,-570.1575157249468,296.80084196941544,1631.6628422072188
312527,6.82160503557,46.2776655812,-99.74978950755505,426.8839449976224,1660.2598571737853
311188,6.82261176665,44.7562101413,-88.65321651629083,439.40989160414904,1663.5245545784878
312892,6.82277626466,46.0738399843,-73.69774151813219,456.4374015537674,1668.103112035686
301642,6.82338481972,49.4976543166,-736.1089270031318,474.8267778380936,1673.228424273892
110725,-68.2345423396,47.3560865324,-167.7652551039682,352.7183840397273,1642.7547441068562
312611,6.82617924195,44.0308878423,-68.10233415597621,462.8476613778494,1669.8685123353064
312227,6.82757510406,47.7731458249,-146.770438153488,375.051034183477,1647.6941976859907
310990,6.82769900407,45.6148689043,-58.813785447768154,473.5330953503726,1672.8617645334866
110713,-68.2773513481,47.3676393144,-238.54224823278798,283.03776601982526,1629.2155375638542
301641,6.83004628427,49.5228867847,-553.1689127874429,281.1550598926644,1628.8895169867212
311887,6.8303995923,43.6218227884,-88.90777711213717,439.1214687136735,1663.4483926864816
110684,-68.3226660699,47.3642799821,-277.06603316712074,250.59814142076618,1623.8941835383018
110677,-68.3301288675,47.3603509098,-323.99610041674157,219.51963444303317,1619.3893172279447
110675,-68.347935617,47.3896026552,-387.6415995208249,199.35410654660242,1616.7791904409764
311187,6.83539671971,44.7356196426,-87.61029228632154,440.59205736753233,1663.8372071393705
312526,6.83540802471,46.2649579051,-98.20782051224946,428.6186768558174,1660.7067353977995
301640,6.83545234971,49.5428605863,-732.5251381440935,470.69523092355047,1672.0606721229226
301762,6.83549276072,49.2352080729,-566.0751289999201,292.9721666765253,1630.9707481414628
110680,-68.3852006461,47.435643525,-145.98615525885054,375.8962847283698,1647.8868006384957
310420,6.838883418,45.9061039264,-67.1573156927453,463.93231885087505,1670.1694786219557
110707,-68.3899954285,47.2982371656,-364.0526624078861,203.3382512098737,1617.275281221807
312201,6.84350653038,47.5065319699,-353.3704773293488,206.55343456283842,1617.6826673286978
311888,6.8437321564,43.6064858672,-86.38449186779303,441.98255478475284,1664.2059576807321
311184,6.8437837884,44.7729612657,-87.11416772372169,441.15470581680205,1663.9862875968342
310173,6.84381728341,47.5196115419,-547.5570232723683,276.1629566604551,1628.0352789412855
310166,6.84423005444,47.4730074521,-431.5999867567006,203.83435302761424,1617.3377304447492
312891,6.84432746845,46.0932475929,-67.64074171864475,463.37738848719476,1670.0154175956575
311889,6.84443206546,43.6141525808,-89.69708504007839,438.22747671317,1663.2126178550886
110683,-68.4770420037,47.4900261755,-153.1669929240233,368.18553665587496,1646.1450362129578
311186,6.84837496878,44.7105808415,-90.88843803077448,436.87901510044327,1662.857830567941
310142,6.84876934982,47.3231190117,-102.18923239789311,424.14354827586476,1659.5573627898573
110687,-68.5104252944,47.3020183619,-424.37045166031675,202.04566956562405,1617.1132747696454
312980,6.85259526013,47.7225233407,-172.16065626969905,348.1204503833793,1641.7736563914993
301626,6.85300992117,49.4151340078,-587.7029203821535,313.7011268822037,1634.821485010871
201868,-68.5353739335,0.130087442909,-312.7043461499373,225.95192467523452,1620.2737926382777
200029,-68.5398158619,0.131490645025,-218.2921786686784,301.88135425088143,1632.594635201994
200015,-68.577222222,-9.04388888915,-328.99098682097565,216.91649728747765,1619.0384978873892
110706,-68.5853396006,47.2872096107,-638.2143919915623,365.60176349168347,1645.569062760422
110696,-68.5853622976,47.2813418672,-537.6704315858944,267.6042549865104,1626.605338775473
312200,6.85999643274,47.5185769739,-324.7267544615666,219.12929426440346,1619.3364500469943
311185,6.86009675675,44.6980371285,-90.31096940803445,437.5325015258757,1663.0296391638592
301621,6.86019357176,49.4862203557,-648.4270365151247,376.5562906178016,1648.0374785938043
310171,6.86024890777,47.5535103117,-586.4291304059637,312.45137177532416,1634.5821333203992
310172,6.86056282379,47.5436198729,-588.0792501565729,314.0710009935212,1634.892499374518
110674,-68.6061316954,47.2479154675,-150.59217699390717,370.9429721475393,1646.7639719861602
110705,-68.6066998864,47.2553096041,-640.6049235979169,368.1541504021914,1646.1380164811044
100006,-68.6437497835,45.2562592587,-629.4817474656661,356.34264228243376,1643.5367259525453
301703,6.86473391214,49.5398518461,-549.6441839955767,278.0087063394244,1628.3493886898184
301753,6.86493094215,49.3566986249,-578.9736658296129,305.20617501868537,1633.2126928589314
310989,6.86516261017,45.6020509853,-57.53961130717902,475.00302493986356,1673.2784480020073
110704,-68.6520422091,47.2439119511,-350.2311129195689,207.65769292739589,1617.824035016761
311033,6.8654731562,45.284476304,-70.9508305493201,459.58176417372914,1668.966233573053
110693,-68.6688039325,47.2395950768,-426.77876630296095,202.59699138396877,1617.1822506334345
301627,6.86748403736,49.4019331647,-524.0812809631474,256.3795571928732,1624.7964082285505
200025,-68.6856827389,1.33583219367,-503.19493396033533,240.52796330206388,1622.3706703390023
301891,6.86862392446,49.2562855036,-556.0277015959638,283.7332828739796,1629.3365111776116
311966,6.86892064648,43.8728931702,-68.89873843679646,461.934025017778,1669.615504933729
301620,6.86919758151,49.5101537666,-728.6000415723591,466.1792577362578,1670.7950177054975
100007,-68.6976688239,44.8272759862,-552.9021932027399,280.9157064492961,1628.8482203618275
110703,-68.7057895126,47.2515991918,-365.3806300980506,202.99845616036572,1617.2325942947962
110702,-68.7157999234,47.2403095988,-354.4593561714221,206.18707935023374,1617.6359301576374
312571,6.8727707698,43.785469808,-103.23011687486378,422.97576297479606,1659.2592886315556
200004,-68.7501505943,-3.40611316968,-325.54350033178605,218.69680354490856,1619.2779819187149
201852,-68.7505948653,-3.40627740369,-332.9857731124157,214.94684707523777,1618.7757837061843
110678,-68.7607443751,47.2395054338,-425.1752446615983,202.2249195940393,1617.1356804395855
301884,6.87734518218,49.272470811,-428.1104175464287,202.92101852219938,1617.2228759834163
301619,6.8788243213,49.5105884407,-498.5181262238736,237.24053065599935,1621.8865435756984
110686,-68.8174999578,47.2111095904,-154.4765556603331,366.78634080101324,1645.832649647036
301622,6.88254574261,49.4774287579,-558.5608314081366,286.03695431825247,1629.7392521755273
110700,-68.8321999621,47.2028095887,-161.13361930172604,359.70855589362947,1644.2697880910741
310165,6.88573631287,47.423463921,-511.7247462263417,246.77978801628174,1623.3093219159884
110692,-68.8814617671,47.1855528953,-601.9564838563929,327.90607121003075,1637.6065713053251
110679,-68.8853475875,47.1895882706,-355.1398055603469,205.96253112162853,1617.6073241278343
301618,6.88958990219,49.5277532321,-523.0136978544485,255.52629650391782,1624.6619891691298
311998,6.89019330124,47.4144810042,-518.0572111294063,251.6227906918553,1624.052622189793
110699,-68.9096866095,47.1690414369,-152.31171459103265,369.1005426982808,1646.349932871548
301710,6.89388261755,49.5594597297,-526.5498664354889,258.36905865271507,1625.111522731617
110681,-68.9393866219,47.206412764,-116.51082609016231,408.15900847080945,1655.5442208053096
311890,6.89793937588,43.6099324584,-90.86638279002092,436.90396899511944,1662.8643868246363
310169,6.89821066791,47.5263583885,-321.58106961156443,220.8327015627904,1619.5678352342966
301617,6.90138789217,49.5315000234,-532.3874716440072,263.1627324940906,1625.8805351623294
301879,6.90700596563,49.3107142071,-560.6517072240758,287.9516655355332,1630.076394691572
312314,6.91004793589,45.9640107602,-83.07864421787055,445.738092358085,1665.2072957517962
311183,6.91032651991,44.7938847264,-67.03019578649767,464.078266154247,1670.2100251054408
200028,-69.1270013994,0.47345756332,-510.77106608473207,246.06497223383897,1623.2008074808323
311893,6.91331914616,43.6019211058,-446.1075832741416,208.6017259758608,1617.9454783539811
311891,6.91405335822,43.6180240561,-234.6655241103536,286.56224844679036,1629.83152904859
301659,6.91445966225,49.4109474114,-390.1295065859475,199.19247030052955,1616.75926812572
310988,6.91452036626,45.514395426,-55.47736944337446,477.3841451579777,1673.9559471187401
301720,6.91900647063,49.5857651839,-403.4530966897901,199.18065734057828,1616.7578127550864
301861,6.91901692263,49.3313779388,-375.38612145793866,200.8762079651536,1616.9675759805589
312211,6.92214879589,47.5518660596,-720.7191384963077,457.14164733497444,1668.2959499363772
301718,6.92248309491,49.5646419591,-530.2017883520575,261.35354382556693,1625.5886828211396
311924,6.92294147595,44.2638569476,-71.9081023143689,458.4854146252052,1668.6646656144044
301699,6.92306240396,49.4185643401,-352.432195033385,206.87602655682943,1617.7238890521237
311892,6.92313704597,43.6147907648,-432.5649304253268,204.10319827097882,1617.371635212646
311894,6.92316870497,43.5931970001,-627.4061253602129,354.15743766703764,1643.0643266472762
311897,6.92745079333,43.5890810467,-537.1634338462426,267.17389211013693,1626.5345921532887
301860,6.92752295733,49.3357960572,-374.21592221508735,201.08405177423424,1616.9934096105428
301862,6.92772704635,49.3275845715,-741.4245403716887,480.9689230484057,1674.9817896873772
311896,6.93053882158,43.5932322821,-576.1152934690269,302.46111500345233,1632.701937567025
310419,6.9307968376,45.9896454863,-81.90567013966812,447.0725323340543,1665.5649912307745
310467,6.93131357065,46.0318303928,-71.57780683300638,458.86362877055006,1668.7686240622045
310168,6.93464675092,47.5480316393,-715.176176611264,450.8098996914749,1666.5720676003853
311925,6.93592452403,44.2492334773,-81.89760360405327,447.0817126899166,1665.5674554540667
201869,-69.3810957105,0.206208333208,-490.1880018354319,231.64745384801765,1621.077861708146
200031,-69.3815192145,0.206260680212,-495.76812015113273,235.35614164110882,1621.6119770938346
311182,6.93897322328,44.7812270534,-75.9924377391677,453.8145719088767,1667.3873444772282
312620,6.93990157836,43.6102698655,-572.9033386849578,299.39905469054526,1632.1374589156324
312280,6.93990419736,47.5068525739,-756.0336516376976,497.93150575146143,1679.9311519422165
312279,6.93994916536,47.4979156411,-450.4592823688426,210.3260274769765,1618.1686959894607
310469,6.94361963966,46.0477764872,-71.57374409122738,458.86828137754577,1668.769903402014
301716,6.94723049496,49.610965979,-526.8962793734318,258.65006296893466,1625.1562220044632
312572,6.94937525114,43.7891751343,-111.78283116341083,413.4157197083243,1656.848046185267
301654,6.95047948823,49.4103020374,-362.28937498426455,203.81015937885064,1617.3346814781466
312210,6.95079023126,47.5395892846,-723.1096089066682,459.878691813876,1669.0480226855148
310153,6.95204581736,47.2638408668,-184.01225193713577,335.87212732811514,1639.2202343681274
311898,6.95225771238,43.5519575747,-529.2332971633156,260.5573323670238,1625.460862123787
201853,-69.5313616289,-2.94121244821,-341.0922311497392,211.2687252097605,1618.2914957132239
312226,6.95583788867,47.6227681545,-611.0966061466861,337.212300636576,1639.4953572811967
311926,6.95607434969,44.2275853406,-90.6165458429131,437.1866672972804,1662.9386858535968
312225,6.96114842411,47.6819643234,-171.5661236661508,348.7406900845546,1641.9052834334373
301661,6.96445825639,49.406338231,-380.2365847453091,200.13027956890897,1616.8750785531686
301660,6.96489539342,49.3978789533,-353.26606705628956,206.58901652638295,1617.6872109883677
301658,6.96510280944,49.4440239982,-716.8461079890409,452.71525166670904,1667.0884769374534
100009,-69.6814483853,44.4726905408,-264.40177778032336,260.69372324857073,1625.482730817891
311967,6.96857812773,43.8685644388,-70.19898199322361,460.44326911563127,1669.203670892164
301662,6.97260181606,49.406177205,-533.2950283386617,263.918904926917,1626.003099389361
311032,6.9730537061,45.3096894681,-70.65816144740387,459.9170746151992,1669.0585988420503
301614,6.97335558012,49.5526795782,-182.95497951010975,336.9555248925615,1639.4425627638216
200003,-69.7607414179,-4.3587293975,-527.2319422702026,258.9227702508881,1625.1996467512474
301693,6.97650854038,49.260743086,-532.8926199772326,263.5832648071566,1625.9486548880889
311181,6.9766837094,44.7683126643,-82.86666481339198,445.97917849979643,1665.271845225679
312573,6.9767326884,43.7933591266,-109.3161672547767,416.1663060778728,1657.5365109585027
301789,6.97684498641,49.6144336673,-205.92781928283736,313.8686951330673,1634.853647465277
312574,6.97686191241,43.7809055656,-105.91497451566806,419.96782393097385,1658.4950599815793
311902,6.97707503843,43.6477553266,-537.5812345892739,267.5284781771359,1626.5928739182891
312206,6.97715735244,47.4904041325,-411.722654784405,199.89608745103087,1616.8461078977848
312579,6.97774321749,43.6976142537,-112.21622791132597,412.9330031980593,1656.7276649999403
301577,6.9779451935,52.4950699236,-378.8063223929534,200.33080083354824,1616.8999105104174
200030,-69.7853011879,0.247776762647,-493.8241696597306,234.04642227946098,1621.4224059842645
301615,6.98076085674,49.5395943891,-732.6857970889984,470.88027836355906,1672.1127735286661
301653,6.98115958977,49.4145046887,-526.3591563896167,258.2145477624459,1625.08696491054
312614,6.98133111878,44.051920941,-81.43340747471618,447.6100829922886,1665.709361576127
301275,6.98137718479,50.9106336015,-345.97889987253325,209.26543241018913,1618.0311838922662
301696,6.98205680484,49.2432842926,-533.6445185750174,264.2108644871159,1626.0505132864153
312575,6.98527330911,43.7641812642,-109.05894056317375,416.4534533252911,1657.6086298136076
312613,6.98559978314,44.0687393544,-101.48314684619017,424.93623472958126,1659.760131594966
301821,6.98575732015,49.3478096142,-742.6713147833054,482.41193547105513,1675.396719088024
200009,-69.8811111108,-6.68128257767,-329.2918156785521,216.76465485155694,1619.018161244308
100008,-69.8848789022,45.0515545607,-578.0202008411095,304.28843937140397,1633.041440129757
301610,6.98945198346,49.6482156301,-216.12494364616012,303.95795598581043,1632.979892666489
301831,6.98946612946,49.4857426756,-717.078168486015,452.9801798815337,1667.1604404530153
312616,6.98968104347,43.9517936587,-77.21642504375644,452.4170287354935,1667.0075161005839
311903,6.98977592348,43.6440398133,-543.1541065247183,272.3130232569301,1627.386639210644
201851,-69.9102226363,-4.29793189547,-331.96728289758903,215.43936568783045,1618.8412556930837
312209,6.99343825879,47.5228976472,-355.34410587587007,205.89577325704803,1617.5988255099294
301613,6.99354079379,49.5896321192,-418.9202904471377,200.9646046039692,1616.9785598917554
312612,6.99377813281,44.0897807302,-103.74859199040935,422.39441852606075,1659.111188452406
301701,6.99386004282,49.5397163021,-426.4171055908474,202.51134227081502,1617.1715229357437
312577,6.99394834083,43.7192341825,-89.4246823481535,438.53595417155566,1663.2939228973157
312207,6.99432059086,47.5061831218,-412.0430353528402,199.9348704483587,1616.8509032273776
201849,-69.9477341004,-4.23457103322,-387.0787448757518,199.39761151428542,1616.7845553207105
100013,-69.9744186896,43.918531399,-314.3747742346113,224.95426913725987,1620.1349678496122
301783,6.99751960512,49.2401496693,-548.5576560142205,277.04621649913145,1628.1853386277833
301833,6.99782890415,49.4686132702,-717.3897594520352,453.3359610864685,1667.2571440723168
312652,6.99804679917,43.9602485654,-75.43535369699273,454.45098808343926,1667.5606709850167
312615,7.00103148341,43.9894083368,-68.42565604652272,462.4766964709386,1669.76572776682
312617,7.00142893945,43.9439671271,-60.88278657988248,471.14831465063054,1672.1882744607783
312578,7.00157500046,43.701768684,-111.8607778039279,413.32889032250245,1656.8263827031537
312065,7.00171998647,47.5058886838,-593.3222533920556,319.25402525867764,1635.8960918988262
312223,7.0020538545,47.6729640796,-564.9348892221459,291.91029470375366,1630.7803380590587
312216,7.00243805353,47.5222824292,-602.0250362225322,327.9753208661657,1637.6204389122804
311904,7.00254985554,43.6395856509,-537.1664353468312,267.17643738817793,1626.5350102415334
311913,7.00581432481,43.6982165728,-95.40395163356297,431.77799314321476,1661.5249399899985
301611,7.00597835882,49.6395359513,-207.76182580277703,312.0697158626137,1634.509222489906
301655,7.00662946588,49.4948225244,-716.904671728302,452.78210653804683,1667.1066333162426
311968,7.00946623911,43.8683478968,-78.79849483112007,450.6121634058586,1666.5185905519609
310167,7.01065597121,47.5022289665,-573.184125543718,299.66576777390065,1632.1864057825953
311905,7.01116343825,43.6393856249,-542.2496483656129,271.52967995968993,1627.2557444805648
312580,7.01388974748,43.6984191508,-95.99114603282935,431.11583810391846,1661.3529897977821
310987,7.01450517553,45.4521592949,-80.93348706851368,448.1792882669835,1665.8624088673967
301664,7.01866363187,49.4194046521,-721.9236806677274,458.52035187861065,1668.6742653774195
201850,-70.1895165994,-4.35976656258,-336.2660068991946,213.40624464306185,1618.5719372640315
301652,7.01913401891,49.4066971221,-546.5846241162351,275.30753202177146,1627.8903918980247
100011,-70.2064326548,44.0731455038,-314.54006947186326,224.8563965135341,1620.1213812239616
301697,7.02675268754,49.1974340288,-409.90570895294854,199.69170511358783,1616.82085214694
301692,7.02791271364,49.3064465998,-533.963120026036,264.4773891297546,1626.0938411441316
100014,-70.3019546667,43.7268608231,-394.69780973031294,199.02618155614948,1616.738788979471
312215,7.03187701197,47.519832082,-725.0079891793586,462.0549831221864,1669.6489745674176
311981,7.03200083298,44.1896665624,-82.93642406261652,445.8998370790144,1665.2505984244763
311031,7.03491601122,45.3644806086,-65.43085987473927,465.91535595460306,1670.7214039929847
301675,7.03534715225,49.2146919112,-537.5731103326333,267.5215775808096,1626.5917389797942
301779,7.03548863526,49.2109629539,-567.5068838853713,294.3101977885254,1631.211630466233
200010,-70.3604549235,-8.16481152741,-245.1416193670105,277.1364165158406,1628.2006891674093
203004,-70.3772222219,-33.5980555558,-77.03488821762268,452.6242415280886,1667.0637644867884
301651,7.04349080893,49.3854450273,-547.1282994467396,275.7854505015854,1627.9712852364282
301785,7.04380919695,49.2904516605,-535.3229116522767,265.6188498122244,1626.2798849587837
203003,-70.4479127317,-33.3729123481,-78.00747896611757,451.5143569278051,1666.7627621704041
301637,7.04789644829,49.3605030443,-552.6974057330077,280.73207001318366,1628.8165599538434
301764,7.04834701233,49.6057330805,-533.0436999042225,263.7092111058577,1625.9690768486525
310134,7.04845383034,47.3481322017,-98.23293189661969,428.5904107396815,1660.6994403033902
301804,7.04856148035,49.4445864222,-723.7905127873744,460.6590048951024,1669.2631936387177
301808,7.04870983236,49.2068842105,-565.2720543269189,292.22394016575123,1630.836509908943
301638,7.05616958798,49.3732382533,-547.9802402778973,276.5361614375081,1628.098627058133
301809,7.05636711499,49.2353545439,-530.6478320485335,261.72137551803314,1625.647861392201
301691,7.05683692903,49.3277539465,-539.763955806893,269.39037534796194,1626.9001398906144
312214,7.05809514514,47.5146669425,-719.0428388310592,455.2245935912796,1667.7716634648555
311030,7.0601419233,45.3723323563,-72.39808193962494,457.9244830922286,1668.5106301912704
311906,7.06082121736,43.6311176132,-541.2485845997244,270.6657160618191,1627.1118033796088
311909,7.06172829444,43.6182229441,-470.15598195548,219.70819877491718,1619.414889228484
301824,7.06433373465,49.2979867251,-538.663868430595,268.45001367456797,1626.7446943782732
301778,7.06503636471,49.1977550598,-627.9780829255717,354.7589773182515,1643.1940916501244
301773,7.06539676374,49.2065650855,-290.0970626217092,240.8920889579939,1622.424694513903
312213,7.06816827697,47.5112824332,-563.8425871594952,290.8962010470291,1630.5991201486584
312582,7.06875998902,43.689371148,-481.4134992221226,226.142748571805,1620.300414607611
311907,7.06880119702,43.6268319308,-499.6316456737968,238.01390333318668,1621.9998486516222
311930,7.07311784938,44.1768430314,-61.392805832273474,470.56085488175904,1672.0228494231285
312219,7.07330580539,47.5149095435,-599.5777592722895,325.5084700728392,1637.1281730320156
100017,-70.7435056312,43.3151044661,-210.78536095977807,309.1194420974867,1633.948506021119
301649,7.07678234368,49.4229992664,-550.5432344692347,278.8077800673084,1628.4860051815142
301895,7.0770036617,49.5059662753,-739.6857450385653,478.95794145127644,1674.4054468751676
301650,7.0770402187,49.3734003663,-549.7779830916351,278.12747471360836,1628.369670264266
100015,-70.7813953823,43.8061260977,-142.4173587808772,379.75178951062037,1648.7705457347618
301772,7.08159153008,49.5642972181,-427.4740526761292,202.76447580911906,1617.2032412458652
100016,-70.8521447672,43.4072254227,-191.05891984539414,328.7004406389007,1637.7658167522584
312212,7.0854556644,47.4896178435,-275.42289654763135,251.87278277555558,1624.0913735221575
301676,7.08566034742,49.2689419287,-542.5134641272384,271.75789945305564,1627.2938415544756
100019,-70.8894448683,43.1802865919,-467.6934066931654,218.40033917939033,1619.2379686135262
312583,7.08955439674,43.6811997783,-524.8206570732999,256.9730384173663,1624.8901603860606
301722,7.09712334036,49.5682367854,-343.1801691734458,210.39267682257918,1618.1773602749963
100043,-70.9727784362,42.0354548202,-431.9697713905886,203.93654991722744,1617.3506135770708
100010,-70.9770838575,44.389592367,-93.72095687020017,433.67735112839983,1662.0195353026784
311910,7.09821892246,43.6227317515,-496.3759220360171,235.76946262127376,1621.6720168858774
100042,-70.9971810022,42.2193253114,-457.6862982087632,213.4756365052872,1618.581087937
100036,-71.0104170913,42.4729253424,-412.7027710530719,200.01732063216585,1616.8611008366972
311911,7.1024021418,43.6147816288,-519.4155417531197,252.68292781314668,1624.2172123377493
100035,-71.0270868187,42.5729253616,-591.9472017030251,317.8893665557755,1635.6303189337186
311931,7.10587320809,44.0892868131,-55.61977987908422,477.2196334067196,1673.9090385546133
311932,7.10587514109,44.0813295665,-70.26504067501317,460.3675609649039,1669.1827886827614
100021,-71.0594449203,43.0980643491,-180.62807028967745,339.3464903032256,1639.9356485323144
312218,7.10698964218,47.5102824002,-592.9530585685229,318.88725387920135,1635.8245540193495
100018,-71.1021736139,43.2522405659,-166.51739990143003,354.02891980619177,1643.03662981235
312584,7.11092857151,43.6690921783,-529.4978529849604,260.7744923329658,1625.495686459211
100037,-71.1354171316,42.4645920047,-312.45769520304395,226.10055186821265,1620.2945258196412
312217,7.11537109987,47.5029427176,-585.9160560586719,311.94893756909033,1634.4861671168924
100041,-71.1564535604,42.1602584265,-553.4183436271754,281.3790837572057,1628.9281996521609
100044,-71.1604171117,41.9479252379,-442.57839523451196,207.30118270450367,1617.7783133657933
100039,-71.1895838111,42.3645919834,-466.89545492548257,217.98450795596713,1619.1819343590732
311912,7.11924806819,43.6103976555,-483.5527917156395,227.44671965123135,1620.4829221951372
301777,7.1192726362,49.1939689725,-636.7089952898039,363.99827010607993,1645.2135519397486
100040,-71.2020838041,42.1770919469,-579.6880464161275,305.89512699653824,1633.3415807987665
305051,7.12264430748,52.8398661481,-327.0908938880498,217.88861983957756,1619.1690280824857
311914,7.1229214445,43.7561748755,-110.17384654423836,415.2092867337541,1657.2964860386141
100020,-71.2312026375,43.0816073977,-156.110449057482,365.0437358417571,1645.4451737822478
301839,7.12329595553,49.5063208543,-737.195149134652,476.0805465999616,1673.5846490981278
100038,-71.260559577,42.2562586274,-193.70573310629166,326.0294704375555,1637.2318426050044
100034,-71.2979171961,42.6479253679,-312.9496226827273,225.8044602255403,1620.2532348690845
100023,-71.3479227542,43.2227657814,-124.79313535707084,399.0017109110393,1653.310393167575
102550,-71.3521754796,42.7816340779,-184.76385231916407,335.1031015718224,1639.0628357476232
311933,7.13573167856,43.9858570966,-53.99767934603407,479.0941783946777,1674.4444220748735
311928,7.13574296256,44.1937158827,-81.52938357478698,447.5008257687689,1665.680005256026
100029,-71.3729172203,42.6395920302,-324.97317337205465,218.99837995866653,1619.3187398626949
301872,7.13901953183,49.4403496059,-587.7928708792501,313.7895076930806,1634.838446447921
301677,7.13912272584,49.2892638714,-541.4529788497117,270.8418560080492,1627.1411130605331
301776,7.13950432787,49.2146306732,-629.8128870901068,356.69183072048565,1643.6124704286947
301858,7.13957326688,49.1357884997,-540.8426584296598,270.3163027112187,1627.0537158795494
311922,7.14000753891,43.6483932056,-500.20157703316255,238.41201736705688,1622.0583161128998
311917,7.14000787591,43.7184670394,-116.40817087598046,408.272922832454,1655.572309011038
100028,-71.4022227837,42.6177864704,-727.3719999987272,464.76833387069365,1670.4018962557861
104180,-71.4100192593,44.6021190565,-147.86773636402708,373.8696884212882,1647.4256993158194
311918,7.14415442726,43.6981511937,-116.76830375385583,407.87333448489676,1655.4738136949836
100032,-71.4427783441,42.4594531053,-455.70564975272265,212.57761532358344,1618.4628921858687
102551,-71.4519541948,42.1228213174,-449.37763718111137,209.8851531014715,1618.1114511486571
100033,-71.4646272019,42.2604393318,-249.1372611555468,273.62649922474054,1627.6069402420144
100049,-71.4685430862,41.973221725,-181.10914572659112,338.8514385588793,1639.8332806292863
311971,7.14698498549,43.8479404651,-69.7339639457785,460.9762951396685,1669.3507826477573
100026,-71.4705561494,42.7933420569,-763.2178811539001,506.31439079744126,1682.4348882422075
301724,7.1471115265,49.6023312663,-356.29937798682477,205.58768923579692,1617.5596399549847
301609,7.14773657155,49.4441068712,-568.2979106121447,295.05165390804075,1631.3455701720147
301893,7.14778507956,49.5189966364,-732.2936314650613,470.428608708219,1671.985635924285
301829,7.14781098356,49.3522211606,-576.2284354991056,302.5694161376967,1632.722004025147
311921,7.14783359156,43.6722246046,-454.34653709293696,211.9764906746313,1618.3840469569384
301729,7.1482841336,49.5847704068,-722.8033792641265,459.52785320800365,1668.951388962525
100031,-71.4852783566,42.4266753195,-475.3876529746512,222.6072832546618,1619.8107585159466
100024,-71.5018674879,43.0229070829,-397.287713874891,199.0070977445724,1616.7364398066568
100048,-71.514113889,42.0398117445,-434.0685432843652,204.536075874022,1617.4263189338576
100025,-71.514167281,42.8933420742,-200.6522057265468,319.0819390864455,1635.8625170524422
100022,-71.527171193,43.2078545482,-312.33504126422037,226.17458619853224,1620.3048584411708
311969,7.15379939605,43.8479930041,-75.903986619091,453.91560484000473,1667.4148455508164
301840,7.15409321108,49.3392390745,-765.7692697325907,509.2976545939084,1683.3350800778915
311920,7.15622555925,43.6567236153,-481.06422452683717,225.9322462768426,1620.2710485451764
100047,-71.5686511415,42.0225263081,-180.75330783239932,339.21757778922813,1639.908977939683
100064,-71.6274026293,44.268683095,-160.81698632702808,360.0438479952521,1644.343170790457
100059,-71.6274981483,44.7561648743,-154.56054370590556,366.6966797843969,1645.8126703276064
100030,-71.6311427616,42.3273972203,-452.46520334513013,211.16488556613032,1618.2779426730572
301830,7.16342223685,49.3514206745,-577.2358056331033,303.53498465580634,1632.9012149410587
301892,7.16369839087,49.4942572763,-732.36187987121,470.50720578971857,1672.0077516405343
301841,7.16487254197,49.3437631559,-764.891346982392,508.27076674474733,1683.0246769353319
301910,7.16504821698,49.4737676126,-742.9488227528703,482.7332430371204,1675.4892642983782
103088,-71.6645773984,42.7308771827,-161.05571020609804,359.7910433922344,1644.2878354324885
301819,7.16869025929,49.1897118301,-728.3203704722315,465.8578534337042,1670.7053691336014
100046,-71.7109029692,42.2303806253,-198.5734293468848,321.15134423281546,1636.2674221375094
100060,-71.720644584,44.4100681497,-247.99622629454024,274.62382292123675,1627.7749030384578
301920,7.17313433565,49.4730089096,-732.9097563684523,471.1382616976044,1672.185442013363
311944,7.17636547892,43.931306822,-67.6194233206261,463.40185696148023,1670.02220700245
301656,7.177276765,49.3562190429,-579.4596341421561,305.674720722328,1633.3003170680704
100027,-71.7895840108,42.4104253072,-162.88315676546972,357.85841321829923,1643.8660330930572
301855,7.18130307433,49.1356887277,-562.0901677118828,289.2757454985343,1630.3108132438176
301623,7.18163545236,49.3768705856,-543.6518385483391,272.7452115159127,1627.4590136930776
311970,7.18182179937,43.8274355724,-76.07576100138105,453.71940115064865,1667.3614442665057
100045,-71.8228774785,42.2403833181,-432.1752029894485,203.99377049427883,1617.3578296859537
301736,7.18262704644,49.5524288651,-727.5156275441443,464.9333012497479,1670.4478038708585
100061,-71.8350039595,44.5144766393,-161.1141154055808,359.7292051723888,1644.2743055524356
100050,-71.8354173025,41.3827403282,-416.3428221309457,200.5346694967143,1616.925182102172
311946,7.189393029,43.9110089414,-56.77265282330662,475.88828148926245,1673.529966061196
311945,7.18967222502,43.918904818,-59.585770702382774,472.6429827785513,1672.610020302339
100054,-71.9019858951,41.9770770293,-440.1181409150377,206.4473596079085,1617.6691265938973
301274,7.19329699632,50.6732066059,-153.7114027643643,367.6035962543116,1646.0149740585862
312653,7.19482048045,43.8725380722,-56.112408360074674,476.6506438452781,1673.7469125062198
100053,-71.9521896582,42.0230114781,-164.39482528204798,356.2632562719396,1643.5195157391565
301908,7.19710722764,49.2438649116,-522.3357878026497,254.98674586746213,1624.577216205516
301592,7.19778647569,51.7396030961,-658.4786164533691,387.46022042479586,1650.5630291684156
311972,7.19795500771,43.6685634703,-358.3649491158261,204.94453089070674,1617.478021979896
301871,7.19829438674,49.3767611316,-449.5606231137016,209.959169968178,1618.1210535370064
100065,-71.9851717969,44.1566503267,-160.65450511010883,360.21595757565035,1644.3808643188863
100056,-71.985417363,41.5950399657,-402.88309680862653,199.1516841291565,1616.7542435810906
100076,-71.9886901252,42.6553735025,-159.40882094932297,361.5366554638416,1644.670679525225
301878,7.20105159696,49.139395892,-345.68264060263493,209.38218425781668,1618.0462879443712
100092,-72.0267312194,42.4273082036,-173.44073931604848,346.78684069169117,1641.491396176937
100063,-72.0392621934,44.365623701,-143.766316128731,378.2926865685969,1648.4350904895443
100079,-72.0394479844,42.589443982,-551.6416810404921,279.78731267036045,1628.6539936945746
100062,-72.0395311954,44.4351188877,-206.04419124901702,313.75433768926996,1634.8316963115249
100066,-72.0395841984,44.1562589587,-72.59222711757039,457.70226876900074,1668.4496569217413
301877,7.20559309434,49.1316096583,-346.266635826883,209.15262596924825,1618.016598121236
100067,-72.0643015915,44.1522482693,-401.1217630627536,199.07878775669766,1616.745265829055
311961,7.20664427343,43.8608334692,-65.97773459481104,465.2870010080248,1670.5462831520197
104160,-72.0788657907,43.9689071171,-129.00086550315396,394.3756278195953,1652.200056489554
104162,-72.0813141619,44.0190269963,-695.5286949599281,428.54578881680084,1660.6879249150336
100077,-72.0815796849,42.6817503606,-625.2363486124533,351.879742366249,1642.5748822911312
301579,7.21034604873,50.6315826104,-136.4728735859241,386.20665177614114,1650.2692109841119
100078,-72.1145990816,42.6852987749,-176.73751767969443,343.363850725182,1640.7716552984482
100058,-72.131527346,41.573924256,-172.3410916639303,347.93231899574346,1641.733775448304
301852,7.21494151311,49.1480520477,-446.6409995255636,208.80597290221985,1617.9718245895474
100093,-72.1609134015,42.3553773466,-119.92501648559785,404.37605161199184,1654.6156296745446
100052,-72.1645840928,41.6812584889,-178.72876411122155,341.30466021102075,1640.3419649352832
301901,7.21879162343,49.393779423,-452.2776674965596,211.0852962783575,1618.2675591974607
305099,7.21890557144,53.2026954752,-240.90627079813748,280.90925299248386,1628.847107393073
101574,-72.1897220869,44.9394636825,-184.14304378654055,335.7382344250097,1639.1928052858236
100057,-72.2071738603,41.5732498469,-166.6204134725806,353.9206464447184,1643.0133033015384
312654,7.22276052476,43.7391796681,-211.38495276102128,308.53671323414545,1633.8383623416712
301904,7.22287600677,49.4021164007,-542.1431804507997,271.43764055780287,1627.2403889891536
312655,7.22309978779,43.7190224725,-212.7740661355723,307.1896832537327,1633.5845225587548
301897,7.22368283584,49.5102565256,-545.0002166754638,273.9199422534182,1627.6562983658746
101573,-72.2687509884,44.8687590786,-409.42051523320526,199.64161057953373,1616.8146657922098
100074,-72.2938637705,42.9182575072,-833.2072784549184,589.145520141523,1709.188501818571
100051,-72.3103969518,41.8353842266,-152.33692065578398,369.0735630444378,1646.3438844252137
100069,-72.3147646132,43.6465248655,-512.7044120305354,247.5181116030759,1623.4217278383144
301750,7.23220662654,49.5562349944,-736.8166743516956,475.6436134900564,1673.4604082259802
301820,7.23472174275,49.4390795708,-537.9440737614839,267.83689178612593,1626.6436276725267
100070,-72.360281125,43.3855776379,-696.0984391129374,429.1872172254411,1660.8535631643456
104148,-72.3685226497,43.5189925879,-154.84122643015155,366.397104785198,1645.745949179569
100072,-72.3903664595,43.1317531899,-151.4233320948106,370.05194994093125,1646.5634930062888
301709,7.23991047518,49.3397269255,-381.2315033246583,200.00041823942348,1616.85900997642
100068,-72.4181499338,43.7142450081,-134.1723835639591,388.71529758274795,1650.8581021459202
100111,-72.4272228205,41.6142080703,-161.50737333509358,359.312953956751,1644.1832895778716
100080,-72.4351338522,42.5979447727,-126.23124129800462,397.4185843044074,1652.9290432430864
100073,-72.4354175962,43.0812587467,-145.62896366294137,376.2814890961788,1647.974711542147
301576,7.2437736495,52.306214628,-376.714197120594,200.65341733646784,1616.9399137676046
100071,-72.4395165485,43.1268930845,-116.01891615357017,408.7049606478935,1655.678904771146
100112,-72.4480722572,41.5521817842,-137.73239279780603,384.83564964981525,1649.9488986291003
104144,-72.4533844767,43.0394709722,-155.6741032438801,365.5087725261534,1645.5484051341548
104145,-72.4600899582,43.2728615916,-145.72047765977658,376.1827834932896,1647.9521769283065
104143,-72.4604142493,42.9731450958,-140.6375161226823,381.68020909277294,1649.2157751061832
301900,7.24779399983,49.4855239976,-542.3319435647676,271.6008473492909,1627.267621237158
100075,-72.4862005314,42.7859245543,-169.65263516538806,350.7405211303027,1642.3312102035757
301745,7.24948904397,49.3303693628,-560.3844822399552,287.7062975367574,1630.0330685260021
100090,-72.506003884,42.360166402,-166.24576727302053,354.31449509833124,1643.098187048714
100094,-72.5139765347,42.1606576335,-744.6954542856954,484.7565503711478,1676.0733289369296
311948,7.25203493118,44.0730261378,-63.433957245251236,468.21138280633056,1671.3631531882595
301842,7.2522166262,49.260622988,-426.2947699136497,202.48259849411497,1617.1679237292938
104150,-72.5337066063,43.6192450232,-151.89319217880032,369.54863184127043,1646.450449342992
100100,-72.5437508962,41.9187585235,-479.4904358932537,224.99217006753082,1620.140230794138
104141,-72.5567576592,42.8512016967,-148.88793036413264,372.77267457442645,1647.177087551717
301899,7.25604464951,49.4855650776,-367.9810279959817,202.37219583107884,1617.154104125973
100101,-72.5644702329,41.9107459039,-512.2949284352595,247.20901037577357,1623.3746288694288
100095,-72.5683082682,42.093659971,-454.36334253638466,211.98384805236105,1618.3850106452023
104149,-72.5689851042,43.6022218288,-133.6529559544471,389.28252635729984,1650.9917553316575
311950,7.25715321761,44.0593653576,-71.8059444372409,458.6023856538596,1668.6968085824928
100088,-72.5808776982,42.5854816137,-507.8674173969262,243.9127771146529,1622.8759452545248
104153,-72.5812883103,43.8397980155,-145.1445174395822,376.8041727378115,1648.0941342771084
100108,-72.5854175696,41.7854251625,-606.0307998510619,332.03644887449065,1638.4386147265839
104155,-72.5854805586,43.8809085789,-144.8392297830135,377.13370101519433,1648.1695056296253
301848,7.26054771689,49.248204693,-729.0680478812887,466.7172115080922,1670.9451954998028
100098,-72.6062509213,41.9895918674,-326.29183184523254,218.304121025722,1619.2249936629553
100110,-72.6112037747,41.5612183829,-131.38389848047694,391.76381136724996,1651.5785705630171
301813,7.26124856494,49.4772728729,-538.0075397127384,267.89088298243723,1626.6525185272656
104146,-72.6225831027,43.3478227738,-121.11460766214725,403.06060596462834,1654.2946360689677
305052,7.26451757521,52.8310451244,-351.63076482820867,207.1566052936526,1617.7597936537968
301902,7.26463720022,49.4228441934,-536.8329674757749,266.8938410302573,1626.4886145392686
311960,7.26505592726,43.9142250746,-70.80124158941683,459.7531409199989,1669.0134335684027
100085,-72.6516942361,42.5354957055,-157.75993197891492,363.28806543857564,1645.0565672146624
200008,-72.6603113218,-7.63515901759,-340.5294971992277,211.50990975771091,1618.3230001367774
100091,-72.6650917082,42.3189869846,-429.1769743067616,203.1903352806201,1617.256690571239
100087,-72.6687509835,42.7020920013,-109.84843955772335,415.5723065891936,1657.3874721530415
100086,-72.6690703995,42.7141406703,-133.47384259267537,389.47819081883785,1651.0379014333682
301812,7.2680056455,49.501928653,-367.1211246832103,202.57353584725,1617.179312343453
100145,-72.6854175529,40.9145916564,-209.4846894265253,310.3862040398889,1634.1886324730926
311947,7.26855910955,44.1059801365,-63.64465440101314,467.9690065442502,1671.2952707202874
305014,7.26924907361,52.5471214419,-353.75946864636006,206.42156720402005,1617.665835162797
100084,-72.6941338756,42.5438711432,-107.20811670598061,418.52128509937074,1658.1293547028272
100097,-72.69898196,42.1067687901,-292.4830792643793,239.1964428037873,1622.1737974384775
100109,-72.7059297716,41.5201065565,-198.18405840185042,321.53989278690085,1636.3437271855194
100099,-72.7060986226,41.960393717,-223.06309811679964,297.3487608161656,1631.762598053067
100082,-72.7142485273,42.6480155629,-91.75258173676846,435.9015939836128,1662.6013023221892
100081,-72.7144041143,42.6725929319,-94.07422258499498,433.27848492443763,1661.9155021674242
100083,-72.7249932171,42.6398265462,-109.59103722515253,415.8595281956067,1657.4595132421964
100107,-72.7608503061,41.9103690408,-231.9547627549835,289.0510727422229,1630.2709632142185
301863,7.27672074922,49.5065400473,-366.9146118324365,202.6227373278802,1617.1854762296837
301794,7.27804588733,49.3147257535,-584.7724258519812,310.83102426373154,1634.2731768253511
312588,7.28089867057,43.7609282379,-91.92800346983282,435.70324716100146,1662.5493106770177
312587,7.28090417457,43.7691594036,-94.2705482411407,433.05685943621813,1661.857735894004
301923,7.28100762158,49.1268588109,-381.2618589590303,199.99658043928153,1616.8585352569937
301788,7.28139087661,49.3272346785,-504.79604655479807,241.6767377685469,1622.541382037584
311959,7.28144243662,43.9436260761,-82.61432210074067,446.2662124507329,1665.348739219839
200002,-72.8185807089,-5.13526508675,-517.4483142002173,251.14996389510068,1623.9794318926874
100114,-72.8354888433,41.4474256615,-434.634716687745,204.70345873096494,1617.4474943139282
100115,-72.8394470896,41.368816322,-205.7568860763834,314.03672009687625,1634.8859141894854
312607,7.28502070291,43.7267782431,-410.028772870379,199.70471175308992,1616.8224586337146
301917,7.28523391593,49.3478163692,-743.7574752258596,483.66977604716675,1675.7593332896886
312608,7.28545445895,43.7106464808,-407.56032247366176,199.46710158427405,1616.7931269832936
100113,-72.8643637437,41.5310167364,-665.1936124409501,394.80715868851826,1652.3031148665448
100105,-72.8867686625,41.755940906,-231.38722905993697,289.5746220873163,1630.363871227217
103089,-72.8973675674,41.3815401651,-189.94969316571115,329.8235612475825,1637.9915971701512
100106,-72.9002260036,41.6729251312,-447.13683758034404,208.9976241443432,1617.996569138503
100119,-72.9021927058,41.4226593475,-186.978466653668,332.8427515349326,1638.6022055689202
100146,-72.9067529232,40.8311605305,-590.7383566810195,316.6927667738479,1635.3981776230705
103091,-72.9101299065,41.3723561723,-577.9074639385075,304.18006317275666,1633.0212496099882
100118,-72.9101516655,41.4270374778,-455.8726560063818,212.6523316049053,1618.4727075187238
103090,-72.9102278215,41.3774003557,-175.35571882116741,344.7964879246619,1641.0720608587446
100116,-72.9272546549,41.4690822853,-264.93989093697735,260.2524721359142,1625.4120216421559
301602,7.29373389963,52.2442839139,-338.8656212553252,212.23553271277038,1618.4179967461616
311951,7.29401585266,44.0354622587,-71.06991966485765,459.44534014787587,1668.9286717620926
301603,7.29793725198,52.2482105242,-343.03918296393033,210.45089263396295,1618.1849304255732
312592,7.298207648,43.8312133078,-97.34641657051287,429.58860809366445,1660.9573333020442
312591,7.29827858701,43.8523516935,-88.6910721481666,439.366997225277,1663.513224803681
100147,-72.9937197354,40.7670510372,-362.4888610009881,203.7555893030146,1617.3278056776878
100102,-73.0186971234,41.9648633753,-135.38604995762327,387.3910892724915,1650.5468023941983
100103,-73.0336993037,41.9688121937,-148.0957893382707,373.6243522624665,1647.3700396236216
100135,-73.0562924876,41.6149482874,-126.10716257056008,397.555092584563,1652.9618696406478
301827,7.30607678465,49.273132508,-415.12928881409744,200.35047239170285,1616.902347896608
312590,7.30641125368,43.8649649375,-96.61702081570986,430.4103678827854,1661.1700622233052
100136,-73.0648595043,41.4433433662,-114.80621897956537,410.05185384110206,1656.0119002243039
311958,7.310309463,43.9685341821,-70.80197886052771,459.7522962284556,1669.0132008864769
312589,7.31045627202,43.8893027946,-91.17057935296862,436.559825737607,1662.7739991634564
311952,7.31063641203,44.0061801302,-84.69257167740062,443.90362584299464,1664.717189159331
305012,7.31071850804,52.4691469925,-342.2392729244122,210.7837696634455,1618.2282559637615
305098,7.31252613419,53.3239885792,-214.24761334686602,305.76543309439217,1633.3172964618316
312593,7.31356382827,43.8106054471,-95.16562188831799,432.0468260694016,1661.594821478037
301793,7.31381727429,49.3019901154,-744.5179100588064,484.55080360264895,1676.0138341069735
100148,-73.1434502738,40.7477270426,-488.46395235789265,230.53366124778432,1620.9190787372124
311957,7.31518204141,43.9968362385,-74.3851445448082,455.6513279061795,1667.8881927361467
100134,-73.1685115478,41.3854250654,-124.42278133757065,399.4097502091298,1653.4089147600798
312606,7.31851876368,43.7521970722,-85.21765278337483,443.30720330722517,1664.5582499119873
305056,7.31865538669,53.0333664381,-222.17218935387586,298.1910343982698,1631.9162919223202
311956,7.3187137217,44.0069173743,-76.17365954431841,453.6075887698972,1667.3310215537963
312604,7.31891523172,43.7569815056,-85.19830000477988,443.32918191013783,1664.5641034153948
301825,7.31892842272,49.285520363,-530.089573567376,261.2611175837893,1625.5738255788679
301828,7.32066021086,49.2641813803,-437.6820568020645,205.64528106029582,1617.5669607371292
100166,-73.2142040396,42.7439122568,-398.8003976222944,199.02113609729585,1616.738167873649
100133,-73.2222922823,41.4851947546,-158.62691857501522,362.3667176706731,1644.8533457185179
100144,-73.2269509287,40.8480187849,-521.8474004864299,254.59913522872483,1624.5164235874008
301924,7.32269887403,49.1904397152,-381.2150469727196,200.00250186201075,1616.8592677153595
100137,-73.2270844097,41.1729250228,-393.3072768951665,199.05888497673257,1616.7428152103123
301919,7.32284149704,49.3605033273,-751.6176168850706,492.7918648879742,1678.414940634691
311949,7.32293899505,44.0899668642,-73.93529978005367,456.1657078772215,1668.0287898861673
100121,-73.2349983793,42.1728605335,-151.6346284204689,369.8255729756827,1646.5126313735882
100122,-73.2640012327,42.129543603,-154.82989546905378,366.4091964309931,1645.748641219306
100123,-73.2727681735,42.09433842,-182.36063752550857,337.5653748804001,1639.5680141928028
100124,-73.2855168995,42.0481767602,-165.41026827819124,355.1935435747524,1643.28796753435
100125,-73.2983984446,42.0435790628,-169.06178360687275,351.3591349928074,1642.4634341710257
100126,-73.3107955946,42.0484651793,-176.48667917492645,343.6236948897134,1640.8260524917455
100149,-73.3140092619,40.704274285,-544.3889154497758,273.3866602696155,1627.5666366878377
301873,7.33155363076,49.3132288663,-754.1463488126922,495.73369685312343,1679.2810333716182
100127,-73.3259502449,42.0531561276,-170.67268417341984,349.67376281076315,1642.103721219894
100131,-73.3268764509,41.5516076801,-141.26495334617974,380.99997614454406,1649.058480669539
100150,-73.3317697014,40.7065083692,-482.4510415114782,226.7720309618107,1620.3883623602487
100167,-73.33936208,42.7641211585,-113.08970781880404,411.96064204175053,1656.4855753786196
101572,-73.3473575586,44.9975915533,-588.6768755890798,314.65897512719334,1635.0055539581756
100151,-73.352022317,40.6816288102,-435.00260691296273,204.81350309816406,1617.461425165165
312595,7.33521795806,43.7730157129,-104.34943080741465,421.7210086027412,1658.939872310898
312603,7.33524052607,43.7690755216,-87.65487828507787,440.5415019683663,1663.8238205418654
312594,7.33550356809,43.785278901,-95.37495385912584,431.81069985427905,1661.5334397340994
100168,-73.3770845641,42.939592022,-478.0726880603346,224.15720814109042,1620.0244889530509
100139,-73.3808641474,41.1818806695,-176.53924516027197,343.5692334450065,1640.8146479770269
100169,-73.3820576595,42.952308686,-678.3818027918409,409.37057322981525,1655.8433371163146
100120,-73.3896074161,42.1939738853,-454.1894201275377,211.9077970809291,1618.3750508796402
100170,-73.3906689512,42.951475338,-289.9627083530278,240.9883491576855,1622.4389896929044
100138,-73.3937380035,41.2940543198,-145.49683696979406,376.4240166725416,1648.0072606556914
100130,-73.3986001479,41.4504455218,-156.0008344475722,365.16053438539495,1645.4710896027962
311955,7.33993256645,44.027456239,-86.80953852872733,441.5002727671804,1664.0779373873927
100140,-73.4192878416,41.16371576,-450.4362478708049,210.3165546969886,1618.1674647654972
100141,-73.4270844722,41.1395916761,-448.22172973674236,209.42295843954795,1618.0515648048913
100164,-73.4315026816,43.1014738944,-410.7495088116677,199.78332794105506,1616.83217093463
100142,-73.4431773726,41.151215796,-395.3354194159535,199.01643196012904,1616.7375887991614
100129,-73.447917838,41.5937584306,-112.52212339966823,412.5924000545877,1656.6428038140239
312602,7.34575553094,43.7640487162,-86.30772227890454,442.0696761930416,1664.2290976471375
100201,-73.5065018478,42.5070344312,-154.96726791007455,366.2626129890063,1645.7160121113
305058,7.3514081444,53.1019972178,-219.96236464978048,300.28845511754184,1632.3008445512933
312597,7.35228123048,43.8774294696,-92.1619072051854,435.4388126118387,1662.4800300679685
301931,7.35296422153,49.151439088,-376.2119329778203,200.7360346752312,1616.9501682065286
100143,-73.5481395333,41.0652767639,-463.21513239310093,216.11784883514738,1618.9316895505867
201841,-73.5561549159,-4.50173794633,-345.7214682062295,209.36684796397566,1618.0443034331154
305047,7.35588500777,52.693734062,-371.28965940720514,201.6508756350266,1617.0639957931035
100128,-73.5604178793,41.6645917735,-138.36011104952266,384.1530342818788,1649.7898183083682
100221,-73.5684993439,41.4813575713,-107.55697025733134,418.1312987282275,1658.0309628659352
305004,7.35725675589,52.3319042451,-345.4365624711588,209.479625450567,1618.0589001408123
301922,7.36039071815,49.3017472204,-528.5710571134567,260.01484550444957,1625.37399103366
312598,7.36077512618,43.8352074181,-79.52814059208859,449.78035339639894,1666.2938687840674
301932,7.36454789849,49.1477171706,-417.230629051833,200.67682717006974,1616.9428189670255
305050,7.3646398775,52.7514915658,-332.0490986364352,215.39955572345795,1618.8359581661907
100171,-73.6729179846,42.7854253162,-191.21937257886037,328.5381610565046,1637.7332548728364
312599,7.36764802175,43.8265298934,-80.05515743694133,449.1797768812176,1666.1318563682307
100198,-73.6854179866,42.7479253091,-335.8047894842247,213.61861680222466,1618.5999518999377
100197,-73.7062375393,42.7854115262,-320.5520482211815,221.40274897541164,1619.645661278989
100203,-73.7308039074,42.214437896,-458.753218373036,213.97008677343587,1618.6463754878077
103109,-73.7396750721,42.0144464324,-422.34916022984,201.61765198039828,1617.059853077824
100199,-73.7432563954,42.6643077512,-599.6030184256581,325.5338749488714,1637.1332244460782
100202,-73.7440132975,42.3306493376,-518.3923390007899,251.8836632879475,1624.0930609658249
100215,-73.7643907371,41.8143611939,-504.5819819097861,241.5224731241259,1622.5184115657917
100217,-73.7679107184,41.5853483479,-488.6888171031819,230.67805594414656,1620.9396214357141
312601,7.37709038353,43.7936364386,-84.03593612956941,444.6497604328572,1664.916304292496
100218,-73.8065232626,41.5728796939,-481.15726529053177,225.9882544219992,1620.2788593272107
312600,7.38128242288,43.8061378437,-84.6419275338173,443.9611615518322,1664.7325322142406
305010,7.38129645988,52.415055159,-337.51098984080056,212.83998231249635,1618.4973737750609
301921,7.38140487289,49.3144909274,-432.74806732154775,204.15501427634507,1617.3781749177156
201842,-73.8178999996,-10.6772482163,-318.61903282843133,222.4904182818127,1619.794702137651
100200,-73.8269356073,42.5353184605,-706.9981868534619,441.5075969380642,1664.0798805946815
100163,-73.835418071,43.3062587413,-121.09580759293448,403.08138429738926,1654.2996987284632
100196,-73.8433905427,42.794186387,-508.95487259534025,244.71450169508844,1622.9966352971471
100162,-73.8442907518,43.3189687214,-449.0571718508314,209.7560848148745,1618.0947147688391
100195,-73.8562513777,42.7812586419,-655.206916198556,383.8984201244805,1649.730550065694
311954,7.38612357828,44.051762032,-86.53252436895502,441.81457351023386,1664.1613528176933
100224,-73.8645846044,40.9854249643,-427.59454614473015,202.79387834843925,1617.206927990845
100216,-73.8726363871,41.6531575875,-482.74628640651355,226.9521820985363,1620.413584183147
100225,-73.8852064551,40.9396199875,-578.3503964732466,304.60602883991135,1633.1006471285248
100213,-73.9040262697,41.7145464526,-418.30139329873475,200.85657933646775,1616.965137629359
100220,-73.9061416109,41.3146691515,-156.20057046701433,364.9477198810838,1645.423875204316
103111,-73.9140263065,41.8001016617,-453.3908850797159,211.56123558508935,1618.329709066813
100214,-73.9262493535,41.7101019593,-410.22704334816723,199.72592283116094,1616.825078694892
305096,7.39400121093,53.2942647377,-213.45302276808837,306.53284157030475,1633.4611332404427
100212,-73.94375134,41.7229251053,-143.35869069538052,378.7333700173539,1648.5362769471249
100161,-74.0147147539,43.8886677515,-437.53505648076083,205.59827283625054,1617.5609851375727
311953,7.40190375458,44.0732572138,-86.2057491138839,442.1854064437989,1664.2598428484216
100154,-74.0473410066,44.0160862191,-421.215767525061,201.39159212826394,1617.0316831237235
104157,-74.0516932909,43.9648321928,-147.62285987281493,374.1331939594235,1647.4855197142901
100153,-74.0606641227,44.0481154577,-127.2217748391792,396.32938828717346,1652.6675028166044
100242,-74.0805568903,40.8902860504,-475.2036903194038,222.50261217110906,1619.796377100823
100155,-74.089105559,43.9606475065,-428.7887934983448,203.09130970029088,1617.2442520911197
100239,-74.0931382533,41.0603662205,-416.84130001931135,200.6137180185807,1616.9349877787986
100240,-74.1020846821,41.0020916267,-398.52231610612665,199.01716222590147,1616.7376786932493
100219,-74.1023133881,41.368767567,-131.35122770052112,391.7995781368403,1651.5870550092693
104158,-74.1161126532,43.9688977411,-432.8854683699511,204.1940555321857,1617.3831033990268
100159,-74.1309993245,43.9640642007,-146.17127360923288,375.6967088872056,1647.8412872345027
100205,-74.1323601836,42.4361998963,-272.8983662530867,253.85215775724797,1624.3995225448684
100241,-74.1353333708,41.0273106568,-500.68385790027355,238.75010298847945,1622.1080428020184
312567,7.41445854562,43.9271217247,-80.10260190389968,449.12571984372056,1666.1172837081806
100204,-74.1484887189,42.4071059499,-486.4893649252033,229.27709257641828,1620.740841722168
312566,7.41511385168,43.9647632488,-84.01910528617938,444.66888944112765,1664.9214131852566
100267,-74.1519227732,40.160301062,-547.5798410128886,276.18306413733586,1628.0386898849406
100270,-74.1643929102,39.9525595748,-522.0932382565019,254.7941301027565,1624.5469951899838
100211,-74.1645847433,41.6895917576,-470.4680185316504,219.87654443564614,1619.4377374999467
301607,7.41934647903,52.306327709,-360.6616800291143,204.26663545701737,1617.3922681918928
100268,-74.2231862491,39.9857241846,-354.90066064487814,206.04106313218918,1617.617325124403
100238,-74.2258841683,40.885114614,-314.6615455465944,224.7845675607741,1620.1114136563167
100269,-74.2280568845,39.9608414155,-456.5206924244854,212.9440091159779,1618.511057072015
100243,-74.2346267851,40.6893485628,-506.45159549956986,242.8767845391122,1622.7205623008676
104159,-74.2357117671,43.9778503539,-164.39395223833702,356.2641766044295,1643.519715238493
100191,-74.2544981077,42.6729844539,-611.6630175015399,337.7937142203676,1639.6150414694227
100193,-74.2562515078,42.7604252912,-142.21956946316033,379.9659080663239,1648.819875589402
305092,7.42669446263,53.2196232816,-215.15618658566936,304.8896732337463,1633.1535762721662
103099,-74.2688555879,43.9770937318,-124.17098823283212,399.6872431204283,1653.4759699370275
100233,-74.2770847316,40.8937582657,-510.30937526381354,245.7203200158124,1623.148596559988
103097,-74.2891287056,43.9858587166,-125.15126969970854,398.6072660650922,1653.2152441245732
100237,-74.2893750396,40.9898129217,-379.7881427282895,200.19139601789925,1616.8826444382353
100236,-74.2933780839,41.0073141311,-430.18236605280384,203.45215024459668,1617.2896055701142
100234,-74.2980569673,41.0022347787,-670.4461625777808,400.5868347761552,1653.6936545327749
100244,-74.306604011,40.6899464718,-550.4033256896399,278.6832722375238,1628.4646932221156
100235,-74.318056983,41.163619429,-144.73734102110765,377.2437047583144,1648.1946801351362
100156,-74.3270343717,43.9726845155,-196.97228125667675,322.7509725957367,1636.5821339479053
103110,-74.3354933694,42.0767849486,-124.25511458444525,399.59452315874375,1653.4535596092346
100190,-74.3391064377,42.5862365737,-164.084086256547,356.59089465377303,1643.590568540707
103095,-74.3402108138,43.9895871999,-184.83674124152256,335.0285737420659,1639.0476003062354
100232,-74.3472236404,40.8450082547,-535.6468674715655,265.8917246549859,1626.3244756462311
103094,-74.3519868708,43.9938567392,-381.0924408722562,200.0180938063491,1616.861196484074
103093,-74.3604175245,43.9769605678,-219.95851926878552,300.29211502686064,1632.301517855476
100188,-74.3685047871,42.952442758,-490.8430966045,232.07468909360324,1621.1389675669013
100207,-74.3769079248,42.1187584991,-73.89856733218458,456.2077160298007,1668.0402785937492
100227,-74.3889510218,40.7234151536,-472.8352804745019,221.17268490991972,1619.6142279556104
100206,-74.3896500159,42.1187584991,-67.97039545527937,462.99906125819473,1669.910483101401
100266,-74.3979941716,40.2939693421,-493.3604434537344,233.73676461671363,1621.377736981569
100261,-74.4021979349,40.6649300888,-256.41652958670824,267.36164105845023,1626.5654422603025
100229,-74.4097236635,40.9027860415,-527.2681124039884,258.9521812618077,1625.2043326998096
100260,-74.4302792072,40.5822304219,-511.89441471542796,246.90736694057796,1623.3287216998026
103115,-74.4478276197,41.9681418416,-80.51784426682991,448.65267098979234,1665.9898289102068
100189,-74.4554683413,42.468897434,-176.487341632082,343.62300851812614,1640.8259087511487
100262,-74.4559617884,40.6021066126,-450.5496012727881,210.3632056999724,1618.1735287534382
100231,-74.4569458954,40.8072304656,-614.5583146663635,340.77395636222786,1640.2316239424085
100263,-74.4817014685,40.5809845618,-511.2187002347138,246.400005047206,1623.2516297029395
100305,-74.4981472989,41.9979564081,-156.72123140620164,364.393213716662,1645.300977039989
100264,-74.4981761089,40.5728643452,-461.8278531553186,215.4363797701559,1618.8408583225394
100265,-74.5145094352,40.5478495051,-355.8364393994356,205.73615407199728,1617.5785161587437
100192,-74.5196278716,42.6690911886,-715.4635952118961,451.13769943661964,1666.6607677325794
100187,-74.523751414,42.8525824148,-695.3599047282091,428.3558122887238,1660.6389110121193
100259,-74.5270847923,40.5604248581,-354.80192579529603,206.07360836058814,1617.621470835726
100226,-74.5275116673,40.679456741,-639.1128833142907,366.56021972227427,1645.7822716048522
100273,-74.5393120663,39.7147163952,-534.2915481593988,264.75250163750655,1626.1386097037678
100274,-74.5393551673,39.6725562737,-532.6593006443944,263.3889171253512,1625.9171604083801
100303,-74.5394769693,41.9277591953,-84.2978716775527,444.35208551934954,1664.8368288668353
100230,-74.5436125886,40.7897304591,-448.3913896030657,209.4902164490041,1618.0602713229925
100272,-74.5611125331,39.7155635782,-661.7133404636099,390.9933409700875,1651.3959802327656
100210,-74.572633889,41.1936032705,-450.4392085678084,210.31777205907957,1618.1676229890033
100228,-74.572813222,40.9521965425,-150.77242904489546,370.74966301851964,1646.7204387734826
100311,-74.5772099204,41.9235523699,-96.93211076530297,430.05532530164356,1661.0781058295506
100185,-74.5813176357,42.8438774121,-693.7263763094554,426.5184485699046,1660.1659187612736
110449,-74.5853015061,45.139545493,-504.33298135757127,241.3432938856598,1622.491749239288
100255,-74.5890411054,40.3149928098,-651.3224592002532,379.6852738983584,1648.7552268488057
100312,-74.5898808884,41.8900999761,-104.65369892024106,421.38010743042184,1658.853244197346
100186,-74.5979182931,42.8729252995,-661.104737482887,390.32773111374735,1651.2385135171694
100353,-74.5988903492,40.1769525584,-759.7712258479412,502.2894231095254,1681.2279903135343
100352,-74.5993128142,40.1395717173,-769.2878936252864,513.4170383028377,1684.5859865455498
100313,-74.6018845324,41.4436874772,-141.47406107993993,380.77337407989086,1649.0061410601747
100184,-74.6020655765,42.8479604034,-671.71063731354,401.98235340228797,1654.0322558199484
110454,-74.6021681545,45.3176522137,-781.230402663544,527.4414015574059,1688.913059610478
312568,7.46028505541,43.8772597536,-80.25366866453203,448.95360875028746,1666.0708969476334
305046,7.46089200846,52.7310267211,-331.31988340853997,215.75588598278102,1618.8834093850614
100183,-74.6145232325,42.7977648142,-430.9310340011132,203.65210082799783,1617.3147711616443
110455,-74.6176107447,45.3273924236,-707.8051425494211,442.4233326205513,1664.3230744338855
100257,-74.6180179748,40.3686904413,-227.6117315977055,293.07889554994534,1630.9899232867017
110456,-74.6269370095,45.3189563779,-758.8920543245177,501.2636901161237,1680.9218238439341
100180,-74.6276444406,42.9678587533,-481.78782548691026,226.36909811909666,1620.332021355265
110457,-74.6352533892,45.3023766265,-745.9736333949736,486.2382867339716,1676.5024790712278
100258,-74.6502792674,40.4144526031,-561.007005314415,288.2781991481803,1630.134108271495
100182,-74.6518059706,42.8481850494,-674.413619135802,404.97071880346203,1654.7610624903457
103107,-74.6592917722,42.8437683301,-677.4386037532287,408.32342206493803,1655.5847631132654
100181,-74.6601453093,42.928136813,-607.4737949915336,333.506312524735,1638.7371208768755
100179,-74.6723994523,43.0104814978,-460.1346531542468,214.62133034159766,1618.732592580869
103106,-74.6730218463,42.8480297004,-675.5396973411171,406.2177750631583,1655.066697031648
100254,-74.6768232626,40.5722189771,-501.76047970499667,239.5087676117383,1622.2198804751713
110452,-74.6769626627,45.0982324646,-714.7099588445062,450.27830294507794,1666.4283485794056
100271,-74.6775014617,39.7669524735,-559.7138080495408,287.09132535018614,1629.9246362753438
100256,-74.681251495,40.3312581412,-615.6808448829785,341.93308554738553,1640.4728360560994
100359,-74.6844459193,39.9700080693,-675.7421298505666,406.4420841728518,1655.1217655002777
100178,-74.6894271307,43.0028206722,-454.72947823719005,212.1446117107371,1618.406076089646
103105,-74.6894558177,42.8356370124,-620.8165433418867,347.2616352872772,1641.5917684334247
100253,-74.6898407097,40.631557895,-541.7443449554905,271.0931777975134,1627.1829650946875
100327,-74.6908348768,41.0988971807,-510.4754726322694,245.84420606161697,1623.1673556660915
312569,7.46954354518,43.8812534329,-80.95054287019279,448.15986574109496,1665.8571835865946
100176,-74.6974575013,43.1771680276,-201.30418542596038,318.4346437207762,1635.7363825407695
100302,-74.6982394314,41.3727127663,-227.22524487778065,293.43968388594215,1631.0547933546152
100250,-74.7021837137,40.5441939078,-367.5642540664245,202.46906868083147,1617.1662297421587
103103,-74.7060012371,42.843294848,-395.9232180668779,199.01036675458033,1616.7368421984381
100177,-74.7269690698,43.0061912005,-691.0481709788446,423.51082439260944,1659.3957663028111
100251,-74.7302793121,40.727508218,-445.73822703525394,208.46147279434325,1617.9274014879568
100351,-74.7349843995,40.256253363,-497.46461037270933,236.51430012635018,1621.78047374182
103101,-74.7355999895,42.8561894401,-380.74971919056367,200.0623154315369,1616.8666676327437
103102,-74.7357128585,42.8518274107,-390.376672493273,199.17914622117976,1616.7576265895216
110451,-74.7359611445,45.1525529591,-724.9437611290465,461.9813141018306,1669.628589065616
305091,7.47366938052,53.2153990062,-350.1410524763036,207.69041567504198,1617.8282355087197
100301,-74.7518177098,41.4312590622,-121.43489683098828,402.70666701564414,1654.2084362331232
100252,-74.765834875,40.6616748705,-176.11202987571167,344.01197959563865,1640.9074114499256
103112,-74.7688859643,39.7313572405,-515.1809807580148,249.40254602035108,1623.7101098433236
110450,-74.7730649456,45.1099336706,-748.0780736298282,488.6798476942368,1677.2122359404752
101571,-74.7770851599,44.8645923203,-448.6688990170654,209.6006607329618,1618.0745742473305
100316,-74.777599549,41.3145446385,-339.62239079439007,211.90319418578883,1618.3744481893323
100350,-74.7812515213,40.2229247832,-330.13271790991575,216.34323087864482,1618.9617921350077
100283,-74.7812605543,39.518891632,-897.359704252801,666.4559335051097,1737.3532749991157
100175,-74.7812917573,43.0145551502,-508.99425548725304,244.7436338346359,1623.001028079948
100314,-74.7951673944,41.3223244432,-141.34390277849292,380.91441571230814,1649.0387148103694
101569,-74.7979185097,45.0020923446,-225.24212665518397,295.29685862613826,1631.38993669829
100315,-74.802389846,41.3189910909,-275.80699461584663,251.57384969731808,1624.04504023057
100174,-74.8190399134,42.9775800741,-370.12503261131394,201.89508343841405,1617.0944671114887
100249,-74.8312074014,40.4728806819,-800.7586601651728,550.5057642233864,1696.2574943943976
100248,-74.8391139921,40.5353135551,-616.0518425932173,342.31662358922244,1640.5528219571324
100349,-74.8432327654,40.2437763719,-404.9553070396913,199.26961172941324,1616.7687741309132
100317,-74.8510024231,41.3053797248,-433.76528702781457,204.44740673156113,1617.415108426172
100280,-74.8519705061,39.5894394088,-561.9731123364116,289.16779249139495,1630.2916619612367
100348,-74.8521062121,40.281207381,-390.88333771914927,199.1533793188117,1616.7544523953188
100173,-74.8606951149,43.3935899755,-142.44859328792245,379.7179804978451,1648.762759028523
100282,-74.8684237575,39.5942578982,-556.5364563899934,284.1945248986883,1629.4168953427406
312610,7.48962300084,43.797315433,-92.26711213113977,435.3198893916247,1662.4488855137536
100245,-74.8975015839,40.6636193107,-432.4810529204995,204.07955055294002,1617.3686511738365
100279,-74.8977923229,39.6145169169,-514.6959414230304,249.03146715208894,1623.6531533791035
110638,-74.9071161357,45.3740057114,-320.12007368008835,221.6439128673116,1619.678645582857
100318,-74.9098937349,41.2312135996,-426.33273519326923,202.49150641070887,1617.1690390971698
100299,-74.910446097,41.477321036,-269.56566302332243,256.5032600817804,1624.8159321223334
100300,-74.9147010643,41.4644699559,-142.94274651895927,379.1832485366261,1648.6396898099883
100277,-74.9187096467,39.6683684503,-518.624759713585,252.064849953545,1624.1211714118158
100246,-74.9195839207,40.6806083811,-180.03803787106506,339.95418158546136,1640.0615038538726
100347,-74.9356826111,40.3312399122,-503.04613438737476,240.4217977582869,1622.3549339411868
110637,-74.9400370234,45.3916454629,-700.7674275184398,434.4534407089554,1662.2222122778396
110634,-74.947439901,45.3777074467,-326.77977088976263,218.04993132322036,1619.1907433641184
100346,-74.9480571391,40.3808414753,-483.0282102203586,227.124650283999,1620.4377487619247
100322,-74.9525032555,41.1061276803,-267.9021530386525,257.8423858538826,1625.0278726190538
100328,-74.9533349535,40.9808415929,-470.31489069933144,219.79385772273105,1619.4265129170342
100319,-74.9551733497,41.1259370299,-149.66312927048548,371.9399625582279,1646.988836208006
100278,-74.9557197977,39.6693982114,-229.95440072507301,290.9001700973718,1630.5998282253884
100275,-74.9559499617,39.7309317325,-223.55066089994378,296.88863097384774,1631.678813384396
100357,-74.9568358178,40.1740063402,-704.24046189168,438.38179452598,1663.2532845654637
103100,-74.959600639,42.9695240635,-358.327043568413,204.95604887829114,1617.4794814209502
100356,-74.9615581662,40.1778951645,-591.7180925983091,317.66235375485434,1635.5862135146099
100341,-74.9680571647,40.7116748736,-437.4415222896721,205.5684449739943,1617.557194171202
100323,-74.9686903188,41.0983023066,-399.0502161683403,199.02524117551496,1616.7386732156058
100247,-74.9688904948,40.6475081943,-668.1904976608699,398.1013657107379,1653.0933392360942
100276,-74.9768128395,39.7060739234,-350.39455978897183,207.59845382685796,1617.8164323795475
305045,7.49771892751,52.6315735999,-243.22446469815878,278.8376636533557,1628.4911217190124
100288,-74.9789559726,41.9477942329,-109.74194405238964,415.69113211819155,1657.417270384163
101570,-74.9811582878,44.8392496082,-541.09076044572,270.52980082504547,1627.0891997614713
100281,-74.9858348862,39.6444524383,-241.7620223486578,280.14271023006546,1628.7150852561756
100321,-75.0022412676,41.0978816346,-155.6413222027083,365.5437190910671,1645.5561678085967
100345,-75.0147845426,40.4160285052,-325.8242625875555,218.5490727948881,1619.2580362825101
100361,-75.0226508163,39.9026321827,-534.4333468120783,264.8713962919412,1626.1579712376124
100320,-75.0353458703,41.0900234369,-149.73853106634175,371.8590063848198,1646.9705557402935
100292,-75.0478113333,41.7646472708,-131.21249446760112,391.9514708257102,1651.6230945129169
100286,-75.0571256421,39.4647892115,-546.1098937235481,274.8909605921045,1627.8199934456006
110636,-75.0643459517,45.5604264528,-529.9236604814105,261.1245452602851,1625.5518813570286
100293,-75.0648072547,41.6727306122,-140.02172255732108,382.3482590334638,1649.3705108410013
100343,-75.0694460721,40.485841492,-495.36395620647596,235.08230258465966,1621.5722555083664
100362,-75.0729456924,39.8027196114,-556.9973466278072,284.612995298855,1629.4899348995596
100360,-75.0771232948,40.1395509563,-507.1113961460742,243.358470598251,1622.792727386312
100284,-75.0772263048,39.495006892,-627.4863611040184,354.2417949117217,1643.0825116555359
110639,-75.0936464671,45.3189848289,-562.4863882683251,289.6414239450557,1630.3757374638842
100380,-75.1101226595,39.7399757672,-553.5696129822393,281.51503189873523,1628.9516886730962
100344,-75.1144798409,40.4313281274,-444.63993596347484,208.05012485923174,1617.8744528856146
103117,-75.115834952,40.0688969635,-410.06704385877435,199.70878141543926,1616.8229613103672
100355,-75.1187516292,40.2270914396,-653.361495095052,381.89468373814026,1649.2654244582466
100289,-75.1395687489,42.1642788428,-103.97151650637136,422.14453268731864,1659.0475874198967
100326,-75.140010019,41.0693304932,-154.1977724904322,367.08401989367627,1645.8990152823128
100325,-75.1426805052,40.9987142694,-140.71869586060572,381.59217292265424,1649.1954030016632
100172,-75.1572416944,43.0939814068,-484.9042000301632,228.28329970210515,1620.6005540443537
100296,-75.1729853127,41.477361937,-399.50923208625034,199.03410388285585,1616.7397642646254
100285,-75.1804840083,39.6145422419,-491.61365599583894,232.58003752982896,1621.2113880377726
100342,-75.1849126617,40.5937082969,-446.0222899487659,208.56925266528322,1617.9412918902033
100379,-75.1854183007,39.9687580522,-452.9115155788977,211.35525874076157,1618.3027949810134
100298,-75.1854649017,41.4562366442,-552.9717302209322,280.9780890213732,1628.8589801932176
100295,-75.200871175,41.4802444592,-421.0867275759041,201.3664918598606,1617.0285572277107
100354,-75.2019885621,40.2980809584,-796.7781387846854,545.7919729754241,1694.733539117696
100329,-75.2022889841,40.6956740253,-275.0264073403785,252.1819790427364,1624.1393540579872
100405,-75.2059438364,38.6563306686,-493.82657239002145,234.0480295237418,1621.422637984906
100291,-75.2230597788,41.8562738133,-106.1140218363472,419.745070568395,1658.4386678778485
110640,-75.2241558379,45.1019405299,-296.13440244356445,236.6533090304861,1621.8007521027557
100378,-75.2272139222,40.0804095194,-442.3239123856084,207.21084054923972,1617.7667394550758
110644,-75.2288297223,45.1018921519,-312.9321664376667,225.81494417826198,1620.2546959846213
100340,-75.2354183579,40.6687581891,-170.88759685147417,349.44920709080236,1642.0559184091069
100324,-75.2393388172,41.1645756581,-157.79300319264695,363.2529021708114,1645.0488022491925
100406,-75.2483710659,38.7149415784,-607.5716294064391,333.6060991314544,1638.7574317829017
100383,-75.2513905432,39.9516747128,-513.0308769777134,247.7650525914223,1623.4593965146203
100287,-75.2522546323,39.4776118935,-499.8508199150516,238.16682112746133,1622.0222950169166
100387,-75.2594923869,39.7398129862,-408.2274773259509,199.52648472563763,1616.8004542778172
100382,-75.2724080889,39.9290095859,-475.3349117586039,222.57725447475886,1619.806631995161
305067,7.53046098722,53.2149625582,-355.46468455026866,205.8565160900107,1617.5938291371854
312565,7.53122034528,43.8934991729,-71.87275763343968,458.52588359114765,1668.6757853966203
110641,-75.3145384054,45.2563027897,-337.89932406678275,212.66545443098045,1618.4744317888749
100413,-75.3229182581,38.3895910595,-525.8426574864968,257.7967661330306,1625.0206347842584
100407,-75.3355272321,38.4388955026,-479.8024373357739,225.17743879978855,1620.1659698285291
100297,-75.3399053315,41.3362067423,-423.24119299649385,201.8026244297795,1617.0829261583128
110642,-75.3428062127,45.26040296,-338.11348755972614,212.5696325214438,1618.4618437010763
100377,-75.3449063649,40.1273381513,-470.8956178045578,220.10818824548454,1619.4692048256723
100381,-75.3559763918,39.9978205366,-529.2030577989428,260.53252656947257,1625.4568860005666
305044,7.53565887965,52.6554768139,-447.7099881775599,209.22130458955587,1618.0254772840078
100294,-75.3760147945,41.6745383573,-431.29571691470534,203.75103689533228,1617.3272321586342
101568,-75.3770853376,44.5979255832,-454.9336022338572,212.23462901011698,1618.4178782369672
100339,-75.3805413599,40.6400247647,-432.8127970815448,204.17338897054427,1617.3804943827233
100409,-75.3930687589,38.4447926721,-350.45564703147227,207.576362611266,1617.8135977797037
100290,-75.3935548399,42.0730129713,-95.29472441015294,431.9011944660975,1661.5569603920378
100385,-75.4099719553,39.9334976133,-616.0838234494867,342.34969573780063,1640.5597230877484
100419,-75.4151405267,38.7278966815,-555.5728093841938,283.32148691048013,1629.2648513336162
100384,-75.4350185194,39.9896937939,-480.95108011855785,225.8642009587861,1620.2615616377302
100386,-75.4510319507,39.8767863006,-410.4712894662793,199.75248631046819,1616.8283602884997
100376,-75.4521608048,40.2306079088,-640.5597182046963,368.1058158513676,1646.1272072684988
100331,-75.4556811451,41.1650054122,-465.768012670258,217.40368010064796,1619.1038419345714
301507,7.54724644061,47.8154435684,-229.7448472223324,291.09448261069934,1630.6345049251154
100416,-75.4727897685,38.2280285571,-510.79604953545964,246.08364851862865,1623.2036387694016
100375,-75.4771658879,40.3440321242,-438.8991006812964,206.04056654661423,1617.6172618727942
100335,-75.4978480236,40.7151857399,-755.1355041023598,496.88535996646345,1679.6213715581819
100330,-75.5022571099,41.2396317903,-595.3391389987507,321.2623781331538,1636.2892184604027
100337,-75.5118524227,40.5942718939,-579.1892725160267,305.41398648340527,1633.2515403285774
100420,-75.5144195699,38.6647126683,-510.06555165522127,245.53867629533087,1623.1211083597084
410213,-7.55197770671,12.8650779076,-171.86019861571233,348.43383276796175,1641.84013431983
100334,-75.5364609848,40.8193223656,-114.52417333723302,410.3653064827371,1656.0895433552666
100400,-75.5433790693,39.0397634203,-527.5227424352582,259.1593648096136,1625.2373571926369
102950,-75.5548457373,40.1021599832,-314.8978015853419,224.64510715362147,1620.0920699188819
100336,-75.5606301848,40.5434706557,-624.4788421069203,351.08618069522464,1642.4050648732014
100418,-75.5618627949,38.7283411215,-489.52323909201345,231.21617114693134,1621.0162888280402
100396,-75.5732596428,39.7692874347,-489.67849172504896,231.31669125019104,1621.0306297220056
110643,-75.5853209728,44.7819805844,-744.3730435363244,484.3829384561968,1675.9653104743682
100373,-75.5865783739,40.196775062,-570.4405507780623,297.0678169920374,1631.7114263062574
100374,-75.6021206272,40.1520914073,-604.2244331442423,330.20158209559037,1638.0677567379246
100338,-75.6272179233,40.6605294974,-552.2114435356569,280.29678509866477,1628.7415935570111
100398,-75.6304469365,39.1644671936,-624.9004383670083,351.5277394394928,1642.4995106365864
100397,-75.6313038286,39.2352298385,-621.557010222808,348.0332753361154,1641.7551740704735
110624,-75.6352360599,45.1606510928,-552.5942579857294,280.6396215634611,1628.8006286950126
100422,-75.6395176203,38.6436699605,-360.09227141126735,204.4310241324735,1617.4130376851292
110620,-75.6396280403,45.0272144827,-836.9536828819912,593.6292633370379,1710.7391949493817
100372,-75.647857397,40.2434970149,-331.1737049191171,215.82772400942002,1618.8929851281312
100423,-75.6593750889,38.6323445876,-606.2248923611153,332.233944635251,1638.478649483686
100425,-75.6730414531,38.8520579198,-373.0770089431238,201.29668446354768,1617.019865685639
100371,-75.6767472854,40.2733603994,-408.21247258991383,199.52510974636002,1616.8002845946316
110626,-75.6795768156,45.4356893625,-468.2795556102292,218.70828723014444,1619.2795329247908
311982,7.56879931839,44.1103650449,-66.36079050354253,464.8469857096592,1670.423781849786
100429,-75.6894070094,39.0395886413,-254.9895698240156,268.57614896417135,1626.7655143377026
305090,7.56900512041,53.2268182852,-346.8324430012315,208.93249132516448,1617.9881571808012
100391,-75.6936337248,39.8230433681,-384.62249699108884,199.61735780740491,1616.8116712790004
312560,7.56964508146,44.1223999518,-67.91506983748764,463.0625508368466,1669.928087323976
110625,-75.6974916811,45.3724943423,-436.16972713145594,205.16927716159253,1617.506514094146
110629,-75.7021941955,45.2518173763,-562.0009666453825,289.1934775302272,1630.2962179591818
100332,-75.7059134648,40.8309822335,-678.0461097185689,408.99778724243816,1655.7512134421634
100333,-75.7110242022,40.7823240405,-129.15041265863164,394.2115479567253,1652.1608987590835
100394,-75.7228878242,40.002734525,-633.1064125983706,360.17321119731304,1644.3715008811632
100393,-75.7241051353,40.0523345101,-440.87574309664456,206.70561878595436,1617.7021059773858
100388,-75.7269990785,39.639753222,-565.1260426629715,292.0880780151025,1630.8121707187931
301510,7.57304879474,48.0897847061,-229.75530052943049,291.08478688005397,1630.6327741091775
100390,-75.7491034424,39.689008339,-617.2375164786756,343.5438433204252,1640.8093317413068
312564,7.57622040101,44.027433006,-64.0250404838295,467.5314981922002,1671.1728195036649
100431,-75.7644593966,38.9937754055,-651.8739174373388,380.2823340006893,1648.892823806022
100430,-75.7854184364,38.9974331958,-717.5735862197249,453.5458896830326,1667.314236997441
110628,-75.793281216,45.2519464663,-345.4078400898618,209.49102631797166,1618.0603761769034
100389,-75.7975218514,39.7812495607,-621.1033911102239,347.56046007786483,1641.6550076844776
100365,-75.7978083684,40.5394096184,-317.7785263984231,222.9701434244947,1619.8606655217989
110446,-75.8019139627,44.523114155,-821.5791705384936,575.2572797872028,1704.4511811120194
301509,7.5809404194,48.0230369066,-227.81194231959836,292.89214645186075,1630.956375964472
100370,-75.8135323417,40.2512117695,-302.6549976445684,232.273156066922,1621.1673910720244
110627,-75.8185720881,44.9518798835,-717.1405769951193,453.0514339007011,1667.1798021225745
100392,-75.8282782629,40.039556011,-479.91516893934465,225.2445138523547,1620.1752935613383
100369,-75.8301824111,40.2392164166,-146.4271818575999,375.4208826423059,1647.7784225950747
100364,-75.8440660552,40.6567134471,-618.2517084328315,344.59533337499073,1641.0298091837963
301273,7.58519999975,50.2349693636,-112.17288859262021,412.9812667830327,1656.7396951723297
301386,7.58556259878,47.6347463585,-583.1354705283675,309.2357347389355,1633.9705108983806
100434,-75.8691064083,39.2762295229,-666.7975166477661,396.56904015929666,1652.7249905712843
312563,7.58955127711,44.05213899,-61.187334516758376,470.79750546116105,1672.0894659061867
103663,-75.8968879706,39.7206740636,-529.1691300601876,260.5046990815458,1625.4524259693214
101567,-75.9229188047,43.9854254535,-369.5033987587243,202.02975051323827,1617.1112858855531
100435,-75.9308741094,39.289492672,-221.29330422640706,299.02381718708136,1632.0686670882199
110623,-75.9312685104,44.885445434,-478.79554536921387,224.58150591997014,1620.0832520729507
301506,7.59377325046,47.5980709534,-343.86534942461424,210.11169945960407,1618.1408520570108
312561,7.59394251947,44.0934817455,-68.32096929099512,462.59680192397803,1669.7989974833133
100437,-75.9396749801,39.2599600775,-229.6349816329235,291.1964031109457,1630.6527024571287
100368,-75.9431613764,40.3274261289,-542.170936251124,271.4616314043845,1627.2443910398692
100439,-75.9671667944,39.3059522233,-654.3774482322202,382.9973135963347,1649.5210920348954
301213,7.5978562838,50.347967426,-124.75282355433473,399.04611793927444,1653.321110700638
312562,7.59805349181,44.076405246,-73.9574798711268,456.1403426066994,1668.021853273914
100363,-75.9939996256,40.5273482914,-463.232823511345,216.1266181968501,1618.9328602320704
100480,-76.0056407406,39.8313043288,-776.643046595028,522.0467295824091,1687.2361063922483
100440,-76.010491065,39.2851929796,-666.5337067495666,396.2790639348778,1652.6554351585476
100441,-76.0147076513,39.2811354243,-647.9057249296809,375.9939870040741,1647.9090900620715
103709,-76.022685779,39.8475999852,-328.9417634478508,216.94139666244297,1619.0418340586004
103766,-76.0434929387,40.026913783,-676.3387439236253,407.1034003582112,1655.2842865892262
110645,-76.0561795728,45.3523844796,-684.2842477211436,415.94212898531924,1657.480239855313
305042,7.60617556948,52.6820509121,-368.19577038519446,202.3228054213578,1617.1479241057555
101566,-76.0770855095,43.8145920834,-706.0669407409927,440.45141791224813,1663.799970665613
103784,-76.0857857182,40.0737178369,-392.559483600336,199.0829568307021,1616.7457791954926
100481,-76.0891337205,39.8274568395,-800.8071719509501,550.5632503771851,1696.2761519021235
103789,-76.0893966495,40.0806619834,-406.29198331788274,199.36410357587,1616.7804231374757
100482,-76.1187251279,39.7103532108,-476.699967409776,223.35964110780586,1619.9143249325855
110653,-76.1354846063,45.1769234691,-839.1241857326376,596.228917970948,1711.6430157806835
103638,-76.143622553,39.6606191047,-804.1637698196744,554.5429723296695,1697.572030579619
103780,-76.1470914483,40.0687792455,-687.5955878336838,419.64250576655434,1658.412712050899
103776,-76.156083859,40.051598186,-506.6774815163401,243.04147390673543,1622.7452199543661
103777,-76.1602081294,40.0608563608,-686.428035372563,418.3366856305765,1658.0827703677403
110444,-76.1640866707,44.3275319488,-681.7341885810779,413.0991035839279,1656.7690726917347
103678,-76.1643892407,39.7639582102,-322.4583009394949,220.35170602034336,1619.5023202181776
103626,-76.1646770267,39.6231722196,-554.6173541047834,282.4584491694168,1629.1149948217828
100366,-76.1687519741,40.4145914401,-779.3112237513368,525.183339112378,1688.2092377804395
103679,-76.1687875001,39.7689782436,-679.9906210995532,411.158613872652,1656.2862966913858
100479,-76.1728087414,39.6603158327,-144.57704103868187,377.4167969483877,1648.2343066035137
103808,-76.1765539177,40.135738752,-494.264428030015,234.34140205168342,1621.4650115132101
103778,-76.1813557611,40.0602022107,-439.75145800027,206.32385863565713,1617.6533700049254
103650,-76.1892838228,39.7020612591,-524.880215968143,257.02093493648545,1624.8977358103525
110445,-76.1896370178,44.3610005156,-382.6009818935439,199.83461643356958,1616.8385091811544
103770,-76.1899059958,40.0350619207,-633.4515181095505,360.53886785592687,1644.451630812174
110621,-76.1959296153,44.8895398413,-823.1891526419648,577.1775535733956,1705.1002372866399
110652,-76.1978893795,45.2271369263,-758.4846738779318,500.7885306461665,1680.780188862521
110646,-76.1984534455,45.417518042,-752.9116881300722,494.2969156707672,1678.8574482926235
103138,-76.2018075128,35.735958015,-546.1472469718025,274.92371259853144,1627.8255246171027
103771,-76.2062099492,40.0314179264,-631.1434556588135,358.0964758773011,1643.917874129279
103741,-76.2227722796,39.9642986128,-333.8547189611103,214.53192521286562,1618.7207411352717
103740,-76.2273756479,39.9683659741,-586.6897852394961,312.7068327883241,1634.6309840812667
103728,-76.228049992,39.9400232958,-304.27540076857633,231.2178727193857,1621.01653153534
103835,-76.2393665689,40.1771723434,-686.631262720734,418.56389491742533,1658.1401101759861
110650,-76.252470714,45.4232590415,-781.7077040234647,528.0032336752707,1689.088602062523
110648,-76.2605491727,45.2437026276,-739.7324227207893,479.01190303573793,1674.4208831998917
103761,-76.2616264148,40.0184396973,-700.456319698677,434.1020016916321,1662.1303916115207
103755,-76.2690206154,40.0060809793,-330.5540735725528,216.13374397701705,1618.933811535082
100474,-76.277085316,40.0104246886,-428.01016289610146,202.89615042891407,1617.219755847936
103643,-76.2810465664,39.6811058674,-512.4887228013185,247.35520891895032,1623.3968985510974
110651,-76.2854682847,45.3350707302,-688.5360826213721,420.6952375177649,1658.6794065509205
100478,-76.3185930925,39.772999337,-512.4496027465187,247.3256839376356,1623.39240012426
100476,-76.3282949733,39.905942085,-424.00762029315257,201.96649891712931,1617.103384923434
110659,-76.3475241929,45.4347972964,-428.536967476169,203.02768375660105,1617.2362632644483
110657,-76.3642031503,45.0269872077,-811.8340591983869,563.652906783804,1700.5697545739831
110656,-76.3642653773,45.0102826963,-810.4721655418487,562.033833553188,1700.0337999300123
100475,-76.3683960816,39.9479709775,-609.1472498920973,335.2154208960139,1639.0858028951616
103137,-76.384717601,35.8603131372,-506.11920879950145,242.63486187051618,1622.6843707390879
103727,-76.385597507,39.9391320967,-428.84102182500857,203.10456627389615,1617.2459168868825
110658,-76.4106847281,44.9476399521,-712.9535439559967,448.27695346502367,1665.8886871138384
110443,-76.4392655845,44.293648092,-612.2698850062827,338.41724629126105,1639.7436151524864
103641,-76.4480178762,39.676721478,-819.7596408538917,573.0881212730977,1703.7203073246249
103893,-76.4516445725,40.3267456178,-780.4694560561243,526.5458957355969,1688.6336106929732
103896,-76.4562924319,40.3398840289,-430.23325330556935,203.46560624194854,1617.2912983656931
203006,-76.4684442639,3.4560756861,-238.43003250793592,283.13919736172534,1629.233161928834
110442,-76.4727506422,44.2355297862,-613.2574041009746,339.4331805075426,1639.9535892443575
100477,-76.4729186993,39.8062579747,-632.2841457762443,359.3026361486249,1644.181034797974
103696,-76.4769603936,39.8024361754,-699.9707914551635,433.55368214942405,1661.987270153207
103697,-76.4769797506,39.8106722211,-693.1430196893274,425.8628310546788,1659.9976029259474
100465,-76.4812818389,40.3228528275,-798.4202508623345,547.7358396529891,1695.3605636814696
103881,-76.4894590116,40.2852703024,-452.2937034892158,211.09209252557653,1618.2684457075754
103689,-76.493649877,39.773069835,-688.7241328456876,420.9058206696075,1658.7328298190582
103690,-76.4984748504,39.7771896173,-705.9780046965982,440.35058439082957,1663.773280233617
110440,-76.5015719776,44.2898515207,-423.32832677704084,201.82102487714027,1617.085222531096
103130,-76.5016316466,36.3313217542,-241.6418937092701,280.25018776094873,1628.7335750778984
101565,-76.5020856207,43.447925334,-526.5935477009102,258.4044676629521,1625.1171526244375
103885,-76.5023572457,40.3014393157,-800.3725604404468,550.0482707299761,1696.109074021781
103787,-76.5098552963,40.0770865821,-334.3266141401033,214.3086430746215,1618.6911642875152
103913,-76.5103929554,40.4525979162,-481.4669482622118,226.17502103569566,1620.3049191391362
103742,-76.5141338667,39.9642735978,-777.004136723996,522.4710276527865,1687.3674364472442
103767,-76.5143611417,40.0313581914,-284.6055932832776,244.8927336856129,1623.0235185782115
100468,-76.5143842367,40.3143902328,-636.9011052068124,364.2027320495786,1645.258800577697
110622,-76.5195757481,44.7597897896,-661.2624744143986,390.5002048443378,1651.2792921942232
110441,-76.5226044444,44.2771326957,-443.5117057387501,207.63648627145164,1617.8213131483774
301488,7.65245840431,47.5984015225,-545.2200661697304,274.11201749039606,1627.688633915787
103682,-76.5273900588,39.7646529813,-477.75436131309993,223.97129914081683,1619.998775828183
100473,-76.5309982191,40.051791529,-350.1266290612773,207.69566168963328,1617.8289089797722
103708,-76.5311751301,39.8481950482,-503.38687028960885,240.66505637068832,1622.3910010240725
103701,-76.5312234911,39.8227327911,-659.4813621745002,388.5542511997717,1650.820189170038
110439,-76.5347593384,44.2520686996,-424.2444620333289,202.0180625582694,1617.1098257217354
103707,-76.5351837124,39.8432164488,-771.9514222434351,516.5392296710168,1685.5401705788897
103788,-76.5351858494,40.0808023904,-329.7007324404566,216.5591670369618,1618.9906620094287
103672,-76.5352461204,39.7517783122,-555.2092986738626,282.99283329586876,1629.2077321639522
110654,-76.5353367664,44.9728778852,-676.5187594160554,407.3030046763012,1655.3333889172686
104004,-76.5477545004,40.7438718803,-114.6916630382259,410.17915718936194,1656.0434269180748
110660,-76.5515683188,45.5133588919,-572.1125147235749,298.6488805296068,1632.0000136910455
103799,-76.5559749261,40.1016275422,-405.6733517498986,199.31857715554915,1616.7748099365285
103757,-76.5560786031,40.0106613246,-749.1293020801244,489.90038915058733,1677.5682645233492
103888,-76.5562030231,40.3147678798,-652.9364233538265,381.433697894169,1649.158742127393
103711,-76.5642678438,39.8603093302,-529.655789560873,260.904254558542,1625.5165089573015
301511,7.65671071666,48.2147465235,-355.9404506519412,205.70266032345424,1617.5742565057508
103710,-76.5726026585,39.8561514809,-698.5235083223533,431.9203287223444,1661.5619342081725
100448,-76.5810245492,40.6982717945,-615.0895391688272,341.32224828463075,1640.3456245621105
100449,-76.5853548876,40.7065063402,-668.8462669709927,398.8234163057755,1653.2673734879654
103655,-76.5892973489,39.7102096468,-692.6850617711464,425.34834291492723,1659.8656884418267
103136,-76.5937837373,35.8349623411,-537.5831498621047,267.5301050072826,1626.5931414865838
100609,-76.5974551486,36.618827183,-723.0056462471882,459.7595778244369,1669.015206715412
103901,-76.5983146456,40.3601997606,-664.0130511655102,393.512024056495,1651.9941295062235
103961,-76.602273646,40.6400421547,-155.20166322655345,366.01255790496316,1645.660379115363
103960,-76.60270342,40.631507246,-141.7306842775662,380.49535057508444,1648.9419646110175
100447,-76.6102424226,40.6764829067,-155.60158462241955,365.58608363281473,1645.5655791830252
100450,-76.6141363669,40.6770232738,-657.7397666937704,386.65481645904526,1650.3741508933551
110376,-76.614728139,44.2555420509,-396.04113059202245,199.00948774949435,1616.736733998551
100442,-76.6190230743,40.9565356219,-136.56519145105884,386.1061025871438,1650.2456827094015
100617,-76.62693672,36.4692275246,-498.98043245218196,237.5608983475798,1621.9334361402425
110649,-76.6399075631,44.777016295,-712.6697889487618,447.9538331983231,1665.801767174911
100469,-76.6677489824,40.2984316465,-608.2352852035624,334.28343215792137,1638.8954523889756
103713,-76.6727807758,39.8729593632,-395.73399646849214,199.0120131906467,1616.7370448654226
103882,-76.6811585815,40.2855657614,-435.49249422951925,204.9616036901534,1617.480185298486
100451,-76.6847711828,40.6604248014,-311.48112329787057,226.6923148194885,1620.377208073541
103968,-76.6893568742,40.6481391654,-450.77675778622245,210.45695849003422,1618.1857193236076
100472,-76.6930239475,40.0187162473,-424.52058252107724,202.07872718369978,1617.1174053933653
100483,-76.6940117595,38.9563668794,-585.859646089921,311.89373123075205,1634.4756316406267
103756,-76.7099683539,40.0103830916,-567.1487232594835,293.97499742429295,1631.1511854995535
110375,-76.7149345323,44.2854002593,-793.278276364998,541.6525304450042,1693.4049588280595
100471,-76.7179616785,40.0815953185,-376.40803403981295,200.70354049571054,1616.9461345429843
100602,-76.7228296309,38.33518803,-648.5490738116172,376.687971097404,1648.067570949524
110374,-76.723242151,44.2608168833,-793.8080951161267,542.2788566262933,1693.6053994924278
103997,-76.7351584059,40.7230026676,-621.8871119370547,348.3775425785529,1641.828189250951
103694,-76.7430296166,39.797609945,-563.1801028400697,290.28265884381966,1630.4897769907734
100638,-76.748122304,35.7228032729,-241.64646007420248,280.246101526513,1628.7328719795626
103982,-76.7726756381,40.6890986608,-374.0715660232303,201.11043864886153,1616.9966912085883
100445,-76.7768912564,40.8565028496,-354.82290948518084,206.06668569993596,1617.6205889519772
103994,-76.7807752527,40.7145655539,-646.9635558249809,374.97856350613887,1647.677703294887
103964,-76.7899152855,40.64373925,-159.8572807394439,361.06094672193643,1644.5661732182523
103958,-76.7938237068,40.6354227583,-422.4552571833709,201.63932721157423,1617.0625557239034
104003,-76.7941378978,40.7317592263,-129.08172016795353,394.28691295455906,1652.1788827403711
103937,-76.7978369681,40.5809358078,-437.0947111025175,205.45841011511678,1617.5432139924476
104021,-76.8060926588,40.8526266113,-298.5477544598483,235.00761360816915,1621.5614293944561
104001,-76.8349463932,40.7313523293,-387.5681031622755,199.35964216747962,1616.7798730102782
100462,-76.8478472723,40.3104073504,-566.5439536506178,293.4097309494433,1631.0494048500827
110617,-76.8478912183,44.2397084356,-765.2070839954201,508.64003459451015,1683.1362320496492
103987,-76.8519130716,40.6975144555,-662.6754165704053,392.04634103363134,1651.6456110085614
103866,-76.8519193706,40.2484310933,-775.4764463715057,520.6763202428302,1686.8125922305653
103733,-76.8646731767,39.9396336938,-376.68388105014924,200.65834739893359,1616.9405255688462
103906,-76.8726310043,40.389549156,-118.87418268383452,405.53919912397873,1654.9002788301486
100637,-76.8728340823,35.3231387278,-899.4565512787634,668.9997771589566,1738.3306914061889
110616,-76.8769914987,44.3228283004,-757.6151735062449,499.7746478571241,1680.4783811423156
100444,-76.8773977297,40.9664084007,-186.28522891499506,333.5493990962868,1638.7458901499888
100461,-76.8854188574,40.256258049,-316.4265241464402,223.75035047751996,1619.9682435729405
100464,-76.8976897744,40.2229412002,-691.7442867752302,424.2919865026026,1659.595306288949
100614,-76.8979186634,36.7562573304,-386.85336879501483,199.4157484233684,1616.7867922410912
100463,-76.9103707854,40.2229247072,-599.7207009728545,325.6522520110784,1637.1567671074972
100452,-76.9120905406,40.6105300133,-402.82524483402534,199.14889056935198,1616.75389947295
103851,-76.9145576918,40.2230876722,-603.1572510341938,329.1202807110003,1637.8501305129455
100613,-76.9183364921,37.0563697032,-495.46878011579935,235.1532483076131,1621.5825421592351
103927,-76.9183518311,40.5520190004,-788.1738241702634,535.6241402196393,1691.4863612905701
110615,-76.9268263498,44.2773505137,-758.464101146787,500.7645373114351,1680.773040203442
103877,-76.9310329532,40.2730581464,-439.0442600666643,206.088437378905,1617.6233600153232
100565,-76.9395467809,39.6562887423,-504.61149861761606,241.54373183819908,1622.5215762005475
103850,-76.9434854772,40.2184816258,-622.2587952465223,348.76537308951646,1641.9105262809708
103684,-76.9438098292,39.7686844346,-400.54400300942734,199.06035334436982,1616.7429960013962
100588,-76.9478330225,39.0223997169,-520.6937836260571,253.68724126355426,1624.373758476139
203005,-76.9641699389,-12.0226217086,-451.52511885025666,210.76832697557546,1618.2262445350677
103966,-76.9643958739,40.6478078434,-790.6204369849956,538.5122741000195,1692.403131704252
110647,-76.9645507779,44.9687295099,-666.6121198027495,396.36524702331104,1652.6761025360763
110614,-76.9730705886,44.2181934468,-758.3628497847685,500.6464541480709,1680.7378626356408
301606,7.69767003505,52.0149939689,-466.02694005532334,217.53637478403567,1619.1216647306544
103935,-76.9810642703,40.5689039648,-248.5310309879526,274.15587248555903,1627.6960199202747
201845,-76.9813102693,-0.47710713833,-349.09281370261965,208.07553782471948,1617.8777210552814
100589,-77.001665075,38.9850856218,-467.8121281138008,218.462542360727,1619.2463596564598
103819,-77.0024832081,40.1517758133,-649.6764974186177,377.90532238707635,1648.3462389724027
103869,-77.0060599134,40.2481495263,-800.2927996204013,549.9537684593834,1696.0784292858223
305084,7.70238940344,53.1817469074,-343.90043910075264,210.09739699582113,1618.1389949786158
100616,-77.0264430181,36.2896995238,-811.5078685962515,563.2650578921322,1700.4412416453008
103695,-77.0270996321,39.7980920041,-418.4607948306647,200.8841131243022,1616.9685580590992
100612,-77.0352400308,36.5727808932,-886.5321633210929,653.335591039071,1732.3626310228346
100568,-77.0435951685,39.5612201335,-396.861279459182,199.0064959690779,1616.7363657331011
103698,-77.0472059758,39.8109401071,-429.19575242416886,203.19515476059257,1617.2572960924203
100446,-77.0473609758,40.8690648037,-422.6240481372815,201.67399161417705,1617.0668785611745
100587,-77.0477956598,38.9686644174,-442.28387823628674,207.19667068271397,1617.764924575875
305061,7.70594501074,53.0102316502,-329.96103529132574,216.42890873488074,1618.9732435658584
305005,7.7066555058,52.5229202479,-581.0316814736963,307.19401885606544,1633.585337858701
100567,-77.0769289762,39.6314973233,-783.9436286698057,530.6364568596177,1689.9135895644235
301505,7.70772068089,47.5391463966,-279.92716757748656,248.4049463598201,1623.5571773799686
103133,-77.0890380862,36.3268285748,-768.9283405080764,512.9958252677982,1684.4576597790087
110373,-77.0904179953,43.9356997454,-394.05248938346386,199.0394079448627,1616.7404172473166
100566,-77.0933182476,39.6773301981,-665.8853385866424,395.5666908435709,1652.4847647560682
100585,-77.1015389263,39.1146768195,-431.581473074524,203.82926356330424,1617.337089023418
305038,7.71050840812,52.7196495202,-365.6784103487537,202.92411002888124,1617.2232638930839
100584,-77.1145601703,38.9312324313,-383.58078422309086,199.72521620065828,1616.8249914051876
100457,-77.1270856144,40.4770914162,-151.92867849595115,369.5106299490544,1646.44192016947
100590,-77.1274813824,38.8678976741,-462.53959778061926,215.78447724768245,1618.8872201197469
103862,-77.1354275901,40.2313626909,-613.5306530109887,339.7145743233438,1640.0118544857157
100562,-77.1563205008,39.7318004876,-618.5704323196956,344.9261114821399,1641.0993002338937
100605,-77.1639763064,37.8857691168,-600.1059403248507,326.0399441824304,1637.2339283219328
100611,-77.1645854125,36.7687573244,-922.2440033586926,696.70334886531,1749.1793639207283
100569,-77.1688006878,39.5353899573,-381.3861762512615,199.9809401480563,1616.85660071278
110655,-77.1688286098,44.8519870562,-648.4380167094257,376.5681377184803,1648.040185550932
100458,-77.1725805751,40.3227320855,-504.2207009948361,241.26258990022973,1622.4797466012794
100560,-77.1767951755,39.8024358514,-447.5703646960303,209.16660279041915,1618.018404891882
103805,-77.1812757229,40.1106896989,-281.87728421970496,246.92961450059556,1623.3321056898362
103834,-77.1844409601,40.1779459075,-597.0612548211143,322.9834255439989,1636.6279919462825
100561,-77.1937197609,39.7813656567,-344.2963630959389,209.93660834264358,1618.1181262097023
103724,-77.1976836072,39.9356534434,-602.0405658705336,327.9910096601863,1637.6235810661417
104026,-77.2015533765,40.8896871494,-127.60893494079647,395.90393854367926,1652.56552650731
100580,-77.2022030816,39.2019557857,-605.2456045082647,331.23815886755165,1638.2770244180165
100572,-77.2108178493,39.4403879895,-343.1045182740586,210.4238975087876,1618.1814198317736
103145,-77.218733569,35.6231535666,-657.8929583145784,386.8217577763171,1650.4132704068836
100591,-77.2270855447,38.8104244133,-417.0371955691878,200.64532209696034,1616.9389092125211
110613,-77.23119291,44.1940447668,-503.4560983403586,240.71454492568887,1622.39834288154
100636,-77.231317983,35.5646230098,-523.536336673226,255.94346977460208,1624.7276542750935
110372,-77.231792187,43.9648712998,-497.97176690885726,236.86323652050004,1621.8313980377097
100563,-77.2352210123,39.676508611,-295.9312530377009,236.79313022627585,1621.8211607228286
103744,-77.2391349716,39.9895062709,-764.4228899468742,507.7229758590331,1682.8593259869162
110371,-77.2478932034,43.9731058835,-330.620475783316,216.10083307402905,1618.9294181344887
100581,-77.2521646707,39.0016584722,-152.71643164590208,368.6674461216935,1646.2528896484519
103180,-77.2609663085,35.3899346273,-814.8351731761281,567.2230809187224,1701.7564204000857
110605,-77.2724329464,44.4854167649,-710.5789185360768,445.57467176591933,1665.1635592233251
100559,-77.2900519079,39.8685510189,-326.6697860771022,218.10709936202724,1619.1984429457996
100574,-77.2937069222,39.3062205094,-597.4437880673851,323.36648894306455,1636.7036313937078
103179,-77.3022022089,35.3143124141,-244.25562192749388,277.92127340326573,1628.3344635105157
103844,-77.3055405501,40.2063010788,-328.81125821862577,217.0074854871067,1619.050690869011
103132,-77.3058045242,36.3904385181,-527.9742427235914,259.5273202940467,1625.2960717435437
201847,-77.3063138382,0.0525553534943,-108.40891864957739,417.1793465386955,1657.7911503034506
103135,-77.3072035593,35.9770815559,-335.64190481782475,213.6939524426081,1618.6098962246986
110604,-77.3100818535,44.4808301775,-571.6196120067741,298.1820730036843,1631.9146544800558
201844,-77.3151102689,-0.693772323257,-237.78533182573167,283.7226261778105,1629.3346554502605
100582,-77.3184736422,38.9021825159,-665.9412256154492,395.6280777918374,1652.4994604487015
100564,-77.3188750032,39.7072339995,-437.98997950589876,205.74426461676546,1617.5795477405986
100604,-77.3229188486,37.7729241975,-682.6400587893083,414.1083761294874,1657.0210131517906
110606,-77.3270561539,44.547633455,-664.9286581208429,394.5163639807389,1652.2336554781132
103895,-77.3353337786,40.3441762802,-121.13073791805199,403.0427786552307,1654.2902926246393
305043,7.73516290416,52.7728130506,-251.4970273820346,271.57688925436923,1627.2636226570867
301347,7.73556505919,48.2316306318,-376.914813592311,200.62097612015498,1616.935888310167
301512,7.73576725021,48.402775329,-357.27480993550205,205.2800358644912,1617.5205667843954
100598,-77.363877308,38.7359562222,-461.84390430323623,215.44419434562946,1618.8418983097833
110607,-77.3694307604,44.5395847154,-489.6800694928355,231.31771343381428,1621.0307755851625
103144,-77.3726310877,35.7308274965,-387.3260440703132,199.37818197128956,1616.782159195283
100570,-77.3730841997,39.4772813365,-398.8592442634729,199.0220574827465,1616.7382812968372
100573,-77.3773176211,39.3897309333,-596.8001443718176,322.7221127054211,1636.5764427227457
100628,-77.3814305314,36.2106022782,-613.4594492309634,339.6412363771865,1639.9966647203307
110600,-77.3850250197,44.1640198633,-453.6968109164125,211.693498455978,1618.347004858512
104025,-77.3930444744,40.8898004534,-441.4524877719757,206.9050132941742,1617.727596158342
103836,-77.3933680684,40.1811156957,-393.2432585986349,199.0607682710993,1616.7430470890126
110549,-77.3933680724,44.1023029362,-322.45154740071223,220.35539152330247,1619.502821676879
110612,-77.3937659574,44.510436799,-740.2010849879562,479.5537687567925,1674.5759785613877
100571,-77.4229166949,39.4186137547,-683.423109702107,414.9814058017616,1657.2394087781015
100599,-77.4271663872,38.589378598,-464.4428357518407,216.7311064018531,1619.013669901572
100600,-77.4307825305,38.5686260993,-222.9613418356056,297.44486478004,1631.7801133823152
100656,-77.4434877136,35.3685553766,-259.3043710721614,264.92470524076185,1626.1666551411297
103934,-77.4441595626,40.5678622157,-128.26681758760574,395.18134678162164,1652.392564643802
110370,-77.4558239546,43.9772190428,-392.9299876697963,199.07046335544524,1616.7442408205873
100597,-77.4652772554,38.8691443642,-567.3779809002627,294.18952112822365,1631.1898617842248
110608,-77.4681587876,44.4783669503,-703.8050730085656,437.8888183464012,1663.1234193765633
100596,-77.4684675446,38.8811991812,-808.5378584420923,559.7354025957592,1699.2753195892128
110609,-77.472771661,44.4977553559,-404.87997824982887,199.26471638449846,1616.7681707782908
100608,-77.4753798322,37.2265735573,-327.1827078742154,217.8411303282794,1619.1626381894712
104028,-77.4766881583,40.9226848711,-270.33688777275484,255.88597297260756,1624.718597791668
100575,-77.4772187603,39.1187196198,-698.9035514077415,432.3490718982343,1661.6734368753835
100595,-77.4853374,38.7811888109,-491.23636812949013,232.3322260664046,1621.1758553947675
103992,-77.4889482103,40.7140885858,-108.27746080718775,417.32619361049353,1657.828110124632
100601,-77.4935650967,38.4897552448,-505.90560193816475,242.47965238309834,1622.661170012339
100646,-77.49756592,35.2937905374,-254.6151509569051,268.895940042787,1626.8183418616472
100635,-77.5057473787,35.6901240292,-376.03709235814443,200.76526244007465,1616.9537969430721
100655,-77.5104319691,35.54353343,-377.5370766257638,200.5223804099784,1616.923658028192
103769,-77.5138641864,40.0360351597,-391.08681799493695,199.14361624314915,1616.7532497992338
103175,-77.5180067067,35.5731753065,-337.8121564098549,212.70454271455569,1618.4795684028247
100603,-77.5187522728,38.322924304,-326.5037132116073,218.19356222940874,1619.2100918177184
110368,-77.5190765828,43.9941710942,-421.61893088116597,201.47085362454732,1617.0415565798514
103781,-77.5270209565,40.0688242965,-802.6757267326902,552.7781596326895,1696.9963419562484
100633,-77.5312521478,35.893757124,-230.54478485535313,290.35333944410814,1630.5023620259894
102989,-77.5312609668,40.0647478211,-400.0267141458402,199.04614534825348,1616.7412467132715
100615,-77.5397075295,36.6897126339,-847.3370974773303,606.0784020257163,1715.0988077215934
103139,-77.5441536649,36.002125543,-417.7319061162955,200.75984956193648,1616.9531248747187
201840,-77.5482500002,-4.46883814461,-239.3825223539308,282.27937726638254,1629.08395660748
100592,-77.5525597196,38.6104952538,-411.4026896532026,199.85817519704173,1616.8414211168256
103798,-77.5602376252,40.0980786779,-340.02000212830023,211.7301232791643,1618.351796102997
103178,-77.5607325843,35.5271444737,-253.13546154977013,270.16424005865167,1627.0284593246836
103944,-77.5640836095,40.6078715501,-449.8848255920361,210.09087628421403,1618.138148349471
103176,-77.5685199809,35.543409774,-337.37842727894787,212.8997886966951,1618.5052396804538
100594,-77.5687806179,38.8892866819,-700.0205819937783,433.60990338290253,1662.0019371702658
103795,-77.5723745202,40.0979183989,-333.042559074197,214.9195829185157,1618.7721636993438
100515,-77.5725038742,39.9148584777,-686.3056301164015,418.1998532949807,1658.048252657904
100556,-77.5767787916,39.3308768934,-449.3789115907311,209.88566779276098,1618.1115179093185
104022,-77.5770052546,40.8560952016,-534.3499331962207,264.8014476545768,1626.1465793482284
100558,-77.5770856796,39.2562578252,-429.4357579033325,203.25698986626176,1617.2650663312672
103181,-77.5811176899,35.0393690963,-777.0695229615126,522.5478658487796,1687.3912299609415
100654,-77.581252141,35.4270903544,-435.0668626070985,204.8328268647701,1617.4638721799627
100555,-77.5849255223,39.3645128912,-405.7484609145571,199.32393974244033,1616.7754710535517
100645,-77.5897958427,35.2564673583,-362.543561352801,203.7406783993698,1617.325927226983
110566,-77.5932016809,44.2038257026,-434.83373160958763,204.76286342043213,1617.4550136192722
103772,-77.593387902,40.0317350014,-386.3295434431434,199.4594854483056,1616.7921873825617
103977,-77.593634465,40.6644960437,-580.3252018410399,306.51056519461514,1633.456953036078
100455,-77.5977067093,40.6647563048,-393.8136115811282,199.04516074446212,1616.7411254934334
100456,-77.6015688356,40.6604247674,-329.57367027578135,216.62290534608678,1618.99918899503
103174,-77.6016733196,35.6145867919,-252.01097506154224,271.132837077683,1627.1895729102305
201846,-77.6017897307,-0.122558484995,-97.28377956777632,429.65916006111524,1660.9755822017398
110611,-77.606192142,44.5630773223,-681.53402806033,412.8761956021439,1656.7135068384289
100593,-77.6094722053,38.7228328801,-662.2185881614703,391.546215649442,1651.526969151695
110610,-77.6102431024,44.5021716513,-682.6100592492585,414.07494036818315,1657.0126574914568
101564,-77.6146629787,43.2238969785,-424.07798927596684,201.98177372709205,1617.1052927264595
100557,-77.6309172261,39.2189038081,-424.59286192592197,202.09470484743738,1617.1194020768405
100627,-77.6312522071,36.4604239099,-337.9417786232616,212.6464349834103,1618.4719327678001
103969,-77.6316751921,40.656077088,-601.2835805685295,327.2267768624578,1637.470688086287
100516,-77.6479337655,39.9394529528,-435.04285582383,204.82560365152588,1617.462957460602
103177,-77.6510997937,35.5355051444,-272.5016906850152,254.16545468085693,1624.4485123262946
103952,-77.6560407861,40.6271842657,-334.11543544539785,214.40838583507806,1618.7043728743026
103950,-77.6689753922,40.6233490973,-423.67365131024013,201.89452957607847,1617.094397961582
100526,-77.6769068769,39.7109016348,-405.77087584758516,199.32554893610848,1616.7756694435584
100443,-77.690066927,41.3891104967,-141.6341002031544,380.5999800171972,1648.9661111238993
103943,-77.6977566676,40.6064231169,-345.9600651238419,209.27283670818034,1618.0321415317665
100527,-77.6978867836,39.6352988766,-565.8567603219292,292.76854914536216,1630.9341845134848
100577,-77.7190401494,39.0937770448,-563.3291607362224,290.4206050279736,1630.5143417556312
103173,-77.7260903709,35.5062787899,-347.1683364682078,208.80286932242961,1617.9714240626333
100528,-77.7303981113,39.4505906773,-630.7713316226447,357.7033849400754,1643.832291459069
103939,-77.7308171253,40.5975518372,-732.504929812666,470.67195602929286,1672.0541202480335
103940,-77.7308261333,40.6060556389,-380.8667828432293,200.04710507459347,1616.864785656089
103941,-77.7481672208,40.5983319173,-681.3057138731153,412.62197886098494,1656.650170761812
103942,-77.7481672518,40.6061346139,-736.7312823925022,475.54504385460336,1673.4323946848472
103170,-77.7520573271,35.5564950521,-491.6612442652371,232.61134606596906,1621.2158798767693
100578,-77.7686108335,39.0442332227,-580.875101345137,307.04244681210554,1633.5568416771882
100525,-77.7726516038,39.4019022833,-417.9233195240017,200.79207604347977,1616.9571264099231
100523,-77.7732671088,39.5183706759,-581.9519112156931,308.08590651348555,1633.7532912402112
103847,-77.7809564485,40.2189056529,-346.86883247608466,208.91841030138767,1617.9863389438258
100554,-77.7895857472,39.2812578223,-405.29667714250775,199.29237109316534,1616.7715794205194
103930,-77.7897653972,40.5564443728,-423.6960892354274,201.89933772558277,1617.0949982669583
201843,-77.7939687546,-1.04350356919,-202.65214207359566,317.0990481031358,1635.4769020545352
103160,-77.7975757889,35.276747238,-363.3285688469555,203.52918667718555,1617.2992984217428
100524,-77.7981096459,39.435196972,-312.70358371138633,225.95238358680885,1620.2738566349042
100576,-77.8097191879,38.9309521553,-462.7497692583345,215.88788466975396,1618.9010067305433
100653,-77.8099717669,35.4895834556,-374.744796186896,200.98878002421475,1616.9815646882332
100518,-77.8270546083,39.7145338521,-292.92872304800153,238.8826741321539,1622.1275605964265
100651,-77.8310964836,35.6023956139,-343.6786853327663,210.18792596746016,1618.1507516509355
100517,-77.8435711207,39.7687625796,-412.1947062411615,199.95351721279235,1616.853209135496
100519,-77.8439775147,39.7018780391,-372.71443937534565,201.36651176145367,1617.028559706031
103967,-77.8447235658,40.6475754843,-139.86255080060675,382.5210088179858,1649.4105653332995
103169,-77.8561103367,35.6978407098,-379.75249086231287,200.19632369988184,1616.8832545576483
100652,-77.8584428859,35.4731390742,-348.69152998077664,208.22503674815502,1617.8969549309238
103860,-77.8643156444,40.2314787439,-114.18373781444186,410.74374903880323,1656.1833588767993
100553,-77.8648948174,39.2187961911,-746.6245995508393,486.99327286007514,1676.7216043985813
103168,-77.8893577614,35.5937373662,-425.4291909203136,202.28252106613533,1617.1428845883895
100650,-77.8899875945,35.6429506663,-355.0626130343496,205.98783437730742,1617.6105460701715
110367,-77.9020647445,43.9868198836,-394.02923205069783,199.03994770114156,1616.7404836976339
103164,-77.9022572385,35.6938009325,-458.28854502123613,213.75382318518956,1618.6178016357878
100649,-77.9176951088,35.6769232421,-371.7692045362745,201.55339437162186,1617.0518425915443
100521,-77.9351161182,39.4242140311,-639.0248809040672,366.46629761865773,1645.761355159463
103915,-77.9394146956,40.4770472352,-529.9470079532799,261.14375789190996,1625.554967736217
103165,-77.9476998833,35.6354436826,-389.3548859172522,199.2374308062335,1616.764808090606
103171,-77.9478801963,35.5110580963,-374.7976719275382,200.97937607666708,1616.9803958162731
100648,-77.9481456373,35.6897158311,-377.6526985524624,200.50439877516038,1616.9214281387249
103167,-77.9518809096,35.6064223642,-249.48133749296636,273.32655441665986,1627.556541627746
100514,-77.956249177,39.5563781431,-560.7799121008163,288.06945216679645,1630.0972057265983
110572,-77.956494325,44.3101643054,-582.8059938226555,308.9153421948203,1633.9099055606857
103163,-77.968372305,35.7214049057,-379.1916402343347,200.27517576345346,1616.8930196129452
103166,-77.9728523984,35.5896880338,-453.2837303745821,211.51505816249107,1618.3236730257229
110553,-77.9773265707,44.3806674112,-390.32043212190376,199.18213453460135,1616.7579947424863
305037,7.79807552836,52.7559677812,-330.6594356087909,216.08153643956402,1618.926842459556
110571,-77.9891927947,44.3686232222,-400.58162220295696,199.06147125904397,1616.743133644241
305073,7.79958336949,53.1317166453,-354.08283424791256,206.31278443124057,1617.6519575810357
103991,-77.9983401665,40.7059044082,-627.4225832048762,354.1747401526754,1643.0680562314515
100513,-78.0302820161,39.7401011253,-297.1227423106617,235.97591491267843,1621.7020451565265
110596,-78.0353716985,44.3273270138,-319.85728792902745,221.79115813664203,1619.6988018374211
110582,-78.0436071412,44.2829658201,-819.4749911816493,572.7488766566012,1703.606224031065
100552,-78.0516763309,39.0976729631,-415.4836586838966,200.4030512061218,1616.9088637825907
110595,-78.0561097262,44.3147816038,-565.0995946712951,292.06347431951957,1630.8077642314481
100606,-78.0854190787,37.6729241502,-541.4458918681589,270.83574643801626,1627.1400961179165
100647,-78.1144632161,35.6895734051,-346.93944397323537,208.89111346049637,1617.9828145344286
103946,-78.1264750681,40.6063660699,-109.03572704273319,416.4793699223772,1657.6151412245622
103892,-78.1272318171,40.3220294054,-293.5241150368483,238.46492579158414,1622.0660934988964
100511,-78.1475824798,39.8810864389,-701.561886654589,435.3512335953752,1662.45709341294
103158,-78.1515650211,35.2357544626,-246.47892914799553,275.9562409560615,1628.0002265873873
301504,7.8154164928,47.5780649198,-284.58948552088174,244.90466494255588,1623.0253188895763
103162,-78.1559907445,35.7561131946,-380.99058007624615,200.0311389407507,1616.8628103187723
110552,-78.1561568055,44.2423648108,-385.96203600253693,199.4914910865718,1616.7961361476373
110594,-78.1601991249,44.3104328914,-403.53943842929965,199.1852755200053,1616.7583817101322
100520,-78.1604994779,39.169101225,-779.241702941043,525.1015729036815,1688.1838030001074
103791,-78.1645319692,40.0896126622,-671.3788730682695,401.6160537134624,1653.9432715321163
103925,-78.1683450135,40.5323006488,-384.54760036182836,199.6248215502973,1616.8125927963863
103924,-78.1688574596,40.5270673594,-373.8556833091731,201.15020565180924,1617.0016376243252
103916,-78.1726616199,40.4724985799,-358.07430772094017,205.03311805178112,1617.4892489114175
103159,-78.1761355062,35.27696256,-239.17897150847827,282.46290823168135,1629.1157679467365
110365,-78.1799459765,43.9558764531,-415.78065563769417,200.44788628089427,1616.914421347173
100512,-78.1809724476,39.7642610993,-677.0452957693653,407.88701330778093,1655.477183917413
100551,-78.1896636033,38.927372909,-652.3169012701696,380.762205890866,1649.0035622401986
101562,-78.1936999696,42.9939801615,-619.0183545442017,345.391241789345,1641.197124281776
103161,-78.2018855523,35.7311537956,-755.3050857608739,497.0828534412393,1679.6798069963424
110558,-78.2058713196,44.5564231568,-440.0044738196279,206.4089712311028,1617.6642279072219
110366,-78.210147195,43.9900235449,-367.0309504858225,202.59497940853802,1617.1819985788648
103979,-78.210732147,40.6729769784,-583.0479270794426,309.1505820540007,1633.9543975369425
100543,-78.210808078,38.9139243989,-449.79035980685205,210.0524249151939,1618.1331564672726
305076,7.82229771237,53.0939281402,-355.02031049075254,206.00171940187238,1617.612314259048
301395,7.82253311839,48.5849383341,-382.71799798451855,199.82114604446093,1616.8368443514971
305075,7.82306124243,53.0521374627,-238.36925990802578,283.19414428662606,1629.2427118769688
103965,-78.2313950957,40.6478713394,-621.8481639137331,348.33691460574073,1641.8195689304694
110557,-78.2352619391,44.4858492349,-705.7580121043317,440.10118761322855,1663.707289815297
100632,-78.2379348173,36.2020905005,-498.7272658232839,237.38533305416615,1621.9077307896473
110592,-78.2398090954,44.7268968499,-678.119804548753,409.07961607785273,1655.771428409244
100454,-78.2605426712,40.2146129635,-111.83271147240113,413.3601544398327,1656.8341824469062
103922,-78.2647693355,40.510356569,-124.00809092186836,399.8668007450058,1653.519382766356
110364,-78.2649361195,43.9561195101,-402.772110974598,199.1463487193252,1616.7535863743196
110570,-78.2652132595,44.401823695,-592.712983542616,318.64889895632683,1635.7781058725736
110554,-78.2787997797,44.2063913678,-338.17833970315604,212.5406763460617,1618.4580408362854
110591,-78.2934914579,44.7775632171,-478.1475234363996,224.20099706129932,1620.0305484555736
110354,-78.2937072409,43.9478970714,-382.0753073091612,199.89648362736534,1616.846156878437
100663,-78.2937523099,34.4062567739,-649.3491495729066,377.55170814119435,1648.2652041362517
110556,-78.2982419743,44.3522766209,-593.7651762113366,319.69439417315556,1635.9820893004076
110574,-78.3060001339,44.2893654767,-367.9896026358998,202.3702168533758,1617.1538564760212
100550,-78.3062603429,39.06039089,-392.5625129480961,199.08285016758924,1616.745766061206
100510,-78.3097248172,39.5823134182,-109.52564486058077,415.93250545847224,1657.4778248721602
110360,-78.3102574513,44.0023611829,-391.8359998703929,199.11056104655972,1616.749178557472
110564,-78.319039389,44.3018457577,-388.1678327522458,199.31574588185296,1616.7744608950331
110555,-78.3229503883,44.2728005683,-367.82106375209094,202.40921868779733,1617.1587376184782
110357,-78.3270570247,43.9897434249,-311.81959493462244,226.48661965104063,1620.3484439240037
110358,-78.3351524423,43.9984308856,-386.5547867230614,199.4404074943617,1616.789833895396
110597,-78.3355371254,44.2601254262,-368.33737061888996,202.29043244657106,1617.1438742132395
100548,-78.3361970104,38.9775077402,-595.1739809936162,321.0976218262235,1636.2568788513745
110567,-78.343561726,44.5647034954,-502.9186098739518,240.33089264615816,1622.3414649222536
110559,-78.3439853011,44.5563474758,-444.5851670424328,208.02983589013584,1617.8718439562704
110359,-78.3519555657,43.9976119925,-791.003470474932,538.9646536453677,1692.547130429477
103154,-78.3523576598,35.519288353,-359.79459582072553,204.51792996553823,1617.424024343454
100644,-78.3525065248,35.3143442461,-368.7202066213878,202.20368356354246,1617.133024983613
103831,-78.3813005832,40.1728499681,-798.3568536322917,547.6607729916427,1695.336312688367
110362,-78.3942295552,44.0598800867,-408.0218478128088,199.50779944171293,1616.7981484663012
301594,7.8396274268,51.689737756,-381.8416210812277,199.92469711284627,1616.8496452551328
110593,-78.3965559444,44.2269751165,-321.21841446916164,221.03288653747805,1619.5951431691424
103903,-78.3972387165,40.3521197619,-769.8443891957156,514.0690879639204,1684.784828411641
110356,-78.4058745832,44.0366929518,-698.793691835423,432.2251227619466,1661.641190989368
103911,-78.4105791616,40.3976527067,-294.38428924735655,237.86435227982352,1621.9779101243905
103753,-78.4225189016,40.0056453962,-620.4227831977145,346.8516388702288,1641.5050868739181
301393,7.84381710915,48.3400192958,-664.6774774598234,394.24075377412686,1652.1678676158717
100547,-78.4433821113,38.9439757074,-800.7955487296413,550.5494768525842,1696.2716814557273
110355,-78.4474756136,44.0103111946,-395.6577552938288,199.0127587038609,1616.7371366344335
110363,-78.4477481196,44.0190945133,-396.68034085455315,199.00668663212693,1616.736389202112
110577,-78.4600089967,44.1349040489,-542.943987588822,272.130809172473,1627.3561589728447
203013,-78.4603108617,-0.302004802842,-458.36247184772037,213.78813497118077,1618.6223331896915
100502,-78.464529805,39.6603709597,-710.0134966073238,444.93182991719505,1664.9916588738363
301394,7.84766900846,48.5380995792,-757.0701461710058,499.1393149461274,1680.28954248096
100549,-78.4932610544,39.048037863,-179.85120247427403,340.1467270216793,1640.1014257507204
100542,-78.5105558128,38.6352243138,-528.7577859976011,260.16764698753946,1625.3984420396796
100509,-78.5184697675,39.3517932101,-707.5017996258706,442.0790415987907,1664.2315854071785
110361,-78.5270169692,44.0234692357,-528.1343464042386,259.6579780139642,1625.3169402895808
100541,-78.5352787819,38.6441856786,-488.656107004345,230.6570350842988,1620.93663006296
110575,-78.5389577422,44.3433609471,-303.94581456969604,231.43142005041307,1621.0470051890954
110561,-78.5437554496,44.5399764814,-596.1747011143424,322.09671292144975,1636.453232854758
110353,-78.5809511907,43.906713522,-387.25759138059175,199.38351068934472,1616.7828163302556
100642,-78.5811571577,35.760716469,-464.6927098298359,216.8570851528511,1619.0305390038127
100630,-78.5896403544,36.2771923417,-512.442828659668,247.32057200519031,1623.3916213233822
100631,-78.5934829847,36.268871357,-396.5637640641139,199.00695023091103,1616.736421648932
100505,-78.597418611,39.0434179956,-174.6195541239963,345.56095616469554,1641.2328491933874
100453,-78.5983816281,40.2733868844,-182.04000399955973,337.89461875973006,1639.635832809459
110352,-78.6101265231,43.9144501816,-398.29126455277367,199.01433775561028,1616.737331009057
103153,-78.6104102571,35.8104959131,-409.60077102037053,199.66000047497874,1616.816936649185
101058,-78.6143400954,41.5356454458,-126.8569562682666,396.73042790945146,1652.7637227611217
100641,-78.6148232555,35.8145992885,-839.9974092500712,597.275197367457,1712.007754724353
110351,-78.6220507221,43.9563321191,-378.7677183448802,200.33643889575268,1616.9006090652006
103134,-78.6228136031,36.4929162226,-477.9669564537978,224.0953949258603,1620.0159372280764
101059,-78.6268405405,41.5394424151,-157.65494777306503,363.39970051384495,1645.081223885173
100607,-78.6354192332,37.4145907428,-195.2838059321494,324.44312830426423,1636.9166852194533
100546,-78.6355428532,38.7440088218,-462.999195814513,216.01097053497028,1618.9174253918713
101064,-78.6394453405,41.4188824512,-177.25516030865953,342.8279381328035,1640.6595887052176
103732,-78.6444659809,39.9442566671,-141.48106972288437,380.7657799582582,1649.0043875118122
100624,-78.6475150912,36.6396013787,-580.3065398792377,306.4925264723615,1633.453568250226
100501,-78.6520860266,39.4479244891,-109.78306687986921,415.6452469022263,1657.4057626659796
100504,-78.6561288309,38.9890055091,-124.45381362512245,399.3755549473219,1653.4006546313772
110576,-78.6606443353,44.7435753452,-496.96190247800934,236.16965181118383,1621.7302473847494
103152,-78.6606730703,35.8189522678,-389.30095098313814,199.24074206433778,1616.765216147457
100507,-78.6684535869,39.1352219122,-676.4066656569984,407.1787095540707,1655.3028098689688
101062,-78.6687659679,41.4815346123,-132.81140186754865,390.20214625734104,1651.2088316714576
100619,-78.6689214729,36.8392794412,-330.22690164381845,216.29630776354634,1618.9555224273854
100626,-78.669269104,36.5147562864,-605.3230144584805,331.31681168698407,1638.2929287988807
110348,-78.6727172883,43.9027097577,-420.13072426749306,201.18460107172905,1617.0059166726558
110347,-78.6768278256,43.8976506193,-382.6830867833418,199.82515338174215,1616.837339613983
100508,-78.6770025376,39.2187468141,-583.2102971540239,309.30853103210893,1633.9842894640165
101060,-78.6771192856,41.6064987887,-126.70543986096372,396.8970277366778,1652.8037213995478
101063,-78.6807991369,41.4975949617,-420.97877219114105,201.34559308792154,1617.025954863407
100545,-78.681409047,38.7020683554,-406.7360497730199,199.39868837525574,1616.7846881300422
305082,7.86821333816,53.1447482744,-237.33849596970055,284.12767857797047,1629.4052376803297
101066,-78.6849779473,41.2942912279,-139.3281299318236,383.1012296571468,1649.545223087504
203008,-78.6892956036,9.23266514706,-139.6054200007719,382.8001351229205,1649.4753209115047
103151,-78.6976738363,35.8733795603,-614.2503523773177,340.45630846627546,1640.165658956579
110661,-78.7070079861,46.3186040846,-589.1440539791005,315.1191197901873,1635.094171753825
101090,-78.7146054277,40.4482773239,-745.9323064211512,486.19036393911983,1676.4885805853971
101089,-78.7146827447,40.389599444,-435.8958759383462,205.08489099432092,1617.4958124706654
101076,-78.7148533317,41.1063796743,-315.9178877060368,224.04658017169933,1620.0091854469897
100623,-78.7184835551,36.5855039062,-464.8299617146,216.92644998282478,1619.039831365534
103150,-78.7224437904,35.8348724741,-773.4125422127865,518.2533587302835,1686.0662604658232
101067,-78.7263967337,41.2690601578,-148.59187925572485,373.09088623531926,1647.2491311996014
110619,-78.7266771347,46.3818526878,-140.25703390360582,382.09292775835104,1649.3113400110162
101061,-78.7268102387,41.598023628,-146.3671069481674,375.485626231029,1647.7931746284462
110585,-78.730279437,44.3276788698,-319.06376181162193,222.23824425776183,1619.7600834866744
103155,-78.7352802834,35.6939464645,-463.37239931067836,216.1958744562406,1618.9421073583464
110562,-78.7356370435,44.5357650361,-466.537137236034,217.79905831892094,1619.1569783843054
101065,-78.7393452048,41.4229583135,-122.4602781670902,401.57423557108467,1653.9331176079904
110565,-78.7481855025,44.3960405925,-570.6896529406491,297.3029462961312,1631.7542501008988
110349,-78.7482272105,43.9726255575,-356.99067259615344,205.3689285231996,1617.5318505824707
100643,-78.7522247338,35.7224864468,-617.4157438156468,343.7285080638893,1640.8480057890226
100622,-78.7555792321,36.6691109202,-449.66218223329645,210.00034998988102,1618.1263973626587
103157,-78.7689885012,35.664349312,-727.8702171794594,465.3406311511392,1670.5612212206192
100488,-78.7729194086,39.6229245196,-144.10010444613465,377.93197453852366,1648.352349537129
100629,-78.7729837036,36.3436762922,-507.6979668791839,243.78831815227403,1622.8572441571994
103149,-78.7854626306,35.8308208298,-554.5136169532433,282.3649016467161,1629.0987780143796
110568,-78.7859531006,44.5736687852,-629.2345883943719,356.0821127806864,1643.4802590503919
110346,-78.7928636452,43.9144729126,-380.47870407299024,200.09794913820807,1616.8710771410633
110563,-78.7975412436,44.6581591712,-493.6441838916009,233.9261073960504,1621.4050433397122
100500,-78.7984572567,39.301943229,-559.0666821491259,286.49909832915597,1629.82042697636
100487,-78.8101142426,39.6564214153,-316.3141821563027,223.8156514987166,1619.9772642545884
110581,-78.8187210203,44.2897491297,-685.6944113192603,417.51679062597725,1657.8760995021917
110345,-78.8229357997,43.8809351779,-411.65938974869647,199.88852621203333,1616.8451730939496
110590,-78.8278178621,44.1312078986,-376.65615522708765,200.66286260094782,1616.9410859005322
100540,-78.8352432377,38.2187964494,-577.9513855337315,304.22228243161885,1633.029114245637
100621,-78.839041594,36.7439432654,-488.65687106011,230.6575260344612,1620.93669992456
101080,-78.839231521,40.9855921723,-767.2988121276646,511.0876185368034,1683.8775028687824
100486,-78.8407816322,39.5645549627,-140.2897699917888,382.05741156236394,1649.303112401028
110344,-78.8438020044,44.0189316113,-369.798217073397,201.96550871802293,1617.1032612538122
110342,-78.8643222481,43.8897234666,-474.40467214116825,222.05027092629487,1619.7343034165901
100538,-78.8645185031,38.2603589768,-246.03683621527878,276.34578889006434,1628.0663026680634
100537,-78.8727275458,38.2189506274,-324.69835085609293,219.1444079120882,1619.338495301438
100539,-78.8769986492,38.1316295872,-452.90778706654567,211.35366275927,1618.302586541758
110343,-78.8809439345,43.9728789115,-357.79804444499587,205.11790397191382,1617.4999985705772
110341,-78.8850378858,43.9480293834,-399.74770863477124,199.0393831829268,1616.7404141988363
100533,-78.8851375578,38.431243641,-666.8977020497234,396.67918129077066,1652.7514222397456
100640,-78.8888914691,36.2402849317,-467.91995825188593,218.51911408194405,1619.2539930675307
100544,-78.8890163472,38.6393955672,-323.800870197374,219.62448031940716,1619.4035331570556
101077,-78.9017023252,41.078682153,-546.8834862815694,275.5701353326603,1627.934823736272
110340,-78.9019996262,43.9436273171,-401.42248318109046,199.08945374059525,1616.7465792253017
110663,-78.9054297305,46.2852909368,-484.02866644826156,227.74017963656547,1620.524137514428
103148,-78.9062668486,36.2398687706,-957.7730914998235,740.0895620856343,1766.9084443609668
100534,-78.9144975473,38.3394340404,-603.6857625569552,329.65553049080484,1637.9577710152234
101088,-78.9187528316,40.2854246434,-478.73779112981435,224.54749704639062,1620.0785379961626
100489,-78.9193390307,39.3395642481,-164.4454871732093,356.20985210525697,1643.5079402250647
101561,-78.9312529927,42.4604250533,-311.7398349572545,226.53503444632153,1620.355211883364
100618,-78.935280418,37.0816739963,-497.2084647698185,236.3385378680656,1621.7548505639195
101087,-78.9394655623,40.2858210584,-469.6049415155316,219.4123442077536,1619.374776769333
100499,-78.9436236837,39.1398309706,-351.44491012320987,207.22233344910995,1617.7682115575394
101092,-78.9446455378,40.6729807024,-651.4470720691961,379.82016038604564,1648.786294545678
110589,-78.947536073,44.2019230754,-313.36424200841464,225.55594444473425,1620.218619483291
101086,-78.9520344264,40.0936398185,-386.78432534245167,199.42138661965882,1616.787487670316
301605,7.89537317641,51.9687894741,-233.14153725556432,287.9590371601309,1630.0776968991922
100498,-78.9562527597,39.0104243909,-368.33419793790085,202.29115609558966,1617.143964735507
110337,-78.9604124731,43.9356497804,-393.86063957011123,199.04399159244582,1616.7409815536437
100532,-78.9608657861,38.4854968284,-454.41279971689164,212.00551127533086,1618.38784834078
110336,-78.9644257644,43.8560194298,-413.1765605474445,200.0786791805081,1616.8686924758613
101039,-78.9980668952,41.6355881161,-128.63507575738404,394.77706255382174,1652.2959238479677
110335,-78.9988574822,43.8483275232,-403.9256477185515,199.20667138872992,1616.7610178290927
101124,-79.0061520929,39.8147105624,-731.9415686475423,470.02320722600257,1671.8716177317574
100530,-79.0146607676,38.3855095212,-412.99685058170655,200.05519453496257,1616.8657865470489
305074,7.90301582204,53.0688125911,-233.63038470453742,287.5103086927181,1629.9984872540733
103192,-79.0311841589,35.9270372288,-599.8128568425941,325.7449696590858,1637.1752124021987
101125,-79.0393232426,39.8356269752,-742.5401395341589,482.26007185754014,1675.35299795417
100657,-79.0396109076,35.9268397307,-627.0328957466414,353.7651581934781,1642.9798166738515
110333,-79.0398417446,43.8391985194,-408.01251057174636,199.50695906279103,1616.7980447664042
101123,-79.0472226223,39.7273427312,-494.7320051247848,234.65574072778875,1621.5104709814527
100535,-79.0598693383,38.1517226688,-314.3473872110676,224.97050004398247,1620.1372215760073
100531,-79.0600589343,38.5103363365,-166.54467433893566,354.0002512681529,1643.0304527743544
103193,-79.0603798773,35.8896585687,-487.8623911023669,230.14867380330088,1620.864369063434
103147,-79.0645500627,36.0894297572,-666.6332503024023,396.3884724478746,1652.6816728987906
101563,-79.0689973181,43.2643234669,-211.39332380600243,308.5285831486408,1633.836827062511
100536,-79.0856348984,38.0939628721,-752.1081981299478,493.3623233740295,1678.5825189638444
103146,-79.0894388047,36.0647605302,-530.0852104547382,261.25752479727953,1625.573248152536
100620,-79.0937974341,36.6440209351,-593.497523621605,319.428238851313,1635.9300995524338
101126,-79.0980863845,39.9736969876,-604.7182807904111,330.70264965143747,1638.1688354172982
301487,7.91018499164,47.5854800074,-120.57593793929844,403.65609454339284,1654.4398246862927
100485,-79.1022582288,39.5731728204,-108.5941014132114,416.9725110250776,1657.7391127063822
101081,-79.1103381165,40.8397782942,-448.60902557492113,209.57678677444915,1618.0714818575502
100658,-79.1147709128,35.9228071704,-692.1234898057328,424.7176886685109,1659.7041922926833
101068,-79.1184280351,41.4565845163,-436.9432272113692,205.41062620729215,1617.5371452318668
103191,-79.1226984845,35.77278906,-458.32759486134375,213.77194299586537,1618.620194628194
100496,-79.1266283638,39.0687271367,-135.93267031106438,386.79521059909575,1650.4070485151185
110278,-79.1268594168,43.2518652458,-425.8835864917544,202.38683306408882,1617.1559359083763
110334,-79.1269975529,43.9606514255,-374.1314815052882,201.09946679687846,1616.995326645063
201905,-79.1395779359,-0.239463578668,-143.32128004783678,378.77382444398074,1648.545571384032
110662,-79.1433451582,46.2689232695,-705.40069019887,439.69618353341247,1663.6001997655067
301513,7.91472275701,48.6822539281,-226.60929679844654,294.01545721976703,1631.1584778709068
110331,-79.1597841566,43.8108671341,-552.3191396695765,280.3931913691589,1628.7581872740245
110221,-79.1599609596,44.4311458684,-571.5283701414517,298.09572587269366,1631.8988794130455
101122,-79.164514509,39.6856157667,-739.0658842786945,478.24147385494933,1674.2006445348597
103190,-79.1686116343,35.772868861,-468.87757017401856,219.0246342333329,1619.3222907275224
100495,-79.1723718886,38.9939481805,-234.65885389963444,286.56834824500294,1629.8326015458933
100497,-79.177021364,38.9227751706,-135.72298197731772,387.0237558867393,1650.46062614855
110220,-79.2022702401,44.3151433488,-848.7722856423991,607.8015940979243,1715.7085033985124
101127,-79.2060742494,39.9021311207,-381.3518896915764,199.98524137756814,1616.8571327160694
101069,-79.2106316328,41.3356213943,-165.0093334386086,355.61573100056114,1643.3792742337507
110212,-79.2143672951,44.3314848051,-828.893553169082,583.9882454156464,1707.4176880979153
101070,-79.2264567371,41.3148287555,-159.36541907909432,361.58270894990136,1644.680803760272
101085,-79.2354196268,40.7187580472,-153.34760538765266,367.9924309223098,1646.1018559196439
100529,-79.2400508982,38.3313783167,-100.76672655134027,425.74094828129677,1659.9663387820378
101093,-79.2479559839,40.1935180808,-417.30942393689753,200.6897456262903,1616.9444223118899
110282,-79.2518712152,43.1311619818,-385.3256055389042,199.5494906441143,1616.8032935587157
101078,-79.2561200025,41.0393744898,-764.0466603436273,507.2831088967837,1682.7266692537953
110281,-79.2603218849,43.1601275132,-421.9995026757258,201.54684026095174,1617.05102568384
101091,-79.2605463689,40.3982613327,-800.219589826328,549.8670301334544,1696.0503063511326
100494,-79.2680255635,38.9895476952,-124.41985473401996,399.4129751574283,1653.4096938055293
101128,-79.2813933786,39.9611329365,-363.08215293979333,203.595071666725,1617.307591045366
100484,-79.3068917757,39.301896657,-132.67561737366066,390.3505982335922,1651.2439191068377
305072,7.93080170434,52.9378902122,-621.8787705303271,348.368841187827,1641.826342935371
101119,-79.3150415794,39.5389865526,-168.36760429235576,352.08658924702985,1642.619206381562
101129,-79.322533498,39.8189781168,-122.45506144053786,401.5799943042486,1653.9345158353115
101040,-79.3228143011,41.5148486961,-131.7756008178273,391.3350785543074,1651.4769252257481
101082,-79.3229860571,40.8563296496,-176.03209831560366,344.094848846857,1640.9247867738873
110332,-79.3230735911,43.8975458792,-382.7047841917989,199.8226616611542,1616.837031663777
110210,-79.3267318324,44.1687078447,-396.9341232889901,199.00649423470975,1616.7363655196152
101041,-79.3270205514,41.4394567529,-147.2704772867413,374.512512651795,1647.5717019233932
101037,-79.3354006461,41.6437772978,-186.2675214743116,333.5674599386603,1638.7495663388945
110664,-79.3393530744,46.335485788,-654.807445732115,383.4643511934961,1649.6295946309385
101036,-79.3517587484,41.585589664,-142.70945361681942,379.4356632872857,1648.6977629087291
110330,-79.3603252832,43.689516616,-461.39432026126883,215.2259363519528,1618.8128658138842
110218,-79.3604290142,44.3047457119,-581.3839479010202,307.53521598856685,1633.6495339940936
100491,-79.3645431705,38.5397646159,-108.93998268503539,416.58626818400217,1657.6420028719888
110230,-79.3647413775,46.1974608295,-706.8335880695454,441.3208690923031,1664.0303483838181
110287,-79.3728825232,43.1521152376,-401.70158845542767,199.10000903817152,1616.7478790599928
103186,-79.3771902606,36.0563034665,-379.9858319163329,200.16425600098677,1616.8792843704855
110229,-79.3775600986,45.8479846796,-526.1770873696285,258.0671638140796,1625.0635531833912
101079,-79.3855061622,41.018311562,-762.6771965327018,505.6825942218254,1682.2448623624625
101121,-79.3933799509,39.6601520926,-113.48282936682067,411.5232451420793,1656.3768508821454
101120,-79.4059366209,39.5105649203,-402.7883816946669,199.1471246589855,1616.7536819521788
101117,-79.4061590079,39.4053826186,-585.8739325740446,311.9077122471173,1634.478299582229
101035,-79.4090087002,41.6812114589,-127.0133998391664,396.55843509940814,1652.722445934125
103189,-79.4102805063,36.0361182028,-419.19597754567707,201.01369655658561,1616.9846619709565
110215,-79.4226568983,44.2223777531,-378.9235962871431,200.3137458913061,1616.8977975243185
101118,-79.4227757173,39.5063074889,-156.01355883158794,365.14697525921406,1645.4680806344857
103548,-79.4391774917,39.1479355213,-152.84265939173693,368.53240979509246,1646.2226544168814
110207,-79.4517908897,44.0815150415,-462.2930533593569,215.66353229025208,1618.8711035798663
101116,-79.4522663148,39.3684403335,-662.1316003766306,391.45100857533265,1651.5043999216687
101094,-79.4557963311,40.3603007716,-505.9819232815194,242.5350849644001,1622.669454412905
110228,-79.4603806604,46.3016733612,-421.62946521407434,201.47294171525624,1617.0418167411085
101115,-79.4643644298,39.3644143022,-165.0060685633554,355.61916987863947,1643.38001838624
110217,-79.4647921038,44.4978423739,-371.15134604954824,201.6793252481651,1617.0675437589305
110208,-79.4728580255,44.0222089076,-407.5998818918994,199.4705227193793,1616.7935490593495
101042,-79.4729397465,41.4645167109,-156.67177823053515,364.4458661849842,1645.3126390523196
100493,-79.4733304445,38.8602140825,-91.35209582737433,436.35450663992924,1662.7201046210278
305071,7.94800370277,52.8701996996,-357.551174218561,205.1941477623345,1617.5096689423208
110324,-79.4892472668,43.6264106868,-434.8511158289506,204.76806651861526,1617.4556723174078
110219,-79.4899560369,44.0948402946,-430.84112493160626,203.62786381225143,1617.311719417975
110327,-79.4931455521,43.6483340536,-470.35363809563194,219.8147673863368,1619.4293509774036
103579,-79.4933915302,39.3814900306,-478.6430692445106,224.49176039468782,1620.0708136779365
110227,-79.5063355362,46.3274791003,-689.0544826412033,421.27582772398466,1658.8267582452706
103570,-79.5100586885,39.3313596764,-153.1980423046725,368.1523365591988,1646.1376108211557
101130,-79.5102083596,39.8353612721,-175.66097021429766,344.4797481721004,1641.0055416563036
101083,-79.5143513389,40.8648322453,-592.3334961077035,318.27236302720286,1635.704798523531
301392,7.95190479509,48.4478882037,-570.0762013752462,296.72417779561545,1631.6488986710558
305023,7.95257030114,52.3263908557,-456.8264169216079,213.0825805580356,1618.5292944470475
100492,-79.5306481322,38.6147552351,-109.31527758469208,416.1672991330663,1657.53676029031
100490,-79.5389843779,38.443589682,-143.77095234572667,378.2876754870195,1648.4339405239623
101044,-79.5432249603,41.7107698363,-161.6888042453036,359.1209868606105,1644.1413485615292
100667,-79.5477542437,34.2060681054,-342.94025263197307,210.49182425235705,1618.1902542417781
110206,-79.552060827,44.1138277111,-394.22506082319734,199.0355399898549,1616.7399410619628
101071,-79.5600503157,41.1772922782,-643.9616178321464,371.75044793324076,1646.9460484134113
305029,7.95601185743,52.5613873741,-241.82658113940315,280.0849676629917,1628.7051543962043
110322,-79.5602745867,43.6068778832,-413.35968110207455,200.10287485535153,1616.8716867368796
101043,-79.563941317,41.5347913227,-304.72582424805154,230.92694122058867,1620.9750593477625
101084,-79.5687731754,40.7564064193,-308.8139334748404,228.33508624907154,1620.6078496842954
101095,-79.5688634844,40.5689428948,-426.8709371689953,202.6189803920762,1617.1850055145544
110204,-79.5768535211,44.7684355133,-733.0469260306963,471.29628542712317,1672.229972074233
101045,-79.5812825024,41.7229337923,-177.276883325697,342.8054576986614,1640.6548913997647
101096,-79.5889140431,40.6024169556,-553.9791409574873,281.8834100978657,1629.0153921109484
103554,-79.5942386965,39.1852487263,-101.0804699964622,425.3884858765186,1659.8759757169514
103188,-79.5978359408,36.0686275225,-410.755321644299,199.7839789383786,1616.832251375026
103187,-79.6024956202,36.0647893492,-408.9128552849203,199.5912225784748,1616.8084447380759
103632,-79.6031055582,39.6439783973,-174.8201870423478,345.3525259334441,1641.1889769355005
301461,7.96064477181,48.7104510175,-649.5421788809185,377.76021073992075,1648.3129762470035
110630,-79.6092218968,47.4070193426,-722.6906685759661,459.39873932995374,1668.9158434576432
101104,-79.6101409188,39.7688186306,-345.42791913289824,209.48305567485204,1618.05934423335
101046,-79.6104901419,41.6311097667,-161.24342666482087,359.5923097619993,1644.2443614274478
305083,7.96119928086,53.1194433263,-238.45676235031445,283.11503314349807,1629.2289626807612
101075,-79.6181840675,40.9927904679,-346.60025274031466,209.02255671084717,1617.999789882534
101072,-79.6185347305,41.1686435155,-643.331734534471,371.07452135460426,1646.7936091825638
110510,-79.6185510015,42.9022216029,-420.3949444600903,201.23415490461701,1617.01208280772
110318,-79.6343997858,43.5480793163,-474.21085029312724,221.94110556109845,1619.7193414859464
110203,-79.6392746922,44.6521279987,-663.366263409337,392.80308507608436,1651.82540072832
110665,-79.6397612453,47.4228072349,-841.1956652731861,598.7112967471563,1712.5093014925926
110202,-79.6475018779,44.7060326201,-804.3773546183131,554.7963513359093,1697.6548183602058
110213,-79.6512986142,44.3722610855,-370.256780830411,201.8669278572856,1617.0909521138642
101134,-79.6640362443,40.3312400822,-492.86026737886846,233.40397493294773,1621.3297956802269
101105,-79.6644644813,39.7652404433,-171.40851998905194,348.9051979246349,1641.9402327687856
110297,-79.6688846537,43.4439303317,-382.04585384059465,199.90001552963398,1616.846593543968
110323,-79.6765746063,43.677335072,-440.5378387149335,206.58991595416808,1617.6873258513017
110214,-79.6772493614,44.0146750379,-332.68357530568505,215.09228792443176,1618.7951022814937
110328,-79.6776936284,43.7566860896,-419.2957630658889,201.03161305741574,1616.9868893390733
101047,-79.6933821117,41.4810998483,-131.43154016995308,391.7116570314133,1651.5662000356756
103550,-79.6980151371,39.168714474,-106.2586213186157,419.5832711353215,1658.3977243902025
101074,-79.7025395895,41.0852835706,-154.7351115411679,366.510350053973,1645.7711649991536
110209,-79.7186633388,44.8020880651,-622.6955237056826,349.22134067530044,1642.0074407958814
103547,-79.7187643128,39.1480975813,-96.17271166242483,430.9111496492736,1661.2998855528897
110325,-79.7187891348,43.8896022496,-392.0674240086055,199.10126965186257,1616.7480343031095
101057,-79.7188246688,41.2272183243,-295.2466126295602,237.26580838004688,1621.8902412531568
110293,-79.7188506598,43.3938257456,-401.4037277847101,199.0887670851424,1616.7464946692996
101073,-79.7230969582,41.0523954378,-337.6693955130975,212.76866956424257,1618.4879973586837
305081,7.97241016279,53.1105693425,-316.8307980703421,223.51595500431833,1619.9358854558034
110201,-79.7309603878,44.7309476262,-678.5138936161668,409.517288453929,1655.8796153068145
101103,-79.7479197082,39.5895911408,-76.78187109523138,452.91308247151113,1667.1422108266083
100668,-79.7520860666,34.0479233153,-357.53817749868676,205.19817419797056,1617.5101797330876
110299,-79.7726456853,43.4979052332,-419.8302236420886,201.1289095259313,1616.998988587524
101097,-79.7729197843,40.5645913295,-246.82698555791373,275.64997128921027,1627.9483399413286
110189,-79.7767598656,44.1230100519,-328.1538411396716,217.34202567102312,1619.0955644954283
100662,-79.7773239287,35.6604292157,-709.8968487123432,444.79923896651275,1664.9562318064625
110199,-79.781423849,44.7232562386,-812.9308084364128,564.9572477137975,1701.0025228053998
110429,-79.7850657943,43.2318414052,-434.68634405183445,204.7188408077521,1617.4494411349167
100661,-79.7889639366,35.760174811,-518.2792797302217,251.7956045743277,1624.0794061033273
110200,-79.7894596437,44.6854253244,-813.0918937111337,565.1488590732392,1701.0661726569513
101054,-79.7977089943,41.5523164942,-659.9689594614124,389.08663375429626,1650.9455773623295
110300,-79.7978339864,43.4775395915,-411.90698329244873,199.9183005588682,1616.8488543287933
110326,-79.805805558,43.9266106356,-393.67622219754173,199.048679115353,1616.7415586616037
101131,-79.8062531051,40.2395912656,-214.1020880796152,305.9058747244855,1633.3435936865637
103605,-79.8103638084,39.5146744106,-232.82338032084294,288.2514275513749,1630.1293741085065
110186,-79.818257425,44.2485774193,-578.2678769650786,304.5266365900521,1633.0858407440912
110428,-79.8190387401,43.2020785457,-423.73985849471615,201.9087281586686,1617.0961707185618
101133,-79.8272195108,40.4062686584,-499.03629947412344,237.59968206865994,1621.9391171573345
110180,-79.829489778,44.1630692912,-396.7362535271436,199.00659934452761,1616.736378457743
110291,-79.8309684291,43.4271953893,-388.0721637211318,199.32255348272977,1616.7753001493008
110329,-79.8357449115,43.9232741024,-502.31611976591864,239.90242593556897,1622.2780479362211
101099,-79.8433860031,40.5111872361,-554.312441971228,282.1835743457147,1629.067359097379
110196,-79.8437028182,44.7310855002,-802.8366869313586,552.9690174286167,1697.058521407543
100670,-79.8441020512,33.6607725333,-231.51107221583987,289.46030434244267,1630.34357073471
110294,-79.8481684735,43.43545454,-395.5361373724199,199.0140455742271,1616.7372950426443
110192,-79.8558812532,44.3396966348,-385.8657496556499,199.50005644752437,1616.7971930234635
110194,-79.8561142162,44.4608499059,-702.0242990859308,435.8740165995162,1662.5940722836049
110301,-79.8562824422,43.556244594,-416.8099784450916,200.6086930591851,1616.9343643379282
110198,-79.8602724495,44.5771353615,-812.5615985861067,564.518106366784,1700.8567203800342
101135,-79.8604197985,40.389591292,-283.6650286079473,245.59131196994923,1623.1290716887263
101098,-79.8604198125,40.5770913285,-142.9419425187666,379.18411832709,1648.6398898599653
103572,-79.8682313062,39.3353341038,-152.9589548851871,368.40801684859684,1646.1948115956086
110433,-79.8685703482,43.302271708,-394.11764683230376,199.03791913864478,1616.7402339587602
110304,-79.8686032522,43.6477545356,-427.7157841175065,202.82357495756375,1617.210652142927
100666,-79.8687528112,34.9437568404,-586.9188074084266,312.9314087697639,1634.673960592942
101055,-79.8770969599,41.5027431231,-634.2794818664394,361.41679906129406,1644.6443364720826
110315,-79.8843631825,43.6396648509,-610.9624666492226,337.0746865420085,1639.467058270272
110182,-79.8864779347,44.3185563151,-395.00809646609343,199.02102491626187,1616.7381541872219
110525,-79.8931765462,43.0273416802,-295.63983965444623,236.99404778235535,1621.8505077627378
110197,-79.901877591,44.6520645967,-549.1343857078836,277.55666676855463,1628.2722727215055
110541,-79.914862457,43.0236588349,-339.02761381304515,212.164070020994,1618.4086268473297
101056,-79.9228376017,41.368666714,-147.28816240069466,374.4934720806038,1647.5673738809505
100659,-79.926669549,35.9980626216,-404.1662555685439,199.2206112338224,1616.7627354644103
110309,-79.926966141,43.6722412106,-380.1224175501194,200.1456867527801,1616.8769856645642
110320,-79.9276525281,43.809829849,-378.15796835592175,200.42706394717598,1616.9118401472822
100660,-79.9310137424,35.9435408861,-425.91378061304147,202.39382097170667,1617.1568104588723
110191,-79.9434298554,44.3604974335,-392.4578753199756,199.08657754883637,1616.7462250477327
110528,-79.9481842898,43.0351268069,-436.28318356696195,205.20440109643636,1617.510969692426
110527,-79.9487026488,43.0231081799,-358.33299792406945,204.95423887969793,1617.4792520711794
101052,-79.9516443201,41.4354038455,-130.1015089192332,393.1685737517466,1651.912351861311
110298,-79.9521997591,43.5011607934,-416.543545936523,200.56626331798935,1616.9291007423071
101051,-79.9562532385,41.4395914879,-146.5629273858144,375.27460381804696,1647.74510137848
110195,-79.9602456008,44.7609863407,-780.7382335198288,526.8621725637493,1688.7322581524222
110430,-79.9642329931,43.2652016259,-371.56602624050856,201.59447696911914,1617.056963743219
101114,-79.9644980051,40.2105677342,-750.9920418763745,492.06461941481115,1678.201561352458
101107,-79.9725965438,39.760747745,-275.31640990111634,251.9557630978024,1624.1042446235342
110185,-79.9727186478,44.0230047106,-651.1717331339818,379.52214558259334,1648.7176683209286
101101,-79.9731154259,40.4935199166,-459.471974447698,214.30737868844028,1618.6909968880088
103507,-79.9805648715,38.7352015681,-165.31842112682128,355.29023908811666,1643.3088707961376
101108,-79.9934806995,39.8810920219,-680.9810058545386,412.260514056688,1656.5601776863616
110536,-79.9971700958,43.0186854835,-409.44066908954346,199.6436537292949,1616.8149180782468
110183,-80.0007915841,44.30610257,-567.9097925239773,294.68766223094843,1631.2797764691156
101113,-80.0050551405,40.1317463567,-658.5530235078351,387.54136326451135,1650.5820788700273
110184,-80.0059440346,44.4731080569,-576.9028387634551,303.2155765875128,1632.841871318617
305019,8.00138518318,52.306195563,-472.6637765548405,221.07766144757156,1619.60125439477
101100,-80.0145039143,40.5938166959,-402.5708803024037,199.1369294234207,1616.7524261636886
110666,-80.0180310986,47.9946821642,-701.3663581171211,435.1302275294916,1662.399231759884
101106,-80.0186607236,39.7645155803,-330.6904218800073,216.06619594336,1618.9247950029735
110310,-80.035572116,43.78539037,-738.6147155908395,477.72013065318015,1674.051795518071
103491,-80.0389768993,38.5517226639,-109.44611783578705,416.02126199178525,1657.5000999321908
110190,-80.0479906981,44.4646712832,-391.41861280420494,199.1284158788542,1616.751377564407
101050,-80.0481154781,41.6906197016,-661.8197009763776,391.10970485236885,1651.4235350374818
110313,-80.0482160711,43.8562147268,-382.0889816099855,199.89484623994335,1616.8459544431796
110431,-80.0519475594,43.2858744096,-402.7423626123832,199.1449355841638,1616.753412309622
110317,-80.0525298264,43.9018394846,-533.2587512936775,263.8886238850073,1625.9981847043707
110667,-80.0559914707,48.1062759775,-693.5414885236036,426.3106281409985,1660.112539110514
110316,-80.0608353141,43.8894220166,-532.859760483639,263.55588236560584,1625.9442161327363
305036,8.00613238958,52.7117106995,-243.03476374745543,279.0065936481537,1628.5200551866506
110306,-80.0632569543,43.906187332,-532.7185584563643,263.43825898431743,1625.9251542253332
305002,8.00635578259,52.0487430087,-336.259428439002,213.40926392775884,1618.572335354887
305021,8.0064290946,52.2397685215,-576.9951561092362,303.304109207319,1632.858313972168
110319,-80.0685440438,43.8605232072,-675.547883009261,406.22684458680936,1655.0689230690489
110497,-80.0765092414,42.8100016633,-337.06746148382206,213.04053973196008,1618.5237602257405
110432,-80.0765220204,43.3518984231,-401.1387883371999,199.07937203227422,1616.7453377742427
110540,-80.0770784555,43.1064600678,-427.7973421719014,202.8436155853324,1617.2131656741221
103614,-80.0772214515,39.5685675611,-165.64355695420477,354.9479943844278,1643.2349100367585
101110,-80.0892022195,40.0310075883,-382.51039744758555,199.84511950028642,1616.839807350768
103600,-80.0935873818,39.4939299079,-142.78254444829926,379.35657470518964,1648.6795630497882
101049,-80.1057071618,41.7597755844,-451.41658282831816,210.72293106489434,1618.2203325019018
110503,-80.1102685222,43.5767448487,-742.4896254630971,482.20159355343566,1675.336165571393
103657,-80.1180052408,39.7064494505,-151.5941558756278,369.8689297579625,1646.5223703449299
101112,-80.1267386586,39.9437411681,-644.0648333935467,371.86125553821006,1646.9710635637894
103533,-80.1428620949,39.0056628725,-184.99519348126842,334.8665898904553,1639.0144977610319
103615,-80.1521040667,39.5730835244,-151.49611769483363,369.9739631190077,1646.5459678466223
101102,-80.1525837637,38.963997049,-171.64818843964824,348.65504511878817,1641.887094575254
100686,-80.156383815,33.4560615733,-337.9148380065193,212.65850286668584,1618.4735183769567
103611,-80.1645625197,39.5516902587,-166.49422917865613,354.05327571554136,1643.0418780088626
110526,-80.168729149,43.1519302866,-336.8322772433353,213.1474150718252,1618.5378313149763
110179,-80.168789188,44.4856643679,-413.08239901347883,200.06634189965305,1616.8671658510152
100665,-80.1734745714,35.1476965163,-772.0163080600565,516.6153302317682,1685.563493398117
110532,-80.1824002122,43.5479321663,-814.6716718710454,567.0284952427828,1701.6915717201166
301596,8.01837224359,51.6647517239,-372.1970027307461,201.46794839019645,1617.0411946127222
103582,-80.1940163281,39.3937348706,-293.6955724936902,238.34493484373613,1622.0484576028084
103575,-80.1982718195,39.3693373296,-597.0343862821521,322.9565301989029,1636.6226844462653
103468,-80.2017088628,38.3187993597,-181.3238585321031,338.6306105881081,1639.7876634714814
101109,-80.2059299151,40.0234068447,-372.73174705273277,201.363155057515,1617.0281417033848
103194,-80.2141712378,36.1186067396,-375.63103548568427,200.83407432552693,1616.9623422504856
110543,-80.2276285579,43.4142694653,-660.1172319864004,389.2485761908455,1650.9837506506797
101111,-80.2309553852,39.8773179886,-176.66931882685077,343.43448823642626,1640.7864390456796
103470,-80.2314376472,38.3397037804,-99.31645477564761,427.37125476881187,1660.385220437912
305026,8.023398611,52.5062022815,-404.56559508628425,199.24478109346188,1616.7657138988836
110504,-80.2396632939,43.1019754034,-432.01507123629347,203.94914031536388,1617.3522011860503
110516,-80.2434112872,43.2310141901,-394.0010631319039,199.0406073215636,1616.7405649048715
110505,-80.2439991863,43.1145549735,-422.6307541152703,201.67537340301357,1617.0670508928288
110509,-80.25234381,43.5356593063,-396.3356557123366,199.0077851068842,1616.7365244155071
103653,-80.2560907563,39.7022119191,-363.5950351739637,203.45845923545684,1617.290399242032
110529,-80.2685570103,43.6394883969,-324.5523701032245,219.22216207524608,1619.3490195726586
110519,-80.2724292686,43.8617078423,-303.2105791722132,231.90981574424373,1621.1153732799262
110538,-80.2733066967,43.5899756898,-326.873549496946,218.00124591707439,1619.1841878141543
110511,-80.2821536134,43.4842619,-303.4157892900635,231.7760119910897,1621.096237297613
110495,-80.28893206,42.8233886564,-405.0154716419486,199.27355456125468,1616.7692600966482
103523,-80.2978641547,38.8853855255,-204.53680127742797,315.2377935383242,1635.1170469788688
110514,-80.301522274,43.8938093749,-325.6628373733637,218.6339521280884,1619.2694945157007
103651,-80.3021134181,39.7020901871,-166.92933089762022,353.5960478118987,1642.9434122556322
100669,-80.3063576264,34.1480280426,-242.9559854142601,279.0767774515972,1628.5320809117497
101136,-80.3148116151,40.764498785,-270.8891731692994,255.44531904584161,1624.6492550296564
110512,-80.3439900285,43.7268176801,-297.3654309037663,235.81030524581064,1621.6779553617014
110499,-80.3441811396,43.2810488842,-287.38309346010533,242.8524383798138,1622.7169185267674
410208,-8.03513387768,12.5979689305,-317.9609887420751,222.86565435880772,1619.8462861453136
305020,8.03549084101,52.2147895124,-576.3760300564803,302.71074014556064,1632.7481995229573
110523,-80.3604375949,43.9727267735,-409.35230164282336,199.63471947983228,1616.8138149050365
110531,-80.3644450702,43.3978363729,-316.10387930000246,223.93808775162708,1619.994184554945
110496,-80.3727033099,42.8358860734,-407.4516658309123,199.45776976563386,1616.7919757241082
110535,-80.3812419216,43.1272453805,-338.4078688193134,212.43841785703037,1618.4446151251466
110500,-80.38530054,43.3857733519,-310.01494026977946,227.59058283379906,1620.5031207130128
100664,-80.38541968,35.8562570199,-327.16965871841245,217.8478766438436,1619.1635458483543
103606,-80.3895270143,39.5231253383,-142.91185142667157,379.216672278779,1648.6473775129043
103462,-80.3938628907,38.2187930324,-111.18468053061686,414.0822179843375,1657.0144761277177
100690,-80.3939723287,33.0268702838,-950.1231268012511,730.7297300759326,1763.0084597819805
110515,-80.410153488,43.422858285,-321.5920433983255,220.8266562193736,1619.5670109455225
110537,-80.4139471033,43.3939838336,-418.7479433876706,200.93421881900778,1616.9747837051727
101151,-80.4315245028,38.6894638983,-96.81790337265721,430.18400469547424,1661.1114257453717
110492,-80.4391133734,42.9941949315,-315.0987605899577,224.5267302254448,1620.0756597862073
110534,-80.4436952728,43.6942158444,-332.380641329403,215.23867228878723,1618.8145591433954
103492,-80.4514768104,38.5601131186,-95.91236797460647,431.2046569288073,1661.3760402157832
101145,-80.4562913758,37.6854623023,-559.3301408184359,286.74006941736906,1629.862803506928
110418,-80.4602980492,44.2443007329,-678.3000913498294,409.27982327163517,1655.8209035349341
110175,-80.4684084638,44.5192909787,-559.7507331911173,287.1251521595278,1629.9305947949495
110508,-80.4729859832,43.2774389949,-317.5778370603336,223.08529224173645,1619.8765195102267
110533,-80.4733079942,43.5895668858,-313.02238624752385,225.7607777862146,1620.2471477008135
103538,-80.4770388886,39.048156956,-153.31663603472134,368.0255395050926,1646.1092577875868
110501,-80.4771201416,43.4812572008,-392.12025220912983,199.09920951761902,1616.7477806004638
305078,8.04816080005,53.201301326,-446.95496424198814,208.92712617318477,1617.9874643819005
110542,-80.4816927309,43.4812817598,-392.5795561280097,199.08225146523597,1616.7456923383013
101147,-80.4854198572,38.3812575388,-115.5455596717786,409.23053513058494,1655.8087213592187
103544,-80.493955069,39.1062165618,-162.53745301031643,358.2236596529688,1643.9455834002388
103473,-80.5019023546,38.3854476492,-139.6551592247211,382.74613521486776,1649.462789779722
110506,-80.5137832726,43.5269254156,-311.05862655349824,226.94995605901522,1620.4132724095957
103465,-80.5271004747,38.2313285534,-99.95574962445552,426.6523851339658,1660.2003338713337
110513,-80.5271021487,43.3435896724,-380.2711137084227,200.12564027497976,1616.8745043266208
101148,-80.5274476507,38.2978211799,-87.33901527983275,440.89968634587177,1663.9186952089556
110491,-80.5345224873,42.685835371,-304.8031163400402,230.8771235781603,1620.9679629893092
110502,-80.5357929794,43.5850481324,-329.4126369237324,216.70383061998098,1619.0100188236509
110174,-80.5400428568,44.3444790882,-751.2186221536342,492.3280000268077,1678.27880593672
110173,-80.5436161951,44.281167854,-566.8315269062558,293.67840494004605,1631.0977580678957
101142,-80.5437531281,37.0437572632,-570.1934002062903,296.83467944763083,1631.6689976121884
110488,-80.5478881304,42.9691008624,-335.29082083593426,213.85692319183647,1618.6314201951798
110493,-80.5485027525,42.6533833643,-326.9653755664163,217.95362679293694,1619.1777772308328
110517,-80.5601664634,43.6186398922,-320.33210748332925,221.52540085937017,1619.6624321357492
110415,-80.5728215025,44.0438720744,-590.5104405886526,316.46748815513274,1635.3545676412823
110231,-80.5759926197,46.0187412608,-846.5679747686784,605.1551802002539,1714.7727788162451
110518,-80.5801630961,43.6346145385,-336.339726343057,213.37242946327993,1618.5674791311753
103486,-80.5893792588,38.5188425712,-432.5138976372027,204.08880420942177,1617.3698188261142
103464,-80.5895526769,38.2229124377,-104.50333726683293,421.54856234012067,1658.8960429324702
110539,-80.6351012106,43.5610358194,-312.2455886301074,226.22863256671044,1620.312403531797
110530,-80.639171671,43.7812886446,-325.1905948210974,218.88317814713835,1619.3031638707364
103482,-80.639387699,38.4686754951,-105.5410796174063,420.3863412450813,1658.6010872875404
100676,-80.6527263431,34.2437742795,-204.51316935613139,315.2610873490219,1635.1215380033598
110490,-80.6602068687,42.9357449777,-332.3838369197857,215.23712503463457,1618.8143534201693
110172,-80.6602884287,44.5732630892,-683.7418745785807,415.3369566838033,1657.3284763236734
103442,-80.6686830064,37.9861969051,-90.24413735857304,437.6081477922136,1663.049542815883
110521,-80.6721874777,43.7568823056,-316.42034548914967,223.75394007285547,1619.9687393724955
110507,-80.6768982591,43.3727724088,-294.6788008639894,237.65953119227723,1621.947885603147
305018,8.06861982675,52.3145429927,-532.1362006054882,262.95388448130717,1625.846744379615
110256,-80.6934985155,43.2143978227,-328.33667046754664,217.2487183564996,1619.0830418707765
100689,-80.6975630868,33.3774771288,-381.5969378706212,199.95470679597972,1616.8533562496789
110522,-80.7017500881,43.6561202313,-310.087658236484,227.54575554770523,1620.4968255796618
110254,-80.7314629146,43.0687428737,-382.0824346657216,199.89562999694866,1616.8460513412717
101137,-80.7352535139,40.0139594559,-105.0506622566743,420.93546980727444,1658.7403535779363
110233,-80.7436031136,46.5315004102,-566.9806073887288,293.81777011890324,1631.1228564653338
110524,-80.748131939,43.7608567899,-341.47231111351994,211.10704013838057,1618.2703955896782
110408,-80.7643609243,44.4063177793,-819.6664086216803,572.977004346257,1703.682933633954
103441,-80.7682688517,37.9690024737,-122.86265355717448,401.1301353409639,1653.8253463787057
110237,-80.7688442917,43.1274271895,-325.1757660029018,218.89102611056154,1619.3042247081676
110236,-80.772774134,43.1343508511,-398.87742372638786,199.02234780743663,1616.7383170361152
305070,8.07733052847,52.8523045752,-327.8004413589926,217.5229741073374,1619.119864343121
110422,-80.784832645,44.1855775171,-691.3738518665045,423.8762439158968,1659.4890662496798
110232,-80.8020060224,46.3976494211,-614.4111443666791,340.6221383115426,1640.2000889994833
305032,8.08090485276,52.681194313,-325.0788896836941,218.9423296670718,1619.311160514257
100684,-80.8310810848,33.814877136,-795.3614270436171,544.1157783247166,1694.1944608184438
110520,-80.8351578672,43.4858449902,-319.37464881577034,222.06264675979776,1619.7360000728365
110234,-80.8395426405,46.9023242949,-448.367591755337,209.48077022262095,1618.0590483474477
110489,-80.8401642246,42.7109573611,-307.23702098318734,229.32437089142047,1620.7475305952903
100683,-80.8603709003,33.8398832041,-423.2546846704621,201.80546966309544,1617.083281229488
101143,-80.8608354573,37.3729239854,-98.72367390445592,428.0381200126936,1660.556991804252
110419,-80.8648863396,44.2099755591,-565.9250424159501,292.8322056262289,1630.9456126731839
103455,-80.868759213,38.1061448491,-112.53236438165553,412.58099857875584,1656.6399642753486
103337,-80.8727859443,33.4023471179,-253.76590211073218,269.62299034231677,1626.9386736343563
100680,-80.8765491846,34.056068851,-542.721846649114,271.93832207464015,1627.323981836056
101141,-80.8854198913,36.9395905625,-434.85130544409316,204.76812328285595,1617.4556795036979
103476,-80.89334138,38.431662794,-102.88662870978676,423.36102707980695,1659.3575413683618
301460,8.08950159647,48.5227175179,-504.39366188866296,241.38693323889404,1622.498241103658
103479,-80.8980291924,38.4565012641,-107.50440768421169,418.1900520718642,1658.0457805796118
103478,-80.9226074544,38.4478323313,-111.84496855495611,413.34650073771144,1656.8307760655873
103023,-80.9230142845,34.0771681507,-491.5943245564576,232.56732257768974,1621.2095639913246
110243,-80.9269129028,43.0186496625,-316.10825401397017,223.93553826892966,1619.9938321320178
100681,-80.9275924228,34.0404384107,-554.8800061826928,282.6954386456069,1629.1561011385672
101559,-80.9437535712,41.7562581701,-486.7572443269854,229.4463572383833,1620.7647953037324
103025,-80.9442271322,34.0894681187,-393.06495326772665,199.06618887350527,1616.7437145072213
103342,-80.9473870865,33.5272830302,-581.5438444811666,307.6901782370077,1633.678712791933
103028,-80.9475124445,34.0397547526,-641.1193119217379,368.7043294052723,1646.2611498083095
103027,-80.9480011245,34.0646116227,-531.9403397503972,262.79124557901474,1625.8204481427078
110487,-80.9511325708,42.6758198672,-324.575432378027,219.20986973730314,1619.3473555220419
110253,-80.9521306569,42.9733456538,-320.07927261363125,221.6667481150856,1619.6817706160373
103026,-80.9525925449,34.0643268656,-485.4343164568944,228.61415234708812,1620.64719217335
110263,-80.9567891602,42.988687281,-322.7024132535266,220.21867361395786,1619.4842250093934
110169,-80.9599220975,44.5731306161,-313.2259001730371,225.63875781355142,1620.2301502791595
100769,-80.9604195055,27.2270883429,-243.7614904401919,278.36001498181116,1628.4094045376485
103031,-80.9604198535,34.0188544059,-695.0718870574817,428.0316966306775,1660.555336074809
103034,-80.9604385316,33.9978046951,-525.9643104743194,257.89507836369387,1625.0362341468576
103030,-80.9644021949,34.0188130279,-468.06738957308096,218.59657741361403,1619.2644486009476
103032,-80.9644655169,34.0058921568,-491.74839246446004,232.6687110944099,1621.2241115799875
100692,-80.9644720679,32.6978086746,-950.5456961114711,731.2465021451239,1763.2227135973108
103333,-80.9647841989,33.3146385166,-587.4272555427816,313.43037703422493,1634.769553207363
103033,-80.9684433602,33.9975548701,-732.1395418826629,470.2511646677232,1671.9357190745507
110416,-80.9688439772,44.1315445456,-405.1925429157696,199.28532855451292,1616.7707113326446
110393,-80.9725207296,43.7271315361,-330.6831375593341,216.0698016734651,1618.9252762376636
110423,-80.9730329976,44.3354241555,-826.4615515804103,581.0832903576826,1706.426289406869
100682,-80.9770864289,33.9854232611,-723.1805985695302,459.9600314666078,1669.070436318596
103029,-80.9820378503,34.0315503819,-466.9168287868654,217.9955952165722,1619.183427033458
110417,-80.9851362676,44.0985342259,-323.9758856465205,219.5304798334874,1619.390787432702
110251,-80.9851975136,43.2562451182,-319.66593624969437,221.898631961789,1619.7135221120118
103403,-80.9891779779,37.610321744,-132.02854826886178,391.0583051320568,1651.4113627012325
110469,-80.9977882506,46.4730349283,-378.89378784904915,200.3180705075456,1616.8983332967634
110242,-80.9984911767,43.0314277866,-322.91569282900207,220.1027360789257,1619.4684638100907
110238,-81.0184614934,43.3647949042,-330.10826979647305,216.355420293919,1618.9634210619286
101149,-81.0184718234,38.2607056819,-90.26301595580695,437.5867790252307,1663.0439200525225
110392,-81.0280747481,43.7303769094,-331.3458710270641,215.74312885996548,1618.881709235197
110486,-81.0347680617,42.6774189073,-319.7558930204704,221.84808047818836,1619.7065973989988
110485,-81.0437696874,42.7771018765,-358.1375322655818,205.0137938991562,1617.4867994932483
100765,-81.0477945808,29.052403157,-701.2474415207448,434.9958305175203,1662.3640586266333
100679,-81.0479197838,33.9895899255,-305.9388396081688,230.1486985866325,1620.8643725824522
110670,-81.0560425395,48.5491220391,-624.8643377118738,351.4899191655817,1642.4914167571812
305016,8.10613048485,52.2644755485,-541.3657217119145,270.76664433259543,1627.1285955723106
110484,-81.0770156812,42.7906627397,-345.5273364640532,209.44363198476194,1618.0542406931093
100675,-81.0770865232,35.2604235336,-582.5235055303685,308.640830064302,1633.8580271335593
101146,-81.0770866772,37.9562574297,-75.53432204160589,454.3379105721242,1667.52985815218
103456,-81.0812164085,38.1228776924,-110.82722910094857,414.4806675592374,1657.114092217653
110250,-81.0849634769,43.2687799882,-321.51708247968475,220.86796564299036,1619.572643969161
100678,-81.0878748271,34.0140482125,-314.1010408287143,225.11668643269525,1620.1575273276428
110394,-81.0893725602,43.6929902743,-326.6288596706404,218.12839118211656,1619.2013111054735
301514,8.11098943925,48.8433027195,-226.98679799891192,293.66246461044346,1631.0948880942105
101144,-81.110419989,37.4354239886,-121.37289045516498,402.7751799846607,1654.225116620365
110268,-81.1144766523,42.9938945075,-310.9658140845549,227.00668468552934,1620.4212186150553
110395,-81.123117404,43.7148680281,-305.4508619532124,230.46084986005982,1620.9087248096996
103395,-81.1312027167,37.5100727377,-121.7338580974027,402.3763873568821,1654.1280627413225
103208,-81.135279731,35.3312345965,-630.0125544298114,356.90245568573056,1643.658192484219
100691,-81.135419757,32.835423,-827.5263195299833,582.3548890355695,1706.8597211339938
110247,-81.1520323244,42.9685378764,-308.60977002324023,228.4624199481768,1620.6257952329904
110411,-81.1561749757,44.1356147839,-288.2756262636809,242.20407576332673,1622.6200125606588
103209,-81.1601471181,35.2976839877,-468.41617708633544,218.78036698741522,1619.2892699654171
110269,-81.1607237711,43.0809850777,-397.4487774127243,199.00770905012766,1616.736515053509
110265,-81.1650966235,43.2814558723,-409.40630916726525,199.6401723646426,1616.814488204435
110246,-81.1685403618,43.0983953411,-294.8266994469784,237.55682946744497,1621.9328401856255
110252,-81.1686894598,43.289880024,-310.55886177264813,227.25597677097727,1620.456161031244
110261,-81.1725092541,43.2849091986,-339.33521396509576,212.0288567514053,1618.3909067160791
110483,-81.1726094631,42.8136827396,-345.0909761249413,209.6171809083844,1618.0767143055868
110396,-81.1728830481,43.798281575,-328.88554643257146,216.96985230225786,1619.0456471804769
110669,-81.1767752875,48.4982482319,-718.7227741311924,454.85877636190327,1667.6718493994654
110264,-81.1846411921,43.3729723538,-330.90929251698947,215.95801227132984,1618.9103600601761
110266,-81.1892276715,43.1687731369,-294.57033322664745,237.73491808222875,1621.9589335496596
110239,-81.1936398388,43.0439220236,-312.4203483969149,226.1230857136073,1620.2976704107887
110471,-81.1974556662,46.5227770875,-714.975851381794,450.5814636856716,1666.5102898761554
110481,-81.1975954622,42.7074873448,-394.07043567233177,199.0389944467714,1616.7403663409802
110244,-81.2055989468,43.4485707921,-326.23435845136316,218.33415801032797,1619.2290435265988
101150,-81.2104200632,38.1395907938,-67.79454268066794,463.20087005289633,1669.9664478257478
110482,-81.2145706786,42.6893676873,-315.18914259145856,224.473564184181,1620.0682923455836
110672,-81.2224548482,48.4808822235,-695.7103616816779,428.7502839460249,1660.7407072838862
110262,-81.2353772503,43.2230350074,-317.1908598768889,223.30798163762213,1619.9072027462112
100674,-81.2356514303,35.3061949194,-362.02107626658267,203.88402753168958,1617.3439917125015
103433,-81.2397660797,37.9061953755,-523.48123614335,255.89943898393233,1624.7207186831456
110424,-81.243264745,44.3187495011,-339.2891359156782,212.04907109353735,1618.3935551643851
103454,-81.243570616,38.1023448977,-107.46786205159823,418.2309034390767,1658.0560845271343
103206,-81.2518883277,35.4396925874,-373.41806802383155,201.23194090326479,1617.0118072808498
110425,-81.2567048711,44.6768792907,-520.9299021629437,253.8734621610518,1624.4028520153565
110467,-81.2572537711,46.5438286862,-827.4801064812009,582.2996914808275,1706.840889346354
100695,-81.2645864487,32.5270895924,-611.87036946237,338.00669148620466,1639.6589323195954
100673,-81.2645865877,35.4229235631,-448.44187199400335,209.5102677807846,1618.0628674904945
110480,-81.2646923437,42.7895454346,-342.6721732759776,210.6030772195742,1618.2047296248827
103205,-81.268471225,35.4767307715,-375.8323798464657,200.79979093828965,1616.9580844557615
101560,-81.2688688361,41.7356450504,-729.2501204898144,466.9265336583958,1671.003674047496
103203,-81.2771727118,35.4896403006,-611.06738047487,337.1823153772709,1639.4891901592896
110399,-81.2808587031,43.8891892536,-325.3305152660315,218.80919309366573,1619.2931648803703
110414,-81.2849819034,44.1521194403,-331.476305358538,215.67916464883922,1618.8731861729032
103201,-81.2852454624,35.5854101705,-366.79226486920027,202.65204108488484,1617.1891480596375
110470,-81.2854804194,46.4355127852,-450.42585602094846,210.31228231397907,1618.166909480632
103202,-81.2978485975,35.5229383653,-459.4187561554766,214.28228955315333,1618.687675390817
103196,-81.3021265788,35.6435102923,-373.40473766485854,201.2344542752384,1617.012120063866
103204,-81.3057715031,35.4934887569,-454.8986713536012,212.21920494482077,1618.415855641991
103200,-81.3102891395,35.639365792,-362.78366360399696,203.67549609915403,1617.3177172581836
100767,-81.3150053759,26.9322272945,-250.77185303856137,272.2048757976687,1627.3685462285455
301320,8.13165263396,47.5902757378,-537.3963473841129,267.3714929630579,1626.5670616655434
110400,-81.3186743972,43.8395467224,-307.68666879968566,229.0409300678986,1620.7074500021133
110412,-81.3270458249,44.4565087615,-554.1716419264891,282.0567339916018,1629.0453928715415
110413,-81.3270748249,44.4565157615,-546.9609587997757,275.6382532471787,1627.946355841967
110391,-81.352645797,43.8973878762,-305.59825295157884,230.3664348557806,1620.8953035758195
301503,8.13544326228,47.5858457854,-248.69761501836658,274.01029375321275,1627.6715061488012
110668,-81.3565374653,48.4939667636,-594.7408763666081,320.66582114350757,1636.1721974461082
103472,-81.364532366,38.3644674434,-111.20611902866804,414.0583242385404,1657.0085053243429
103427,-81.3726264907,37.7811521092,-461.34136264419783,215.2003125085845,1618.8094592476837
110671,-81.376969104,48.4691772035,-472.77667956681717,221.14019691965643,1619.609791752214
110466,-81.3811290704,46.602405245,-475.61926176457445,222.73934308765888,1619.828912510549
100760,-81.3812355884,29.0064257271,-372.77953036983797,201.35389999955888,1617.0269892277672
103480,-81.388920802,38.4603833164,-122.72729772690275,401.27950918600254,1653.8615828836898
101139,-81.3897698681,39.060324263,-162.828032755978,357.9166422291276,1643.8787101336152
100758,-81.3933288994,28.7036975531,-279.16460298555734,248.9861856982299,1623.6462088504807
100757,-81.3939901064,28.6852258186,-485.6213421571209,228.7312369311947,1620.6637126788703
100671,-81.401061228,35.6858358268,-700.3357306786986,433.9658001734887,1662.0948247817275
110387,-81.4059403174,43.5392491476,-324.57788892407865,219.20856057310368,1619.3471783019593
110260,-81.4065216735,42.9648630111,-413.2344919398881,200.08630468406176,1616.8696361080285
103207,-81.4102039688,35.506320868,-329.7224730740698,216.54827144903186,1618.9892046315656
103430,-81.4142759811,37.82694907,-129.87034119380806,393.4219854794519,1651.972684248919
103444,-81.4148000051,38.0185920918,-146.23590191586203,375.6270429301269,1647.825405261861
100696,-81.4148026351,32.1906142226,-942.16706353694,721.0055675690179,1759.0002613164977
110245,-81.4227138058,42.9361045047,-292.93518297325136,238.87813267478384,1622.1268918047617
103463,-81.4271123422,38.2190156954,-105.3067211435876,420.64873058134316,1658.6676114838926
103199,-81.4434450555,35.639315468,-311.7883046950195,226.50560884412744,1620.351098275875
110390,-81.4437843905,43.7484420249,-403.3530018177516,199.17537908024067,1616.757162494647
103350,-81.4475824859,33.7895293299,-970.3933295551822,755.5506139193188,1773.440052846401
110382,-81.4476639569,43.180914418,-325.2496859556702,218.85191824001586,1619.2989387272876
100768,-81.4562185046,28.3057446812,-261.6186364469049,262.99246087557583,1625.8529839205562
103198,-81.4643876762,35.6189545923,-615.357554453901,341.5990469260118,1640.4032430188454
103460,-81.4648453783,38.1815703993,-108.15983680127451,417.45760026912325,1657.8611940896744
100759,-81.4897252653,28.8744498442,-984.1580887193312,772.4407135505204,1780.7014198894833
110479,-81.4935319237,42.6321725665,-401.5531030713945,199.09431496004134,1616.7471778529239
103481,-81.497684454,38.4641215337,-319.76598721040233,221.84241097508763,1619.705820867859
110384,-81.510242127,43.3651311592,-328.49279292801765,217.16920601023133,1619.0723748137696
103195,-81.5180423067,35.6724690527,-473.3896923437258,221.4810510112435,1619.6563668886774
110406,-81.5182963277,43.9565439781,-391.6362801247923,199.1189284586861,1616.750209066484
110381,-81.5228338771,43.4277473324,-332.385358298646,215.23638843015272,1618.8142554815984
101153,-81.5233798991,37.9650505004,-75.38502205995562,454.50849768164716,1667.5763446723552
110398,-81.5434780948,43.6854018837,-326.69966971888886,218.0915590248666,1619.1963497253453
100672,-81.5645866855,35.5895902538,-178.73786848104294,341.2952597515266,1640.3400090148527
110259,-81.5777245836,42.7315454558,-306.492350669124,229.79613948319587,1620.8143498153534
103242,-81.5858365993,33.7527843009,-546.8820140582742,275.5688410540736,1627.9346046465964
103238,-81.5898668906,33.7440245891,-475.957775311363,222.93291684825303,1619.8555417877408
110388,-81.5913020877,43.5523315827,-298.9652177517177,234.72583569417375,1621.5206162082288
110275,-81.5937235199,42.9726159677,-337.45996733849535,212.86298762028935,1618.5003992414152
103241,-81.5977457863,33.7439673771,-372.1319799379256,201.48084345362943,1617.0428012655607
100687,-81.6020866036,33.7520898558,-351.87373622141484,207.07105253962717,1617.7488407184394
103021,-81.6020866366,34.4270900027,-477.7479059613262,223.96753505398638,1619.9982554324386
103237,-81.6022366777,33.7270320067,-225.30698769458962,295.2359612090157,1631.3789147947807
100749,-81.606188824,31.4268150364,-701.0371413179016,434.7581806044749,1662.3018878797252
100762,-81.606253102,29.6020889044,-366.60766013097947,202.6964741833282,1617.1947166288721
100688,-81.606271276,33.7230934654,-367.7529236078623,202.42504931188432,1617.1607191107828
100785,-81.6103605093,26.7145882015,-237.1096666544998,284.33532590072934,1629.4414590285407
103448,-81.618665147,38.0648419216,-109.56599636178312,415.8874731139652,1657.466524892465
110397,-81.6263474366,43.7182788784,-283.8975170584529,245.41828090372036,1623.1028998334402
100694,-81.6270865927,33.3729231034,-592.5504720941223,318.4876165413126,1635.7466957741813
101232,-81.6270867727,36.8062571725,-520.5596431412898,253.5815452247679,1624.3572547086328
101557,-81.6271297267,41.3984182675,-583.2490679124558,309.34625455259,1633.991430837904
103197,-81.630491639,35.6021204149,-117.27548455519475,407.31079536210746,1655.3353058714413
110478,-81.6354214764,42.5189596752,-341.8935473925841,210.92899491740008,1618.2471788150442
110410,-81.6355338404,44.173107425,-327.20795498863447,217.82808075135907,1619.160882559175
103449,-81.6395267297,38.0769260886,-114.75652349822917,410.1070777768775,1656.025575312373
103452,-81.6396224807,38.0856919194,-130.13568180191731,393.1311173693643,1651.9034373382938
103453,-81.6433884821,38.0893465097,-459.07834383352974,214.12224205736248,1618.6664960360604
110386,-81.6602618895,43.072376013,-329.26801192405907,216.77664903014605,1619.0197671463818
110255,-81.6684303521,42.7182119057,-344.91476407062834,209.6876388811488,1618.0858434414215
110271,-81.6686287171,42.9358460527,-408.78853266024,199.57919889303176,1616.8069604862446
101558,-81.6812537772,41.4604247486,-438.54356661559365,205.92396927030714,1617.602414676123
301207,8.16900000005,48.9230000001,-227.77330668633465,292.9281763896318,1630.962846716301
103457,-81.6935132572,38.1242297426,-326.02150801681444,218.4455755507703,1619.2440706464524
110389,-81.6974146875,43.7522512562,-295.11967702414034,237.35369226492585,1621.9031000888365
103434,-81.7024778059,37.9354881019,-434.8080177187527,204.75517137978017,1617.4540398579334
110405,-81.7056439762,43.8764996515,-332.3009731088472,215.27726754906138,1618.8196912471062
103471,-81.7063310203,38.3394743874,-144.63735480475611,377.35166645236023,1648.219394079671
103440,-81.7103984426,37.972334326,-107.39462536127786,418.31277224725363,1658.076737147943
103437,-81.7145318439,37.9519553053,-102.97539403109211,423.2614563434272,1659.3321401310661
100677,-81.7263115109,34.1817851194,-897.7565097127218,666.937255646668,1737.537969028445
110383,-81.7263187859,43.1854716983,-334.53176999065727,214.21202254750685,1618.6783749250123
101152,-81.726951197,38.3062919776,-486.8208619031062,229.48661107976426,1620.7704943979145
110407,-81.727078878,44.0937099395,-336.4687965876283,213.31331100840146,1618.5596867274783
101239,-81.7432207683,36.8979468151,-124.78844972933223,399.0068724617808,1653.3116388381582
305001,8.17617383265,52.0724372756,-404.0410762382046,199.21330039259615,1616.7618346247834
103351,-81.7687671724,33.8064165663,-438.75777436268845,205.9941078399205,1617.611344949939
103466,-81.7726849438,38.2441643055,-134.74895636900632,388.08600891783476,1650.7100415166074
110468,-81.7781912842,46.2690792815,-856.8003742618764,617.4513890604167,1719.1506940052184
101250,-81.7936862325,37.0314146111,-614.1716907940918,340.375197559904,1640.1488243326971
101230,-81.7980622299,36.6645198618,-460.2235266536817,214.6636515621894,1618.7382043270613
103435,-81.8062936955,37.9476601169,-103.58211663772653,422.5810555464335,1659.1587143346844
110380,-81.8138608232,43.193320902,-318.116295857925,222.77686759881632,1619.8340728553421
101231,-81.8138900932,36.6397460337,-136.0122244906208,386.70851494653044,1650.3867323685488
103439,-81.8266265572,37.972854815,-101.30029302598057,425.14158329472224,1659.8127173546807
100747,-81.8273443173,31.6555860233,-319.39913000135647,222.04884307956527,1619.73410767291
100748,-81.8436141146,31.5641309978,-967.9386629656115,752.5415055295762,1772.1601531438141
110274,-81.8474780459,42.8350403713,-328.0098140946127,217.41567683882573,1619.1054528292066
101138,-81.8491882771,39.6439070653,-140.04912541712469,382.31852151772335,1649.3636175026668
100763,-81.8520457423,29.9794131697,-977.6675624479667,764.4731040461758,1777.2596933639104
110385,-81.8566879607,43.1853370243,-385.2966614515839,199.55220593751682,1616.803628688566
203007,-81.8646316804,8.27319127767,-192.04622331422422,327.70263397868393,1637.5658481913188
103459,-81.8687410257,38.1645497489,-147.51899897608388,374.2449782335159,1647.5109087890708
100751,-81.8732025581,31.2214670734,-948.2375329637435,728.42414121052,1762.0540912084025
100786,-81.8812531067,27.2187549872,-271.04681874786695,255.3197523000126,1624.6295167700619
100697,-81.8895576454,32.1857480412,-259.5686746987316,264.70309112778796,1626.1305658828849
101154,-81.9104203002,38.5270908439,-132.6120999595545,390.4200480649052,1651.2603382801235
101240,-81.9182886688,36.8227224839,-121.62769161734778,402.49366551874755,1654.1565952559336
301430,8.19368401409,48.8895958133,-747.1183560632109,487.5660848972243,1676.8880636428876
100754,-81.9766821016,30.7772579427,-992.5369432015677,782.7350096773255,1785.191022333618
100761,-81.9897097497,29.2146761484,-1103.0993927229706,919.3295451060401,1849.1618921421843
101140,-82.0020740407,39.3269387471,-283.0507584297003,246.04960844284597,1623.1984785172956
110276,-82.0101652544,42.6560978515,-333.02440202099325,214.92829824924578,1618.7733208310244
100750,-82.0516344828,31.4525443575,-976.3113863442821,762.8090514407102,1776.5445504703398
101251,-82.0558614772,36.9519254036,-415.87087083248184,200.46164404562455,1616.916126946435
110248,-82.0726807076,42.5145527138,-304.29028240620283,231.20824377826082,1621.015158114511
100753,-82.0815618073,30.3605347772,-971.2430006771219,756.592411175146,1773.8841471454123
110257,-82.0956325445,42.3856426061,-341.0286429601245,211.29587122141444,1618.2950398617681
101156,-82.114587019,38.3895908085,-132.12721219978934,390.95036626001536,1651.3858058384858
101233,-82.1337460376,36.6317815051,-593.2428751436769,319.1751454147022,1635.8806998973007
110270,-82.1692380306,42.8642059517,-324.5415119202306,219.22795067349702,1619.3498032242715
110273,-82.1721740138,42.7899357956,-336.575824247867,213.2643720538556,1618.5532376889896
110673,-82.1729552169,48.2020176524,-600.4508271937265,326.38725936287,1637.3031282937166
301272,8.21880645917,50.0395581314,-189.6280638448027,330.14963048037384,1638.0572851253746
101155,-82.2022972853,38.2228617717,-200.0973148814588,319.6335027052104,1635.970191323053
100789,-82.2140914423,27.8731031494,-393.73076863476876,199.0472639214968,1616.7413844275216
301598,8.22247491848,51.9606522394,-337.30798672748836,212.9316157714547,1618.509426553033
100790,-82.2322187988,28.1519806945,-1092.5925808440961,906.2973122336923,1842.717479433025
101234,-82.2389713643,36.5354166411,-537.1874040920816,267.1942197657655,1626.537931289099
100746,-82.2433916937,32.0395430821,-260.1362812473468,264.2279777601786,1626.0532940458068
103020,-82.2520868524,34.8645900749,-534.3434882852212,264.79604410573336,1626.145699443943
100743,-82.2522727074,32.4024346261,-958.5485365004917,741.038850649809,1767.306274820065
101235,-82.2687699978,36.3354224816,-566.6807435768856,293.5375049828166,1631.0723949835956
100752,-82.2855589792,30.4358717074,-949.0190811011475,729.3796994032932,1762.4493288454064
100787,-82.3107212383,27.239692822,-251.1737708851582,271.8566161655516,1627.3103301457193
101241,-82.3223526892,36.7356336727,-401.6095779605815,199.0964595845516,1616.7474419540883
110272,-82.3397993357,42.7647353085,-332.6012538925615,215.1320091195273,1618.800380588598
100741,-82.343411158,32.0192469704,-261.4272230922895,263.1515683078072,1625.8787281801935
100797,-82.3491635295,28.9896076578,-1092.8072187559935,906.5634470435837,1842.8483861570194
101236,-82.3602722644,36.377090502,-601.2010963659479,327.14356602110405,1637.4540615342435
103264,-82.3640636297,28.0481631679,-387.70989898682,199.34900144484413,1616.7785609733455
110277,-82.3898646218,42.589772339,-331.0445091661979,215.8913292242188,1618.9014660813007
101254,-82.4062881752,36.8854583231,-373.84492210454516,201.15219752267876,1617.0018854083592
100744,-82.4063327932,32.352359349,-958.7617367632332,741.2998639134405,1767.4157346487755
100745,-82.4063923302,32.3191728432,-966.9917730874502,751.3809803630426,1771.6676518177196
101529,-82.4229208046,42.9979249918,-236.94196261325465,284.4875986669597,1629.4680373180931
100820,-82.4261618948,29.922849034,-1001.001943280805,793.1446548636571,1789.7796887842856
301491,8.24390464525,47.8938862279,-92.55074540759828,434.99931427115405,1662.3649702343823
101253,-82.4560157643,36.9315254659,-404.4712954054709,199.23895730603198,1616.7649962051937
110472,-82.4603996337,42.9148638959,-229.94604173778316,290.90791894534,1630.6012106432074
101218,-82.4606628217,36.1770374174,-102.59174526756749,423.6918543861853,1659.4419779911527
103218,-82.5025175491,35.385840966,-589.3881080976544,315.35967704048556,1635.1405495397225
103219,-82.5050071413,35.4227832,-595.8803223644236,321.802613547765,1636.3953718255736
305015,8.25134331386,52.2933196619,-382.12281596508194,199.89080128531293,1616.8454543599612
110464,-82.5148084222,46.2102767216,-516.6813024681046,250.5564880384758,1623.8877561408488
110241,-82.5187478855,42.1933740852,-259.4873113637746,264.7712872646051,1626.1416683074515
103217,-82.5437382506,35.3938711526,-357.0670592047914,205.34497226080825,1617.5288091650107
101210,-82.5440657876,35.5682285611,-680.7891418187615,412.04697633541315,1656.5070484465623
101238,-82.5516260762,36.5557455028,-513.8843607446865,248.41274971294206,1623.5583713146657
103220,-82.5516940512,35.4520688825,-345.85526518027905,209.31408077040328,1618.0374764679416
101237,-82.5640395192,36.5148576934,-688.7295740819086,420.9119143482641,1658.7343761091784
101255,-82.5645870453,36.6729237765,-121.47000905269302,402.6678719889048,1654.1989922551816
100798,-82.5646544073,30.6813850277,-969.910181729259,754.9582652858292,1773.187771548567
301495,8.2565916043,47.6193987312,-484.8720004865173,228.26325215748926,1620.59773020065
101211,-82.5771190173,35.6090604575,-384.87383386059025,199.59264084730006,1616.8086198206593
103224,-82.5937451397,35.6901164842,-173.32297182546537,346.90942808506117,1641.5172987636436
103222,-82.597634931,35.5605418694,-522.7076062152801,255.28245839716092,1624.6236562389713
101219,-82.6017058093,36.2106629262,-622.2445390827401,348.75049374264944,1641.907365758412
101242,-82.6061282967,36.5893690296,-313.77743114503403,225.30923927171696,1620.1842932664129
103227,-82.6109138211,35.7940163028,-188.43138056992274,331.36444391580113,1638.3025622691353
110235,-82.6143869904,42.2435643194,-344.0931778303433,210.01898866897724,1618.1288163948896
101252,-82.6147709494,36.9559696269,-198.44458778984827,321.27988130144695,1636.2926550513685
103225,-82.6226962101,35.7229132619,-293.08073128965736,238.7758612176941,1622.1118342291438
101530,-82.6229208811,43.1562583429,-306.0180052101785,230.09817532295455,1620.8571994882643
103223,-82.6344260631,35.664294506,-570.1681723786169,296.81089039348274,1631.6646700539168
101157,-82.6354204951,38.1729240766,-139.4968460178197,382.9180194011802,1649.5026827586876
101259,-82.6396484995,36.9437213159,-107.94667245525359,417.69577324904003,1657.9211832400536
103216,-82.6397504245,35.2273165429,-151.99348214092058,369.44123658554986,1646.4263476195483
101258,-82.6436241298,36.9728451113,-114.79427183683856,410.06512985392106,1656.0151876018826
101220,-82.6480879162,36.2102561382,-325.1356030177253,218.91228859504022,1619.307099022265
100795,-82.6517388875,28.2146589386,-255.44847561467043,268.1848291640632,1626.7009539063235
101212,-82.6608389562,35.785307621,-142.87225448759736,379.25951171904063,1648.6572318330304
103221,-82.6929145609,35.53147479,-201.9917608246198,317.75292087615173,1635.6038058072959
103215,-82.693613485,35.2561536763,-464.65999785153275,216.8405704942525,1619.0283270709808
103226,-82.694338476,35.7359200099,-142.13166348300985,380.0610861017866,1648.8418117014305
101260,-82.6976979933,36.9231257082,-91.69819207934631,435.96309641299763,1662.617428117483
100727,-82.7022417737,32.0313101444,-981.4492919635755,769.114740218216,1779.2611878155828
103286,-82.7108088764,29.8441068675,-965.4684602027105,749.5142648412844,1770.8767670412744
101221,-82.7267602467,36.1814192688,-610.99254604662,337.10554246912136,1639.4734025318573
101256,-82.7518582958,36.6479242284,-341.54469931779215,211.07635765938753,1618.2663932766877
101213,-82.7604642765,35.9191839771,-157.86978866711632,363.17126494876885,1645.03077738092
100742,-82.7686924622,32.7318095714,-654.9458498824547,383.6147221756579,1649.6645555736152
100822,-82.7725548515,29.9434802977,-945.6232882773704,725.2285773496761,1760.7354657218161
100728,-82.7807009512,31.9815726613,-944.0556377753821,723.3128834182394,1759.9472770980367
101223,-82.7849879435,36.3278423009,-486.67996141412084,229.39748552876395,1620.7578774181247
101224,-82.8059758983,36.3144463548,-595.2239010013591,321.14741486408,1636.2666509221124
101209,-82.8229423497,35.1397936326,-164.68422044530163,355.95824536833425,1643.4534259575744
110473,-82.8315180394,42.0320502709,-348.5390573761878,208.28213993745996,1617.9043051623642
103228,-82.8351428327,35.881392864,-77.76918761948365,451.78622558537273,1666.8364300298522
101243,-82.8438898764,36.4727193659,-313.43346618124366,225.5145459236044,1620.2128567781194
100730,-82.851883194,31.9563859092,-941.6669704439884,720.3946937004087,1758.7499553824277
101158,-82.8562539274,38.6476346469,-145.29594560723356,376.64076211624337,1648.056781343862
101159,-82.8646586671,39.2142292347,-395.63218220239924,199.01301933236033,1616.7371687165999
100725,-82.8647416021,31.9020756407,-990.9708448655251,780.8101717417508,1784.3478963311409
101543,-82.8853545828,42.8480541554,-369.71217701051023,201.98418739078912,1617.1055942027729
101545,-82.8888146191,42.6292083193,-477.1271090079921,223.60666152291537,1619.9484034756813
101261,-82.8898886922,36.848711338,-188.45211576003152,331.34337306493927,1638.298300591207
101547,-82.9021628022,42.5938334484,-592.5747457262863,318.5117032777298,1635.751385746277
100729,-82.9187535776,31.9937560873,-772.9443292714816,517.7039622434337,1685.8974711910969
103280,-82.9223812619,29.7938025063,-359.7690513672085,204.52541850410373,1617.4249712615003
100819,-82.9312534996,29.9562556187,-223.77997569938506,296.6724194417481,1631.6394869282262
101540,-82.9515932373,42.5778204771,-517.7611799936362,251.3927271321176,1624.0169931687626
101244,-82.9518341753,36.4278894362,-553.020683262492,281.0220138019082,1628.8665577901909
101262,-82.9560663807,36.8195145336,-100.42841699127953,426.12109992479964,1660.0638790863156
101548,-82.9562542447,42.3395915163,-227.16187656394476,293.4988748191144,1631.0654433118468
301271,8.29789999972,49.9893000003,-212.4552431645665,307.4984729407166,1633.6426174983494
301515,8.29795426272,49.0104851963,-226.9865966356134,293.66265280474886,1631.0949219767401
103299,-82.9809176547,30.0065904389,-373.6606785679729,201.1864416905333,1617.006145679751
101542,-82.9851784681,42.818631781,-409.84958315366305,199.68581356670433,1616.8201244992536
101538,-83.0060212948,42.5359981136,-463.740683435976,216.37920544196328,1618.9665998388232
101263,-83.0101701281,36.7570402084,-414.81821435068184,200.30514070108708,1616.8967314696595
101541,-83.020214485,42.8225382263,-405.7281591503226,199.32248575827577,1616.7752917999592
110435,-83.0224975092,42.1559388971,-418.1938740842321,200.83812057571737,1616.96284481814
301269,8.30245424509,49.0355692014,-225.846996134309,294.72935898097313,1631.287309425081
101537,-83.0312542929,42.6145915611,-700.3500881658283,433.98201590844945,1662.0990587139945
101222,-83.0521932136,36.1264808703,-795.0347570835363,543.7293887697178,1694.0704055787871
103229,-83.0523645246,36.606516646,-142.99183130016058,379.13014864962236,1648.6274777708486
101215,-83.0732353284,35.6648992711,-78.91657307234321,450.47752667271766,1666.482190988897
100739,-83.0850663213,32.5771171456,-547.7213163753065,276.30777050446324,1628.0598499094351
101535,-83.0896113907,42.8021223636,-404.0100769893029,199.21150953170516,1616.7616139604152
101536,-83.1019759357,42.7184998107,-804.3302754831432,554.7404991482266,1697.6365665952208
101225,-83.1355016805,36.1520186934,-230.67236122659975,290.2352940721721,1630.4813451159587
410209,-8.31427186378,12.0997182583,-197.65461171932665,322.06868907692785,1636.447717261299
101534,-83.1433221472,42.6894710753,-388.0956871734014,199.32087274981367,1616.7750929426556
100740,-83.1434648412,32.4938112937,-392.317790371558,199.09170658671582,1616.746856646889
301326,8.31497044013,49.0364413354,-513.9612255486874,248.47123092484625,1623.5673202683324
110463,-83.1522119049,46.2435785784,-466.2639660365074,217.65821074152285,1619.1380384479842
101226,-83.1551679871,36.1984358752,-532.6183162322799,263.3547980635819,1625.9116336717364
101556,-83.1563646782,41.3070518559,-312.799506966661,225.89467271919543,1620.2658096771952
101214,-83.1604205156,35.9812569432,-301.50634668367167,233.0293413269835,1621.2759064284132
100818,-83.1717400285,30.0981510075,-374.01985785876184,201.11993025600583,1616.9978717339632
103314,-83.1729436266,30.3896594036,-624.081249272397,350.67000264702074,1642.3161515379572
101217,-83.1733026736,35.9604608035,-339.4794796607508,211.96565986070294,1618.3826283688813
101264,-83.1767086079,36.618893891,-562.4303764370063,289.5897045877595,1630.3665501503674
101216,-83.1809119333,35.8436384149,-100.1855238558627,426.3940924242255,1660.1339743828703
101227,-83.1812538633,36.1270903063,-205.4057527865494,314.38206845338914,1634.9522854845084
101160,-83.2145873681,38.6437574785,-174.8966282613037,345.27313037610895,1641.17227170267
101533,-83.2223958787,42.6355269568,-408.4623717592007,199.54824593726505,1616.803139934675
103302,-83.2230240778,30.1267221138,-367.84985933270144,202.40253953516728,1617.1579016460544
103319,-83.2395268211,30.4815893322,-618.3140532075347,344.6600235655159,1641.0433945176974
101528,-83.2395878151,43.9395917807,-719.7377574049084,456.01908813638283,1667.9886988797987
101228,-83.2430480424,36.1401461444,-331.72938189818944,215.55536694799417,1618.8566975078645
100726,-83.2603992178,32.4023274841,-350.7056196961712,207.48624219114652,1617.8020371926189
103035,-83.2684901395,30.9527056632,-404.8587193168834,199.26334314423076,1616.7680015286671
301493,8.33140039549,47.6272072798,-551.7523280993024,279.8861774586445,1628.6709806398583
100817,-83.3143619803,30.6354905819,-774.6076333099072,519.6561229568067,1686.4979623386696
100823,-83.3150474404,29.7872822298,-985.016259457795,773.4946243436358,1781.158843206997
101257,-83.3979206122,36.4270903601,-127.8713419922908,395.6156675958263,1652.496489343707
301502,8.33987458519,47.5724263723,-227.3558500032958,293.31772061842554,1631.0328556086092
301429,8.3399480932,48.7858900137,-397.9133244575012,199.0106516322034,1616.7368772651475
100736,-83.4349909603,33.3132561725,-619.2322947097612,345.6135110132214,1641.2439154010203
101523,-83.4376940895,45.0727013405,-612.7342076872008,338.8947299077745,1639.8422268027032
301325,8.34377467851,48.898167923,-719.3713678215789,455.6001573080888,1667.8742141376072
101524,-83.4395879267,44.4354251877,-474.7785036459296,222.2614419461671,1619.7632664750658
100815,-83.4520870157,30.7895891297,-994.2378612663811,784.8259204874008,1786.1087918474846
100724,-83.4645068797,32.1478168211,-371.7639480076113,201.55445317699528,1617.0519745640408
100734,-83.4767572658,34.1188097591,-748.0493825802747,488.64654407702795,1677.2025327563779
100840,-83.4768313698,34.6524409723,-488.26975398525406,230.40917110206843,1620.9013779295542
100738,-83.4812800371,33.2523614095,-1028.7826961337187,827.3701215204015,1805.2075251423778
100706,-83.4975553005,32.5563707959,-550.2547692248622,278.55113197759374,1628.4420849302514
100722,-83.4979204235,32.2395894577,-394.0735506439157,199.0389229412366,1616.7403575378432
101522,-83.4979213465,45.0937586282,-503.9511382981457,241.0690703169077,1622.4509815428767
100816,-83.5257172958,30.7900107617,-990.8429543439613,780.653000396818,1784.279125550299
101550,-83.5312543893,41.960424753,-317.2991332631383,223.24558798553437,1619.8986028146924
100693,-83.539674299,34.8940748253,-119.0709881493246,405.3212780989833,1654.8468899948957
100733,-83.564321764,34.0314415189,-653.9714534853179,382.55653957765054,1649.418805767538
100839,-83.5732315887,34.7112126342,-145.3398255650643,376.59341508272536,1648.0459614736644
100723,-83.5853693457,32.2059083129,-274.28549324869834,252.76144889477254,1624.2294298815575
100809,-83.5892393561,31.518534313,-454.4792192877208,212.03463019431422,1618.3916631173138
100841,-83.5894388311,34.5730915477,-475.45902760470585,222.6479468548705,1619.8163473322138
100813,-83.5896572521,31.4853004003,-253.0223852620603,270.2614556081509,1627.0446045617257
100810,-83.5898582491,31.506820079,-361.1294899816466,204.13339907422082,1617.3754466615292
100732,-83.6020490731,34.0189522249,-485.8130950976372,228.85147506326956,1620.6806867747327
101265,-83.6054716224,36.5884236625,-441.69255629358696,206.98871925768378,1617.7383041598296
100808,-83.6099427208,31.5402083228,-273.743053010317,253.18707179327365,1624.295719433268
103037,-83.6100109588,31.5599597134,-364.7757517808555,203.15156166312576,1617.2518195544417
100719,-83.6148180702,32.2479533274,-270.1426185585258,256.0412524262954,1624.7430608530108
100842,-83.6229860149,34.539486186,-455.8215568410435,212.62945083820824,1618.4697013567302
100807,-83.6272605412,31.5319238361,-267.513465513497,258.1567736908622,1625.0777860300905
101266,-83.6317190716,36.5437370908,-407.14395514333887,199.43185895792982,1616.7887794060798
100806,-83.6353802619,31.5649544848,-271.58831608276483,254.8891710728724,1624.561904137913
103036,-83.6439910006,31.6061137022,-270.5249463037367,255.73579497629177,1624.6949521919926
301428,8.36489704226,48.6650652687,-78.02850567797557,451.49036926411287,1666.756264240285
100737,-83.6603119259,33.4149833459,-493.16433697313744,233.6061364806796,1621.3589108668737
100843,-83.6603515789,34.5434142643,-472.54110175941537,221.00979906420486,1619.5919924871157
100805,-83.6685269826,31.5855844335,-271.7466479700014,254.76348442537184,1624.5421890005018
100802,-83.6685964056,31.6524696471,-396.2557698528393,199.0081773402374,1616.7365726964517
100838,-83.67280694,34.6861365691,-175.9193299771794,344.21177877125876,1640.949310457474
301389,8.36844201055,48.3973968416,-159.3337928525658,361.6162689706357,1644.6881822492153
100844,-83.685117009,34.5106415596,-449.3121428892728,209.85871728417246,1618.1080223724693
100836,-83.7100625061,34.685495183,-159.2496565456134,361.7055564019638,1644.7078161114332
101246,-83.7108026001,35.664134186,-93.56854955302254,433.8494618302259,1662.064453135426
101555,-83.7145877394,41.502091329,-307.00436870962267,229.47144725783897,1620.7683474058197
100837,-83.7146676054,34.672642996,-155.13625433054676,366.0823295141336,1645.6758984771213
103574,-83.7184082597,39.3394760001,-346.87696065842306,208.91526634439325,1617.985932991302
100735,-83.7222144511,33.8980832429,-747.0295852967173,487.4630910779587,1676.8581204172476
100704,-83.7229205281,33.0979229737,-479.81277722237377,225.1835880443083,1620.1668244876803
100845,-83.7357779132,34.4234063194,-506.6003271439419,242.98519647365546,1622.736792135843
100814,-83.7687067729,31.3604330029,-979.1830046155009,766.3328904656465,1778.0604573116793
101229,-83.7687540269,35.9604235825,-297.3689909263612,235.80787803840676,1621.6776024200867
100731,-83.7853209913,34.0643465946,-606.3910531639904,332.4030711441941,1638.5129515972947
101161,-83.7902075947,39.7570121917,-359.3955464390018,204.63547108263663,1617.4388912324318
103612,-83.794266744,39.5521836357,-269.99630054089374,256.1582994465983,1624.761510259693
100846,-83.8019186647,34.4142350226,-489.0852544910988,230.93326584130352,1620.9759603763764
100830,-83.8020912577,31.14355581,-380.87866255509226,200.04556763524607,1616.864595436641
103918,-83.806675823,40.4856433859,-340.7128999566936,211.43106885932733,1618.312697758064
100850,-83.818385926,34.4060003949,-591.2382590315568,317.187250271394,1635.4940056694531
100849,-83.8229206244,34.4145899216,-195.22011522047472,324.5070628875857,1636.9293584971567
100847,-83.8268535087,34.4773256008,-206.77013358313147,313.0415966233485,1634.6950578204123
103584,-83.8269729777,39.4021285273,-351.13638851648807,207.33199131739667,1617.7822614522706
101166,-83.8270876487,39.9645910388,-397.103144708159,199.00665611696192,1616.7363854459516
100848,-83.8313708351,34.431125008,-195.55405341902676,324.1719306147238,1636.862954386977
101245,-83.8314526131,36.0155632601,-322.65459502884164,220.24470473017547,1619.4877649453447
103736,-83.8430359111,39.9476771524,-328.9849308507953,216.91955984784437,1619.0389082077577
101247,-83.8433488741,35.760304816,-459.3511885436903,214.25046213202668,1618.683462376067
103631,-83.8522596878,39.6437141333,-350.57158529740394,207.53450881223756,1617.808228188348
100952,-83.8562043761,31.8313950909,-375.3373368629917,200.88465714271655,1616.9686256453253
103633,-83.8686879672,39.6354319166,-339.0652116863264,212.14750892076336,1618.406455865544
103691,-83.8763823338,39.7903561094,-413.968369208848,200.1852241205244,1616.8818802875396
100851,-83.8768747879,34.4231766993,-505.43095626758065,242.13550221432925,1622.6097781902372
101248,-83.8819287853,35.7856275091,-259.21631315002236,264.99859372161586,1626.1786942154972
100702,-83.8895613589,33.9188439316,-478.85077525807094,224.61404593775285,1620.08776320251
100945,-83.8931803242,32.2983682495,-348.9998265433132,208.11007865284847,1617.8821637198675
100705,-83.8971200345,32.9023364225,-512.9047066007264,247.66956297876007,1623.4448260634163
100946,-83.902226094,32.1980705662,-256.2884387434548,267.47038411770995,1626.5833200995455
103591,-83.9104484866,39.4604366501,-336.07514582332294,213.49395894989007,1618.583504597178
100825,-83.9188880733,30.2311171815,-952.2144207272233,733.2875179770848,1764.0701445427217
101249,-83.9286978361,35.8188715128,-357.83721878352287,205.10584682564001,1617.49846962773
103712,-83.9347807246,39.8561076799,-349.51225382452526,207.92049697591597,1617.8577885304683
100951,-83.9352622067,31.8607688553,-621.9822007722385,348.4767425312863,1641.849241231119
103589,-83.9443705344,39.4359355461,-428.3504214017122,202.98086385609457,1617.2303861657288
100853,-83.9518999811,34.2609655589,-344.74585386403305,209.75537946717284,1618.0946233336922
103654,-83.9599547457,39.7026098672,-441.9714817713741,207.08649575596385,1617.750817515006
101527,-83.9645879891,43.4104249869,-365.49049030771994,202.97094862911257,1617.2291417215397
100852,-83.9685237304,34.4686933501,-170.27849211677278,350.0858216264926,1642.1915154298786
103661,-83.9686384064,39.7145367131,-394.4882082997243,199.0301070189027,1616.7392722223153
103634,-83.9767464951,39.6480627906,-426.1907935196076,202.45825904342308,1617.1648764120741
100954,-83.9771641622,31.7644677023,-555.2061282357938,282.98996851039846,1629.2072345541258
100953,-83.9939106935,31.8771870317,-556.0002181760559,283.708386744644,1629.3321759405706
100950,-83.9979205589,32.0312560624,-265.31893372947053,259.9422887194413,1625.3623855345882
100949,-83.9983580149,32.0311467224,-266.498817715803,258.98010811798474,1625.2087826635654
101525,-84.0183697796,44.0725401387,-815.3118899751764,567.7904831211627,1701.9456288521526
103730,-84.0187592976,39.9393650297,-349.99319873596505,207.74426273555636,1617.8351490635644
100831,-84.0191095036,30.9770714972,-386.64848083260915,199.43259214350113,1616.7888698451204
103659,-84.0226808779,39.7144997011,-431.9040849561755,203.91832087206922,1617.3483151236378
103616,-84.0314354186,39.5815416851,-414.22172142128295,200.22037106594235,1616.8862321869676
100944,-84.0394798563,32.2991057496,-248.32008576213272,274.3403423185218,1627.727100674259
100703,-84.047652905,33.2150909724,-954.9663188527247,736.6543475845093,1765.472321692171
101163,-84.048109092,39.060298541,-357.80057854287134,205.11712367869703,1617.499899620463
100947,-84.0526667824,32.0311105284,-261.2559561851323,263.2940385561683,1625.9017933396844
101549,-84.0729212401,42.1687580972,-407.87838423064704,199.49496481071844,1616.796564763426
100832,-84.0760112123,30.9051962553,-979.1824853795596,766.3322531909947,1778.0601826503994
103628,-84.0766855364,39.6270755949,-430.7451003948265,203.60204587115945,1617.3084690092078
103629,-84.0769965374,39.6351389396,-429.15539278080473,203.1847996155009,1617.2559950857428
100855,-84.0895990275,34.0312558709,-582.9378668762481,309.04355107997117,1633.9341502368154
100701,-84.0974906561,33.8940572546,-544.298788831063,273.3081351387486,1627.553448455382
100700,-84.0978017611,33.4853419317,-490.00207886694477,231.52660169439955,1621.0605966891376
103743,-84.1098252211,39.9689135762,-333.1368229775245,214.8743706793028,1618.766161624591
103786,-84.1309071709,40.0809568855,-351.78915106868953,207.1007876164651,1617.7526470623823
100959,-84.1482768353,31.7811459857,-385.0656052161329,199.57412349643639,1616.8063339854145
100828,-84.1520200676,30.2643403032,-983.3589879378117,771.4594378721387,1780.275977237232
103723,-84.156017734,39.9275652458,-350.6054004197666,207.52231964604078,1617.8066645916808
103722,-84.1645877467,39.918757681,-291.356045875986,239.99409815078812,1622.2916069539394
100942,-84.1726957983,32.7237569777,-772.601080017349,517.3012611141983,1685.7738536340885
100699,-84.1769445027,33.5524735573,-622.7614880350352,349.2902358514568,1642.0220947682624
103635,-84.1848757873,39.651946842,-515.6654630243979,249.77416716949242,1623.767232527864
101526,-84.1897375147,43.568767902,-502.4349087753852,239.98677107424635,1622.2905230372974
103782,-84.1936333571,40.0649227081,-342.6635275849384,210.60667337893247,1618.205197655021
100856,-84.2020873788,33.9979231531,-682.8101959746871,414.2980165783988,1657.0684166282274
103639,-84.2020877388,39.664590965,-385.3428853093766,199.54787281499088,1616.8030938834122
103581,-84.2062191641,39.3813221916,-409.8853481492377,199.6895649070384,1616.8205878138574
100958,-84.2103612505,31.8616397334,-384.7884457992258,199.6009810842208,1616.8096494317965
110460,-84.2185110581,46.5462114624,-612.6871940992644,338.84636760140353,1639.8322327856138
100827,-84.2224015184,30.45548414,-613.7463863952767,339.93682428958385,1640.0579060978528
103588,-84.2265118658,39.4311915267,-425.74287257370474,202.3543600613897,1617.1518722376818
100941,-84.2309641422,32.7561252234,-745.7600073787821,485.9905760666366,1676.4306519720897
100940,-84.2314565142,32.7223473476,-776.7049421462015,522.1194556386847,1687.2586099357802
100826,-84.2399022769,30.4640950218,-561.7797295990199,288.9895268634473,1630.2600521029597
100880,-84.2438143202,33.814277246,-483.2317284736134,227.24942327611146,1620.4552419691543
100938,-84.2518235779,33.1190969854,-533.8836263494466,264.4108561395039,1626.0830211555653
100873,-84.2522819439,33.8981542019,-439.0449506706713,206.0886654952546,1617.623389077816
100956,-84.2564273253,31.7646519624,-404.2789346600876,199.22730044467704,1616.7635597354547
101554,-84.2641488649,40.9477992602,-318.9471366122863,222.30426272728954,1619.7691428326166
100857,-84.2687743123,34.0519717416,-616.7810770636002,343.07114645245537,1640.7104261185725
100957,-84.277154479,31.9481691595,-387.47816117423076,199.36647578586863,1616.7807156548047
110462,-84.277720704,46.565662837,-187.96299457988653,331.8406132476482,1638.3989390397444
103576,-84.2887555479,39.3732144969,-420.705118734337,201.29302657553893,1617.0194103330753
100875,-84.289490175,33.8604700098,-445.025635957488,208.1936092225541,1617.8929104755664
100943,-84.2932509473,32.3098838285,-661.634008390313,390.90655547579905,1651.375434587768
101167,-84.2935056863,39.6364640587,-398.1260161885052,199.0125834305865,1616.7371150591248
103720,-84.2935385773,39.9085047732,-468.2054138735575,218.66921875967935,1619.2742565973665
103719,-84.2937544504,39.8954530131,-426.0623031968464,202.42829634719166,1617.161125555525
101162,-84.2979210637,39.1729242003,-576.9287187404227,303.24039359336496,1632.8464799706812
103726,-84.301616835,39.9364507725,-294.4623106946532,237.81005128664938,1621.9699477299032
101267,-84.302071466,35.8856990103,-518.6804206120648,252.1082731908841,1624.127911298022
100884,-84.3104835737,33.8018104909,-469.3750224302596,219.2894435404876,1619.3581292889733
100876,-84.3143969251,33.8437519704,-482.66499496400877,226.90253243202105,1620.4066310867931
301494,8.43146627777,47.6600111906,-588.2811454275989,314.2695534926878,1634.9306539111924
110461,-84.3190058884,46.5732725526,-679.9759879383505,411.14233979525926,1656.28225686877
100877,-84.3225918937,33.8479537747,-424.80046924748217,202.14082244776833,1617.1251661345964
100885,-84.3273222581,33.7899117709,-452.81807527634896,211.31529022932463,1618.2975754572117
100960,-84.3308678434,31.3313829285,-253.89326903021956,269.5137997631321,1626.9205816845354
100698,-84.3310417074,33.6809301269,-537.4680880419771,267.4323934085672,1626.577073455242
100961,-84.3355064438,31.3100986258,-236.82214899136756,284.5964355099674,1629.4870425845565
103812,-84.3432395284,40.148352943,-345.57610628319713,209.42431759446137,1618.0517407196503
100886,-84.3481112878,33.8065178483,-473.1066397319461,221.32338941146642,1619.6348148723418
100858,-84.3481996469,34.0187715759,-611.7659399321642,337.8994199493949,1639.636822240865
103748,-84.3508024121,39.9894898159,-327.4359534818881,217.71041302768606,1619.1450567465135
101164,-84.3520877182,38.7895907906,-534.3271742521529,264.7823667171653,1626.143472320425
100859,-84.3560285745,34.0101601772,-610.4874966878298,336.5876553696888,1639.3669938708813
100879,-84.3565702875,33.8229507947,-461.22753851988074,215.14529899505078,1618.8021468127768
100939,-84.3593669818,32.7934750515,-778.6357073325498,524.3889277451641,1687.9622739823626
103745,-84.3611536749,39.9852976665,-356.9105168512693,205.39411319196842,1617.5350483312257
100969,-84.3642334082,31.5354517884,-787.9697598973767,535.383362099643,1691.4101321853025
103043,-84.3726002419,33.7980068986,-423.4414882279791,201.84500989695212,1617.0882161670356
100833,-84.3812539406,30.5562557154,-983.6221323263416,771.7825627600062,1780.41602302001
100932,-84.3844232169,33.4195018753,-908.3695261590443,679.8231361431888,1742.5247164047762
100933,-84.3885219172,33.2608485772,-759.9750352412541,502.5272641555156,1681.2990638389151
100860,-84.3943760747,34.0028844466,-453.3836075820008,211.55809695261624,1618.3292987622135
301270,8.43969465645,49.502630327,-358.20741739234745,204.9924685150894,1617.4840966741822
103680,-84.397942632,39.7647051133,-437.568973096562,205.6091046862889,1617.5623619433914
103645,-84.398077688,39.6731587637,-437.52489937815335,205.59503063970305,1617.5605730450175
103823,-84.4009258842,40.160307216,-321.4878173852275,220.8841020916675,1619.57484464375
100887,-84.4027093824,33.8103892606,-435.1776160372791,204.86620613926948,1617.4680996124414
100888,-84.4059896716,33.8184920153,-439.69940066974897,206.3064047616622,1617.6511439403948
100931,-84.410282979,33.4772157161,-602.866213199789,328.8257461326834,1637.7909702296265
103706,-84.410358068,39.8313201258,-452.71662453564625,211.27196232361965,1618.2919183231618
101341,-84.4187551297,46.4937588021,-213.0824532562402,306.8912144186872,1633.52842287282
103758,-84.4190370767,40.0110036597,-337.55120143769807,212.821863655435,1618.4949911864903
100890,-84.422764567,33.8605492128,-523.0634090723152,255.56593128997633,1624.6682233865774
103567,-84.4270311294,39.3149361801,-419.96824205274106,201.15440024591544,1617.002159424742
100870,-84.4307928787,33.935528236,-614.9566185752503,341.1850144870555,1640.3170745183743
103815,-84.4314266847,40.1515848943,-333.5477879726219,214.67792748455733,1618.740097543472
100889,-84.4354808831,33.8188805373,-394.3207031862078,199.03350035639437,1616.7396899656126
100869,-84.4436157117,33.9561180657,-609.591754858237,335.6701986045021,1639.1788715930827
100891,-84.4477812901,33.82676633,-457.14093785393635,213.22578396452258,1618.5481536838101
100866,-84.4478107581,34.0022275835,-335.34488950050843,213.83177232890458,1618.6280974032627
103041,-84.4493781752,33.9612189941,-584.319029162109,310.3885926759887,1634.189086155383
103040,-84.4519193414,33.9768726874,-634.5902400456606,361.7465515537328,1644.716832286641
100868,-84.4552117517,33.9681632807,-627.9838826291411,354.76507939149116,1643.1954090739289
100867,-84.4561105858,33.9854260691,-630.3462864583028,357.25462792363595,1643.7346987938295
100872,-84.4562350368,33.8562432844,-448.7623119999012,209.63795799459973,1618.0794060484582
100871,-84.4563731538,33.8938100005,-524.627058600259,256.8174413633218,1624.8655602954937
100865,-84.4600478681,33.9894869254,-423.19642459705267,201.79319345907024,1617.0817492546241
101168,-84.4605473122,39.5020517756,-411.50109173043256,199.86974739862066,1616.842851600357
103872,-84.4643759255,40.268910915,-332.71432906945654,215.07745999363667,1618.79313213372
100864,-84.4646565425,33.9573302598,-539.0619335239189,268.7898224126737,1626.8008051014178
100893,-84.4687882788,33.7981542256,-434.3735112836545,204.62593887053544,1617.4376852616713
100971,-84.4689579118,31.2190496692,-370.8906248914341,201.73335846773912,1617.0742836260365
101521,-84.4770883815,45.6339007209,-626.6547156611202,353.3678808722051,1642.8943210316659
100863,-84.4773065015,33.9562235697,-538.0519095001498,267.9286368187901,1626.6587365743192
100892,-84.4807040218,33.8186506503,-331.85212436849827,215.4954721641662,1618.8487234356528
100970,-84.4807305688,31.3503528101,-405.82825841896795,199.32968699026787,1616.776179612263
100894,-84.4855769472,33.7982942396,-429.26338907685835,203.21253626371495,1617.2594800280865
103721,-84.4936416169,39.8858661813,-354.50382492803567,206.17230134834776,1617.6340465906555
100955,-84.4936900339,31.9476021565,-358.4834497550037,204.90859213760223,1617.473468709085
100829,-84.4937539569,30.129173171,-941.436130902915,720.1127329419787,1758.634481349422
100935,-84.4971520772,33.2565155348,-769.6418426427073,513.8317458758183,1684.7124246932403
100862,-84.4976162262,33.9643748544,-536.9293969172879,266.97552147087754,1626.5020196454204
100934,-84.4979866162,33.4117890666,-618.9110704493347,345.279807683942,1641.173676501133
100861,-84.5145580756,33.9681462057,-535.465721131291,265.7390971710742,1626.2995291800596
100896,-84.5183983359,33.8034412801,-425.4445072554005,202.28601114184917,1617.1433211529725
100895,-84.531597227,33.83949668,-523.3300731350715,255.77870427194094,1624.7017069003832
101206,-84.5354822454,36.6271792377,-125.17510666600461,398.58101691192985,1653.2089153789773
103883,-84.5475963724,40.2893022867,-346.3305368387247,209.12765219531585,1618.013370080331
100968,-84.5521304927,31.3812188816,-388.1691870845524,199.31565004127907,1616.7744490798225
103827,-84.5524859118,40.1660561715,-324.195196921985,219.41294961301526,1619.3748587970201
301516,8.45590015579,49.4818977303,-358.254526316043,204.97811373297955,1617.4822774780305
101278,-84.5603486624,35.9853089836,-295.3898311532851,237.16674367087657,1621.8757520690149
100963,-84.5603510814,31.8391168095,-482.9245236231181,227.06116902835817,1620.4288522877239
100965,-84.5644181517,31.615375523,-270.48710978638763,255.76599924100117,1624.6997067808356
100897,-84.5682697991,33.7434472881,-731.7399606511751,469.79108933184943,1671.8063758885448
103577,-84.5686136881,39.3804629835,-359.0028875077621,204.7522902317601,1617.4536751329656
100962,-84.5725263424,31.8312815089,-541.8085163985348,271.1485664019876,1627.192193905759
101169,-84.5729211614,39.3937575636,-418.72439051236984,200.93008449970992,1616.9742699570224
101276,-84.5807892071,36.0814969785,-575.9077143711627,302.26249436742387,1632.6651543862883
100834,-84.5812190521,30.6018819672,-600.0087893783565,325.94214880806624,1637.214456085581
103718,-84.5938934292,39.8972298793,-355.10291472053416,205.97461827991128,1617.6088631747605
103802,-84.6013138418,40.1068952796,-328.4459812266579,217.19303099075498,1619.0755706751113
101277,-84.6022236549,36.014778406,-147.83674408813667,373.9030343892182,1647.4332672285848
103849,-84.6140851369,40.2227477372,-324.72311424246044,219.13123096242197,1619.336712122927
100903,-84.6146597429,33.7728910805,-367.31049687243944,202.52870656742581,1617.1736974826977
100902,-84.6316047853,33.8362228108,-545.619976839193,274.4617909085542,1627.7475742616593
103863,-84.6349073546,40.2356560123,-324.5986807468188,219.19748147930446,1619.3456785791152
101268,-84.6433372183,36.0774388212,-170.75863251973945,349.58394969848933,1642.0845985310202
103673,-84.6433899243,39.7482533469,-351.4640677990121,207.21554678798086,1617.7673422580353
101170,-84.6438750813,39.301983772,-444.5983908639097,208.0347326602654,1617.8724736019874
110163,-84.6439011623,47.2395301408,-138.9717151297003,383.4883699860035,1649.6351780804466
301339,8.46513739655,48.0356559356,-402.7268398163196,199.14420105143924,1616.7533218331116
100901,-84.651969004,33.8605235398,-715.7896965488128,451.5096863738058,1666.7614969561055
103765,-84.6646276,40.0238900867,-349.03617995771197,208.09656757683067,1617.880425829809
100937,-84.664770868,33.102246015,-764.0127279987554,507.2434404726105,1682.7147110394192
101171,-84.6677825293,39.2645275629,-379.3036410902906,200.25922888725918,1616.8910444431638
101275,-84.6690490034,36.0816815866,-479.54824396809465,225.02645569743487,1620.1449924650988
103884,-84.6725732747,40.3015342437,-337.1747742697664,212.99189487419113,1618.5173579940636
100900,-84.6773094451,33.839178815,-442.2962868664457,207.20106141644584,1617.7654869288338
103637,-84.6854666518,39.6561032383,-705.3445962982133,439.6326130026239,1663.5833989498394
301492,8.46878290986,47.7560720645,-392.4252292714615,199.08775862687136,1616.7463704864335
301532,8.46888035186,49.4944772043,-371.5072809816462,201.60641532415795,1617.058452111686
100966,-84.6894302061,31.6645615841,-390.5354477199919,199.17084794438574,1616.756604290476
103806,-84.6940770375,40.1189419146,-328.0426190672751,217.39888998651665,1619.1031987533577
100967,-84.6983374098,31.6227837256,-394.5519944029031,199.02887468426255,1616.73912051514
100936,-84.7020149941,33.3065437559,-623.2303000990808,349.78006555118054,1642.1263608818213
103794,-84.7023747612,40.0942447516,-345.7854718685909,209.34159046131455,1618.041035432309
103867,-84.7060671325,40.2477610683,-331.4632905068401,215.68554218339435,1618.8740358511313
103870,-84.7094085247,40.256277039,-332.39251145241013,215.2329252938911,1618.8137950291107
101274,-84.7186890775,36.1061916706,-329.31921399986163,216.75085385683013,1619.0163135353673
100973,-84.7268173422,30.7857841314,-353.58897036205724,206.47923047093434,1617.6731942706642
100978,-84.7314594636,31.0394276984,-263.58605840233474,261.36460258211713,1625.5904608261249
100977,-84.7397967153,31.0858527222,-263.9472513438689,261.06724826073724,1625.5426782955958
100979,-84.7477453119,30.9769726242,-266.17396331697387,259.24451374838935,1625.2509371646656
103811,-84.7480395789,40.1435080886,-330.576624440699,216.1225639652269,1618.932318999435
100899,-84.7562086186,33.85166561,-742.850869660135,482.6198248210903,1675.456590352709
103818,-84.7642360883,40.1517772803,-333.7850091430643,214.56503155788573,1618.7251291103819
301474,8.47716697955,49.2352352099,-649.4823331078009,377.69556297799966,1648.2981614802748
101271,-84.77300273,36.0818051506,-622.6536171121957,349.17757553376737,1641.998133403819
103624,-84.773005942,39.5975930035,-347.6578676334061,208.6153783125946,1617.9472386065288
101279,-84.7768976233,35.8109602612,-392.6551927046878,199.0796228779901,1616.7453686623717
101281,-84.7812282817,35.6211315585,-307.1008232144188,229.4104365679123,1620.75971052228
101270,-84.7898589214,36.0608189238,-434.65440654056385,204.709322864968,1617.4482364866642
101273,-84.7949513708,36.122857175,-566.8616344330792,293.70654589341876,1631.1028250685572
110164,-84.8055866637,47.9229138123,-215.97808619292235,304.09906144562444,1633.0061634966644
100898,-84.8059563537,33.7978011506,-937.2990109513391,715.0609736643626,1756.571970317132
101552,-84.8062547268,41.38125792,-325.11572174356115,218.9228174804422,1619.308522443935
101551,-84.8141349844,41.4684299843,-351.93569444450776,207.04930444389353,1617.7460571167173
100975,-84.8142320314,31.1648567387,-807.5006336690349,558.5034864189847,1698.8699288609905
301446,8.48213245896,47.9273295507,-395.61446114076455,199.0132030501225,1616.7371913314344
100917,-84.8313704208,32.6685879092,-776.7437845083,522.1650955301817,1687.2727336847558
100835,-84.8438031249,30.0388191386,-980.5389283446914,767.9971888701839,1778.778393437049
100920,-84.8478020682,32.5309180488,-509.9919151453052,245.48386904901486,1623.1128182628768
100980,-84.8604207512,30.7020890684,-326.2163653763655,218.34356579952157,1619.2303120841195
101272,-84.8725379542,36.1397467624,-600.5487337496404,326.48589517957805,1637.3227936473602
100904,-84.8726917663,33.6687328569,-474.9592666862382,222.3638440784051,1619.7773211152546
101280,-84.8852589413,35.7144915842,-265.26012760116214,259.99037749806143,1625.3700770094083
100908,-84.9021060457,33.4770711921,-596.6763639351965,322.59828164317497,1636.5520285542755
101269,-84.9021499207,36.0689624825,-166.2417876374285,354.3186797944668,1643.0990894335253
100915,-84.9022314267,32.9605190503,-776.2887870589773,521.6305147547159,1687.1073720333438
103825,-84.905853809,40.1641946953,-334.88872252879827,214.0445647311809,1618.656222468794
103674,-84.9142324977,39.7527335493,-351.9364604529559,207.0490357386614,1617.7460227261556
100930,-84.9264492147,30.7991347115,-369.22912496093977,202.0901210496785,1617.1188292366949
100907,-84.9270875658,33.5270896912,-484.76320717814167,228.1955583365697,1620.588196825623
100906,-84.9398010358,33.5766293783,-411.4942086249357,199.86893541354544,1616.8427512251553
103044,-84.9518793438,32.4355301329,-560.1504060169837,287.49152456496245,1629.9951740857002
100922,-84.9564972342,32.3730394457,-723.2163938060932,460.0010467523936,1669.081739717766
101176,-84.9604212065,38.4395906957,-517.7082840398505,251.3516556421118,1624.010635938083
101175,-84.9650377489,38.7767446905,-154.19145939451008,367.0907620559771,1645.9005189964623
100905,-84.9685467362,33.573316648,-764.9685084859573,508.3610059208991,1683.0519312210465
304002,8.49804217728,53.3363013702,-332.5938828722533,215.13556786068833,1618.8008535347165
100909,-84.9975835446,33.4603640597,-471.8310785369725,220.61877615742787,1619.5386797601307
100919,-84.9980365606,32.460631949,-341.5460920922118,211.07576766719643,1618.266316321971
103318,-85.0019821099,30.4771462728,-286.72869404171934,243.33007604832656,1622.7884695041648
100923,-85.002067187,32.3228448255,-686.8086040354115,418.7621929172535,1658.1901775920796
101173,-85.0105553387,39.4073357567,-317.403157311717,223.18570654358174,1619.8903513668272
100984,-85.0146342,29.9481247461,-555.9499654674474,283.6628703006439,1629.3242509805052
100924,-85.0183471483,32.3146883449,-859.2131754032238,620.3550468393174,1720.1957083381521
101553,-85.0229214337,41.0937578583,-366.6476191359105,202.68683411916675,1617.1935083876747
100981,-85.0315390664,30.4232552064,-329.9236017391306,216.44761457694975,1618.9757443217106
101174,-85.0395879401,39.0312574726,-654.0648092265476,382.65787592608143,1649.4423120722488
100918,-85.0523841471,32.6479325924,-901.891198783979,671.9546099653363,1739.4700022419622
100926,-85.0643240451,31.626713321,-377.1168545305245,200.58862680945694,1616.931874894947
301447,8.50664637399,47.9400897707,-317.3072059379137,223.2409387230374,1619.8979620852444
100927,-85.0977993209,31.4143761564,-367.5161089146377,202.4803455949341,1617.1676416495072
100916,-85.1022486562,32.7939021935,-517.9938342327832,251.57350706604265,1624.0449871550645
103832,-85.1060831166,40.1690138477,-342.9108302795173,210.50401046431594,1618.1918394515362
100929,-85.1102794479,31.2591725705,-342.6657842910583,210.60573465678524,1618.2050754821867
100928,-85.1186746376,31.2814899864,-406.76740890286163,199.4011908471285,1616.7849967627849
100910,-85.1312336396,33.3812188341,-468.8711543046171,219.0212286958998,1619.3218301083475
103829,-85.1466389149,40.1689408327,-335.49526039775526,213.7619256051318,1618.6188716570678
103729,-85.147407559,39.9394312557,-340.5934213031597,211.48240433073258,1618.3194054906135
101172,-85.1520880154,39.5782301889,-777.541252944721,523.1022729030093,1687.5629999387518
100912,-85.1605067871,33.0269987468,-358.7282954958114,204.83466636971156,1617.4641051327155
100982,-85.1645874974,30.5354223547,-754.9931276039983,496.71956098815,1679.5723304205287
103830,-85.1658057435,40.1694963308,-334.38940072625104,214.27904393871526,1618.6872457387424
103609,-85.1689995258,39.5476475533,-621.3798766173566,347.84860860382474,1641.716036759586
100983,-85.1774199715,30.1274278529,-944.1840156340909,723.4697476377227,1760.01175183377
100991,-85.1807885657,34.2689886216,-386.51147280851853,199.44404438558453,1616.79028253106
103826,-85.1810561748,40.1691194868,-335.27819791108516,213.8627976908905,1618.6321963565904
100914,-85.1812497468,32.8867039462,-603.1971309507717,329.1606516238032,1637.8582433847541
103627,-85.2011107544,39.6226686885,-348.3073650956354,208.3692270746924,1617.915518696106
100925,-85.2057324888,32.0898799463,-791.7032581736396,539.7912886649008,1692.8105405403467
301432,8.52087987017,49.007213408,-583.5711726995705,309.6597844415963,1634.0508171248534
100911,-85.2231105502,33.3399685457,-469.4643695844834,219.33716499314946,1619.3645922994665
301412,8.52261118031,49.3525301346,-759.6548040573966,502.15357086764544,1681.1874076322106
103210,-85.2474346593,31.1107435993,-384.448266190993,199.63479017654223,1616.813823634254
101340,-85.2729220774,46.5729254316,-444.9566831959281,208.16788061051753,1617.8895998688724
101282,-85.2773503167,35.0853962231,-166.1430766690075,354.4224843759911,1643.121477029996
100993,-85.280930578,34.5690272984,-149.7016962487619,371.898553709084,1646.979485329703
100913,-85.2979156104,32.9230617702,-739.7077426699703,478.983371584319,1674.4127212549083
103717,-85.3137826347,39.8977949863,-352.0118256043726,207.02261935817597,1617.7426420082725
103816,-85.3316411912,40.1525518134,-317.3176219107976,223.23494044811625,1619.8971354635023
301533,8.53532756336,49.4774385999,-369.7601358249882,201.97376879057504,1617.1042929030439
301448,8.53953441271,47.9399144877,-212.03899765388238,307.90195578805316,1633.7186126209415
103586,-85.437473692,39.4267233373,-326.91981826542406,217.97724536903795,1619.1809566397014
103549,-85.4602320959,39.1647729437,-499.1906354483983,237.70690174536153,1621.9548273559792
301415,8.5466644483,49.3896471867,-635.9997751460205,363.24387406881607,1645.0468087244533
301528,8.54777168839,48.1522761223,-410.144021762468,199.7170027205683,1616.823976820505
101197,-85.4852141279,39.0733256701,-823.452698913201,577.491975456367,1705.206694967646
103592,-85.4883753202,39.4643450004,-346.06821187647887,209.23035587870874,1618.0266476999432
100995,-85.510421107,34.2937565016,-425.66571240626456,202.33661845209178,1617.1496523243027
103734,-85.5516637304,39.9442155351,-346.25155627463994,209.15852351922987,1618.0173604775473
100985,-85.5560493108,30.3844564742,-952.2135887420046,733.2865002637035,1764.0697215005353
103807,-85.6149801537,40.1183836566,-311.76835620929404,226.51771784951276,1620.3527910136538
101196,-85.6729214445,38.806257401,-826.4130436764218,581.025368598711,1706.4065663848266
301555,8.56886445014,48.0653145791,-418.7966131367452,200.9427758501177,1616.97584707142
103546,-85.6894246818,39.1308932399,-409.39686864355735,199.63921750819023,1616.8143703014482
101283,-85.6937545332,35.0104233109,-304.20533397697477,231.2632237880822,1621.0230009234422
103564,-85.6937548212,39.2937574933,-332.5819715436183,215.14131940822784,1618.8016179145295
101194,-85.7016516898,39.2731427086,-352.4610789557817,206.8660008942091,1617.7226069916774
304005,8.57155223436,53.17695876,-331.35883948549815,215.7367643522108,1618.8808610701242
101177,-85.7175035102,37.985007851,-383.8180866617205,199.69987915503816,1616.8218617338528
100996,-85.7437930313,34.4353989143,-435.7270599933142,205.03314808382305,1617.4892527182828
101178,-85.7477769447,37.8227840026,-378.8133010880356,200.32978287132815,1616.8997843871641
103559,-85.7603570657,39.2601708855,-353.18927704097393,206.61523626498004,1617.690559625919
103809,-85.7647725631,40.13594849,-338.2258858248766,212.51946503012036,1618.4552554404072
301374,8.57679007879,48.3732185926,-111.2092405919201,414.0548452122519,1657.0076359780985
103568,-85.7685512714,39.3147430751,-336.38524984916063,213.3515656594337,1618.5647288308605
101001,-85.7816363815,33.8237185857,-400.7152691528714,199.06553560638136,1616.74363407197
101002,-85.7853220898,33.7813522872,-626.5700595692351,353.2789782174858,1642.8752013760438
101195,-85.7983157188,39.0683935447,-336.32743252897615,213.37806616167572,1618.5682222152027
103563,-85.8143381892,39.2905769311,-343.39507118788947,210.30420251857444,1618.1658593738032
101003,-85.8267422212,33.6162755156,-568.827694544606,295.5491103988198,1631.4356154943778
100997,-85.8308574575,34.3355762791,-148.21042564344458,373.5010522332721,1647.3420794920971
103636,-85.8356564329,39.6564040873,-343.30493262001767,210.34127355857697,1618.1706777124066
103585,-85.8396293183,39.3979920209,-358.384031661182,204.93873650510804,1617.4772878053948
103824,-85.8440457806,40.1645326984,-339.0821181315475,212.14006506146177,1618.4054801100576
101183,-85.8517514523,40.1443334257,-318.09875915344287,222.78688608464657,1619.8354507348201
103541,-85.860263772,39.0850598711,-294.7409445850289,237.61636548777022,1621.941561214091
100998,-85.8644957213,34.2690888146,-273.3747816493025,253.47669530929568,1624.3408896875394
103664,-85.8812549097,39.7267764992,-329.78855347543146,216.51517271814672,1618.984777835528
101180,-85.885299745,37.2686037728,-334.0736844092154,214.4281397360915,1618.7069895310474
101193,-85.8855408111,39.7142182431,-341.77601955341174,210.97854924061355,1618.2536386752413
103552,-85.8931769067,39.1772524807,-346.23545631104906,209.16482190259012,1618.0181746715725
100986,-85.8979210371,30.4520889798,-581.3034063375642,307.45718118933485,1633.6348457078395
103524,-85.9145780105,38.8884479668,-406.9922071574465,199.41936213455574,1616.7872379630348
103556,-85.9310418628,39.2111628875,-337.1526748887289,213.00190628579986,1618.5186754953957
101207,-85.9520288966,36.2477514673,-150.0271581803552,371.5491833176261,1646.900630417628
101518,-85.9606042033,43.0149039152,-624.8478199377055,351.4726152238219,1642.4877138347972
103562,-85.9727773093,39.29033645,-409.0836865736365,199.60794711294645,1616.8105094279385
103839,-85.9767929266,40.1939161868,-344.43871193255876,209.8790638172046,1618.110661319173
101516,-85.9851819353,42.5935385144,-509.50836084969137,245.12454553696355,1623.0585120908884
101298,-85.993509986,35.3354772368,-431.82432622344186,203.89623029611465,1617.3455300506912
103768,-86.0313529711,40.0310292623,-417.1476397368236,200.66327417480707,1616.9411369770205
101519,-86.0395886168,43.3187581954,-708.8891207605492,443.65419079413687,1664.6506936457226
500004,86.0420939333,69.4103623472,-258.5225224326146,265.58167679776585,1626.273813936847
103512,-86.0476856085,38.7689021099,-394.17218093009603,199.03669954654168,1616.7400838144536
103738,-86.0478417805,39.9648194808,-456.76882846153944,213.05643096791673,1618.5258520094055
103529,-86.0601849525,38.9191318273,-419.8588533260646,201.1341848531933,1616.9996447626522
301410,8.60698666629,49.2692764297,-758.9308310851753,501.3089228624643,1680.9353131478647
301531,8.6070667513,48.2436834298,-391.8787974444308,199.1088100640747,1616.7489629163574
101185,-86.0847194565,39.8604376942,-707.9537663948167,442.5920439390644,1664.36793053824
101316,-86.0978848526,35.4855186542,-664.6495472054521,394.2101111217133,1652.160555925658
101184,-86.1064709323,39.9017615916,-450.4670738291479,210.32923248750467,1618.1691125728387
103520,-86.1103277307,38.8562989991,-425.85565510543756,202.38037509152153,1617.1551277067301
101284,-86.1187546154,34.297923145,-499.8976199894006,238.19950300931407,1622.0270941263188
101317,-86.1351997157,35.422818282,-364.59718140449297,203.19729501414622,1617.257564999172
103841,-86.1768495442,40.2018213805,-332.8088235603223,215.03193751830094,1618.7870845169416
101186,-86.1811540865,39.7898867094,-447.07047263381764,208.97187280999194,1617.9932430241174
301472,8.61811821821,49.1188600613,-408.77643005321363,199.57803504949396,1616.8068168214168
101187,-86.1854216629,39.6687575404,-422.3524483109611,201.6183224045692,1617.059936667537
101299,-86.1894441732,35.2850741036,-506.9822880802934,243.26406311110338,1622.7785724636951
101517,-86.1937552636,42.6479247389,-531.4768784476485,262.40693567328503,1625.7583740320788
103685,-86.1981481329,39.7360344299,-666.4180091966085,396.1519133290211,1652.6249511853046
110166,-86.2146791743,48.6892809187,-470.49260584697856,219.8898343657953,1619.4395419722844
103542,-86.2269377653,39.0975573341,-234.85318123731753,286.3906886801318,1629.8013736062026
301554,8.62271618359,48.1772207793,-340.5843976129321,211.48628539221818,1618.3199126733207
301496,8.62304162662,49.5813524435,-593.3272893438451,319.25903000842686,1635.897068610341
103494,-86.2429769856,38.5898854101,-334.53739169838934,214.20937879313496,1618.6780250590068
101005,-86.247868891,32.4188084045,-440.378023744856,206.53548170836305,1617.6803751206512
101342,-86.247922309,45.9645919463,-610.7958294979142,336.9037748743433,1639.4319273365904
101343,-86.248057158,45.9519682932,-616.8050278070687,343.09594207981854,1640.7156110422136
101515,-86.2564469687,41.82835708,-356.61742303591933,205.4866059873276,1617.546795640292
103790,-86.272221796,40.0844903458,-322.6507858512195,220.24677894566557,1619.4880470327423
101300,-86.2727800931,35.0935406528,-631.4106502901607,358.3788443057635,1643.9794058600369
101004,-86.2733126611,33.2117878781,-733.7877056972379,472.1498851299714,1672.4707485855263
110165,-86.2807334488,48.7071251152,-441.45932714171846,206.9073922556753,1617.7279004257884
103496,-86.2860130432,38.6186664415,-329.01448370280326,216.90461687230814,1619.0369062089067
101199,-86.3018830105,38.8484108575,-455.804934795922,212.62201169972116,1618.468724042952
301529,8.63134707531,48.136235131,-747.2818951738438,487.75583799853405,1676.9432454163848
101520,-86.3229221342,44.2479250002,-652.1430955806636,380.5738999349009,1648.9600917419577
101007,-86.356580725,32.1524154954,-635.4827555152705,362.6943441879652,1644.9255539847156
301443,8.63574425667,47.9272779897,-552.855264972304,280.873614402937,1628.8409615778191
301409,8.63588705868,49.1925896724,-617.1280336952453,343.4304309637757,1640.7855898190812
101201,-86.3603797603,38.6312154635,-322.4333619261565,220.36531695326877,1619.504172196509
103506,-86.3763816277,38.7314495548,-682.5144311798908,413.96836423734607,1656.9860281352192
103603,-86.3811592791,39.5150381136,-575.1570862667494,301.5450955193545,1632.532491400328
101188,-86.3979217114,39.4979241642,-449.7141653829211,210.0214555994012,1618.1291365827624
301556,8.63984369901,48.1558483206,-477.7246317773259,223.95396595113846,1619.9963795364572
101291,-86.4019866448,34.7104656851,-857.2650559676481,618.0104825981235,1719.3515776149889
301534,8.64029947905,49.4396078468,-342.37756717739944,210.72590638604456,1618.2207199477473
101198,-86.4087282763,38.7687317459,-415.3337283204873,200.38068377515003,1616.906091668957
101006,-86.4092663994,32.4106102478,-220.04193006136848,300.21273517220266,1632.2869163249334
101287,-86.4314349282,34.9104099386,-349.34715553473563,207.9813742464322,1617.8656133558868
101290,-86.4479214016,34.7479232262,-372.1345999283831,201.48032322805753,1617.042736446402
103583,-86.4557052632,39.4023159653,-796.1621538255874,545.063067623449,1694.498934355838
103230,-86.4604214176,34.9645899371,-325.57542239663786,218.67998256756033,1619.275710193213
103571,-86.464785497,39.3314184024,-374.8823327880488,200.96436502577495,1616.9785301160305
103649,-86.4687131053,39.7060498444,-351.5396251210931,207.18880612063128,1617.7639173339471
301444,8.64755407165,47.8693250389,-532.8205767051218,263.52323470923227,1625.9389244610643
103658,-86.4825872855,39.7103251468,-347.074079352671,208.83916338366646,1617.9761082935604
301530,8.64863160874,48.1434895756,-559.8280571095652,287.1959998817495,1629.9430766729442
101000,-86.489375427,33.7935104682,-153.4791732229104,367.85178867598864,1646.070420510043
101285,-86.5020021561,35.0100707519,-342.6653155129776,210.60592965155496,1618.2051008603273
103666,-86.5056488344,39.7315386875,-344.36226538977803,209.9099499137311,1618.1146677287027
103677,-86.5146575861,39.7644744113,-337.78723889398316,212.71572567180638,1618.4810381323807
100999,-86.5185553474,33.7938327143,-155.89654246054434,365.2716761263623,1645.4957575837584
103211,-86.5228289658,33.5688258656,-366.0544000083047,202.8312073192106,1617.2116093784864
103705,-86.5314323515,39.8319394179,-406.4157704988245,199.37358437401127,1616.7815922356758
103693,-86.5428978574,39.8027732334,-320.33139483464714,221.52579873708575,1619.6624865545566
103519,-86.5473284508,38.8399677248,-600.0477056055772,325.9813210844253,1637.2222550838762
103530,-86.5521052402,38.9477276677,-656.7450401547969,385.5714416770825,1650.120670582285
103490,-86.5566734586,38.5398771419,-368.83931788174135,202.17692473963461,1617.1296793217175
101286,-86.5641810762,34.9602618348,-355.2798051369414,205.91675141121425,1617.601495844305
101008,-86.5643349712,33.5355933029,-453.5486718604666,211.6293736710152,1618.338618042087
101289,-86.573228041,34.8440440582,-403.2528831857869,199.1701807100618,1616.7565220929416
101288,-86.5895668943,34.8980206446,-359.81166663503296,204.51292825469432,1617.4233919012345
101318,-86.598121753,35.5853618395,-478.4253505216009,224.3638418010363,1620.053093066306
103045,-86.6229214801,35.2229233175,-721.007266278762,457.47134686881043,1668.3863233831514
100987,-86.6270879214,30.7520890256,-380.43313083744135,200.10399882385366,1616.8718258387962
103630,-86.6314630818,39.6482630187,-559.7286100271028,287.1048848738442,1629.927024674543
103566,-86.6318318938,39.3102777677,-497.6009825919666,236.6080056123823,1621.7941420432664
301600,8.66368037498,52.1940412767,-444.70181941205726,208.07307502142888,1617.8774043155613
103578,-86.6442188488,39.3809123775,-431.47329925216115,203.7995780371169,1617.3333480931174
101021,-86.6982257793,33.6063973518,-414.2535163341585,200.22481803227222,1616.88678286454
101292,-86.7016164756,34.697723685,-550.5456063939703,278.809891392386,1628.4863666559263
103502,-86.7020536606,38.6897456973,-423.9688077398637,201.95809043030792,1617.1023347754597
101179,-86.706324889,37.8982334659,-180.68034277348139,339.2926808118096,1639.9245147562278
100988,-86.7102797873,31.0275059034,-702.2354816842993,436.1128252675365,1662.6566955354367
103580,-86.7142318366,39.3851132159,-418.91758767206306,200.9641262818616,1616.978500444028
101023,-86.7230996224,33.5686960136,-536.0277499711308,266.213006752978,1626.3770337195633
103602,-86.730662774,39.5065860449,-396.5542563177135,199.00697659447715,1616.7364248940703
103676,-86.73087014,39.7603572419,-501.64363696759244,239.42616988077324,1622.2076875880482
301445,8.6735227108,47.9185741159,-464.715926345359,216.86881009489397,1619.0321095141878
101022,-86.7352717644,33.6110039921,-461.3979572006561,215.22769676612992,1618.813099867072
101293,-86.7482038414,34.91491206,-347.0046464905771,208.86593868524042,1617.9795645152174
101189,-86.7558635421,39.8148082334,-710.0606347526791,444.9854135553875,1665.005978704895
101011,-86.7594377364,33.4806677093,-582.4757262190996,308.5944169740065,1633.8492601930916
103212,-86.7604274414,33.343749691,-448.0646852056932,209.36088017592456,1618.043531241982
103652,-86.7647480378,39.7064007385,-829.2621459879116,584.4286852857737,1707.568381948683
103508,-86.7685869281,38.7353873911,-892.7239869460175,660.8353824847003,1735.2049716358254
301414,8.67702860209,49.3271933655,-637.837728335227,365.20027536564567,1645.479909319202
101294,-86.7890385278,34.902113028,-342.7410063505661,210.57446449187555,1618.201006037886
101012,-86.7933273092,33.4612242147,-588.1210964566391,314.11214753660573,1634.90040432928
101200,-86.7937550952,38.6687573226,-524.6326061104645,256.8218979847721,1624.866264690878
103493,-86.7968060655,38.5810980854,-455.5001156047318,212.48591716736388,1618.4508506100644
301352,8.68040154437,48.8903830794,-539.4001132451426,269.07892010270973,1626.8485965478244
103213,-86.8060451702,33.3106325003,-468.1743587580579,218.65286447599064,1619.272048171505
103214,-86.8100551755,33.1272283001,-595.8332999305511,321.7556511362785,1636.3861371583773
301601,8.68117843543,52.5189757716,-375.8189924888354,200.8020604969605,1616.9583662994573
103569,-86.8185089792,39.3230240847,-658.160836782369,387.1137419571426,1650.4817296953174
103553,-86.8188012253,39.1771401497,-376.71834287939555,200.65274371018856,1616.9398301743984
301354,8.6820637495,48.8772595823,-378.2336938044355,200.4156483996151,1616.9104251532995
101010,-86.8222521846,33.2393927464,-604.5097799532102,330.49104786271437,1638.126131762564
101514,-86.8597236967,41.718647376,-832.4452110082917,588.2340025656544,1708.874522198864
103555,-86.863565351,39.2064696341,-458.82264881531006,214.0025215728849,1618.65066338773
101024,-86.8893362291,33.464416712,-537.7707276562561,267.6894926718735,1626.6193639978933
101295,-86.8897312931,34.7884289966,-259.04698894816136,265.1407467740411,1626.201865220269
103532,-86.9141373822,38.9976817578,-518.2169731494434,251.74709760427012,1624.071886339444
101014,-86.9269841312,33.3810684731,-596.0512852706256,321.9733939817515,1636.4289649349628
101296,-86.9559642236,34.6896011444,-363.71968885609635,203.42555786523423,1617.286260511344
103610,-86.9812552207,39.5520908127,-474.5671013007205,222.14192419958448,1619.7468707588478
101301,-86.9979215741,35.0104232589,-376.4856483941828,200.69076374436452,1616.944548677623
103551,-87.00945941,39.169217637,-451.0721864828245,210.57941847987155,1618.2016507015762
101025,-87.0189716168,33.3643096947,-696.8166138859517,429.9961256228787,1661.062779938396
103527,-87.0395531095,38.9188284993,-327.6475232574412,217.60151225378706,1619.1304175331647
103540,-87.1099330044,39.0854211471,-568.0161075223795,294.78733103056777,1631.297784398088
103489,-87.1112243335,38.5357871456,-572.828673038089,299.32816309165173,1632.124456058976
103521,-87.1270885428,38.8812573472,-232.80527603891272,288.2680737615065,1630.1323176957612
101016,-87.1395881678,32.944478336,-458.54651640334816,213.8737112676549,1618.6336383559392
301357,8.71453616019,48.8892523523,-564.4772294248947,291.48502783621706,1630.7042688049437
101513,-87.154172627,41.6111185281,-639.1714977296004,366.62278255830194,1645.796207170492
103503,-87.1855728856,38.7104952451,-354.70857072866386,206.104445834903,1617.6253996024227
301356,8.71968083662,48.8657808193,-568.9291889494559,295.644491100726,1631.4528972557537
301353,8.71973118862,48.8152475991,-88.72577940542489,439.32767123291796,1663.50283845773
101352,-87.1979225776,45.756258524,-786.9082494182798,534.1311524580201,1691.01418647867
101350,-87.2104226007,45.9062585454,-535.0703358324184,265.40634833310696,1626.2451907942725
101303,-87.226289377,35.034948439,-506.00446632309763,242.5514630880359,1622.6719024781726
103516,-87.226851076,38.8270974147,-338.0481663373861,212.5988264537317,1618.4656783063056
101302,-87.2270334521,35.0444655267,-499.4023161933238,237.8541442276319,1621.9764131368386
103501,-87.2347638897,38.6695462757,-335.86485445803305,213.59088013559713,1618.5962915202433
100989,-87.2354214357,30.9645890542,-758.7650476069575,501.1155432581809,1680.8776512705879
103497,-87.2439738955,38.6395821352,-297.8157883741932,235.5037450198767,1621.6334064036707
101319,-87.2603034648,35.8397615165,-534.5987781157253,265.01019381524577,1626.1805845821611
101305,-87.2765972392,34.5355467666,-343.73091523890264,210.16657306566958,1618.1479781775686
103504,-87.3434784567,38.7142140144,-395.8170414075898,199.01125482670517,1616.736951514898
101304,-87.3437456967,34.5608251527,-631.9985135610652,359.0004408900488,1644.1150225593206
101026,-87.3562549227,33.4604229227,-520.9075021602988,253.85578646284853,1624.4000896228297
101020,-87.3937549788,34.2854230939,-256.0432889814526,267.6786575459122,1626.6175809180124
103483,-87.3966892091,38.4728330284,-393.11668500261885,199.06458964331196,1616.7435175982139
301449,8.74014388831,47.9399454047,-409.1421665270084,199.61372628747782,1616.8112229225642
101181,-87.4044546557,37.5895904213,-225.2390103161439,295.29978479061054,1631.3904663640053
101320,-87.4227393652,35.5726248194,-461.41770915015707,215.2372589276919,1618.8143712225599
100990,-87.4354214803,30.6895889864,-698.1589835073579,431.50920011810814,1661.4551094244332
101307,-87.4852739144,35.1393545976,-500.3544910841134,238.51909359758665,1622.074057759571
101017,-87.5188611902,31.5478161904,-327.0568553021036,217.90623907387467,1619.171399164803
101471,-87.5266452138,44.6017611045,-502.46949380010835,240.01134015888425,1622.294157744165
101306,-87.5313630482,34.5601328947,-350.5501984995881,207.54222222774865,1617.8092176932414
101309,-87.5352514786,35.1274636036,-479.6079609484616,225.06189318842775,1620.1499148571236
101323,-87.5393929119,35.4479496371,-891.0475301970854,658.8039378794074,1734.4323334772675
103484,-87.5477743616,38.4814696241,-488.34260337425184,230.45584783353587,1620.9080136289842
101828,-87.5514863349,41.4559893432,-455.0442311038477,212.28353211849492,1618.424291974972
101202,-87.5520886359,38.4895905868,-238.48444876545517,283.0900062912507,1629.2246138909043
101829,-87.5896753531,41.5318348555,-438.7328921535093,205.9859433525098,1617.6103052666328
101308,-87.5936147974,35.1771616927,-485.863360854136,228.88302653910506,1620.6851423653166
101321,-87.6021584471,35.772649893,-491.6870768627536,232.62834626815606,1621.2183191456486
101472,-87.6352134258,44.5480458131,-399.551638030813,199.0350089207446,1616.7398756825623
103063,-87.6394950222,44.3272330868,-837.8016551310363,594.6447262111049,1711.0918272426716
301368,8.76461635933,48.414511074,-374.7906234018108,200.9806283839702,1616.9805514698069
101372,-87.6604226679,45.3270917615,-500.6814615251964,238.7484203894554,1622.1077951493992
101327,-87.660919766,35.6477469547,-490.85250063648596,232.08083817123725,1621.1398478515819
101324,-87.6646508323,35.4020890423,-558.3946489705861,285.88528291779124,1629.712639036395
101811,-87.6690457756,41.1647799581,-236.61903246670386,284.78103441421985,1629.519293659335
101832,-87.6810825906,41.6475311101,-510.86683188866823,246.13657614813215,1623.2116636359879
101830,-87.685216028,41.5229472078,-440.3980784093694,206.54230231337576,1617.6812459476973
101310,-87.685424344,34.7021362884,-349.14829713130086,208.05495730462167,1617.8750743197122
101479,-87.7148168284,44.1070069426,-627.4930581063306,354.24883634057034,1643.084029772864
101329,-87.7187132767,36.2106074902,-643.4332330454025,371.1834057141313,1646.8181476785853
101812,-87.7187555297,40.6395909737,-307.5977127419002,229.09691928546854,1620.7153634343315
103065,-87.7230253171,43.9643913678,-430.50205463042795,203.53701096961012,1617.3002830892067
101322,-87.7395885095,35.9312567481,-590.0977253761059,316.0598159110693,1635.2757253991526
101311,-87.7438565148,34.6813049637,-589.1411484676792,315.11625664256195,1635.0936199638252
103064,-87.7472937991,44.3358531925,-673.2912580330768,403.72899431130674,1654.4576125406188
101833,-87.7686745459,41.6520225854,-589.2569911507775,315.2304236504292,1635.115626138046
101325,-87.7730750412,35.4313673867,-499.59532342059936,237.98858331168336,1621.9961333593515
301535,8.77736191539,49.4109107474,-89.89047801405023,438.0085065976994,1663.1549364680168
101328,-87.7812999549,36.1559135617,-531.2382775868457,262.2093801492532,1625.7264991025522
101480,-87.8104162793,43.9148353247,-577.7521751266497,304.0308282958482,1632.9934584682958
101823,-87.818755669,41.8270911769,-502.29108926956803,239.88466157888422,1622.275421038857
101813,-87.8229222594,41.0104243664,-297.2566981293273,235.88446853704258,1621.6887412025121
101312,-87.8229846334,34.7562526629,-416.3461198634943,200.53518597622227,1616.9252461571944
101477,-87.8259415756,44.3102664254,-564.4007131048032,291.41398002724395,1630.6915706537839
101512,-87.8264214046,42.5937540694,-441.09829120100073,206.78227392860958,1617.7119025515858
101326,-87.8354218414,35.4937566559,-185.17247110385063,334.68541177201143,1638.97749090675
101027,-87.8437550251,32.7812560945,-213.17060087280908,306.8059404417031,1633.5124045859902
101511,-87.8511261267,42.6525660162,-557.8011251705083,285.34420365798985,1629.6178096127933
301364,8.78542108805,49.3601261462,-687.208409281078,419.20934418361344,1658.3031583811328
103046,-87.8558168131,35.2278380529,-474.98555043728004,222.37874964187935,1619.7793674257832
101819,-87.8600694764,41.9900381064,-439.69950902148645,206.3064410695231,1617.651148570902
103072,-87.8604524975,42.7773255946,-775.1713047976054,520.3179709382297,1686.7020133168935
101824,-87.8898272599,41.7393726047,-524.9906533521179,257.1097826624372,1624.9117918172392
101821,-87.9062766373,41.8312368963,-456.1386842259775,212.7717320288815,1618.4883999573663
101502,-87.9104224916,43.1020913884,-477.1698778635906,223.63145274898878,1619.9518256740255
101315,-87.9263876629,35.4354559351,-494.626300127871,234.58458344220378,1621.500175033829
101836,-87.927042142,41.5187773414,-442.49719182400247,207.2723047069788,1617.7746132093087
101816,-87.9270891,42.4895912838,-415.2280969005107,200.36503241688763,1616.9041520948006
103059,-87.9363014337,44.5023627723,-418.3161626987834,200.85912205788009,1616.9654534837312
301366,8.79369147774,47.9899060548,-116.30346377168098,408.38912433873986,1655.6009687494593
101817,-87.939730442,42.4192635599,-445.7125463971066,208.4517570537337,1617.9261496943468
101499,-87.9428723253,43.2802913982,-680.0052687758375,411.1749042901685,1656.2903407204954
101203,-87.9437403004,38.1318061672,-209.03721037539339,310.82285593921193,1634.2716232683579
101815,-87.9476800837,42.5853108307,-437.0709103178575,205.45089121206388,1617.5422589675416
101314,-87.952088855,35.3063896804,-487.1343578496751,229.68528742098187,1620.798637124194
101818,-87.9600176997,42.3150983483,-447.0313199100856,208.9566950089894,1617.9912828056474
101825,-87.964217527,41.7062619149,-822.196225275754,575.9931569481639,1704.6996825532342
103069,-87.9687558414,43.0979247171,-427.4132005994476,202.74966916275525,1617.2013848595332
101498,-87.9767066991,43.3228858847,-599.5934430455281,325.5242441881286,1637.1313094557313
101500,-87.9854686658,43.2352625494,-392.7435252682898,199.0766117845296,1616.7449978910072
101510,-87.9933773075,42.8731726535,-516.4629423491623,250.3879685360584,1623.861763092413
101369,-88.0020337952,45.501749302,-517.550003737689,251.22882497172836,1623.9916297021548
101820,-88.0022977882,42.0129992583,-598.47863609646,324.40415585887513,1636.9089611778945
101494,-88.0061148215,43.5938831411,-525.5717191585991,257.57800962677584,1624.9859451359196
101481,-88.0061231625,43.7893591653,-406.65543632475556,199.39229180544066,1616.7838992510444
101469,-88.0065814106,44.5397351784,-346.26342681686384,209.15388086651714,1618.0167603357854
101505,-88.0106488849,43.0422432795,-417.242190755503,200.67871964017127,1616.9430538403026
301557,8.80120086136,48.4449552435,-654.9172994544683,383.58370141544276,1649.6573422494614
101487,-88.0201001397,43.6805590303,-486.537097312323,229.30722532490228,1620.74510470715
101489,-88.0227643729,43.6391599989,-723.2721879200822,460.0649790477262,1669.099360670949
101360,-88.0229229419,46.6062586024,-193.20864697026937,326.53011661908647,1637.33161207657
101182,-88.0231568349,38.9353398967,-304.23568225107516,231.24357760331912,1621.0201982173967
101835,-88.0269407352,41.6392333674,-508.7054930169905,244.53018900140475,1622.968854962734
101495,-88.0350922869,43.5820916651,-432.58923735783304,204.1100610561116,1617.372501271836
101493,-88.0352572649,43.6188933052,-612.558858119146,338.71436844437653,1639.8049622551637
101490,-88.03593334,43.6308375582,-760.2509539530597,502.84928853447286,1681.3953425133575
101509,-88.0394298333,42.9602795067,-400.25975140385253,199.0522773708655,1616.742001672658
101491,-88.0434954726,43.6315063432,-768.5219872241797,512.5198600308721,1684.3127672056783
101504,-88.0437060356,43.1236292252,-561.0477416602834,288.31565909257915,1630.140733226421
101814,-88.0472287249,42.5814214043,-623.5376393323695,350.1013616980272,1642.1948283650142
101492,-88.0476478389,43.6226796055,-533.7416832085464,264.292109870351,1626.0637165208832
103068,-88.047922582,43.5645914567,-708.1642789466227,442.83103650998305,1664.4314998648913
101467,-88.0806739387,44.3857874116,-407.44840914090315,199.45749153856957,1616.791941400267
103070,-88.0812226627,43.0442943876,-410.9390501457568,199.80469493910056,1616.834811279647
103231,-88.0814848297,43.1483503573,-405.3686460062984,199.29728952126771,1616.7721857010372
101466,-88.0936558198,44.3732373066,-439.33773101459815,206.18568884479583,1617.6357529216482
101839,-88.0936966328,41.4307676531,-354.86966712858316,206.05127161685778,1617.61862544325
313457,8.80970000006,54.6853999998,-369.0697237566724,202.12547485723982,1617.123247755795
101464,-88.0979080321,44.3598121875,-421.90541827343304,201.5279496020288,1617.048671288772
101503,-88.1019489234,43.1771579466,-567.7533955026153,294.54109360878584,1631.2533054894463
301358,8.81052333413,48.9397132134,-444.95576508038465,208.1675382579258,1617.8895558196643
101028,-88.1270883875,31.7562558647,-334.4378018937105,214.25624393668107,1618.684227671302
101399,-88.1270893825,44.535424943,-403.7749541697523,199.19817939395398,1616.7599715232473
101841,-88.1271615405,41.7100972353,-526.0758956187364,257.98530293512687,1625.050555329438
101484,-88.1310293998,43.7189827105,-712.2062843533728,447.42615003248,1665.6599444601147
301450,8.81394718242,47.9858650515,-660.6746356096081,389.85758244509896,1651.1274407010267
101019,-88.1559841199,32.8268184312,-334.2856857338951,214.32795152355254,1618.6937207669237
101204,-88.1563506019,38.093881039,-231.4133551937904,289.5505020836383,1630.3595873619022
101845,-88.1643349786,43.0438276396,-490.8917963174349,232.10653759867995,1621.1435271566897
101205,-88.1645887796,38.0645904766,-232.11471184712087,288.90367375248525,1630.2448354629641
101456,-88.1646404346,44.3270405078,-235.03263831814775,286.2267152604177,1629.772567990624
103081,-88.168636409,43.1075175229,-431.4558035515069,203.7947850986833,1617.332744143704
101852,-88.1736169224,42.2111190007,-727.9014291589405,465.3764893028791,1670.5712099883256
101485,-88.1845464923,43.5650044507,-696.0023856900051,429.079060080951,1660.8256171693456
101843,-88.1859004604,41.4853162197,-788.8983058894802,536.4791055936787,1691.757288024668
101486,-88.1892069497,43.5521345947,-754.954394608739,496.67445782494093,1679.5589920874122
101840,-88.193687573,41.8602983287,-538.332226842196,268.1673074640048,1626.6980652962245
101846,-88.1980461884,43.0515598482,-428.3509624940616,202.980999276256,1617.2304031625094
103082,-88.2143182987,43.0439162646,-331.7141528995934,215.56280497169942,1618.85768791863
101398,-88.2146982848,44.4643937001,-781.0523465417878,527.2318368600154,1688.8476250522933
101208,-88.2187553861,37.0187569411,-337.8848196494405,212.67195509132327,1618.4752859800951
101848,-88.2270872518,42.5397161959,-762.7417825269299,505.75805614866624,1682.2675477477603
301365,8.82273977614,49.3064909128,-403.9926948688095,199.21050874978746,1616.7614906479973
101483,-88.2436518942,43.543677186,-575.9804253422168,302.33205601330314,1632.6780340713892
101313,-88.253479906,35.0686151147,-303.5030564743414,231.71917645942193,1621.0881122212384
101854,-88.2553379741,42.0227679771,-546.2556059986935,275.0187480595095,1627.841577866288
101482,-88.2682211472,43.5983062845,-573.1148957383036,299.59999052054434,1632.174330506976
301599,8.82686361548,52.2187105487,-374.2511806448375,201.0776317946187,1616.9926112552641
101395,-88.2771341319,44.3980550857,-339.90549996254623,211.7798542694309,1618.3583031950516
301518,8.82773603956,49.4103561904,-158.76192287894804,362.22333916104367,1644.8217648970242
101385,-88.2812820533,44.7520657019,-338.6383711974511,212.33607953089833,1618.431185289179
101850,-88.2976111626,42.4640712696,-517.8878341184347,251.49111452079256,1624.0322261361982
101018,-88.3011885019,33.0932825263,-494.0386924412513,234.19003520215122,1621.443142214358
101866,-88.302318257,40.836271915,-314.2643525346859,225.01973625894854,1620.144059197216
101454,-88.3053901233,44.2647177246,-403.6950557119052,199.1937514502293,1616.7594259699868
101851,-88.314534513,42.3187153136,-571.704645626395,298.2625630187963,1631.9293634666076
103083,-88.3185455574,42.9436158143,-864.5261996406318,626.7544136240161,1722.5138565025156
101856,-88.3225497347,41.8268424119,-454.3322059519359,211.97021803825723,1618.3832253768485
101391,-88.3228894307,44.3858545856,-341.02447392174395,211.29765195579884,1618.2952723678145
101880,-88.326795777,40.3148290388,-311.667282737277,226.57910449317512,1620.361373718503
101393,-88.3352629917,44.3649968399,-400.46682590822104,199.05809582950963,1616.7427180480065
101853,-88.3395536841,42.0560710769,-441.56020139007626,206.94251892117703,1617.7323935012944
101857,-88.3520426681,41.6899311126,-362.34208316693923,203.79571163815032,1617.332860894159
101849,-88.3687558865,42.3854245751,-569.7372879080106,296.40482050046467,1631.5908520403937
101390,-88.3730399119,44.4065079034,-344.7421995077341,209.75684721463142,1618.0948136000584
101389,-88.3938468976,44.4311557334,-559.6980713379188,287.07691020213804,1629.9220972847727
301334,8.83971816655,47.7432682674,-586.9580553437074,312.9699057504018,1634.6813306425818
101858,-88.4147209993,41.6811133819,-365.30522556592757,203.0173898666575,1617.2349710027468
101847,-88.4304807936,42.8603951614,-354.58452438924576,206.14551990880275,1617.630633434115
101452,-88.4521365994,43.7555201985,-360.80531117582075,204.22555315603427,1617.3870802649171
101453,-88.4562626518,44.2610577423,-391.9166045319361,199.10727560641695,1616.748773942753
101031,-88.4608331651,30.8101811094,-712.4234122834328,447.6733232334683,1665.7263566327101
101368,-88.4645896344,45.7645917807,-510.46064507981055,245.83314189326475,1623.1656799289158
101427,-88.4897299425,44.5898208355,-752.6410611143565,493.98209322267775,1678.764783783197
101859,-88.5063074149,41.731457259,-340.0839126581204,211.70240384903593,1618.348169783451
101382,-88.5225510802,45.0602076944,-585.6428374340061,311.68161114231356,1634.4351677476395
101330,-88.5229221403,37.0312569301,-224.06593832834756,296.4029775205946,1631.5905172343516
101339,-88.5229231463,46.977091959,-236.51202119526573,284.87833571326473,1629.536301223371
101366,-88.531261432,45.7639298327,-545.960922580088,274.7603827439434,1627.7979477722608
101451,-88.5391447406,44.01503992,-389.09801543308583,199.25341180076177,1616.7667775409752
101860,-88.543997826,41.6313693537,-727.6363429741332,465.0719624428797,1670.4864025476102
101364,-88.5587443172,45.8935774474,-563.6220692879139,290.6918472986044,1630.562676174044
301525,8.85639856293,48.4436057594,-372.9106573461964,201.32859419468156,1617.0238383172932
101867,-88.5730850274,40.8276787992,-305.66600559629353,230.32307232690354,1620.8891413332651
101881,-88.5856556425,40.026857571,-303.0290157320557,232.02838118219265,1621.132338990255
101367,-88.5896897368,45.743778579,-725.1235738269336,462.1875644551968,1669.6856696944524
101450,-88.5979924695,44.0138666309,-402.5969415112744,199.13813081873673,1616.7525741411287
301367,8.86108239531,48.3232093194,-740.8407750537706,480.2935817828133,1674.787991223889
101428,-88.6436076643,44.3396065218,-414.87786060037274,200.3137730509197,1616.8978008890608
101861,-88.652584302,41.7020548666,-352.1650245910534,206.9690475402942,1617.7357872921405
101420,-88.664622732,45.1229600906,-501.31177888237846,239.19192208873483,1622.1731308459307
101422,-88.676355789,45.0645028568,-698.2739382996327,431.6388402506098,1661.488783970231
103047,-88.6975928567,45.7940170412,-585.0417187872288,311.0940119240952,1634.3232162277493
103048,-88.6981375418,45.768174647,-731.0681198291264,469.01775820753056,1671.5892283572548
101844,-88.7202395416,41.3270910416,-323.96336018764646,219.53720108496623,1619.3916986035856
304009,8.87311903831,53.056281026,-354.3985366997351,206.20731444055028,1617.6385094868288
101432,-88.7397373512,44.3978017616,-624.2749696842529,350.87274914819153,1642.3594542428266
101029,-88.772921861,30.8771805599,-326.403013936477,218.24607223534426,1619.2171685392113
301501,8.87756546468,47.6565372873,-383.4968457773269,199.73428666471668,1616.8261118980759
301252,8.87789080471,47.6567368243,-385.12305136686444,199.56863412695068,1616.8056564019319
101864,-88.7892482093,41.3844850603,-290.6850754457486,240.4717712747399,1622.3623404239868
101863,-88.8017618623,41.4393335649,-341.09902947846655,211.26582460328032,1618.291117040222
101862,-88.8523066115,41.5358723448,-346.6337551356305,209.00953798166051,1617.998108099417
101865,-88.8562559269,41.3395910366,-359.1185488477504,204.71776059746753,1617.449304414215
101868,-88.9319291221,41.2102969929,-302.34881004066415,232.47407121590655,1621.1961894334947
101872,-88.942931602,40.6771798928,-346.9206891307508,208.89836025500225,1617.983750154251
101417,-88.9477994354,43.9522206298,-252.89764755583212,270.36874494141335,1627.0624293760766
101424,-88.9555356801,44.9271768724,-704.363337787352,438.52094883189426,1663.289966725709
101425,-88.9597141244,44.9108410991,-692.4855562643713,425.1242649748038,1659.8082815543346
102097,-88.9777481559,35.2814440063,-682.1690877924095,413.5835526234514,1656.8899317234745
101030,-89.014588601,31.0270890103,-603.1453661270722,329.10825003040827,1637.8477130319727
101331,-89.039588965,37.1979236049,-202.8900067849788,316.8637417511305,1635.4312953109686
101873,-89.0769260801,40.7730874487,-316.5452395381824,223.68142311327804,1619.9587247494817
101882,-89.1033941723,39.797772991,-305.72092958904125,230.28793793150683,1620.8841492231118
301524,8.9104596274,48.3773207539,-738.9777846114595,478.1396618513288,1674.1715644106755
301355,8.91069623042,48.7104118585,-430.0826800662346,203.42584752493477,1617.2862969453563
102092,-89.1227901089,36.6438469191,-432.0469225278795,203.95800215926187,1617.3533186940888
101884,-89.1270353373,40.256992069,-322.88088011642566,220.12164144141587,1619.4710333552894
101332,-89.1441754727,47.9229735223,-458.9597668465352,214.06666940433323,1618.6591456498336
304016,8.91509797978,52.2425262357,-307.06727238642407,229.4316529961483,1620.762713737742
101429,-89.1644728754,44.8652779793,-570.193852308284,296.83510577990046,1631.669075170989
101449,-89.1733821351,44.1223635998,-701.1876397408982,434.92824796837687,1662.3463753763315
301597,8.91881984209,52.2478453782,-307.4839021445219,229.1686134091817,1620.7254993421532
301359,8.91907029611,48.9353256271,-566.7785893649685,293.62893074260927,1631.0888509872884
102094,-89.1917181876,36.2520900817,-359.2847759712245,204.6683097121374,1617.4430462450318
101338,-89.2020899855,46.7187585437,-214.38843832116635,305.62957268045096,1633.2918681432357
102095,-89.2177866818,36.2397299506,-645.663820524559,373.57954226836057,1647.3598772725477
101874,-89.2438575659,40.6230829643,-446.1213951846742,208.60698934095868,1617.9461569681125
102098,-89.2478376153,35.0311719076,-607.4146833725761,333.4460293887007,1638.7248534641426
101447,-89.2512350325,44.1808320847,-731.853292692537,469.92156914178946,1671.8430464582095
301451,8.92696354577,48.0312421253,-376.03530112952967,200.76556312700365,1616.9538342771846
101032,-89.2731654593,30.4811796752,-941.621765157801,720.3394766326354,1758.7273388565281
110168,-89.2857280314,48.3605297925,-563.4348794529877,290.5184779828706,1630.5317773338454
101870,-89.3101830304,40.9521013775,-317.6358130957227,223.05200368255785,1619.8719354297082
101444,-89.3396116418,44.522877176,-733.6061448738933,471.9406418426846,1672.4116898266618
102209,-89.3479221765,33.9729229531,-388.4149567662871,199.29850328489778,1616.7723353204635
101900,-89.3479224275,37.7520903628,-335.47004949422876,213.7736256475229,1618.6204168576621
101414,-89.3484295336,43.9522592538,-818.3138140325684,571.3652755794683,1703.1415587037934
102093,-89.3518940749,36.7476619277,-471.039252069549,220.18624566231924,1619.4798157509877
101441,-89.3559108402,44.5606671031,-809.3979537316577,560.7572390998547,1699.6121828372723
101442,-89.3564588232,44.5530399355,-856.9398409128811,617.6191857305449,1719.2109671091698
101440,-89.3599747435,44.5899139075,-743.0697240518748,482.8732401129329,1675.5296048900918
101411,-89.3643148659,43.9938679772,-743.13126238222,482.94450131552645,1675.5501431460916
101885,-89.3643968169,40.1944458358,-321.48339424643876,220.88654140363988,1619.5751773286868
101438,-89.3729871746,44.6232926503,-709.3261393388697,444.1506696328277,1664.783081419701
301335,8.93995989084,48.0389437389,-120.53046136093363,403.70638092537473,1654.4520944547924
101413,-89.4418258293,43.9774893829,-732.1099071132014,470.21704000348427,1671.9261214406647
102091,-89.4645890872,37.2145902543,-190.67688132888844,329.0870154210815,1637.8434462929417
101869,-89.4977910309,41.3641130136,-316.8586937114708,223.4998157852325,1619.9336586731006
102096,-89.510380715,36.1603001221,-260.6108277715941,263.83161723760884,1625.9889338799935
313459,8.95564668314,54.3155911562,-363.5344706053935,203.47448738753593,1617.2924156947024
101883,-89.5726015271,39.6896109061,-355.23411537661633,205.93167613293608,1617.603395792957
101403,-89.5979381012,43.7897224053,-738.1502220954221,477.18351489510104,1673.898741780287
101408,-89.6012413095,43.8980384933,-727.4782767242885,464.89039967143793,1670.4358636453705
313458,8.96016524451,54.7186770316,-369.073904020258,202.12454519722203,1617.1231315571395
101875,-89.6020893926,40.4520908412,-313.12326634157233,225.7002647363479,1620.238717087097
101899,-89.631678651,38.4516677237,-363.52055416256655,203.47817424984595,1617.2928795496614
301342,8.96499866391,47.8181031266,-414.25744017075743,200.2253673945653,1616.8868508941107
102104,-89.668380548,36.5522109825,-713.3533718362557,448.7323463816111,1666.0112873372534
304015,8.97279880456,52.3804535631,-220.2116820965685,300.0512374463246,1632.2572211324589
102106,-89.7312558003,36.8348373939,-735.9150030098939,474.60301563916033,1673.164939060035
101886,-89.7356699756,40.1351953109,-293.0930120798713,238.76723650959627,1622.1105646892306
101894,-89.7876012789,39.3064381314,-343.2128196907496,210.37921428753384,1618.1756099540696
101871,-89.8019444031,40.8024148332,-740.3125634576726,479.68267855788116,1674.6128994351047
101753,-89.8094060737,44.2653306347,-707.3636436834802,441.92225863176094,1664.1899451445386
101033,-89.8187554785,30.793755599,-586.8545575617625,312.8683951958224,1634.6618988519904
301377,8.98196600532,49.4685762652,-156.32396161509809,364.8162754537685,1645.39472640517
101876,-89.8354228459,41.0166386819,-317.79393662420796,222.96131115763265,1619.8594498039377
102099,-89.8687557266,35.168756506,-564.855278473002,291.8362799960197,1630.767091024313
101034,-89.8937554917,30.6312555616,-952.9241812383661,734.1557626912701,1764.4312326465958
102254,-89.9308003468,30.3436125588,-235.27037764816967,286.0096235316557,1629.7344555474995
102107,-89.9560914789,36.1686648838,-269.8712800331925,256.2583740926536,1624.7772909351595
101877,-89.9731739323,40.9567982389,-325.66285177852933,218.63394454655884,1619.2694934920416
102253,-89.9772001596,29.8565164135,-200.36745158610103,319.36491025188207,1635.9177353235639
101887,-89.9852072563,40.1273063123,-299.404190229907,234.430469464279,1621.4778863306237
102103,-90.006083269,36.3267803338,-268.99991655718,256.9575171711119,1624.8877058051514
301537,9.00316917207,49.4319241172,-97.70986081330335,429.1793006749162,1660.851517437304
102100,-90.0770891149,35.1270898216,-189.14758174059224,330.6370877576628,1638.1556014758958
102256,-90.0850798535,30.4981496126,-928.1038296161614,703.8437301774425,1752.0356410062218
101898,-90.1354227387,38.8604238615,-206.26580303172986,313.5366398332616,1634.7899300411407
102252,-90.13962496,29.9520325844,-202.61001377105657,317.14073513375286,1635.4849851732552
102257,-90.1520749801,30.4021639426,-917.8951495220786,691.4083229434133,1747.0770904231467
102255,-90.1729222298,30.4979221906,-937.5995004313211,715.4277956137677,1756.7213272408235
101763,-90.1812563325,41.5604243329,-304.4535516312114,231.102678170423,1621.0001044736325
102210,-90.1849620688,33.5228003218,-226.5211599967403,294.0979235916958,1631.173344407924
101756,-90.2520897083,41.7770910328,-229.64067307806033,291.1911224825974,1630.65175946879
102207,-90.2683307027,34.2558940185,-238.17550384723455,283.3693962713955,1629.2731832290128
102211,-90.2732706461,33.3975745515,-231.3368828066814,289.6211075072494,1630.3721283068205
102208,-90.3400223816,33.9520082363,-263.07419582743387,261.78679681193984,1625.6583951836378
101879,-90.3434499159,40.4815895806,-415.4470910420589,200.3975793689769,1616.9081856008183
102258,-90.3604222813,30.5062555192,-972.1317547322403,757.6822428252551,1774.3492530893388
101897,-90.369191428,38.951979808,-188.9138140167024,330.8743969576211,1638.2035152593387
101878,-90.3724360043,40.6769168218,-246.26003965345507,276.14904011224536,1628.032918340689
101895,-90.3937032121,39.2318429402,-258.2498644805854,265.8112774737702,1626.3113250783883
102213,-90.4065625541,33.6400100735,-262.45347585489753,262.30003166834217,1625.7411225220328
102101,-90.4309708011,35.8229625272,-242.6387080375371,279.3596253925528,1628.5805755766132
301360,9.04322148439,48.9353687681,-327.932112383593,217.45546482275282,1619.1107960937277
101754,-90.4397001969,43.2020912567,-456.929828787729,213.1295925366756,1618.5354843378734
101888,-90.4524595069,40.1978402791,-782.3205019920754,528.7247041549241,1689.3142702379855
102109,-90.4684820362,35.3729092689,-267.2100411414228,258.4025873996826,1625.1168536510957
102265,-90.4767561509,29.8241027138,-975.6253683303739,761.9673957793655,1776.1833247378415
101893,-90.489671232,39.3604588718,-254.00101568240473,269.4214708593783,1626.9052891321044
301328,9.05232756714,48.523328858,-556.8449066758063,284.47452039343034,1629.4657540430414
301361,9.05251701215,48.9351337391,-406.973004993932,199.41779402738388,1616.7870445487663
101762,-90.5354000418,41.7687576811,-506.22986457230235,242.715346145776,1622.696407249566
102212,-90.5431499204,33.5473458789,-246.32383793280846,276.09283116991236,1628.0233850499208
301470,9.05584491343,48.197628287,-532.6573698919184,263.38730966363784,1625.9169000099096
102110,-90.5604225919,35.2729231626,-684.1684536635512,415.8129056152779,1657.4478161686436
101890,-90.5680604765,39.8273465865,-230.03108633974333,290.8290903958615,1630.5871490559682
102108,-90.5729703039,35.3646948512,-671.8518670525672,402.13831755100256,1654.0701669786372
102090,-90.5895895033,38.5020904398,-379.52754312013946,200.22764888421116,1616.8871334214039
301526,9.06049976681,48.5104737379,-557.6392708955938,285.19681912562504,1629.5920092113117
101896,-90.6154056364,39.1603331383,-157.48473118864513,363.5807317285522,1645.1212232933642
101892,-90.6437562888,39.7062573205,-208.73394987883933,311.1190213923899,1634.3279769734543
102259,-90.6767474195,30.9352671177,-952.4260517991733,733.5463961428891,1764.1777705606105
102111,-90.6812559579,35.2604231546,-255.16254237496193,268.4285693665292,1626.7411557153605
101337,-90.6856566432,46.6061236484,-547.8810478711425,276.44864206170035,1628.083763982598
101761,-90.6891267005,41.73133149,-318.63631155788164,222.48059927451672,1619.7933534557837
101336,-90.6937570729,46.4895917447,-563.3430212089551,290.43343520386594,1630.5166270634297
103235,-90.6939619479,32.8688786747,-254.22775013894557,269.22730450690295,1626.8731457424817
102221,-90.6977397272,32.352271967,-584.9376770552996,310.9923879578759,1634.3038751143338
102089,-90.7019412796,38.1606731246,-450.6992208964085,210.42491737693854,1618.1815524529618
101891,-90.7602624324,39.881900052,-706.0660557604737,440.45041451371026,1663.7997050400284
102148,-90.7645894597,37.3270902146,-288.21942257443067,242.24479829477602,1622.6260916017782
301538,9.07734004721,49.381725166,-401.0475281075953,199.0762676162407,1616.7449555121545
102215,-90.7770788758,32.9727934983,-246.20853027723354,276.1944310404374,1628.040618222941
102217,-90.8184560822,32.485835346,-343.98138262844816,210.06443701340217,1618.1347158205783
101755,-90.8188790932,42.7188487887,-766.5571332524612,510.2195198794381,1683.6142222350077
301558,9.08271190365,48.5191436326,-678.4425108884794,409.43800058755073,1655.8600083253161
102216,-90.8437923023,33.1513057211,-262.81849081575956,261.9980574886014,1625.6924287742088
102167,-90.8481549817,34.5560435083,-263.5620910210736,261.38435043204106,1625.5936360286246
313456,9.08510333685,54.3779773594,-374.5164210776035,201.029649518458,1616.986645223608
102262,-90.85194971,30.3350700941,-650.3216084244228,378.6025685787209,1648.5062316474239
102113,-90.8862323398,34.9723216208,-257.8355811420448,266.16062295992225,1626.3684601160955
101889,-90.9020897531,40.3354240835,-316.5651166207976,223.66989014809255,1619.957132335558
102220,-90.9061458935,32.3146991739,-197.69288660572929,322.0304431779548,1636.44019052924
102219,-90.9143959771,32.4439491246,-351.83902393201174,207.083249067652,1617.7504019132248
102162,-90.9312560665,35.8604232613,-771.1206500281446,515.565041317547,1685.2418825423101
102147,-90.9352101469,37.5314261635,-521.0605247807171,253.97657468915773,1624.4189703819711
102218,-90.9645314623,32.9145511735,-259.2919827441936,264.9350985450525,1626.168348384343
102143,-90.9647226083,37.6147684874,-425.04766004280225,202.19616839699185,1617.1320853165982
102260,-90.9812557807,30.4395888177,-343.379060581309,210.31078307611781,1618.166714626177
101809,-90.985162428,39.0144953992,-594.7190204070095,320.644040618887,1636.1679289212314
102146,-90.9932932957,37.6020946454,-427.20468127370293,202.69914743021442,1617.1950516913291
102141,-91.0062332217,37.477176391,-448.6108007309688,209.5774942425107,1618.071573490788
102157,-91.0147004764,36.993448762,-452.3995352883138,211.1369891684151,1618.274302780925
102145,-91.0269963715,37.6188773077,-645.1716629431139,373.0503288602521,1647.2399456996932
102144,-91.0561981799,37.5896912433,-642.7662038030237,370.468074511641,1646.6570635922794
102156,-91.0727309652,37.0522590629,-459.90271093449155,214.51112117021512,1618.7179840700135
102161,-91.0848520582,35.8195263449,-702.96685626719,436.94014084205776,1662.8738910467814
102261,-91.0979224763,30.3812554689,-464.09964253056614,216.55871865828684,1618.990602033534
102140,-91.0982012264,37.4938527774,-467.8927013352961,218.50480735034915,1619.2520624291942
102222,-91.1083800712,31.3229223358,-356.49169523503633,205.52647658107148,1617.5518611227942
301369,9.11089889598,49.3435561228,-537.6739571586535,267.60725066288387,1626.6058316178915
102165,-91.1104061174,35.2520379919,-268.65016904662923,257.23894539539134,1624.9322342405908
102139,-91.1641978808,37.5061411934,-469.77470135133376,219.5032929067186,1619.387102098469
101798,-91.1812565812,41.1812575455,-223.9653710194019,296.4977119555718,1631.6077298299597
102151,-91.190136813,37.3897757208,-664.6608108873272,394.2224685584453,1652.1635044880695
101333,-91.2019257449,47.339674685,-455.7352872494309,212.59086117824867,1618.4646320208838
102088,-91.214566632,38.0311886219,-451.95201290791897,210.94765858194066,1618.2496116196623
101795,-91.214589952,41.4562575903,-295.17275225149206,237.31693624158376,1621.8977215204036
102206,-91.2312560044,33.5562561256,-197.9203396658187,321.8032203010964,1636.3954911457504
102163,-91.2397567501,35.2732716627,-242.7702640188097,279.2423093455903,1628.5604557935958
101797,-91.2770621522,41.2278815034,-340.02644740577904,211.72732656949165,1618.3514302098447
101804,-91.2812565665,40.7562574673,-273.4634880133541,253.40688425715683,1624.3299972095897
102160,-91.2892439472,35.6058573572,-219.9981998492964,300.2543500129441,1632.2945707033646
101796,-91.2897763552,41.4106819255,-314.1203961576269,225.10518830471162,1620.1559297325934
103085,-91.2935355145,33.5395120042,-273.79768869211784,253.14414957083272,1624.289029485801
101752,-91.2939920176,44.0647395011,-483.8809088417662,227.64892972921882,1620.5113162372065
102152,-91.3143743492,37.3146237606,-431.3535355203594,203.76681511259918,1617.3292199756727
102205,-91.3145075022,33.9895624685,-351.8005481671539,207.096778074749,1617.752133775421
102166,-91.3145894283,34.685564667,-224.6736422513744,295.8310497790288,1631.4867148890141
102164,-91.3227726159,35.035573253,-636.2738476213135,363.535325047099,1645.111188766001
101718,-91.3270905513,46.1729249895,-494.76238094671356,234.67619901224936,1621.513431713972
101760,-91.3438822457,42.1400826138,-706.1135169523477,440.5042272493924,1663.813951459288
301553,9.13447938694,48.535837595,-679.8161787890032,410.96462299086267,1656.2381508092387
102248,-91.3686002677,32.4318895766,-257.4883899607245,266.45384138832895,1626.4164720134206
101805,-91.3729232241,40.389590732,-193.95265919244451,325.7809453397537,1637.1823707798862
102155,-91.3812865398,37.1480276858,-467.8990144985638,218.50812062620727,1619.2525095319702
102150,-91.3899381275,37.3475849153,-443.89703697257795,207.77673862324852,1617.8393195737638
301522,9.13927637533,48.5317204457,-737.1213998568676,475.9953995129054,1673.5604295045448
313455,9.13930006633,54.3395450302,-364.77065315446146,203.15286409010884,1617.2519831597053
102251,-91.3977683861,30.7564113179,-201.5355983913403,318.205095645578,1635.6917110937493
301362,9.1400363584,49.0022040076,-335.0647184354688,213.9623052513111,1618.645346860899
101808,-91.4104231632,39.6145905959,-188.43217453908082,331.3636370799704,1638.302399078037
102087,-91.4228892512,37.6894602336,-504.11065338824585,241.18354648274928,1622.4679947351754
102245,-91.4391890626,32.9769366247,-263.81145307389704,261.1789900905408,1625.560628125171
102085,-91.4399423616,38.7104237671,-174.00196686952643,346.20293627095833,1641.3681378437375
102159,-91.4498368154,36.1104377129,-680.8341360346333,412.0970502482936,1656.5195047657394
102154,-91.4609446474,37.1432351374,-424.0515598523659,201.97603225345475,1617.1045756075375
102249,-91.4768618757,32.4575119987,-264.1790193450315,260.87669076384157,1625.51208504578
101803,-91.4773525287,40.860596303,-328.6421280286924,217.09329288016997,1619.0621941912982
301559,9.15187392938,49.0767829428,-387.3921400325962,199.37307260312843,1616.7815291266775
301539,9.15253814843,49.2808954127,-316.18241761671925,223.89233402003575,1619.9878604727026
304012,9.15265669544,52.9646532135,-217.84126654081518,302.31251697706557,1632.6744160324783
301500,9.15269979644,47.6685883433,-457.3165645258772,213.30603202359106,1618.5587274311783
102204,-91.5271199678,34.202038061,-261.4525912363202,263.13047429145183,1625.875314206729
101624,-91.5350035735,47.9227876383,-498.02553728340246,236.90030457520396,1621.8368121219255
101781,-91.5395944469,41.6557010108,-358.4157009146336,204.92912615768617,1617.4760701765383
102149,-91.5520351119,37.3769595677,-420.7881337206207,201.30891100992844,1617.0213877676415
301471,9.15615926573,48.0853591577,-525.9120107036413,257.85280623795677,1625.0295260489193
101807,-91.5645899519,40.4604240679,-202.0721116223163,317.67331541437176,1635.5883425154216
301543,9.16020646106,49.006364315,-327.25781242971505,217.80232232513183,1619.1574174416166
101782,-91.6188492684,41.6063501107,-313.81922707134765,225.28433706905096,1620.180830455239
102138,-91.6393166601,35.8897953737,-517.2686807611622,251.01075873687333,1623.957909506169
101751,-91.6401151432,44.0559798824,-180.09065777452133,339.899963773116,1640.050266369586
301542,9.16499350846,49.0733305805,-321.724609667242,220.75368339673997,1619.5570627734032
301541,9.1654411235,49.1192456673,-348.85113262065886,208.16543972186852,1617.889285810554
103084,-91.6566051476,36.4229617958,-439.9005641691373,206.3739604300319,1617.659761009577
101802,-91.6684542445,40.9225966241,-316.30427821913145,223.8214118145327,1619.978060108419
102137,-91.6974756839,35.9561377642,-694.8233038710213,427.752012281351,1660.48326545519
101801,-91.7085069758,41.1609422508,-293.31622831264326,238.6105969976021,1622.087515470586
101783,-91.7147983284,41.4733190407,-317.9227309514636,222.88754717079755,1619.8492984008728
102242,-91.7187560107,31.1354222743,-333.3678813290098,214.76378949333682,1618.751486832838
102153,-91.7478978961,37.0894943189,-525.5255918211386,257.540793615537,1624.9800464073724
102273,-91.8270893257,30.068755378,-254.98966530075376,268.57606747647407,1626.765500884228
102158,-91.8476627014,36.485619926,-933.1180837861294,709.9587649913025,1754.5011652415512
301385,9.18990053952,49.2396521723,-415.81552174907335,200.45319567925318,1616.9150795586052
301322,9.18999655453,48.0060055452,-591.0622892246581,317.0131306912441,1635.4602458869645
102247,-91.9270894459,32.0729224629,-831.0932047600562,586.6173021507009,1708.3186910025167
301480,9.19411393687,49.1193250613,-394.4352810013096,199.03115462441824,1616.7394011890458
301545,9.19430245089,48.9605437862,-328.89361631154657,216.96576631550144,1619.0450996185555
101749,-91.9727887777,44.6272264726,-431.77325165980267,203.88210951569667,1617.3437499265751
301544,9.19760573716,48.9980747003,-328.57405807983463,217.12787833072184,1619.0668319727836
102084,-91.9812565104,37.9187569296,-384.4221825748964,199.6374209353114,1616.8141484671912
102077,-91.9936310604,38.3316375177,-807.8890214317959,558.9647300527848,1699.0216185466763
102080,-92.0099248978,37.2438152577,-479.02045142246493,224.71412241121135,1620.1016411500318
301417,9.20203551453,49.1686839114,-420.83617138450813,201.31812742059006,1617.0225351781953
101759,-92.0271730042,42.5397552679,-333.3972198569781,214.74977315541432,1618.749627310007
102082,-92.0479231669,37.5604235279,-586.3589720842252,312.3826357539718,1634.5689957804118
102083,-92.0519665063,37.6684820808,-450.7161650742099,210.4319158145744,1618.1824625299143
101780,-92.0642896783,41.8104242656,-458.6970106613808,213.94385209938042,1618.6429077153205
101750,-92.0659718884,44.0934646525,-659.2674591725298,388.32078319888103,1650.765253302291
102244,-92.073044656,32.110544301,-209.4909033268501,310.3801435017766,1634.1874813882796
102134,-92.0815814027,36.4269977821,-760.8126166809623,503.5049226563519,1681.591537200745
102132,-92.0893939594,36.9183750158,-674.692902120425,405.2798925622567,1654.8367539311118
101335,-92.0934278127,46.6357547018,-554.0949657001815,281.98768363224804,1629.033438750189
301406,9.21034600421,49.2268637242,-409.1916634283379,199.6186392209387,1616.8118294874034
301540,9.21055679723,49.2150636152,-351.01607569449,207.3749393390857,1617.7877661522461
101719,-92.1119944602,46.0810355229,-579.3989711455225,305.61620363147256,1633.2893665141214
102081,-92.1142116774,37.2773122635,-287.6249086087387,242.67642400319008,1622.6905859137046
101717,-92.1311025418,46.1191317161,-594.3554889262781,320.28189992868636,1636.0969978176458
102133,-92.1518755915,36.7605362987,-385.55439419512425,199.52826497571945,1616.8006739762961
102203,-92.1562563229,34.6682474216,-233.80833012256724,287.3471265180922,1629.9697119775537
102131,-92.1893311016,37.0562606672,-724.714273295735,461.71811540886983,1669.5557819200603
304004,9.21896684193,52.6893128627,-413.3120415647612,200.09655448544655,1616.8709045446185
102076,-92.206256614,38.4229236753,-293.3152238365389,238.6113013523793,1622.0876190819845
102136,-92.2104230934,35.9937565603,-374.1205290357632,201.1014703276959,1616.9955758176789
102075,-92.2140714587,38.2689330805,-820.6623579126916,574.1641586408606,1704.0825601812119
101793,-92.2187570071,42.4187576889,-293.4152252722129,238.5412020545034,1622.0773088615697
304017,9.22263774623,52.9234759131,-229.1965431167911,291.60344638809727,1630.72544003931
301549,9.22283849125,48.8386895731,-448.73851340398363,209.62845011006021,1618.0781742368108
101758,-92.2314479761,42.8449604752,-475.07273284504697,222.42821971263052,1619.7861598897912
102135,-92.2319796192,35.9188898561,-454.11219746993595,211.87409514176352,1618.370638339106
101720,-92.2479241435,46.0770915786,-549.4510070119395,277.8373245138652,1628.3201373621246
103303,-92.2481228815,30.1978591297,-261.29170694079335,263.2642904039059,1625.8969762712081
101757,-92.2560490662,42.8352164213,-320.71415405461244,221.31253172963125,1619.633331203876
103315,-92.2562681062,30.4020784086,-270.7220496794354,255.57853921997298,1624.6702067052872
102276,-92.2643553608,30.285332712,-270.7590577106821,255.54902954904753,1624.665564770007
103301,-92.2932670642,30.0853908414,-277.1374482015172,250.54298981764543,1623.8856734982146
101779,-92.2938924883,41.8909647472,-304.79337068801874,230.88340330470632,1620.9688574329703
101794,-92.2979236776,42.2520909901,-372.36509123595704,201.43476701899962,1617.037060864711
101732,-92.3059032503,45.4563388772,-713.7501189594664,449.1843422758017,1666.1330871787313
103322,-92.3185275323,30.6355777409,-256.80039406620534,267.0360874626035,1626.5119620996709
103317,-92.3431978144,30.4638832227,-262.50193845545897,262.25991169162137,1625.7346499741227
103300,-92.3598775567,30.0819166161,-264.7975294027339,260.3691061387009,1625.4307005459973
101733,-92.3640899221,45.3958008612,-717.7858171880373,453.78828444906475,1667.3801899834395
101736,-92.3813179185,45.1643539401,-421.34137836974173,201.41615063909725,1617.0347419224663
103079,-92.3851019148,45.9811697706,-493.2563517284715,233.66740425306983,1621.3677394892106
301523,9.23965061364,48.5897281465,-524.7405608344095,256.9086471082811,1624.8799782768551
301520,9.23999376267,48.8564169095,-421.39738037982477,201.42713955627917,1617.0361107272188
102250,-92.4104228829,31.5354223344,-667.1486809365027,396.9551458602161,1652.8176785934045
101334,-92.4186172376,46.7033431314,-467.1333488074427,218.1080695809713,1619.1985736352176
101792,-92.4226949669,42.4519135616,-325.04821115221336,218.95858826682505,1619.3133588721444
102241,-92.4437562137,31.3145889531,-366.8463330328683,202.6390768353177,1617.1875235440864
301332,9.24456825804,47.7313291175,-595.5537202591929,321.47651608042867,1636.3312749065196
101791,-92.447803929,42.5394179079,-441.45543866621057,206.90603967243067,1617.7277274309527
102277,-92.4634845583,30.1980941027,-265.1378026404331,260.0904491925435,1625.3860872442474
102278,-92.4676173067,30.781061064,-901.2128268501277,671.1311711878536,1739.1520749451342
102130,-92.4815561608,35.9809920622,-456.51454645985535,212.9412297661952,1618.5106914013033
301550,9.24828275135,48.777211339,-440.21783309916134,206.48110561079892,1617.673433613918
101722,-92.4885099934,45.8854459527,-586.3552972078467,312.379035661991,1634.5683077703118
102275,-92.4899253375,30.4850862955,-262.08600598452114,262.60451383611627,1625.7902759990563
304011,9.25014260751,52.1600453749,-332.6876528408723,215.09032159071631,1618.794841012283
102282,-92.5064783969,30.0815331361,-261.9734520514205,262.6978704968123,1625.8053579717177
102079,-92.5102098732,37.585709404,-588.2194117535804,314.20883301675775,1634.9189831889955
301547,9.2513286446,48.910758465,-345.49008375745217,209.4583963908738,1618.0561518886238
301481,9.2524501797,49.1768920271,-396.19574822057956,199.00850612074825,1616.736613166906
101742,-92.5310356059,44.9271752654,-390.17134682506503,199.1901800308069,1616.7589859551395
101721,-92.5311271589,46.0104057861,-486.72032684163,229.42300763100482,1620.761489941207
101748,-92.5354240233,44.5687580038,-190.56456447187506,329.20071578359574,1637.8662955560253
102280,-92.5393682616,30.6646343643,-378.9481272477283,200.31019223744218,1616.8973572741672
103309,-92.543766789,30.3315773758,-262.6068527586341,262.17308646315627,1625.720645778851
301548,9.25579317597,48.8650763723,-355.4435694047417,205.8633829136907,1617.5947030299815
301425,9.25675990705,48.9562037868,-435.74226592526395,205.0378001106759,1617.489842416394
103323,-92.568507981,30.6903915485,-866.7807362765243,629.4721602028179,1723.5045956760275
102078,-92.5726644604,37.2520196044,-333.2248005781113,214.83222525940724,1618.7605677974411
102129,-92.5769507057,36.0477236647,-375.0522298828928,200.93441135605377,1616.9748076309008
102281,-92.5937562021,30.189588712,-243.36227947206876,278.71500523532654,1628.4701240702311
103320,-92.6021718508,30.5351950506,-257.240994138329,266.66302697601526,1626.4507557260984
102279,-92.6226708175,30.6190818966,-744.4860993491037,484.5139416977076,1676.0031773673445
103312,-92.6271007209,30.3598465281,-261.90558123079956,262.75418683422635,1625.8144585237583
101726,-92.6313212592,45.7852379644,-855.9480040016963,616.4259908926305,1718.7826776803245
101729,-92.6477397756,45.6809048658,-766.8392027886928,510.5496372569218,1683.7142937414174
101731,-92.6479241666,45.4067990231,-589.9878616917231,315.95135275964293,1635.2547655202334
101737,-92.6559757792,45.0270012917,-559.1758482574818,286.59892365467584,1629.8379778020894
102283,-92.6561584813,30.0731620144,-245.3533937924903,276.9491656791614,1628.1688276147438
103321,-92.6717284605,30.5358943387,-394.85128684481685,199.02353328185558,1616.7384629698086
101785,-92.6727103096,43.0648628353,-299.88486580720866,234.10814053662494,1621.4313159401793
101786,-92.677241849,43.1980774284,-331.4046218881153,215.71430437108936,1618.8778681408578
301419,9.26853193903,48.0726607977,-576.7986765934581,303.11570822691834,1632.8233289060674
301519,9.26889604506,48.8943982767,-421.2099113255996,201.3904501815613,1617.031540901512
101727,-92.6981695267,45.7771574178,-736.7728718737538,475.5930508776452,1673.4460376388272
103307,-92.7060702894,30.2566255156,-273.42201524669633,253.439519075267,1624.3350887902066
101734,-92.7143572321,45.1599685777,-572.8915558522706,299.3878665493506,1632.1354066017184
101789,-92.7229238728,42.9104244016,-321.2406697038894,221.02057922816277,1619.593463585334
101743,-92.7315436765,44.8311045815,-374.49942321920116,201.03270784060823,1616.9870254481677
101747,-92.7321503215,44.5638639194,-723.9565589661311,460.8493392153431,1669.3157293637425
102128,-92.7437565715,35.9854232006,-426.39018353014797,202.50500681597933,1617.1707295865597
101730,-92.7688447286,45.5973052449,-498.68170443479397,237.35376979210156,1621.9031114343752
102127,-92.7728592639,35.9686072312,-605.0967091169957,331.0869025218618,1638.246449062993
102284,-92.7768810142,30.152250069,-261.4172890211012,263.15982926201525,1625.8800652518005
301468,9.2778236338,48.8680711455,-527.9432978205865,259.5020775313149,1625.2920411695416
101741,-92.7897847733,44.9148169424,-829.8401428916848,585.1194344495,1707.8049196019106
102066,-92.7938062146,39.543707836,-242.52464636295525,279.46138186234646,1628.5980335240483
101744,-92.8058833916,44.752450121,-325.46505443821627,218.73816620885788,1619.2835688051673
101790,-92.810211979,42.5939617054,-339.5237869996336,211.9462786863928,1618.3800900576466
101735,-92.8147619554,45.0774894899,-669.0558386325781,399.05426178309085,1653.3230763203037
102243,-92.8186588657,33.5982276471,-624.0173280863867,350.60311536760025,1642.3018709577884
103306,-92.8315434038,30.2561561606,-271.18755390352885,255.20773562028762,1624.6119164792617
101716,-92.8520908035,44.7479246756,-200.3221140422215,319.4099786231589,1635.9265341970688
101728,-92.8564499418,45.5481561388,-636.0463350171065,363.29337916521763,1645.0577406861037
101723,-92.8640975655,46.1055130529,-631.994493076619,358.99618807291,1644.1140939414352
102285,-92.8812562739,30.0704822252,-252.1937743616447,270.9751021629209,1627.1632975329153
102125,-92.8856326382,35.9688981892,-661.7742305810024,391.05995641563953,1651.4117537300588
102286,-92.8941148639,30.7021126204,-949.6268648185686,730.1228745180134,1762.757017498564
101715,-92.9017059646,44.7811059734,-211.8298768760904,308.10480802651034,1633.7568557086572
101787,-92.9101395153,42.6944762807,-342.1737608404941,210.81122598300257,1618.2318325402084
102287,-92.9145896346,30.5023798349,-365.46365299518254,202.97765981280574,1617.229984024866
102074,-92.9229234163,37.6854235063,-501.8760663027573,239.59053990444275,1622.2319555654449
102126,-92.9270701707,35.7978192951,-108.38263421396827,417.2087067678556,1657.7985389814082
101725,-92.9339356352,45.8395992379,-615.4591073479697,341.7039580266046,1640.4250930100504
102067,-92.9479235304,38.9479237297,-209.4429372669108,310.42692787696336,1634.1963677591243
102073,-92.966855795,37.5937568207,-798.8203865884701,548.2096638262797,1695.5137057418638
301452,9.29727479441,48.0689162934,-700.7170265365146,434.3965007465739,1662.2073308425918
101714,-93.0105465006,44.9435988028,-471.9493362601942,220.68369484987699,1619.5475244705167
101784,-93.0199238914,43.6735813427,-333.2768315782404,214.80732345461976,1618.7572631669402
101745,-93.0562790064,44.668422142,-316.4013338142812,223.76498659389915,1619.9702651812324
301467,9.30622867715,48.8644315172,-528.6851303531796,260.10817732632097,1625.3889241526183
101713,-93.0895908991,44.9437580228,-328.22579246716384,217.3052802973063,1619.0906323276272
101778,-93.1227728459,42.3399170904,-318.79967941123175,222.38784774991566,1619.7806165258382
101777,-93.1520905923,42.3145909483,-307.38446290721555,229.23131076055734,1620.7343658598065
101776,-93.1690992537,42.323602358,-324.1813333194811,219.42037058054848,1619.375864298246
102288,-93.1895896984,30.2937553817,-370.05724384715427,201.90962298052267,1617.0962824452113
101775,-93.1910463355,42.3268063713,-322.1797907263876,220.50391914517033,1619.5230375651854
101670,-93.2142940284,45.3899827567,-419.72723268510407,201.1099856282885,1616.9966348652047
101746,-93.2310548448,44.2560379409,-303.50997298029773,231.71467353903253,1621.0874685775862
102124,-93.2432403068,35.9525845669,-123.47476654863401,400.45485640621365,1653.6616893625207
101678,-93.244678146,45.0935845902,-730.3272234599474,468.16526434254075,1671.3502342665665
301324,9.32692588486,48.6359180923,-407.823127083704,199.49006559569247,1616.795960261331
101636,-93.2727232633,47.0020753271,-907.3786455236755,678.6190591860144,1742.0553143733687
102065,-93.2729236833,39.6395904979,-358.15127765750094,205.0095966403562,1617.4862675029508
102119,-93.2730897253,36.364908357,-602.4732720498225,328.42832575450365,1637.7112248512835
101682,-93.2771030986,44.9060910687,-492.94606326770986,233.4609695217532,1621.3380015086375
101679,-93.281406768,45.0486995115,-328.830409082809,216.99778066929827,1619.0493901241512
101677,-93.2977600163,45.126791644,-348.82306095816114,208.17590883894667,1617.8906328509684
101671,-93.2979301274,45.3313997069,-427.9849136633302,202.88989950877257,1617.2189716203136
101712,-93.3019988037,44.8064381384,-392.1172852583976,199.09932461986915,1616.7477947750767
101668,-93.306005366,45.6314082357,-874.2713211496659,638.5110054769534,1726.8263360747007
101680,-93.3105168384,45.0480711714,-563.6246451954371,290.69423365971045,1630.5631016090706
102123,-93.3187852241,35.9146830617,-138.69003919648898,383.7944303736065,1649.7063543648567
101681,-93.3348723294,45.0021008606,-411.3406816638197,199.85092283597155,1616.8405246666646
301323,9.33533781756,48.0613968728,-712.2047479433406,447.42440114024345,1665.6594746771293
102120,-93.3559864222,36.4565269416,-315.59689625963665,224.23428323093773,1620.0351553661042
102117,-93.3640845818,37.0070057391,-354.2683407759151,206.250722302169,1617.6440434459466
101669,-93.3724614345,45.3277507266,-488.161270988586,230.3397143208655,1620.8915061901594
102072,-93.3769683699,37.6691639779,-233.09453917310447,288.0022119623921,1630.0853244358764
101666,-93.3972858136,45.1936222935,-257.32357340040073,266.5931790822352,1626.4393053474691
101800,-93.4060510783,41.9522175123,-324.129210101152,219.44828172916036,1619.3796464078046
102122,-93.4062415643,35.9396050098,-100.45062082774015,426.0961470164773,1660.05747410994
101635,-93.414089618,47.1732847063,-763.4077477485408,506.53628643846014,1682.5016791447345
101711,-93.4224584787,44.8274715942,-403.84822440411074,199.20228541820862,1616.760477424477
101673,-93.4312410574,45.2941927788,-610.7597762944563,336.86680295699904,1639.4243299952745
101674,-93.4352513877,45.1647525611,-588.2808459151267,314.26925887697087,1634.9305972796112
101788,-93.4395026121,43.2480623595,-342.4291927593312,210.70433939212296,1618.2179116190305
101672,-93.4400077121,45.2822302708,-442.29937020536323,207.2021526127553,1617.7656266880397
101710,-93.4647665732,44.8102342518,-216.98691886991628,303.1307345805785,1632.8261184502612
101637,-93.4856497129,46.710917247,-255.71006901642397,267.96207464158425,1626.664244486922
301413,9.35218324095,48.7059056961,-734.1633080173771,472.5828188630411,1672.5930202923016
101634,-93.5302224116,47.2321743082,-354.73090430290745,206.09706271025402,1617.6244589223359
101625,-93.547444183,48.3975703276,-625.4005547339011,352.0518755408427,1642.6117660353618
101700,-93.547960317,44.027445834,-342.14889012927665,210.8216570509649,1618.2331914553295
101799,-93.5681883777,42.1400038288,-340.1723201356547,211.66410494108874,1618.3431602001158
101770,-93.5937574098,42.5479242906,-343.37389239548907,210.31290764085003,1618.1669907541477
301383,9.35961243656,49.3230918892,-734.0068979145927,472.4025241376041,1672.542087858349
101769,-93.6096463022,42.5433965112,-362.6415895048441,203.71401328955693,1617.3225683383396
101638,-93.6097267122,46.6518992031,-931.4599241293955,707.9360859115374,1753.6836637722704
101764,-93.6102530132,42.8644709618,-342.4344733957211,210.7021343920243,1618.2176245126425
101765,-93.6229241082,42.7562576538,-308.15200059970516,228.74873611382796,1620.6661825063356
102115,-93.6229328632,36.2646303517,-573.7911774443108,300.24303259369896,1632.29248894524
102116,-93.6232403453,36.4267730701,-339.9783291203606,211.74821262500072,1618.3541628444216
101708,-93.6395910226,44.6937579491,-212.24340819540834,307.70376521616566,1633.6812718441106
101659,-93.6646372957,45.3352869802,-640.0185805330084,367.5274239072706,1645.9979642058797
102071,-93.668828579,37.8357531547,-818.4760766793402,571.5585919806615,1703.2064216978813
102070,-93.6847875264,37.4440433493,-231.78284136665826,289.2095802074976,1630.2990744430244
301423,9.3685332933,48.9311369827,-288.97395793309283,241.6992861595387,1622.54474076249
301382,9.36858674831,49.3270011275,-523.0947458836932,255.59092101691797,1624.6721545444982
301552,9.36898539234,48.6779009038,-481.87876340809487,226.42420368719002,1620.3397208182498
101667,-93.6933293331,45.7058777819,-371.90922568951305,201.5252698438168,1617.0483373206903
101639,-93.7074791472,46.5405210489,-933.3493854956408,710.2409537777187,1754.6153718889702
101665,-93.7354335666,45.0898132169,-337.1779117289701,212.99047381161327,1618.5171709872222
102289,-93.7399697539,30.3062649037,-625.2577830406827,351.902209296509,1642.5796954040768
102239,-93.7604232946,32.5479224892,-232.7792022227418,288.2920491983276,1630.1365576162495
101663,-93.789409574,45.0939977632,-230.0482343339835,290.8131980553725,1630.5843145968195
102118,-93.7939659474,36.8190399946,-321.639552787242,220.80049205161168,1619.5634436897553
101633,-93.801487719,47.2521805148,-921.6188669863841,695.9419806297416,1748.8762481230149
301521,9.3805532273,48.6770475787,-596.806102500438,322.72807400675947,1636.5776182626041
101626,-93.8078744426,48.197484439,-622.5072565161307,349.0247445863693,1641.9656400727652
304001,9.38107475234,51.7524968112,-301.35056497648463,233.13241135322644,1621.2907241051357
102237,-93.8145900351,33.6062560297,-366.5499965593099,202.710407073862,1617.196463013086
101692,-93.8480134389,43.5857955465,-341.5471730994006,211.07530975159787,1618.2662565946057
102114,-93.8554105325,36.2020591155,-714.7321621444398,450.3036164241438,1666.4351886018992
101701,-93.8725727739,43.8981462103,-357.6897920078477,205.15128123962774,1617.5042315370451
102240,-93.8729203729,32.6479195494,-232.0416108468453,288.9710306063492,1630.2567734487964
301551,9.38736081586,48.7181052691,-562.0627885484689,289.2504921264354,1630.3063325772155
101702,-93.910424342,43.9937578252,-735.7840721687149,474.45195178701505,1673.1220951862697
101627,-93.9133936823,48.6351096192,-218.89592597783204,301.3047909998383,1632.4881218328794
102064,-93.9353474281,40.7232635856,-390.9012049780471,199.15250860962146,1616.7543451407485
101806,-93.9520514445,41.5352391558,-398.0883936895849,199.01221499139226,1616.7370697060687
101632,-93.9597010351,47.3277473051,-927.3705782171832,702.9498916413918,1751.676751288499
102236,-93.9647351745,33.6911245978,-766.0352913599698,509.60888830357436,1683.429270829039
301453,9.3975273157,48.0732004507,-586.2721883204638,312.2976256255214,1634.5527516165769
102238,-93.9984396413,33.2395220744,-629.5533489392554,356.41813328423325,1643.5530951508085
102182,-94.0272557027,36.7772245171,-327.3871622884581,217.73556658593594,1619.1484390884254
101706,-94.0350156033,44.4852277789,-348.65805955481505,208.2375577987704,1617.8985664509323
101657,-94.0395523987,45.6608178441,-643.8496143336007,371.6302210003265,1646.9189148245086
102234,-94.04345087,33.5521953273,-233.9400150423742,287.22642179879074,1629.9484372903707
101704,-94.0499783386,44.5149720613,-344.6449192309683,209.7959532032462,1618.099883451712
101703,-94.0686041751,43.9340971623,-339.5385202157581,211.9398369192543,1618.3792464435971
101691,-94.0856032955,43.6105185895,-349.5720156158089,207.8985086107406,1617.854962822241
101707,-94.0896824919,44.6230466673,-342.4275966897565,210.70500588977322,1618.2179984022532
102290,-94.0942371682,30.3567359269,-611.6657061613756,337.79647536520594,1639.6156103230846
101690,-94.1265754949,43.5146555376,-343.6298568931966,210.2079052611032,1618.1533469607405
102069,-94.1437571123,38.0562568409,-426.91658092182024,202.62989371399752,1617.1863728935298
101655,-94.1477201647,45.5468175117,-375.149051784917,200.91744300122946,1616.9726991350653
101705,-94.1502569029,44.4652506652,-366.3322314948107,202.76325456275774,1617.2030881268026
101650,-94.1777795812,45.9271958492,-355.9082117136318,205.7130334192109,1617.5755756577555
102183,-94.1813773075,36.6230937984,-482.66971781608345,226.90541597737035,1620.4070348668106
101640,-94.1854924008,46.3768279934,-901.261639119617,671.1904184984048,1739.1749390817615
101652,-94.2021909152,45.7645474417,-629.5932833357798,356.4602401399498,1643.5622268860452
102184,-94.2102205158,36.8111859369,-324.8704085332888,219.052930637421,1619.326118256242
301373,9.42326573183,48.7061798611,-503.67729303149054,240.8728160207785,1622.421833045822
101654,-94.2349344499,45.5644206502,-637.7598458682138,365.1172831884652,1645.4614919009534
102235,-94.2355567889,34.3771665375,-726.944467232618,464.2773571718618,1670.265354735131
101656,-94.2516746123,45.2897302154,-777.6519082784132,523.2323364952484,1687.6033209259404
102188,-94.2689940707,36.2522313907,-344.7217236410287,209.76507292016768,1618.0958799351752
101699,-94.2768417064,43.9978541735,-355.3832045640195,205.8830321008289,1617.5972038035354
101664,-94.2855307641,44.8395739042,-336.131672823053,213.46795578026,1618.580074939448
101651,-94.2933849077,45.8440755203,-493.04133652826323,233.5243033327305,1621.3471223316192
102202,-94.2978116141,35.3516320692,-223.59491520104618,296.84689538709756,1631.671219991008
304007,9.4313368245,52.0012322967,-318.12148623894007,222.77390274448157,1619.833665099597
101649,-94.3391297995,45.7604007294,-434.4462576066195,204.64747718026348,1617.440410266243
101647,-94.3604247263,45.8604247337,-396.17449575085135,199.00862954507377,1616.7366283595463
101645,-94.3721452962,46.1850982755,-650.4948379404016,378.7898814475514,1648.5492607541441
101694,-94.3826318051,43.7683114546,-361.73134129618006,203.96440769310172,1617.3541264829987
101631,-94.4255311007,47.4441285567,-939.0773456714742,717.2321014215307,1757.4569064860539
101646,-94.4303705961,45.9315994455,-526.4353829627679,258.27628937796885,1625.0967763492852
101689,-94.4352697075,44.2398476166,-352.05755235814644,207.0066115480007,1617.7405935657825
101648,-94.4772723429,45.8271530669,-451.0562837615455,210.57281130807738,1618.2007909119845
301440,9.44837957291,48.1059074094,-427.8805104534157,202.8641043849522,1617.2157356685268
101698,-94.5184113263,43.9810817762,-360.24219183778325,204.38750631235658,1617.4075378773803
101696,-94.5598788248,44.052173191,-348.82231542473596,208.1761869562476,1617.890668636675
301407,9.45611297155,49.248247831,-393.8905370091819,199.04325764746508,1616.740891194659
301466,9.45648914758,48.8063511174,-526.1647216237237,258.05715827761685,1625.0619642906863
102185,-94.5854237799,36.6270898967,-506.0726165686701,242.60098991948863,1622.6793063189969
301404,9.46059136492,49.2519139443,-532.9738055029976,263.6509344203679,1625.95962621054
102181,-94.6062571616,37.1604233248,-369.90793807767767,201.94177248095951,1617.100296926179
301422,9.46104006296,48.9732981112,-729.7890599600087,467.5462544379027,1671.1769478080105
102233,-94.6117238491,34.6395895272,-129.77762350360948,393.5236406640287,1651.9968966700444
101695,-94.6686331068,44.0566464294,-355.9270413831937,205.70697391829447,1617.5748050599107
102190,-94.6935634918,35.9563652282,-807.7349123038242,558.781705683495,1698.9614137621081
102316,-94.7229234423,30.4645886978,-920.0300161183133,694.0072162959342,1748.1072355884855
102056,-94.7229240563,39.3979237079,-323.71387116206887,219.67127618633194,1619.40988030434
101630,-94.7310725529,47.4770750934,-679.9365945096598,411.0985298922422,1656.2713823904428
101662,-94.7394681296,45.2231654209,-354.72970076270406,206.09746048860117,1617.6245096022237
102317,-94.7807933081,30.4816603292,-983.0708455741363,771.1056280973327,1780.1226869318216
101661,-94.7836256043,45.3770913017,-342.9084900156082,210.5049800146569,1618.1919655766915
102068,-94.7900936468,37.8186451583,-433.9994747800644,204.5158204291031,1617.4237576008875
102191,-94.8354625006,35.9228183204,-730.3065871759316,468.1415246087494,1671.3435846375182
101644,-94.8395960739,46.2523700951,-622.3872559899486,348.89946308610973,1641.9390141499657
102319,-94.8479234726,30.4270886857,-655.8856957670073,384.6364027825589,1649.9024374766805
102055,-94.8604241266,39.7533411384,-185.06780727552714,334.7923719551188,1638.9993359258326
301341,9.48983205734,47.6639950119,-523.4067689130987,255.83995069551838,1624.7113501228057
101688,-94.9074377565,44.2773215957,-356.70618295906127,205.4585287631739,1617.5432290629865
102189,-94.9229238168,35.9229230844,-694.1493527388382,426.9939950009474,1660.2881564996044
102315,-94.9603373139,30.7155580356,-1064.5565568620807,871.5701366188458,1825.8881110001726
102063,-94.9645907483,38.9812569565,-182.219902890501,337.70986780682523,1639.5977694727717
301454,9.49795448001,48.1772879714,-568.2139144417936,294.97284729626944,1631.3313187357294
102318,-94.985218444,30.5189861173,-805.9137204068472,556.6194683991059,1698.2514900470094
103232,-95.0327832639,44.6936519671,-365.94071486075273,202.8591833739249,1617.215118382561
101642,-95.0477861141,46.3977858691,-619.620313164987,346.01681656524516,1641.328890927084
101653,-95.0849936822,45.864603615,-549.5243955715357,277.9024199231373,1628.3312457375253
102180,-95.0979239723,37.3187566599,-252.43256929107426,270.7692112838388,1627.129022734601
101641,-95.1213973112,46.8141748096,-626.1650976409734,352.853846352096,1642.7838347547292
102186,-95.1644239058,36.147605169,-745.870489769136,486.1186830701826,1676.467794166018
301486,9.51815574568,49.756420543,-477.6102085191062,223.88730082124962,1619.9871648611943
101629,-95.2226327086,47.326949657,-752.138079675965,493.39707442910986,1678.592733184911
101628,-95.227090051,47.2560708241,-744.1762934523017,484.15497177062286,1675.8994383721829
102187,-95.2311650133,35.8521819366,-162.30276682231195,358.471707488904,1643.999652042541
102201,-95.2379441529,35.264589615,-198.21340379203133,321.51059919866566,1636.3379712770436
101687,-95.239183271,44.8399676462,-359.69228451044114,204.54795261637,1617.427820882754
101643,-95.2560081014,46.6765589792,-626.5353048551517,353.24248312955143,1642.8673539679085
301442,9.52776317048,48.1570441297,-411.5523173307792,199.87580229605956,1616.8436001015928
102322,-95.3187568816,29.3687551191,-265.8670485350059,259.4946739356633,1625.290859091677
301479,9.53591577815,47.6735871187,-555.559942119986,283.3098471370384,1629.262827272137
102320,-95.4604236223,30.2479219619,-793.5796317517062,542.0087644203529,1693.5189374655552
101683,-95.468575531,45.139416078,-367.0273746731468,202.5958310318291,1617.182105267512
101686,-95.481089511,44.872985514,-365.0481140623632,203.0822760259682,1617.2431176795506
104270,-95.5272802798,46.5270087138,-525.6125043254423,257.6109221543196,1624.9911624557176
104281,-95.5394937828,46.5760791899,-526.350267584204,258.20734945793515,1625.085821167632
102321,-95.5595036075,29.7604218585,-479.0743101460249,224.745922699827,1620.1060522744126
102331,-95.5812569483,29.3479217724,-330.1905817529088,216.3143959926927,1618.9579391570583
101578,-95.6064612274,46.6434224234,-582.92735691335,309.0333317595759,1633.9322173775784
102179,-95.6187573514,36.1623144232,-343.6633148386012,210.19421339207784,1618.151568361104
102054,-95.6269030431,40.6334536622,-272.29754627499597,254.32692833309815,1624.473784744258
104284,-95.6393936941,46.6643990072,-266.1538010025256,259.260937050497,1625.2535569338977
102313,-95.6562570585,31.3383386381,-338.47586310138433,212.40819290430392,1618.4406480494915
101577,-95.6643041512,46.6727166679,-264.56646070901843,260.5585724899701,1625.4610609128713
301401,9.56812624982,49.0566121841,-416.2647764573143,200.52247143356152,1616.9236693164612
304018,9.56852056885,51.3645241641,-277.1230799450426,250.55408430730148,1623.8873852607685
102330,-95.7562570028,29.5812551487,-342.03200062377556,210.87073843332567,1618.2395864560356
301418,9.57716995556,48.2561316319,-547.0238002590474,275.6935202326929,1627.9557143682625
102314,-95.7812570678,30.8854220806,-974.6256936690556,760.7410457468653,1775.6575766543558
101685,-95.7890264425,44.7105883035,-358.8369624483971,204.80199972206572,1617.4599685729916
102178,-95.843630071,36.5091653349,-223.40187724672668,297.0289817631996,1631.7043564485782
102053,-95.844134546,40.6816339112,-197.40893163725687,322.3142498425419,1636.4960636975409
102312,-95.8850807924,31.5728642555,-743.5504772770126,483.43000809074414,1675.6901454530912
102332,-95.8979236945,29.3145884226,-398.79609880632745,199.02106989040254,1616.7381597235546
301372,9.59223426581,48.7059115061,-407.2473170359692,199.44047739815758,1616.7898425184364
101960,-95.9227741835,41.260342713,-171.80285623790368,348.4936573567332,1641.8528314266957
101589,-95.9315740513,47.314573386,-353.96284814023585,206.35305989973386,1617.6570947441144
301465,9.59386559095,48.7936648714,-381.73377077239024,199.9378655824025,1616.8512735992858
104324,-95.9396647839,47.327191028,-277.222235275563,250.47753834177036,1623.8755765328015
102177,-96.0063151275,36.1438140807,-315.5339129251082,224.271182039347,1620.040263061172
301331,9.60243730265,47.6277302269,-463.67907331052413,216.34847635184633,1618.9624931003655
304010,9.60634610698,51.4980455901,-258.80349632300545,265.3453390261387,1626.2352350717536
102200,-96.0729241,35.6729229827,-739.9595528428424,479.27449417326625,1674.4960231696657
102339,-96.1062570807,29.306255082,-350.0380467022238,207.72791300603,1617.8330496957424
102308,-96.1106698051,32.135176394,-212.040574661257,307.90042641641094,1633.718324385631
102176,-96.1136167923,36.1270897293,-297.67133359652007,235.60196796963515,1621.6476738666604
301477,9.61463408666,47.8267337863,-751.3578805522297,492.48988991998726,1678.3263039466985
102052,-96.1562579399,41.0145905527,-186.64469822616144,333.1828725509469,1638.6713268399144
101597,-96.1687962909,48.1267959132,-270.00840460245877,256.14861371607384,1624.7599832451103
101579,-96.1850700762,46.2096899686,-213.94025357923428,306.0621114323364,1633.3728621782611
102199,-96.205772876,35.264589569,-202.18225834548662,317.5642113515856,1635.567155202543
301478,9.6235444264,47.8237451661,-607.012523749212,333.0360596813298,1638.6414824158612
102195,-96.243093478,34.9770895142,-177.3442496432132,342.73574728347137,1640.640327223473
101590,-96.2440201041,47.2649362109,-493.87641362260104,234.0813760224506,1621.427451798738
101598,-96.2726431705,47.8897739566,-272.29363917529326,254.33002034288165,1624.474268830872
102048,-96.2812151412,41.2937143928,-289.2106182021413,241.52871665907088,1622.519340968533
102311,-96.2899827439,31.8485019693,-267.2275186243971,258.3884190624434,1625.1146008671433
102309,-96.327288977,32.5146320944,-253.9197919961411,269.4910685160673,1626.91681620663
101959,-96.4104248459,42.4895907647,-373.9760646409875,201.12798543077935,1616.9988736450714
102050,-96.4517362423,40.9691277829,-320.34341737159866,221.5190868542992,1619.661568565096
101622,-96.4627853682,48.9814748619,-597.8744054897301,323.7980343377524,1636.7889472644229
102307,-96.4630488452,32.4265355741,-216.53996052123958,303.55945997169584,1632.9057647593424
102306,-96.4852724481,32.6387499597,-236.9179230550444,284.5094326332829,1629.4718494356684
101580,-96.4935791938,45.8230953546,-274.1364047902549,252.87831446704925,1624.2476205227088
101591,-96.5003550063,47.2638634078,-273.6588067158465,253.25327940243525,1624.306040859934
301485,9.65215512777,49.647920018,-252.714399939533,270.5264511096651,1627.0886428206593
102310,-96.5230329482,32.1938645989,-257.46816681181235,266.4709333149328,1626.4192722504602
102045,-96.5231264652,41.7109403763,-597.2560060135266,323.1784119869928,1636.6664830747955
102047,-96.5354247702,41.5645906152,-324.3915853604293,219.30795106982706,1619.360635636309
102232,-96.5634481705,33.8187559523,-209.36226232620723,310.50562641723445,1634.2113189189288
101958,-96.5645915966,42.8395908077,-287.3520748735051,242.8750353519759,1622.7203004964251
102341,-96.5646355756,29.0232604295,-265.1626075947818,260.07015233754663,1625.3828395128517
102062,-96.5708805402,39.2395902408,-426.5377878020644,202.53981050157543,1617.175088134862
104039,-96.5765392356,41.0568225482,-338.8977858604552,212.22132938463807,1618.4161342163418
101581,-96.5771496557,46.1521309208,-247.31619063677442,275.2201246779406,1627.8756119168706
102061,-96.5854246194,40.0532483622,-280.45573422722435,248.00348720155787,1623.495802430705
102060,-96.5943163721,39.1019508525,-365.28970672208686,203.02129196592486,1617.2354608520982
102305,-96.6061359911,33.2478010901,-259.72728680433175,264.57021320717655,1626.108941172908
104335,-96.6091039233,48.2144697544,-340.69521560343844,211.4386610687186,1618.3136896907588
101599,-96.6107526815,47.7728962469,-216.4066949745698,303.68737766568256,1632.9295496742793
102304,-96.6226110254,32.618442704,-205.52885791937925,314.26096254277536,1634.9290025638106
102049,-96.6685564092,40.6605475084,-330.06911947616265,216.37494784398373,1618.9660308049927
102340,-96.689590549,28.9604216583,-266.74283509047746,258.78175294277275,1625.177186186823
104031,-96.7189121724,40.9555645168,-321.34488976122685,220.96298382299167,1619.5856047353425
102173,-96.7270910001,36.5062564327,-198.30305435998207,321.421117155432,1636.3203920380113
102043,-96.7275406211,41.839451438,-302.39638511203134,232.44282190154857,1621.1917086820856
102303,-96.7354240758,32.7080209144,-199.84970838525518,319.87981931948553,1636.0183341435547
104268,-96.7355966788,46.4979352784,-257.80313212612214,266.18801029601826,1626.3729423694122
102302,-96.7563633045,32.8896949805,-490.7771783623083,232.03159939694544,1621.1327996079438
102040,-96.762157497,41.4520905829,-213.4345828355403,306.55066738200065,1633.4644784990996
101582,-96.7805383125,46.468961336,-260.0619072414013,264.29016882461013,1626.063401034328
101584,-96.7854255799,46.9270913639,-224.64027900603267,295.8624252693242,1631.492404374667
101592,-96.7936257986,47.2699274203,-274.1884629821307,252.83749775373317,1624.2412662890802
101583,-96.7977003759,46.8023820836,-234.15662231928144,287.0279776115251,1629.9134795374105
101588,-96.798561761,47.07302256,-260.5941946291426,263.8454966684254,1625.991186002616
102327,-96.822924013,31.1338936692,-219.6340855529505,300.60102622371505,1632.3583760353413
101593,-96.8476244421,47.3562649124,-229.7898927336051,291.05270367754355,1630.627047231829
301436,9.68971751188,48.2226173001,-338.43594538821225,212.4259334653041,1618.442976460583
102298,-96.9269699446,32.7479697157,-144.04467180393343,377.99186930272344,1648.3660831577895
102301,-96.9396161547,32.9641575286,-182.3335932177722,337.59313884581076,1639.573730651279
102299,-96.9475154523,33.5566695996,-259.89850171735054,264.4268747723805,1626.0856259582008
102329,-96.9478421824,30.8355038755,-196.4096448731205,323.31423691692044,1636.6933086681681
102231,-96.9770908988,34.2354226768,-222.08405656220205,298.2744603291124,1631.9315379422655
101606,-96.9980788975,48.173443833,-320.49989178915877,221.43180869487858,1619.6496339479938
101587,-97.0015114378,46.6347009577,-237.5538562010381,283.9323869398844,1629.3711950318032
101607,-97.0057942641,48.1937115517,-320.62440037285864,221.36246346573242,1619.6401548114331
102351,-97.0147720679,28.7939363906,-513.8928592974725,248.41921447289099,1623.5593604686323
101600,-97.0292526531,47.9269315416,-221.8636942585462,298.4831357652224,1631.9696912572322
102175,-97.0354243706,35.9604229865,-208.26738036942322,311.57505639550385,1634.4148514418998
101613,-97.0439355073,48.777149407,-359.06945090474176,204.73240615804588,1617.4511581427269
102172,-97.0562577963,37.0562565112,-215.1074624020014,304.936590591178,1633.1623358158113
101615,-97.0562654803,48.8234218698,-360.2352245398864,204.3895249989976,1617.4077929747034
101595,-97.0611413817,47.4142560622,-323.937604687511,219.55102465224127,1619.3935726906645
101608,-97.0687177664,48.3601321225,-343.42110660854536,210.29350540279688,1618.1644691626936
301484,9.71037374059,49.5730534398,-351.775540774737,207.1055769941755,1617.7532601939258
304013,9.71043654859,51.4060805085,-272.5369214282021,254.1376043727339,1624.4441550272813
101610,-97.1054321054,48.414370042,-272.55273027487266,254.12510886968425,1624.4422002041235
102059,-97.1197620406,38.9062568203,-197.86217008598635,321.8613215702424,1636.4069179665944
102297,-97.1237040889,32.497818306,-252.51352103895738,270.69945572951445,1627.1174162236236
102057,-97.1261219161,39.3562568935,-207.4276903341957,312.39694588961385,1634.5717306521433
101604,-97.1395209072,48.1938298227,-223.8186998828666,296.6359207020065,1631.63285094923
101612,-97.1475790259,48.572214599,-250.260667096095,272.64855560643844,1627.4428179571355
102230,-97.1564223336,33.7272539958,-204.73565943799093,315.0418257135381,1635.079277220192
102300,-97.1812575607,33.3354225003,-261.9332756425502,262.731205219822,1625.810744534014
101605,-97.19794226,48.2981917474,-347.9968457375717,208.48653844740423,1617.9306312570284
101621,-97.2144752734,49.0102224513,-223.9690975901299,296.49420108184245,1631.6070918334308
301435,9.72283677062,48.2729764703,-320.18271432654507,221.60887363554525,1619.673851032979
301464,9.72324090665,48.789984299,-291.9061574206969,239.6040199175227,1622.2339465091407
101620,-97.2396459315,48.9783164416,-231.0283026673118,289.9061696946523,1630.4227912026408
301455,9.72651968592,48.2637530735,-348.78345803441215,208.1906879556007,1617.8925345638415
102039,-97.2687582939,41.5229238938,-526.9037346786042,258.65611546821356,1625.1571852947304
102356,-97.2770906716,28.2930267191,-268.2230562888801,257.5832497601618,1624.9867757624957
102296,-97.2887957086,32.7520890531,-195.13881725884906,324.5886831713392,1636.945540966128
104269,-97.342878169,46.5141421007,-252.22679136415366,270.9466237105457,1627.1585551955686
104055,-97.3478280954,41.3774668407,-353.3631304472774,206.55593571803135,1617.682986690018
301402,9.73557210767,49.1527935311,-372.5579324829273,201.39697173640516,1617.0323531304439
102295,-97.3602139815,32.7312085853,-184.81808006173787,335.04765365798625,1639.0515004317915
102355,-97.3854240456,28.6520882408,-370.290768911101,201.8596862503964,1617.090048135568
101602,-97.3854269656,48.0187991672,-350.70407452735606,207.48679788316593,1617.8021084612901
102042,-97.4224779996,42.0022283684,-339.1743682919779,212.09948132234038,1618.4001609068107
102294,-97.4437436744,32.6686354422,-199.8517495704617,319.87778827743097,1636.0179370285784
102350,-97.4485287238,29.4853756248,-247.16173952858546,275.355756052711,1627.8985482017438
102394,-97.4604239738,25.8729209909,-267.6210663665529,258.06968499731636,1625.0639535601667
301483,9.7480481307,49.5155687011,-362.9825673368451,203.62182879909318,1617.3109595898597
102021,-97.4943224966,41.3645905227,-203.43364314050643,316.32638003776674,1635.3272668043492
101601,-97.5020926232,47.9395914367,-335.29897968770774,213.85312675254775,1618.6309186061615
102293,-97.5565155917,33.0857750257,-200.83104805537903,318.90429817457544,1635.8278767157026
104333,-97.5848182031,47.9472203193,-354.5999411604343,206.14040901017185,1617.6299821259702
102349,-97.5853402921,29.8221108906,-262.7241639490584,262.0760480631818,1625.7049996276694
104332,-97.5897216145,47.9404439638,-358.61160435323416,204.86984305855165,1617.4685602634815
301371,9.76059969474,48.6812784931,-575.4999692144179,301.87263699168795,1632.5930233252564
101956,-97.6350806602,43.1892461826,-213.10454816594975,306.86983819428514,1633.5244070534643
301456,9.76389800501,48.2781214357,-330.740459508413,216.04143647255708,1618.921490721249
102020,-97.6756983306,41.3355165823,-352.1767341094626,206.96495982932564,1617.735264325761
104062,-97.6769070637,41.4766622239,-347.0417431526736,208.8516289374511,1617.977717323639
101586,-97.680878688,46.4439627669,-222.492810456756,297.88769474764047,1631.8608915983154
104334,-97.6891977657,48.0267552309,-352.64361220701096,206.80278273554816,1617.7145241955243
102338,-97.6936645871,30.2479218849,-182.75270540131135,337.1630107418505,1639.4852200183125
102292,-97.6937576841,33.2312557917,-247.21770210180213,275.3066040207211,1627.8902349554799
102393,-97.7019706028,26.1730637547,-378.4784382865409,200.37906505622578,1616.9058910644096
101594,-97.7063745141,47.5935962321,-336.32299719651166,213.3801000003605,1618.5684903401987
102038,-97.7236183265,41.4180636701,-492.2373424243083,232.99127537158498,1621.2704355675098
301400,9.7770176871,48.9857016232,-420.44590160453805,201.2437748399234,1617.0132800190006
102037,-97.8222282737,41.3937571711,-296.49142341750724,236.4080658475448,1621.764984343836
301408,9.7854570388,49.1723840537,-249.8490144105485,273.0064460118816,1627.5028142556387
301370,9.7855025478,48.6523127477,-132.17547036951754,390.89757535705564,1651.3733088753768
301398,9.78594250184,48.9853834022,-534.7512325696543,265.13818699965645,1626.2014478690671
104057,-97.8936069746,41.3940467831,-333.73380688821055,214.58936840220719,1618.7283551841685
101617,-97.9146227233,48.910429493,-293.9289241018383,238.18185174560998,1622.0245020797167
103270,-97.9273266474,29.5734179311,-268.4951490597077,257.36383107619,1624.9520092581809
102036,-98.0062584729,41.3937571591,-296.99529215447666,236.06300122628983,1621.7147194848878
301457,9.8036079123,48.281775146,-330.32476182212815,216.2476124170891,1618.9490173325646
102328,-98.0387130996,30.9108767587,-226.42028705302027,294.19233067709206,1631.1903684963338
104058,-98.0604870434,41.4104706275,-326.109702561566,218.39937595114137,1619.2378386950552
102348,-98.0889055898,29.9936543508,-597.9935861407671,323.9175336161541,1636.8125914196646
102347,-98.1227900406,29.7103668074,-370.20271269166756,201.87846629594154,1617.0923925366744
102359,-98.1313682053,27.264461758,-258.90053191625185,265.26378147868195,1626.221929691749
102358,-98.176882835,28.4312548396,-205.9113261752292,313.88490499500074,1634.856759606084
102346,-98.1770288321,29.8648337122,-170.71934988526584,349.6249973497405,1642.0933376692665
101954,-98.2229253619,42.7395906794,-249.81471314212783,273.03629157236344,1627.507820983228
102034,-98.2511275482,41.2770904584,-288.29530926573756,242.18981775435154,1622.617884367688
301462,9.82680500322,48.269218227,-340.6473549994247,211.45921909691086,1618.3163758014257
102015,-98.2815630517,40.87326855,-218.52617893376072,301.6577891187775,1632.553310793254
102017,-98.2818530857,40.9314013018,-720.076972923159,456.40702880231186,1668.0948014984458
301463,9.83131300259,48.2064892098,-585.1984325555406,311.24712731710525,1634.3523687103511
101955,-98.3188204808,45.6060044376,-238.608617830274,282.9777915252586,1629.2051194808153
102041,-98.3393697775,42.2684517125,-554.7878212853259,282.61223846357115,1629.1416660853577
102354,-98.3523263966,29.2231570801,-240.59483274270667,281.1887502733317,1628.8953324650001
102345,-98.3846599342,29.8605008168,-380.78635189628824,200.05754388717503,1616.8660772346466
104054,-98.3977003773,41.3521498336,-327.5550572863647,217.64907286521714,1619.1368100827906
102352,-98.4104243294,29.3562550181,-478.55644009374237,224.4408301184206,1620.0637571003901
102018,-98.41791724,40.9848829853,-431.94553105307375,203.9298190434,1617.349764874951
102028,-98.4476508574,41.2021946622,-334.2560344797872,214.34194664460315,1618.695573891948
102033,-98.4503382707,41.2653217305,-322.8241331766116,220.15247396758272,1619.4752244600818
102035,-98.4518090988,41.718949888,-317.32824876949496,223.2288213727461,1619.896292216712
104072,-98.4978287546,41.1690373165,-444.2205829373054,207.89532037936243,1617.8545531294285
102228,-98.5355287817,34.1063600781,-227.9332515596315,292.77904335346585,1630.9360683585842
101953,-98.5520853181,43.0645838643,-159.67053735426146,361.25900370861314,1644.6096675523117
102336,-98.5645911211,31.2175471551,-128.6868686249736,394.7202141799876,1652.2823421946628
102229,-98.5647240731,34.6226276158,-266.6688450540415,258.84187426201976,1625.1867605655239
304019,9.85660749569,51.3436949173,-125.8577415086088,397.82954673919966,1653.0279002801808
102027,-98.6059106515,41.1227187467,-226.90791274985764,293.7361986669491,1631.1081647926649
102326,-98.6562579117,33.0145890438,-185.19003553889155,334.6674637993423,1638.9738259569215
102337,-98.6687707827,30.7520886156,-214.10131888288745,305.9066171766394,1633.3437327392053
102058,-98.6946066149,39.4312568107,-189.17852743097805,330.6056804983424,1638.1492626814438
101585,-98.7147725756,47.8060627866,-263.7393479031194,261.23834886740804,1625.570166361623
104056,-98.7270388176,41.3815769541,-407.8963593376069,199.4965638247285,1616.7967620649974
102026,-98.7402943997,41.0356095184,-247.83168190846203,274.7679760500409,1627.7992294839744
102032,-98.7966464733,41.501934961,-340.3237312521452,211.59863478595796,1618.3345986196014
102353,-98.8113341505,29.3229216643,-241.01203083759162,280.8144032220548,1628.8307523812732
102344,-98.8934875003,29.9687953418,-236.36762983311274,285.00967552880553,1629.5592674066877
104067,-98.9644825282,41.5976253429,-242.71068652366824,279.295431734605,1628.5695653037992
301482,9.89801968011,49.4894705699,-332.18579606710324,215.3331369947154,1618.827121941676
104071,-98.9814574926,41.6599762081,-366.27533698554976,202.7771217606126,1617.204826840281
102025,-98.9900157603,41.0398635558,-495.99799377281363,235.5122490119425,1621.6346414284103
102014,-99.0856848442,40.6565764951,-214.62306832778876,305.4033129079297,1633.2495444300985
102227,-99.0976399682,34.6351378219,-236.3676012541713,285.0097015301991,1629.5592719543279
102013,-99.1400137917,40.5983959563,-553.8851906554735,281.7988576074702,1629.0007633499933
103938,-99.1936510902,40.5856853552,-802.3710076563762,552.4168673053707,1696.8786892790731
104048,-99.2605738687,41.2226220369,-240.04775042880922,281.68039957553145,1628.980275617546
102325,-99.2684672334,33.5811290947,-208.19383995686323,311.6469784192736,1634.4285637505996
102198,-99.2812583114,36.4354229518,-201.12991867708814,318.6075761472784,1635.7700567085915
102174,-99.3188336685,36.847998332,-200.67861088541588,319.0557073451453,1635.8574006420904
102343,-99.3225593258,30.068362345,-565.4258591101218,292.3671128270674,1630.8621706044996
301330,9.93526446119,47.6562790432,-395.61748962224914,199.01317147269134,1616.7371874443925
102030,-99.3770829314,41.7771010418,-232.6641994222645,288.39781840764147,1630.1552663805594
102226,-99.3770915204,34.4788954079,-254.1463379187062,269.2970033151202,1626.8846814819078
102342,-99.385111329,30.0647320067,-579.1725267850132,305.3978424497555,1633.2485215113318
102031,-99.3860366771,41.9470071499,-235.91280342368808,285.42376630244587,1629.6317428229786
102024,-99.3922310156,41.0447292372,-244.15029538147473,278.0147324181311,1628.3504175353385
104010,-99.4260631934,40.752216072,-360.1113288769229,204.42548292988786,1617.4123373206673
102392,-99.4895911907,27.4979212793,-210.18535860603987,309.703349364888,1634.0590734284413
301338,9.95186003457,48.402321256,-529.3690096789308,260.66870005922414,1625.4787178048662
102012,-99.5395595288,40.6818370732,-218.64194590359853,301.5472318868161,1632.532886010137
101952,-99.5561233782,43.7483403709,-245.80480533393745,276.55047894778727,1628.1010589801344
102335,-99.5731416886,31.493755389,-232.67824334730062,288.38490017992683,1630.152981010608
301458,9.96087074631,48.366240055,-350.3752488258972,207.6054428759202,1617.817329230248
104069,-99.6763360431,41.6478465541,-231.49898428974288,289.471460743472,1630.3455515414348
102357,-99.7040143204,29.4895122201,-418.9511956234907,200.9700781233888,1616.9792401719035
102011,-99.7106465809,40.644026113,-185.8315809779961,334.0122710634417,1638.840165503318
104024,-99.7681131717,40.8680527906,-807.4188762956244,558.4063996091548,1698.838014046791
104020,-99.7684329247,40.8447332067,-808.2996729871569,559.4524739337037,1699.1821448675028
301376,9.98522098833,48.3810464452,-640.9345066866044,368.5066266400549,1646.2168826505267
102023,-99.9353119405,41.3106303422,-230.45186012009043,290.43934871780976,1630.5176804100013
SP-1,-83.1582457,41.30867614,-323.1285797105003,219.98728415584443,1619.452776723128
SP-10,-111.093889,32.351111,-224.9726466404357,295.5499827087467,1631.4357735213252
SP-11,-106.950572,38.923901,-104.15432596131416,421.93964510741995,1658.9954656235082
SP-12,-107.023765,38.907533,-103.98157009290588,422.13326417782264,1659.044720184302
SP-13,-111.307607,32.471459,-229.34085277304496,291.46941544979916,1630.7014781953906
SP-14,-84.379571,46.496146,-376.56115220513834,200.67838017433957,1616.9430117092509
SP-15,-91.191556,30.445667,-189.76371532512195,330.0120839526311,1638.0295682315211
SP-16,-68.445497,44.640715,-308.35947990873666,228.61882721822866,1620.6478516336063
SP-17,-96.2461608,41.018166,-177.6511474113922,342.4182619310365,1640.5740327549554
SP-18,-72.941264,44.381086,-103.77141839047194,422.36882947618915,1659.1046739006767
SP-19,-116.2028288,43.605091,-167.27510465986933,353.23288574390676,1642.8652904048322
SP-2,-101.989284,41.293016,-180.70998978837216,339.26216405186483,1639.9182012536905
SP-20,-121.167,37.58132,-694.5863823352171,427.485495621577,1660.4146288842467
SP-21,-121.37615,38.311348,-541.9565919836762,271.2764260022233,1627.2135047837223
SP-22,-87.657803,32.854756,-733.0927248834778,471.3490496950119,1672.2448437637283
SP-23,-121.53994,38.97338,-786.2211022170129,533.3208120374587,1690.7584036160456
SP-24,-84.224084,33.665688,-541.2151045729901,270.636876963887,1627.1070063209581
SP-25,-84.358018,33.679069,-532.5630570840308,263.3088047583497,1625.9041846029108
SP-26,-76.88405,37.571283,-839.4065482011735,596.5672140579335,1711.7608862615214
SP-27,-88.655746,33.430906,-249.80400447300735,273.04560995121136,1627.5093842923347
SP-28,-88.433519,33.453633,-585.1469481677962,311.1968193347066,1634.3427887716896
SP-29,-88.776194,33.289214,-966.2745444876781,750.5020221260307,1771.295056183821
SP-3,-99.161385,40.077165,-172.9302839612218,347.3183410382855,1641.6037648798117
SP-30,-90.117483,31.658917,-345.67364197240187,209.38574007516178,1618.0467480863488
SP-31,-89.834233,30.765533,-576.7855679619838,303.10314172904503,1632.8209961205189
SP-32,-106.524518,35.868558,-112.28208546903605,412.8596660913265,1656.7093875303015
SP-33,-95.2857911,39.0926023,-308.6611506925401,228.43035352031052,1620.621275084157
SP-34,-82.2,29.9683,-826.0139200558721,580.5488168200648,1706.244361033074
SP-35,-82.2837,29.862,-803.3285559169908,553.552309457008,1697.2486706877025
SP-36,-82.1886,29.9435,-825.2026307815127,579.5803017962794,1705.9150673689037
SP-37,-82.2433,29.9815,-798.5147886625964,547.8477817877244,1695.3967331736
SP-38,-82.2206,29.9046,-815.2675783135865,567.7377387407311,1701.9280333893157
SP-39,-82.2105,29.8763,-664.2397485035107,393.7606092892536,1652.0533612065408
SP-4,-79.04419,33.83207,-800.888497725131,550.6596229195745,1696.3074341521683
SP-40,-82.3034,29.9264,-848.9588658387163,608.0256591637876,1715.7878927908146
SP-41,-82.3193,29.8933,-1106.479762396112,923.5243729919748,1851.2509711965597
SP-42,-82.2683,29.8909,-811.2918858356354,563.0082698707738,1700.3561987974367
SP-43,-82.2105,29.9499,-973.2227489315419,759.0202295415496,1774.9210122423174
SP-44,-82.6819,29.8325,-426.4780025039534,202.52569347949475,1617.1733201377444
SP-45,-83.2387,30.1553,-403.22274281994476,199.16863165252684,1616.7563312634113
SP-46,-82.9548,29.6404,-637.6804894197526,365.032728524599,1645.4427318324083
SP-47,-82.7982,29.9365,-823.7587263443738,577.8571081112176,1705.3303868285009
SP-48,-82.9382,29.5861,-298.24396589113485,235.21320389303426,1621.5912376834094
SP-49,-94.526757,37.092542,-575.4951347159264,301.8680168989019,1632.592169058905
SP-5,-84.41527,33.68401,-489.0945675202222,230.93927100648773,1620.9768159165612
SP-50,-94.526679,37.091254,-806.3084921248548,557.0880630695494,1698.4051344895797
SP-51,-122.717501,42.179225,-179.33406477737552,340.67996499749194,1640.2120989057112
SP-52,-122.712661,42.20135,-177.5704007203662,342.50177974965504,1640.5914665076334
SP-53,-122.716415,42.214651,-295.5582521471226,237.05037218756019,1621.858739163262
SP-54,-122.641465,42.170556,-155.13455279668483,366.0841446131985,1645.6763022487632
SP-55,-116.989642,32.844144,-145.06414864809372,376.89091222156304,1648.113967710118
SP-56,-117.110272,32.780475,-159.8424324503735,361.07669284162995,1644.5696303165255
SP-57,-117.104078,32.783567,-164.1500061658296,356.5213783327278,1643.5754877869936
SP-58,-72.16147,44.49125,-436.8391247928099,205.37788644347341,1617.5329879436688
SP-59,-121.7902816,42.2193114,-221.288090575073,299.0287628832771,1632.0695732343913
SP-6,-92.656935,45.456254,-472.1199209828736,220.77748555907948,1619.5603072981799
SP-60,-121.9288964,42.12792225,-262.32413102559144,262.40715110483416,1625.758408804008
SP-61,-121.9277778,42.12805556,-262.16326872219526,262.54045498148344,1625.7799301713226
SP-62,-78.7934,38.1986,-155.78955756468238,365.38570247721685,1645.5210732229336
SP-63,-78.8105,38.1583,-187.6758776611637,332.13269126934955,1638.458121361607
SP-64,-78.3708,38.44461,-502.190644987994,239.81340462511594,1622.2648858567686
SP-65,-95.2725,30.05111111,-377.0986751407242,200.59152431560472,1616.9322343478848
SP-66,-79.182578,33.436432,-707.0927939100326,441.6149323135315,1664.1083616424353
SP-67,-92.205328,38.752916,-325.7477383646385,218.58929026231306,1619.2634648701758
SP-68,-92.327163,38.92475,-425.57506140138537,202.31583360351286,1617.1470518702586
SP-69,-111.564533,41.875846,-104.43983602287527,421.619710589468,1658.9141241196098
SP-70,-111.580553,41.9502,-93.3556088080966,434.08996225458344,1662.1272472876951
SP-71,-111.886928,41.720533,-629.0755522279655,355.9145190736619,1643.443955762843
SP-72,-111.795742,41.739034,-70.08542443579279,460.5734211845418,1669.2395775165467
SP-73,-111.835096,41.721091,-334.002165117078,214.4620043377773,1618.7114758815303
SP-74,-123.448227,40.605435,-65.34673294282113,466.01203397464235,1670.7483672459982
SP-75,-73.66748,42.70242,-627.9146919319114,354.6922845545892,1643.1796942417889
SP-76,-73.6675,42.7025,-619.1642917060815,345.5428528401794,1641.2290376406688
SP-77,-73.631389,42.732778,-589.7719803568511,315.73829480066684,1635.2136134614395
SP-78,-73.63141,42.73264,-610.6901227411231,336.7953806411371,1639.4096557197636
SP-8,-123.24984,44.550674,-357.2516502657861,205.2872590530479,1617.5214834973594
SP-9,-123.275026,44.55593,-380.248513425573,200.1286757616931,1616.8748800411595
CM_001-1,-117.180494,46.732215,-342.1813732705497,210.80803408474125,1618.2314167265013
CM_001-2,-117.180494,46.732215,-342.1813732705497,210.80803408474125,1618.2314167265013
CM_001-3,-117.180494,46.732215,-342.1813732705497,210.80803408474125,1618.2314167265013
CM_002-1,-77.388447,38.7819267,-746.5425158972231,486.8980598416753,1676.6939528499447
CM_002-2,-77.388447,38.7819267,-746.5425158972231,486.8980598416753,1676.6939528499447
CM_003-1,-77.1803039,40.1046605,-129.42836753909748,393.9066440136281,1652.0881741130115
CM_003-2,-77.1803039,40.1046605,-129.42836753909748,393.9066440136281,1652.0881741130115
CM_003-3,-77.1803039,40.1046605,-130.86000566441083,392.3374866602784,1651.7147436179437
CM_004-1,-73.19778,42.72306,-131.49908433459225,391.6377191878864,1651.5486653249657
CM_004-2,-73.19778,42.72306,-131.49908433459225,391.6377191878864,1651.5486653249657
CM_004-3,-73.19778,42.72306,-131.49908433459225,391.6377191878864,1651.5486653249657
CM_006-1,-119.8217832,38.9745676,-1379.551218610087,1264.6398637993177,2042.9260573883585
CM_006-2,-119.8217832,38.9745676,-1379.551218610087,1264.6398637993177,2042.9260573883585
CM_006-3,-119.8217832,38.9745676,-1379.551218610087,1264.6398637993177,2042.9260573883585
CM_007-1,-121.580361,39.007299,-202.47483418903448,317.2745228078215,1635.5109335216675
CM_007-2,-121.580361,39.007299,-202.47483418903448,317.2745228078215,1635.5109335216675
CM_007-3,-121.580361,39.007299,-242.77031322867666,279.2422654718265,1628.5604482707492
CM_008-1,-117.611779,33.94849,-964.1594965480158,747.9105011374247,1770.1985788486045
CM_008-2,-117.611779,33.94849,-953.9405734045258,735.3992493552107,1764.9489926902118
CM_008-3,-117.611779,33.94849,-926.2389205338391,701.5705875534413,1751.1236907100729
CM_010-1,-79.8466751,33.666607,-233.7906010983267,287.3633808267292,1629.9725775258164
CM_010-2,-79.8466751,33.666607,-237.28860727889014,284.17293679587635,1629.4131301954021
CM_010-3,-79.8466751,33.666607,-232.38839169917577,288.6516251457184,1630.2001875675421
CM_014-1,-77.4402867,35.3667814,-259.98205188136905,264.3569647008426,1626.0742589537008
CM_014-2,-77.4402867,35.3667814,-259.98210416368556,264.35692096151024,1626.074251842835
CM_014-3,-77.4402867,35.3667814,-258.92161257802934,265.24606763702485,1626.219040364148
CM_015-1,-106.046835,39.480297,-115.02179585863675,409.81232130377185,1655.9526048587175
CM_015-2,-106.046835,39.480297,-116.41628909692244,408.2639138502621,1655.5700873712112
CM_015-3,-106.046835,39.480297,-114.93456434043114,409.90924109529897,1655.9765930656479
S19S_0006-D,-76.717163,39.311369,-429.0491761832368,203.15760680538463,1617.2525789278795
S19S_0006-M,-76.717316,39.31162,-407.2671933014078,199.4421445818813,1616.7900481761403
S19S_0006-U,-76.717476,39.311813,-418.29702491604644,200.85582759933482,1616.9650442500604
S19S_0007-D,-119.195598,37.05255,-152.06454814629052,369.3651434549366,1646.4092747690263
S19S_0007-U,-119.195359,37.05229,-148.49441552682015,373.19566913055155,1647.272866984637
S19S_0008-D,-119.027785,36.961112,-93.94768573977692,433.4213442186092,1661.952752779167
S19S_0008-M,-119.028281,36.961369,-93.18325532619289,434.2846484128947,1662.178103180612
S19S_0008-U,-119.028254,36.961273,-95.71980789952589,431.4217808529195,1661.432407243909
S19S_0009-D,-108.3983,42.9877,-210.05071759076634,309.8344852899545,1634.0839327038489
S19S_0009-M,-108.3983,42.9876,-215.22658936768147,304.8218906454749,1633.1409234547605
S19S_0009-U,-108.3982,42.9875,-214.48332444449977,305.5380566707878,1633.2747456934937
S19S_0010-D,-81.840062,31.667875,-288.3502437115126,242.15003347044976,1622.6119466945033
S19S_0010-M,-81.839976,31.667835,-316.9993168699004,223.41852518196788,1619.9224451313933
S19S_0010-U,-81.8403,31.667905,-280.6959146860456,247.82145115801052,1623.4680047663544
S19S_0011-D,-83.437674,33.955686,-494.5781960088393,234.55221958861495,1621.4954932283752
S19S_0011-M,-83.438589,33.957827,-521.7094409430965,254.48981035038676,1624.4992934495726
S19S_0011-U,-83.437673,33.95569,-485.3167812744183,228.54066704831394,1620.6368277133756
S19S_0012-D,-72.33027,42.47179,-125.8711266310774,397.8148166156052,1653.0243552848497
S19S_0012-M,-72.33038,42.47157,-126.07017258357608,397.59579106701364,1652.971658535073
S19S_0012-U,-72.33105,42.47178,-125.7961886663685,397.8972870483182,1653.0442044562503
S19S_0013-D,-78.1476,38.8952,-749.3479266711131,490.15430153817766,1677.6424321536351
S19S_0013-M,-78.1474,38.8945,-780.9493321564246,527.1105995034559,1688.8097805717725
S19S_0013-U,-78.1474,38.8944,-833.0243316072333,588.9266787238126,1709.1130810331556
S19S_0014-D,-77.9808,39.0941,-405.8400133569814,199.33053796147016,1616.776284527329
S19S_0014-M,-77.9812,39.0942,-329.0455256428542,216.8889268563914,1619.0348042704034
S19S_0014-U,-77.9815,39.0944,-329.75021041970945,216.53437485740056,1618.9873459483463
S19S_0015-D,-84.439009,31.184396,-228.58941986717116,292.1679138031902,1630.826471670758
S19S_0015-M,-84.437802,31.184508,-229.30261914001468,291.50492058693834,1630.7078247106015
S19S_0015-U,-84.437254,31.185895,-229.2117538895496,291.58931649596593,1630.7229134161848
S19S_0016-D,-96.6025,39.10445,-398.96231558162606,199.0237390255987,1616.7384882972617
S19S_0016-M,-96.60286,39.10429,-399.8583024402311,199.04198806202257,1616.7407348915494
S19S_0016-U,-96.60276,39.10415,-400.6441550928903,199.06335491958885,1616.743365570995
S19S_0017-D,-96.44355,38.94668,-280.79309190849045,247.74786808158342,1623.4567739810489
S19S_0017-M,-96.44379,38.94667,-276.0896445133163,251.35424943807573,1624.0110373875432
S19S_0017-U,-96.44389,38.94684,-304.99764733933876,230.7518785529677,1620.9501288755644
S19S_0018-D,-83.504941,35.6922935,-93.61956305170266,433.79185122361696,1662.0494159422572
S19S_0018-M,-83.5044488,35.692083,-91.90789811054887,435.72597879372336,1662.5552680863675
S19S_0018-U,-83.5041467,35.6918387,-91.47699198591623,436.2132473256366,1662.6830389428897
S19S_0019-D,-84.278999,35.9563807,-380.42363800872664,200.1052610500141,1616.8719820523454
S19S_0019-M,-84.2789099,35.956601,-193.30748141345666,326.43053811250854,1637.3117562206678
S19S_0019-U,-84.2786976,35.9572803,-200.72599546459185,319.0086374108169,1635.848220828782
S19S_0020-D,-88.15755,31.85294,-347.4601735355229,208.69089238244078,1617.956976995793
S19S_0020-M,-88.1575,31.85302,-346.6065597849815,209.02010524928295,1617.9994731903985
S19S_0020-U,-88.15748,31.8531,-345.81158445394453,209.33129396252195,1618.0397033070633
S19S_0021-D,-87.79835,32.54069,-416.42707769981195,200.5478923662074,1616.9268220851905
S19S_0021-M,-87.79828,32.54082,-432.51626970192,204.0894728282549,1617.369903196328
S19S_0021-U,-87.79821,32.54108,-441.4257271558464,206.89570830405958,1617.726406089925
S19S_0022-D,-87.40811,32.96161,-212.8272801203274,307.1381657268143,1633.5748356570682
S19S_0022-M,-87.40821,32.96156,-209.28707728126523,310.5789820752808,1634.2252583266795
S19S_0022-U,-87.40828,32.96142,-209.28707728126523,310.5789820752808,1634.2252583266795
S19S_0023-D,-102.44896,39.75841,-194.4149486351606,325.3159657607813,1637.0899084732198
S19S_0023-M,-102.44896,39.75861,-194.513457436102,325.2169349871744,1637.070232350597
S19S_0023-U,-102.44917,39.75854,-194.60985937622164,325.1200397103772,1637.0509860927555
S19S_0024-D,-96.6227,34.44205,-253.3148297861602,270.0101161584897,1627.002874513105
S19S_0024-M,-96.62255,34.44223,-253.73218574302211,269.6519039636585,1626.9434655688597
S19S_0024-U,-96.62259,34.44251,-253.4283105632439,269.91266068451546,1626.986704077135
S19S_0025-D,-97.78275,33.37853,-244.82449294449944,277.4170714926655,1628.2484830029944
S19S_0025-M,-97.78307,33.37834,-244.5336198857981,277.6747573687896,1628.2924067027402
S19S_0025-U,-97.78338,33.37834,-243.84303966454542,278.2875570701635,1628.3970201600298
S19S_0026-D,-105.54327,40.03489,-82.00835230117195,446.9556759801709,1665.5336283416427
S19S_0026-M,-105.54371,40.03496,-85.04993293133062,443.4976888612023,1664.6089903851935
S19S_0026-U,-105.54393,40.03497,-84.95476902600119,443.6057791545531,1664.6377918770506
S19S_0027-D,-105.91125,39.89064,-77.42935329784295,452.17401362965603,1666.9415794945958
S19S_0027-M,-105.91152,39.89078,-75.26354603581598,454.6473049117563,1667.6141828101333
S19S_0027-U,-105.91164,39.89071,-76.0755836926737,453.71960366532585,1667.3614993744477
S19S_0028-D,-111.507871,33.750675,-128.80993669469217,394.58514461997976,1652.250080103117
S19S_0028-M,-111.508001,33.750788,-129.41644573642034,393.91972003398797,1652.0912918714996
S19S_0028-U,-111.508141,33.750837,-129.16637273344577,394.1940382909213,1652.1567209771868
S19S_0029-D,-111.80126,40.78319,-117.23250579098254,407.35845578981423,1655.3470338117766
S19S_0029-M,-111.79582,40.78466,-116.62561741631399,408.03163865935954,1655.5128235664704
S19S_0029-U,-111.79547,40.78464,-114.28636554484078,410.62965242550183,1656.1550658972349
S19S_0030-U,-121.929928,45.792233,-73.0039428742095,457.23111117589656,1668.320466778829
S19S_0031-D,-122.1650676,44.2602628,-71.05305970436535,459.4646537182585,1668.9339887672086
S19S_0031-M,-122.1647132,44.2602364,-69.79506997380888,460.9062444053593,1669.3314401214152
S19S_0031-U,-122.1642723,44.2605576,-69.74418614331033,460.9645764460061,1669.3475466732598
S19S_0032-D,-119.02313,39.95545,-129.6106671411171,393.70671348570113,1652.040516176797
S19S_0032-M,-119.02367,36.95503,-93.34328718331079,434.1038796813567,1662.1308820909353
S19S_0032-U,-119.02375,36.95497,-92.73980295477637,434.78566762268923,1662.30907704196
S19S_0033-D,-119.2554,37.0576,-95.38389946533017,431.80060999636197,1661.5308175412263
S19S_0033-M,-119.2557,37.0582,-93.74751148727555,433.64736536436783,1662.011711250388
S19S_0033-U,-119.256,37.0581,-98.08908220031711,428.7523391440578,1660.7412378716579
S19S_0034-D,-106.5233,35.8677,-114.5274353239882,410.36168083844717,1656.0886449542913
S19S_0034-M,-106.5232,35.8678,-114.5274353239882,410.36168083844717,1656.0886449542913
S19S_0034-U,-106.5233,35.868,-113.91252148184162,411.04532119347334,1656.2581764088084
S19S_0035-D,-110.757838,32.42735,-89.01311159549807,439.00213668526544,1663.4168950868009
S19S_0035-M,-110.758821,32.42728,-87.97723899859369,440.1760262459057,1663.7270884756374
S19S_0035-U,-110.759543,32.327329,-96.11453689255521,430.97673025005327,1661.3168971821763
S19S_0036-D,-119.271902,46.372515,-137.70692907317425,384.8633496553428,1649.9553596245917
S19S_0036-M,-119.271921,46.372735,-137.579956347259,385.0014842651574,1649.987585932803
S19S_0036-U,-119.271963,46.372753,-138.8503544206156,383.62022577032894,1649.6658353939636
S19S_0037-D,-75.7830393,39.8577967,-264.6087941388053,260.52384644630047,1625.4554947500599
S19S_0037-M,-75.7830477,39.8578837,-287.7965052699932,242.55167956334515,1622.671934836178
S19S_0037-U,-75.7831181,39.8579143,-259.2222644284342,264.9935992260741,1626.1778803306772
S19S_0038-D,-75.7839486,39.8594333,-375.06295667054883,200.93252780998722,1616.9745735719212
S19S_0038-M,-75.7840693,39.8595115,-246.63326408047604,275.8203894929659,1627.977204418427
S19S_0038-U,-75.784143,39.8595761,-226.6760179964657,293.9530416444698,1631.1472286516691
S19S_0039-D,-84.359197,35.966194,-195.6766074999986,324.04899080589576,1636.8386112528947
S19S_0039-M,-84.358455,35.966319,-195.51581673059906,324.2102934236869,1636.870552367492
S19S_0039-U,-84.357361,35.966243,-194.87341420431147,324.8552244826587,1636.9984140858733
S19S_0040-D,-96.584725,39.087889,-458.1489299363471,213.68912104714667,1618.6092583758093
S19S_0040-M,-96.584798,39.087692,-431.6080571295846,203.83657240654549,1617.338010156329
S19S_0040-U,-96.58479,39.08766,-426.7376042158091,202.58719254073122,1617.1810230853935
S19S_0041-D,-120.858196,44.299994,-149.36952621061164,372.25526082026846,1647.0600687450205
S19S_0041-M,-120.858255,44.300038,-149.43560969006936,372.184284903897,1647.0440287907943
S19S_0041-U,-120.85829,44.300082,-147.58009866016204,374.1792157597515,1647.4959715740029
S19S_0042-D,-80.96434,25.40976,-336.22429713134204,213.42539279940993,1618.5744620305757
S19S_0042-M,-80.96423,25.40979,-327.36608066736557,217.7464394598952,1619.1499012578936
S19S_0042-U,-80.96423,25.40982,-249.66273469791608,273.1685726062258,1627.5300181273797
S19S_0043-D,-89.472992,43.14501,-305.860655910627,230.1986274796692,1620.8714628061996
S19S_0043-M,-89.472023,43.145025,-288.41685474117753,242.10181108214036,1622.6047509406712
S19S_0044-D,-79.811134,33.131027,-1008.4114614200548,802.2638983568086,1793.8395283448988
S19S_0044-M,-79.810626,33.130966,-1011.2162729899597,805.7176996260013,1795.3868391899834
S19S_0044-U,-79.810168,33.130796,-926.9615075724352,702.4512746961284,1751.476715280052
S19S_0047-D,-149.40333,68.64278,-179.78369484664006,340.21631176862957,1640.1158586025058
S19S_0047-M,-149.40339,68.64274,-178.2469505559263,341.8023331831633,1640.4455875814472
S19S_0047-U,-149.40346,68.6427,-177.68020695855506,342.38820763750635,1640.5677601291602
S19S_0050-D,-149.14198,68.66953,-169.90709699992317,350.47426220731364,1642.274367855672
S19S_0050-M,-149.14041,68.66967,-159.2253674184921,361.7313343763012,1644.713485417945
S19S_0050-U,-149.5972,68.62722,-180.782385400633,339.187650644468,1639.902787727278
S19S_0051-D,-147.50267,65.1531,-368.75929388203133,202.19489034955282,1617.1319255179687
S19S_0051-M,-147.50249,65.15298,-368.5300196622753,202.24663739481937,1617.1383964223648
S19S_0051-U,-147.80559,64.85568,-479.99993910139546,225.29499877299585,1620.1823129876802
S19S_0052-D,-74.69563,42.13187,-94.6101746185602,432.673538255248,1661.7578889694794
S19S_0052-M,-74.69546,42.13233,-101.70201457006107,424.69047847145634,1659.69722942177
S19S_0052-U,-74.69548,42.13247,-99.1543045606343,427.553641584245,1660.432174850251
S19S_0053-D,-73.00222222,41.869567,-382.79012369937215,199.8128979304129,1616.8358250067738
S19S_0053-M,-72.796633,41.869617,-328.23316609477484,217.30151642593557,1619.09012716618
S19S_0053-U,-72.796767,41.869583,-248.44799490077986,274.22847037726535,1627.7082492914508
S19S_0054-D,-77.0237,37.57261,-795.5590623243995,544.3495645322581,1694.2695592061034
S19S_0054-M,-77.0237,37.57267,-884.5904495272366,650.9855047099202,1731.4776978605341
S19S_0054-U,-77.02396,37.5728,-792.4118920619305,540.6285763467669,1693.0777148166344
S19S_0055-D,-117.180863,46.732428,-392.02745446161657,199.10284337019758,1616.7482281060595
S19S_0055-M,-117.180621,46.732323,-392.2149923692177,199.09557160778326,1616.7473326032782
S19S_0055-U,-117.180384,46.7322206,-392.1928512636074,199.09641528541826,1616.7474364988147
S19S_0059-D,-117.3915976,48.16874998,-238.9017300576084,282.7130712327624,1629.159160883873
S19S_0059-M,-117.3913007,48.16841972,-287.8389486444665,242.52084515165186,1622.6673260958503
S19S_0059-U,-117.3903992,48.16859001,-206.9494041364239,312.86575501878946,1634.661393533677
S19S_0060-D,-119.4768203,46.2531882,-147.48680037801384,374.27963588364383,1647.5187818908707
S19S_0060-M,-119.4769597,46.253117,-147.84013210249236,373.89938901666807,1647.43243987516
S19S_0060-U,-119.4772256,46.2530248,-147.16533822872523,374.62571784521316,1647.5974384894591
S19S_0061-D,-89.6407,43.1095,-728.8856152151354,466.5074963344753,1670.8866313973087
S19S_0061-M,-89.6405,43.1095,-783.262229769374,529.8337528440766,1689.661710668388
S19S_0062-D,-106.950417,38.544583,-222.058193717309,298.2989454851776,1631.936013366809
S19S_0062-M,-106.950472,38.544667,-221.10700485189582,299.2005820554919,1632.1010627863493
S19S_0062-U,-106.950056,38.544778,-220.89616628288923,299.400730223138,1632.1377662759153
S19S_0063-D,-97.709399,30.250335,-187.8792590306067,331.92578077651484,1638.416190957012
S19S_0063-M,-97.70953,30.250384,-186.5164270352993,333.31363640162886,1638.6979194034702
S19S_0063-U,-97.709566,30.250278,-186.55210768261117,333.2772595268066,1638.690520679144
S19S_0064-D,-78.00803,40.61043,-629.0353299069409,355.87213812285904,1643.4347779994557
S19S_0064-M,-78.00808,40.64061,-335.86255400411915,213.59194199782698,1618.5964316445247
S19S_0064-U,-78.00688,40.61507,-629.0353299069409,355.87213812285904,1643.4347779994557
S19S_0066-D,-106.643178,35.19845,-220.05209997671906,300.2030578563659,1632.2851364857484
S19S_0066-M,-106.643131,35.198511,-220.8132031988788,299.4795157909522,1632.1522206045518
S19S_0066-U,-106.643074,35.198601,-220.87206039077648,299.42362059886244,1632.1419654608837
S19S_0067-D,-85.35412,42.3921,-931.4774055342,707.9574077405787,1753.6922711869222
S19S_0067-M,-85.354,42.39201,-919.9650070487248,693.9280641683023,1748.0758133119837
S19S_0067-U,-85.35402,42.39193,-932.9146914631281,709.7106336431954,1754.4007735840212
S19S_0068-U,-122.257915,44.207269,-69.10080189800607,461.70228283976,1669.551403469037
S19S_0069-D,-123.735151,39.362202,-82.55145505617699,446.33772938295766,1665.3679051539093
S19S_0069-M,-123.734753,39.362129,-82.6237600634239,446.2554761626717,1665.345862231374
S19S_0069-U,-123.734848,39.362343,-83.86897297048104,444.83953066604596,1664.9669963363158
S19S_0070-D,-123.752414,39.339914,-110.76892645361285,414.54566816717954,1657.1303514938584
S19S_0070-M,-123.752441,39.339892,-130.4256889874271,392.8132943852571,1651.827828525656
S19S_0070-U,-123.752011,39.339682,-126.79903550802238,396.79411189144326,1652.7790106598354
S19S_0071-D,-105.458575,40.012917,-113.21112433451329,411.82553586603143,1656.4519802388868
S19S_0071-M,-105.4589026,40.0128376,-112.95526856465406,412.1102549998884,1656.5227897985765
S19S_0071-U,-105.4588818,40.0129961,-116.75676678944846,407.8861335232047,1655.4769671507045
S19S_0072-D,-71.1848201,42.5235645,-317.9996845602981,222.84351949218183,1619.8432408803167
S19S_0072-M,-71.18851406,42.5235479,-317.74256336671635,222.99076072395718,1619.8635035749878
S19S_0072-U,-71.1854501,42.5233858,-317.73797270502996,222.9933930482321,1619.863865943416
S19S_0073-D,-70.9164986,42.7688065,-234.64514167999474,286.58088822463674,1629.8348064578836
S19S_0073-M,-70.9167967,42.7694593,-361.1572853549668,204.1255344745362,1617.3744540676103
S19S_0074-D,-119.272998,46.376172,-131.62327350785472,391.5017870434136,1651.5164365225592
S19S_0074-M,-119.272953,46.376303,-131.7754825045928,391.3352080278545,1651.4769559058914
S19S_0074-U,-119.272955,46.376327,-132.06743935000944,391.0157568359447,1651.401287676612
S19S_0075-D,-119.465555,46.694742,-172.08849625829015,348.1957020124864,1641.7896143373407
S19S_0075-M,-119.465591,46.694842,-172.09307389536593,348.19092801704517,1641.7886018605918
S19S_0075-U,-119.465706,46.694858,-172.19589915768233,348.08370042141695,1641.7658643500454
S19S_0076-D,-119.462605,46.679191,-151.6594972856034,369.79893288201805,1646.506647908433
S19S_0076-M,-119.46257,46.679318,-152.19613631078914,369.2242638281667,1646.3776747288082
S19S_0076-U,-119.462645,46.679398,-151.33376023354904,370.147931740549,1646.5850668027424
S19S_0077-D,-105.223141,40.66403,-92.76147993739961,434.76117307690964,1662.3026705330158
S19S_0077-M,-105.223622,40.664282,-92.77281514842248,434.7483646665768,1662.2993206478332
S19S_0077-U,-105.224786,40.664703,-92.74642846350896,434.7781808948964,1662.3071188647002
S19S_0080-D,-106.681374,34.950811,-189.60132931872886,330.1767423470089,1638.0627497238527
S19S_0080-M,-106.681271,34.950833,-189.60933175577128,330.1686268275195,1638.0611139353607
S19S_0080-U,-106.681382,34.950903,-189.71106191090024,330.06546904668585,1638.040324504557
S19S_0081-U,-76.9259674,38.9603293,-253.3170579239624,270.00820226650535,1627.0025568932508
S19S_0082-D,-76.5465418,38.8748619,-321.33838379503516,220.96657734798973,1619.5860950103488
S19S_0082-M,-76.5464751,38.8748139,-324.8191744170982,219.08015126531615,1619.3298007275785
S19S_0082-U,-76.5464942,38.8749661,-273.06291489324826,253.7223766161584,1624.379246125035
S19S_0083-D,-88.3227,40.31083,-279.60692043090836,248.64874941840603,1623.5944972293184
S19S_0083-M,-88.3227,40.31083,-275.16369254288065,252.07484811291332,1624.1227231638422
S19S_0083-U,-88.3227,40.31083,-271.2131817962021,255.18734556763144,1624.6087135626963
S19S_0084-D,-71.722778,43.954722,-100.4592699533774,426.08642714712954,1660.0549792838162
S19S_0084-M,-71.722778,43.954722,-101.2509774726159,425.19697043330257,1659.8269049848673
S19S_0084-U,-71.722778,43.954722,-100.82669721424999,425.6735703472902,1659.9490592600107
S19S_0085-D,-115.9902503,43.6479639,-91.00346843359155,436.7488726482245,1662.8236432663207
S19S_0085-M,-115.98908,43.64815,-89.99719411009464,437.88768897740056,1663.1231220219247
S19S_0085-U,-115.98891,43.64819,-90.0526809756264,437.82487347471255,1663.1065842810958
S19S_0086-D,-111.8064,40.7797,-111.62624130224302,413.59017106343595,1656.8915837936615
S19S_0086-M,-111.8054,40.7799,-108.7245445624061,416.8268337925712,1657.7024763857735
S19S_0086-U,-111.8054,40.7801,-107.12014021884335,418.6196515469152,1658.154185685772
S19S_0087-D,-116.7743431,43.1233451,-242.67964564266714,279.32311352629876,1628.5743128871984
S19S_0087-M,-116.7744702,43.1233625,-248.79221807934886,273.92765800644474,1627.6575968756085
S19S_0087-U,-116.7745057,43.1231912,-241.4383247490191,280.43241399138145,1628.7649399661752
S19S_0089-D,-80.44539,37.21008,-533.7870313871206,264.3300394973004,1626.0698818398396
S19S_0089-M,-80.44529,37.21012,-525.6695350862417,257.65695487367685,1624.998460688736
S19S_0089-U,-80.44513,37.21014,-542.2121926785949,271.4972961289135,1627.2503411126686
S19S_0090-D,-75.930606,37.291383,-251.96479154368078,271.17270515588876,1627.1962164617848
S19S_0090-M,-75.930615,37.291374,-252.08786318973736,271.06647832732534,1627.1785171021538
S19S_0090-U,-75.930807,37.291396,-252.35849231713914,270.83306139723504,1627.139649197875
S19S_0097-D,-111.8865,41.720847,-480.7466619614873,225.74144363426296,1620.244453846415
S19S_0097-M,-111.886477,41.720805,-480.7466619614873,225.74144363426296,1620.244453846415
S19S_0097-U,-111.88642,41.720744,-480.7466619614873,225.74144363426296,1620.244453846415
S19S_0098-D,-111.580533,41.950204,-95.91816208630591,431.1981241518286,1661.3743446671012
S19S_0098-M,-111.580451,41.950345,-95.91816208630591,431.1981241518286,1661.3743446671012
S19S_0098-U,-111.580465,41.950373,-95.91816208630591,431.1981241518286,1661.3743446671012
S19S_0099-D,-84.7119066,39.2385932,-253.76243281243302,269.6259652833101,1626.9391666564986
S19S_0099-M,-84.7121004,39.2386399,-271.27154713411755,255.14091839986162,1624.6014216071308
S19S_0099-U,-84.7123967,39.2386771,-238.03122867496813,283.4999614535039,1629.2958966959084
S19S_0100-D,-106.950961,38.92352,-95.95080262883506,431.16132291365113,1661.3647935425363
S19S_0100-M,-106.950743,38.922712,-95.69318989237973,431.4517967004153,1661.4402016690221
S19S_0100-U,-106.95145,38.922389,-95.58910308604604,431.5691758068144,1661.4706871782478
