,target,predicted
0,-28.74,-43.60343493259363
1,-82.29,-59.550188345959086
2,-45.06,-57.00677067440964
3,-6.67,-47.2679310853103
4,-2.58,-48.13021729280448
5,-1.23,-7.481619846417486
6,-2.51,-12.564504198767366
7,-2.86,-9.388387998728088
8,-16.54,-175.43495068154232
9,-9.45,-175.43495068154232
10,-1138.3,-126.997149763015
11,-93.9,-59.550188345959086
12,-5.3,-34.94637940436338
13,-173.76,-47.87055865846102
14,-22.17,-57.81699728181316
15,-45.05,-57.00677067440964
16,-38.66,-57.00677067440964
17,-21.22,-26.853795198218968
18,-1185.05,-126.997149763015
19,-11.88,-39.63910025212327
20,-3.28,-351.2253018184607
21,-74.17,-93.057515012803
22,-1694.52,-48.77383579052757
23,-1713.76,-170.3572992779192
24,-7.06,-49.22754242723006
