,target,predicted
0,-3.3,-60.59127989976482
1,-58.05,-122.467045276862
2,-38.66,-146.42550156066685
3,-28.74,-117.37707965493158
4,-9.84,-86.60727051015672
5,-13.24,-125.51632381065261
6,-1.65,-47.087412200087144
7,-34.83,-181.07084264079506
8,-2.07,-50.763480175430956
9,-2.5,-60.59127989976482
10,-9.45,-115.04867316623043
11,-8.08,-83.19201053674561
12,-1.63,-64.33539329182551
13,-14.12,-68.27985486059643
14,-10.78,-68.15344662658012
15,-23.47,-144.58904154995167
16,-37.03,-181.07084264079506
17,-85.25,-157.05218465403743
18,-3.73,-62.114065280697474
19,-8.79,-89.68013288215437
20,-82.29,-233.38995851987596
21,-22.17,-111.31812927869572
22,-6.16,-62.9159369279961
23,-20.56,-144.58904154995167
24,-1.16,-47.087412200087144
