,target,predicted
0,-0.75,-123.88810126188166
1,-6.94,-79.0580889527733
2,-39.93,-128.80041490111307
3,-3.21,-161.47894196736692
4,-76.63,-128.80041490111307
5,-22.66,-81.05780402551929
6,-2199.18,-2209.701780218238
7,-3019.19,-2697.771363617373
8,-5.78,-134.94627630178638
9,-2.71,-110.68742743522421
10,-13.69,-148.46658745665997
11,-43.36,-124.18813460465077
12,-2.15,-124.6648023528257
13,-4001.81,-3871.884512562264
14,-53.44,-103.81554960167023
15,-3.77,-49.29215149189459
16,-8.97,-97.50591771951824
17,-54.03,-140.43575145602722
18,-47.58,-124.18813460465077
19,-3.22,-892.7952924230352
20,-124.31,-173.83998899847268
21,-11.29,-48.18935474695325
22,-469.44,-278.58822141759936
23,-2505.5,-106.20859035251739
24,-2.13,-79.0580889527733
25,-3976.99,-3593.3506459237888
26,-6.06,-38.19332950006397
27,-30.43,-81.05780402551929
28,-4.62,-89.87276283144924
29,-38.07,-122.5406463789455
30,-3.19,-124.6648023528257
31,-56.28,-106.40930775998004
32,-38.08,-206.40495806200767
33,-7.45,-92.02345932611232
34,-23.85,-112.96597964606825
35,-24.5,-119.48012964041783
36,-29.51,-119.48012964041783
37,-3685.4,-3525.8933291420826
38,-114.34,-218.43818180755676
39,-10.54,-130.81160622057277
40,-13.12,-95.33817090020895
41,-10.64,-46.9909077309873
42,-54.1,-126.42390954813203
43,-12.66,-47.532181827467994
44,-40.96,-59.54993141080908
45,-128.32,-239.6631767364067
46,-17.66,-116.42109579781419
47,-10.77,-76.69755733288164
48,-25.26,-148.46658745665997
49,-3657.26,-2209.701780218238
50,-5.97,-118.05832969089046
51,-14.92,-86.42162036231491
52,-3.76,-89.6052375010952
53,-45.43,-142.09873109600875
54,-17.33,-119.48012964041783
55,-3.14,-76.13041591962997
56,-8.92,-161.71153170908025
57,-12.07,-35.263715512367874
58,-6.68,-94.14465677986081
59,-4.81,-204.88570450134853
60,-5.6,-892.7952924230352
61,-10.47,-43.652656870454976
62,-1.29,-108.29195216435868
63,-7.91,-892.7952924230352
64,-9.63,-48.18935474695325
65,-41.12,-114.78591207363226
66,-53.32,-142.09873109600875
67,-170.32,-153.46252595287103
68,-4007.87,-3871.884512562264
69,-2.43,-118.50969653593931
70,-31.41,-105.71624548760438
71,-4.3,-97.4755824013543
72,-3631.26,-3525.8939413680237
73,-78.34,-103.8155610809066
74,-9.01,-125.17776217371659
