,target,predicted
0,-3.19,-79.45749163875861
1,-3.73,-80.42979298827346
2,-1.29,-77.16561551553526
3,-7.86,-86.6858910053957
4,-12.27,-80.56726003725453
5,-3657.26,-2703.9569877482068
6,-1.84,-77.16561551553526
7,-1.55,-77.38677565684668
8,-669.87,-862.4694903482597
9,-3.35,-80.03918866625771
10,-5.69,-83.32712847562547
11,-2.66,-78.91389523589191
12,-9.01,-85.80518740884396
13,-4.87,-81.50392505651483
14,-1.94,-79.45749163875861
15,-7.46,-84.74192879785048
16,-12.66,-85.15273933364587
17,-2727.43,-320.6057164600334
18,-44.62,-131.95418755369136
19,-33.64,-320.6057164600334
20,-16.93,-93.12980837082013
21,-2.15,-79.45749163875861
22,-2.28,-81.52235292618222
23,-8.56,-86.6858910053957
24,-3.53,-78.91389523589191
25,-2.74,-79.1687882214299
26,-1.22,-77.38677565684668
27,-1.78,-79.56097095461521
28,-29.51,-97.13714472072172
29,-2.71,-78.72841163565434
30,-12.07,-89.65505809328246
31,-655.72,-862.4694903482597
32,-7.65,-85.15273933364587
33,-1.15,-77.16561551553526
34,-2.32,-78.02268648866469
35,-39.93,-166.91462215715785
36,-3.11,-82.79163239110626
37,-3.41,-79.7790147914763
38,-2196.81,-2703.9569877482068
39,-10.64,-84.74192879785048
40,-22.66,-111.85874350906748
41,-5.6,-81.50392505651483
42,-8.86,-86.91789218323999
43,-82.28,-171.0969447244617
44,-11.39,-89.65505809328246
45,-76.63,-166.91462215715785
46,-54.03,-171.0969447244617
47,-2199.18,-2703.9569877482068
48,-47.19,-129.2064845041255
49,-1.27,-77.38677565684668
50,-6.18,-83.46756241167064
51,-13.12,-93.12980837082013
52,-91.47,-171.0969447244617
53,-6.94,-79.56097095461521
54,-17.98,-82.79163239110626
55,-3601.52,-4149.322063700062
56,-29.48,-113.86629566143318
57,-47.58,-131.95418755369136
58,-3.6,-81.52235292618222
59,-2.95,-79.19576623249897
60,-5.64,-82.79163239110626
61,-2.13,-79.56097095461521
62,-2.85,-80.24248139885043
63,-10.54,-80.56726003725453
64,-13.61,-113.86629566143318
65,-5.14,-81.50392505651483
66,-17.33,-97.13714472072172
67,-31.64,-111.85874350906748
68,-31.41,-113.86629566143318
69,-694.32,-862.4694903482597
70,-7.12,-83.46756241167064
71,-6.63,-83.46756241167064
72,-9.6,-86.91789218323999
73,-1.98,-78.02268648866469
74,-2.43,-78.02268648866469
