,target,predicted
0,-0.75,-122.3816902413483
1,-24.54,-181.7467062643848
2,-47.08,-185.0496553068724
3,-3.07,-164.45036861483746
4,-4.24,-118.26659015353579
5,-2.37,-119.25561996080923
6,-47.16,-1011.0369590493578
7,-2.7,-124.28982221273714
8,-1531.16,-131.14588323829915
9,-6.06,-114.26146139965957
10,-3.47,-118.26659015353579
11,-42.76,-149.28127096844068
12,-50.95,-132.74030171925673
13,-14.92,-164.45036861483746
14,-1413.77,-149.28127096844068
15,-36.16,-115.03793531118953
16,-1388.85,-115.36777272014034
17,-2505.5,-144.17190873266784
18,-2785.54,-1046.8442948596653
19,-8.26,-137.12400229623614
20,-1788.7,-1644.3435335705092
21,-2675.86,-2065.479879210179
22,-1.29,-116.76044911032746
23,-7.5,-145.46689988222985
24,-52.27,-164.45036861483746
25,-14.69,-145.46689988222985
26,-19.26,-141.2784284799915
27,-4.6,-115.03793531118953
28,-1175.43,-357.8175207575664
29,-1841.16,-1382.0226303408401
30,-17.98,-129.28069153976796
31,-11.52,-131.28373181965367
32,-1752.9,-158.70512785976447
33,-81.84,-152.18413644522377
34,-15.13,-162.43126143812606
35,-47.19,-126.28521175411264
36,-15.32,-131.30972787455528
37,-1.55,-104.71104508238288
38,-2448.32,-2065.479879210179
39,-2420.08,-161.8458717361736
40,-991.01,-184.10360576813926
41,-2260.74,-1084.122514781248
42,-82.62,-143.9380533917999
43,-82.36,-173.6237616301076
44,-1.78,-104.71104508238288
45,-2.41,-118.26659015353579
46,-1.77,-106.01840261070407
47,-5.64,-129.28069153976796
48,-5.77,-124.5732090050541
49,-16.74,-135.27968682173847
50,-1.25,-114.26146139965957
51,-1.3,-122.3816902413483
52,-12.16,-110.86001991519846
53,-1694.52,-206.53820905787734
54,-23.78,-144.17190873266784
55,-37.03,-152.18413644522377
