,target,predicted
0,-1.1,-6.623075192360537
1,-4.51,-7.814461464060777
2,-3.3,-8.004997205922946
3,-4.22,-7.612789436971951
4,-2.79,-7.2426424124685145
5,-0.25,-7.596640499514677
6,-0.83,-9.03243894101081
7,-13.76,-5.3750581139179126
8,-11.47,-65.08953511651704
9,-2.37,-7.814461464060777
10,-7.56,-13.488684769979944
11,-1.33,-7.953551687444835
12,-2.67,-10.59599378591781
13,-0.69,-15.161635873128304
14,-7.06,-0.6023801316615818
15,-4.55,-7.814461464060777
16,-7.32,-18.3918980153999
17,-2.53,-9.287790841410665
18,-9.65,-65.08953511651704
19,-1.02,-14.702479497245793
20,-1.12,-6.84782149434667
21,-2.89,-3.130552953718221
22,-4.71,-10.668711684586633
23,-0.32,-4.821461100297932
24,-1.05,-18.65515111376928
25,-10.88,-24.14514056025854
26,-5.26,-6.843514130552771
27,-27.96,-65.08953511651704
28,-12.0,-18.3918980153999
29,-14.6,-2.51646851225125
30,-1.6,-4.848617431184803
31,-0.94,-12.817041943770695
32,-37.92,-9.287790841410665
33,-10.92,-11.629188544675108
34,-1.23,-4.848617431184803
35,-6.42,-14.702479497245793
36,-7.68,-21.5033101563072
37,-1.43,-6.369797836433708
38,-3.91,-0.6023801316615818
39,-5.04,-0.6023801316615818
40,-81.75,-9.884409161288394
41,-0.85,-9.277257105410257
42,-1.48,-8.909538507323177
43,-11.47,-6.369797836433708
44,-11.03,-7.508633209557383
