,target,predicted
0,-2.07,-27.373707838322737
1,-3.3,-10.176036550138994
2,-35.91,-136.48995819788797
3,-20.56,-96.95900738715795
4,-7.5,-49.33431593023677
5,-5.13,-36.56840824278052
6,-3.04,-10.176036550138994
7,-12.93,-43.60343493259363
8,-2.5,-10.176036550138994
9,-3.65,-26.853795198218968
10,-2.76,-9.388387998728088
11,-4.93,-34.94637940436338
12,-1.31,-7.481619846417486
13,-6.16,-28.761324300934962
14,-8.08,-47.2679310853103
15,-59.89,-216.6591521359361
16,-34.83,-91.77388926456311
17,-0.77,-12.108359923062931
18,-65.41,-57.81699728181316
19,-3.29,-36.56840824278052
20,-23.47,-96.95900738715795
21,-1.39,-11.063655092051686
22,-0.37,-12.108359923062931
23,-33.33,-175.43495068154232
24,-49.41,-96.95900738715795
25,-29.9,-43.60343493259363
26,-17.87,-30.920784599523877
27,-2.86,-9.388387998728088
28,-3.78,-36.56840824278052
29,-3.46,-26.853795198218968
30,-47.16,-126.997149763015
31,-8.79,-39.63910025212327
32,-51.65,-216.6591521359361
33,-3.73,-48.13021729280448
34,-21.52,-57.81699728181316
35,-2.2,-11.063655092051686
36,-3.59,-49.22754242723006
37,-6.65,-14.62012525318437
38,-13.61,-136.48995819788797
39,-6.7,-28.761324300934962
40,-11.12,-48.77383579052757
41,-37.03,-91.77388926456311
42,-7.22,-30.920784599523877
43,-1.16,-11.063655092051686
44,-1575.97,-351.2253018184607
45,-83.28,-47.87055865846102
46,-14.12,-49.33431593023677
47,-10.78,-49.22754242723006
48,-2.39,-48.13021729280448
49,-82.36,-78.24182244752286
50,-85.25,-216.6591521359361
51,-1.16,-6.426421322662959
52,-105.08,-59.550188345959086
53,-3.29,-27.373707838322737
54,-1.21,-7.481619846417486
55,-8.82,-39.63910025212327
56,-5.02,-34.94637940436338
57,-81.84,-91.77388926456311
58,-24.54,-93.057515012803
59,-8.15,-14.62012525318437
60,-8.2,-28.761324300934962
61,-9.91,-47.2679310853103
62,-1.63,-27.373707838322737
63,-1.17,-12.564504198767366
64,-1.58,-6.426421322662959
65,-9.84,-30.920784599523877
66,-58.05,-136.48995819788797
67,-0.87,-12.108359923062931
68,-77.62,-78.24182244752286
69,-47.48,-351.2253018184607
70,-1671.03,-48.77383579052757
71,-2.07,-12.564504198767366
72,-14.69,-49.33431593023677
73,-5.59,-14.62012525318437
74,-1.65,-6.426421322662959
