,target,predicted
0,-7.06,-15.330226450790544
1,-0.61,-3.3033025855658393
2,-1.11,-3.17838123159096
3,-2.8,-5.125346245399706
4,-2.7,-6.769560528929437
5,-10.78,-15.330226450790544
6,-6.06,-7.101629731778975
7,-4.09,-7.818767836477347
8,-1.39,-7.565701833164774
9,-6.7,-10.626168122387579
10,-8.15,-10.53222951790136
11,-83.28,-123.18598394105913
12,-1.22,-3.5433157650698237
13,-5.02,-7.920846591632865
14,-3.46,-11.429764838667719
15,-3.29,-5.923880499528767
16,-6.06,-12.650905739794705
17,-5.02,-10.490825896131396
18,-3.91,-12.200576453818613
19,-42.7,-39.32605631322916
20,-15.34,-28.11026668936455
21,-10.57,-14.502557104980808
22,-6.67,-14.056484505968001
23,-2.76,-7.717313270890495
24,-13.61,-44.92875324593208
25,-56.28,-37.78244885729427
26,-73.38,-48.37055657529499
27,-7.19,-14.502557104980808
28,-2.86,-7.717313270890495
29,-38.69,-30.279153701697716
30,-1.01,-3.17838123159096
31,-43.06,-18.348430720234155
32,-1.21,-6.637691426597176
33,-8.88,-12.650905739794705
34,-2.02,-7.101629731778975
35,-17.87,-14.311432305355185
36,-7.22,-14.311432305355185
37,-6.64,-10.74464199836257
38,-3.3,-7.224192918579332
39,-0.37,-3.4966956731005876
40,-9.98,-16.503214412909568
41,-28.74,-23.23714955532666
42,-93.27,-92.19404666087328
43,-1.65,-3.6851948226574276
44,-2.5,-7.224192918579332
45,-3.59,-15.330226450790544
46,-38.66,-41.78545718482007
47,-5.88,-13.66206666644023
48,-9.42,-10.438419934800578
49,-3.46,-7.143622266931722
