,target,predicted
0,-79.25,-119.61359053921832
1,-33.71,-560.5520631196295
2,-167.81,-337.0062233811056
3,-47.58,-210.69275893920235
4,-2.46,-156.13736635457076
5,-1.84,-85.68494029497985
6,-1.78,-90.11321250939886
7,-7.48,-119.55945942979531
8,-1788.7,-1512.743441155134
9,-35.52,-258.2726008948611
10,-58.67,-283.4357269576562
11,-91.47,-172.05407262543196
12,-12.07,-87.90206259352703
13,-19.4,-318.6482561811332
14,-64.33,-227.76710885083156
15,-3.91,-111.62829180560216
16,-25.16,-143.89646716473771
17,-9.6,-102.60870421262621
18,-12.89,-157.81716105702034
19,-27.46,-139.38548543678536
20,-47.19,-160.7365837560254
21,-1.3,-130.5278217392602
22,-77.62,-314.75701672075326
23,-1841.16,-1455.9679756225305
24,-16.41,-95.22881225968942
25,-19.26,-172.88895783167928
26,-2.41,-138.03700458512753
27,-19.87,-308.4378531516918
28,-1890.34,-204.62941375240231
29,-40.96,-118.33392722929882
30,-11.39,-87.90206259352703
31,-7.06,-165.1377033805571
32,-11.67,-136.65533184472895
33,-3.65,-185.64627470269
34,-33.5,-237.84562032497269
35,-0.99,-81.10309325710837
36,-2.54,-129.9996786353489
37,-2.71,-89.24265804311284
38,-167.92,-423.74432844387445
39,-2.7,-156.13736635457076
40,-1011.81,-1782.3241581141629
41,-16.54,-129.98089083738563
42,-4.79,-105.60530327797558
43,-61.3,-349.82460062737783
44,-3.32,-90.11321250939886
45,-29.33,-318.6482561811332
46,-2610.28,-187.19384935078284
47,-2505.5,-171.14895732283802
48,-9.63,-172.88029903495027
49,-1388.85,-152.93497354632999
50,-1.29,-85.68494029497985
51,-110.45,-119.61359053921832
52,-22.07,-136.65533184472895
53,-3.47,-138.03700458512753
54,-6.18,-79.57618837860956
55,-8.86,-102.60870421262621
56,-1.55,-90.11321250939886
57,-54.61,-132.01488613009943
58,-5.14,-114.75176305518764
59,-10.71,-119.61359053921832
60,-3.46,-185.64627470269
61,-12.9,-147.4766005440026
62,-1.68,-139.80485562733375
63,-5.64,-96.08782250739216
64,-3.99,-130.5278217392602
65,-47.16,-849.4772445329775
66,-1.67,-140.5800426061444
67,-4.81,-136.57657819834205
68,-6.63,-79.57618837860956
