,target,predicted
0,-8.26,-288.6708972435351
1,-1.55,-177.78686762964895
2,-7.86,-203.16799422092728
3,-3235.01,-1985.8839636069918
4,-1.98,-178.66098510848212
5,-2610.28,-225.23470058952924
6,-26.77,-254.550370087742
7,-2907.84,-2502.837758370997
8,-47.82,-267.1070582779934
9,-2965.18,-2964.9938196855696
10,-2228.76,-2391.671014327228
11,-1542.53,-1823.3081050596063
12,-1740.84,-1936.182115952314
13,-97.9,-365.3187037739849
14,-2.85,-288.6708972435351
15,-1842.39,-1823.3081050596063
16,-2448.32,-2502.837758370997
17,-260.35,-561.2838895169853
18,-2727.43,-261.65414560411523
19,-2.54,-200.30127826599337
20,-25.26,-254.550370087742
21,-13.69,-254.550370087742
22,-10.64,-183.39599930367268
23,-1841.16,-1804.2823895291117
24,-3564.45,-1874.9871609242125
25,-4.15,-185.71987278805022
26,-326.59,-351.90048799763133
27,-1941.4,-3062.287888357905
28,-2.5,-200.30127826599337
29,-23.78,-2323.4541576594656
30,-4.87,-180.95800469464206
31,-3890.98,-3631.4206233259206
32,-2328.29,-2805.5908316898185
33,-3971.85,-3585.9846591486157
34,-2.98,-185.1761240419442
35,-1.27,-177.78686762964895
36,-988.01,-2100.624568980357
37,-24.46,-1519.885156714048
38,-35.76,-187.15869441406804
39,-5.6,-180.95800469464206
40,-3462.55,-3433.837014326848
41,-33.18,-285.13596378096145
42,-3860.77,-3433.837014326848
43,-3.66,-179.49385173592714
44,-58.23,-277.4780064373319
45,-3685.4,-3242.6847850855443
46,-2757.22,-2563.0489387649036
47,-15.32,-183.39599930367268
48,-5.69,-287.3453130406449
49,-3657.26,-2132.8219388294756
