,target,predicted
0,-1776.15,-2102.704761284127
1,-3657.26,-3049.547233179598
2,-2741.44,-2244.8676179403224
3,-1590.24,-1532.0765817551699
4,-5.69,-155.07835709771052
5,-1175.43,-1459.8102401990866
6,-1691.56,-2033.84911744098
7,-2965.18,-2816.3717591723976
8,-3263.52,-2816.3717591723976
9,-3235.01,-2033.84911744098
10,-8.92,-376.83491181219176
11,-3890.98,-3463.150919577584
12,-988.01,-1162.1684777791463
13,-2756.74,-2955.8275685040117
14,-4001.81,-3730.0772448102443
15,-3.16,-125.31246990135729
16,-3631.26,-3664.4232183313243
17,-694.32,-1060.6156641317043
18,-4007.87,-3730.0772448102443
19,-2.71,-323.93963125014375
20,-1906.69,-1637.0899943180834
21,-4.29,-137.952674693954
22,-88.98,-217.326974206613
23,-2289.87,-2258.6049087845477
24,-1941.4,-2382.3817944242983
25,-3601.52,-3376.1369565971
26,-1011.81,-1637.0899943180834
27,-1806.3,-2244.8676179403224
28,-3555.34,-3664.4232183313243
29,-3827.24,-3225.672874838974
30,-33.18,-217.326974206613
31,-2610.28,-323.93963125014375
32,-4.01,-125.15545704862161
33,-13.78,-376.83491181219176
34,-2907.84,-2541.140527393225
35,-114.34,-515.1879419279167
36,-2228.76,-2258.6049087845477
37,-37.43,-307.2684967288249
38,-1599.21,-2240.1370794270592
39,-7.65,-141.02261649148522
40,-669.87,-1060.6156641317043
41,-128.32,-386.5646943192461
42,-15.32,-136.74046036441047
43,-3971.85,-3730.0772448102443
44,-3800.03,-3225.672874838974
45,-3976.99,-3463.150919577584
46,-2757.22,-2616.1605137290653
47,-1788.7,-2244.8676179403224
48,-4.87,-125.08922745326302
49,-3824.62,-3463.150919577584
50,-3293.85,-2382.3817944242983
51,-3019.19,-2816.4883271510507
52,-70.02,-515.1879419279167
53,-22.83,-307.2684967288249
54,-3105.59,-3376.1369565971
55,-2236.81,-3225.672874838974
56,-1.94,-122.99790095715076
57,-2.85,-152.8118027164533
58,-7.84,-128.61374057314563
59,-3049.36,-2240.1370794270592
60,-2328.29,-2816.4883271510507
61,-2199.18,-3049.547233179598
62,-3564.45,-2240.1370794270592
63,-3.19,-122.99790095715076
64,-38.08,-204.9114147533562
65,-3114.61,-2816.4883271510507
66,-2727.43,-1459.8102401990866
67,-3023.27,-2616.1605137290653
68,-1939.15,-1936.65611915627
69,-2448.32,-2541.140527393225
70,-12.27,-128.61374057314563
71,-35.0,-307.2684967288249
72,-209.54,-386.5646943192461
73,-2717.18,-2382.3817944242983
74,-1841.16,-1918.8802029870153
