,target,predicted
0,-21.22,-6.857579025645325
1,-2.58,-7.699965574929518
2,-3.73,-7.699965574929518
3,-14.69,-13.371318100273317
4,-2.07,-4.061762983887118
5,-3.46,-6.857579025645325
6,-2.2,-4.874393732113055
7,-24.54,-66.64691387299246
8,-5.13,-7.7358203453122645
9,-9.31,-13.138329948566787
10,-2.76,-6.113736807029358
11,-85.25,-56.3320841696294
12,-12.93,-30.83477519432103
13,-81.84,-35.004274379166375
14,-8.79,-19.950498526068156
15,-21.52,-34.935129581742586
16,-6.67,-16.871998260738987
17,-8.82,-19.950498526068156
18,-77.62,-67.14818641362223
19,-45.06,-41.32235089425691
20,-6.41,-13.138329948566787
21,-17.87,-15.382757498952948
22,-5.29,-7.3533083919272855
23,-6.16,-10.146121862599252
24,-33.77,-36.1275175297098
