{
    "r2_high": 0.3309612805125872,
    "r2_low": -0.09335310452207857
}