{
    "r2_high": 0.27139490255089516,
    "r2_low": 0.04852363247472802
}