{
    "Respiration_Rate_mg_DO_per_L_per_H": 0.596457786641011,
    "Respiration_Rate_mg_DO_per_L_per_H_high": -3.9020209732946745,
    "Respiration_Rate_mg_DO_per_L_per_H_low": -1.0616597790361761
}