{
    "r2_high": 0.4356389793559824,
    "r2_low": 0.04493327452402551
}