{
    "r2_high": -0.12552840221144335,
    "r2_low": -0.056469862212122246
}