{
    "r2_high": 0.3373111991155179,
    "r2_low": 0.03575396261250341
}