{
    "r2_high": 0.6027165504583214,
    "r2_low": 0.03493318427235792
}