{
    "Respiration_Rate_mg_DO_per_L_per_H": -0.039070009232580416,
    "Respiration_Rate_mg_DO_per_L_per_H_high": -3663.1167928004625,
    "Respiration_Rate_mg_DO_per_L_per_H_low": 0.05340251025098508
}