{
    "r2_high": 0.7246570157293579,
    "r2_low": 0.04440932743816095
}