{
    "r2_high": 0.4293591648202194,
    "r2_low": 0.053734758249238235
}