{
    "r2_high": 0.4074144951007832,
    "r2_low": -0.0024181866821870734
}