{
    "r2_high": 0.37285899306007275,
    "r2_low": -0.03101289543098562
}