{
    "r2_high": 0.8694459259222056,
    "r2_low": -0.05838960693635875
}