{
    "r2_high": 0.23393361317246208,
    "r2_low": -0.03418388013520168
}