{
    "r2_high": 0.5719427173826808,
    "r2_low": 0.16368249013475533
}