{
    "r2_high": 0.28551517979144936,
    "r2_low": 0.009028455887071685
}