{
    "r2_high": 0.48739728966628415,
    "r2_low": 0.19269268876760526
}