{
    "r2_high": 0.24664844449204637,
    "r2_low": -0.029383241008797523
}