{
    "r2_high": 0.21837158617750607,
    "r2_low": -0.021679667318598606
}