{
    "r2_high": 0.4327785131302413,
    "r2_low": 0.08018650941028216
}