{
    "r2_high": 0.5999264807309357,
    "r2_low": 0.026399819210528253
}