{
    "r2_high": 0.45396683945935334,
    "r2_low": 0.04475539407148621
}