{
    "r2_high": 0.6042822636239178,
    "r2_low": 0.1046547140923001
}