{
    "r2_high": 0.555236951137093,
    "r2_low": 0.007567491742144328
}