{
    "r2_high": -0.8804540939119978,
    "r2_low": -0.1785836618283958
}