{
    "r2_high": 0.2702637065207505,
    "r2_low": 0.06253483510691349
}