{
    "Respiration_Rate_mg_DO_per_L_per_H": 0.8658905649812743,
    "Respiration_Rate_mg_DO_per_L_per_H_high": -0.7934829953894684,
    "Respiration_Rate_mg_DO_per_L_per_H_low": 0.06347795922544253
}