{
    "r2_high": 0.4305499421599377,
    "r2_low": 0.02811560526261292
}