,target,predicted
0,-3.77,-175.3048491274542
1,-2718.25,-2044.499878736322
2,-12.27,-180.38571978667045
3,-3601.52,-3895.1020714916567
4,-8.26,-179.78552983563634
5,-3.35,-175.3048491274542
6,-4001.81,-4097.966179963921
7,-2236.81,-3436.7624877344406
8,-1590.24,-1961.190792960529
9,-11.61,-195.3530740387654
10,-3564.45,-2138.351941633473
11,-5.64,-185.94356247053
12,-2199.18,-2965.4374510197586
13,-3.11,-185.94356247053
14,-5.97,-184.87787308473236
15,-3685.4,-3854.436764092751
16,-3890.98,-3207.9704513722163
17,-1.84,-174.16079170858256
18,-3019.19,-2694.436756787714
19,-4007.87,-4097.966179963921
20,-33.64,-1362.242521927187
21,-2.32,-177.66505365938286
22,-3049.36,-2138.351941633473
23,-1941.4,-3160.6954663870647
24,-3824.62,-3207.970453019467
