,target,predicted
0,-11.12,-1567.3201791050656
1,-8.2,-31.518107975969098
2,-43.22,-61.46359266691429
3,-93.9,-141.98845207530115
4,-7.34,-26.002588772175944
5,-3.46,-39.95402121777416
6,-1.64,-16.087521309348627
7,-50.95,-51.40738978715913
8,-1739.12,-1924.513616970888
9,-3.46,-27.386601586252734
10,-38.69,-66.36008169761544
11,-3.73,-52.87205197958532
12,-15.34,-51.40738978715913
13,-4.29,-25.204650883564547
14,-2.86,-28.544159540122493
15,-21.52,-60.78295662252326
16,-2.86,-28.544159540122493
17,-1.31,-28.397250699741413
18,-3.65,-39.95402121777416
19,-31.82,-55.82432905517345
20,-47.08,-200.0662149106812
21,-8.15,-34.92112798013803
22,-2741.44,-1682.1371075215282
23,-2420.28,-2750.7768693801263
24,-42.8,-211.92335754147277
25,-9.42,-22.45272910243828
26,-5.29,-23.150284422757082
27,-1.22,-8.451379251932416
28,-1.8,-52.76750525846838
29,-2289.87,-2317.798246971275
30,-5.63,-96.6487172936805
31,-1.54,-36.545654219841644
32,-5.57,-106.39299700286345
33,-9.74,-98.39590685879834
34,-4.09,-23.150284422757082
35,-20.56,-118.72928797310225
36,-3.59,-44.17545971513093
37,-1.16,-8.726181850628274
38,-2.54,-48.10295416242029
39,-3.43,-17.26112504632845
40,-3.73,-96.6487172936805
41,-77.62,-125.11768937466314
42,-83.28,-60.79627150071461
43,-4.84,-43.54711217698783
44,-3.18,-211.92335754147277
45,-3.29,-49.81047915186958
46,-48.64,-95.10471507172574
47,-47.2,-112.05879282397777
48,-33.33,-129.76341283157578
49,-3.04,-22.994385339942276
50,-2.85,-48.10295416242029
51,-6.16,-31.518107975969098
52,-7.38,-122.05194873057405
53,-31.44,-175.20881542428378
54,-988.01,-2010.1089619983336
55,-55.84,-203.46363762079199
56,-1939.15,-1869.4815519381932
57,-5.14,-34.24340184423899
58,-21.22,-39.95402121777416
59,-1.68,-56.791407420336625
60,-2.31,-43.54711217698783
61,-1.17,-42.99142151066117
62,-173.76,-60.79627150071461
63,-58.05,-134.4783553475126
64,-16.54,-129.76341283157578
65,-0.5,-29.01897016358697
66,-11.18,-42.30958877983406
67,-79.59,-171.15765994331875
68,-11.88,-58.43912732892839
69,-57.78,-203.46363762079199
70,-8.93,-106.39299700286345
71,-49.18,-158.2093278752509
72,-4.99,-27.386601653786776
73,-14.12,-45.067391006848496
74,-22.73,-110.95067670826585
