,target,predicted
0,-31.44,-104.34807160866526
1,-3.65,-54.398257559770485
2,-82.29,-126.94437185566458
3,-54.98,-100.6823021348874
4,-11.88,-55.42921874066112
5,-8.93,-52.85524754228371
6,-0.37,-49.70205929678339
7,-7.06,-54.732774936793724
8,-2.7,-48.21728899740479
9,-81.84,-89.7683614308289
10,-0.36,-44.81023546077793
11,-37.03,-89.7683614308289
12,-3.04,-49.169448710640786
13,-47.31,-100.6823021348874
14,-29.32,-95.93568155337546
15,-13.24,-59.24268136969394
16,-2.07,-48.40602309276281
17,-2.5,-51.35982612240135
18,-60.88,-81.1110438979789
19,-29.9,-66.20762394074248
20,-6.06,-49.21730307181744
21,-2.86,-49.30230910094228
22,-1890.34,-81.1110438979789
23,-8.08,-57.068187609251346
24,-82.36,-127.1165792134465
25,-28.09,-86.53826094607578
26,-10.1,-59.38524097661013
27,-0.71,-47.25241765761837
28,-49.18,-95.93568155337546
29,-0.87,-49.70205929678339
30,-0.81,-47.25241765761837
31,-0.77,-49.70205929678339
32,-4.6,-148.87352657525523
33,-21.52,-105.37391029653183
34,-2.02,-49.21730307181744
35,-22.17,-105.37391029653183
36,-1752.9,-189.26801314761443
37,-3.18,-73.0682738241514
38,-9.84,-60.41664927413704
39,-15.8,-60.521448958650396
40,-11.18,-148.87352657525523
41,-2.7,-49.64583686821354
42,-20.06,-189.26801314761443
43,-9.91,-57.068187609251346
44,-36.16,-148.87352657525523
45,-38.69,-86.53826094607578
46,-20.56,-81.20715285448065
47,-2420.28,-2954.6546346503387
48,-1.16,-49.14224290284101
49,-9.12,-189.26801314761443
