,target,predicted
0,-9.01,-8.44775745951352
1,-6.63,-20.160298169327426
2,-1.72,-44.22760435692839
3,-45.43,-401.8237157323009
4,-11.52,-34.07714407572862
5,-12.07,-24.552271669870652
6,-1.84,-9.628631244996384
7,-40.73,-23.190560290066205
8,-53.32,-401.8237157323009
9,-2.89,-71.25954062620927
10,-2.28,-221.8847792217543
11,-15.32,-24.5366009920111
12,-39.93,-331.19208919721893
13,-694.32,-708.7682547683554
14,-2.32,-10.795097014300246
15,-3.53,-16.05226977825876
16,-7.84,-11.664452470189344
17,-4.84,-102.5011916926594
18,-22.8,-23.190560290066205
19,-2.71,-8.86915325103992
20,-12.16,-186.67972427926563
21,-54.61,-52.55374060868688
22,-3.66,-9.049484956589106
23,-82.28,-201.5041646050783
24,-1.67,-67.4840487441153
25,-23.78,-107.99062899432712
26,-1.15,-9.628631244996384
27,-1622.5,-1748.1946439798355
28,-29.64,-331.19208919721893
29,-1.29,-9.628631244996384
30,-1388.85,-31.535571532164127
31,-78.34,-56.58502221399972
32,-35.52,-73.86268869981609
33,-1.29,-67.4840487441153
34,-3855.6,-2870.78362758809
35,-4.57,-43.094989320867136
36,-5.14,-11.46635892165165
37,-0.75,-24.062212190607646
38,-13.12,-51.81406568742771
39,-31.64,-46.793262015859746
40,-33.1,-23.190560290066205
41,-1590.24,-1748.1946439798355
42,-2.21,-147.46357352806046
43,-55.85,-233.51777026837294
44,-4001.81,-3533.8808238757583
45,-3657.26,-2178.973381886743
46,-16.39,-75.19932082788895
47,-7.65,-26.4510005528127
48,-7.45,-163.59160525321582
49,-47.19,-23.521807913497234
