,target,predicted
0,-19.4,-238.4086495913515
1,-991.01,-299.54351231089294
2,-15.34,-36.28755578299929
3,-1953.6,-1407.1506478492117
4,-3.18,-430.5780775851214
5,-40.73,-46.4800962812747
6,-40.96,-32.96288758840186
7,-13.09,-430.5780775851214
8,-3.65,-325.46983532586074
9,-1138.3,-822.5826149138632
10,-56.28,-210.79482151686392
11,-1.55,-19.946014080596093
12,-0.75,-46.75356544125316
13,-6.06,-17.146623877394717
14,-42.76,-114.0262485339901
15,-3.07,-56.88480908048272
16,-1890.34,-236.07648014721752
17,-2.21,-333.04656665590085
18,-1515.51,-120.86931823330471
19,-11.67,-60.82640654512579
20,-42.8,-430.5780775851214
21,-5.0,-43.54082421217963
22,-35.76,-89.85473439965503
23,-2505.5,-61.02888919662689
24,-8.08,-33.68745264341704
25,-0.37,-32.50463327472592
26,-4.29,-40.607529488755105
27,-9.45,-66.51289895346137
28,-8.93,-40.607529488755105
29,-47.16,-822.5826149138632
30,-2907.84,-1842.8824404652169
31,-173.76,-135.19246647085058
32,-2.71,-534.6898678009829
33,-35.1,-61.02888919662689
34,-1671.03,-87.31896283591297
35,-7.65,-31.80410453890276
36,-48.64,-141.1475343001233
37,-41.92,-1530.612597702308
38,-18.6,-50.710890149402665
39,-8.0,-87.11118576305907
40,-7.48,-255.36493814605856
41,-29.51,-60.57686322809863
42,-4.81,-96.44880449783396
43,-1.78,-19.946014080596093
44,-7.06,-54.056576431925166
45,-1.45,-28.52790620294254
46,-1.15,-14.043038318865586
47,-24.29,-231.60028922491662
48,-41.22,-51.50689653005749
49,-4.24,-27.456620072321922
50,-5.86,-71.67773659196202
51,-1531.16,-161.9356143974096
52,-2.02,-264.40413947672204
53,-4.81,-141.1475343001233
54,-2.74,-17.146623877394717
55,-10.64,-24.18780668553629
56,-3.99,-46.75356544125316
57,-79.25,-54.072067243116855
58,-16.54,-66.51289895346137
59,-37.43,-196.8505696308755
60,-1.68,-67.28406196857905
61,-5.64,-243.61897472487138
62,-1.09,-15.224701265359252
63,-5.69,-247.82048449787675
