,target,predicted
0,-49.41,-127.01930629558137
1,-33.33,-105.34107093981817
2,-1.01,-16.46475290514725
3,-5.3,-41.22872303056247
4,-26.93,-211.96391388082722
5,-47.48,-121.77058232308642
6,-73.38,-105.41621460892163
7,-12.93,-114.38247308526095
8,-2.46,-66.30215120975735
9,-5.59,-51.524850874182576
10,-47.31,-157.97197224418153
11,-0.61,-16.56902259935707
12,-5.81,-166.7205532045982
13,-1.11,-16.46475290514725
14,-93.9,-111.88146077007565
15,-5.72,-48.1894422161135
16,-4.29,-136.03514047881313
17,-3.59,-101.1197375053657
18,-0.81,-16.56902259935707
19,-5.14,-45.07608205145871
20,-3.18,-195.21991164936009
21,-51.65,-116.7977617928809
22,-77.62,-71.3705132312736
23,-3.65,-72.84344017663616
24,-45.05,-164.94894308609653
25,-34.83,-89.86388513977377
26,-28.74,-114.38247308526095
27,-6.74,-45.07608205145871
28,-3.01,-41.10787752954843
29,-58.05,-119.06908956586521
30,-0.68,-16.46475290514725
31,-1890.34,-211.96391388082722
32,-43.06,-83.44732053166302
33,-82.29,-111.88146077007565
34,-2.8,-15.286971417460348
35,-26.32,-28.15465288340573
36,-17.87,-71.98991265686439
37,-6.16,-53.180972370076574
38,-27.73,-63.26556217505481
39,-81.84,-89.86388513977377
40,-3.73,-72.7396889782436
41,-5.86,-66.30215120975735
42,-1694.52,-90.86079771010542
43,-3.46,-72.84344017663616
44,-1.16,-15.96842534750986
45,-9.74,-100.20369552553052
46,-44.74,-157.97197224418153
47,-5.29,-40.85949919779758
48,-2.02,-43.87243510402506
49,-4.6,-100.88854407657504
