,target,predicted
0,-4.09,-5.971928592002027
1,-6.67,-14.264135646708487
2,-35.91,-36.48941545910803
3,-3.04,-6.416680361566059
4,-28.09,-43.170193769746895
5,-5.29,-5.971928592002027
6,-77.62,-9.341583147123997
7,-173.76,-64.4481573705055
8,-0.37,-5.26886770131212
9,-2.76,-7.128290641480897
10,-7.22,-20.126421038587335
11,-3.29,-11.013532288051298
12,-0.77,-5.26886770131212
13,-2.86,-7.128290641480897
14,-82.36,-9.341583147123997
15,-5.01,-5.971928592002027
16,-14.69,-13.799156956991576
17,-1.33,-3.8045258086532847
18,-23.47,-48.33775283209532
19,-1.31,-4.539721997807373
20,-4.93,-8.632167293264683
21,-6.7,-10.897655114198919
22,-0.87,-5.26886770131212
23,-1.16,-7.549690343598065
24,-38.66,-40.88378610220748
