,target,predicted
0,-2.31,-8.195363477071657
1,-20.56,-35.374432539086506
2,-4.84,-8.195363477071657
3,-21.45,-18.654912400185395
4,-1.17,-4.420804205421446
5,-29.32,-43.512984860179046
6,-5.02,-7.09842380567797
7,-0.52,-2.825880735302544
8,-5.3,-7.09842380567797
9,-5.88,-9.474489300393017
10,-2.2,-5.65383488706308
11,-2.02,-5.692607165133214
12,-3.78,-7.755058130848489
13,-173.76,-74.43460207338154
14,-74.17,-36.07520703119248
15,-13.61,-48.39879063553876
16,-124.31,-74.2786041189844
17,-22.3,-11.083899358056886
18,-1.97,-3.0564673967951403
19,-22.17,-52.838457218799945
20,-0.61,-2.627870387362973
21,-2.5,-5.040369647957325
22,-0.36,-1.927919434938363
23,-8.15,-18.287577094878188
24,-5.29,-5.746052322906412
25,-3.29,-7.755058130848489
26,-2.7,-6.223246344145738
27,-33.33,-17.688730439959624
28,-5.01,-5.746052322906412
29,-8.2,-8.221038351255324
30,-9.31,-9.474489300393017
31,-5.14,-7.045846412467158
32,-59.89,-62.28352112468773
33,-6.7,-8.221038351255324
34,-0.87,-2.4702699519069
35,-38.66,-47.315070825109856
36,-14.69,-12.561023588833113
37,-0.74,-3.0564673967951403
38,-49.18,-43.512984860179046
39,-16.21,-16.052073209664677
40,-2.58,-5.637235617427171
41,-10.88,-12.583549406894988
42,-1.63,-5.030134795787467
43,-18.69,-22.79540653875294
44,-6.74,-7.045846412467158
45,-15.72,-18.654912400185395
46,-19.66,-28.80692358307261
47,-4.29,-27.558111731296467
48,-3.65,-10.990174859046478
49,-21.52,-52.838457218799945
