,target,predicted
0,-54.03,-193.80752049303325
1,-42.03,-121.7449792910534
2,-29.33,-183.30494398571756
3,-161.32,-324.4350086837052
4,-33.64,-1239.024784079068
5,-35.81,-371.0837475706015
6,-1482.57,-184.5488784606989
7,-4.28,-115.136022972278
8,-1739.12,-1114.6802829343098
9,-47.08,-245.42571285261678
10,-5.86,-107.546179108491
11,-26.52,-121.7449792910534
12,-81.84,-482.70020238526547
13,-6.68,-148.68160470775152
14,-8.0,-114.98902332990166
15,-24.5,-132.840124775903
16,-1821.88,-1139.6182226493484
17,-10.36,-99.04208358379252
18,-12.66,-108.89086333294662
19,-1.77,-106.33097247864657
20,-15.42,-120.26000688536087
21,-1906.69,-584.3461410153309
22,-20.06,-207.3733832213904
23,-2738.74,-184.5488784606989
24,-3.65,-156.04802516655508
25,-82.36,-229.28137269149454
26,-3.97,-168.95020589177864
27,-46.77,-98.01024845490278
28,-97.9,-364.84607223641444
29,-3.79,-168.95020589177864
30,-79.25,-131.47153450136926
31,-37.03,-482.70020238526547
32,-24.29,-245.42571285261678
33,-21.22,-122.22287622843194
34,-2.71,-123.05670818765512
35,-21.63,-122.35456642431878
36,-9.4,-160.39481776463452
37,-11.29,-120.99552645616023
38,-82.62,-122.97940434995401
39,-1185.05,-342.0850981286455
40,-230.42,-324.4350086837052
41,-25.16,-121.7449792910534
42,-17.98,-96.54192980629408
43,-3.18,-195.65798369788234
44,-2.02,-142.23615850240913
45,-16.41,-99.04208358379252
46,-36.16,-134.56330546529074
47,-16.99,-156.04802516655508
48,-12.07,-100.16669918762169
49,-4.57,-104.89328022930879
50,-4.81,-170.8026733786996
51,-1.4,-93.87659959089456
52,-4.62,-102.07113147375318
53,-2785.54,-584.3461410153309
54,-4.97,-114.16425842337233
55,-2.89,-122.85979601134827
56,-43.22,-168.95020589177864
57,-3.28,-266.9015180660955
58,-41.92,-184.5488784606989
59,-6.39,-122.47640981920341
60,-2907.84,-1479.364099841192
61,-12.16,-160.39481776463452
62,-34.83,-482.70020238526547
63,-7.37,-142.11380869784495
64,-3.91,-114.16425842337233
65,-1.68,-122.35456642431878
66,-2.41,-104.75850164723806
67,-19.2,-6286.825281861196
68,-16.54,-147.4017994256571
