,target,predicted
0,-0.55,-5.472375907043494
1,-543.6,-17.551237381283244
2,-8.76,-9.289708611562796
3,-18.48,-13.70282166942982
4,-81.75,-9.86492369166803
5,-1.07,-7.774980407974975
6,-25.45,-18.509926150910953
7,-13.44,-13.996545490959319
8,-13.76,-6.000700434466292
9,-4.75,-11.461768871396023
10,-1.7,-3.5506385778029306
11,-0.32,-6.49042819587663
12,-3.58,-10.711978081063776
13,-3.32,-6.06518711302794
14,-2.35,-11.48780704891978
15,-0.64,-4.954515576451049
16,-23.77,-11.461768871396023
17,-4.55,-7.832433051705971
18,-2.39,-11.012451035273527
19,-0.55,-6.2410882991906425
20,-7.29,-11.461768871396023
21,-12.08,-8.318334676062447
22,-1.36,-8.052816484852043
23,-3.91,-7.124630703751994
24,-0.39,-1.1802337419573363
25,-5.16,-4.59615683140208
26,-0.33,-1.1802337419573363
27,-37.92,-9.289708611562796
28,-13.52,-10.58780245124456
29,-6.27,-17.931901323039618
30,-6.42,-13.110788928491388
31,-0.52,-4.954515576451049
32,-26.7,-10.711978081063776
33,-26.57,-18.4389925981204
34,-11.47,-18.025318006297415
35,-3.81,-5.676959490172091
36,-1.02,-13.110788928491388
37,-1.5,-8.057966962394953
38,-4.16,-19.00253073933739
39,-11.32,-18.4389925981204
40,-7.3,-13.074718552944157
41,-7.24,-18.4389925981204
42,-10.08,-14.749738959262086
43,-13.31,-8.057966962394953
44,-10.92,-13.074718552944157
