,target,predicted
0,-1.98,-86.08009087650434
1,-2.32,-86.08009087650434
2,-15.42,-96.06942724107915
3,-2.85,-91.38042331278793
4,-2.71,-2531.7600816659324
5,-2328.29,-3029.1311503505895
6,-6.45,-88.10100901822224
7,-3293.85,-2307.655838040109
8,-1.25,-84.48332376487292
9,-45.43,-161.61730018442873
10,-12.66,-87.7951795366546
11,-6.18,-86.93315155324589
12,-9.54,-93.38965097628638
13,-2785.54,-104.41014518637996
14,-82.28,-169.76494097206114
15,-3657.26,-2182.105200617282
16,-12.9,-88.10100901822224
17,-1.27,-81.83559793902955
18,-2289.87,-3311.8727656849073
19,-1.94,-82.69625982051414
20,-127.36,-211.78637827344176
21,-3976.99,-3609.952941423843
22,-2.71,-83.0913555567461
23,-3.77,-84.37401243110992
24,-1691.56,-1173.5562851251848
25,-2.13,-83.76839388908735
26,-3.16,-86.13332655843688
27,-2.95,-86.13332655843688
28,-2420.28,-277.06720376834744
29,-3.99,-81.30510361505432
30,-42.03,-105.1078787022688
31,-21.96,-83.82523476693561
32,-2086.43,-2531.7600816659324
33,-30.43,-108.21081462513855
34,-3.14,-124.75640547055463
35,-3.11,-98.76346862042469
36,-2228.76,-3311.8727656849073
37,-7.45,-91.17381397371216
38,-8.99,-83.5451395957631
39,-132.3,-452.3862370887242
40,-3824.62,-3609.952941423843
41,-2.43,-86.08009087650434
42,-5.64,-98.76346862042469
43,-1.22,-81.83559793902955
44,-1599.21,-3401.944997879572
45,-43.87,-144.9212442038925
46,-54.03,-169.76494097206114
47,-3.35,-84.37401243110992
48,-5.6,-84.8058857339531
49,-4.79,-93.3842918476519
