,target,predicted
0,-105.08,-85.00549984491198
1,-6.16,-10.897655114198919
2,-5.02,-8.632167293264683
3,-1.39,-7.549690343598065
4,-3.78,-11.013532288051298
5,-83.28,-64.4481573705055
6,-5.88,-13.560558143891907
7,-38.69,-43.170193769746895
8,-0.94,-3.8045258086532847
9,-33.77,-43.170193769746895
10,-1.17,-5.814516405015212
11,-2.58,-9.32662904050083
12,-12.93,-24.46029752639187
13,-8.15,-11.201826687436027
14,-9.31,-13.560558143891907
15,-49.41,-48.33775283209532
16,-5.3,-8.632167293264683
17,-10.78,-11.135004493966676
18,-82.29,-85.00549984491198
19,-37.03,-44.609521413647826
20,-8.2,-10.897655114198919
21,-29.9,-24.46029752639187
22,-8.08,-14.264135646708487
23,-8.82,-12.291396333466777
24,-3.3,-6.416680361566059
25,-1.65,-4.270963847533583
26,-7.5,-13.799156956991576
27,-2.07,-6.739900621757798
28,-9.91,-14.264135646708487
29,-74.17,-46.37493334581131
30,-45.06,-40.88378610220748
31,-2.07,-5.814516405015212
32,-2.86,-7.128290641480897
33,-3.73,-9.32662904050083
34,-2.39,-9.32662904050083
35,-0.81,-4.353295400228361
36,-0.61,-4.353295400228361
37,-13.61,-36.48941545910803
38,-8.79,-12.291396333466777
39,-45.05,-40.88378610220748
40,-3.65,-9.916178593294017
41,-21.22,-9.916178593294017
42,-3.59,-11.135004493966676
43,-85.25,-64.74256774028017
44,-0.71,-4.353295400228361
45,-7.06,-11.135004493966676
46,-21.52,-28.117345163297298
47,-1.23,-4.539721997807373
48,-34.83,-44.609521413647826
49,-1.58,-4.270963847533583
50,-1.21,-4.539721997807373
51,-81.84,-44.609521413647826
52,-1.22,-3.8045258086532847
53,-2.51,-5.814516405015212
54,-5.13,-11.013532288051298
55,-9.84,-20.126421038587335
56,-93.9,-85.00549984491198
57,-59.89,-64.74256774028017
58,-6.41,-13.560558143891907
59,-1.16,-4.270963847533583
60,-2.2,-7.549690343598065
61,-24.54,-46.37493334581131
62,-58.05,-36.48941545910803
63,-2.5,-6.416680361566059
64,-27.73,-22.843020738057987
65,-28.74,-24.46029752639187
66,-19.66,-22.843020738057987
67,-3.46,-9.916178593294017
68,-3.29,-6.739900621757798
69,-14.12,-13.799156956991576
70,-51.65,-64.74256774028017
71,-22.17,-28.117345163297298
72,-17.87,-20.126421038587335
73,-65.41,-28.117347518825444
74,-1.63,-6.739900474537288
