,target,predicted
0,-13.69,-468.3188167668418
1,-3263.52,-2575.8801965758844
2,-2260.74,-1219.6587954296313
3,-1515.51,-409.8345619275478
4,-1806.3,-2058.8720299967417
5,-3.19,-87.16188478584095
6,-5.38,-120.58949135724768
7,-2.32,-88.56874570078807
8,-9.12,-340.93879754861666
9,-3601.52,-3044.096084037925
10,-1691.56,-2807.2274014639875
11,-4001.81,-3522.970165067798
12,-5.64,-100.3247984726479
13,-26.77,-468.3188167668418
14,-6.94,-102.34840769987558
15,-29.48,-136.3613967206024
16,-1575.97,-284.41267136987454
17,-42.78,-241.6871375257461
18,-1175.43,-338.99139472219497
19,-2719.07,-3397.5752428315304
20,-1890.34,-215.76136316027183
21,-7.86,-132.30613288495755
22,-2.89,-95.24783003341224
23,-7.38,-125.08008674448789
24,-17.58,-172.19016541341426
25,-12.94,-177.7092082158977
26,-25.26,-468.3188167668418
27,-2505.5,-153.2187963472104
28,-35.0,-149.9956974879861
29,-41.92,-1957.764839626625
30,-47.31,-221.5748336245893
31,-5.14,-95.24783003341224
32,-436.09,-374.7737920752401
33,-33.18,-181.15332650601644
34,-19.4,-326.90068962727713
35,-76.63,-152.5281988193953
36,-1185.05,-442.38761080880414
37,-7.65,-95.84776796500255
38,-3685.4,-3271.3637560970374
39,-240.66,-317.04215831578614
40,-16.39,-95.41012266449205
41,-3.53,-89.80547289477761
42,-9.82,-92.24551157176377
43,-1.27,-87.30563401853513
44,-70.02,-462.0982176159193
45,-12.45,-168.57104410867854
46,-3860.77,-3308.7773017239015
47,-19.87,-204.7434607696344
48,-3462.55,-3308.7773017239015
49,-1821.88,-1219.6587954296313
50,-669.87,-677.8950664521093
51,-5.78,-111.65064657066824
52,-78.34,-120.11617982728187
53,-36.16,-1157.368640490661
54,-13.59,-237.84208660322412
55,-209.54,-270.5492776356288
56,-12.66,-95.84776796500255
57,-3.28,-284.41267136987454
58,-46.77,-93.07325522987509
59,-2756.74,-3397.5752428315304
60,-3.14,-119.10146502090824
61,-14.63,-260.59389080590984
62,-53.32,-132.47289675909786
63,-9.01,-424.2034613187317
64,-2289.87,-2256.661178786875
65,-2717.18,-3225.8231409738473
66,-2199.18,-2579.4868233682073
67,-2757.22,-2471.1532164559476
68,-3824.62,-3253.9031015960236
69,-1.78,-102.34840769987558
70,-23.85,-260.59389080590984
71,-42.31,-296.52366340788245
72,-29.12,-419.45546234021526
73,-1941.4,-3225.9631185335393
74,-2785.54,-1422.7329620402024
