,target,predicted
0,-2.02,-234.1407416961309
1,-1.29,-234.1407416961309
2,-22.8,-117.99686243642705
3,-41.22,-178.9906514638599
4,-115.73,-110.0506814518662
5,-47.16,-1029.703811556966
6,-3.73,-132.1164256667974
7,-1482.57,-551.2810786913279
8,-1806.3,-1491.9297886660725
9,-35.0,-292.54783762035095
10,-0.77,-173.2805198751092
11,-4.81,-326.845474939196
12,-6.67,-107.07851272647419
13,-33.5,-233.65600097375022
14,-1694.52,-1121.6146627342653
15,-1.4,-86.45494945552444
16,-17.87,-115.21288826420951
17,-24.54,-242.45524588040664
18,-16.74,-178.9906514638599
19,-38.08,-129.9618531829431
20,-23.85,-331.97508681104796
21,-33.33,-170.89528014191822
22,-3.07,-192.17621992925316
23,-1185.05,-1029.703811556966
24,-2199.18,-2628.791870031503
25,-82.62,-122.12267153713492
26,-2.74,-87.50093329401977
27,-2741.44,-1491.9297886660725
28,-42.8,-279.0681526172733
29,-7.48,-122.93298967115892
30,-33.64,-1835.750844593243
31,-47.48,-307.37939377542654
32,-37.43,-292.54783762035095
33,-1011.81,-2010.324394531075
34,-3.21,-273.4286455879777
35,-47.08,-313.7530715836152
36,-5.77,-174.38754383285487
37,-2.46,-107.11089831790972
38,-11.12,-1121.6146627342653
39,-15.42,-188.9474144253847
40,-0.87,-173.2805198751092
41,-2448.32,-2577.7717104114013
42,-1.15,-85.61949707556808
43,-36.16,-162.78598087054777
44,-52.27,-192.17621992925316
45,-1.78,-90.01814140102766
46,-79.59,-233.65600097375022
47,-19.4,-288.67724724345805
48,-1.38,-279.41430443872247
49,-2.89,-159.72188303903647
50,-29.12,-522.6323652620981
51,-22.89,-233.65600097375022
52,-60.88,-1590.3583439092586
53,-26.93,-1590.3583439092586
54,-47.19,-100.97208008504433
55,-18.6,-167.57151057004975
56,-2505.5,-276.0047456623555
57,-14.92,-192.17621992925316
58,-3.14,-100.97208008504433
59,-6.94,-167.17981516411498
60,-32.54,-280.26136171884957
61,-991.01,-129.9618531829431
62,-4.28,-116.97942434266999
63,-988.01,-1803.9603434813857
