,target,predicted
0,-2719.07,-2994.520574727173
1,-3601.52,-3594.5401174441504
2,-5.6,-88.18041392496049
3,-2727.43,-379.1762949422982
4,-1.78,-86.44285127483717
5,-7.65,-93.39522733864646
6,-45.43,-128.69112359315343
7,-6.18,-91.36930189924259
8,-13.59,-457.36326401486656
9,-3971.85,-4010.164579666888
10,-29.63,-101.69939445939984
11,-2785.54,-926.3271119497449
12,-93.27,-153.2760269682306
13,-1388.85,-94.14561994387533
14,-3.35,-87.91932194075484
15,-41.22,-92.23423738406461
16,-1622.5,-2117.6136974065066
17,-3.26,-86.46945070241709
18,-16.39,-91.3135223541166
19,-3890.98,-1442.9199901938625
20,-3657.26,-2460.911620274427
21,-1.78,-89.87893369011466
22,-5.14,-88.18041392496049
23,-40.73,-108.10771733248788
24,-9.6,-96.82789376290678
25,-22.8,-108.10771733248788
26,-3.7,-88.6191880552088
27,-9.01,-107.57750953317485
28,-31.86,-122.13683676409218
29,-1.64,-86.44285127483717
30,-655.72,-750.390022238535
31,-48.59,-123.90561101352412
32,-6.39,-118.2373340827974
33,-2.98,-93.75437567200477
34,-2.15,-87.39262169857591
35,-3114.61,-2290.5311637686855
36,-1953.6,-1913.1111625676817
37,-9.54,-118.2373340827974
38,-3.76,-88.6191880552088
39,-3.66,-85.90973424428985
40,-35.81,-231.5208509398253
41,-13.78,-457.36326401486656
42,-7.46,-97.6333575938156
43,-8.56,-91.27940582773346
44,-2.66,-86.46945070241709
45,-3631.26,-3287.961705978219
46,-2086.43,-2350.2617777429596
47,-7.5,-90.15692529996093
48,-8.99,-91.81480352747643
49,-3.09,-101.79181995410241
50,-10.71,-162.93609642155513
51,-1.22,-84.19471907279755
52,-3.19,-87.39262169857591
53,-3827.24,-2576.5822553386197
54,-2.71,-2350.2617777429596
55,-95.54,-153.2760269682306
56,-3105.59,-3594.5401174441504
57,-8.26,-91.06104231078818
58,-9.11,-91.3135223541166
59,-42.78,-162.77896706570573
60,-14.81,-98.88534007451366
61,-17.66,-123.90561101352412
62,-3976.99,-1442.9199901938625
63,-1590.24,-2117.6136974065066
64,-2289.87,-2221.025945150811
65,-2717.18,-2397.4119259674817
66,-1.29,-84.42360010268501
67,-53.32,-128.69112359315343
68,-7.86,-91.27940582773346
69,-1.25,-92.8033234497608
70,-38.08,-410.13245758036464
71,-82.62,-123.90561101352412
72,-3235.01,-1879.044493268423
73,-5.0,-90.3136979166247
74,-10.54,-89.20013260002322
