,target,predicted
0,-2.71,-5.541256629349858
1,-12.66,-20.349302301842727
2,-33.33,-27.442464258911066
3,-3.65,-19.4132735822716
4,-2.89,-17.911084231869417
5,-8.65,-23.455384171644226
6,-42.76,-32.6094941254226
7,-3.21,-50.589146565511825
8,-15.32,-20.783309334553966
9,-48.59,-71.06689011166853
10,-2.02,-9.39591323493153
11,-8.99,-6.506463606914929
12,-74.17,-107.08126545408957
13,-15.34,-35.79420282311288
14,-47.19,-12.198142569566228
15,-0.77,-43.8567654836609
16,-29.51,-46.42548747917316
17,-82.36,-112.39748242353585
18,-2.85,-21.87758285017558
19,-42.8,-38.89261079179164
20,-5.86,-46.94279303175081
21,-23.78,-50.02696570365825
22,-22.89,-80.56182479861785
23,-3.07,-55.62123772107488
24,-5.57,-23.74958509863486
25,-4.81,-28.896705446025493
26,-4.84,-35.26239847501064
27,-5.69,-27.104162862720695
28,-3.65,-30.01286438682719
29,-3.11,-28.179820832584227
30,-18.6,-56.87297280963857
31,-37.43,-54.27349575684531
32,-17.66,-71.06689011166853
33,-79.25,-46.923611296164076
34,-3.18,-38.89261079179164
35,-24.54,-107.08126545408957
36,-12.16,-26.26481536056253
37,-5.64,-28.179820832584227
38,-4.29,-23.74958509863486
39,-60.88,-43.65497886999913
40,-14.69,-21.654559963924445
41,-2.46,-46.94279303175081
42,-9.01,-3.126679469105409
43,-0.99,-4.7835886899456845
44,-20.06,-33.77378934606173
