,target,predicted
0,-12.07,-36.92405613150497
1,-3.66,-38.43443699673267
2,-7.86,-90.91397108589095
3,-1.98,-40.727663229801394
4,-76.63,-165.81636240974422
5,-3.73,-41.08882780567295
6,-7.65,-37.27436080687016
7,-2196.81,-2585.497341548546
8,-15.64,-97.5120413645802
9,-2.85,-51.845885679667575
10,-10.47,-41.267138244855715
11,-6.63,-28.652744508412674
12,-8.26,-51.845885679667575
13,-5.69,-55.50509421721606
14,-3.14,-29.353370005628957
15,-33.64,-476.8850413021541
16,-11.61,-36.92405613150497
17,-3.77,-41.78968925237783
18,-1.94,-29.118861477238827
19,-7.46,-25.776751778459882
20,-3.56,-41.78968925237783
21,-5.6,-31.37350661230166
22,-6.18,-28.652744508412674
23,-2.74,-35.85853390825674
24,-29.64,-165.81636240974422
25,-15.32,-25.776751778459882
26,-5.97,-51.86844919677151
27,-3.11,-33.94771788375588
28,-1.15,-26.37944284463421
29,-3.53,-59.55034954185482
30,-3.26,-59.55034954185482
31,-6.06,-35.85853390825674
32,-46.77,-41.08882780567295
33,-3.43,-90.50879651715636
34,-2.43,-40.727663229801394
35,-1.78,-69.93046152147237
36,-1.22,-32.04682483288294
37,-12.27,-35.87397222222919
38,-11.39,-36.92405613150497
39,-82.28,-124.6176209586888
40,-1.84,-26.37944284463421
41,-3855.6,-3319.786720399118
42,-16.93,-97.5120413645802
43,-2.32,-40.727663229801394
44,-17.98,-33.94771788375588
45,-3.41,-38.43443699673267
46,-31.41,-104.32446126392377
47,-6.94,-69.93046152147237
48,-43.36,-111.35653980103551
49,-10.54,-35.87397222222919
50,-2.13,-69.93046152147237
51,-31.64,-72.75496220377057
52,-669.87,-688.8900106238501
53,-10.64,-25.776751778459882
54,-29.48,-104.32446126392377
55,-655.72,-688.8900106238501
56,-39.93,-165.81636240974422
57,-22.66,-72.75496220377057
58,-4.01,-38.43443699673267
59,-13.12,-97.5120413645802
60,-3657.26,-2585.497341548546
61,-12.66,-37.27436080687016
62,-694.32,-688.8900106238501
63,-3.35,-41.78968925237783
64,-13.61,-104.32446126392377
65,-2727.43,-476.8850413021541
66,-1175.43,-476.8850413021541
67,-2.66,-59.55034954185482
68,-9.6,-41.267138244855715
69,-3601.52,-3319.786720399118
70,-2.15,-29.118861477238827
71,-30.43,-72.75496220377057
72,-8.56,-90.91397108589095
73,-7.84,-35.87397222222919
74,-3.6,-90.50879651715636
