,target,predicted
0,-0.77,-154.30331642818504
1,-8.08,-154.46356534694297
2,-37.03,-154.35898685752682
3,-3.04,-154.4490890449419
4,-3.59,-154.4037267126294
5,-1.65,-154.25077319189995
6,-1.17,-154.336348672504
7,-1.23,-154.47841238866172
8,-20.56,-154.5562049883617
9,-7.5,-154.3934904579286
10,-22.17,-154.21817179075038
11,-81.84,-154.35898685752682
12,-1.16,-154.53398873831907
13,-1185.05,-154.3794800415497
14,-3.78,-154.34701089718266
15,-82.36,-154.54583940731226
16,-47.16,-154.3794800415497
17,-2.86,-154.457038960137
18,-47.48,-154.3947707613858
19,-13.61,-154.55924034583117
20,-12.93,-154.4931712237117
21,-23.47,-154.5562049883617
22,-49.41,-154.5562049883617
23,-1.16,-154.25077319189995
24,-58.05,-154.55924034583117
