,target,predicted
0,-9.82,-50.96711822968693
1,-170.32,-125.92714972295099
2,-8.68,-50.96711822968693
3,-3.41,-20.631470276718357
4,-3105.59,-3369.9912759777717
5,-3855.6,-3369.9912759777717
6,-3.14,-90.04098882813821
7,-24.5,-110.32680527365402
8,-82.28,-107.63809247256258
9,-11.61,-64.44664521223204
10,-39.09,-110.14786768376962
11,-1531.16,-230.01167549393432
12,-3971.85,-3954.706598914353
13,-326.59,-152.93245812179057
14,-2.32,-34.65686796622252
15,-39.92,-138.8291325025774
16,-8.97,-50.96711822968693
17,-1.29,-26.41935351678479
18,-12.66,-54.05585349265569
19,-52.27,-177.77462407322878
20,-1.25,-53.16776289988401
21,-6.18,-58.46405888805839
22,-8.92,-298.1987457128965
23,-8.26,-96.43557127834563
24,-3.22,-86.38005285560145
25,-53.32,-73.96307440722795
26,-7.91,-86.38005285560145
27,-3.11,-48.84329525016689
28,-4.57,-71.14497037748794
29,-7.18,-55.273602624827845
30,-53.44,-121.08763213641384
31,-29.63,-41.98689454342593
32,-10.64,-54.17846616177321
33,-7.65,-54.05585349265569
34,-2.02,-48.93830101940824
35,-7.5,-43.76080008358663
36,-3.73,-103.4280589988841
37,-4.15,-49.22445932596953
38,-2505.5,-63.08466057514508
39,-42.03,-45.46575727921452
40,-29.12,-230.01167549393432
41,-3.09,-38.918441371131365
42,-3.19,-32.008619622986956
43,-1.22,-27.809526767055672
44,-4.02,-49.28580414529386
45,-47.58,-78.09647343392335
46,-1.94,-32.008619622986956
47,-31.41,-328.1479059001856
48,-10.77,-72.21221048361245
49,-25.16,-45.46575727921452
50,-29.64,-156.59065291620934
51,-41.22,-51.4842110939047
52,-2719.07,-4161.437034302637
53,-12.94,-105.27144806885362
54,-44.62,-78.09647343392335
55,-5.0,-39.45537305326394
56,-3664.98,-4161.437034302637
57,-6.06,-53.16776289988401
58,-2199.18,-2960.3147376758156
59,-12.07,-64.44664521223204
60,-469.44,-152.93245812179057
61,-13.61,-328.1479059001856
62,-209.54,-213.39282006037504
63,-5.14,-34.739679386501365
64,-43.36,-78.09647343392335
65,-16.39,-55.273602624827845
66,-13.69,-134.75131659912952
67,-1.29,-48.93830101940824
68,-4.01,-20.631470276718357
69,-22.66,-110.01184449918594
70,-10.71,-230.9380910602432
71,-1599.21,-3414.2226889951958
72,-167.92,-125.92714972295099
73,-9.54,-68.31508277930612
74,-6.86,-43.76080008358663
