/home/pwdemo.stefan/.miniconda3/envs/superlearner/lib/python3.9/site-packages/skopt/space/space.py:116: UserWarning: Dimension [-0.99, 0.99, 'uniform'] was inferred to Real(low=-0.99, high=0.99, prior='uniform', transform='identity'). In upcoming versions of scikit-optimize, it will be inferred to Categorical(categories=(-0.99, 0.99, 'uniform'), prior=None). See the documentation of the check_dimension function for the upcoming API.
  warnings.warn(
/home/pwdemo.stefan/.miniconda3/envs/superlearner/lib/python3.9/site-packages/skopt/space/space.py:116: UserWarning: Dimension [-0.99, 0.99, 'uniform'] was inferred to Real(low=-0.99, high=0.99, prior='uniform', transform='identity'). In upcoming versions of scikit-optimize, it will be inferred to Categorical(categories=(-0.99, 0.99, 'uniform'), prior=None). See the documentation of the check_dimension function for the upcoming API.
  warnings.warn(
/home/pwdemo.stefan/.miniconda3/envs/superlearner/lib/python3.9/site-packages/skopt/space/space.py:116: UserWarning: Dimension [-0.99, 0.99, 'uniform'] was inferred to Real(low=-0.99, high=0.99, prior='uniform', transform='identity'). In upcoming versions of scikit-optimize, it will be inferred to Categorical(categories=(-0.99, 0.99, 'uniform'), prior=None). See the documentation of the check_dimension function for the upcoming API.
  warnings.warn(
/home/pwdemo.stefan/.miniconda3/envs/superlearner/lib/python3.9/site-packages/sklearn/neural_network/_multilayer_perceptron.py:546: ConvergenceWarning: lbfgs failed to converge (status=1):
STOP: TOTAL NO. of ITERATIONS REACHED LIMIT.

Increase the number of iterations (max_iter) or scale the data as shown in:
    https://scikit-learn.org/stable/modules/preprocessing.html
  self.n_iter_ = _check_optimize_result("lbfgs", opt_res, self.max_iter)
/home/pwdemo.stefan/.miniconda3/envs/superlearner/lib/python3.9/site-packages/sklearn/neural_network/_multilayer_perceptron.py:546: ConvergenceWarning: lbfgs failed to converge (status=1):
STOP: TOTAL NO. of ITERATIONS REACHED LIMIT.

Increase the number of iterations (max_iter) or scale the data as shown in:
    https://scikit-learn.org/stable/modules/preprocessing.html
  self.n_iter_ = _check_optimize_result("lbfgs", opt_res, self.max_iter)
/home/pwdemo.stefan/.miniconda3/envs/superlearner/lib/python3.9/site-packages/sklearn/neural_network/_multilayer_perceptron.py:691: ConvergenceWarning: Stochastic Optimizer: Maximum iterations (200) reached and the optimization hasn't converged yet.
  warnings.warn(
/home/pwdemo.stefan/.miniconda3/envs/superlearner/lib/python3.9/site-packages/sklearn/neural_network/_multilayer_perceptron.py:691: ConvergenceWarning: Stochastic Optimizer: Maximum iterations (200) reached and the optimization hasn't converged yet.
  warnings.warn(
/home/pwdemo.stefan/.miniconda3/envs/superlearner/lib/python3.9/site-packages/sklearn/neural_network/_multilayer_perceptron.py:691: ConvergenceWarning: Stochastic Optimizer: Maximum iterations (200) reached and the optimization hasn't converged yet.
  warnings.warn(
/home/pwdemo.stefan/.miniconda3/envs/superlearner/lib/python3.9/site-packages/sklearn/linear_model/_ridge.py:250: UserWarning: Singular matrix in solving dual problem. Using least-squares solution instead.
  warnings.warn(
/home/pwdemo.stefan/.miniconda3/envs/superlearner/lib/python3.9/site-packages/sklearn/linear_model/_ridge.py:250: UserWarning: Singular matrix in solving dual problem. Using least-squares solution instead.
  warnings.warn(
/home/pwdemo.stefan/.miniconda3/envs/superlearner/lib/python3.9/site-packages/sklearn/linear_model/_ridge.py:250: UserWarning: Singular matrix in solving dual problem. Using least-squares solution instead.
  warnings.warn(
/home/pwdemo.stefan/.miniconda3/envs/superlearner/lib/python3.9/site-packages/sklearn/linear_model/_ridge.py:250: UserWarning: Singular matrix in solving dual problem. Using least-squares solution instead.
  warnings.warn(
/home/pwdemo.stefan/.miniconda3/envs/superlearner/lib/python3.9/site-packages/sklearn/linear_model/_ridge.py:250: UserWarning: Singular matrix in solving dual problem. Using least-squares solution instead.
  warnings.warn(
/home/pwdemo.stefan/.miniconda3/envs/superlearner/lib/python3.9/site-packages/sklearn/linear_model/_ridge.py:250: UserWarning: Singular matrix in solving dual problem. Using least-squares solution instead.
  warnings.warn(
/home/pwdemo.stefan/.miniconda3/envs/superlearner/lib/python3.9/site-packages/sklearn/linear_model/_ridge.py:250: UserWarning: Singular matrix in solving dual problem. Using least-squares solution instead.
  warnings.warn(
/home/pwdemo.stefan/.miniconda3/envs/superlearner/lib/python3.9/site-packages/sklearn/linear_model/_ridge.py:250: UserWarning: Singular matrix in solving dual problem. Using least-squares solution instead.
  warnings.warn(
/home/pwdemo.stefan/.miniconda3/envs/superlearner/lib/python3.9/site-packages/sklearn/linear_model/_ridge.py:250: UserWarning: Singular matrix in solving dual problem. Using least-squares solution instead.
  warnings.warn(
/home/pwdemo.stefan/.miniconda3/envs/superlearner/lib/python3.9/site-packages/sklearn/linear_model/_ridge.py:250: UserWarning: Singular matrix in solving dual problem. Using least-squares solution instead.
  warnings.warn(
/home/pwdemo.stefan/.miniconda3/envs/superlearner/lib/python3.9/site-packages/sklearn/linear_model/_ridge.py:250: UserWarning: Singular matrix in solving dual problem. Using least-squares solution instead.
  warnings.warn(
/home/pwdemo.stefan/.miniconda3/envs/superlearner/lib/python3.9/site-packages/sklearn/linear_model/_ridge.py:250: UserWarning: Singular matrix in solving dual problem. Using least-squares solution instead.
  warnings.warn(
/home/pwdemo.stefan/.miniconda3/envs/superlearner/lib/python3.9/site-packages/sklearn/linear_model/_ridge.py:250: UserWarning: Singular matrix in solving dual problem. Using least-squares solution instead.
  warnings.warn(
/home/pwdemo.stefan/.miniconda3/envs/superlearner/lib/python3.9/site-packages/sklearn/linear_model/_ridge.py:250: UserWarning: Singular matrix in solving dual problem. Using least-squares solution instead.
  warnings.warn(
/home/pwdemo.stefan/.miniconda3/envs/superlearner/lib/python3.9/site-packages/sklearn/linear_model/_ridge.py:250: UserWarning: Singular matrix in solving dual problem. Using least-squares solution instead.
  warnings.warn(
/home/pwdemo.stefan/.miniconda3/envs/superlearner/lib/python3.9/site-packages/sklearn/linear_model/_ridge.py:248: LinAlgWarning: Ill-conditioned matrix (rcond=1.89102e-08): result may not be accurate.
  dual_coef = linalg.solve(K, y, assume_a="pos", overwrite_a=False)
/home/pwdemo.stefan/.miniconda3/envs/superlearner/lib/python3.9/site-packages/sklearn/linear_model/_ridge.py:248: LinAlgWarning: Ill-conditioned matrix (rcond=2.22099e-08): result may not be accurate.
  dual_coef = linalg.solve(K, y, assume_a="pos", overwrite_a=False)
/home/pwdemo.stefan/.miniconda3/envs/superlearner/lib/python3.9/site-packages/sklearn/linear_model/_ridge.py:248: LinAlgWarning: Ill-conditioned matrix (rcond=7.55215e-09): result may not be accurate.
  dual_coef = linalg.solve(K, y, assume_a="pos", overwrite_a=False)
/home/pwdemo.stefan/.miniconda3/envs/superlearner/lib/python3.9/site-packages/sklearn/linear_model/_ridge.py:248: LinAlgWarning: Ill-conditioned matrix (rcond=2.10531e-08): result may not be accurate.
  dual_coef = linalg.solve(K, y, assume_a="pos", overwrite_a=False)
/home/pwdemo.stefan/.miniconda3/envs/superlearner/lib/python3.9/site-packages/sklearn/linear_model/_ridge.py:248: LinAlgWarning: Ill-conditioned matrix (rcond=2.63095e-08): result may not be accurate.
  dual_coef = linalg.solve(K, y, assume_a="pos", overwrite_a=False)
/home/pwdemo.stefan/.miniconda3/envs/superlearner/lib/python3.9/site-packages/sklearn/linear_model/_ridge.py:248: LinAlgWarning: Ill-conditioned matrix (rcond=2.3231e-08): result may not be accurate.
  dual_coef = linalg.solve(K, y, assume_a="pos", overwrite_a=False)
/home/pwdemo.stefan/.miniconda3/envs/superlearner/lib/python3.9/site-packages/sklearn/linear_model/_ridge.py:248: LinAlgWarning: Ill-conditioned matrix (rcond=2.0949e-08): result may not be accurate.
  dual_coef = linalg.solve(K, y, assume_a="pos", overwrite_a=False)
/home/pwdemo.stefan/.miniconda3/envs/superlearner/lib/python3.9/site-packages/sklearn/linear_model/_ridge.py:248: LinAlgWarning: Ill-conditioned matrix (rcond=1.58116e-08): result may not be accurate.
  dual_coef = linalg.solve(K, y, assume_a="pos", overwrite_a=False)
/home/pwdemo.stefan/.miniconda3/envs/superlearner/lib/python3.9/site-packages/sklearn/linear_model/_ridge.py:248: LinAlgWarning: Ill-conditioned matrix (rcond=2.36972e-08): result may not be accurate.
  dual_coef = linalg.solve(K, y, assume_a="pos", overwrite_a=False)
/home/pwdemo.stefan/.miniconda3/envs/superlearner/lib/python3.9/site-packages/sklearn/linear_model/_ridge.py:248: LinAlgWarning: Ill-conditioned matrix (rcond=2.01898e-08): result may not be accurate.
  dual_coef = linalg.solve(K, y, assume_a="pos", overwrite_a=False)
/home/pwdemo.stefan/.miniconda3/envs/superlearner/lib/python3.9/site-packages/sklearn/linear_model/_coordinate_descent.py:628: ConvergenceWarning: Objective did not converge. You might want to increase the number of iterations, check the scale of the features or consider increasing regularisation. Duality gap: 1.160e-02, tolerance: 3.918e-04
  model = cd_fast.enet_coordinate_descent(
/home/pwdemo.stefan/.miniconda3/envs/superlearner/lib/python3.9/site-packages/sklearn/linear_model/_coordinate_descent.py:628: ConvergenceWarning: Objective did not converge. You might want to increase the number of iterations, check the scale of the features or consider increasing regularisation. Duality gap: 2.625e-02, tolerance: 5.733e-04
  model = cd_fast.enet_coordinate_descent(
/home/pwdemo.stefan/.miniconda3/envs/superlearner/lib/python3.9/site-packages/sklearn/linear_model/_coordinate_descent.py:628: ConvergenceWarning: Objective did not converge. You might want to increase the number of iterations, check the scale of the features or consider increasing regularisation. Duality gap: 1.904e-02, tolerance: 3.651e-04
  model = cd_fast.enet_coordinate_descent(
/home/pwdemo.stefan/.miniconda3/envs/superlearner/lib/python3.9/site-packages/sklearn/linear_model/_coordinate_descent.py:628: ConvergenceWarning: Objective did not converge. You might want to increase the number of iterations, check the scale of the features or consider increasing regularisation. Duality gap: 1.401e-02, tolerance: 3.676e-04
  model = cd_fast.enet_coordinate_descent(
/home/pwdemo.stefan/.miniconda3/envs/superlearner/lib/python3.9/site-packages/sklearn/linear_model/_coordinate_descent.py:628: ConvergenceWarning: Objective did not converge. You might want to increase the number of iterations, check the scale of the features or consider increasing regularisation. Duality gap: 1.710e-02, tolerance: 4.043e-04
  model = cd_fast.enet_coordinate_descent(
/home/pwdemo.stefan/.miniconda3/envs/superlearner/lib/python3.9/site-packages/sklearn/linear_model/_coordinate_descent.py:628: ConvergenceWarning: Objective did not converge. You might want to increase the number of iterations, check the scale of the features or consider increasing regularisation. Duality gap: 7.391e-01, tolerance: 3.918e-04
  model = cd_fast.enet_coordinate_descent(
/home/pwdemo.stefan/.miniconda3/envs/superlearner/lib/python3.9/site-packages/sklearn/linear_model/_coordinate_descent.py:628: ConvergenceWarning: Objective did not converge. You might want to increase the number of iterations, check the scale of the features or consider increasing regularisation. Duality gap: 8.422e-01, tolerance: 5.733e-04
  model = cd_fast.enet_coordinate_descent(
/home/pwdemo.stefan/.miniconda3/envs/superlearner/lib/python3.9/site-packages/sklearn/linear_model/_coordinate_descent.py:628: ConvergenceWarning: Objective did not converge. You might want to increase the number of iterations, check the scale of the features or consider increasing regularisation. Duality gap: 6.841e-01, tolerance: 3.651e-04
  model = cd_fast.enet_coordinate_descent(
/home/pwdemo.stefan/.miniconda3/envs/superlearner/lib/python3.9/site-packages/sklearn/linear_model/_coordinate_descent.py:628: ConvergenceWarning: Objective did not converge. You might want to increase the number of iterations, check the scale of the features or consider increasing regularisation. Duality gap: 7.459e-01, tolerance: 3.676e-04
  model = cd_fast.enet_coordinate_descent(
/home/pwdemo.stefan/.miniconda3/envs/superlearner/lib/python3.9/site-packages/sklearn/linear_model/_coordinate_descent.py:628: ConvergenceWarning: Objective did not converge. You might want to increase the number of iterations, check the scale of the features or consider increasing regularisation. Duality gap: 8.081e-01, tolerance: 4.043e-04
  model = cd_fast.enet_coordinate_descent(
/home/pwdemo.stefan/.miniconda3/envs/superlearner/lib/python3.9/site-packages/sklearn/linear_model/_coordinate_descent.py:628: ConvergenceWarning: Objective did not converge. You might want to increase the number of iterations, check the scale of the features or consider increasing regularisation. Duality gap: 4.201e-01, tolerance: 3.918e-04
  model = cd_fast.enet_coordinate_descent(
/home/pwdemo.stefan/.miniconda3/envs/superlearner/lib/python3.9/site-packages/sklearn/linear_model/_coordinate_descent.py:628: ConvergenceWarning: Objective did not converge. You might want to increase the number of iterations, check the scale of the features or consider increasing regularisation. Duality gap: 7.352e-01, tolerance: 5.733e-04
  model = cd_fast.enet_coordinate_descent(
/home/pwdemo.stefan/.miniconda3/envs/superlearner/lib/python3.9/site-packages/sklearn/linear_model/_coordinate_descent.py:628: ConvergenceWarning: Objective did not converge. You might want to increase the number of iterations, check the scale of the features or consider increasing regularisation. Duality gap: 3.835e-01, tolerance: 3.651e-04
  model = cd_fast.enet_coordinate_descent(
/home/pwdemo.stefan/.miniconda3/envs/superlearner/lib/python3.9/site-packages/sklearn/linear_model/_coordinate_descent.py:628: ConvergenceWarning: Objective did not converge. You might want to increase the number of iterations, check the scale of the features or consider increasing regularisation. Duality gap: 4.592e-01, tolerance: 3.676e-04
  model = cd_fast.enet_coordinate_descent(
/home/pwdemo.stefan/.miniconda3/envs/superlearner/lib/python3.9/site-packages/sklearn/linear_model/_coordinate_descent.py:628: ConvergenceWarning: Objective did not converge. You might want to increase the number of iterations, check the scale of the features or consider increasing regularisation. Duality gap: 4.917e-01, tolerance: 4.043e-04
  model = cd_fast.enet_coordinate_descent(
/home/pwdemo.stefan/.miniconda3/envs/superlearner/lib/python3.9/site-packages/sklearn/linear_model/_coordinate_descent.py:628: ConvergenceWarning: Objective did not converge. You might want to increase the number of iterations, check the scale of the features or consider increasing regularisation. Duality gap: 4.247e-01, tolerance: 3.918e-04
  model = cd_fast.enet_coordinate_descent(
/home/pwdemo.stefan/.miniconda3/envs/superlearner/lib/python3.9/site-packages/sklearn/linear_model/_coordinate_descent.py:628: ConvergenceWarning: Objective did not converge. You might want to increase the number of iterations, check the scale of the features or consider increasing regularisation. Duality gap: 1.538e-01, tolerance: 5.733e-04
  model = cd_fast.enet_coordinate_descent(
/home/pwdemo.stefan/.miniconda3/envs/superlearner/lib/python3.9/site-packages/sklearn/linear_model/_coordinate_descent.py:628: ConvergenceWarning: Objective did not converge. You might want to increase the number of iterations, check the scale of the features or consider increasing regularisation. Duality gap: 2.237e-01, tolerance: 3.651e-04
  model = cd_fast.enet_coordinate_descent(
/home/pwdemo.stefan/.miniconda3/envs/superlearner/lib/python3.9/site-packages/sklearn/linear_model/_coordinate_descent.py:628: ConvergenceWarning: Objective did not converge. You might want to increase the number of iterations, check the scale of the features or consider increasing regularisation. Duality gap: 3.681e-01, tolerance: 3.676e-04
  model = cd_fast.enet_coordinate_descent(
/home/pwdemo.stefan/.miniconda3/envs/superlearner/lib/python3.9/site-packages/sklearn/linear_model/_coordinate_descent.py:628: ConvergenceWarning: Objective did not converge. You might want to increase the number of iterations, check the scale of the features or consider increasing regularisation. Duality gap: 4.321e-01, tolerance: 4.043e-04
  model = cd_fast.enet_coordinate_descent(
/home/pwdemo.stefan/.miniconda3/envs/superlearner/lib/python3.9/site-packages/sklearn/linear_model/_coordinate_descent.py:628: ConvergenceWarning: Objective did not converge. You might want to increase the number of iterations, check the scale of the features or consider increasing regularisation. Duality gap: 8.239e-01, tolerance: 3.918e-04
  model = cd_fast.enet_coordinate_descent(
/home/pwdemo.stefan/.miniconda3/envs/superlearner/lib/python3.9/site-packages/sklearn/linear_model/_coordinate_descent.py:628: ConvergenceWarning: Objective did not converge. You might want to increase the number of iterations, check the scale of the features or consider increasing regularisation. Duality gap: 8.711e-01, tolerance: 5.733e-04
  model = cd_fast.enet_coordinate_descent(
/home/pwdemo.stefan/.miniconda3/envs/superlearner/lib/python3.9/site-packages/sklearn/linear_model/_coordinate_descent.py:628: ConvergenceWarning: Objective did not converge. You might want to increase the number of iterations, check the scale of the features or consider increasing regularisation. Duality gap: 7.877e-01, tolerance: 3.651e-04
  model = cd_fast.enet_coordinate_descent(
/home/pwdemo.stefan/.miniconda3/envs/superlearner/lib/python3.9/site-packages/sklearn/linear_model/_coordinate_descent.py:628: ConvergenceWarning: Objective did not converge. You might want to increase the number of iterations, check the scale of the features or consider increasing regularisation. Duality gap: 8.028e-01, tolerance: 3.676e-04
  model = cd_fast.enet_coordinate_descent(
/home/pwdemo.stefan/.miniconda3/envs/superlearner/lib/python3.9/site-packages/sklearn/linear_model/_coordinate_descent.py:628: ConvergenceWarning: Objective did not converge. You might want to increase the number of iterations, check the scale of the features or consider increasing regularisation. Duality gap: 8.203e-01, tolerance: 4.043e-04
  model = cd_fast.enet_coordinate_descent(
/home/pwdemo.stefan/.miniconda3/envs/superlearner/lib/python3.9/site-packages/sklearn/linear_model/_coordinate_descent.py:628: ConvergenceWarning: Objective did not converge. You might want to increase the number of iterations, check the scale of the features or consider increasing regularisation. Duality gap: 8.922e-02, tolerance: 3.918e-04
  model = cd_fast.enet_coordinate_descent(
/home/pwdemo.stefan/.miniconda3/envs/superlearner/lib/python3.9/site-packages/sklearn/linear_model/_coordinate_descent.py:628: ConvergenceWarning: Objective did not converge. You might want to increase the number of iterations, check the scale of the features or consider increasing regularisation. Duality gap: 1.511e-01, tolerance: 5.733e-04
  model = cd_fast.enet_coordinate_descent(
/home/pwdemo.stefan/.miniconda3/envs/superlearner/lib/python3.9/site-packages/sklearn/linear_model/_coordinate_descent.py:628: ConvergenceWarning: Objective did not converge. You might want to increase the number of iterations, check the scale of the features or consider increasing regularisation. Duality gap: 2.600e-02, tolerance: 3.651e-04
  model = cd_fast.enet_coordinate_descent(
/home/pwdemo.stefan/.miniconda3/envs/superlearner/lib/python3.9/site-packages/sklearn/linear_model/_coordinate_descent.py:628: ConvergenceWarning: Objective did not converge. You might want to increase the number of iterations, check the scale of the features or consider increasing regularisation. Duality gap: 1.834e-01, tolerance: 3.676e-04
  model = cd_fast.enet_coordinate_descent(
/home/pwdemo.stefan/.miniconda3/envs/superlearner/lib/python3.9/site-packages/sklearn/linear_model/_coordinate_descent.py:628: ConvergenceWarning: Objective did not converge. You might want to increase the number of iterations, check the scale of the features or consider increasing regularisation. Duality gap: 7.839e-02, tolerance: 4.043e-04
  model = cd_fast.enet_coordinate_descent(
/home/pwdemo.stefan/.miniconda3/envs/superlearner/lib/python3.9/site-packages/sklearn/linear_model/_coordinate_descent.py:628: ConvergenceWarning: Objective did not converge. You might want to increase the number of iterations, check the scale of the features or consider increasing regularisation. Duality gap: 3.541e-02, tolerance: 3.918e-04
  model = cd_fast.enet_coordinate_descent(
/home/pwdemo.stefan/.miniconda3/envs/superlearner/lib/python3.9/site-packages/sklearn/linear_model/_coordinate_descent.py:628: ConvergenceWarning: Objective did not converge. You might want to increase the number of iterations, check the scale of the features or consider increasing regularisation. Duality gap: 3.282e-02, tolerance: 5.733e-04
  model = cd_fast.enet_coordinate_descent(
/home/pwdemo.stefan/.miniconda3/envs/superlearner/lib/python3.9/site-packages/sklearn/linear_model/_coordinate_descent.py:628: ConvergenceWarning: Objective did not converge. You might want to increase the number of iterations, check the scale of the features or consider increasing regularisation. Duality gap: 3.185e-02, tolerance: 3.651e-04
  model = cd_fast.enet_coordinate_descent(
/home/pwdemo.stefan/.miniconda3/envs/superlearner/lib/python3.9/site-packages/sklearn/linear_model/_coordinate_descent.py:628: ConvergenceWarning: Objective did not converge. You might want to increase the number of iterations, check the scale of the features or consider increasing regularisation. Duality gap: 6.130e-02, tolerance: 3.676e-04
  model = cd_fast.enet_coordinate_descent(
/home/pwdemo.stefan/.miniconda3/envs/superlearner/lib/python3.9/site-packages/sklearn/linear_model/_coordinate_descent.py:628: ConvergenceWarning: Objective did not converge. You might want to increase the number of iterations, check the scale of the features or consider increasing regularisation. Duality gap: 4.669e-02, tolerance: 4.043e-04
  model = cd_fast.enet_coordinate_descent(
/home/pwdemo.stefan/.miniconda3/envs/superlearner/lib/python3.9/site-packages/sklearn/linear_model/_coordinate_descent.py:628: ConvergenceWarning: Objective did not converge. You might want to increase the number of iterations, check the scale of the features or consider increasing regularisation. Duality gap: 9.338e-01, tolerance: 3.918e-04
  model = cd_fast.enet_coordinate_descent(
/home/pwdemo.stefan/.miniconda3/envs/superlearner/lib/python3.9/site-packages/sklearn/linear_model/_coordinate_descent.py:628: ConvergenceWarning: Objective did not converge. You might want to increase the number of iterations, check the scale of the features or consider increasing regularisation. Duality gap: 1.129e+00, tolerance: 5.733e-04
  model = cd_fast.enet_coordinate_descent(
/home/pwdemo.stefan/.miniconda3/envs/superlearner/lib/python3.9/site-packages/sklearn/linear_model/_coordinate_descent.py:628: ConvergenceWarning: Objective did not converge. You might want to increase the number of iterations, check the scale of the features or consider increasing regularisation. Duality gap: 8.373e-01, tolerance: 3.651e-04
  model = cd_fast.enet_coordinate_descent(
/home/pwdemo.stefan/.miniconda3/envs/superlearner/lib/python3.9/site-packages/sklearn/linear_model/_coordinate_descent.py:628: ConvergenceWarning: Objective did not converge. You might want to increase the number of iterations, check the scale of the features or consider increasing regularisation. Duality gap: 8.731e-01, tolerance: 3.676e-04
  model = cd_fast.enet_coordinate_descent(
/home/pwdemo.stefan/.miniconda3/envs/superlearner/lib/python3.9/site-packages/sklearn/linear_model/_coordinate_descent.py:628: ConvergenceWarning: Objective did not converge. You might want to increase the number of iterations, check the scale of the features or consider increasing regularisation. Duality gap: 9.654e-01, tolerance: 4.043e-04
  model = cd_fast.enet_coordinate_descent(
/home/pwdemo.stefan/.miniconda3/envs/superlearner/lib/python3.9/site-packages/sklearn/linear_model/_coordinate_descent.py:628: ConvergenceWarning: Objective did not converge. You might want to increase the number of iterations, check the scale of the features or consider increasing regularisation. Duality gap: 9.347e-01, tolerance: 3.918e-04
  model = cd_fast.enet_coordinate_descent(
/home/pwdemo.stefan/.miniconda3/envs/superlearner/lib/python3.9/site-packages/sklearn/linear_model/_coordinate_descent.py:628: ConvergenceWarning: Objective did not converge. You might want to increase the number of iterations, check the scale of the features or consider increasing regularisation. Duality gap: 1.131e+00, tolerance: 5.733e-04
  model = cd_fast.enet_coordinate_descent(
/home/pwdemo.stefan/.miniconda3/envs/superlearner/lib/python3.9/site-packages/sklearn/linear_model/_coordinate_descent.py:628: ConvergenceWarning: Objective did not converge. You might want to increase the number of iterations, check the scale of the features or consider increasing regularisation. Duality gap: 8.382e-01, tolerance: 3.651e-04
  model = cd_fast.enet_coordinate_descent(
/home/pwdemo.stefan/.miniconda3/envs/superlearner/lib/python3.9/site-packages/sklearn/linear_model/_coordinate_descent.py:628: ConvergenceWarning: Objective did not converge. You might want to increase the number of iterations, check the scale of the features or consider increasing regularisation. Duality gap: 8.739e-01, tolerance: 3.676e-04
  model = cd_fast.enet_coordinate_descent(
/home/pwdemo.stefan/.miniconda3/envs/superlearner/lib/python3.9/site-packages/sklearn/linear_model/_coordinate_descent.py:628: ConvergenceWarning: Objective did not converge. You might want to increase the number of iterations, check the scale of the features or consider increasing regularisation. Duality gap: 9.658e-01, tolerance: 4.043e-04
  model = cd_fast.enet_coordinate_descent(
/home/pwdemo.stefan/.miniconda3/envs/superlearner/lib/python3.9/site-packages/sklearn/linear_model/_coordinate_descent.py:628: ConvergenceWarning: Objective did not converge. You might want to increase the number of iterations, check the scale of the features or consider increasing regularisation. Duality gap: 7.626e-01, tolerance: 3.918e-04
  model = cd_fast.enet_coordinate_descent(
/home/pwdemo.stefan/.miniconda3/envs/superlearner/lib/python3.9/site-packages/sklearn/linear_model/_coordinate_descent.py:628: ConvergenceWarning: Objective did not converge. You might want to increase the number of iterations, check the scale of the features or consider increasing regularisation. Duality gap: 7.087e-01, tolerance: 5.733e-04
  model = cd_fast.enet_coordinate_descent(
/home/pwdemo.stefan/.miniconda3/envs/superlearner/lib/python3.9/site-packages/sklearn/linear_model/_coordinate_descent.py:628: ConvergenceWarning: Objective did not converge. You might want to increase the number of iterations, check the scale of the features or consider increasing regularisation. Duality gap: 7.268e-01, tolerance: 3.651e-04
  model = cd_fast.enet_coordinate_descent(
/home/pwdemo.stefan/.miniconda3/envs/superlearner/lib/python3.9/site-packages/sklearn/linear_model/_coordinate_descent.py:628: ConvergenceWarning: Objective did not converge. You might want to increase the number of iterations, check the scale of the features or consider increasing regularisation. Duality gap: 7.306e-01, tolerance: 3.676e-04
  model = cd_fast.enet_coordinate_descent(
/home/pwdemo.stefan/.miniconda3/envs/superlearner/lib/python3.9/site-packages/sklearn/linear_model/_coordinate_descent.py:628: ConvergenceWarning: Objective did not converge. You might want to increase the number of iterations, check the scale of the features or consider increasing regularisation. Duality gap: 8.059e-01, tolerance: 4.043e-04
  model = cd_fast.enet_coordinate_descent(
/home/pwdemo.stefan/.miniconda3/envs/superlearner/lib/python3.9/site-packages/sklearn/linear_model/_coordinate_descent.py:628: ConvergenceWarning: Objective did not converge. You might want to increase the number of iterations, check the scale of the features or consider increasing regularisation. Duality gap: 9.353e-01, tolerance: 3.918e-04
  model = cd_fast.enet_coordinate_descent(
/home/pwdemo.stefan/.miniconda3/envs/superlearner/lib/python3.9/site-packages/sklearn/linear_model/_coordinate_descent.py:628: ConvergenceWarning: Objective did not converge. You might want to increase the number of iterations, check the scale of the features or consider increasing regularisation. Duality gap: 1.131e+00, tolerance: 5.733e-04
  model = cd_fast.enet_coordinate_descent(
/home/pwdemo.stefan/.miniconda3/envs/superlearner/lib/python3.9/site-packages/sklearn/linear_model/_coordinate_descent.py:628: ConvergenceWarning: Objective did not converge. You might want to increase the number of iterations, check the scale of the features or consider increasing regularisation. Duality gap: 8.380e-01, tolerance: 3.651e-04
  model = cd_fast.enet_coordinate_descent(
/home/pwdemo.stefan/.miniconda3/envs/superlearner/lib/python3.9/site-packages/sklearn/linear_model/_coordinate_descent.py:628: ConvergenceWarning: Objective did not converge. You might want to increase the number of iterations, check the scale of the features or consider increasing regularisation. Duality gap: 8.734e-01, tolerance: 3.676e-04
  model = cd_fast.enet_coordinate_descent(
/home/pwdemo.stefan/.miniconda3/envs/superlearner/lib/python3.9/site-packages/sklearn/linear_model/_coordinate_descent.py:628: ConvergenceWarning: Objective did not converge. You might want to increase the number of iterations, check the scale of the features or consider increasing regularisation. Duality gap: 9.660e-01, tolerance: 4.043e-04
  model = cd_fast.enet_coordinate_descent(
/home/pwdemo.stefan/.miniconda3/envs/superlearner/lib/python3.9/site-packages/sklearn/linear_model/_coordinate_descent.py:628: ConvergenceWarning: Objective did not converge. You might want to increase the number of iterations, check the scale of the features or consider increasing regularisation. Duality gap: 6.727e-03, tolerance: 3.918e-04
  model = cd_fast.enet_coordinate_descent(
/home/pwdemo.stefan/.miniconda3/envs/superlearner/lib/python3.9/site-packages/sklearn/linear_model/_coordinate_descent.py:628: ConvergenceWarning: Objective did not converge. You might want to increase the number of iterations, check the scale of the features or consider increasing regularisation. Duality gap: 1.366e-02, tolerance: 5.733e-04
  model = cd_fast.enet_coordinate_descent(
/home/pwdemo.stefan/.miniconda3/envs/superlearner/lib/python3.9/site-packages/sklearn/linear_model/_coordinate_descent.py:628: ConvergenceWarning: Objective did not converge. You might want to increase the number of iterations, check the scale of the features or consider increasing regularisation. Duality gap: 3.371e-03, tolerance: 3.651e-04
  model = cd_fast.enet_coordinate_descent(
/home/pwdemo.stefan/.miniconda3/envs/superlearner/lib/python3.9/site-packages/sklearn/linear_model/_coordinate_descent.py:628: ConvergenceWarning: Objective did not converge. You might want to increase the number of iterations, check the scale of the features or consider increasing regularisation. Duality gap: 5.659e-02, tolerance: 3.676e-04
  model = cd_fast.enet_coordinate_descent(
/home/pwdemo.stefan/.miniconda3/envs/superlearner/lib/python3.9/site-packages/sklearn/linear_model/_coordinate_descent.py:628: ConvergenceWarning: Objective did not converge. You might want to increase the number of iterations, check the scale of the features or consider increasing regularisation. Duality gap: 9.351e-01, tolerance: 3.918e-04
  model = cd_fast.enet_coordinate_descent(
/home/pwdemo.stefan/.miniconda3/envs/superlearner/lib/python3.9/site-packages/sklearn/linear_model/_coordinate_descent.py:628: ConvergenceWarning: Objective did not converge. You might want to increase the number of iterations, check the scale of the features or consider increasing regularisation. Duality gap: 1.130e+00, tolerance: 5.733e-04
  model = cd_fast.enet_coordinate_descent(
/home/pwdemo.stefan/.miniconda3/envs/superlearner/lib/python3.9/site-packages/sklearn/linear_model/_coordinate_descent.py:628: ConvergenceWarning: Objective did not converge. You might want to increase the number of iterations, check the scale of the features or consider increasing regularisation. Duality gap: 8.379e-01, tolerance: 3.651e-04
  model = cd_fast.enet_coordinate_descent(
/home/pwdemo.stefan/.miniconda3/envs/superlearner/lib/python3.9/site-packages/sklearn/linear_model/_coordinate_descent.py:628: ConvergenceWarning: Objective did not converge. You might want to increase the number of iterations, check the scale of the features or consider increasing regularisation. Duality gap: 8.732e-01, tolerance: 3.676e-04
  model = cd_fast.enet_coordinate_descent(
/home/pwdemo.stefan/.miniconda3/envs/superlearner/lib/python3.9/site-packages/sklearn/linear_model/_coordinate_descent.py:628: ConvergenceWarning: Objective did not converge. You might want to increase the number of iterations, check the scale of the features or consider increasing regularisation. Duality gap: 9.660e-01, tolerance: 4.043e-04
  model = cd_fast.enet_coordinate_descent(
/home/pwdemo.stefan/.miniconda3/envs/superlearner/lib/python3.9/site-packages/sklearn/linear_model/_coordinate_descent.py:628: ConvergenceWarning: Objective did not converge. You might want to increase the number of iterations, check the scale of the features or consider increasing regularisation. Duality gap: 9.392e-01, tolerance: 3.918e-04
  model = cd_fast.enet_coordinate_descent(
/home/pwdemo.stefan/.miniconda3/envs/superlearner/lib/python3.9/site-packages/sklearn/linear_model/_coordinate_descent.py:628: ConvergenceWarning: Objective did not converge. You might want to increase the number of iterations, check the scale of the features or consider increasing regularisation. Duality gap: 1.141e+00, tolerance: 5.733e-04
  model = cd_fast.enet_coordinate_descent(
/home/pwdemo.stefan/.miniconda3/envs/superlearner/lib/python3.9/site-packages/sklearn/linear_model/_coordinate_descent.py:628: ConvergenceWarning: Objective did not converge. You might want to increase the number of iterations, check the scale of the features or consider increasing regularisation. Duality gap: 8.452e-01, tolerance: 3.651e-04
  model = cd_fast.enet_coordinate_descent(
/home/pwdemo.stefan/.miniconda3/envs/superlearner/lib/python3.9/site-packages/sklearn/linear_model/_coordinate_descent.py:628: ConvergenceWarning: Objective did not converge. You might want to increase the number of iterations, check the scale of the features or consider increasing regularisation. Duality gap: 8.842e-01, tolerance: 3.676e-04
  model = cd_fast.enet_coordinate_descent(
/home/pwdemo.stefan/.miniconda3/envs/superlearner/lib/python3.9/site-packages/sklearn/linear_model/_coordinate_descent.py:628: ConvergenceWarning: Objective did not converge. You might want to increase the number of iterations, check the scale of the features or consider increasing regularisation. Duality gap: 9.692e-01, tolerance: 4.043e-04
  model = cd_fast.enet_coordinate_descent(
/home/pwdemo.stefan/.miniconda3/envs/superlearner/lib/python3.9/site-packages/sklearn/linear_model/_coordinate_descent.py:628: ConvergenceWarning: Objective did not converge. You might want to increase the number of iterations, check the scale of the features or consider increasing regularisation. Duality gap: 9.100e-01, tolerance: 3.918e-04
  model = cd_fast.enet_coordinate_descent(
/home/pwdemo.stefan/.miniconda3/envs/superlearner/lib/python3.9/site-packages/sklearn/linear_model/_coordinate_descent.py:628: ConvergenceWarning: Objective did not converge. You might want to increase the number of iterations, check the scale of the features or consider increasing regularisation. Duality gap: 1.121e+00, tolerance: 5.733e-04
  model = cd_fast.enet_coordinate_descent(
/home/pwdemo.stefan/.miniconda3/envs/superlearner/lib/python3.9/site-packages/sklearn/linear_model/_coordinate_descent.py:628: ConvergenceWarning: Objective did not converge. You might want to increase the number of iterations, check the scale of the features or consider increasing regularisation. Duality gap: 8.232e-01, tolerance: 3.651e-04
  model = cd_fast.enet_coordinate_descent(
/home/pwdemo.stefan/.miniconda3/envs/superlearner/lib/python3.9/site-packages/sklearn/linear_model/_coordinate_descent.py:628: ConvergenceWarning: Objective did not converge. You might want to increase the number of iterations, check the scale of the features or consider increasing regularisation. Duality gap: 8.674e-01, tolerance: 3.676e-04
  model = cd_fast.enet_coordinate_descent(
/home/pwdemo.stefan/.miniconda3/envs/superlearner/lib/python3.9/site-packages/sklearn/linear_model/_coordinate_descent.py:628: ConvergenceWarning: Objective did not converge. You might want to increase the number of iterations, check the scale of the features or consider increasing regularisation. Duality gap: 9.505e-01, tolerance: 4.043e-04
  model = cd_fast.enet_coordinate_descent(
/home/pwdemo.stefan/.miniconda3/envs/superlearner/lib/python3.9/site-packages/sklearn/linear_model/_coordinate_descent.py:628: ConvergenceWarning: Objective did not converge. You might want to increase the number of iterations, check the scale of the features or consider increasing regularisation. Duality gap: 1.106e+00, tolerance: 4.666e-04
  model = cd_fast.enet_coordinate_descent(
/home/pwdemo.stefan/.miniconda3/envs/superlearner/lib/python3.9/site-packages/sklearn/linear_model/_huber.py:342: ConvergenceWarning: lbfgs failed to converge (status=1):
STOP: TOTAL NO. of ITERATIONS REACHED LIMIT.

Increase the number of iterations (max_iter) or scale the data as shown in:
    https://scikit-learn.org/stable/modules/preprocessing.html
  self.n_iter_ = _check_optimize_result("lbfgs", opt_res, self.max_iter)
/home/pwdemo.stefan/.miniconda3/envs/superlearner/lib/python3.9/site-packages/sklearn/linear_model/_huber.py:342: ConvergenceWarning: lbfgs failed to converge (status=1):
STOP: TOTAL NO. of ITERATIONS REACHED LIMIT.

Increase the number of iterations (max_iter) or scale the data as shown in:
    https://scikit-learn.org/stable/modules/preprocessing.html
  self.n_iter_ = _check_optimize_result("lbfgs", opt_res, self.max_iter)
/home/pwdemo.stefan/.miniconda3/envs/superlearner/lib/python3.9/site-packages/sklearn/linear_model/_huber.py:342: ConvergenceWarning: lbfgs failed to converge (status=1):
STOP: TOTAL NO. of ITERATIONS REACHED LIMIT.

Increase the number of iterations (max_iter) or scale the data as shown in:
    https://scikit-learn.org/stable/modules/preprocessing.html
  self.n_iter_ = _check_optimize_result("lbfgs", opt_res, self.max_iter)
/home/pwdemo.stefan/.miniconda3/envs/superlearner/lib/python3.9/site-packages/sklearn/linear_model/_huber.py:342: ConvergenceWarning: lbfgs failed to converge (status=1):
STOP: TOTAL NO. of ITERATIONS REACHED LIMIT.

Increase the number of iterations (max_iter) or scale the data as shown in:
    https://scikit-learn.org/stable/modules/preprocessing.html
  self.n_iter_ = _check_optimize_result("lbfgs", opt_res, self.max_iter)
/home/pwdemo.stefan/.miniconda3/envs/superlearner/lib/python3.9/site-packages/sklearn/linear_model/_huber.py:342: ConvergenceWarning: lbfgs failed to converge (status=1):
STOP: TOTAL NO. of ITERATIONS REACHED LIMIT.

Increase the number of iterations (max_iter) or scale the data as shown in:
    https://scikit-learn.org/stable/modules/preprocessing.html
  self.n_iter_ = _check_optimize_result("lbfgs", opt_res, self.max_iter)
/home/pwdemo.stefan/.miniconda3/envs/superlearner/lib/python3.9/site-packages/sklearn/linear_model/_huber.py:342: ConvergenceWarning: lbfgs failed to converge (status=1):
STOP: TOTAL NO. of ITERATIONS REACHED LIMIT.

Increase the number of iterations (max_iter) or scale the data as shown in:
    https://scikit-learn.org/stable/modules/preprocessing.html
  self.n_iter_ = _check_optimize_result("lbfgs", opt_res, self.max_iter)
/home/pwdemo.stefan/.miniconda3/envs/superlearner/lib/python3.9/site-packages/sklearn/linear_model/_huber.py:342: ConvergenceWarning: lbfgs failed to converge (status=1):
STOP: TOTAL NO. of ITERATIONS REACHED LIMIT.

Increase the number of iterations (max_iter) or scale the data as shown in:
    https://scikit-learn.org/stable/modules/preprocessing.html
  self.n_iter_ = _check_optimize_result("lbfgs", opt_res, self.max_iter)
/home/pwdemo.stefan/.miniconda3/envs/superlearner/lib/python3.9/site-packages/sklearn/linear_model/_huber.py:342: ConvergenceWarning: lbfgs failed to converge (status=1):
STOP: TOTAL NO. of ITERATIONS REACHED LIMIT.

Increase the number of iterations (max_iter) or scale the data as shown in:
    https://scikit-learn.org/stable/modules/preprocessing.html
  self.n_iter_ = _check_optimize_result("lbfgs", opt_res, self.max_iter)
/home/pwdemo.stefan/.miniconda3/envs/superlearner/lib/python3.9/site-packages/sklearn/linear_model/_huber.py:342: ConvergenceWarning: lbfgs failed to converge (status=1):
STOP: TOTAL NO. of ITERATIONS REACHED LIMIT.

Increase the number of iterations (max_iter) or scale the data as shown in:
    https://scikit-learn.org/stable/modules/preprocessing.html
  self.n_iter_ = _check_optimize_result("lbfgs", opt_res, self.max_iter)
/home/pwdemo.stefan/.miniconda3/envs/superlearner/lib/python3.9/site-packages/sklearn/linear_model/_huber.py:342: ConvergenceWarning: lbfgs failed to converge (status=1):
STOP: TOTAL NO. of ITERATIONS REACHED LIMIT.

Increase the number of iterations (max_iter) or scale the data as shown in:
    https://scikit-learn.org/stable/modules/preprocessing.html
  self.n_iter_ = _check_optimize_result("lbfgs", opt_res, self.max_iter)
/home/pwdemo.stefan/.miniconda3/envs/superlearner/lib/python3.9/site-packages/sklearn/linear_model/_huber.py:342: ConvergenceWarning: lbfgs failed to converge (status=1):
STOP: TOTAL NO. of ITERATIONS REACHED LIMIT.

Increase the number of iterations (max_iter) or scale the data as shown in:
    https://scikit-learn.org/stable/modules/preprocessing.html
  self.n_iter_ = _check_optimize_result("lbfgs", opt_res, self.max_iter)
/home/pwdemo.stefan/.miniconda3/envs/superlearner/lib/python3.9/site-packages/sklearn/linear_model/_huber.py:342: ConvergenceWarning: lbfgs failed to converge (status=1):
STOP: TOTAL NO. of ITERATIONS REACHED LIMIT.

Increase the number of iterations (max_iter) or scale the data as shown in:
    https://scikit-learn.org/stable/modules/preprocessing.html
  self.n_iter_ = _check_optimize_result("lbfgs", opt_res, self.max_iter)
/home/pwdemo.stefan/.miniconda3/envs/superlearner/lib/python3.9/site-packages/sklearn/linear_model/_huber.py:342: ConvergenceWarning: lbfgs failed to converge (status=1):
STOP: TOTAL NO. of ITERATIONS REACHED LIMIT.

Increase the number of iterations (max_iter) or scale the data as shown in:
    https://scikit-learn.org/stable/modules/preprocessing.html
  self.n_iter_ = _check_optimize_result("lbfgs", opt_res, self.max_iter)
/home/pwdemo.stefan/.miniconda3/envs/superlearner/lib/python3.9/site-packages/sklearn/linear_model/_huber.py:342: ConvergenceWarning: lbfgs failed to converge (status=1):
STOP: TOTAL NO. of ITERATIONS REACHED LIMIT.

Increase the number of iterations (max_iter) or scale the data as shown in:
    https://scikit-learn.org/stable/modules/preprocessing.html
  self.n_iter_ = _check_optimize_result("lbfgs", opt_res, self.max_iter)
/home/pwdemo.stefan/.miniconda3/envs/superlearner/lib/python3.9/site-packages/sklearn/linear_model/_huber.py:342: ConvergenceWarning: lbfgs failed to converge (status=1):
STOP: TOTAL NO. of ITERATIONS REACHED LIMIT.

Increase the number of iterations (max_iter) or scale the data as shown in:
    https://scikit-learn.org/stable/modules/preprocessing.html
  self.n_iter_ = _check_optimize_result("lbfgs", opt_res, self.max_iter)
/home/pwdemo.stefan/.miniconda3/envs/superlearner/lib/python3.9/site-packages/sklearn/linear_model/_huber.py:342: ConvergenceWarning: lbfgs failed to converge (status=1):
STOP: TOTAL NO. of ITERATIONS REACHED LIMIT.

Increase the number of iterations (max_iter) or scale the data as shown in:
    https://scikit-learn.org/stable/modules/preprocessing.html
  self.n_iter_ = _check_optimize_result("lbfgs", opt_res, self.max_iter)
/home/pwdemo.stefan/.miniconda3/envs/superlearner/lib/python3.9/site-packages/sklearn/linear_model/_huber.py:342: ConvergenceWarning: lbfgs failed to converge (status=1):
STOP: TOTAL NO. of ITERATIONS REACHED LIMIT.

Increase the number of iterations (max_iter) or scale the data as shown in:
    https://scikit-learn.org/stable/modules/preprocessing.html
  self.n_iter_ = _check_optimize_result("lbfgs", opt_res, self.max_iter)
/home/pwdemo.stefan/.miniconda3/envs/superlearner/lib/python3.9/site-packages/sklearn/linear_model/_huber.py:342: ConvergenceWarning: lbfgs failed to converge (status=1):
STOP: TOTAL NO. of ITERATIONS REACHED LIMIT.

Increase the number of iterations (max_iter) or scale the data as shown in:
    https://scikit-learn.org/stable/modules/preprocessing.html
  self.n_iter_ = _check_optimize_result("lbfgs", opt_res, self.max_iter)
/home/pwdemo.stefan/.miniconda3/envs/superlearner/lib/python3.9/site-packages/sklearn/linear_model/_huber.py:342: ConvergenceWarning: lbfgs failed to converge (status=1):
STOP: TOTAL NO. of ITERATIONS REACHED LIMIT.

Increase the number of iterations (max_iter) or scale the data as shown in:
    https://scikit-learn.org/stable/modules/preprocessing.html
  self.n_iter_ = _check_optimize_result("lbfgs", opt_res, self.max_iter)
/home/pwdemo.stefan/.miniconda3/envs/superlearner/lib/python3.9/site-packages/sklearn/linear_model/_huber.py:342: ConvergenceWarning: lbfgs failed to converge (status=1):
STOP: TOTAL NO. of ITERATIONS REACHED LIMIT.

Increase the number of iterations (max_iter) or scale the data as shown in:
    https://scikit-learn.org/stable/modules/preprocessing.html
  self.n_iter_ = _check_optimize_result("lbfgs", opt_res, self.max_iter)
/home/pwdemo.stefan/.miniconda3/envs/superlearner/lib/python3.9/site-packages/sklearn/linear_model/_huber.py:342: ConvergenceWarning: lbfgs failed to converge (status=1):
STOP: TOTAL NO. of ITERATIONS REACHED LIMIT.

Increase the number of iterations (max_iter) or scale the data as shown in:
    https://scikit-learn.org/stable/modules/preprocessing.html
  self.n_iter_ = _check_optimize_result("lbfgs", opt_res, self.max_iter)
/home/pwdemo.stefan/.miniconda3/envs/superlearner/lib/python3.9/site-packages/sklearn/linear_model/_huber.py:342: ConvergenceWarning: lbfgs failed to converge (status=1):
STOP: TOTAL NO. of ITERATIONS REACHED LIMIT.

Increase the number of iterations (max_iter) or scale the data as shown in:
    https://scikit-learn.org/stable/modules/preprocessing.html
  self.n_iter_ = _check_optimize_result("lbfgs", opt_res, self.max_iter)
/home/pwdemo.stefan/.miniconda3/envs/superlearner/lib/python3.9/site-packages/sklearn/linear_model/_huber.py:342: ConvergenceWarning: lbfgs failed to converge (status=1):
STOP: TOTAL NO. of ITERATIONS REACHED LIMIT.

Increase the number of iterations (max_iter) or scale the data as shown in:
    https://scikit-learn.org/stable/modules/preprocessing.html
  self.n_iter_ = _check_optimize_result("lbfgs", opt_res, self.max_iter)
/home/pwdemo.stefan/.miniconda3/envs/superlearner/lib/python3.9/site-packages/sklearn/linear_model/_huber.py:342: ConvergenceWarning: lbfgs failed to converge (status=1):
STOP: TOTAL NO. of ITERATIONS REACHED LIMIT.

Increase the number of iterations (max_iter) or scale the data as shown in:
    https://scikit-learn.org/stable/modules/preprocessing.html
  self.n_iter_ = _check_optimize_result("lbfgs", opt_res, self.max_iter)
/home/pwdemo.stefan/.miniconda3/envs/superlearner/lib/python3.9/site-packages/sklearn/linear_model/_huber.py:342: ConvergenceWarning: lbfgs failed to converge (status=1):
STOP: TOTAL NO. of ITERATIONS REACHED LIMIT.

Increase the number of iterations (max_iter) or scale the data as shown in:
    https://scikit-learn.org/stable/modules/preprocessing.html
  self.n_iter_ = _check_optimize_result("lbfgs", opt_res, self.max_iter)
/home/pwdemo.stefan/.miniconda3/envs/superlearner/lib/python3.9/site-packages/sklearn/linear_model/_huber.py:342: ConvergenceWarning: lbfgs failed to converge (status=1):
STOP: TOTAL NO. of ITERATIONS REACHED LIMIT.

Increase the number of iterations (max_iter) or scale the data as shown in:
    https://scikit-learn.org/stable/modules/preprocessing.html
  self.n_iter_ = _check_optimize_result("lbfgs", opt_res, self.max_iter)
/home/pwdemo.stefan/.miniconda3/envs/superlearner/lib/python3.9/site-packages/sklearn/linear_model/_huber.py:342: ConvergenceWarning: lbfgs failed to converge (status=1):
STOP: TOTAL NO. of ITERATIONS REACHED LIMIT.

Increase the number of iterations (max_iter) or scale the data as shown in:
    https://scikit-learn.org/stable/modules/preprocessing.html
  self.n_iter_ = _check_optimize_result("lbfgs", opt_res, self.max_iter)
/home/pwdemo.stefan/.miniconda3/envs/superlearner/lib/python3.9/site-packages/sklearn/linear_model/_huber.py:342: ConvergenceWarning: lbfgs failed to converge (status=1):
STOP: TOTAL NO. of ITERATIONS REACHED LIMIT.

Increase the number of iterations (max_iter) or scale the data as shown in:
    https://scikit-learn.org/stable/modules/preprocessing.html
  self.n_iter_ = _check_optimize_result("lbfgs", opt_res, self.max_iter)
/home/pwdemo.stefan/.miniconda3/envs/superlearner/lib/python3.9/site-packages/sklearn/linear_model/_huber.py:342: ConvergenceWarning: lbfgs failed to converge (status=1):
STOP: TOTAL NO. of ITERATIONS REACHED LIMIT.

Increase the number of iterations (max_iter) or scale the data as shown in:
    https://scikit-learn.org/stable/modules/preprocessing.html
  self.n_iter_ = _check_optimize_result("lbfgs", opt_res, self.max_iter)
/home/pwdemo.stefan/.miniconda3/envs/superlearner/lib/python3.9/site-packages/sklearn/linear_model/_huber.py:342: ConvergenceWarning: lbfgs failed to converge (status=1):
STOP: TOTAL NO. of ITERATIONS REACHED LIMIT.

Increase the number of iterations (max_iter) or scale the data as shown in:
    https://scikit-learn.org/stable/modules/preprocessing.html
  self.n_iter_ = _check_optimize_result("lbfgs", opt_res, self.max_iter)
/home/pwdemo.stefan/.miniconda3/envs/superlearner/lib/python3.9/site-packages/sklearn/linear_model/_huber.py:342: ConvergenceWarning: lbfgs failed to converge (status=1):
STOP: TOTAL NO. of ITERATIONS REACHED LIMIT.

Increase the number of iterations (max_iter) or scale the data as shown in:
    https://scikit-learn.org/stable/modules/preprocessing.html
  self.n_iter_ = _check_optimize_result("lbfgs", opt_res, self.max_iter)
/home/pwdemo.stefan/.miniconda3/envs/superlearner/lib/python3.9/site-packages/sklearn/linear_model/_huber.py:342: ConvergenceWarning: lbfgs failed to converge (status=1):
STOP: TOTAL NO. of ITERATIONS REACHED LIMIT.

Increase the number of iterations (max_iter) or scale the data as shown in:
    https://scikit-learn.org/stable/modules/preprocessing.html
  self.n_iter_ = _check_optimize_result("lbfgs", opt_res, self.max_iter)
/home/pwdemo.stefan/.miniconda3/envs/superlearner/lib/python3.9/site-packages/sklearn/linear_model/_huber.py:342: ConvergenceWarning: lbfgs failed to converge (status=1):
STOP: TOTAL NO. of ITERATIONS REACHED LIMIT.

Increase the number of iterations (max_iter) or scale the data as shown in:
    https://scikit-learn.org/stable/modules/preprocessing.html
  self.n_iter_ = _check_optimize_result("lbfgs", opt_res, self.max_iter)
/home/pwdemo.stefan/.miniconda3/envs/superlearner/lib/python3.9/site-packages/sklearn/linear_model/_huber.py:342: ConvergenceWarning: lbfgs failed to converge (status=1):
STOP: TOTAL NO. of ITERATIONS REACHED LIMIT.

Increase the number of iterations (max_iter) or scale the data as shown in:
    https://scikit-learn.org/stable/modules/preprocessing.html
  self.n_iter_ = _check_optimize_result("lbfgs", opt_res, self.max_iter)
/home/pwdemo.stefan/.miniconda3/envs/superlearner/lib/python3.9/site-packages/sklearn/linear_model/_huber.py:342: ConvergenceWarning: lbfgs failed to converge (status=1):
STOP: TOTAL NO. of ITERATIONS REACHED LIMIT.

Increase the number of iterations (max_iter) or scale the data as shown in:
    https://scikit-learn.org/stable/modules/preprocessing.html
  self.n_iter_ = _check_optimize_result("lbfgs", opt_res, self.max_iter)
/home/pwdemo.stefan/.miniconda3/envs/superlearner/lib/python3.9/site-packages/sklearn/linear_model/_huber.py:342: ConvergenceWarning: lbfgs failed to converge (status=1):
STOP: TOTAL NO. of ITERATIONS REACHED LIMIT.

Increase the number of iterations (max_iter) or scale the data as shown in:
    https://scikit-learn.org/stable/modules/preprocessing.html
  self.n_iter_ = _check_optimize_result("lbfgs", opt_res, self.max_iter)
/home/pwdemo.stefan/.miniconda3/envs/superlearner/lib/python3.9/site-packages/sklearn/linear_model/_huber.py:342: ConvergenceWarning: lbfgs failed to converge (status=1):
STOP: TOTAL NO. of ITERATIONS REACHED LIMIT.

Increase the number of iterations (max_iter) or scale the data as shown in:
    https://scikit-learn.org/stable/modules/preprocessing.html
  self.n_iter_ = _check_optimize_result("lbfgs", opt_res, self.max_iter)
/home/pwdemo.stefan/.miniconda3/envs/superlearner/lib/python3.9/site-packages/sklearn/linear_model/_huber.py:342: ConvergenceWarning: lbfgs failed to converge (status=1):
STOP: TOTAL NO. of ITERATIONS REACHED LIMIT.

Increase the number of iterations (max_iter) or scale the data as shown in:
    https://scikit-learn.org/stable/modules/preprocessing.html
  self.n_iter_ = _check_optimize_result("lbfgs", opt_res, self.max_iter)
/home/pwdemo.stefan/.miniconda3/envs/superlearner/lib/python3.9/site-packages/sklearn/linear_model/_huber.py:342: ConvergenceWarning: lbfgs failed to converge (status=1):
STOP: TOTAL NO. of ITERATIONS REACHED LIMIT.

Increase the number of iterations (max_iter) or scale the data as shown in:
    https://scikit-learn.org/stable/modules/preprocessing.html
  self.n_iter_ = _check_optimize_result("lbfgs", opt_res, self.max_iter)
/home/pwdemo.stefan/.miniconda3/envs/superlearner/lib/python3.9/site-packages/sklearn/linear_model/_huber.py:342: ConvergenceWarning: lbfgs failed to converge (status=1):
STOP: TOTAL NO. of ITERATIONS REACHED LIMIT.

Increase the number of iterations (max_iter) or scale the data as shown in:
    https://scikit-learn.org/stable/modules/preprocessing.html
  self.n_iter_ = _check_optimize_result("lbfgs", opt_res, self.max_iter)
/home/pwdemo.stefan/.miniconda3/envs/superlearner/lib/python3.9/site-packages/sklearn/linear_model/_huber.py:342: ConvergenceWarning: lbfgs failed to converge (status=1):
STOP: TOTAL NO. of ITERATIONS REACHED LIMIT.

Increase the number of iterations (max_iter) or scale the data as shown in:
    https://scikit-learn.org/stable/modules/preprocessing.html
  self.n_iter_ = _check_optimize_result("lbfgs", opt_res, self.max_iter)
/home/pwdemo.stefan/.miniconda3/envs/superlearner/lib/python3.9/site-packages/sklearn/linear_model/_huber.py:342: ConvergenceWarning: lbfgs failed to converge (status=1):
STOP: TOTAL NO. of ITERATIONS REACHED LIMIT.

Increase the number of iterations (max_iter) or scale the data as shown in:
    https://scikit-learn.org/stable/modules/preprocessing.html
  self.n_iter_ = _check_optimize_result("lbfgs", opt_res, self.max_iter)
/home/pwdemo.stefan/.miniconda3/envs/superlearner/lib/python3.9/site-packages/sklearn/linear_model/_huber.py:342: ConvergenceWarning: lbfgs failed to converge (status=1):
STOP: TOTAL NO. of ITERATIONS REACHED LIMIT.

Increase the number of iterations (max_iter) or scale the data as shown in:
    https://scikit-learn.org/stable/modules/preprocessing.html
  self.n_iter_ = _check_optimize_result("lbfgs", opt_res, self.max_iter)
/home/pwdemo.stefan/.miniconda3/envs/superlearner/lib/python3.9/site-packages/sklearn/linear_model/_huber.py:342: ConvergenceWarning: lbfgs failed to converge (status=1):
STOP: TOTAL NO. of ITERATIONS REACHED LIMIT.

Increase the number of iterations (max_iter) or scale the data as shown in:
    https://scikit-learn.org/stable/modules/preprocessing.html
  self.n_iter_ = _check_optimize_result("lbfgs", opt_res, self.max_iter)
/home/pwdemo.stefan/.miniconda3/envs/superlearner/lib/python3.9/site-packages/sklearn/linear_model/_huber.py:342: ConvergenceWarning: lbfgs failed to converge (status=1):
STOP: TOTAL NO. of ITERATIONS REACHED LIMIT.

Increase the number of iterations (max_iter) or scale the data as shown in:
    https://scikit-learn.org/stable/modules/preprocessing.html
  self.n_iter_ = _check_optimize_result("lbfgs", opt_res, self.max_iter)
/home/pwdemo.stefan/.miniconda3/envs/superlearner/lib/python3.9/site-packages/sklearn/linear_model/_huber.py:342: ConvergenceWarning: lbfgs failed to converge (status=1):
STOP: TOTAL NO. of ITERATIONS REACHED LIMIT.

Increase the number of iterations (max_iter) or scale the data as shown in:
    https://scikit-learn.org/stable/modules/preprocessing.html
  self.n_iter_ = _check_optimize_result("lbfgs", opt_res, self.max_iter)
/home/pwdemo.stefan/.miniconda3/envs/superlearner/lib/python3.9/site-packages/sklearn/linear_model/_huber.py:342: ConvergenceWarning: lbfgs failed to converge (status=1):
STOP: TOTAL NO. of ITERATIONS REACHED LIMIT.

Increase the number of iterations (max_iter) or scale the data as shown in:
    https://scikit-learn.org/stable/modules/preprocessing.html
  self.n_iter_ = _check_optimize_result("lbfgs", opt_res, self.max_iter)
/home/pwdemo.stefan/.miniconda3/envs/superlearner/lib/python3.9/site-packages/sklearn/linear_model/_coordinate_descent.py:628: ConvergenceWarning: Objective did not converge. You might want to increase the number of iterations, check the scale of the features or consider increasing regularisation. Duality gap: 1.106e+00, tolerance: 4.666e-04
  model = cd_fast.enet_coordinate_descent(
/home/pwdemo.stefan/.miniconda3/envs/superlearner/lib/python3.9/site-packages/sklearn/linear_model/_huber.py:342: ConvergenceWarning: lbfgs failed to converge (status=1):
STOP: TOTAL NO. of ITERATIONS REACHED LIMIT.

Increase the number of iterations (max_iter) or scale the data as shown in:
    https://scikit-learn.org/stable/modules/preprocessing.html
  self.n_iter_ = _check_optimize_result("lbfgs", opt_res, self.max_iter)
/home/pwdemo.stefan/.miniconda3/envs/superlearner/lib/python3.9/site-packages/sklearn/linear_model/_huber.py:342: ConvergenceWarning: lbfgs failed to converge (status=1):
STOP: TOTAL NO. of ITERATIONS REACHED LIMIT.

Increase the number of iterations (max_iter) or scale the data as shown in:
    https://scikit-learn.org/stable/modules/preprocessing.html
  self.n_iter_ = _check_optimize_result("lbfgs", opt_res, self.max_iter)
/home/pwdemo.stefan/.miniconda3/envs/superlearner/lib/python3.9/site-packages/sklearn/linear_model/_huber.py:342: ConvergenceWarning: lbfgs failed to converge (status=1):
STOP: TOTAL NO. of ITERATIONS REACHED LIMIT.

Increase the number of iterations (max_iter) or scale the data as shown in:
    https://scikit-learn.org/stable/modules/preprocessing.html
  self.n_iter_ = _check_optimize_result("lbfgs", opt_res, self.max_iter)
/home/pwdemo.stefan/.miniconda3/envs/superlearner/lib/python3.9/site-packages/sklearn/linear_model/_huber.py:342: ConvergenceWarning: lbfgs failed to converge (status=1):
STOP: TOTAL NO. of ITERATIONS REACHED LIMIT.

Increase the number of iterations (max_iter) or scale the data as shown in:
    https://scikit-learn.org/stable/modules/preprocessing.html
  self.n_iter_ = _check_optimize_result("lbfgs", opt_res, self.max_iter)
/home/pwdemo.stefan/.miniconda3/envs/superlearner/lib/python3.9/site-packages/sklearn/linear_model/_huber.py:342: ConvergenceWarning: lbfgs failed to converge (status=1):
STOP: TOTAL NO. of ITERATIONS REACHED LIMIT.

Increase the number of iterations (max_iter) or scale the data as shown in:
    https://scikit-learn.org/stable/modules/preprocessing.html
  self.n_iter_ = _check_optimize_result("lbfgs", opt_res, self.max_iter)
/home/pwdemo.stefan/.miniconda3/envs/superlearner/lib/python3.9/site-packages/sklearn/linear_model/_coordinate_descent.py:628: ConvergenceWarning: Objective did not converge. You might want to increase the number of iterations, check the scale of the features or consider increasing regularisation. Duality gap: 9.347e-01, tolerance: 3.918e-04
  model = cd_fast.enet_coordinate_descent(
/home/pwdemo.stefan/.miniconda3/envs/superlearner/lib/python3.9/site-packages/sklearn/linear_model/_coordinate_descent.py:628: ConvergenceWarning: Objective did not converge. You might want to increase the number of iterations, check the scale of the features or consider increasing regularisation. Duality gap: 1.131e+00, tolerance: 5.733e-04
  model = cd_fast.enet_coordinate_descent(
/home/pwdemo.stefan/.miniconda3/envs/superlearner/lib/python3.9/site-packages/sklearn/linear_model/_coordinate_descent.py:628: ConvergenceWarning: Objective did not converge. You might want to increase the number of iterations, check the scale of the features or consider increasing regularisation. Duality gap: 8.382e-01, tolerance: 3.651e-04
  model = cd_fast.enet_coordinate_descent(
/home/pwdemo.stefan/.miniconda3/envs/superlearner/lib/python3.9/site-packages/sklearn/linear_model/_coordinate_descent.py:628: ConvergenceWarning: Objective did not converge. You might want to increase the number of iterations, check the scale of the features or consider increasing regularisation. Duality gap: 8.739e-01, tolerance: 3.676e-04
  model = cd_fast.enet_coordinate_descent(
/home/pwdemo.stefan/.miniconda3/envs/superlearner/lib/python3.9/site-packages/sklearn/linear_model/_coordinate_descent.py:628: ConvergenceWarning: Objective did not converge. You might want to increase the number of iterations, check the scale of the features or consider increasing regularisation. Duality gap: 9.658e-01, tolerance: 4.043e-04
  model = cd_fast.enet_coordinate_descent(
/home/pwdemo.stefan/.miniconda3/envs/superlearner/lib/python3.9/site-packages/sklearn/compose/_target.py:190: UserWarning: The provided functions or transformer are not strictly inverse of each other. If you are sure you want to proceed regardless, set 'check_inverse=False'
  warnings.warn(
/home/pwdemo.stefan/.miniconda3/envs/superlearner/lib/python3.9/site-packages/sklearn/compose/_target.py:190: UserWarning: The provided functions or transformer are not strictly inverse of each other. If you are sure you want to proceed regardless, set 'check_inverse=False'
  warnings.warn(
/home/pwdemo.stefan/.miniconda3/envs/superlearner/lib/python3.9/site-packages/sklearn/compose/_target.py:190: UserWarning: The provided functions or transformer are not strictly inverse of each other. If you are sure you want to proceed regardless, set 'check_inverse=False'
  warnings.warn(
/home/pwdemo.stefan/.miniconda3/envs/superlearner/lib/python3.9/site-packages/sklearn/compose/_target.py:190: UserWarning: The provided functions or transformer are not strictly inverse of each other. If you are sure you want to proceed regardless, set 'check_inverse=False'
  warnings.warn(
/home/pwdemo.stefan/.miniconda3/envs/superlearner/lib/python3.9/site-packages/sklearn/compose/_target.py:190: UserWarning: The provided functions or transformer are not strictly inverse of each other. If you are sure you want to proceed regardless, set 'check_inverse=False'
  warnings.warn(
/home/pwdemo.stefan/.miniconda3/envs/superlearner/lib/python3.9/site-packages/sklearn/compose/_target.py:190: UserWarning: The provided functions or transformer are not strictly inverse of each other. If you are sure you want to proceed regardless, set 'check_inverse=False'
  warnings.warn(
/home/pwdemo.stefan/.miniconda3/envs/superlearner/lib/python3.9/site-packages/sklearn/compose/_target.py:190: UserWarning: The provided functions or transformer are not strictly inverse of each other. If you are sure you want to proceed regardless, set 'check_inverse=False'
  warnings.warn(
/home/pwdemo.stefan/.miniconda3/envs/superlearner/lib/python3.9/site-packages/sklearn/compose/_target.py:190: UserWarning: The provided functions or transformer are not strictly inverse of each other. If you are sure you want to proceed regardless, set 'check_inverse=False'
  warnings.warn(
/home/pwdemo.stefan/.miniconda3/envs/superlearner/lib/python3.9/site-packages/sklearn/compose/_target.py:190: UserWarning: The provided functions or transformer are not strictly inverse of each other. If you are sure you want to proceed regardless, set 'check_inverse=False'
  warnings.warn(
/home/pwdemo.stefan/.miniconda3/envs/superlearner/lib/python3.9/site-packages/sklearn/compose/_target.py:190: UserWarning: The provided functions or transformer are not strictly inverse of each other. If you are sure you want to proceed regardless, set 'check_inverse=False'
  warnings.warn(
/home/pwdemo.stefan/.miniconda3/envs/superlearner/lib/python3.9/site-packages/sklearn/compose/_target.py:190: UserWarning: The provided functions or transformer are not strictly inverse of each other. If you are sure you want to proceed regardless, set 'check_inverse=False'
  warnings.warn(
/home/pwdemo.stefan/.miniconda3/envs/superlearner/lib/python3.9/site-packages/sklearn/compose/_target.py:190: UserWarning: The provided functions or transformer are not strictly inverse of each other. If you are sure you want to proceed regardless, set 'check_inverse=False'
  warnings.warn(
/home/pwdemo.stefan/.miniconda3/envs/superlearner/lib/python3.9/site-packages/sklearn/compose/_target.py:190: UserWarning: The provided functions or transformer are not strictly inverse of each other. If you are sure you want to proceed regardless, set 'check_inverse=False'
  warnings.warn(
/home/pwdemo.stefan/.miniconda3/envs/superlearner/lib/python3.9/site-packages/sklearn/compose/_target.py:190: UserWarning: The provided functions or transformer are not strictly inverse of each other. If you are sure you want to proceed regardless, set 'check_inverse=False'
  warnings.warn(
/home/pwdemo.stefan/.miniconda3/envs/superlearner/lib/python3.9/site-packages/sklearn/compose/_target.py:190: UserWarning: The provided functions or transformer are not strictly inverse of each other. If you are sure you want to proceed regardless, set 'check_inverse=False'
  warnings.warn(
/home/pwdemo.stefan/.miniconda3/envs/superlearner/lib/python3.9/site-packages/sklearn/compose/_target.py:190: UserWarning: The provided functions or transformer are not strictly inverse of each other. If you are sure you want to proceed regardless, set 'check_inverse=False'
  warnings.warn(
/home/pwdemo.stefan/.miniconda3/envs/superlearner/lib/python3.9/site-packages/sklearn/compose/_target.py:190: UserWarning: The provided functions or transformer are not strictly inverse of each other. If you are sure you want to proceed regardless, set 'check_inverse=False'
  warnings.warn(
/home/pwdemo.stefan/.miniconda3/envs/superlearner/lib/python3.9/site-packages/sklearn/compose/_target.py:190: UserWarning: The provided functions or transformer are not strictly inverse of each other. If you are sure you want to proceed regardless, set 'check_inverse=False'
  warnings.warn(
/home/pwdemo.stefan/.miniconda3/envs/superlearner/lib/python3.9/site-packages/sklearn/compose/_target.py:190: UserWarning: The provided functions or transformer are not strictly inverse of each other. If you are sure you want to proceed regardless, set 'check_inverse=False'
  warnings.warn(
/home/pwdemo.stefan/.miniconda3/envs/superlearner/lib/python3.9/site-packages/sklearn/compose/_target.py:190: UserWarning: The provided functions or transformer are not strictly inverse of each other. If you are sure you want to proceed regardless, set 'check_inverse=False'
  warnings.warn(
/home/pwdemo.stefan/.miniconda3/envs/superlearner/lib/python3.9/site-packages/sklearn/compose/_target.py:190: UserWarning: The provided functions or transformer are not strictly inverse of each other. If you are sure you want to proceed regardless, set 'check_inverse=False'
  warnings.warn(
/home/pwdemo.stefan/.miniconda3/envs/superlearner/lib/python3.9/site-packages/sklearn/compose/_target.py:190: UserWarning: The provided functions or transformer are not strictly inverse of each other. If you are sure you want to proceed regardless, set 'check_inverse=False'
  warnings.warn(
/home/pwdemo.stefan/.miniconda3/envs/superlearner/lib/python3.9/site-packages/sklearn/compose/_target.py:190: UserWarning: The provided functions or transformer are not strictly inverse of each other. If you are sure you want to proceed regardless, set 'check_inverse=False'
  warnings.warn(
/home/pwdemo.stefan/.miniconda3/envs/superlearner/lib/python3.9/site-packages/sklearn/linear_model/_coordinate_descent.py:628: ConvergenceWarning: Objective did not converge. You might want to increase the number of iterations, check the scale of the features or consider increasing regularisation. Duality gap: 3.329e-01, tolerance: 1.934e-04
  model = cd_fast.enet_coordinate_descent(
/home/pwdemo.stefan/.miniconda3/envs/superlearner/lib/python3.9/site-packages/sklearn/compose/_target.py:190: UserWarning: The provided functions or transformer are not strictly inverse of each other. If you are sure you want to proceed regardless, set 'check_inverse=False'
  warnings.warn(
/home/pwdemo.stefan/.miniconda3/envs/superlearner/lib/python3.9/site-packages/sklearn/linear_model/_huber.py:342: ConvergenceWarning: lbfgs failed to converge (status=1):
STOP: TOTAL NO. of ITERATIONS REACHED LIMIT.

Increase the number of iterations (max_iter) or scale the data as shown in:
    https://scikit-learn.org/stable/modules/preprocessing.html
  self.n_iter_ = _check_optimize_result("lbfgs", opt_res, self.max_iter)
/home/pwdemo.stefan/.miniconda3/envs/superlearner/lib/python3.9/site-packages/sklearn/compose/_target.py:190: UserWarning: The provided functions or transformer are not strictly inverse of each other. If you are sure you want to proceed regardless, set 'check_inverse=False'
  warnings.warn(
/home/pwdemo.stefan/.miniconda3/envs/superlearner/lib/python3.9/site-packages/sklearn/linear_model/_coordinate_descent.py:628: ConvergenceWarning: Objective did not converge. You might want to increase the number of iterations, check the scale of the features or consider increasing regularisation. Duality gap: 3.309e-01, tolerance: 1.925e-04
  model = cd_fast.enet_coordinate_descent(
/home/pwdemo.stefan/.miniconda3/envs/superlearner/lib/python3.9/site-packages/sklearn/compose/_target.py:190: UserWarning: The provided functions or transformer are not strictly inverse of each other. If you are sure you want to proceed regardless, set 'check_inverse=False'
  warnings.warn(
/home/pwdemo.stefan/.miniconda3/envs/superlearner/lib/python3.9/site-packages/sklearn/linear_model/_huber.py:342: ConvergenceWarning: lbfgs failed to converge (status=1):
STOP: TOTAL NO. of ITERATIONS REACHED LIMIT.

Increase the number of iterations (max_iter) or scale the data as shown in:
    https://scikit-learn.org/stable/modules/preprocessing.html
  self.n_iter_ = _check_optimize_result("lbfgs", opt_res, self.max_iter)
/home/pwdemo.stefan/.miniconda3/envs/superlearner/lib/python3.9/site-packages/sklearn/compose/_target.py:190: UserWarning: The provided functions or transformer are not strictly inverse of each other. If you are sure you want to proceed regardless, set 'check_inverse=False'
  warnings.warn(
/home/pwdemo.stefan/.miniconda3/envs/superlearner/lib/python3.9/site-packages/sklearn/compose/_target.py:190: UserWarning: The provided functions or transformer are not strictly inverse of each other. If you are sure you want to proceed regardless, set 'check_inverse=False'
  warnings.warn(
/home/pwdemo.stefan/.miniconda3/envs/superlearner/lib/python3.9/site-packages/sklearn/compose/_target.py:190: UserWarning: The provided functions or transformer are not strictly inverse of each other. If you are sure you want to proceed regardless, set 'check_inverse=False'
  warnings.warn(
/home/pwdemo.stefan/.miniconda3/envs/superlearner/lib/python3.9/site-packages/sklearn/compose/_target.py:190: UserWarning: The provided functions or transformer are not strictly inverse of each other. If you are sure you want to proceed regardless, set 'check_inverse=False'
  warnings.warn(
/home/pwdemo.stefan/.miniconda3/envs/superlearner/lib/python3.9/site-packages/sklearn/compose/_target.py:190: UserWarning: The provided functions or transformer are not strictly inverse of each other. If you are sure you want to proceed regardless, set 'check_inverse=False'
  warnings.warn(
/home/pwdemo.stefan/.miniconda3/envs/superlearner/lib/python3.9/site-packages/sklearn/compose/_target.py:190: UserWarning: The provided functions or transformer are not strictly inverse of each other. If you are sure you want to proceed regardless, set 'check_inverse=False'
  warnings.warn(
/home/pwdemo.stefan/.miniconda3/envs/superlearner/lib/python3.9/site-packages/sklearn/compose/_target.py:190: UserWarning: The provided functions or transformer are not strictly inverse of each other. If you are sure you want to proceed regardless, set 'check_inverse=False'
  warnings.warn(
/home/pwdemo.stefan/.miniconda3/envs/superlearner/lib/python3.9/site-packages/sklearn/compose/_target.py:190: UserWarning: The provided functions or transformer are not strictly inverse of each other. If you are sure you want to proceed regardless, set 'check_inverse=False'
  warnings.warn(
/home/pwdemo.stefan/.miniconda3/envs/superlearner/lib/python3.9/site-packages/sklearn/compose/_target.py:190: UserWarning: The provided functions or transformer are not strictly inverse of each other. If you are sure you want to proceed regardless, set 'check_inverse=False'
  warnings.warn(
/home/pwdemo.stefan/.miniconda3/envs/superlearner/lib/python3.9/site-packages/sklearn/compose/_target.py:190: UserWarning: The provided functions or transformer are not strictly inverse of each other. If you are sure you want to proceed regardless, set 'check_inverse=False'
  warnings.warn(
/home/pwdemo.stefan/.miniconda3/envs/superlearner/lib/python3.9/site-packages/sklearn/compose/_target.py:190: UserWarning: The provided functions or transformer are not strictly inverse of each other. If you are sure you want to proceed regardless, set 'check_inverse=False'
  warnings.warn(
/home/pwdemo.stefan/.miniconda3/envs/superlearner/lib/python3.9/site-packages/sklearn/compose/_target.py:190: UserWarning: The provided functions or transformer are not strictly inverse of each other. If you are sure you want to proceed regardless, set 'check_inverse=False'
  warnings.warn(
/home/pwdemo.stefan/.miniconda3/envs/superlearner/lib/python3.9/site-packages/sklearn/compose/_target.py:190: UserWarning: The provided functions or transformer are not strictly inverse of each other. If you are sure you want to proceed regardless, set 'check_inverse=False'
  warnings.warn(
/home/pwdemo.stefan/.miniconda3/envs/superlearner/lib/python3.9/site-packages/sklearn/compose/_target.py:190: UserWarning: The provided functions or transformer are not strictly inverse of each other. If you are sure you want to proceed regardless, set 'check_inverse=False'
  warnings.warn(
/home/pwdemo.stefan/.miniconda3/envs/superlearner/lib/python3.9/site-packages/sklearn/compose/_target.py:190: UserWarning: The provided functions or transformer are not strictly inverse of each other. If you are sure you want to proceed regardless, set 'check_inverse=False'
  warnings.warn(
/home/pwdemo.stefan/.miniconda3/envs/superlearner/lib/python3.9/site-packages/sklearn/compose/_target.py:190: UserWarning: The provided functions or transformer are not strictly inverse of each other. If you are sure you want to proceed regardless, set 'check_inverse=False'
  warnings.warn(
/home/pwdemo.stefan/.miniconda3/envs/superlearner/lib/python3.9/site-packages/sklearn/compose/_target.py:190: UserWarning: The provided functions or transformer are not strictly inverse of each other. If you are sure you want to proceed regardless, set 'check_inverse=False'
  warnings.warn(
/home/pwdemo.stefan/.miniconda3/envs/superlearner/lib/python3.9/site-packages/sklearn/compose/_target.py:190: UserWarning: The provided functions or transformer are not strictly inverse of each other. If you are sure you want to proceed regardless, set 'check_inverse=False'
  warnings.warn(
/home/pwdemo.stefan/.miniconda3/envs/superlearner/lib/python3.9/site-packages/sklearn/compose/_target.py:190: UserWarning: The provided functions or transformer are not strictly inverse of each other. If you are sure you want to proceed regardless, set 'check_inverse=False'
  warnings.warn(
/home/pwdemo.stefan/.miniconda3/envs/superlearner/lib/python3.9/site-packages/sklearn/compose/_target.py:190: UserWarning: The provided functions or transformer are not strictly inverse of each other. If you are sure you want to proceed regardless, set 'check_inverse=False'
  warnings.warn(
/home/pwdemo.stefan/.miniconda3/envs/superlearner/lib/python3.9/site-packages/sklearn/compose/_target.py:190: UserWarning: The provided functions or transformer are not strictly inverse of each other. If you are sure you want to proceed regardless, set 'check_inverse=False'
  warnings.warn(
/home/pwdemo.stefan/.miniconda3/envs/superlearner/lib/python3.9/site-packages/sklearn/compose/_target.py:190: UserWarning: The provided functions or transformer are not strictly inverse of each other. If you are sure you want to proceed regardless, set 'check_inverse=False'
  warnings.warn(
/home/pwdemo.stefan/.miniconda3/envs/superlearner/lib/python3.9/site-packages/sklearn/compose/_target.py:190: UserWarning: The provided functions or transformer are not strictly inverse of each other. If you are sure you want to proceed regardless, set 'check_inverse=False'
  warnings.warn(
/home/pwdemo.stefan/.miniconda3/envs/superlearner/lib/python3.9/site-packages/sklearn/compose/_target.py:190: UserWarning: The provided functions or transformer are not strictly inverse of each other. If you are sure you want to proceed regardless, set 'check_inverse=False'
  warnings.warn(
/home/pwdemo.stefan/.miniconda3/envs/superlearner/lib/python3.9/site-packages/sklearn/compose/_target.py:190: UserWarning: The provided functions or transformer are not strictly inverse of each other. If you are sure you want to proceed regardless, set 'check_inverse=False'
  warnings.warn(
/home/pwdemo.stefan/.miniconda3/envs/superlearner/lib/python3.9/site-packages/sklearn/compose/_target.py:190: UserWarning: The provided functions or transformer are not strictly inverse of each other. If you are sure you want to proceed regardless, set 'check_inverse=False'
  warnings.warn(
/home/pwdemo.stefan/.miniconda3/envs/superlearner/lib/python3.9/site-packages/sklearn/compose/_target.py:190: UserWarning: The provided functions or transformer are not strictly inverse of each other. If you are sure you want to proceed regardless, set 'check_inverse=False'
  warnings.warn(
/home/pwdemo.stefan/.miniconda3/envs/superlearner/lib/python3.9/site-packages/sklearn/compose/_target.py:190: UserWarning: The provided functions or transformer are not strictly inverse of each other. If you are sure you want to proceed regardless, set 'check_inverse=False'
  warnings.warn(
/home/pwdemo.stefan/.miniconda3/envs/superlearner/lib/python3.9/site-packages/sklearn/compose/_target.py:190: UserWarning: The provided functions or transformer are not strictly inverse of each other. If you are sure you want to proceed regardless, set 'check_inverse=False'
  warnings.warn(
/home/pwdemo.stefan/.miniconda3/envs/superlearner/lib/python3.9/site-packages/sklearn/compose/_target.py:190: UserWarning: The provided functions or transformer are not strictly inverse of each other. If you are sure you want to proceed regardless, set 'check_inverse=False'
  warnings.warn(
/home/pwdemo.stefan/.miniconda3/envs/superlearner/lib/python3.9/site-packages/sklearn/compose/_target.py:190: UserWarning: The provided functions or transformer are not strictly inverse of each other. If you are sure you want to proceed regardless, set 'check_inverse=False'
  warnings.warn(
/home/pwdemo.stefan/.miniconda3/envs/superlearner/lib/python3.9/site-packages/sklearn/compose/_target.py:190: UserWarning: The provided functions or transformer are not strictly inverse of each other. If you are sure you want to proceed regardless, set 'check_inverse=False'
  warnings.warn(
/home/pwdemo.stefan/.miniconda3/envs/superlearner/lib/python3.9/site-packages/sklearn/compose/_target.py:190: UserWarning: The provided functions or transformer are not strictly inverse of each other. If you are sure you want to proceed regardless, set 'check_inverse=False'
  warnings.warn(
/home/pwdemo.stefan/.miniconda3/envs/superlearner/lib/python3.9/site-packages/sklearn/compose/_target.py:190: UserWarning: The provided functions or transformer are not strictly inverse of each other. If you are sure you want to proceed regardless, set 'check_inverse=False'
  warnings.warn(
/home/pwdemo.stefan/.miniconda3/envs/superlearner/lib/python3.9/site-packages/sklearn/compose/_target.py:190: UserWarning: The provided functions or transformer are not strictly inverse of each other. If you are sure you want to proceed regardless, set 'check_inverse=False'
  warnings.warn(
/home/pwdemo.stefan/.miniconda3/envs/superlearner/lib/python3.9/site-packages/sklearn/compose/_target.py:190: UserWarning: The provided functions or transformer are not strictly inverse of each other. If you are sure you want to proceed regardless, set 'check_inverse=False'
  warnings.warn(
/home/pwdemo.stefan/.miniconda3/envs/superlearner/lib/python3.9/site-packages/sklearn/compose/_target.py:190: UserWarning: The provided functions or transformer are not strictly inverse of each other. If you are sure you want to proceed regardless, set 'check_inverse=False'
  warnings.warn(
/home/pwdemo.stefan/.miniconda3/envs/superlearner/lib/python3.9/site-packages/sklearn/compose/_target.py:190: UserWarning: The provided functions or transformer are not strictly inverse of each other. If you are sure you want to proceed regardless, set 'check_inverse=False'
  warnings.warn(
/home/pwdemo.stefan/.miniconda3/envs/superlearner/lib/python3.9/site-packages/sklearn/compose/_target.py:190: UserWarning: The provided functions or transformer are not strictly inverse of each other. If you are sure you want to proceed regardless, set 'check_inverse=False'
  warnings.warn(
/home/pwdemo.stefan/.miniconda3/envs/superlearner/lib/python3.9/site-packages/sklearn/compose/_target.py:190: UserWarning: The provided functions or transformer are not strictly inverse of each other. If you are sure you want to proceed regardless, set 'check_inverse=False'
  warnings.warn(
/home/pwdemo.stefan/.miniconda3/envs/superlearner/lib/python3.9/site-packages/sklearn/compose/_target.py:190: UserWarning: The provided functions or transformer are not strictly inverse of each other. If you are sure you want to proceed regardless, set 'check_inverse=False'
  warnings.warn(
/home/pwdemo.stefan/.miniconda3/envs/superlearner/lib/python3.9/site-packages/sklearn/compose/_target.py:190: UserWarning: The provided functions or transformer are not strictly inverse of each other. If you are sure you want to proceed regardless, set 'check_inverse=False'
  warnings.warn(
/home/pwdemo.stefan/.miniconda3/envs/superlearner/lib/python3.9/site-packages/sklearn/compose/_target.py:190: UserWarning: The provided functions or transformer are not strictly inverse of each other. If you are sure you want to proceed regardless, set 'check_inverse=False'
  warnings.warn(
/home/pwdemo.stefan/.miniconda3/envs/superlearner/lib/python3.9/site-packages/sklearn/compose/_target.py:190: UserWarning: The provided functions or transformer are not strictly inverse of each other. If you are sure you want to proceed regardless, set 'check_inverse=False'
  warnings.warn(
/home/pwdemo.stefan/.miniconda3/envs/superlearner/lib/python3.9/site-packages/sklearn/compose/_target.py:190: UserWarning: The provided functions or transformer are not strictly inverse of each other. If you are sure you want to proceed regardless, set 'check_inverse=False'
  warnings.warn(
/home/pwdemo.stefan/.miniconda3/envs/superlearner/lib/python3.9/site-packages/sklearn/compose/_target.py:190: UserWarning: The provided functions or transformer are not strictly inverse of each other. If you are sure you want to proceed regardless, set 'check_inverse=False'
  warnings.warn(
/home/pwdemo.stefan/.miniconda3/envs/superlearner/lib/python3.9/site-packages/sklearn/compose/_target.py:190: UserWarning: The provided functions or transformer are not strictly inverse of each other. If you are sure you want to proceed regardless, set 'check_inverse=False'
  warnings.warn(
/home/pwdemo.stefan/.miniconda3/envs/superlearner/lib/python3.9/site-packages/sklearn/compose/_target.py:190: UserWarning: The provided functions or transformer are not strictly inverse of each other. If you are sure you want to proceed regardless, set 'check_inverse=False'
  warnings.warn(
/home/pwdemo.stefan/.miniconda3/envs/superlearner/lib/python3.9/site-packages/sklearn/compose/_target.py:190: UserWarning: The provided functions or transformer are not strictly inverse of each other. If you are sure you want to proceed regardless, set 'check_inverse=False'
  warnings.warn(
/home/pwdemo.stefan/.miniconda3/envs/superlearner/lib/python3.9/site-packages/sklearn/compose/_target.py:190: UserWarning: The provided functions or transformer are not strictly inverse of each other. If you are sure you want to proceed regardless, set 'check_inverse=False'
  warnings.warn(
/home/pwdemo.stefan/.miniconda3/envs/superlearner/lib/python3.9/site-packages/sklearn/compose/_target.py:190: UserWarning: The provided functions or transformer are not strictly inverse of each other. If you are sure you want to proceed regardless, set 'check_inverse=False'
  warnings.warn(
/home/pwdemo.stefan/.miniconda3/envs/superlearner/lib/python3.9/site-packages/sklearn/compose/_target.py:190: UserWarning: The provided functions or transformer are not strictly inverse of each other. If you are sure you want to proceed regardless, set 'check_inverse=False'
  warnings.warn(
/home/pwdemo.stefan/.miniconda3/envs/superlearner/lib/python3.9/site-packages/sklearn/compose/_target.py:190: UserWarning: The provided functions or transformer are not strictly inverse of each other. If you are sure you want to proceed regardless, set 'check_inverse=False'
  warnings.warn(
/home/pwdemo.stefan/.miniconda3/envs/superlearner/lib/python3.9/site-packages/sklearn/compose/_target.py:190: UserWarning: The provided functions or transformer are not strictly inverse of each other. If you are sure you want to proceed regardless, set 'check_inverse=False'
  warnings.warn(
/home/pwdemo.stefan/.miniconda3/envs/superlearner/lib/python3.9/site-packages/sklearn/compose/_target.py:190: UserWarning: The provided functions or transformer are not strictly inverse of each other. If you are sure you want to proceed regardless, set 'check_inverse=False'
  warnings.warn(
/home/pwdemo.stefan/.miniconda3/envs/superlearner/lib/python3.9/site-packages/sklearn/compose/_target.py:190: UserWarning: The provided functions or transformer are not strictly inverse of each other. If you are sure you want to proceed regardless, set 'check_inverse=False'
  warnings.warn(
/home/pwdemo.stefan/.miniconda3/envs/superlearner/lib/python3.9/site-packages/sklearn/compose/_target.py:190: UserWarning: The provided functions or transformer are not strictly inverse of each other. If you are sure you want to proceed regardless, set 'check_inverse=False'
  warnings.warn(
/home/pwdemo.stefan/.miniconda3/envs/superlearner/lib/python3.9/site-packages/sklearn/compose/_target.py:190: UserWarning: The provided functions or transformer are not strictly inverse of each other. If you are sure you want to proceed regardless, set 'check_inverse=False'
  warnings.warn(
/home/pwdemo.stefan/.miniconda3/envs/superlearner/lib/python3.9/site-packages/sklearn/compose/_target.py:190: UserWarning: The provided functions or transformer are not strictly inverse of each other. If you are sure you want to proceed regardless, set 'check_inverse=False'
  warnings.warn(
/home/pwdemo.stefan/.miniconda3/envs/superlearner/lib/python3.9/site-packages/sklearn/compose/_target.py:190: UserWarning: The provided functions or transformer are not strictly inverse of each other. If you are sure you want to proceed regardless, set 'check_inverse=False'
  warnings.warn(
/home/pwdemo.stefan/.miniconda3/envs/superlearner/lib/python3.9/site-packages/sklearn/compose/_target.py:190: UserWarning: The provided functions or transformer are not strictly inverse of each other. If you are sure you want to proceed regardless, set 'check_inverse=False'
  warnings.warn(
/home/pwdemo.stefan/.miniconda3/envs/superlearner/lib/python3.9/site-packages/sklearn/compose/_target.py:190: UserWarning: The provided functions or transformer are not strictly inverse of each other. If you are sure you want to proceed regardless, set 'check_inverse=False'
  warnings.warn(
/home/pwdemo.stefan/.miniconda3/envs/superlearner/lib/python3.9/site-packages/sklearn/compose/_target.py:190: UserWarning: The provided functions or transformer are not strictly inverse of each other. If you are sure you want to proceed regardless, set 'check_inverse=False'
  warnings.warn(
/home/pwdemo.stefan/.miniconda3/envs/superlearner/lib/python3.9/site-packages/sklearn/compose/_target.py:190: UserWarning: The provided functions or transformer are not strictly inverse of each other. If you are sure you want to proceed regardless, set 'check_inverse=False'
  warnings.warn(
/home/pwdemo.stefan/.miniconda3/envs/superlearner/lib/python3.9/site-packages/sklearn/compose/_target.py:190: UserWarning: The provided functions or transformer are not strictly inverse of each other. If you are sure you want to proceed regardless, set 'check_inverse=False'
  warnings.warn(
/home/pwdemo.stefan/.miniconda3/envs/superlearner/lib/python3.9/site-packages/sklearn/compose/_target.py:190: UserWarning: The provided functions or transformer are not strictly inverse of each other. If you are sure you want to proceed regardless, set 'check_inverse=False'
  warnings.warn(
/home/pwdemo.stefan/.miniconda3/envs/superlearner/lib/python3.9/site-packages/sklearn/compose/_target.py:190: UserWarning: The provided functions or transformer are not strictly inverse of each other. If you are sure you want to proceed regardless, set 'check_inverse=False'
  warnings.warn(
/home/pwdemo.stefan/.miniconda3/envs/superlearner/lib/python3.9/site-packages/sklearn/compose/_target.py:190: UserWarning: The provided functions or transformer are not strictly inverse of each other. If you are sure you want to proceed regardless, set 'check_inverse=False'
  warnings.warn(
/home/pwdemo.stefan/.miniconda3/envs/superlearner/lib/python3.9/site-packages/sklearn/compose/_target.py:190: UserWarning: The provided functions or transformer are not strictly inverse of each other. If you are sure you want to proceed regardless, set 'check_inverse=False'
  warnings.warn(
/home/pwdemo.stefan/.miniconda3/envs/superlearner/lib/python3.9/site-packages/sklearn/compose/_target.py:190: UserWarning: The provided functions or transformer are not strictly inverse of each other. If you are sure you want to proceed regardless, set 'check_inverse=False'
  warnings.warn(
/home/pwdemo.stefan/.miniconda3/envs/superlearner/lib/python3.9/site-packages/sklearn/compose/_target.py:190: UserWarning: The provided functions or transformer are not strictly inverse of each other. If you are sure you want to proceed regardless, set 'check_inverse=False'
  warnings.warn(
/home/pwdemo.stefan/.miniconda3/envs/superlearner/lib/python3.9/site-packages/sklearn/compose/_target.py:190: UserWarning: The provided functions or transformer are not strictly inverse of each other. If you are sure you want to proceed regardless, set 'check_inverse=False'
  warnings.warn(
/home/pwdemo.stefan/.miniconda3/envs/superlearner/lib/python3.9/site-packages/sklearn/compose/_target.py:190: UserWarning: The provided functions or transformer are not strictly inverse of each other. If you are sure you want to proceed regardless, set 'check_inverse=False'
  warnings.warn(
/home/pwdemo.stefan/.miniconda3/envs/superlearner/lib/python3.9/site-packages/sklearn/compose/_target.py:190: UserWarning: The provided functions or transformer are not strictly inverse of each other. If you are sure you want to proceed regardless, set 'check_inverse=False'
  warnings.warn(
/home/pwdemo.stefan/.miniconda3/envs/superlearner/lib/python3.9/site-packages/sklearn/compose/_target.py:190: UserWarning: The provided functions or transformer are not strictly inverse of each other. If you are sure you want to proceed regardless, set 'check_inverse=False'
  warnings.warn(
/home/pwdemo.stefan/.miniconda3/envs/superlearner/lib/python3.9/site-packages/sklearn/compose/_target.py:190: UserWarning: The provided functions or transformer are not strictly inverse of each other. If you are sure you want to proceed regardless, set 'check_inverse=False'
  warnings.warn(
/home/pwdemo.stefan/.miniconda3/envs/superlearner/lib/python3.9/site-packages/sklearn/compose/_target.py:190: UserWarning: The provided functions or transformer are not strictly inverse of each other. If you are sure you want to proceed regardless, set 'check_inverse=False'
  warnings.warn(
/home/pwdemo.stefan/.miniconda3/envs/superlearner/lib/python3.9/site-packages/sklearn/compose/_target.py:190: UserWarning: The provided functions or transformer are not strictly inverse of each other. If you are sure you want to proceed regardless, set 'check_inverse=False'
  warnings.warn(
/home/pwdemo.stefan/.miniconda3/envs/superlearner/lib/python3.9/site-packages/sklearn/compose/_target.py:190: UserWarning: The provided functions or transformer are not strictly inverse of each other. If you are sure you want to proceed regardless, set 'check_inverse=False'
  warnings.warn(
/home/pwdemo.stefan/.miniconda3/envs/superlearner/lib/python3.9/site-packages/sklearn/compose/_target.py:190: UserWarning: The provided functions or transformer are not strictly inverse of each other. If you are sure you want to proceed regardless, set 'check_inverse=False'
  warnings.warn(
/home/pwdemo.stefan/.miniconda3/envs/superlearner/lib/python3.9/site-packages/sklearn/compose/_target.py:190: UserWarning: The provided functions or transformer are not strictly inverse of each other. If you are sure you want to proceed regardless, set 'check_inverse=False'
  warnings.warn(
/home/pwdemo.stefan/.miniconda3/envs/superlearner/lib/python3.9/site-packages/sklearn/compose/_target.py:190: UserWarning: The provided functions or transformer are not strictly inverse of each other. If you are sure you want to proceed regardless, set 'check_inverse=False'
  warnings.warn(
/home/pwdemo.stefan/.miniconda3/envs/superlearner/lib/python3.9/site-packages/sklearn/linear_model/_coordinate_descent.py:628: ConvergenceWarning: Objective did not converge. You might want to increase the number of iterations, check the scale of the features or consider increasing regularisation. Duality gap: 3.280e-01, tolerance: 1.910e-04
  model = cd_fast.enet_coordinate_descent(
/home/pwdemo.stefan/.miniconda3/envs/superlearner/lib/python3.9/site-packages/sklearn/linear_model/_coordinate_descent.py:628: ConvergenceWarning: Objective did not converge. You might want to increase the number of iterations, check the scale of the features or consider increasing regularisation. Duality gap: 3.279e-01, tolerance: 1.910e-04
  model = cd_fast.enet_coordinate_descent(
/home/pwdemo.stefan/.miniconda3/envs/superlearner/lib/python3.9/site-packages/sklearn/linear_model/_coordinate_descent.py:628: ConvergenceWarning: Objective did not converge. You might want to increase the number of iterations, check the scale of the features or consider increasing regularisation. Duality gap: 3.631e-01, tolerance: 1.690e-04
  model = cd_fast.enet_coordinate_descent(
/home/pwdemo.stefan/.miniconda3/envs/superlearner/lib/python3.9/site-packages/sklearn/compose/_target.py:190: UserWarning: The provided functions or transformer are not strictly inverse of each other. If you are sure you want to proceed regardless, set 'check_inverse=False'
  warnings.warn(
/home/pwdemo.stefan/.miniconda3/envs/superlearner/lib/python3.9/site-packages/sklearn/linear_model/_coordinate_descent.py:628: ConvergenceWarning: Objective did not converge. You might want to increase the number of iterations, check the scale of the features or consider increasing regularisation. Duality gap: 8.769e-01, tolerance: 5.642e-04
  model = cd_fast.enet_coordinate_descent(
/home/pwdemo.stefan/.miniconda3/envs/superlearner/lib/python3.9/site-packages/sklearn/linear_model/_coordinate_descent.py:628: ConvergenceWarning: Objective did not converge. You might want to increase the number of iterations, check the scale of the features or consider increasing regularisation. Duality gap: 3.323e-01, tolerance: 1.921e-04
  model = cd_fast.enet_coordinate_descent(
/home/pwdemo.stefan/.miniconda3/envs/superlearner/lib/python3.9/site-packages/sklearn/compose/_target.py:190: UserWarning: The provided functions or transformer are not strictly inverse of each other. If you are sure you want to proceed regardless, set 'check_inverse=False'
  warnings.warn(
/home/pwdemo.stefan/.miniconda3/envs/superlearner/lib/python3.9/site-packages/sklearn/linear_model/_coordinate_descent.py:628: ConvergenceWarning: Objective did not converge. You might want to increase the number of iterations, check the scale of the features or consider increasing regularisation. Duality gap: 3.302e-01, tolerance: 1.912e-04
  model = cd_fast.enet_coordinate_descent(
/home/pwdemo.stefan/.miniconda3/envs/superlearner/lib/python3.9/site-packages/sklearn/compose/_target.py:190: UserWarning: The provided functions or transformer are not strictly inverse of each other. If you are sure you want to proceed regardless, set 'check_inverse=False'
  warnings.warn(
/home/pwdemo.stefan/.miniconda3/envs/superlearner/lib/python3.9/site-packages/sklearn/linear_model/_coordinate_descent.py:628: ConvergenceWarning: Objective did not converge. You might want to increase the number of iterations, check the scale of the features or consider increasing regularisation. Duality gap: 3.321e-01, tolerance: 1.921e-04
  model = cd_fast.enet_coordinate_descent(
/home/pwdemo.stefan/.miniconda3/envs/superlearner/lib/python3.9/site-packages/sklearn/compose/_target.py:190: UserWarning: The provided functions or transformer are not strictly inverse of each other. If you are sure you want to proceed regardless, set 'check_inverse=False'
  warnings.warn(
/home/pwdemo.stefan/.miniconda3/envs/superlearner/lib/python3.9/site-packages/sklearn/linear_model/_coordinate_descent.py:628: ConvergenceWarning: Objective did not converge. You might want to increase the number of iterations, check the scale of the features or consider increasing regularisation. Duality gap: 3.300e-01, tolerance: 1.912e-04
  model = cd_fast.enet_coordinate_descent(
/home/pwdemo.stefan/.miniconda3/envs/superlearner/lib/python3.9/site-packages/sklearn/compose/_target.py:190: UserWarning: The provided functions or transformer are not strictly inverse of each other. If you are sure you want to proceed regardless, set 'check_inverse=False'
  warnings.warn(
/home/pwdemo.stefan/.miniconda3/envs/superlearner/lib/python3.9/site-packages/sklearn/linear_model/_coordinate_descent.py:628: ConvergenceWarning: Objective did not converge. You might want to increase the number of iterations, check the scale of the features or consider increasing regularisation. Duality gap: 3.320e-01, tolerance: 1.924e-04
  model = cd_fast.enet_coordinate_descent(
/home/pwdemo.stefan/.miniconda3/envs/superlearner/lib/python3.9/site-packages/sklearn/compose/_target.py:190: UserWarning: The provided functions or transformer are not strictly inverse of each other. If you are sure you want to proceed regardless, set 'check_inverse=False'
  warnings.warn(
/home/pwdemo.stefan/.miniconda3/envs/superlearner/lib/python3.9/site-packages/sklearn/linear_model/_huber.py:342: ConvergenceWarning: lbfgs failed to converge (status=1):
STOP: TOTAL NO. of ITERATIONS REACHED LIMIT.

Increase the number of iterations (max_iter) or scale the data as shown in:
    https://scikit-learn.org/stable/modules/preprocessing.html
  self.n_iter_ = _check_optimize_result("lbfgs", opt_res, self.max_iter)
/home/pwdemo.stefan/.miniconda3/envs/superlearner/lib/python3.9/site-packages/sklearn/linear_model/_huber.py:342: ConvergenceWarning: lbfgs failed to converge (status=1):
STOP: TOTAL NO. of ITERATIONS REACHED LIMIT.

Increase the number of iterations (max_iter) or scale the data as shown in:
    https://scikit-learn.org/stable/modules/preprocessing.html
  self.n_iter_ = _check_optimize_result("lbfgs", opt_res, self.max_iter)
/home/pwdemo.stefan/.miniconda3/envs/superlearner/lib/python3.9/site-packages/sklearn/compose/_target.py:190: UserWarning: The provided functions or transformer are not strictly inverse of each other. If you are sure you want to proceed regardless, set 'check_inverse=False'
  warnings.warn(
/home/pwdemo.stefan/.miniconda3/envs/superlearner/lib/python3.9/site-packages/sklearn/linear_model/_huber.py:342: ConvergenceWarning: lbfgs failed to converge (status=1):
STOP: TOTAL NO. of ITERATIONS REACHED LIMIT.

Increase the number of iterations (max_iter) or scale the data as shown in:
    https://scikit-learn.org/stable/modules/preprocessing.html
  self.n_iter_ = _check_optimize_result("lbfgs", opt_res, self.max_iter)
/home/pwdemo.stefan/.miniconda3/envs/superlearner/lib/python3.9/site-packages/sklearn/compose/_target.py:190: UserWarning: The provided functions or transformer are not strictly inverse of each other. If you are sure you want to proceed regardless, set 'check_inverse=False'
  warnings.warn(
/home/pwdemo.stefan/.miniconda3/envs/superlearner/lib/python3.9/site-packages/sklearn/linear_model/_huber.py:342: ConvergenceWarning: lbfgs failed to converge (status=1):
STOP: TOTAL NO. of ITERATIONS REACHED LIMIT.

Increase the number of iterations (max_iter) or scale the data as shown in:
    https://scikit-learn.org/stable/modules/preprocessing.html
  self.n_iter_ = _check_optimize_result("lbfgs", opt_res, self.max_iter)
/home/pwdemo.stefan/.miniconda3/envs/superlearner/lib/python3.9/site-packages/sklearn/compose/_target.py:190: UserWarning: The provided functions or transformer are not strictly inverse of each other. If you are sure you want to proceed regardless, set 'check_inverse=False'
  warnings.warn(
/home/pwdemo.stefan/.miniconda3/envs/superlearner/lib/python3.9/site-packages/sklearn/linear_model/_huber.py:342: ConvergenceWarning: lbfgs failed to converge (status=1):
STOP: TOTAL NO. of ITERATIONS REACHED LIMIT.

Increase the number of iterations (max_iter) or scale the data as shown in:
    https://scikit-learn.org/stable/modules/preprocessing.html
  self.n_iter_ = _check_optimize_result("lbfgs", opt_res, self.max_iter)
/home/pwdemo.stefan/.miniconda3/envs/superlearner/lib/python3.9/site-packages/sklearn/compose/_target.py:190: UserWarning: The provided functions or transformer are not strictly inverse of each other. If you are sure you want to proceed regardless, set 'check_inverse=False'
  warnings.warn(
/home/pwdemo.stefan/.miniconda3/envs/superlearner/lib/python3.9/site-packages/sklearn/linear_model/_coordinate_descent.py:628: ConvergenceWarning: Objective did not converge. You might want to increase the number of iterations, check the scale of the features or consider increasing regularisation. Duality gap: 3.299e-01, tolerance: 1.914e-04
  model = cd_fast.enet_coordinate_descent(
/home/pwdemo.stefan/.miniconda3/envs/superlearner/lib/python3.9/site-packages/sklearn/compose/_target.py:190: UserWarning: The provided functions or transformer are not strictly inverse of each other. If you are sure you want to proceed regardless, set 'check_inverse=False'
  warnings.warn(
/home/pwdemo.stefan/.miniconda3/envs/superlearner/lib/python3.9/site-packages/sklearn/linear_model/_huber.py:342: ConvergenceWarning: lbfgs failed to converge (status=1):
STOP: TOTAL NO. of ITERATIONS REACHED LIMIT.

Increase the number of iterations (max_iter) or scale the data as shown in:
    https://scikit-learn.org/stable/modules/preprocessing.html
  self.n_iter_ = _check_optimize_result("lbfgs", opt_res, self.max_iter)
/home/pwdemo.stefan/.miniconda3/envs/superlearner/lib/python3.9/site-packages/sklearn/linear_model/_huber.py:342: ConvergenceWarning: lbfgs failed to converge (status=1):
STOP: TOTAL NO. of ITERATIONS REACHED LIMIT.

Increase the number of iterations (max_iter) or scale the data as shown in:
    https://scikit-learn.org/stable/modules/preprocessing.html
  self.n_iter_ = _check_optimize_result("lbfgs", opt_res, self.max_iter)
/home/pwdemo.stefan/.miniconda3/envs/superlearner/lib/python3.9/site-packages/sklearn/linear_model/_huber.py:342: ConvergenceWarning: lbfgs failed to converge (status=1):
STOP: TOTAL NO. of ITERATIONS REACHED LIMIT.

Increase the number of iterations (max_iter) or scale the data as shown in:
    https://scikit-learn.org/stable/modules/preprocessing.html
  self.n_iter_ = _check_optimize_result("lbfgs", opt_res, self.max_iter)
/home/pwdemo.stefan/.miniconda3/envs/superlearner/lib/python3.9/site-packages/sklearn/compose/_target.py:190: UserWarning: The provided functions or transformer are not strictly inverse of each other. If you are sure you want to proceed regardless, set 'check_inverse=False'
  warnings.warn(
/home/pwdemo.stefan/.miniconda3/envs/superlearner/lib/python3.9/site-packages/sklearn/linear_model/_huber.py:342: ConvergenceWarning: lbfgs failed to converge (status=1):
STOP: TOTAL NO. of ITERATIONS REACHED LIMIT.

Increase the number of iterations (max_iter) or scale the data as shown in:
    https://scikit-learn.org/stable/modules/preprocessing.html
  self.n_iter_ = _check_optimize_result("lbfgs", opt_res, self.max_iter)
/home/pwdemo.stefan/.miniconda3/envs/superlearner/lib/python3.9/site-packages/sklearn/compose/_target.py:190: UserWarning: The provided functions or transformer are not strictly inverse of each other. If you are sure you want to proceed regardless, set 'check_inverse=False'
  warnings.warn(
/home/pwdemo.stefan/.miniconda3/envs/superlearner/lib/python3.9/site-packages/sklearn/linear_model/_huber.py:342: ConvergenceWarning: lbfgs failed to converge (status=1):
STOP: TOTAL NO. of ITERATIONS REACHED LIMIT.

Increase the number of iterations (max_iter) or scale the data as shown in:
    https://scikit-learn.org/stable/modules/preprocessing.html
  self.n_iter_ = _check_optimize_result("lbfgs", opt_res, self.max_iter)
/home/pwdemo.stefan/.miniconda3/envs/superlearner/lib/python3.9/site-packages/sklearn/compose/_target.py:190: UserWarning: The provided functions or transformer are not strictly inverse of each other. If you are sure you want to proceed regardless, set 'check_inverse=False'
  warnings.warn(
/home/pwdemo.stefan/.miniconda3/envs/superlearner/lib/python3.9/site-packages/sklearn/compose/_target.py:190: UserWarning: The provided functions or transformer are not strictly inverse of each other. If you are sure you want to proceed regardless, set 'check_inverse=False'
  warnings.warn(
/home/pwdemo.stefan/.miniconda3/envs/superlearner/lib/python3.9/site-packages/sklearn/compose/_target.py:190: UserWarning: The provided functions or transformer are not strictly inverse of each other. If you are sure you want to proceed regardless, set 'check_inverse=False'
  warnings.warn(
/home/pwdemo.stefan/.miniconda3/envs/superlearner/lib/python3.9/site-packages/sklearn/compose/_target.py:190: UserWarning: The provided functions or transformer are not strictly inverse of each other. If you are sure you want to proceed regardless, set 'check_inverse=False'
  warnings.warn(
/home/pwdemo.stefan/.miniconda3/envs/superlearner/lib/python3.9/site-packages/sklearn/compose/_target.py:190: UserWarning: The provided functions or transformer are not strictly inverse of each other. If you are sure you want to proceed regardless, set 'check_inverse=False'
  warnings.warn(
/home/pwdemo.stefan/.miniconda3/envs/superlearner/lib/python3.9/site-packages/sklearn/compose/_target.py:190: UserWarning: The provided functions or transformer are not strictly inverse of each other. If you are sure you want to proceed regardless, set 'check_inverse=False'
  warnings.warn(
/home/pwdemo.stefan/.miniconda3/envs/superlearner/lib/python3.9/site-packages/sklearn/compose/_target.py:190: UserWarning: The provided functions or transformer are not strictly inverse of each other. If you are sure you want to proceed regardless, set 'check_inverse=False'
  warnings.warn(
/home/pwdemo.stefan/.miniconda3/envs/superlearner/lib/python3.9/site-packages/sklearn/compose/_target.py:190: UserWarning: The provided functions or transformer are not strictly inverse of each other. If you are sure you want to proceed regardless, set 'check_inverse=False'
  warnings.warn(
/home/pwdemo.stefan/.miniconda3/envs/superlearner/lib/python3.9/site-packages/sklearn/compose/_target.py:190: UserWarning: The provided functions or transformer are not strictly inverse of each other. If you are sure you want to proceed regardless, set 'check_inverse=False'
  warnings.warn(
/home/pwdemo.stefan/.miniconda3/envs/superlearner/lib/python3.9/site-packages/sklearn/compose/_target.py:190: UserWarning: The provided functions or transformer are not strictly inverse of each other. If you are sure you want to proceed regardless, set 'check_inverse=False'
  warnings.warn(
/home/pwdemo.stefan/.miniconda3/envs/superlearner/lib/python3.9/site-packages/sklearn/compose/_target.py:190: UserWarning: The provided functions or transformer are not strictly inverse of each other. If you are sure you want to proceed regardless, set 'check_inverse=False'
  warnings.warn(
/home/pwdemo.stefan/.miniconda3/envs/superlearner/lib/python3.9/site-packages/sklearn/compose/_target.py:190: UserWarning: The provided functions or transformer are not strictly inverse of each other. If you are sure you want to proceed regardless, set 'check_inverse=False'
  warnings.warn(
/home/pwdemo.stefan/.miniconda3/envs/superlearner/lib/python3.9/site-packages/sklearn/compose/_target.py:190: UserWarning: The provided functions or transformer are not strictly inverse of each other. If you are sure you want to proceed regardless, set 'check_inverse=False'
  warnings.warn(
/home/pwdemo.stefan/.miniconda3/envs/superlearner/lib/python3.9/site-packages/sklearn/compose/_target.py:190: UserWarning: The provided functions or transformer are not strictly inverse of each other. If you are sure you want to proceed regardless, set 'check_inverse=False'
  warnings.warn(
/home/pwdemo.stefan/.miniconda3/envs/superlearner/lib/python3.9/site-packages/sklearn/compose/_target.py:190: UserWarning: The provided functions or transformer are not strictly inverse of each other. If you are sure you want to proceed regardless, set 'check_inverse=False'
  warnings.warn(
/home/pwdemo.stefan/.miniconda3/envs/superlearner/lib/python3.9/site-packages/sklearn/compose/_target.py:190: UserWarning: The provided functions or transformer are not strictly inverse of each other. If you are sure you want to proceed regardless, set 'check_inverse=False'
  warnings.warn(
/home/pwdemo.stefan/.miniconda3/envs/superlearner/lib/python3.9/site-packages/sklearn/compose/_target.py:190: UserWarning: The provided functions or transformer are not strictly inverse of each other. If you are sure you want to proceed regardless, set 'check_inverse=False'
  warnings.warn(
/home/pwdemo.stefan/.miniconda3/envs/superlearner/lib/python3.9/site-packages/sklearn/compose/_target.py:190: UserWarning: The provided functions or transformer are not strictly inverse of each other. If you are sure you want to proceed regardless, set 'check_inverse=False'
  warnings.warn(
/home/pwdemo.stefan/.miniconda3/envs/superlearner/lib/python3.9/site-packages/sklearn/compose/_target.py:190: UserWarning: The provided functions or transformer are not strictly inverse of each other. If you are sure you want to proceed regardless, set 'check_inverse=False'
  warnings.warn(
/home/pwdemo.stefan/.miniconda3/envs/superlearner/lib/python3.9/site-packages/sklearn/compose/_target.py:190: UserWarning: The provided functions or transformer are not strictly inverse of each other. If you are sure you want to proceed regardless, set 'check_inverse=False'
  warnings.warn(
/home/pwdemo.stefan/.miniconda3/envs/superlearner/lib/python3.9/site-packages/sklearn/compose/_target.py:190: UserWarning: The provided functions or transformer are not strictly inverse of each other. If you are sure you want to proceed regardless, set 'check_inverse=False'
  warnings.warn(
/home/pwdemo.stefan/.miniconda3/envs/superlearner/lib/python3.9/site-packages/sklearn/compose/_target.py:190: UserWarning: The provided functions or transformer are not strictly inverse of each other. If you are sure you want to proceed regardless, set 'check_inverse=False'
  warnings.warn(
/home/pwdemo.stefan/.miniconda3/envs/superlearner/lib/python3.9/site-packages/sklearn/compose/_target.py:190: UserWarning: The provided functions or transformer are not strictly inverse of each other. If you are sure you want to proceed regardless, set 'check_inverse=False'
  warnings.warn(
/home/pwdemo.stefan/.miniconda3/envs/superlearner/lib/python3.9/site-packages/sklearn/compose/_target.py:190: UserWarning: The provided functions or transformer are not strictly inverse of each other. If you are sure you want to proceed regardless, set 'check_inverse=False'
  warnings.warn(
/home/pwdemo.stefan/.miniconda3/envs/superlearner/lib/python3.9/site-packages/sklearn/compose/_target.py:190: UserWarning: The provided functions or transformer are not strictly inverse of each other. If you are sure you want to proceed regardless, set 'check_inverse=False'
  warnings.warn(
/home/pwdemo.stefan/.miniconda3/envs/superlearner/lib/python3.9/site-packages/sklearn/linear_model/_coordinate_descent.py:628: ConvergenceWarning: Objective did not converge. You might want to increase the number of iterations, check the scale of the features or consider increasing regularisation. Duality gap: 4.849e-01, tolerance: 2.213e-04
  model = cd_fast.enet_coordinate_descent(
/home/pwdemo.stefan/.miniconda3/envs/superlearner/lib/python3.9/site-packages/sklearn/linear_model/_huber.py:342: ConvergenceWarning: lbfgs failed to converge (status=1):
STOP: TOTAL NO. of ITERATIONS REACHED LIMIT.

Increase the number of iterations (max_iter) or scale the data as shown in:
    https://scikit-learn.org/stable/modules/preprocessing.html
  self.n_iter_ = _check_optimize_result("lbfgs", opt_res, self.max_iter)
/home/pwdemo.stefan/.miniconda3/envs/superlearner/lib/python3.9/site-packages/sklearn/linear_model/_coordinate_descent.py:628: ConvergenceWarning: Objective did not converge. You might want to increase the number of iterations, check the scale of the features or consider increasing regularisation. Duality gap: 3.353e-01, tolerance: 1.933e-04
  model = cd_fast.enet_coordinate_descent(
/home/pwdemo.stefan/.miniconda3/envs/superlearner/lib/python3.9/site-packages/sklearn/compose/_target.py:190: UserWarning: The provided functions or transformer are not strictly inverse of each other. If you are sure you want to proceed regardless, set 'check_inverse=False'
  warnings.warn(
/home/pwdemo.stefan/.miniconda3/envs/superlearner/lib/python3.9/site-packages/sklearn/linear_model/_huber.py:342: ConvergenceWarning: lbfgs failed to converge (status=1):
STOP: TOTAL NO. of ITERATIONS REACHED LIMIT.

Increase the number of iterations (max_iter) or scale the data as shown in:
    https://scikit-learn.org/stable/modules/preprocessing.html
  self.n_iter_ = _check_optimize_result("lbfgs", opt_res, self.max_iter)
/home/pwdemo.stefan/.miniconda3/envs/superlearner/lib/python3.9/site-packages/sklearn/compose/_target.py:190: UserWarning: The provided functions or transformer are not strictly inverse of each other. If you are sure you want to proceed regardless, set 'check_inverse=False'
  warnings.warn(
/home/pwdemo.stefan/.miniconda3/envs/superlearner/lib/python3.9/site-packages/sklearn/compose/_target.py:190: UserWarning: The provided functions or transformer are not strictly inverse of each other. If you are sure you want to proceed regardless, set 'check_inverse=False'
  warnings.warn(
/home/pwdemo.stefan/.miniconda3/envs/superlearner/lib/python3.9/site-packages/sklearn/compose/_target.py:190: UserWarning: The provided functions or transformer are not strictly inverse of each other. If you are sure you want to proceed regardless, set 'check_inverse=False'
  warnings.warn(
/home/pwdemo.stefan/.miniconda3/envs/superlearner/lib/python3.9/site-packages/sklearn/compose/_target.py:190: UserWarning: The provided functions or transformer are not strictly inverse of each other. If you are sure you want to proceed regardless, set 'check_inverse=False'
  warnings.warn(
/home/pwdemo.stefan/.miniconda3/envs/superlearner/lib/python3.9/site-packages/sklearn/compose/_target.py:190: UserWarning: The provided functions or transformer are not strictly inverse of each other. If you are sure you want to proceed regardless, set 'check_inverse=False'
  warnings.warn(
/home/pwdemo.stefan/.miniconda3/envs/superlearner/lib/python3.9/site-packages/sklearn/compose/_target.py:190: UserWarning: The provided functions or transformer are not strictly inverse of each other. If you are sure you want to proceed regardless, set 'check_inverse=False'
  warnings.warn(
/home/pwdemo.stefan/.miniconda3/envs/superlearner/lib/python3.9/site-packages/sklearn/compose/_target.py:190: UserWarning: The provided functions or transformer are not strictly inverse of each other. If you are sure you want to proceed regardless, set 'check_inverse=False'
  warnings.warn(
/home/pwdemo.stefan/.miniconda3/envs/superlearner/lib/python3.9/site-packages/sklearn/compose/_target.py:190: UserWarning: The provided functions or transformer are not strictly inverse of each other. If you are sure you want to proceed regardless, set 'check_inverse=False'
  warnings.warn(
/home/pwdemo.stefan/.miniconda3/envs/superlearner/lib/python3.9/site-packages/sklearn/compose/_target.py:190: UserWarning: The provided functions or transformer are not strictly inverse of each other. If you are sure you want to proceed regardless, set 'check_inverse=False'
  warnings.warn(
/home/pwdemo.stefan/.miniconda3/envs/superlearner/lib/python3.9/site-packages/sklearn/compose/_target.py:190: UserWarning: The provided functions or transformer are not strictly inverse of each other. If you are sure you want to proceed regardless, set 'check_inverse=False'
  warnings.warn(
/home/pwdemo.stefan/.miniconda3/envs/superlearner/lib/python3.9/site-packages/sklearn/compose/_target.py:190: UserWarning: The provided functions or transformer are not strictly inverse of each other. If you are sure you want to proceed regardless, set 'check_inverse=False'
  warnings.warn(
/home/pwdemo.stefan/.miniconda3/envs/superlearner/lib/python3.9/site-packages/sklearn/compose/_target.py:190: UserWarning: The provided functions or transformer are not strictly inverse of each other. If you are sure you want to proceed regardless, set 'check_inverse=False'
  warnings.warn(
/home/pwdemo.stefan/.miniconda3/envs/superlearner/lib/python3.9/site-packages/sklearn/compose/_target.py:190: UserWarning: The provided functions or transformer are not strictly inverse of each other. If you are sure you want to proceed regardless, set 'check_inverse=False'
  warnings.warn(
/home/pwdemo.stefan/.miniconda3/envs/superlearner/lib/python3.9/site-packages/sklearn/compose/_target.py:190: UserWarning: The provided functions or transformer are not strictly inverse of each other. If you are sure you want to proceed regardless, set 'check_inverse=False'
  warnings.warn(
/home/pwdemo.stefan/.miniconda3/envs/superlearner/lib/python3.9/site-packages/sklearn/compose/_target.py:190: UserWarning: The provided functions or transformer are not strictly inverse of each other. If you are sure you want to proceed regardless, set 'check_inverse=False'
  warnings.warn(
/home/pwdemo.stefan/.miniconda3/envs/superlearner/lib/python3.9/site-packages/sklearn/compose/_target.py:190: UserWarning: The provided functions or transformer are not strictly inverse of each other. If you are sure you want to proceed regardless, set 'check_inverse=False'
  warnings.warn(
/home/pwdemo.stefan/.miniconda3/envs/superlearner/lib/python3.9/site-packages/sklearn/compose/_target.py:190: UserWarning: The provided functions or transformer are not strictly inverse of each other. If you are sure you want to proceed regardless, set 'check_inverse=False'
  warnings.warn(
/home/pwdemo.stefan/.miniconda3/envs/superlearner/lib/python3.9/site-packages/sklearn/compose/_target.py:190: UserWarning: The provided functions or transformer are not strictly inverse of each other. If you are sure you want to proceed regardless, set 'check_inverse=False'
  warnings.warn(
/home/pwdemo.stefan/.miniconda3/envs/superlearner/lib/python3.9/site-packages/sklearn/compose/_target.py:190: UserWarning: The provided functions or transformer are not strictly inverse of each other. If you are sure you want to proceed regardless, set 'check_inverse=False'
  warnings.warn(
/home/pwdemo.stefan/.miniconda3/envs/superlearner/lib/python3.9/site-packages/sklearn/compose/_target.py:190: UserWarning: The provided functions or transformer are not strictly inverse of each other. If you are sure you want to proceed regardless, set 'check_inverse=False'
  warnings.warn(
/home/pwdemo.stefan/.miniconda3/envs/superlearner/lib/python3.9/site-packages/sklearn/compose/_target.py:190: UserWarning: The provided functions or transformer are not strictly inverse of each other. If you are sure you want to proceed regardless, set 'check_inverse=False'
  warnings.warn(
/home/pwdemo.stefan/.miniconda3/envs/superlearner/lib/python3.9/site-packages/sklearn/compose/_target.py:190: UserWarning: The provided functions or transformer are not strictly inverse of each other. If you are sure you want to proceed regardless, set 'check_inverse=False'
  warnings.warn(
/home/pwdemo.stefan/.miniconda3/envs/superlearner/lib/python3.9/site-packages/sklearn/compose/_target.py:190: UserWarning: The provided functions or transformer are not strictly inverse of each other. If you are sure you want to proceed regardless, set 'check_inverse=False'
  warnings.warn(
/home/pwdemo.stefan/.miniconda3/envs/superlearner/lib/python3.9/site-packages/sklearn/compose/_target.py:190: UserWarning: The provided functions or transformer are not strictly inverse of each other. If you are sure you want to proceed regardless, set 'check_inverse=False'
  warnings.warn(
/home/pwdemo.stefan/.miniconda3/envs/superlearner/lib/python3.9/site-packages/sklearn/compose/_target.py:190: UserWarning: The provided functions or transformer are not strictly inverse of each other. If you are sure you want to proceed regardless, set 'check_inverse=False'
  warnings.warn(
/home/pwdemo.stefan/.miniconda3/envs/superlearner/lib/python3.9/site-packages/sklearn/compose/_target.py:190: UserWarning: The provided functions or transformer are not strictly inverse of each other. If you are sure you want to proceed regardless, set 'check_inverse=False'
  warnings.warn(
/home/pwdemo.stefan/.miniconda3/envs/superlearner/lib/python3.9/site-packages/sklearn/compose/_target.py:190: UserWarning: The provided functions or transformer are not strictly inverse of each other. If you are sure you want to proceed regardless, set 'check_inverse=False'
  warnings.warn(
/home/pwdemo.stefan/.miniconda3/envs/superlearner/lib/python3.9/site-packages/sklearn/compose/_target.py:190: UserWarning: The provided functions or transformer are not strictly inverse of each other. If you are sure you want to proceed regardless, set 'check_inverse=False'
  warnings.warn(
/home/pwdemo.stefan/.miniconda3/envs/superlearner/lib/python3.9/site-packages/sklearn/compose/_target.py:190: UserWarning: The provided functions or transformer are not strictly inverse of each other. If you are sure you want to proceed regardless, set 'check_inverse=False'
  warnings.warn(
/home/pwdemo.stefan/.miniconda3/envs/superlearner/lib/python3.9/site-packages/sklearn/compose/_target.py:190: UserWarning: The provided functions or transformer are not strictly inverse of each other. If you are sure you want to proceed regardless, set 'check_inverse=False'
  warnings.warn(
/home/pwdemo.stefan/.miniconda3/envs/superlearner/lib/python3.9/site-packages/sklearn/compose/_target.py:190: UserWarning: The provided functions or transformer are not strictly inverse of each other. If you are sure you want to proceed regardless, set 'check_inverse=False'
  warnings.warn(
/home/pwdemo.stefan/.miniconda3/envs/superlearner/lib/python3.9/site-packages/sklearn/compose/_target.py:190: UserWarning: The provided functions or transformer are not strictly inverse of each other. If you are sure you want to proceed regardless, set 'check_inverse=False'
  warnings.warn(
/home/pwdemo.stefan/.miniconda3/envs/superlearner/lib/python3.9/site-packages/sklearn/compose/_target.py:190: UserWarning: The provided functions or transformer are not strictly inverse of each other. If you are sure you want to proceed regardless, set 'check_inverse=False'
  warnings.warn(
/home/pwdemo.stefan/.miniconda3/envs/superlearner/lib/python3.9/site-packages/sklearn/compose/_target.py:190: UserWarning: The provided functions or transformer are not strictly inverse of each other. If you are sure you want to proceed regardless, set 'check_inverse=False'
  warnings.warn(
/home/pwdemo.stefan/.miniconda3/envs/superlearner/lib/python3.9/site-packages/sklearn/compose/_target.py:190: UserWarning: The provided functions or transformer are not strictly inverse of each other. If you are sure you want to proceed regardless, set 'check_inverse=False'
  warnings.warn(
/home/pwdemo.stefan/.miniconda3/envs/superlearner/lib/python3.9/site-packages/sklearn/compose/_target.py:190: UserWarning: The provided functions or transformer are not strictly inverse of each other. If you are sure you want to proceed regardless, set 'check_inverse=False'
  warnings.warn(
/home/pwdemo.stefan/.miniconda3/envs/superlearner/lib/python3.9/site-packages/sklearn/compose/_target.py:190: UserWarning: The provided functions or transformer are not strictly inverse of each other. If you are sure you want to proceed regardless, set 'check_inverse=False'
  warnings.warn(
/home/pwdemo.stefan/.miniconda3/envs/superlearner/lib/python3.9/site-packages/sklearn/compose/_target.py:190: UserWarning: The provided functions or transformer are not strictly inverse of each other. If you are sure you want to proceed regardless, set 'check_inverse=False'
  warnings.warn(
/home/pwdemo.stefan/.miniconda3/envs/superlearner/lib/python3.9/site-packages/sklearn/compose/_target.py:190: UserWarning: The provided functions or transformer are not strictly inverse of each other. If you are sure you want to proceed regardless, set 'check_inverse=False'
  warnings.warn(
/home/pwdemo.stefan/.miniconda3/envs/superlearner/lib/python3.9/site-packages/sklearn/compose/_target.py:190: UserWarning: The provided functions or transformer are not strictly inverse of each other. If you are sure you want to proceed regardless, set 'check_inverse=False'
  warnings.warn(
/home/pwdemo.stefan/.miniconda3/envs/superlearner/lib/python3.9/site-packages/sklearn/compose/_target.py:190: UserWarning: The provided functions or transformer are not strictly inverse of each other. If you are sure you want to proceed regardless, set 'check_inverse=False'
  warnings.warn(
/home/pwdemo.stefan/.miniconda3/envs/superlearner/lib/python3.9/site-packages/sklearn/compose/_target.py:190: UserWarning: The provided functions or transformer are not strictly inverse of each other. If you are sure you want to proceed regardless, set 'check_inverse=False'
  warnings.warn(
/home/pwdemo.stefan/.miniconda3/envs/superlearner/lib/python3.9/site-packages/sklearn/compose/_target.py:190: UserWarning: The provided functions or transformer are not strictly inverse of each other. If you are sure you want to proceed regardless, set 'check_inverse=False'
  warnings.warn(
/home/pwdemo.stefan/.miniconda3/envs/superlearner/lib/python3.9/site-packages/sklearn/compose/_target.py:190: UserWarning: The provided functions or transformer are not strictly inverse of each other. If you are sure you want to proceed regardless, set 'check_inverse=False'
  warnings.warn(
/home/pwdemo.stefan/.miniconda3/envs/superlearner/lib/python3.9/site-packages/sklearn/compose/_target.py:190: UserWarning: The provided functions or transformer are not strictly inverse of each other. If you are sure you want to proceed regardless, set 'check_inverse=False'
  warnings.warn(
/home/pwdemo.stefan/.miniconda3/envs/superlearner/lib/python3.9/site-packages/sklearn/compose/_target.py:190: UserWarning: The provided functions or transformer are not strictly inverse of each other. If you are sure you want to proceed regardless, set 'check_inverse=False'
  warnings.warn(
/home/pwdemo.stefan/.miniconda3/envs/superlearner/lib/python3.9/site-packages/sklearn/compose/_target.py:190: UserWarning: The provided functions or transformer are not strictly inverse of each other. If you are sure you want to proceed regardless, set 'check_inverse=False'
  warnings.warn(
/home/pwdemo.stefan/.miniconda3/envs/superlearner/lib/python3.9/site-packages/sklearn/linear_model/_coordinate_descent.py:628: ConvergenceWarning: Objective did not converge. You might want to increase the number of iterations, check the scale of the features or consider increasing regularisation. Duality gap: 1.059e+00, tolerance: 5.547e-04
  model = cd_fast.enet_coordinate_descent(
/home/pwdemo.stefan/.miniconda3/envs/superlearner/lib/python3.9/site-packages/sklearn/linear_model/_coordinate_descent.py:628: ConvergenceWarning: Objective did not converge. You might want to increase the number of iterations, check the scale of the features or consider increasing regularisation. Duality gap: 3.303e-01, tolerance: 1.908e-04
  model = cd_fast.enet_coordinate_descent(
/home/pwdemo.stefan/.miniconda3/envs/superlearner/lib/python3.9/site-packages/sklearn/compose/_target.py:190: UserWarning: The provided functions or transformer are not strictly inverse of each other. If you are sure you want to proceed regardless, set 'check_inverse=False'
  warnings.warn(
/home/pwdemo.stefan/.miniconda3/envs/superlearner/lib/python3.9/site-packages/sklearn/linear_model/_coordinate_descent.py:628: ConvergenceWarning: Objective did not converge. You might want to increase the number of iterations, check the scale of the features or consider increasing regularisation. Duality gap: 4.131e-01, tolerance: 1.836e-04
  model = cd_fast.enet_coordinate_descent(
/home/pwdemo.stefan/.miniconda3/envs/superlearner/lib/python3.9/site-packages/sklearn/linear_model/_coordinate_descent.py:628: ConvergenceWarning: Objective did not converge. You might want to increase the number of iterations, check the scale of the features or consider increasing regularisation. Duality gap: 3.336e-01, tolerance: 1.920e-04
  model = cd_fast.enet_coordinate_descent(
/home/pwdemo.stefan/.miniconda3/envs/superlearner/lib/python3.9/site-packages/sklearn/linear_model/_coordinate_descent.py:628: ConvergenceWarning: Objective did not converge. You might want to increase the number of iterations, check the scale of the features or consider increasing regularisation. Duality gap: 4.003e-01, tolerance: 1.853e-04
  model = cd_fast.enet_coordinate_descent(
/home/pwdemo.stefan/.miniconda3/envs/superlearner/lib/python3.9/site-packages/sklearn/linear_model/_coordinate_descent.py:628: ConvergenceWarning: Objective did not converge. You might want to increase the number of iterations, check the scale of the features or consider increasing regularisation. Duality gap: 4.055e-01, tolerance: 1.674e-04
  model = cd_fast.enet_coordinate_descent(
/home/pwdemo.stefan/.miniconda3/envs/superlearner/lib/python3.9/site-packages/sklearn/compose/_target.py:190: UserWarning: The provided functions or transformer are not strictly inverse of each other. If you are sure you want to proceed regardless, set 'check_inverse=False'
  warnings.warn(
/home/pwdemo.stefan/.miniconda3/envs/superlearner/lib/python3.9/site-packages/sklearn/linear_model/_coordinate_descent.py:628: ConvergenceWarning: Objective did not converge. You might want to increase the number of iterations, check the scale of the features or consider increasing regularisation. Duality gap: 4.405e-01, tolerance: 1.867e-04
  model = cd_fast.enet_coordinate_descent(
/home/pwdemo.stefan/.miniconda3/envs/superlearner/lib/python3.9/site-packages/sklearn/linear_model/_coordinate_descent.py:628: ConvergenceWarning: Objective did not converge. You might want to increase the number of iterations, check the scale of the features or consider increasing regularisation. Duality gap: 3.339e-01, tolerance: 1.925e-04
  model = cd_fast.enet_coordinate_descent(
/home/pwdemo.stefan/.miniconda3/envs/superlearner/lib/python3.9/site-packages/sklearn/compose/_target.py:190: UserWarning: The provided functions or transformer are not strictly inverse of each other. If you are sure you want to proceed regardless, set 'check_inverse=False'
  warnings.warn(
/home/pwdemo.stefan/.miniconda3/envs/superlearner/lib/python3.9/site-packages/sklearn/linear_model/_coordinate_descent.py:628: ConvergenceWarning: Objective did not converge. You might want to increase the number of iterations, check the scale of the features or consider increasing regularisation. Duality gap: 4.353e-01, tolerance: 2.022e-04
  model = cd_fast.enet_coordinate_descent(
/home/pwdemo.stefan/.miniconda3/envs/superlearner/lib/python3.9/site-packages/sklearn/linear_model/_huber.py:342: ConvergenceWarning: lbfgs failed to converge (status=1):
STOP: TOTAL NO. of ITERATIONS REACHED LIMIT.

Increase the number of iterations (max_iter) or scale the data as shown in:
    https://scikit-learn.org/stable/modules/preprocessing.html
  self.n_iter_ = _check_optimize_result("lbfgs", opt_res, self.max_iter)
/home/pwdemo.stefan/.miniconda3/envs/superlearner/lib/python3.9/site-packages/sklearn/linear_model/_huber.py:342: ConvergenceWarning: lbfgs failed to converge (status=1):
STOP: TOTAL NO. of ITERATIONS REACHED LIMIT.

Increase the number of iterations (max_iter) or scale the data as shown in:
    https://scikit-learn.org/stable/modules/preprocessing.html
  self.n_iter_ = _check_optimize_result("lbfgs", opt_res, self.max_iter)
/home/pwdemo.stefan/.miniconda3/envs/superlearner/lib/python3.9/site-packages/sklearn/linear_model/_huber.py:342: ConvergenceWarning: lbfgs failed to converge (status=1):
STOP: TOTAL NO. of ITERATIONS REACHED LIMIT.

Increase the number of iterations (max_iter) or scale the data as shown in:
    https://scikit-learn.org/stable/modules/preprocessing.html
  self.n_iter_ = _check_optimize_result("lbfgs", opt_res, self.max_iter)
/home/pwdemo.stefan/.miniconda3/envs/superlearner/lib/python3.9/site-packages/sklearn/linear_model/_huber.py:342: ConvergenceWarning: lbfgs failed to converge (status=1):
STOP: TOTAL NO. of ITERATIONS REACHED LIMIT.

Increase the number of iterations (max_iter) or scale the data as shown in:
    https://scikit-learn.org/stable/modules/preprocessing.html
  self.n_iter_ = _check_optimize_result("lbfgs", opt_res, self.max_iter)
/home/pwdemo.stefan/.miniconda3/envs/superlearner/lib/python3.9/site-packages/sklearn/linear_model/_huber.py:342: ConvergenceWarning: lbfgs failed to converge (status=1):
STOP: TOTAL NO. of ITERATIONS REACHED LIMIT.

Increase the number of iterations (max_iter) or scale the data as shown in:
    https://scikit-learn.org/stable/modules/preprocessing.html
  self.n_iter_ = _check_optimize_result("lbfgs", opt_res, self.max_iter)
/home/pwdemo.stefan/.miniconda3/envs/superlearner/lib/python3.9/site-packages/sklearn/linear_model/_coordinate_descent.py:628: ConvergenceWarning: Objective did not converge. You might want to increase the number of iterations, check the scale of the features or consider increasing regularisation. Duality gap: 3.343e-01, tolerance: 1.922e-04
  model = cd_fast.enet_coordinate_descent(
/home/pwdemo.stefan/.miniconda3/envs/superlearner/lib/python3.9/site-packages/sklearn/compose/_target.py:190: UserWarning: The provided functions or transformer are not strictly inverse of each other. If you are sure you want to proceed regardless, set 'check_inverse=False'
  warnings.warn(
/home/pwdemo.stefan/.miniconda3/envs/superlearner/lib/python3.9/site-packages/sklearn/linear_model/_huber.py:342: ConvergenceWarning: lbfgs failed to converge (status=1):
STOP: TOTAL NO. of ITERATIONS REACHED LIMIT.

Increase the number of iterations (max_iter) or scale the data as shown in:
    https://scikit-learn.org/stable/modules/preprocessing.html
  self.n_iter_ = _check_optimize_result("lbfgs", opt_res, self.max_iter)
/home/pwdemo.stefan/.miniconda3/envs/superlearner/lib/python3.9/site-packages/sklearn/compose/_target.py:190: UserWarning: The provided functions or transformer are not strictly inverse of each other. If you are sure you want to proceed regardless, set 'check_inverse=False'
  warnings.warn(
/home/pwdemo.stefan/.miniconda3/envs/superlearner/lib/python3.9/site-packages/sklearn/linear_model/_huber.py:342: ConvergenceWarning: lbfgs failed to converge (status=1):
STOP: TOTAL NO. of ITERATIONS REACHED LIMIT.

Increase the number of iterations (max_iter) or scale the data as shown in:
    https://scikit-learn.org/stable/modules/preprocessing.html
  self.n_iter_ = _check_optimize_result("lbfgs", opt_res, self.max_iter)
/home/pwdemo.stefan/.miniconda3/envs/superlearner/lib/python3.9/site-packages/sklearn/linear_model/_huber.py:342: ConvergenceWarning: lbfgs failed to converge (status=1):
STOP: TOTAL NO. of ITERATIONS REACHED LIMIT.

Increase the number of iterations (max_iter) or scale the data as shown in:
    https://scikit-learn.org/stable/modules/preprocessing.html
  self.n_iter_ = _check_optimize_result("lbfgs", opt_res, self.max_iter)
/home/pwdemo.stefan/.miniconda3/envs/superlearner/lib/python3.9/site-packages/sklearn/compose/_target.py:190: UserWarning: The provided functions or transformer are not strictly inverse of each other. If you are sure you want to proceed regardless, set 'check_inverse=False'
  warnings.warn(
/home/pwdemo.stefan/.miniconda3/envs/superlearner/lib/python3.9/site-packages/sklearn/linear_model/_huber.py:342: ConvergenceWarning: lbfgs failed to converge (status=1):
STOP: TOTAL NO. of ITERATIONS REACHED LIMIT.

Increase the number of iterations (max_iter) or scale the data as shown in:
    https://scikit-learn.org/stable/modules/preprocessing.html
  self.n_iter_ = _check_optimize_result("lbfgs", opt_res, self.max_iter)
/home/pwdemo.stefan/.miniconda3/envs/superlearner/lib/python3.9/site-packages/sklearn/compose/_target.py:190: UserWarning: The provided functions or transformer are not strictly inverse of each other. If you are sure you want to proceed regardless, set 'check_inverse=False'
  warnings.warn(
/home/pwdemo.stefan/.miniconda3/envs/superlearner/lib/python3.9/site-packages/sklearn/linear_model/_huber.py:342: ConvergenceWarning: lbfgs failed to converge (status=1):
STOP: TOTAL NO. of ITERATIONS REACHED LIMIT.

Increase the number of iterations (max_iter) or scale the data as shown in:
    https://scikit-learn.org/stable/modules/preprocessing.html
  self.n_iter_ = _check_optimize_result("lbfgs", opt_res, self.max_iter)
/home/pwdemo.stefan/.miniconda3/envs/superlearner/lib/python3.9/site-packages/sklearn/compose/_target.py:190: UserWarning: The provided functions or transformer are not strictly inverse of each other. If you are sure you want to proceed regardless, set 'check_inverse=False'
  warnings.warn(
/home/pwdemo.stefan/.miniconda3/envs/superlearner/lib/python3.9/site-packages/sklearn/compose/_target.py:190: UserWarning: The provided functions or transformer are not strictly inverse of each other. If you are sure you want to proceed regardless, set 'check_inverse=False'
  warnings.warn(
/home/pwdemo.stefan/.miniconda3/envs/superlearner/lib/python3.9/site-packages/sklearn/compose/_target.py:190: UserWarning: The provided functions or transformer are not strictly inverse of each other. If you are sure you want to proceed regardless, set 'check_inverse=False'
  warnings.warn(
/home/pwdemo.stefan/.miniconda3/envs/superlearner/lib/python3.9/site-packages/sklearn/compose/_target.py:190: UserWarning: The provided functions or transformer are not strictly inverse of each other. If you are sure you want to proceed regardless, set 'check_inverse=False'
  warnings.warn(
/home/pwdemo.stefan/.miniconda3/envs/superlearner/lib/python3.9/site-packages/sklearn/compose/_target.py:190: UserWarning: The provided functions or transformer are not strictly inverse of each other. If you are sure you want to proceed regardless, set 'check_inverse=False'
  warnings.warn(
/home/pwdemo.stefan/.miniconda3/envs/superlearner/lib/python3.9/site-packages/sklearn/compose/_target.py:190: UserWarning: The provided functions or transformer are not strictly inverse of each other. If you are sure you want to proceed regardless, set 'check_inverse=False'
  warnings.warn(
/home/pwdemo.stefan/.miniconda3/envs/superlearner/lib/python3.9/site-packages/sklearn/compose/_target.py:190: UserWarning: The provided functions or transformer are not strictly inverse of each other. If you are sure you want to proceed regardless, set 'check_inverse=False'
  warnings.warn(
/home/pwdemo.stefan/.miniconda3/envs/superlearner/lib/python3.9/site-packages/sklearn/compose/_target.py:190: UserWarning: The provided functions or transformer are not strictly inverse of each other. If you are sure you want to proceed regardless, set 'check_inverse=False'
  warnings.warn(
/home/pwdemo.stefan/.miniconda3/envs/superlearner/lib/python3.9/site-packages/sklearn/compose/_target.py:190: UserWarning: The provided functions or transformer are not strictly inverse of each other. If you are sure you want to proceed regardless, set 'check_inverse=False'
  warnings.warn(
/home/pwdemo.stefan/.miniconda3/envs/superlearner/lib/python3.9/site-packages/sklearn/compose/_target.py:190: UserWarning: The provided functions or transformer are not strictly inverse of each other. If you are sure you want to proceed regardless, set 'check_inverse=False'
  warnings.warn(
/home/pwdemo.stefan/.miniconda3/envs/superlearner/lib/python3.9/site-packages/sklearn/compose/_target.py:190: UserWarning: The provided functions or transformer are not strictly inverse of each other. If you are sure you want to proceed regardless, set 'check_inverse=False'
  warnings.warn(
/home/pwdemo.stefan/.miniconda3/envs/superlearner/lib/python3.9/site-packages/sklearn/compose/_target.py:190: UserWarning: The provided functions or transformer are not strictly inverse of each other. If you are sure you want to proceed regardless, set 'check_inverse=False'
  warnings.warn(
/home/pwdemo.stefan/.miniconda3/envs/superlearner/lib/python3.9/site-packages/sklearn/compose/_target.py:190: UserWarning: The provided functions or transformer are not strictly inverse of each other. If you are sure you want to proceed regardless, set 'check_inverse=False'
  warnings.warn(
/home/pwdemo.stefan/.miniconda3/envs/superlearner/lib/python3.9/site-packages/sklearn/compose/_target.py:190: UserWarning: The provided functions or transformer are not strictly inverse of each other. If you are sure you want to proceed regardless, set 'check_inverse=False'
  warnings.warn(
/home/pwdemo.stefan/.miniconda3/envs/superlearner/lib/python3.9/site-packages/sklearn/compose/_target.py:190: UserWarning: The provided functions or transformer are not strictly inverse of each other. If you are sure you want to proceed regardless, set 'check_inverse=False'
  warnings.warn(
/home/pwdemo.stefan/.miniconda3/envs/superlearner/lib/python3.9/site-packages/sklearn/compose/_target.py:190: UserWarning: The provided functions or transformer are not strictly inverse of each other. If you are sure you want to proceed regardless, set 'check_inverse=False'
  warnings.warn(
/home/pwdemo.stefan/.miniconda3/envs/superlearner/lib/python3.9/site-packages/sklearn/compose/_target.py:190: UserWarning: The provided functions or transformer are not strictly inverse of each other. If you are sure you want to proceed regardless, set 'check_inverse=False'
  warnings.warn(
/home/pwdemo.stefan/.miniconda3/envs/superlearner/lib/python3.9/site-packages/sklearn/compose/_target.py:190: UserWarning: The provided functions or transformer are not strictly inverse of each other. If you are sure you want to proceed regardless, set 'check_inverse=False'
  warnings.warn(
/home/pwdemo.stefan/.miniconda3/envs/superlearner/lib/python3.9/site-packages/sklearn/compose/_target.py:190: UserWarning: The provided functions or transformer are not strictly inverse of each other. If you are sure you want to proceed regardless, set 'check_inverse=False'
  warnings.warn(
/home/pwdemo.stefan/.miniconda3/envs/superlearner/lib/python3.9/site-packages/sklearn/compose/_target.py:190: UserWarning: The provided functions or transformer are not strictly inverse of each other. If you are sure you want to proceed regardless, set 'check_inverse=False'
  warnings.warn(
/home/pwdemo.stefan/.miniconda3/envs/superlearner/lib/python3.9/site-packages/sklearn/linear_model/_coordinate_descent.py:628: ConvergenceWarning: Objective did not converge. You might want to increase the number of iterations, check the scale of the features or consider increasing regularisation. Duality gap: 3.348e-01, tolerance: 1.940e-04
  model = cd_fast.enet_coordinate_descent(
/home/pwdemo.stefan/.miniconda3/envs/superlearner/lib/python3.9/site-packages/sklearn/compose/_target.py:190: UserWarning: The provided functions or transformer are not strictly inverse of each other. If you are sure you want to proceed regardless, set 'check_inverse=False'
  warnings.warn(
/home/pwdemo.stefan/.miniconda3/envs/superlearner/lib/python3.9/site-packages/sklearn/linear_model/_huber.py:342: ConvergenceWarning: lbfgs failed to converge (status=1):
STOP: TOTAL NO. of ITERATIONS REACHED LIMIT.

Increase the number of iterations (max_iter) or scale the data as shown in:
    https://scikit-learn.org/stable/modules/preprocessing.html
  self.n_iter_ = _check_optimize_result("lbfgs", opt_res, self.max_iter)
/home/pwdemo.stefan/.miniconda3/envs/superlearner/lib/python3.9/site-packages/sklearn/compose/_target.py:190: UserWarning: The provided functions or transformer are not strictly inverse of each other. If you are sure you want to proceed regardless, set 'check_inverse=False'
  warnings.warn(
/home/pwdemo.stefan/.miniconda3/envs/superlearner/lib/python3.9/site-packages/sklearn/compose/_target.py:190: UserWarning: The provided functions or transformer are not strictly inverse of each other. If you are sure you want to proceed regardless, set 'check_inverse=False'
  warnings.warn(
/home/pwdemo.stefan/.miniconda3/envs/superlearner/lib/python3.9/site-packages/sklearn/compose/_target.py:190: UserWarning: The provided functions or transformer are not strictly inverse of each other. If you are sure you want to proceed regardless, set 'check_inverse=False'
  warnings.warn(
/home/pwdemo.stefan/.miniconda3/envs/superlearner/lib/python3.9/site-packages/sklearn/compose/_target.py:190: UserWarning: The provided functions or transformer are not strictly inverse of each other. If you are sure you want to proceed regardless, set 'check_inverse=False'
  warnings.warn(
/home/pwdemo.stefan/.miniconda3/envs/superlearner/lib/python3.9/site-packages/sklearn/compose/_target.py:190: UserWarning: The provided functions or transformer are not strictly inverse of each other. If you are sure you want to proceed regardless, set 'check_inverse=False'
  warnings.warn(
/home/pwdemo.stefan/.miniconda3/envs/superlearner/lib/python3.9/site-packages/sklearn/compose/_target.py:190: UserWarning: The provided functions or transformer are not strictly inverse of each other. If you are sure you want to proceed regardless, set 'check_inverse=False'
  warnings.warn(
/home/pwdemo.stefan/.miniconda3/envs/superlearner/lib/python3.9/site-packages/sklearn/compose/_target.py:190: UserWarning: The provided functions or transformer are not strictly inverse of each other. If you are sure you want to proceed regardless, set 'check_inverse=False'
  warnings.warn(
/home/pwdemo.stefan/.miniconda3/envs/superlearner/lib/python3.9/site-packages/sklearn/compose/_target.py:190: UserWarning: The provided functions or transformer are not strictly inverse of each other. If you are sure you want to proceed regardless, set 'check_inverse=False'
  warnings.warn(
/home/pwdemo.stefan/.miniconda3/envs/superlearner/lib/python3.9/site-packages/sklearn/compose/_target.py:190: UserWarning: The provided functions or transformer are not strictly inverse of each other. If you are sure you want to proceed regardless, set 'check_inverse=False'
  warnings.warn(
/home/pwdemo.stefan/.miniconda3/envs/superlearner/lib/python3.9/site-packages/sklearn/compose/_target.py:190: UserWarning: The provided functions or transformer are not strictly inverse of each other. If you are sure you want to proceed regardless, set 'check_inverse=False'
  warnings.warn(
/home/pwdemo.stefan/.miniconda3/envs/superlearner/lib/python3.9/site-packages/sklearn/compose/_target.py:190: UserWarning: The provided functions or transformer are not strictly inverse of each other. If you are sure you want to proceed regardless, set 'check_inverse=False'
  warnings.warn(
/home/pwdemo.stefan/.miniconda3/envs/superlearner/lib/python3.9/site-packages/sklearn/compose/_target.py:190: UserWarning: The provided functions or transformer are not strictly inverse of each other. If you are sure you want to proceed regardless, set 'check_inverse=False'
  warnings.warn(
/home/pwdemo.stefan/.miniconda3/envs/superlearner/lib/python3.9/site-packages/sklearn/compose/_target.py:190: UserWarning: The provided functions or transformer are not strictly inverse of each other. If you are sure you want to proceed regardless, set 'check_inverse=False'
  warnings.warn(
/home/pwdemo.stefan/.miniconda3/envs/superlearner/lib/python3.9/site-packages/sklearn/compose/_target.py:190: UserWarning: The provided functions or transformer are not strictly inverse of each other. If you are sure you want to proceed regardless, set 'check_inverse=False'
  warnings.warn(
/home/pwdemo.stefan/.miniconda3/envs/superlearner/lib/python3.9/site-packages/sklearn/compose/_target.py:190: UserWarning: The provided functions or transformer are not strictly inverse of each other. If you are sure you want to proceed regardless, set 'check_inverse=False'
  warnings.warn(
/home/pwdemo.stefan/.miniconda3/envs/superlearner/lib/python3.9/site-packages/sklearn/compose/_target.py:190: UserWarning: The provided functions or transformer are not strictly inverse of each other. If you are sure you want to proceed regardless, set 'check_inverse=False'
  warnings.warn(
/home/pwdemo.stefan/.miniconda3/envs/superlearner/lib/python3.9/site-packages/sklearn/compose/_target.py:190: UserWarning: The provided functions or transformer are not strictly inverse of each other. If you are sure you want to proceed regardless, set 'check_inverse=False'
  warnings.warn(
/home/pwdemo.stefan/.miniconda3/envs/superlearner/lib/python3.9/site-packages/sklearn/compose/_target.py:190: UserWarning: The provided functions or transformer are not strictly inverse of each other. If you are sure you want to proceed regardless, set 'check_inverse=False'
  warnings.warn(
/home/pwdemo.stefan/.miniconda3/envs/superlearner/lib/python3.9/site-packages/sklearn/compose/_target.py:190: UserWarning: The provided functions or transformer are not strictly inverse of each other. If you are sure you want to proceed regardless, set 'check_inverse=False'
  warnings.warn(
/home/pwdemo.stefan/.miniconda3/envs/superlearner/lib/python3.9/site-packages/sklearn/compose/_target.py:190: UserWarning: The provided functions or transformer are not strictly inverse of each other. If you are sure you want to proceed regardless, set 'check_inverse=False'
  warnings.warn(
/home/pwdemo.stefan/.miniconda3/envs/superlearner/lib/python3.9/site-packages/sklearn/compose/_target.py:190: UserWarning: The provided functions or transformer are not strictly inverse of each other. If you are sure you want to proceed regardless, set 'check_inverse=False'
  warnings.warn(
/home/pwdemo.stefan/.miniconda3/envs/superlearner/lib/python3.9/site-packages/sklearn/compose/_target.py:190: UserWarning: The provided functions or transformer are not strictly inverse of each other. If you are sure you want to proceed regardless, set 'check_inverse=False'
  warnings.warn(
/home/pwdemo.stefan/.miniconda3/envs/superlearner/lib/python3.9/site-packages/sklearn/compose/_target.py:190: UserWarning: The provided functions or transformer are not strictly inverse of each other. If you are sure you want to proceed regardless, set 'check_inverse=False'
  warnings.warn(
/home/pwdemo.stefan/.miniconda3/envs/superlearner/lib/python3.9/site-packages/sklearn/compose/_target.py:190: UserWarning: The provided functions or transformer are not strictly inverse of each other. If you are sure you want to proceed regardless, set 'check_inverse=False'
  warnings.warn(
/home/pwdemo.stefan/.miniconda3/envs/superlearner/lib/python3.9/site-packages/sklearn/compose/_target.py:190: UserWarning: The provided functions or transformer are not strictly inverse of each other. If you are sure you want to proceed regardless, set 'check_inverse=False'
  warnings.warn(
/home/pwdemo.stefan/.miniconda3/envs/superlearner/lib/python3.9/site-packages/sklearn/compose/_target.py:190: UserWarning: The provided functions or transformer are not strictly inverse of each other. If you are sure you want to proceed regardless, set 'check_inverse=False'
  warnings.warn(
/home/pwdemo.stefan/.miniconda3/envs/superlearner/lib/python3.9/site-packages/sklearn/compose/_target.py:190: UserWarning: The provided functions or transformer are not strictly inverse of each other. If you are sure you want to proceed regardless, set 'check_inverse=False'
  warnings.warn(
/home/pwdemo.stefan/.miniconda3/envs/superlearner/lib/python3.9/site-packages/sklearn/compose/_target.py:190: UserWarning: The provided functions or transformer are not strictly inverse of each other. If you are sure you want to proceed regardless, set 'check_inverse=False'
  warnings.warn(
/home/pwdemo.stefan/.miniconda3/envs/superlearner/lib/python3.9/site-packages/sklearn/compose/_target.py:190: UserWarning: The provided functions or transformer are not strictly inverse of each other. If you are sure you want to proceed regardless, set 'check_inverse=False'
  warnings.warn(
/home/pwdemo.stefan/.miniconda3/envs/superlearner/lib/python3.9/site-packages/sklearn/compose/_target.py:190: UserWarning: The provided functions or transformer are not strictly inverse of each other. If you are sure you want to proceed regardless, set 'check_inverse=False'
  warnings.warn(
/home/pwdemo.stefan/.miniconda3/envs/superlearner/lib/python3.9/site-packages/sklearn/compose/_target.py:190: UserWarning: The provided functions or transformer are not strictly inverse of each other. If you are sure you want to proceed regardless, set 'check_inverse=False'
  warnings.warn(
/home/pwdemo.stefan/.miniconda3/envs/superlearner/lib/python3.9/site-packages/sklearn/compose/_target.py:190: UserWarning: The provided functions or transformer are not strictly inverse of each other. If you are sure you want to proceed regardless, set 'check_inverse=False'
  warnings.warn(
/home/pwdemo.stefan/.miniconda3/envs/superlearner/lib/python3.9/site-packages/sklearn/compose/_target.py:190: UserWarning: The provided functions or transformer are not strictly inverse of each other. If you are sure you want to proceed regardless, set 'check_inverse=False'
  warnings.warn(
/home/pwdemo.stefan/.miniconda3/envs/superlearner/lib/python3.9/site-packages/sklearn/compose/_target.py:190: UserWarning: The provided functions or transformer are not strictly inverse of each other. If you are sure you want to proceed regardless, set 'check_inverse=False'
  warnings.warn(
/home/pwdemo.stefan/.miniconda3/envs/superlearner/lib/python3.9/site-packages/sklearn/compose/_target.py:190: UserWarning: The provided functions or transformer are not strictly inverse of each other. If you are sure you want to proceed regardless, set 'check_inverse=False'
  warnings.warn(
/home/pwdemo.stefan/.miniconda3/envs/superlearner/lib/python3.9/site-packages/sklearn/compose/_target.py:190: UserWarning: The provided functions or transformer are not strictly inverse of each other. If you are sure you want to proceed regardless, set 'check_inverse=False'
  warnings.warn(
/home/pwdemo.stefan/.miniconda3/envs/superlearner/lib/python3.9/site-packages/sklearn/compose/_target.py:190: UserWarning: The provided functions or transformer are not strictly inverse of each other. If you are sure you want to proceed regardless, set 'check_inverse=False'
  warnings.warn(
/home/pwdemo.stefan/.miniconda3/envs/superlearner/lib/python3.9/site-packages/sklearn/compose/_target.py:190: UserWarning: The provided functions or transformer are not strictly inverse of each other. If you are sure you want to proceed regardless, set 'check_inverse=False'
  warnings.warn(
/home/pwdemo.stefan/.miniconda3/envs/superlearner/lib/python3.9/site-packages/sklearn/compose/_target.py:190: UserWarning: The provided functions or transformer are not strictly inverse of each other. If you are sure you want to proceed regardless, set 'check_inverse=False'
  warnings.warn(
/home/pwdemo.stefan/.miniconda3/envs/superlearner/lib/python3.9/site-packages/sklearn/compose/_target.py:190: UserWarning: The provided functions or transformer are not strictly inverse of each other. If you are sure you want to proceed regardless, set 'check_inverse=False'
  warnings.warn(
/home/pwdemo.stefan/.miniconda3/envs/superlearner/lib/python3.9/site-packages/sklearn/compose/_target.py:190: UserWarning: The provided functions or transformer are not strictly inverse of each other. If you are sure you want to proceed regardless, set 'check_inverse=False'
  warnings.warn(
/home/pwdemo.stefan/.miniconda3/envs/superlearner/lib/python3.9/site-packages/sklearn/compose/_target.py:190: UserWarning: The provided functions or transformer are not strictly inverse of each other. If you are sure you want to proceed regardless, set 'check_inverse=False'
  warnings.warn(
/home/pwdemo.stefan/.miniconda3/envs/superlearner/lib/python3.9/site-packages/sklearn/compose/_target.py:190: UserWarning: The provided functions or transformer are not strictly inverse of each other. If you are sure you want to proceed regardless, set 'check_inverse=False'
  warnings.warn(
/home/pwdemo.stefan/.miniconda3/envs/superlearner/lib/python3.9/site-packages/sklearn/compose/_target.py:190: UserWarning: The provided functions or transformer are not strictly inverse of each other. If you are sure you want to proceed regardless, set 'check_inverse=False'
  warnings.warn(
/home/pwdemo.stefan/.miniconda3/envs/superlearner/lib/python3.9/site-packages/sklearn/compose/_target.py:190: UserWarning: The provided functions or transformer are not strictly inverse of each other. If you are sure you want to proceed regardless, set 'check_inverse=False'
  warnings.warn(
/home/pwdemo.stefan/.miniconda3/envs/superlearner/lib/python3.9/site-packages/sklearn/compose/_target.py:190: UserWarning: The provided functions or transformer are not strictly inverse of each other. If you are sure you want to proceed regardless, set 'check_inverse=False'
  warnings.warn(
/home/pwdemo.stefan/.miniconda3/envs/superlearner/lib/python3.9/site-packages/sklearn/compose/_target.py:190: UserWarning: The provided functions or transformer are not strictly inverse of each other. If you are sure you want to proceed regardless, set 'check_inverse=False'
  warnings.warn(
/home/pwdemo.stefan/.miniconda3/envs/superlearner/lib/python3.9/site-packages/sklearn/linear_model/_coordinate_descent.py:628: ConvergenceWarning: Objective did not converge. You might want to increase the number of iterations, check the scale of the features or consider increasing regularisation. Duality gap: 3.298e-01, tolerance: 1.915e-04
  model = cd_fast.enet_coordinate_descent(
/home/pwdemo.stefan/.miniconda3/envs/superlearner/lib/python3.9/site-packages/sklearn/compose/_target.py:190: UserWarning: The provided functions or transformer are not strictly inverse of each other. If you are sure you want to proceed regardless, set 'check_inverse=False'
  warnings.warn(
/home/pwdemo.stefan/.miniconda3/envs/superlearner/lib/python3.9/site-packages/sklearn/linear_model/_coordinate_descent.py:628: ConvergenceWarning: Objective did not converge. You might want to increase the number of iterations, check the scale of the features or consider increasing regularisation. Duality gap: 3.328e-01, tolerance: 1.926e-04
  model = cd_fast.enet_coordinate_descent(
/home/pwdemo.stefan/.miniconda3/envs/superlearner/lib/python3.9/site-packages/sklearn/linear_model/_coordinate_descent.py:628: ConvergenceWarning: Objective did not converge. You might want to increase the number of iterations, check the scale of the features or consider increasing regularisation. Duality gap: 3.734e-01, tolerance: 1.822e-04
  model = cd_fast.enet_coordinate_descent(
/home/pwdemo.stefan/.miniconda3/envs/superlearner/lib/python3.9/site-packages/sklearn/compose/_target.py:190: UserWarning: The provided functions or transformer are not strictly inverse of each other. If you are sure you want to proceed regardless, set 'check_inverse=False'
  warnings.warn(
/home/pwdemo.stefan/.miniconda3/envs/superlearner/lib/python3.9/site-packages/sklearn/linear_model/_coordinate_descent.py:628: ConvergenceWarning: Objective did not converge. You might want to increase the number of iterations, check the scale of the features or consider increasing regularisation. Duality gap: 3.339e-01, tolerance: 1.929e-04
  model = cd_fast.enet_coordinate_descent(
/home/pwdemo.stefan/.miniconda3/envs/superlearner/lib/python3.9/site-packages/sklearn/compose/_target.py:190: UserWarning: The provided functions or transformer are not strictly inverse of each other. If you are sure you want to proceed regardless, set 'check_inverse=False'
  warnings.warn(
/home/pwdemo.stefan/.miniconda3/envs/superlearner/lib/python3.9/site-packages/sklearn/linear_model/_coordinate_descent.py:628: ConvergenceWarning: Objective did not converge. You might want to increase the number of iterations, check the scale of the features or consider increasing regularisation. Duality gap: 3.340e-01, tolerance: 1.925e-04
  model = cd_fast.enet_coordinate_descent(
/home/pwdemo.stefan/.miniconda3/envs/superlearner/lib/python3.9/site-packages/sklearn/compose/_target.py:190: UserWarning: The provided functions or transformer are not strictly inverse of each other. If you are sure you want to proceed regardless, set 'check_inverse=False'
  warnings.warn(
/home/pwdemo.stefan/.miniconda3/envs/superlearner/lib/python3.9/site-packages/sklearn/linear_model/_huber.py:342: ConvergenceWarning: lbfgs failed to converge (status=1):
STOP: TOTAL NO. of ITERATIONS REACHED LIMIT.

Increase the number of iterations (max_iter) or scale the data as shown in:
    https://scikit-learn.org/stable/modules/preprocessing.html
  self.n_iter_ = _check_optimize_result("lbfgs", opt_res, self.max_iter)
/home/pwdemo.stefan/.miniconda3/envs/superlearner/lib/python3.9/site-packages/sklearn/compose/_target.py:190: UserWarning: The provided functions or transformer are not strictly inverse of each other. If you are sure you want to proceed regardless, set 'check_inverse=False'
  warnings.warn(
/home/pwdemo.stefan/.miniconda3/envs/superlearner/lib/python3.9/site-packages/sklearn/linear_model/_huber.py:342: ConvergenceWarning: lbfgs failed to converge (status=1):
STOP: TOTAL NO. of ITERATIONS REACHED LIMIT.

Increase the number of iterations (max_iter) or scale the data as shown in:
    https://scikit-learn.org/stable/modules/preprocessing.html
  self.n_iter_ = _check_optimize_result("lbfgs", opt_res, self.max_iter)
/home/pwdemo.stefan/.miniconda3/envs/superlearner/lib/python3.9/site-packages/sklearn/linear_model/_huber.py:342: ConvergenceWarning: lbfgs failed to converge (status=1):
STOP: TOTAL NO. of ITERATIONS REACHED LIMIT.

Increase the number of iterations (max_iter) or scale the data as shown in:
    https://scikit-learn.org/stable/modules/preprocessing.html
  self.n_iter_ = _check_optimize_result("lbfgs", opt_res, self.max_iter)
/home/pwdemo.stefan/.miniconda3/envs/superlearner/lib/python3.9/site-packages/sklearn/compose/_target.py:190: UserWarning: The provided functions or transformer are not strictly inverse of each other. If you are sure you want to proceed regardless, set 'check_inverse=False'
  warnings.warn(
/home/pwdemo.stefan/.miniconda3/envs/superlearner/lib/python3.9/site-packages/sklearn/linear_model/_huber.py:342: ConvergenceWarning: lbfgs failed to converge (status=1):
STOP: TOTAL NO. of ITERATIONS REACHED LIMIT.

Increase the number of iterations (max_iter) or scale the data as shown in:
    https://scikit-learn.org/stable/modules/preprocessing.html
  self.n_iter_ = _check_optimize_result("lbfgs", opt_res, self.max_iter)
/home/pwdemo.stefan/.miniconda3/envs/superlearner/lib/python3.9/site-packages/sklearn/compose/_target.py:190: UserWarning: The provided functions or transformer are not strictly inverse of each other. If you are sure you want to proceed regardless, set 'check_inverse=False'
  warnings.warn(
/home/pwdemo.stefan/.miniconda3/envs/superlearner/lib/python3.9/site-packages/sklearn/linear_model/_huber.py:342: ConvergenceWarning: lbfgs failed to converge (status=1):
STOP: TOTAL NO. of ITERATIONS REACHED LIMIT.

Increase the number of iterations (max_iter) or scale the data as shown in:
    https://scikit-learn.org/stable/modules/preprocessing.html
  self.n_iter_ = _check_optimize_result("lbfgs", opt_res, self.max_iter)
/home/pwdemo.stefan/.miniconda3/envs/superlearner/lib/python3.9/site-packages/sklearn/compose/_target.py:190: UserWarning: The provided functions or transformer are not strictly inverse of each other. If you are sure you want to proceed regardless, set 'check_inverse=False'
  warnings.warn(
/home/pwdemo.stefan/.miniconda3/envs/superlearner/lib/python3.9/site-packages/sklearn/compose/_target.py:190: UserWarning: The provided functions or transformer are not strictly inverse of each other. If you are sure you want to proceed regardless, set 'check_inverse=False'
  warnings.warn(
/home/pwdemo.stefan/.miniconda3/envs/superlearner/lib/python3.9/site-packages/sklearn/compose/_target.py:190: UserWarning: The provided functions or transformer are not strictly inverse of each other. If you are sure you want to proceed regardless, set 'check_inverse=False'
  warnings.warn(
/home/pwdemo.stefan/.miniconda3/envs/superlearner/lib/python3.9/site-packages/sklearn/compose/_target.py:190: UserWarning: The provided functions or transformer are not strictly inverse of each other. If you are sure you want to proceed regardless, set 'check_inverse=False'
  warnings.warn(
/home/pwdemo.stefan/.miniconda3/envs/superlearner/lib/python3.9/site-packages/sklearn/compose/_target.py:190: UserWarning: The provided functions or transformer are not strictly inverse of each other. If you are sure you want to proceed regardless, set 'check_inverse=False'
  warnings.warn(
/home/pwdemo.stefan/.miniconda3/envs/superlearner/lib/python3.9/site-packages/sklearn/compose/_target.py:190: UserWarning: The provided functions or transformer are not strictly inverse of each other. If you are sure you want to proceed regardless, set 'check_inverse=False'
  warnings.warn(
/home/pwdemo.stefan/.miniconda3/envs/superlearner/lib/python3.9/site-packages/sklearn/compose/_target.py:190: UserWarning: The provided functions or transformer are not strictly inverse of each other. If you are sure you want to proceed regardless, set 'check_inverse=False'
  warnings.warn(
/home/pwdemo.stefan/.miniconda3/envs/superlearner/lib/python3.9/site-packages/sklearn/compose/_target.py:190: UserWarning: The provided functions or transformer are not strictly inverse of each other. If you are sure you want to proceed regardless, set 'check_inverse=False'
  warnings.warn(
