{
    "r2_high": 0.43044856464283543,
    "r2_low": 0.036252855578850496
}