{
    "r2_high": 0.5083569680955675,
    "r2_low": 0.0015065064061617894
}