{
    "r2_high": 0.660541045065276,
    "r2_low": 0.05976769617004407
}