{
    "r2_high": -0.09939046715734778,
    "r2_low": 0.03979666849545449
}