{
    "r2_high": 0.49175926718447494,
    "r2_low": 0.03055731929322736
}