{
    "r2_high": 0.4541855543121711,
    "r2_low": 0.055116275726634245
}