{
    "r2_high": 0.08672728572915545,
    "r2_low": -0.016778375355406938
}