{
    "r2_high": 0.49904839949174973,
    "r2_low": 0.018705160527272113
}