{
    "r2_high": 0.04901496127658178,
    "r2_low": -0.1078186800328369
}