{
    "r2_high": -0.13140453345358316,
    "r2_low": -0.030918477496443497
}