{
    "r2_high": 0.11267907038289038,
    "r2_low": 0.05516379128838267
}