{
    "r2_high": 0.47671352742598716,
    "r2_low": 0.07946128017349674
}