{
    "r2_high": -5.505115582563996,
    "r2_low": -0.032061797006050385
}