{
    "r2_high": 0.25516487256146525,
    "r2_low": 0.0150777243024659
}