{
    "r2_high": 0.48821212330647856,
    "r2_low": -0.022477149246213246
}