{
    "r2_high": -0.02551717230540551,
    "r2_low": 0.08699449373327617
}