{
    "r2_high": 0.48251596830282806,
    "r2_low": 0.06950347920796596
}