{
    "r2_high": 0.44864004811445246,
    "r2_low": 0.07713113991364406
}