{
    "r2_high": 0.5531419015266068,
    "r2_low": 0.0764197672263156
}