{
    "Respiration_Rate_mg_DO_per_L_per_H": 0.5370936025208218,
    "Respiration_Rate_mg_DO_per_L_per_H_high": -5.766139335514773,
    "Respiration_Rate_mg_DO_per_L_per_H_low": -5.4727339013936795
}