{
    "r2_high": 0.08317700642435566,
    "r2_low": 0.00552198757353628
}