{
    "r2_high": 0.5006971158129597,
    "r2_low": 0.12282407002647189
}