{
    "r2_high": 0.5027087396800307,
    "r2_low": 0.04231954442019559
}