{
    "Respiration_Rate_mg_DO_per_L_per_H": 0.7117531261336036,
    "Respiration_Rate_mg_DO_per_L_per_H_high": -1.5990730335189003,
    "Respiration_Rate_mg_DO_per_L_per_H_low": -1.5275747668338622
}