{
    "r2_high": -0.07254739703456492,
    "r2_low": -0.438733589716503
}