{
    "r2_high": 0.6016002773129748,
    "r2_low": -0.023864789282341592
}