{
    "r2_high": 0.1971004324844685,
    "r2_low": 0.00900076998447319
}