,target,predicted
0,-17.33,-66.11607357263848
1,-4.86,-50.08781829469276
2,-4.57,-43.62703955156445
3,-4.3,-50.07861399032118
4,-54.61,-85.48922370610472
5,-9.63,-52.9980320739696
6,-45.43,-98.78745202077752
7,-1.25,-43.64097472591763
8,-53.44,-82.97159204149952
9,-3.99,-51.40146430991116
10,-5.14,-56.27193276218847
11,-1.72,-57.816991935988995
12,-3657.26,-2261.4994826997386
13,-3.76,-47.64222372987662
14,-7.91,-50.86810428541467
15,-13.78,-73.76929978212029
16,-3.66,-48.17536926305183
17,-7.65,-49.8767157027211
18,-40.73,-66.02841888447895
19,-1.78,-52.45648638486613
20,-6.94,-52.45648638486613
21,-3824.62,-3523.4330058618034
22,-82.28,-122.00119625864204
23,-991.01,-77.66452392588369
24,-73.45,-79.81712956040857
25,-19.26,-87.9194821337739
26,-9.54,-54.527939905217934
27,-4.36,-58.58792331676452
28,-29.51,-66.11607357263848
29,-10.77,-71.76746236789161
30,-127.36,-170.42658215556753
31,-3.51,-43.62703955156445
32,-3.73,-49.40234994345337
33,-24.5,-66.11607357263848
34,-4.87,-48.03560789344448
35,-3555.34,-3342.7696176943277
36,-78.34,-82.97159204149952
37,-7.29,-57.03211527225077
38,-1.3,-51.40146430991116
39,-11.39,-48.53973317015875
40,-3.7,-47.64222372987662
41,-12.27,-51.2251055459136
42,-3.22,-50.86810428541467
43,-70.02,-170.42658215556753
44,-29.48,-76.06587529745902
45,-3.21,-77.35871977670344
46,-1.15,-44.079924326430756
47,-43.36,-96.80605811204185
48,-32.54,-98.64022472965993
49,-14.63,-79.81712956040857
50,-26.77,-71.16170498920185
51,-7.5,-49.86409630889924
52,-55.85,-103.46580964701221
53,-30.43,-68.47974806421232
54,-347.97,-333.4741867103023
55,-12.66,-49.8767157027211
56,-2.16,-58.58792331676452
57,-70.85,-71.76746236789161
58,-17.98,-41.768230008541984
59,-167.92,-121.10424216248425
60,-2.71,-45.04234795040671
61,-8.65,-47.71097604880063
62,-3049.36,-2258.852758686763
63,-15.64,-65.87882493714176
64,-40.96,-47.71097604880063
65,-16.39,-58.14505596536988
66,-3685.4,-3342.7696176943277
67,-46.77,-49.40234994345337
68,-2727.43,-240.4489554459921
69,-1531.16,-93.6265119399826
70,-1.64,-55.45011520452302
71,-8.94,-57.03211527225077
72,-35.1,-270.93465024581246
73,-43.87,-82.97159204149952
74,-39.92,-89.83877000412593
