,target,predicted
0,-8.2,-63.355030767138416
1,-33.33,-148.53889850956776
2,-1.65,-22.842803483715905
3,-3.73,-91.78048274209577
4,-7.06,-91.49198507852975
5,-105.08,-128.08839558359378
6,-2.51,-31.546851822193343
7,-2.39,-91.78048274209577
8,-21.52,-63.99374067868299
9,-8.82,-68.03821817702755
10,-74.17,-193.01555036066645
11,-1671.03,-77.84245105555468
12,-1.17,-31.546851822193343
13,-49.41,-176.76051922190732
14,-1.58,-22.842803483715905
15,-20.56,-176.76051922190732
16,-7.5,-92.96537085360227
17,-6.65,-44.70361196159518
18,-47.48,-373.84134310860486
19,-8.08,-96.897488152265
20,-82.36,-53.32913476716467
21,-2.5,-28.561556457835067
22,-8.15,-44.70361196159518
23,-16.54,-148.53889850956776
24,-34.83,-104.6055272825252
25,-58.05,-209.36281973374707
26,-2.58,-91.78048274209577
27,-9.84,-97.6323906248502
28,-2.2,-54.9028099948567
29,-11.88,-68.03821817702755
30,-1.63,-54.99120778535557
31,-28.74,-77.1657860047021
32,-9.91,-96.897488152265
33,-6.16,-63.355030767138416
34,-5.59,-44.70361196159518
35,-2.07,-54.99120778535557
36,-59.89,-224.30792275512584
37,-3.65,-57.59259699845474
38,-5.13,-81.71067289482065
39,-21.22,-57.59259699845474
40,-2.07,-31.546851822193343
41,-3.78,-81.71067289482065
42,-29.9,-77.1657860047021
43,-37.03,-104.6055272825252
44,-47.16,-267.40190885552306
45,-2.86,-30.81323993209064
46,-2.76,-30.81323993209064
47,-0.37,-39.7344120270458
48,-22.17,-63.99374067868299
49,-14.69,-92.96537085360227
50,-77.62,-53.32913476716467
51,-4.93,-59.6118200857227
52,-6.7,-63.355030767138416
53,-14.12,-92.96537085360227
54,-1.23,-20.093787118747304
55,-6.67,-96.897488152265
56,-1138.3,-267.40190885552306
57,-1185.05,-267.40190885552306
58,-45.05,-123.77622037073127
59,-11.12,-77.84245105555468
60,-17.87,-97.6323906248502
61,-1.31,-20.093787118747304
62,-3.46,-57.59259699845474
63,-65.41,-63.99374067868299
64,-93.9,-128.08839558359378
65,-1.21,-20.093787118747304
66,-82.29,-128.08839558359378
67,-1575.97,-373.84134310860486
68,-23.47,-176.76051922190732
69,-13.61,-209.36281973374707
70,-5.3,-59.6118200857227
71,-9.45,-148.53889850956776
72,-45.06,-123.77622037073127
73,-35.91,-209.36281973374707
74,-1.39,-54.9028099948567
