,target,predicted
0,-6.41,-11.323919483027614
1,-82.29,-94.5921676737205
2,-8.82,-13.263670703562775
3,-9.31,-11.323919483027614
4,-2.86,-4.567291242567019
5,-81.84,-50.891402405680985
6,-105.08,-94.5921676737205
7,-38.69,-41.913369456520066
8,-85.25,-67.34350154731432
9,-51.65,-67.34350154731432
10,-1.65,-1.7068680634096556
11,-3.04,-4.269594623377049
12,-3.59,-10.187880802470618
13,-6.7,-8.180616753251178
14,-8.15,-11.437248346792062
15,-1.58,-1.7068680634096556
16,-2.86,-4.567291242567019
17,-23.47,-44.6563498526242
18,-1.31,-2.3788867639754803
19,-5.01,-5.743744815476574
20,-2.2,-2.1743450930719526
21,-45.06,-51.018285021602225
22,-74.17,-51.21055619647245
23,-9.91,-14.738356122593407
24,-33.77,-41.913369456520066
25,-14.12,-11.715683207509958
26,-49.41,-44.6563498526242
27,-1.39,-2.1743450930719526
28,-2.51,-3.8044593011392123
29,-1.63,-3.8105554779727053
30,-1.16,-1.7068680634096556
31,-21.52,-27.062258296229235
32,-8.08,-14.738356122593407
33,-2.5,-4.269594623377049
34,-14.69,-11.715683207509958
35,-9.84,-15.853452876630866
36,-8.2,-8.180616753251178
37,-4.93,-6.575890333872332
38,-17.87,-15.853452876630866
39,-7.06,-10.187880802470618
40,-3.78,-6.696876628255243
41,-0.81,-1.4185715080864014
42,-1.16,-2.1743450930719526
43,-22.17,-27.062258296229235
44,-93.9,-94.5921676737205
45,-2.07,-3.8105554779727053
46,-37.03,-50.891402405680985
47,-28.09,-41.913369456520066
48,-0.77,-1.43578655967439
49,-12.93,-23.953036931411862
50,-82.36,-61.18090599637598
51,-3.46,-8.286935568222564
52,-35.91,-58.9413870520805
53,-2.76,-4.567291242567019
54,-65.41,-27.062258296229235
55,-0.71,-1.4185715080864014
56,-3.73,-6.81868409332376
57,-5.3,-6.575890333872332
58,-4.09,-5.743744815476574
59,-2.39,-6.81868409332376
60,-58.05,-58.9413870520805
61,-0.94,-1.6868318299335612
62,-0.87,-1.43578655967439
63,-1.21,-2.3788867639754803
64,-1.23,-2.3788867639754803
65,-3.29,-3.8105554779727053
66,-24.54,-51.21055619647245
67,-45.05,-51.018285021602225
68,-6.16,-8.180616753251178
69,-3.3,-4.269594623377049
70,-28.74,-23.953036931411862
71,-10.78,-10.187880802470618
72,-5.29,-5.743744815476574
73,-0.61,-1.4185715080864014
74,-19.66,-28.693466241554564
