,target,predicted
0,-5.97,-8.360307858963571
1,-3114.61,-2889.242397652497
2,-4.87,-7.808759412290971
3,-3555.34,-3694.4906877345506
4,-1.55,-4.7650448531526814
5,-3657.26,-2635.0088214426005
6,-5.69,-11.13033217057136
7,-12.07,-14.075579078340462
8,-7.84,-8.768064903875478
9,-3.11,-12.349695424393266
10,-1.25,-5.472972866904679
11,-1.15,-3.450325395989003
12,-8.26,-12.601011100852261
13,-2727.43,-1257.1402906942085
14,-3.73,-10.455463788657683
15,-3.56,-6.346483908424901
16,-46.77,-10.455463788657683
17,-694.32,-667.1543726969418
18,-2236.81,-3129.943941958145
19,-15.32,-13.28287224877247
20,-1.22,-4.7650448531526814
21,-3855.6,-3309.1009256319353
22,-1590.24,-1359.013335144875
23,-3.19,-6.611797921211882
24,-4.01,-7.493931108722796
25,-12.27,-8.768064903875478
26,-3890.98,-3612.3169415545813
27,-3976.99,-3612.3169415545813
28,-1175.43,-1257.1402906942085
29,-3564.45,-3023.0252264163873
30,-29.64,-241.7547775839457
31,-10.64,-13.28287224877247
32,-3.35,-6.346483908424901
33,-2.95,-8.360307858963571
34,-11.39,-14.075579078340462
35,-4007.87,-3796.997438476213
36,-3840.88,-3754.1361413746135
37,-3824.62,-3612.3169415545813
38,-3685.4,-3694.4906877345506
39,-2.74,-5.472972866904679
40,-17.98,-12.349695424393266
41,-11.61,-14.075579078340462
42,-2.66,-6.509327272430142
43,-2228.76,-2270.918251041003
44,-2718.25,-2270.918251041003
45,-3.26,-6.509327272430142
46,-3631.26,-3694.4906877345506
47,-4001.81,-3796.997438476213
48,-2328.29,-2889.242397652497
49,-1.29,-3.450325395989003
50,-1842.39,-1729.5147030734706
51,-3860.77,-3754.1361413746135
52,-1.84,-3.450325395989003
53,-1599.21,-3023.0252264163873
54,-3105.59,-3309.1009256319353
55,-2196.81,-2635.0088214426005
56,-1941.4,-1827.999363984741
57,-3.66,-7.493931108722796
58,-33.64,-1257.1402906942085
59,-6.06,-5.472972866904679
60,-3800.03,-3129.943941958145
61,-1542.53,-1729.5147030734706
62,-3.53,-6.509327272430142
63,-3.16,-8.360307858963571
64,-2.32,-5.685964568363224
65,-3019.19,-2889.242397652497
66,-3.77,-6.346483908424901
67,-2.15,-6.611797921211882
68,-2719.07,-2895.308260410739
69,-7.46,-13.28287224877247
70,-3971.85,-3796.997438476213
71,-3664.98,-2895.308260410739
72,-1.94,-6.611798417883034
73,-9.01,-8.110530488218828
74,-2199.18,-2635.009180448194
