,target,predicted
0,-3.29,-42.30307072951281
1,-81.84,-44.65047695770779
2,-93.9,-41.34225191059774
3,-1.16,-31.19540000688644
4,-59.89,-123.16802206868775
5,-17.87,-44.04933379586538
6,-1.21,-34.153512304528576
7,-1185.05,-100.87555156768796
8,-8.08,-44.97430115012436
9,-105.08,-41.34225191059774
10,-1.17,-35.25016119575584
11,-20.56,-87.0210767284986
12,-1694.52,-86.53021388884838
13,-13.24,-110.40488650634569
14,-7.06,-43.765072339975916
15,-3.46,-40.597850556966065
16,-14.69,-43.38298316715371
17,-58.05,-87.01375263672986
18,-83.28,-41.36955596011235
19,-2.86,-34.315163045199334
20,-173.76,-41.36955596011235
21,-82.36,-97.86388715068392
22,-82.29,-41.34225191059774
23,-47.48,-151.0007924107552
24,-2.5,-34.36359369580897
