,target,predicted
0,-3824.62,-3706.2148101582634
1,-1.55,-9.17847279745498
2,-991.01,-62.3935714956164
3,-3.41,-10.877158055993249
4,-49.64,-64.43002310080249
5,-3.26,-12.667716982334493
6,-2236.81,-3586.585210825181
7,-1.94,-10.386690764513954
8,-2717.18,-2498.5790332306387
9,-2.74,-13.502115040405686
10,-4007.87,-4134.530143884574
11,-6.45,-22.433813358462817
12,-1.25,-13.502115040405686
13,-46.77,-11.330896749909641
14,-2675.86,-2559.099985293811
15,-3.14,-55.796736865463444
16,-21.96,-19.74370383127567
17,-9.01,-8.938706932659889
18,-3657.26,-2170.7751285059485
19,-2.66,-12.667716982334493
20,-5.69,-60.73548854373088
21,-694.32,-655.3183296520775
22,-2.21,-929.8870945378535
23,-3.77,-12.384792598336814
24,-9.4,-52.429179951404166
25,-3860.77,-3994.6959517509076
26,-13.61,-168.66260388600386
27,-1842.39,-1707.6879329087994
28,-3.11,-25.07205943161022
29,-2.43,-10.647648715303436
30,-47.58,-81.11740027663528
31,-29.51,-36.412230257008105
32,-7.12,-12.479737505243198
33,-115.73,-20.941523508459227
34,-2.71,-2266.0015155159963
35,-11.52,-35.936349486433734
36,-669.87,-655.3183296520775
37,-2785.54,-172.9198701706182
38,-3601.52,-3335.6485148192423
39,-3462.55,-3994.6959517509076
40,-3631.26,-3705.408684364759
41,-4.87,-12.010974950940893
42,-15.32,-13.852928868215423
43,-39.93,-102.49267211835729
44,-3800.03,-3586.585210825181
45,-12.27,-13.664584437682551
46,-27.46,-20.941523508459227
47,-5.64,-25.07205943161022
48,-15.42,-48.892371194090934
49,-30.43,-39.19819910010196
