,target,predicted
0,-2.98,-148.16077865394487
1,-5.64,-119.82848204582592
2,-2757.22,-2703.605061144062
3,-12.94,-348.8129338441331
4,-347.97,-460.80721426556056
5,-1542.53,-1755.1705217173808
6,-40.96,-245.69774780007128
7,-17.98,-119.82848204582592
8,-35.25,-347.88385336347676
9,-1694.52,-1662.4893208298759
10,-0.86,-133.62447115708989
11,-2.71,-127.00165710608152
12,-469.44,-405.7830237411554
13,-39.92,-347.88385336347676
14,-1941.4,-3249.3319675326693
15,-29.33,-436.26270798885406
16,-22.07,-152.20076410646914
17,-2.71,-2133.7927816988804
18,-16.93,-129.1062704389121
19,-17.53,-914.2084704640743
20,-20.32,-142.71469458449064
21,-3235.01,-1885.5230146169745
22,-58.23,-278.3790086686215
23,-70.02,-524.8100040839096
24,-41.22,-134.3519655900034
25,-5.6,-106.73438940792627
26,-3.53,-112.50848376480744
27,-1175.43,-301.2139372467474
28,-3105.59,-3479.4704305738064
29,-4.36,-148.16077865394487
30,-47.82,-407.6145618353137
31,-3824.62,-3385.9757163701665
32,-2236.81,-3337.600578130649
33,-2260.74,-1397.0496419668166
34,-3800.03,-3337.600578130649
35,-1.84,-111.32721371648822
36,-1515.51,-444.99911305823946
37,-8.92,-334.440844787147
38,-8.68,-153.49666839055934
39,-1953.6,-1885.975834038976
40,-38.07,-347.88385336347676
41,-2719.07,-3283.5567998915994
42,-13.59,-334.440844787147
43,-15.32,-127.23996410887314
44,-333.94,-460.80721426556056
45,-128.32,-354.55546935013757
46,-3.65,-188.4948184894488
47,-1.64,-133.62447115708989
48,-2420.28,-2703.605061144062
49,-132.3,-405.7830237411554
50,-5.14,-124.2986564535833
51,-1.15,-111.32721371648822
52,-5.81,-179.05637744373885
53,-1.67,-112.12187846628109
54,-58.67,-558.9753266883357
55,-13.69,-142.79426026867372
56,-33.71,-444.99911305823946
57,-79.59,-207.11442164940695
58,-33.18,-226.1463847714963
59,-3.35,-147.35612766384082
60,-14.63,-324.86434569843095
61,-3.73,-153.42396829893474
62,-2.32,-109.19605276277082
63,-2.13,-114.91377658780345
64,-19.64,-217.28579112843505
65,-6.94,-114.91377658780345
66,-127.36,-524.8100040839096
67,-4.84,-134.3519655900034
68,-42.42,-162.58339828874716
69,-5.14,-106.73438940792627
70,-3462.55,-3360.659401800779
71,-3860.77,-3360.659401800779
72,-19.4,-436.2627132557884
73,-1713.76,-1851.2388502982576
74,-49.64,-175.67899023497665
