,target,predicted
0,-1.16,-54.9028099948567
1,-1713.76,-180.68936309989323
2,-38.66,-123.77622037073127
3,-0.87,-39.7344120270458
4,-0.77,-39.7344120270458
5,-1694.52,-77.84245105555468
6,-2.86,-30.81323993209064
7,-10.78,-91.49198507852975
8,-8.79,-68.03821817702755
9,-81.84,-104.6055272825252
10,-3.29,-54.99120778535557
11,-3.04,-28.561556457835067
12,-85.25,-224.30792275512584
13,-3.28,-373.84134310860486
14,-3.3,-28.561556457835067
15,-3.29,-81.71067289482065
16,-5.02,-59.6118200857227
17,-1.16,-22.842803483715905
18,-173.76,-64.31708668043697
19,-83.28,-64.31708668043697
20,-7.22,-97.6323906248502
21,-24.54,-193.01555036066645
22,-12.93,-77.1657860047021
23,-51.65,-224.30792275512584
24,-3.59,-91.49198507852972
