,target,predicted
0,-0.37,-1.43578655967439
1,-1.33,-1.6868318299335612
2,-27.73,-28.693466241554564
3,-1.17,-3.8044593011392123
4,-1.22,-1.6868318299335612
5,-13.61,-58.9413870520805
6,-21.22,-8.286935568222564
7,-29.9,-23.953036931411862
8,-3.65,-8.286935568222564
9,-2.07,-3.8044593011392123
10,-5.02,-6.575890333872332
11,-5.13,-6.696876628255243
12,-77.62,-61.18090599637598
13,-7.22,-15.853452876630866
14,-83.28,-7.893462997712161
15,-3.29,-6.696876628255243
16,-7.5,-11.715683207509958
17,-8.79,-13.263670703562775
18,-38.66,-51.018285021602225
19,-6.67,-14.738356122593407
20,-34.83,-50.891402405680985
21,-173.76,-7.893462997712161
22,-5.88,-11.323919483027614
23,-2.58,-6.81868409332376
24,-59.89,-67.34350154731432
