,target,predicted
0,-1.84,-8.821784270099142
1,-29.64,-2260.6222489385455
2,-16.93,-75.54471252564255
3,-7.84,-19.23792084841373
4,-3105.59,-3761.863418284479
5,-3.43,-38.123739125591264
6,-76.63,-2260.6222489385455
7,-44.62,-99.5044298740476
8,-6.94,-154.36925030101818
9,-11.61,-25.039623405380123
10,-3657.26,-2320.4732996614043
11,-1.78,-154.36925030101818
12,-10.54,-19.23792084841373
13,-3.56,-15.708053558214468
14,-46.77,-11.532678968471838
15,-2.13,-154.36925030101818
16,-43.36,-99.5044298740476
17,-2.95,-17.492664317147547
18,-31.64,-42.079181293769594
19,-4.01,-15.27018534749657
20,-29.48,-56.47907029119581
21,-2196.81,-2320.4732996614043
22,-1.94,-12.794936792500161
23,-39.93,-2260.6222489385455
24,-31.41,-56.47907029119581
