,target,predicted
0,-2.46,-29.7596601528714
1,-0.52,-20.471521059062628
2,-4.29,-57.171946889205984
3,-6.06,-36.60651927377512
4,-11.12,-1778.9149352203474
5,-24.54,-95.91034368735882
6,-5.86,-29.7596601528714
7,-9.91,-51.042207456995484
8,-9.74,-95.75969909712931
9,-2.02,-36.60651927377512
10,-3263.52,-2754.2875299408793
11,-5.02,-17.10516630858026
12,-1185.05,-102.60223557123606
13,-65.41,-36.29632751958582
14,-43.06,-41.78252560358711
15,-31.44,-135.17045352900564
16,-1694.52,-1778.9149352203474
17,-2757.22,-2434.247757901047
18,-6.16,-30.6640926989052
19,-16.21,-95.75969909712931
20,-67.87,-135.17045352900564
21,-3.54,-10.167838092134689
22,-0.37,-9.551416201241395
23,-83.28,-205.1275898250102
24,-2.5,-47.176046844195874
25,-2084.19,-1719.4937155965981
26,-42.8,-112.68633974001963
27,-2.2,-44.411692642766084
28,-10.1,-110.46750281447886
29,-27.73,-41.51967551228248
30,-1138.3,-102.60223557123606
31,-988.01,-2047.9328170032918
32,-23.47,-95.93598332977524
33,-5.01,-22.559744852471447
34,-74.17,-95.91034368735882
35,-5.88,-48.53595678025475
36,-1.58,-8.808115261183563
37,-1575.97,-47.97455023896286
38,-47.2,-94.10389555623945
39,-10.77,-110.46750281447886
40,-1.54,-36.60651927377512
41,-4.09,-22.559744852471447
42,-0.77,-9.551416201241395
43,-5.14,-37.84462238687716
44,-3.78,-33.881418749638634
45,-8.15,-37.544617474988314
46,-45.06,-80.84340508927721
47,-21.22,-21.718106350516685
48,-1713.76,-1719.4937155965981
49,-33.77,-68.9144912663257
