,target,predicted
0,-10.92,-12.99613580272683
1,-0.28,-16.386831215726307
2,-1.19,-12.578938651265977
3,-3.75,-12.833377708122475
4,-1.1,-11.38330590404082
5,-9.16,-15.619755807258441
6,-7.68,-16.188501006500186
7,-0.75,-6.879511740503796
8,-2.37,-10.309925601035628
9,-10.94,-11.554867637229968
10,-4.71,-7.829646672381004
11,-7.06,-10.155259164514806
12,-2.79,-9.679670242200828
13,-0.3,-6.260063721242505
14,-0.67,-8.518473256677089
15,-0.39,-13.191053383923323
16,-1.14,-9.762520322537373
17,-3.81,-6.7836390891091884
18,-6.28,-12.699052945832511
19,-9.65,-18.187009662611114
20,-14.41,-11.078489267734964
21,-543.6,-17.548566419330143
22,-13.52,-12.485648384330242
23,-1.5,-9.459943090596127
24,-2.89,-5.577093937625105
25,-11.47,-12.833377708122475
26,-11.22,-15.621787899218251
27,-4.22,-14.56442596595852
28,-0.25,-16.386831215726307
29,-15.66,-9.459943090596127
30,-4.91,-7.328993293056641
31,-7.24,-16.97008902084357
32,-4.03,-12.601581987944316
33,-15.05,-16.717374834134535
34,-7.32,-15.621787899218251
35,-1.04,-7.391109677337729
36,-1.01,-11.38330590404082
37,-0.67,-9.66851965915272
38,-1.93,-9.995719917481638
39,-4.55,-10.309925601035628
40,-11.56,-11.554867637229968
41,-10.88,-15.780834225952468
42,-2.24,-10.394190719435546
43,-2.39,-7.328993293056641
44,-11.03,-9.736929884178483
