,target,predicted
0,-1.29,-35.07666283116585
1,-79.59,-137.9194996909546
2,-3.07,-68.05836433189984
3,-7.5,-42.53268875502587
4,-21.22,-37.294217559832134
5,-47.19,-24.98459984687505
6,-31.19,-92.6148521933699
7,-22.89,-137.9194996909546
8,-27.46,-43.15174965325031
9,-5.57,-69.09196341120568
10,-0.99,-25.09588663282158
11,-8.65,-49.57883889825051
12,-1.25,-26.297986688486297
13,-11.52,-44.37841592460063
14,-60.88,-62.22143653449089
15,-47.16,-44.63285477233991
16,-1.09,-25.09588663282158
17,-17.98,-25.799555672556533
18,-3.46,-37.294217559832134
19,-3.94,-31.98699895011584
20,-8.6,-48.01558121700913
21,-35.76,-67.32091637059813
22,-14.12,-42.53268875502587
23,-4.29,-69.09196341120568
24,-82.62,-46.69584826204398
25,-115.73,-43.15174965325031
26,-5.14,-39.14918232256631
27,-40.96,-49.57883889825051
28,-42.8,-77.85815481401016
29,-79.25,-47.62118091220663
30,-4.28,-49.57883889825051
31,-24.5,-79.9247406292956
32,-10.64,-46.357798662947914
33,-3.73,-30.53320433598426
34,-41.92,-64.68757869031018
35,-58.67,-94.6142259875603
36,-3.79,-75.56091923214402
37,-8.93,-69.09196341120568
38,-14.63,-84.90424166503803
39,-15.13,-52.096878018716424
40,-9.12,-111.90120210935878
41,-18.6,-40.52656047288279
42,-4.84,-49.79248407616501
43,-47.48,-68.8899468323867
44,-3.18,-77.85815481401016
