,target,predicted
0,-1.58,-3.799711476213437
1,-4.16,-16.95069534649737
2,-9.31,-10.020495069147293
3,-5.29,-6.295559726547236
4,-5.14,-10.072198658270729
5,-17.09,-27.478576481977786
6,-1.4,-3.2297351188402548
7,-2.07,-7.787229020080887
8,-2.37,-12.29630083657239
9,-13.97,-17.64511929045906
10,-0.73,-4.054105700500078
11,-1.16,-3.799711476213437
12,-27.73,-21.396786084996958
13,-5.57,-62.3255527255473
14,-3.46,-7.586088499800244
15,-7.34,-7.45989883917888
16,-81.84,-31.33151177662605
17,-8.08,-13.066522894554975
18,-22.17,-31.15189785480837
19,-31.82,-21.396786084996958
20,-4.6,-5.2017896960263545
21,-54.1,-55.74987386535073
22,-47.2,-59.27489463696638
23,-1.39,-6.245944872282316
24,-0.68,-3.19407779226594
25,-14.92,-19.086310467186976
26,-55.84,-47.2825730166516
27,-4.35,-10.144929342336049
28,-2.02,-4.430799655346567
29,-2.31,-10.55352177002027
30,-173.76,-65.12623372981382
31,-85.25,-52.11528203625535
32,-2.7,-5.974871322666829
33,-5.02,-10.072198658270729
34,-3.94,-6.569840931934575
35,-10.77,-16.458850415915443
36,-5.3,-12.521432905196066
37,-21.22,-7.073586211236452
38,-35.93,-39.01250954270622
39,-2.41,-6.686248018155339
40,-8.93,-62.3255527255473
41,-5.6,-8.33307269649115
42,-2.26,-6.324450948644589
43,-0.87,-5.710429732584575
44,-25.35,-14.559186875640327
45,-37.03,-31.33151177662605
46,-5.88,-13.800507062825405
47,-0.37,-5.710429732584575
48,-6.87,-7.45989883917888
49,-7.1,-10.429952239621697
50,-7.5,-15.211767058418598
51,-6.64,-16.95069534649737
52,-4.97,-13.475726044464944
53,-1.63,-7.787229020080887
54,-10.1,-16.458850415915443
55,-4.86,-9.854665107006987
56,-139.47,-47.2825730166516
57,-4.29,-62.3255527255473
58,-49.18,-38.1912490830068
59,-11.78,-7.45989883917888
60,-4.3,-8.547488187149565
61,-5.86,-5.974871322666829
62,-55.85,-55.74987386535073
63,-17.66,-42.625446211062616
64,-0.71,-3.2599712315774707
65,-3.54,-5.419403915816524
66,-0.77,-5.710429732584575
67,-5.3,-8.818487808233696
68,-5.01,-6.295559726547236
69,-5.63,-11.562650460177672
70,-10.57,-14.919355327084661
71,-12.16,-13.641839318353778
72,-6.16,-10.001929694059843
73,-2.02,-7.668261163675579
74,-4.1,-8.547488187149565
