{
    "r2_high": 0.5238932769976216,
    "r2_low": -0.11545830739545915
}