{
    "r2_high": 0.43595052832759984,
    "r2_low": 0.07928723486443179
}