{
    "r2_high": 0.42645057656088114,
    "r2_low": -0.019886129002878894
}