{
    "r2_high": -0.6099991343951308,
    "r2_low": 0.020211673610780245
}