{
    "r2_high": 0.47442017106629175,
    "r2_low": 0.1188342910687783
}