{
    "r2_high": 0.4139079372098935,
    "r2_low": -0.29985290215684635
}