{
    "Respiration_Rate_mg_DO_per_L_per_H": 0.5519949139111426,
    "Respiration_Rate_mg_DO_per_L_per_H_high": -9.072466150765715,
    "Respiration_Rate_mg_DO_per_L_per_H_low": 0.27090245359291265
}