{
    "r2_high": -0.006208460264468751,
    "r2_low": 0.038002766676432986
}