{
    "r2_high": 0.6529049660124646,
    "r2_low": 0.04836418702674883
}