{
    "r2_high": 0.646712290791152,
    "r2_low": 0.08039924438795765
}