{
    "r2_high": -0.5601856612871197,
    "r2_low": -0.028055765369463748
}