{
    "r2_high": 0.3046331906394514,
    "r2_low": 0.14582111578445978
}