{
    "r2_high": 0.4936187582431312,
    "r2_low": 0.05181015415444734
}