{
    "r2_high": -2.0642180525384326,
    "r2_low": 0.01152150276954611
}