{
    "r2_high": 0.3116737581459951,
    "r2_low": 0.13901269122659454
}