{
    "r2_high": 0.03525130694245571,
    "r2_low": 0.09444048639449465
}