{
    "r2_high": 0.22948945608315507,
    "r2_low": 0.07148534048821276
}