{
    "r2_high": 0.5454931299105528,
    "r2_low": -0.10357135416260421
}