{
    "r2_high": 0.14465457860847541,
    "r2_low": 0.0039431533491388615
}