{
    "r2_high": 0.4069464136054163,
    "r2_low": 0.011304455213284381
}