{
    "r2_high": 0.1041613798135077,
    "r2_low": 0.035171558611181264
}