{
    "r2_high": 0.11982364254182798,
    "r2_low": -0.014393570417408519
}