{
    "r2_high": 0.5720595307124401,
    "r2_low": 0.13656638985739988
}