{
    "r2_high": 0.3192897714447881,
    "r2_low": -0.0014677945962238148
}