{
    "Respiration_Rate_mg_DO_per_L_per_H": 0.8296268826294176,
    "Respiration_Rate_mg_DO_per_L_per_H_high": -1.156284633229753,
    "Respiration_Rate_mg_DO_per_L_per_H_low": -0.00670421237802743
}