{
    "r2_high": 0.11164459305781271,
    "r2_low": -0.023277748541122856
}