{
    "r2_high": 0.18327627537848512,
    "r2_low": -0.0035321272856732033
}