,target,predicted
0,-5.24,-10.26156026356751
1,-1.48,-35.10387495588495
2,-15.0,-8.82438670523409
3,-0.88,-12.384325860415109
4,-4.03,-35.10387495588495
5,-20.8,-13.95906844294409
6,-16.51,-19.607902119189923
7,-1.23,-6.113219968354357
8,-10.08,-15.47610759087224
9,-0.67,-6.120469602951725
10,-4.71,-7.119424301269762
11,-2.79,-16.284524010707752
12,-9.37,-26.234781873561708
13,-0.39,-1.8547332541825998
14,-4.91,-15.041447382339253
15,-81.75,-13.19111247639843
16,-14.86,-29.87642865019409
17,-0.28,-12.961191420239626
18,-0.84,-5.67786271188166
19,-1.04,-6.608294802244689
20,-1.07,-8.579832340735617
21,-24.44,-24.277098408420517
22,-8.76,-15.842868269648116
23,-1.6,-6.113219968354357
24,-25.45,-24.277098408420517
25,-5.29,-21.06238482191298
26,-11.32,-25.213682622023242
27,-3.41,-15.041447382339253
28,-3.91,-9.14273776321148
29,-6.59,-5.586585574609207
30,-1.05,-26.786791029377973
31,-7.68,-29.87642865019409
32,-4.51,-10.879528834882075
33,-7.67,-22.415249711412496
34,-15.22,-26.786791029377973
35,-3.15,-21.06238482191298
36,-1.95,-5.67786271188166
37,-16.51,-7.119424301269762
38,-0.39,-0.884870288642132
39,-1.84,-10.26156026356751
40,-1.43,-16.293041871404377
41,-2.77,-15.617902368232441
42,-0.64,-1.8547332541825998
43,-5.27,-17.882582364881443
44,-4.62,-32.386168923208416
