,target,predicted
0,-58.05,-68.21356185431839
1,-1.33,-4.204347090232332
2,-7.06,-12.81582540726959
3,-93.9,-91.22869712505525
4,-2.07,-6.434510419204983
5,-19.66,-31.702351536369665
6,-3.59,-12.81582540726959
7,-2.07,-5.382545896505229
8,-49.41,-65.25108377653221
9,-2.39,-7.295427625807749
10,-2.58,-7.295427625807749
11,-3.73,-7.295427625807749
12,-7.5,-17.231551793735797
13,-1.16,-4.5240562857346855
14,-105.08,-91.22869712505525
15,-1.16,-4.299167449630972
16,-1.17,-5.382545896505229
17,-2.86,-7.580338460051504
18,-1.65,-4.299167449630972
19,-45.06,-48.76074577919512
20,-12.93,-32.354585576881014
21,-1.63,-6.434510419204983
22,-85.25,-75.32475463160372
23,-59.89,-75.32475463160372
24,-82.29,-91.22869712505525
25,-74.17,-48.98614355635009
26,-3.29,-6.434510419204983
27,-3.29,-9.435344384395897
28,-38.66,-48.76074577919512
29,-10.78,-12.81582540726959
30,-4.93,-11.069538186408796
31,-2.51,-5.382545896505229
32,-9.84,-15.449313715219404
33,-5.29,-10.714291933656114
34,-28.74,-32.354585576881014
35,-2.5,-7.415637305334826
36,-3.78,-9.435344384395897
37,-21.22,-16.438918446268346
38,-0.87,-3.9757642188232074
39,-8.08,-14.061465801815944
40,-83.28,-102.3700005409709
41,-27.73,-31.702351536369665
42,-0.61,-3.8900733439679422
43,-9.31,-13.761697443301717
44,-4.09,-10.714291933656114
45,-5.01,-10.714291933656114
46,-65.41,-39.52685603524859
47,-6.67,-14.061465801815944
48,-24.54,-48.98614355635009
49,-0.71,-3.8900733439679422
50,-33.77,-41.69741675523825
51,-8.2,-14.184267585742194
52,-173.76,-102.3700005409709
53,-5.13,-9.435344384395897
54,-29.9,-32.354585576881014
55,-2.76,-7.580338460051504
56,-7.22,-15.449313715219404
57,-1.22,-4.204347090232332
58,-0.81,-3.8900733439679422
59,-0.94,-4.204347090232332
60,-2.2,-4.5240562857346855
61,-37.03,-39.93840935971447
62,-1.39,-4.5240562857346855
63,-14.69,-17.231551793735797
64,-28.09,-41.69741675523825
65,-3.65,-16.438918446268346
66,-6.7,-14.184267585742194
67,-21.52,-39.52685603524859
68,-6.41,-13.761697443301717
69,-5.3,-11.069538186408796
70,-1.31,-5.588082370224213
71,-22.17,-39.52685603524859
72,-38.69,-41.69741675523825
73,-5.88,-13.761697443301719
74,-5.02,-11.069538186408796
