,target,predicted
0,-2084.19,-2091.846952572656
1,-3.73,-120.22416645477637
2,-58.05,-287.06844514850957
3,-5.86,-66.58119896936952
4,-1.11,-41.7250913538481
5,-64.33,-534.0946961347563
6,-20.56,-133.94066788749876
7,-14.69,-80.02303071334566
8,-5.13,-86.53815721304849
9,-12.93,-104.47972032184626
10,-5.02,-61.606729013733165
11,-43.06,-120.72776435005929
12,-37.03,-117.05627667602614
13,-0.71,-49.60266205800077
14,-8.33,-135.5130088124286
15,-1.32,-49.57494929591574
16,-4.29,-91.58340894992352
17,-8.79,-82.73606289552592
18,-1.16,-82.78127925968208
19,-3.54,-51.414322865926096
20,-1.22,-44.86736365962919
21,-1740.84,-2091.846952572656
22,-0.36,-36.04757134551225
23,-16.21,-115.7574881151305
24,-9.38,-58.63668684331332
25,-0.51,-60.61963161757633
26,-31.82,-79.19402051885203
27,-65.41,-70.4854068840001
28,-28.09,-114.64481497058472
29,-3.73,-66.10306963407241
30,-5.01,-52.287559991650774
31,-26.32,-58.63668684331332
32,-2757.22,-2690.18508156358
33,-1.16,-47.861011125029975
34,-1.63,-59.35761501364996
35,-38.69,-114.64481497058472
36,-31.44,-226.28962743848552
37,-1.17,-64.83104067935972
38,-9.84,-90.54993443516229
39,-10.1,-135.5130088124286
40,-3023.27,-2690.18508156358
41,-67.87,-226.28962743848552
42,-20.06,-260.54717120701173
43,-6.7,-62.34337377138427
44,-16.54,-125.5576756830562
45,-2.02,-64.25900858320429
46,-5.88,-88.2902915236329
47,-1185.05,-313.56146410052855
48,-22.17,-70.4854068840001
49,-0.94,-44.86736365962919
