,target,predicted
0,-1.23,-7.567933857068573
1,-4.09,-7.491569505832664
2,-65.41,-19.374711801051525
3,-38.66,-39.08071391673483
4,-105.08,-73.87520212243341
5,-18.49,-21.994179094005013
6,-2.05,-7.168855239494775
7,-2.86,-6.4828176233364125
8,-2.56,-10.616955869550894
9,-0.36,-3.2577758548117863
10,-34.83,-46.433040752952024
11,-29.9,-21.602398084760832
12,-25.63,-18.560211917148095
13,-0.99,-3.709748849488797
14,-19.2,-769.892758181922
15,-2.89,-5.896636528145736
16,-1.4,-3.709748849488797
17,-5.29,-7.491569505832664
18,-15.72,-21.994179094005013
19,-9.31,-12.708954459646975
20,-20.56,-35.44140664045259
21,-4.93,-8.807619057036037
22,-82.29,-73.87520212243341
23,-9.31,-9.319806921848416
24,-2.39,-7.5286912401322095
25,-35.91,-18.404355699368168
26,-15.57,-16.909555532097336
27,-64.33,-14.081385979458691
28,-1.64,-4.671036056820202
29,-58.05,-18.404355699368168
30,-0.68,-3.2621654765417203
31,-2.37,-13.764140592661795
32,-2.26,-7.168855239494775
33,-124.31,-75.91996125049363
34,-4.84,-7.926336849130649
35,-4.03,-8.3813559617336
36,-22.17,-19.374711801051525
37,-16.41,-12.342921874747972
38,-9.74,-21.2223995467564
39,-3.47,-5.896636528145736
40,-6.86,-8.503434808058635
41,-3.22,-9.645968300357474
42,-3.76,-6.2750717930516045
43,-1.63,-6.612460805598664
44,-22.3,-16.909555532097336
45,-6.14,-10.185596020645576
46,-85.25,-53.129489685045215
47,-8.15,-10.379552667903367
48,-77.62,-64.1987737924458
49,-3.7,-6.2750717930516045
50,-52.27,-12.915719273307321
51,-0.37,-3.768622346653366
52,-56.28,-39.02185213864783
53,-29.63,-18.888664079383823
54,-42.7,-39.92709357774043
55,-0.94,-3.3504726273221204
56,-2.02,-7.214103251598769
57,-26.32,-13.329378451661622
58,-4.62,-5.434915863053161
59,-6.74,-8.465225880779762
60,-38.69,-29.15552887944527
61,-4.97,-10.612118182006485
62,-7.34,-9.718412426754167
63,-12.16,-11.14348429470822
64,-5.13,-7.176987941148626
65,-1.97,-3.6280594098508345
66,-93.27,-75.91996125049363
67,-50.32,-25.31268391821381
68,-0.61,-3.2646133517147877
69,-45.06,-39.08071391673483
70,-2.46,-6.250857099595804
71,-0.51,-3.713248211867046
72,-27.73,-24.831915754965717
73,-7.19,-14.49652238539981
74,-2.8,-5.0341802565643246
