,target,predicted
0,-4.16,-14.104118808748087
1,-3.54,-3.5844415017232363
2,-18.49,-18.36434256555701
3,-22.73,-22.307911710363815
4,-105.08,-73.04677014671857
5,-8.82,-13.717631320979162
6,-3.46,-8.802214536139548
7,-6.64,-14.104118808748087
8,-2.02,-5.879198945313936
9,-5.17,-11.295506758695765
10,-7.19,-17.06821180894705
11,-85.25,-55.20002026382733
12,-3.47,-6.416365517806805
13,-82.29,-73.04677014671857
14,-2.7,-8.66187524870527
15,-2.89,-6.901816200841444
16,-4.84,-9.498833022854965
17,-74.17,-26.512105583687806
18,-0.71,-2.4450727031944455
19,-15.34,-42.9257330318719
20,-8.93,-14.33723303002187
21,-2.11,-5.879198945313936
22,-0.52,-4.515918201030468
23,-12.93,-26.574411694784295
24,-2.58,-7.851389559205977
25,-46.59,-42.82952577609815
26,-9.38,-17.051021085888465
27,-124.31,-76.05812001925668
28,-9.31,-10.770092103552006
29,-10.78,-9.342778545875504
30,-2.5,-6.300840088157948
31,-28.74,-26.574411694784295
32,-14.69,-13.171567990654042
33,-1.21,-4.589030883677852
34,-27.73,-19.73574940596812
35,-2.7,-3.5844415017232363
36,-29.32,-46.98769148569832
37,-2.46,-8.66187524870527
38,-3.78,-9.456701651060143
39,-15.94,-42.9257330318719
40,-7.5,-13.171567990654042
41,-15.66,-43.61716596899748
42,-5.13,-9.456701651060143
43,-64.33,-22.76294099954982
44,-6.06,-5.810671539359532
45,-2.51,-4.756136356806492
46,-173.76,-60.01014646269749
47,-82.36,-58.10221144168058
48,-21.52,-28.803437830764885
49,-0.37,-2.793476404676763
