,target,predicted
0,-3.56,-75.72850347975236
1,-3601.52,-3215.83032037024
2,-1.22,-55.36216763276453
3,-7.86,-290.1165146822599
4,-5.64,-71.06115584817334
5,-2328.29,-6575.384595496109
6,-4.62,-85.46498764462521
7,-2.71,-2241.358679630201
8,-5.97,-58.736494436732684
9,-3019.19,-6575.384595496109
10,-3.6,-349.5492166337748
11,-1.55,-55.36216763276453
12,-3.19,-53.48246051264277
13,-3114.61,-6575.384595496109
14,-6.06,-71.65527228825621
15,-1.98,-56.77144152011286
16,-1841.16,-1860.6060651837831
17,-11.52,-242.73395596353544
18,-12.07,-75.23898740466132
19,-2.13,-177.37136076499704
20,-7.45,-290.1165146822599
21,-54.03,-371.8790295670409
22,-3824.62,-3446.9207291068788
23,-12.16,-273.80884896936084
24,-2.71,-97.1383590374172
25,-11.61,-75.23898740466132
26,-2.43,-56.77144152011286
27,-2.32,-56.77144152011286
28,-469.44,-552.1939972990187
29,-13.61,-395.32117272474545
30,-11.67,-237.6827391961675
31,-2.85,-244.480455818505
32,-91.47,-371.8790295670409
33,-127.36,-650.273157061597
34,-5.69,-285.2655713467429
35,-115.73,-104.95314810747982
36,-2.95,-58.736494436732684
37,-8.56,-290.1165146822599
38,-53.32,-479.88034962983096
39,-30.43,-119.85759060947049
40,-2236.81,-3360.384654814338
41,-1.94,-53.48246051264277
42,-669.87,-894.4274656910773
43,-3.41,-51.975130559721045
44,-3890.98,-3446.9207291068788
45,-2.66,-61.88011912032375
46,-22.07,-237.6827391961675
47,-7.46,-79.17753071264292
48,-29.64,-446.4639896040884
49,-31.41,-395.3211551174311
