,target,predicted
0,-1.29,-44.51803655769882
1,-7.37,-222.0917786169019
2,-0.77,-260.23792632117465
3,-1.4,-81.06820957694727
4,-12.94,-269.24944583571397
5,-16.74,-54.31001755354886
6,-79.59,-335.71573666481333
7,-38.08,-260.27344701688213
8,-20.06,-331.12657772100386
9,-1821.88,-1007.3537753568376
10,-11.29,-184.09384476701382
11,-12.9,-203.17320796866014
12,-1890.34,-276.7016052853414
13,-18.6,-395.53107726588934
14,-9.6,-106.27810671859376
15,-27.46,-217.65734525526764
16,-5.69,-221.54021500913768
17,-14.69,-220.26575230229267
18,-7.65,-155.0227975628329
19,-74.17,-298.92475590491284
20,-24.5,-181.05072248931174
21,-15.42,-62.47619233976572
22,-0.99,-81.06820957694727
23,-2675.86,-1627.707150118126
24,-4.62,-124.91598292433851
25,-0.87,-260.23792632117465
26,-1515.51,-175.63652352438763
27,-48.59,-176.66829087782403
28,-4.55,-142.65008997071521
29,-53.44,-130.12808544617576
30,-33.5,-335.71573666481333
31,-3.73,-131.02951605047775
32,-12.16,-166.43238915846712
33,-4.24,-152.82521862046144
34,-11.18,-220.36970208008321
35,-43.87,-130.12808544617576
36,-1.67,-96.96422104254307
37,-3.91,-151.51777104527426
38,-14.12,-220.26575230229267
39,-3.14,-181.19885878462816
40,-8.26,-212.8663865146656
41,-1841.16,-1103.8276913163972
42,-11.12,-966.7480245850531
43,-37.43,-311.95815382310354
44,-35.0,-311.95815382310354
45,-3.94,-132.55461523720334
46,-2.02,-96.96422104254307
47,-1.15,-44.51803655769882
48,-2420.08,-216.1323393059407
49,-1806.3,-1271.1274257984514
50,-15.32,-126.37177531813936
51,-34.83,-531.060213883153
52,-5.86,-184.10148082290004
53,-31.19,-283.783931133247
54,-1671.03,-966.7480245850531
55,-1.45,-124.91598292433851
56,-8.0,-217.65734525526764
57,-29.51,-181.05072248931174
58,-42.03,-166.14729356053914
59,-82.36,-266.0446680430813
60,-54.03,-132.77954349749768
61,-13.09,-260.8805722080726
62,-22.83,-311.95815382310354
63,-5.77,-224.29051094218502
64,-1.3,-56.905125308369264
65,-26.52,-166.14729356053914
66,-35.81,-286.5292162866722
67,-43.06,-221.36090875640465
68,-1939.15,-1128.3783271184477
