,target,predicted
0,-2.58,-105.8816789923315
1,-1.16,-71.95322243188053
2,-38.66,-156.1178913842446
3,-93.9,-98.12683172933139
4,-6.65,-58.63950101726404
5,-1.63,-53.79240866076365
6,-49.41,-215.67586203122323
7,-1.65,-31.764047798852456
8,-59.89,-315.69419406539157
9,-83.28,-60.081409758662915
10,-1671.03,-80.18861476020541
11,-5.02,-52.11357157038703
12,-9.84,-93.0385337354505
13,-5.3,-52.11357157038703
14,-1.31,-40.97953665683512
15,-47.16,-157.651775340306
16,-5.13,-72.58366215427868
17,-1138.3,-157.651775340306
18,-8.82,-86.55551339936753
19,-6.7,-63.72902962990258
20,-7.22,-93.0385337354505
21,-22.17,-48.707330411410624
22,-8.15,-58.63950101726404
23,-0.77,-46.4031316562676
24,-33.33,-157.3179632466969
