,target,predicted
0,-110.45,-64.4613053494091
1,-1.3,-57.661752302923034
2,-2610.28,-92.75444480275182
3,-33.33,-65.69444902406919
4,-19.26,-123.56083945288236
5,-3.11,-66.92491522761534
6,-9.01,-37.16059170721352
7,-24.5,-85.24983047074466
8,-10.64,-83.28773891190383
9,-2420.08,-244.23836400371823
10,-35.0,-242.61427940906057
11,-1939.15,-1200.3303760318465
12,-11.18,-78.22324988430188
13,-16.41,-66.30574586574753
14,-7.5,-92.0251840977049
15,-2505.5,-94.85146416450098
16,-1388.85,-105.39195095506244
17,-2675.86,-1832.2536934509294
18,-1841.16,-414.4058166225701
19,-24.54,-141.92102848690007
20,-16.54,-65.69444902406919
21,-1.29,-36.04495246110819
22,-2260.74,-1875.2296037698648
23,-0.77,-71.3369128190601
24,-2.85,-118.25617458995144
25,-3.09,-99.28648812687436
26,-19.2,-1166.2342412304786
27,-4.84,-56.760556947997976
28,-29.33,-262.6609864659824
29,-73.45,-89.02926179856557
30,-21.63,-99.56164296925206
31,-33.5,-227.02287778763156
32,-47.16,-737.1320295964313
33,-3.46,-151.6004264732501
34,-1890.34,-149.521400380209
35,-0.37,-71.3369128190601
36,-988.01,-1875.2296037698648
37,-1694.52,-167.5980832388009
38,-3.18,-198.57428329776937
39,-50.95,-60.337219578254675
40,-1918.37,-414.4058166225701
41,-48.59,-141.06972669169483
42,-10.71,-64.4613053494091
43,-3.99,-57.661752302923034
44,-79.25,-64.4613053494091
45,-15.94,-60.337219578254675
46,-1011.81,-2366.1175986296107
47,-3.91,-68.52799186586971
48,-2.21,-441.1951159453048
49,-64.33,-248.34889608607105
50,-42.76,-256.924859033086
51,-41.22,-56.760556947997976
52,-12.16,-66.11240143760575
53,-22.89,-227.02287778763156
54,-14.12,-92.0251840977049
55,-1739.12,-414.4058166225701
