,target,predicted
0,-4.28,-34.70873266640287
1,-2328.29,-2953.9939736055403
2,-79.25,-127.23653781717489
3,-10.71,-127.23653781717489
4,-26.77,-75.68971580082153
5,-9.63,-28.111503258608217
6,-3105.59,-3561.91522321092
7,-3462.55,-3443.166479935049
8,-35.81,-185.91286817859452
9,-3.7,-16.732521329142543
10,-31.19,-51.73772802566825
11,-5.14,-29.698953108823474
12,-1.78,-36.203639338215794
13,-10.64,-21.813665099316317
14,-4.87,-14.134833565531554
15,-5.28,-17.63099784130646
16,-1.27,-10.45461725312078
17,-54.03,-108.13175025971054
18,-3.21,-58.72314074146514
19,-3840.88,-3443.166479935049
20,-31.41,-79.93250786944608
21,-114.34,-278.87164376629914
22,-8.92,-144.97920301431546
23,-41.22,-43.06578553700944
24,-7.84,-18.107031244318073
25,-7.91,-22.434645570914544
26,-4.62,-15.216613837264891
27,-3824.62,-3663.3180743783223
28,-29.48,-79.93250786944608
29,-9.54,-37.40167504220693
30,-209.54,-162.3079336650797
31,-8.97,-36.16222775359935
32,-655.72,-656.9625518174255
33,-4.84,-43.06578553700944
34,-3.22,-22.434645570914544
35,-6.06,-15.606532218078247
36,-42.42,-77.43570059959427
37,-1.29,-10.209847848780793
38,-115.73,-29.225629894289163
39,-21.96,-17.75434006918771
40,-1842.39,-1631.5866163620865
41,-2.15,-11.416684980547233
42,-9.6,-23.50241982020415
43,-694.32,-656.9625518174255
44,-11.61,-26.778216721279044
45,-4.02,-19.088652709927892
46,-7.5,-17.45223958285593
47,-12.27,-18.107031244318073
48,-56.28,-61.281506674223166
49,-2756.74,-3318.1233584073448
50,-21.29,-81.2919155193905
51,-13.78,-144.97920301431546
52,-2.66,-17.33099509225523
53,-165.39,-162.3079336650797
54,-42.03,-38.76219059367894
55,-3049.36,-2472.6434549397063
56,-2727.43,-213.97736707431855
57,-3.41,-13.017648011093288
58,-3.51,-18.53342784840771
59,-39.92,-80.70922866017494
60,-3685.4,-3454.9817384662947
61,-4.15,-34.94872107572335
62,-35.1,-44.131066549386986
63,-2.98,-39.8622407627614
64,-10.77,-81.2919155193905
65,-52.27,-39.43650244158124
66,-5.64,-16.19104999504802
67,-1.29,-26.172240393671807
68,-3.19,-11.416684980547233
69,-58.67,-257.00484099345545
70,-2505.5,-44.131066549386986
71,-14.63,-91.57502827823158
72,-47.58,-80.85337510351482
73,-326.59,-289.45702722535873
74,-4.79,-37.40167504220693
