,target,predicted
0,-4.6,-12.582360956998707
1,-8.0,-57.26657021208996
2,-5.0,-5.460246456592099
3,-33.64,-15.091458279015779
4,-15.42,-13.278826833495678
5,-20.32,-14.389434088080645
6,-11.18,-12.582360956998707
7,-4.24,-3.713799566685259
8,-22.89,-58.50607033516211
9,-41.22,-10.727276567315155
10,-43.22,-8.033028534957834
11,-3.47,-3.713799566685259
12,-9.01,-2.2187620383431055
13,-41.92,-23.612053846865862
14,-3.65,-7.451219944020304
15,-22.07,-13.278826833495678
16,-0.87,-2.8906995962882536
17,-3.09,-23.48515923625057
18,-3.14,-47.600971726308735
19,-88.82,-17.372574617401995
20,-24.29,-51.541407856697354
21,-4.55,-9.793245036071077
22,-13.09,-15.579134671364043
23,-33.33,-15.473102886893015
24,-11.12,-1658.4838043860652
25,-16.99,-7.451219944020304
26,-17.98,-3.9214219962417385
27,-15.13,-19.64224791956897
28,-5.64,-3.9214219962417385
29,-3.07,-53.81428143871042
30,-12.66,-9.05981862673358
31,-2.71,-19.290977174651815
32,-1.72,-23.48515923625057
33,-23.78,-37.3838498197681
34,-3.94,-3.2449779681671513
35,-74.17,-26.86243289009583
36,-61.3,-51.541407856697354
37,-26.93,-62.9646108791758
38,-8.99,-2.4752200748706525
39,-14.92,-53.81428143871042
40,-35.52,-39.84526858946896
41,-34.83,-56.900195123680945
42,-36.16,-12.582360956998707
43,-1.77,-3.2449779681671513
44,-3.46,-10.676992241932908
