,target,predicted
0,-2785.54,-1851.8860268853987
1,-1841.16,-1911.945012586888
2,-3019.19,-2718.010251754841
3,-2756.74,-2913.935014110608
4,-2.71,-502.9948448903652
5,-1776.15,-1710.5841189534156
6,-1542.53,-1710.5841189534156
7,-2936.54,-2286.3776850743347
8,-1011.81,-1851.8860268853987
9,-1939.15,-1906.0950175748176
10,-3114.61,-2718.010251754841
11,-988.01,-1240.6851986243296
12,-3564.45,-2450.0015467204694
13,-5.69,-377.1241285641955
14,-2741.44,-2222.7929612638727
15,-3023.27,-2490.28800637088
16,-2236.81,-2626.0335141868754
17,-209.54,-643.6203468699232
18,-3855.6,-3293.3771168109147
19,-2675.86,-2506.602829668128
20,-2965.18,-2621.5762385345906
21,-2719.07,-2913.935014110608
22,-3601.52,-3293.3771168109147
23,-3.19,-329.9350272661227
24,-33.64,-726.9263537563404
25,-13.78,-551.5138854159569
26,-88.98,-460.58524999386333
27,-4007.87,-3143.290865185237
28,-1691.56,-2286.3776850743347
29,-2289.87,-2572.6012062002787
30,-2727.43,-726.9263537563404
31,-2196.81,-2091.036397492626
32,-128.32,-643.6203468699232
33,-38.08,-441.49521732243755
34,-37.43,-474.95815841144
35,-1175.43,-726.9263537563404
36,-1599.21,-2450.0015467204694
37,-2448.32,-2506.602829668128
38,-22.83,-474.95815841144
39,-2610.28,-502.9948448903652
40,-3.16,-330.8149081285035
41,-1622.5,-1602.4622879908293
42,-8.26,-376.02489788597086
43,-1941.4,-2036.1560398925567
44,-2718.25,-2572.6012062002787
45,-35.0,-474.95815841144
46,-2907.84,-2506.602829668128
47,-8.92,-551.5138854159569
48,-33.18,-460.58524999386333
49,-3555.34,-3030.128884739177
50,-1.94,-329.9350272661227
51,-3263.52,-2621.5762385345906
52,-13.59,-551.5138854159569
53,-70.02,-471.792307964994
54,-127.36,-471.792307964994
55,-1953.6,-1906.0950175748176
56,-3049.36,-2450.0015467204694
57,-1906.69,-1851.8860268853987
58,-1806.3,-2222.7929612638727
59,-655.72,-1085.3248312617325
60,-4.01,-331.7852651157389
61,-7.65,-351.83315532058725
62,-3827.24,-2626.0335141868754
63,-7.84,-333.3482458317942
64,-3664.98,-2913.935014110608
65,-3235.01,-2286.3776850743347
66,-669.87,-1085.3248312617325
67,-2757.22,-2490.28800637088
68,-1918.37,-1911.945012586888
69,-2.15,-329.9350272661227
70,-2.85,-376.02489788597086
71,-114.34,-471.792307964994
72,-3105.59,-3293.377296818038
73,-4.29,-424.2783051048414
74,-2199.18,-2091.036397492626
