,target,predicted
0,-11.12,-241.18371844349616
1,-83.28,-101.49283789806553
2,-93.9,-130.3705396951876
3,-3.59,-90.17490507225068
4,-0.87,-54.34548621428741
5,-77.62,-121.99554733197567
6,-1.23,-70.53037635417326
7,-1.17,-40.62746875545876
8,-7.22,-85.3161067248223
9,-1.58,-35.59626060216684
10,-9.91,-73.81078565835374
11,-1.31,-70.53037635417326
12,-5.13,-89.28450145750594
13,-1.39,-75.22387509136355
14,-2.58,-91.18043674433372
15,-1.21,-70.53037635417326
16,-0.77,-54.34548621428741
17,-2.2,-75.22387509136355
18,-45.05,-193.9746364690608
19,-82.29,-130.3705396951876
20,-5.02,-47.54920384143231
21,-3.73,-91.18043674433372
22,-58.05,-132.55324930501527
23,-1.63,-55.36265187321346
24,-2.5,-32.01603730557296
