,target,predicted
0,-3.66,-17.496603085696965
1,-7.84,-13.41502998313838
2,-2756.74,-3960.4912263562346
3,-3.41,-17.496603085696965
4,-2289.87,-2304.401315562016
5,-2.15,-11.762803123319848
6,-1590.24,-1018.597906087292
7,-3555.34,-4091.544121200452
8,-3827.24,-3216.0054227499186
9,-5.97,-13.922112792070232
10,-3.56,-12.641238392981197
11,-3601.52,-3149.6735476670865
12,-1599.21,-3355.0261380695647
13,-46.77,-11.913228497933693
14,-2719.07,-3960.4912263562346
15,-3971.85,-4580.196048738619
16,-8.26,-29.82718473649255
17,-10.54,-13.41502998313838
18,-1.84,-9.812659350177666
19,-2717.18,-2575.198332803606
20,-3824.62,-1874.5188065898813
21,-1622.5,-1018.597906087292
22,-1.15,-9.812659350177666
23,-3.53,-12.97844263319436
24,-5.14,-13.077992575312804
