{
    "r2_high": 0.14049407112895995,
    "r2_low": 0.00965705678793749
}