{
    "r2_high": 0.6284084981582636,
    "r2_low": 0.05572311978976108
}