{
    "r2_high": 0.4354545791407233,
    "r2_low": 0.1051823470892389
}