{
    "r2_high": 0.3598354499168216,
    "r2_low": -0.0188790749067671
}