{
    "r2_high": 0.4511264287532609,
    "r2_low": 0.011367559315089815
}