{
    "r2_high": -0.10946358368180542,
    "r2_low": 0.09609723593176034
}