{
    "r2_high": 0.7045258773562388,
    "r2_low": 0.02217045923652916
}