{
    "r2_high": 0.3425064805570417,
    "r2_low": -0.05307425585881176
}