{
    "r2_high": -0.024513670818276934,
    "r2_low": -0.02991204237436018
}