{
    "r2_high": 0.5037241126730191,
    "r2_low": -0.10466242985429797
}