{
    "r2_high": 0.45716799008317544,
    "r2_low": 0.049784040462210744
}