{
    "Respiration_Rate_mg_DO_per_L_per_H": 0.6509272091099377,
    "Respiration_Rate_mg_DO_per_L_per_H_high": -1.304600896655833,
    "Respiration_Rate_mg_DO_per_L_per_H_low": -8.528591639093207
}