{
    "r2_high": 0.536869965622712,
    "r2_low": 0.05748812772939782
}