{
    "r2_high": 0.23426810785745034,
    "r2_low": 0.010501625631644251
}