{
    "r2_high": 0.5375627283998003,
    "r2_low": 0.015579668750325903
}