{
    "r2_high": 0.3753769498525399,
    "r2_low": -0.21928485690284627
}