{
    "r2_high": 0.2951734842395053,
    "r2_low": 0.13347051337284266
}