{
    "r2_high": 0.31421894271810713,
    "r2_low": 0.037475777102542795
}