{
    "r2_high": 0.5605369603788912,
    "r2_low": -0.006844732707540713
}