{
    "r2_high": 0.6839572025117349,
    "r2_low": -0.11435878914330533
}