{
    "r2_high": 0.507568645919001,
    "r2_low": 0.003581662645633976
}