{
    "r2_high": 0.3532089719613043,
    "r2_low": 0.09387643073884921
}