{
    "r2_high": 0.6123766532085431,
    "r2_low": -0.20731359031723895
}