{
    "r2_high": 0.22140671766108555,
    "r2_low": -0.015212116125133512
}