{
    "Respiration_Rate_mg_DO_per_L_per_H": 0.4637021370355541,
    "Respiration_Rate_mg_DO_per_L_per_H_high": -9.610334009138247,
    "Respiration_Rate_mg_DO_per_L_per_H_low": -0.24635727853402511
}