{
    "r2_high": 0.05035469658396907,
    "r2_low": 0.0377711795865332
}