{
    "r2_high": 0.22558943731781134,
    "r2_low": 0.042762396685875115
}