,target,predicted
0,-16.99,-236.13895862115294
1,-29.12,-368.90592457136165
2,-35.52,-170.45656580898805
3,-0.37,-283.410754243495
4,-2086.43,-189.64205851870082
5,-3.79,-374.8893827957943
6,-11.12,-791.0963399665038
7,-2.85,-155.84976404241985
8,-47.48,-460.85730079402185
9,-0.87,-283.410754243495
10,-16.41,-84.54621655717683
11,-4.81,-160.43447195096851
12,-61.3,-460.5784941304304
13,-1752.9,-495.3420462642034
14,-2.7,-147.07932310374463
15,-24.5,-131.91674017918498
16,-82.62,-137.23715850210087
17,-2675.86,-1430.3308731983934
18,-12.66,-100.47435172499472
19,-5.77,-236.13895862115294
20,-1906.69,-1611.7186005165554
21,-20.32,-170.52439053259508
22,-1185.05,-669.5414422317476
23,-41.92,-927.8298785046842
24,-3.09,-259.3828408249437
25,-17.53,-695.4065606549723
26,-19.2,-1632.6214297512688
27,-40.96,-83.97910523213771
28,-47.16,-669.5414422317476
29,-17.98,-81.30042415107596
30,-12.94,-426.17328838687433
31,-3.21,-170.52439053259508
32,-0.77,-283.410754243495
33,-3.32,-78.17075256357873
34,-21.63,-145.14144406337422
35,-26.93,-457.1882522351366
36,-37.03,-456.28779905551403
37,-991.01,-170.45656580898805
38,-73.45,-325.7153724180837
39,-1694.52,-791.0963399665038
40,-77.62,-259.77958214610203
41,-1515.51,-364.3904917787978
42,-5.0,-113.37708056888462
43,-3.11,-81.30042415107596
44,-7.65,-100.47435172499472
45,-3.97,-374.8893827957943
46,-1.3,-109.27556664173053
47,-1939.15,-971.8486043850032
48,-20.06,-495.3420462642034
49,-5.57,-266.83434884862663
50,-33.5,-317.3181752917353
51,-3.46,-179.45903167501694
52,-2727.43,-242.76644334369695
53,-1918.37,-1144.8376786864408
54,-36.16,-173.45511611343431
55,-31.19,-317.9370354211317
