,target,predicted
0,-48.64,-169.0346771384029
1,-1939.15,-1874.6155934400808
2,-5.69,-120.69564021407525
3,-0.37,-95.50628906910275
4,-11.18,-137.32421010173806
5,-1.78,-82.18437252220859
6,-4.81,-169.0346771384029
7,-2448.32,-2851.6823816499327
8,-1806.3,-1408.2559807102136
9,-17.98,-84.42806320584324
10,-9.63,-99.9043380865825
11,-1.72,-107.2240877966654
12,-1.77,-85.79473103330983
13,-11.39,-90.58169230012143
14,-1.29,-76.15464390396195
15,-161.32,-304.37702388987776
16,-2.02,-105.72715148927864
17,-11.67,-108.99035327988398
18,-6.06,-83.14183320201916
19,-14.69,-109.21699929293534
20,-2741.44,-1408.2559807102136
21,-3.07,-122.36276583457106
22,-17.66,-151.0877567202988
23,-79.25,-128.4120757155164
24,-0.99,-78.49616395822034
25,-2785.54,-827.546977584073
26,-9.4,-116.41602178702644
27,-5.64,-84.42806320584324
28,-10.64,-92.58882127114124
29,-1.55,-82.18437252220859
30,-35.0,-154.0995633351571
31,-12.89,-109.47096768229812
32,-3.14,-126.68794153425267
33,-43.22,-119.62672077208036
34,-35.52,-281.5282782545801
35,-1671.03,-240.11907086110028
36,-11.61,-90.58169230012143
37,-1906.69,-827.546977584073
38,-16.54,-123.45435151247455
39,-47.58,-154.49400536726836
40,-33.64,-1871.1201512269843
41,-2.37,-131.15132499184563
42,-22.07,-108.99035327988398
43,-1575.97,-130.11053286973092
44,-4.57,-89.38261473443958
45,-82.28,-172.51461082426854
46,-26.93,-1529.6160696136735
47,-60.88,-1529.6160696136735
48,-14.12,-109.21699929293534
49,-24.29,-193.17499603084087
50,-13.57,-105.32129741696386
51,-2.74,-83.14183320201916
52,-3.65,-109.70011696103523
53,-2.41,-89.95243877857483
54,-73.45,-156.34552280735807
55,-15.94,-114.27966533880291
56,-1821.88,-1594.1896635658704
57,-27.46,-116.58227990784003
58,-10.36,-96.30004718797728
59,-42.76,-152.13534393263708
60,-20.32,-120.01799253033198
61,-1413.77,-152.13534393263708
62,-1.68,-131.15132499184563
63,-41.92,-2105.932423810415
64,-12.9,-101.5046993666239
65,-4.6,-137.32421010173806
66,-5.59,-96.96871424472953
67,-4.24,-89.95243877857483
68,-3.32,-82.18437252220859
