,target,predicted
0,-82.29,-202.51748937966406
1,-5.13,-31.1495892680179
2,-47.16,-330.71127095972525
3,-85.25,-143.1574475138833
4,-2.07,-30.144129934088188
5,-1694.52,-330.71127095972525
6,-45.06,-131.9187459489073
7,-38.66,-131.9187459489073
8,-22.17,-107.84232244973964
9,-3.3,-25.623039022446587
10,-2.07,-29.74001817182792
11,-51.65,-143.1574475138833
12,-77.62,-170.4629931825555
13,-93.9,-202.51748937966406
14,-2.86,-25.623039022446587
15,-34.83,-107.84232244973964
16,-7.06,-51.613360345214616
17,-45.05,-131.9187459489073
18,-8.08,-50.36904455860027
19,-6.7,-46.569880437881984
20,-2.86,-25.623039022446587
21,-8.82,-52.65003053913943
22,-3.04,-25.623039022446587
23,-2.58,-25.623039022446587
24,-2.39,-25.623039022446587
25,-5.02,-40.79815483476626
26,-6.16,-46.569880437881984
27,-59.89,-143.1574475138833
28,-35.91,-102.28908211151257
29,-3.65,-43.186460503769
30,-3.78,-31.1495892680179
31,-3.73,-25.623039022446587
32,-9.45,-74.9011688015115
33,-28.74,-105.84581661681278
34,-82.36,-170.4629931825555
35,-10.78,-51.613360345214616
36,-6.65,-50.36904455860027
37,-1.23,-18.724980184227153
38,-9.84,-64.84504542746046
39,-7.5,-54.33719200408763
40,-1.16,-18.724980184227153
41,-83.28,-181.93093185785096
42,-37.03,-107.84232244973964
43,-11.12,-330.71127095972525
44,-3.29,-30.144129934088188
45,-13.24,-64.90234546011735
46,-1671.03,-330.71127095972525
47,-173.76,-181.93093185785096
48,-21.52,-107.84232244973964
49,-105.08,-202.51748937966406
50,-3.28,-25.790806639843215
51,-24.54,-96.49651845199016
52,-2.2,-18.724980184227153
53,-49.41,-102.28908211151257
54,-1.39,-18.724980184227153
55,-13.61,-102.28908211151257
56,-33.33,-74.9011688015115
57,-3.46,-43.186460503769
58,-65.41,-107.84232244973964
59,-21.22,-43.186460503769
60,-9.91,-50.36904455860027
61,-1.16,-18.724980184227153
62,-2.5,-25.623039022446587
63,-17.87,-64.84504542746046
64,-1138.3,-330.71127095972525
65,-2.76,-25.623039022446587
66,-23.47,-102.28908211151257
67,-2.51,-29.74001817182792
68,-1.21,-18.724980184227153
69,-14.12,-54.33719200408763
70,-1.58,-18.724980184227153
71,-20.56,-102.28908211151257
72,-58.05,-102.28908211151257
73,-29.9,-105.84581661681278
74,-8.2,-46.569880437881984
