,target,predicted
0,-3.59,-89.70053972469124
1,-11.12,-93.33622451192417
2,-81.84,-81.44091297949443
3,-51.65,-195.05385385771822
4,-0.77,-57.27569082599692
5,-82.29,-89.08689774569666
6,-45.06,-151.54633382416498
7,-2.39,-88.00264852616618
8,-2.76,-56.05098594437489
9,-1.63,-67.55040982598402
10,-173.76,-69.17918815539247
11,-2.86,-56.05098594437489
12,-1.65,-51.469502561089065
13,-4.93,-62.27087600243276
14,-21.22,-49.23803847594148
15,-17.87,-82.685598357913
16,-8.82,-112.06231620893178
17,-1.16,-51.469502561089065
18,-74.17,-141.24091943877033
19,-37.03,-81.44091297949443
20,-105.08,-89.08689774569666
21,-1185.05,-162.18739354545534
22,-1.21,-53.611656640297056
23,-83.28,-69.17918815539247
24,-1671.03,-93.33622451192417
