,target,predicted
0,-5.02,-9.075751635658072
1,-8.79,-15.924477437859027
2,-3.46,-21.156284412097236
3,-3.65,-21.156284412097236
4,-6.67,-20.79000112208959
5,-77.62,-71.85811789215073
6,-1.16,-25.917674166976788
7,-8.08,-20.79000112208959
8,-1.23,-6.111071162122903
9,-6.41,-16.39578352550994
10,-2.51,-5.750139388654006
11,-38.69,-33.81939599826018
12,-49.41,-1222.8817196214454
13,-1.16,-4.585143004551894
14,-2.2,-25.917674166976788
15,-83.28,-147.41364267075556
16,-2.86,-9.111195541555862
17,-29.9,-29.648745271674116
18,-19.66,-26.303059883081715
19,-1.39,-25.917674166976788
20,-2.86,-9.111195541555862
21,-3.73,-8.529386371085458
22,-6.7,-14.162748911825247
23,-34.83,-66.46014875313942
24,-23.47,-1222.8817196214454
