,target,predicted
0,-3.65,-50.0753715541482
1,-20.06,-81.27572444700874
2,-26.32,-19.66070298223557
3,-4.93,-51.53188802627291
4,-51.65,-132.5866739294238
5,-15.66,-160.81982614466295
6,-7.06,-104.47843947224106
7,-1575.97,-165.5734346458266
8,-2.85,-25.719712216361078
9,-22.17,-25.37480780056629
10,-1.11,-7.816091785972489
11,-7.22,-67.49893109309764
12,-10.1,-128.1531455263504
13,-44.74,-90.60315895503888
14,-3.59,-104.47843947224106
15,-6.06,-28.81383394689342
16,-9.84,-67.49893109309764
17,-13.61,-106.04781192276475
18,-5.29,-13.976563008046236
19,-28.09,-89.07578355258129
20,-17.87,-67.49893109309764
21,-2.86,-28.550526808775093
22,-19.66,-62.106313344592614
23,-43.06,-160.81982614466295
24,-4.78,-84.57480174360121
25,-20.56,-95.32889266501525
26,-1.39,-43.837210662723535
27,-0.77,-16.036302041764163
28,-5.14,-16.287321683159163
29,-24.54,-192.0380688092537
30,-5.02,-51.53188802627291
31,-33.77,-89.07578355258129
32,-42.7,-136.80650831893163
33,-82.29,-108.35180437393285
34,-11.88,-65.77777281407508
35,-58.05,-106.04781192276475
36,-2.8,-14.422644874954006
37,-5.63,-84.57480174360121
38,-6.65,-22.15482871671122
39,-0.51,-23.468213673893622
40,-3.46,-50.0753715541482
41,-6.41,-64.1338658841976
42,-74.17,-192.0380688092537
43,-8.33,-128.1531455263504
44,-10.78,-104.47843947224106
45,-0.68,-7.816091785972489
46,-1694.52,-45.79575363075611
47,-1752.9,-81.27572444700874
48,-5.81,-160.0113190384575
49,-5.02,-16.287321683159163
