,target,predicted
0,-3.43,-8.256828968657357
1,-13.24,-14.458202593055969
2,-82.29,-56.10638831309738
3,-3.94,-9.80315459428455
4,-6.16,-10.59638762539772
5,-0.52,-5.252970160026393
6,-73.38,-45.697161782276744
7,-2.89,-8.256828968657357
8,-0.68,-4.321187687499991
9,-4.84,-9.777876104209803
10,-1.58,-4.520517322525059
11,-55.84,-80.55124913233028
12,-31.19,-50.32079924454829
13,-56.28,-48.848703158485336
14,-3.04,-7.266070503151535
15,-56.24,-45.697161782276744
16,-9.98,-13.708128442669338
17,-2.26,-8.399236956899465
18,-21.45,-21.27267776540414
19,-1.33,-4.495812375235347
20,-10.77,-68.54506862908644
21,-10.57,-16.912551860147673
22,-6.65,-13.811996063312545
23,-28.74,-27.49245549898162
24,-6.33,-12.172582054253853
25,-1.21,-6.123776608977007
26,-1.68,-14.004019270302901
27,-20.56,-44.955838717538136
28,-3.01,-8.399236956899465
29,-34.83,-48.48312113699134
30,-3.54,-6.1004075649453835
31,-19.26,-50.32079924454829
32,-5.3,-8.506723505962807
33,-8.15,-13.811996063312545
34,-4.78,-13.759946169751153
35,-3.26,-9.235330894329284
36,-10.78,-11.102065661022595
37,-32.54,-48.848703158485336
38,-25.35,-15.29474170841979
39,-0.99,-5.162289832035169
40,-6.87,-10.635966826122655
41,-14.69,-12.760413459357752
42,-17.87,-16.792034569439252
43,-12.16,-12.397332378551958
44,-1.17,-8.060404773787265
45,-124.31,-81.56583958802696
46,-3.65,-7.688543568487555
47,-1.78,-5.40720758323234
48,-2.46,-7.846284791224551
49,-1.65,-4.520517322525059
50,-9.84,-16.792034569439252
51,-56.1,-60.632663378083095
52,-3.32,-5.40720758323234
53,-16.21,-14.458202593055969
54,-48.59,-18.338466405225912
55,-10.1,-19.51076404786179
56,-2.02,-7.12153840625819
57,-21.29,-68.54506862908644
58,-17.66,-18.338466405225912
59,-57.78,-80.55124913233028
60,-9.38,-18.636764011579
61,-11.78,-10.635966826122655
62,-2.08,-9.80315459428455
63,-105.08,-56.10638831309738
64,-21.22,-7.688543568487555
65,-5.01,-15.93708170205744
66,-5.63,-13.759946169751153
67,-1.4,-5.162289832035169
68,-4.16,-16.8112847638925
69,-4.62,-7.6695142753549135
70,-10.77,-19.51076404786179
71,-2.8,-6.1004075649453835
72,-3.76,-9.235330894329284
73,-29.63,-26.198548796285518
74,-65.41,-21.664756317123828
