,target,predicted
0,-40.96,-34.71476052372011
1,-5.57,-36.90951002833981
2,-21.63,-43.636076529052275
3,-79.25,-32.905123537374934
4,-2.46,-31.074104024898883
5,-24.5,-49.30379583388986
6,-3.73,-26.997926985056232
7,-37.03,-41.548068855482136
8,-23.85,-44.14062856545248
9,-15.32,-32.243411354696164
10,-4.28,-34.71476052372011
11,-41.92,-35.16855557748737
12,-3.47,-28.208209357592928
13,-60.88,-34.75384641846056
14,-3.91,-24.971201984105303
15,-13.09,-38.0988928590441
16,-8.6,-30.51478292134707
17,-31.19,-36.21501263798498
18,-3.21,-41.74537129562107
19,-1694.52,-54.59796780516477
20,-5.77,-33.951221178607554
21,-3.14,-21.92143556697813
22,-1.67,-26.17732605899369
23,-7.65,-25.529907225506214
24,-50.32,-36.21501263798498
25,-35.52,-35.1478299863019
26,-20.06,-46.837342459890394
27,-2.74,-21.37966849833777
28,-82.36,-58.55976169718646
29,-3.79,-31.019213304848474
30,-0.87,-28.90552709183804
31,-1.77,-23.980783174064488
32,-61.3,-53.65123380917747
33,-3.65,-25.84902188244419
34,-3.99,-25.960975463333774
35,-48.64,-26.087613403579308
36,-2.41,-28.208209357592928
37,-27.46,-26.8960940048659
38,-36.16,-27.731057209106126
39,-41.22,-29.53692816170812
40,-34.83,-41.548068855482136
41,-9.01,-16.64916298135332
42,-4.81,-37.73207580790306
43,-37.43,-62.431207509190706
44,-5.17,-24.971201984105303
