,target,predicted
0,-4.84,-7.235098428643214
1,-93.27,-97.99831429545489
2,-82.36,-18.78182325097106
3,-17.87,-18.635692107648545
4,-0.87,-2.429623349539424
5,-7.22,-18.635692107648545
6,-1.31,-4.079708981435637
7,-9.31,-10.199203405918139
8,-85.25,-46.85328732993757
9,-18.49,-19.110375474338788
10,-8.79,-13.01603639301737
11,-35.91,-18.424587893815342
12,-5.13,-7.202654889280772
13,-6.64,-13.076670152746335
14,-9.44,-10.199203405918139
15,-58.05,-18.424587893815342
16,-34.83,-32.640925176644416
17,-4.24,-4.68861012216722
18,-5.01,-6.260141737933262
19,-3.59,-12.64388360014931
20,-5.17,-8.360130485840216
21,-13.61,-18.424587893815342
22,-2.02,-7.237157001569356
23,-29.32,-45.962494565665565
24,-81.84,-32.640925176644416
25,-42.7,-45.962494565665565
26,-3.65,-5.680229055861773
27,-77.62,-18.78182325097106
28,-1.64,-5.639967477909045
29,-24.54,-29.964789394948227
30,-2.7,-5.400226282754622
31,-9.45,-20.98340056433525
32,-11.55,-15.362004343174904
33,-32.54,-52.68692682248292
34,-5.69,-13.076670152746335
35,-1.97,-2.5004997464614793
36,-28.74,-21.744651211422863
37,-59.89,-46.85328732993757
38,-33.33,-20.98340056433525
39,-2.11,-5.639967477909045
40,-26.32,-12.5304803394893
41,-0.61,-2.2633739607249277
42,-0.51,-2.9779153970929433
43,-74.17,-29.964789394948227
44,-21.22,-5.680229055861773
45,-5.3,-7.35270552055524
46,-22.17,-21.431593760798062
47,-16.21,-16.391521373809972
48,-1.17,-3.8904498569217294
49,-65.41,-21.431593760798062
