,target,predicted
0,-1841.16,-1762.6155308614589
1,-9.42,-46.366944621947724
2,-4.77,-109.16418697861423
3,-5.57,-99.84163776407514
4,-1.63,-61.182021581594626
5,-0.37,-42.84693115521584
6,-3.78,-73.84309644921883
7,-6.06,-71.0788312342051
8,-33.18,-152.0122861235046
9,-58.05,-141.59069161455443
10,-59.89,-148.7050219780847
11,-60.88,-354.3832465742814
12,-1752.9,-164.77898753227674
13,-4.6,-92.66177949876509
14,-21.52,-95.30230994785309
15,-29.32,-187.88862432161483
16,-1.01,-35.13139668096624
17,-1575.97,-81.77510176044709
18,-15.72,-104.11791758037178
19,-15.94,-75.5419074449374
20,-77.62,-145.73324842286044
21,-2675.86,-2253.967330796651
22,-19.2,-4261.800280125915
23,-2.02,-41.95009621059274
24,-3.79,-94.7673097654185
25,-2785.54,-688.1135697346112
26,-47.2,-113.24939048047071
27,-1.17,-57.09960357781755
28,-22.17,-95.30230994785309
29,-2936.54,-2204.015468975795
30,-1.22,-35.165662269336906
31,-2.8,-41.64081351140816
32,-3.73,-75.18490546269884
33,-5.53,-118.82355158322832
34,-7.22,-76.26660481055107
35,-79.59,-154.28951210923205
36,-19.66,-96.7036562847372
37,-73.38,-113.24939048047071
38,-8.15,-55.324864370298975
39,-47.16,-953.823109426413
40,-0.52,-42.34390720293505
41,-9.44,-46.366944621947724
42,-0.71,-38.12340311772459
43,-9.12,-164.77898753227674
44,-33.5,-154.28951210923205
45,-2.02,-54.94334533015355
46,-20.06,-164.77898753227674
47,-50.95,-75.5419074449374
48,-7.34,-50.226548765047724
49,-15.8,-61.14056502024185
50,-1.16,-57.76779144282032
51,-7.06,-74.51115126949173
52,-11.18,-92.66177949876509
53,-2.5,-58.973775914475056
54,-3023.27,-2517.6059982493366
55,-8.33,-136.05594059094514
56,-1.31,-47.87914979698917
57,-3263.52,-3223.751274211858
58,-17.58,-136.0722781163848
59,-2741.44,-1562.6444664398628
60,-5.3,-55.84459791282487
61,-3235.01,-2204.015468975795
62,-2.2,-57.76779144282032
63,-3.65,-62.09675197783781
64,-43.06,-89.76855290920261
65,-7.5,-78.821364557409
66,-14.69,-78.821364557409
67,-74.17,-128.06685050553574
68,-45.05,-145.06354017310187
69,-2260.74,-988.6859505977247
70,-1906.69,-688.1135697346112
71,-34.83,-124.26941908496057
72,-3.91,-78.39091716536922
73,-4.29,-47.64404844802259
74,-37.2,-170.77419105418105
