,target,predicted
0,-14.92,-128.66751965081028
1,-12.16,-109.17900505847396
2,-1939.15,-1373.518401484419
3,-29.12,-394.59467339624587
4,-5.86,-81.80080079219643
5,-15.42,-90.70554498444649
6,-42.31,-189.3399674075961
7,-9.45,-145.93158092606325
8,-1.67,-148.2251230758289
9,-10.36,-70.83658719010158
10,-41.53,-189.3399674075961
11,-18.6,-330.33779490836406
12,-1788.7,-2055.9559964375617
13,-74.17,-171.44355897025395
14,-34.83,-224.50360664697837
15,-3.28,-240.22026081057973
16,-2.71,-2011.9383690915881
17,-9.12,-382.44354672448344
18,-4.16,-160.74038355837558
19,-2756.74,-1968.2490915922695
20,-3.97,-219.25484329512432
21,-4.81,-174.76283070805243
22,-1175.43,-178.24609961517427
23,-36.16,-105.09347620665966
24,-3.14,-113.66159912200888
25,-1.29,-148.2251230758289
26,-4.62,-53.33488723207344
27,-17.33,-91.4895316575778
28,-37.43,-199.2535500617189
29,-2738.74,-257.58630593045064
30,-12.66,-66.40250621795646
31,-41.22,-79.65347389322933
32,-46.77,-62.17860000386493
33,-40.73,-121.83001709132944
34,-0.75,-73.30928418027342
35,-1388.85,-100.07807169745357
36,-11.12,-1331.9266936990402
37,-2505.5,-129.507596774276
38,-11.52,-66.83750582090401
39,-79.59,-205.28824374365246
40,-17.66,-124.60911451105625
41,-4.97,-75.66699541893932
42,-9.01,-34.85400328246826
43,-0.77,-118.85165896499339
44,-0.99,-47.340653071229696
45,-3.11,-67.00029982330325
46,-1739.12,-1613.9782455261798
47,-3.21,-170.5282600061981
48,-16.74,-79.65347389322933
49,-22.8,-121.83001709132944
50,-10.78,-131.61317505668248
51,-6.67,-101.45634790630626
52,-97.9,-518.2847479737692
53,-40.96,-68.92934468397848
54,-24.5,-91.4895316575778
55,-2199.18,-2787.389149302678
56,-3.18,-226.955020458869
57,-83.28,-289.879911985788
58,-5.0,-77.65225392597041
59,-1138.3,-661.7378146504602
60,-14.12,-129.9487586352017
61,-32.54,-226.8477062874739
62,-38.08,-145.20751852878405
63,-3664.98,-1968.2490915922695
