,target,predicted
0,-3.3,-54.8612037083141
1,-8.79,-112.06231620893178
2,-14.69,-92.08684278056609
3,-58.05,-196.69634838416687
4,-1.23,-53.611656640297056
5,-3.29,-73.83483062779025
6,-2.58,-88.00264852616618
7,-13.61,-196.69634838416687
8,-82.36,-81.7261114359001
9,-38.66,-151.54633382416498
10,-5.3,-62.27087600243276
11,-85.25,-195.05385385771822
12,-34.83,-81.44091297949443
13,-20.56,-155.94187844836574
14,-93.9,-89.08689774569666
15,-24.54,-141.24091943877033
16,-3.29,-67.55040982598402
17,-21.52,-92.64892319244257
18,-5.02,-62.27087600243276
19,-28.74,-108.89407802568812
20,-7.06,-89.70053972469124
21,-6.67,-96.84816835053732
22,-7.5,-92.08684278056609
23,-1.17,-53.65345558743471
24,-9.45,-197.2622916288206
25,-3.46,-49.23803847594148
26,-45.05,-151.54633382416498
27,-8.15,-77.14866619006415
28,-7.22,-82.685598357913
29,-59.89,-195.05385385771822
30,-3.04,-54.8612037083141
31,-29.9,-108.89407802568812
32,-14.12,-92.08684278056609
33,-35.91,-196.69634838416687
34,-9.84,-82.685598357913
35,-47.16,-162.18739354545534
36,-1.39,-67.15459507271694
37,-3.28,-156.81654541396153
38,-12.93,-108.89407802568812
39,-9.91,-96.84816835053732
40,-1694.52,-93.33622451192417
41,-23.47,-155.94187844836574
42,-1713.76,-335.9666998849218
43,-6.16,-70.98566669510637
44,-3.73,-88.00264852616618
45,-22.17,-92.64892319244257
46,-47.48,-156.81654541396153
47,-6.65,-77.14866619006415
48,-33.33,-197.2622916288206
49,-3.78,-73.83483062779025
50,-77.62,-81.7261114359001
51,-2.2,-67.15459507271694
52,-5.59,-77.14866619006415
53,-0.37,-57.27569082599692
54,-3.65,-49.23803847594148
55,-65.41,-92.64892319244257
56,-1575.97,-156.81654541396153
57,-49.41,-155.94187844836574
58,-2.5,-54.8612037083141
59,-1138.3,-162.18739354545534
60,-1.16,-67.15459507271694
61,-5.13,-73.83483062779025
62,-1.58,-51.469502561089065
63,-2.51,-53.65345558743471
64,-6.7,-70.98566669510637
65,-1.31,-53.611656640297056
66,-8.2,-70.98566669510637
67,-2.07,-53.65345558743471
68,-0.87,-57.27569082599692
69,-11.88,-112.06231620893178
70,-16.54,-197.2622916288206
71,-2.86,-56.05098594437489
72,-2.07,-67.55040982598403
73,-8.08,-96.84816835053732
74,-10.78,-89.70053972469124
