,target,predicted
0,-2.74,-41.19648529821994
1,-1.78,-59.79389348191547
2,-2.46,-53.60475183638057
3,-40.96,-50.26205049031882
4,-9.91,-61.61446571984359
5,-41.53,-595.5121836937236
6,-7.65,-53.28643958327372
7,-4.16,-70.62697776161697
8,-3.91,-61.11453967206395
9,-1906.69,-1192.2139899501885
10,-74.17,-147.11770605981167
11,-0.75,-165.8461869674638
12,-2420.08,-115.9950785800348
13,-17.98,-30.503176397508877
14,-1185.05,-505.07427485368305
15,-1671.03,-163.30098178356968
16,-3.97,-257.80476046449286
17,-0.87,-74.3056614804414
18,-3.59,-237.75829911766618
19,-16.54,-108.81042107287946
20,-6.94,-59.79389348191547
21,-41.92,-1540.9319955275728
22,-38.08,-796.3101212591569
23,-16.41,-81.52741347781128
24,-18.6,-79.46409869180654
25,-50.95,-53.842825280441616
26,-2907.84,-1927.2319763616147
27,-2199.18,-2345.2856209733764
28,-2.89,-62.06792195945875
29,-7.5,-212.03339383643294
30,-1918.37,-1288.3130428671434
31,-22.8,-68.60006056039946
32,-42.76,-137.77801931209342
33,-15.66,-91.49857582610582
34,-5.17,-61.11453967206395
35,-17.87,-50.24696163965009
36,-58.67,-359.9875159133925
37,-21.96,-70.29978725776701
38,-19.4,-256.839095399293
39,-3.28,-300.1398943933481
40,-5.77,-109.03884601087478
41,-3.18,-647.9385118330957
42,-73.45,-203.5204959865935
43,-9.12,-309.25212570302085
44,-2.71,-1894.7409631686057
45,-8.93,-88.48693274433435
46,-9.84,-50.24696163965009
47,-5.69,-101.4171474731036
48,-35.52,-796.3101212591569
49,-81.84,-156.4521661179677
50,-1.55,-34.77792334675911
51,-173.76,-105.71665030914572
52,-16.99,-109.03884601087478
53,-10.64,-46.38623082802619
54,-83.28,-105.71665030914572
55,-11.18,-85.54354970370561
56,-33.33,-108.81042107287946
57,-1388.85,-94.06273935179195
58,-988.01,-1248.3320973204413
59,-1841.16,-1288.3130428671434
60,-2756.74,-2690.8368095618825
61,-37.03,-156.4521661179677
62,-2260.74,-1248.3320973204413
63,-13.09,-647.9385118330957
