,target,predicted
0,-81.84,-107.84232244973964
1,-8.79,-52.65003053913943
2,-1.31,-18.724980184227153
3,-0.87,-18.724980184227153
4,-16.54,-74.9011688015115
5,-74.17,-96.49651845199016
6,-12.93,-105.84581661681278
7,-14.69,-54.33719200408763
8,-1.63,-30.144129934088188
9,-47.48,-25.790806639843215
10,-1.17,-29.74001817182792
11,-11.88,-52.65003053913943
12,-3.59,-51.613360345214616
13,-0.37,-18.724980184227153
14,-1185.05,-330.71127095972525
15,-1575.97,-25.790806639843215
16,-3.29,-31.1495892680179
17,-8.15,-50.36904455860027
18,-1.65,-18.724980184227153
19,-0.77,-18.724980184227153
20,-5.3,-40.79815483476626
21,-4.93,-40.79815483476626
22,-6.67,-50.36904455860027
23,-5.59,-50.36904455860027
24,-7.22,-64.84504542746046
