{
    "r2_high": 0.5063663125345739,
    "r2_low": -0.003805275278891962
}