{
    "r2_high": -0.22162338419972039,
    "r2_low": 0.07830449425052255
}