{
    "r2_high": 0.46735503722183236,
    "r2_low": 0.040681574559032985
}