{
    "r2_high": 0.5261037466185012,
    "r2_low": 0.08042113189474676
}