{
    "r2_high": -0.920211494444382,
    "r2_low": 0.005792897049447521
}