{
    "r2_high": 0.5390724772755942,
    "r2_low": -0.06305580903086438
}