{
    "r2_high": 0.5626590687083799,
    "r2_low": 0.10421383783294913
}