{
    "r2_high": 0.25983219626252185,
    "r2_low": 0.014452675006289217
}