{
    "r2_high": 0.5079430389730493,
    "r2_low": -5.066751272979735
}