{
    "r2_high": 0.4021186848447299,
    "r2_low": 0.013101517149318842
}