{
    "Respiration_Rate_mg_DO_per_L_per_H": 0.6804837019220749,
    "Respiration_Rate_mg_DO_per_L_per_H_high": -3.7438335422851248,
    "Respiration_Rate_mg_DO_per_L_per_H_low": -0.6661096786418597
}