{
    "r2_high": -0.11440372957190403,
    "r2_low": 0.00940382108871296
}