{
    "r2_high": 0.496643787181715,
    "r2_low": 0.004828861853333755
}