{
    "r2_high": -2.5256961011754755,
    "r2_low": -0.1375254503819492
}