{
    "r2_high": 0.7257960783123691,
    "r2_low": 0.03591803153586259
}