{
    "r2_high": 0.5991937717591056,
    "r2_low": -0.07926131692040661
}