{
    "r2_high": 0.5267854606141942,
    "r2_low": -0.17170005267424981
}