{
    "r2_high": 0.6192096806303302,
    "r2_low": -0.6356032153118716
}