{
    "r2_high": 0.4679899985032926,
    "r2_low": -0.021385858070154917
}