{
    "r2_high": 0.64414610191437,
    "r2_low": 0.04065474963542548
}