{
    "r2_high": 0.10166140547060731,
    "r2_low": 0.07055205984575874
}