{
    "Respiration_Rate_mg_DO_per_L_per_H": 0.5714801611355973,
    "Respiration_Rate_mg_DO_per_L_per_H_high": -5.850767849434851,
    "Respiration_Rate_mg_DO_per_L_per_H_low": 0.09852419210427821
}