{
    "r2_high": 0.35321528765175514,
    "r2_low": 0.0869445534385368
}