{
    "r2_high": 0.3384130325251562,
    "r2_low": 0.007186718565483141
}