{
    "r2_high": 0.45411833257619016,
    "r2_low": -0.14304100309479106
}