{
    "r2_high": 0.13377155513156713,
    "r2_low": -0.004772472277538853
}