{
    "r2_high": 0.08076740114641479,
    "r2_low": 0.09937114045081075
}