,target,predicted
0,-3.29,-25.49905765940847
1,-8.79,-66.9377008738728
2,-9.45,-80.85203167179354
3,-2.51,-19.94096762990501
4,-45.06,-124.58710743784641
5,-74.17,-137.03910427469023
6,-37.03,-109.80919772831729
7,-2.58,-66.54959823452923
8,-47.16,-220.7112406266412
9,-1.17,-19.94096762990501
10,-8.15,-49.67357544112262
11,-6.65,-49.67357544112262
12,-2.76,-34.22829114187933
13,-14.12,-63.73955677558522
14,-23.47,-106.35039705999928
15,-58.05,-135.5145470170833
16,-1694.52,-185.4619282347524
17,-24.54,-137.03910427469023
18,-1.63,-25.49905765940847
19,-47.48,-119.31437297170488
20,-14.69,-63.73955677558522
21,-4.93,-29.8158089096854
22,-5.59,-49.67357544112262
23,-1.65,-17.624659517645902
24,-51.65,-139.58128385697268
25,-1.31,-23.14102570752933
26,-1.58,-17.624659517645902
27,-1.16,-26.036303073232123
28,-1.39,-26.036303073232123
29,-3.28,-119.31437297170488
30,-77.62,-97.60387731266142
31,-1575.97,-119.31437297170488
32,-0.77,-17.76931423122988
33,-22.17,-76.33900365518058
34,-5.3,-29.8158089096854
35,-0.37,-17.76931423122988
36,-6.7,-42.10466546183077
37,-8.08,-77.33792910515866
38,-2.5,-27.28159088884101
39,-1138.3,-220.7112406266412
40,-13.24,-119.63482972411747
41,-105.08,-177.67278184241715
42,-35.91,-135.5145470170833
43,-28.74,-89.79945949320167
44,-3.04,-27.28159088884101
45,-34.83,-109.80919772831729
46,-3.78,-77.07834142395491
47,-9.84,-79.57294954496894
48,-85.25,-139.58128385697268
49,-2.86,-34.22829114187933
50,-8.2,-42.10466546183077
51,-10.78,-61.15285511038889
52,-82.36,-97.60387731266142
53,-3.59,-61.15285511038889
54,-7.06,-61.15285511038889
55,-21.22,-69.57186378402812
56,-2.07,-19.94096762990501
57,-1.23,-23.14102570752933
58,-2.2,-26.036303073232123
59,-17.87,-79.57294954496894
60,-2.07,-25.49905765940847
61,-93.9,-177.67278184241715
62,-65.41,-76.33900365518058
63,-0.87,-17.76931423122988
64,-13.61,-135.5145470170833
65,-16.54,-80.85203167179354
66,-5.02,-29.8158089096854
67,-59.89,-139.58128385697268
68,-83.28,-97.64438048078028
69,-6.16,-42.10466546183077
70,-82.29,-177.67278184241715
71,-1185.05,-220.7112406266412
72,-11.88,-66.93755878760042
73,-20.56,-106.35001593316768
74,-45.05,-124.58692585935883
