,target,predicted
0,-2260.74,-1098.3839461614907
1,-74.17,-193.73454260017235
2,-47.82,-215.61308090086
3,-4.28,-74.60909517935478
4,-9.01,-45.15808023211186
5,-173.76,-171.56910540724954
6,-2738.74,-284.62958020281104
7,-37.43,-217.45890371862933
8,-21.22,-98.62880763575373
9,-79.59,-239.93499059923482
10,-6.64,-169.92189185900526
11,-16.99,-173.7868929640376
12,-48.59,-94.27755048603875
13,-81.84,-194.34805810940242
14,-5.57,-145.77620701081386
15,-20.06,-504.1336152135625
16,-16.54,-159.50203774045977
17,-1.84,-45.39420540044016
18,-13.09,-254.41651139663588
19,-14.69,-114.29851410298753
20,-1413.77,-80.94921563015542
21,-43.06,-124.97773607855324
22,-27.46,-120.69159789860714
23,-8.08,-102.44426624798767
24,-3.65,-173.7868929640376
25,-1953.6,-557.4175484891516
26,-1175.43,-121.41682048906162
27,-2.08,-67.70371131261439
28,-2505.5,-165.80365298319433
29,-22.07,-106.15291663761045
30,-1515.51,-363.66136755616606
31,-42.76,-80.94921563015542
32,-35.52,-145.3813506564642
33,-47.19,-62.07604893367183
34,-24.29,-333.97837753613135
35,-17.98,-56.645801130321026
36,-79.25,-91.52398078599134
37,-83.28,-171.56910540724954
38,-2727.43,-121.41682048906162
39,-4.81,-168.13965402074567
40,-37.03,-194.34805810940242
41,-33.33,-159.50203774045977
42,-64.33,-156.38046679603266
43,-2.71,-80.90373854682065
44,-40.96,-74.60909517935478
45,-12.66,-70.14010410740792
46,-2196.81,-2053.418236442161
47,-2785.54,-1096.2415189837984
48,-2.89,-105.28811342115199
49,-2741.44,-1039.8300221750992
50,-9.45,-159.50203774045977
51,-110.45,-91.52398078599134
52,-9.12,-504.1336152135625
53,-31.19,-237.8829376556187
54,-2.46,-71.06447800569946
55,-3.94,-67.70371131261439
56,-1.45,-53.17448379771543
57,-1.78,-116.12189005748941
58,-29.12,-453.1305714444357
59,-0.75,-91.71982284601022
60,-1.29,-145.0937442304735
61,-47.48,-207.0672613700636
62,-5.17,-80.00449311526711
63,-33.71,-363.66136755616606
