,target,predicted
0,-1694.52,-142.1892817530832
1,-14.12,-60.405768073090435
2,-33.33,-68.31238835769926
3,-1.65,-21.133562894238434
4,-37.03,-128.53662864422944
5,-1.16,-21.133562894238434
6,-5.02,-44.46912302568506
7,-47.48,-112.25667373485591
8,-2.76,-32.57014403054369
9,-5.59,-47.64037263949197
10,-1.16,-24.17531289240946
11,-4.93,-44.46912302568506
12,-1575.97,-112.25667373485591
13,-105.08,-142.38799265510832
14,-8.08,-63.04451934218302
15,-35.91,-117.63478905623234
16,-3.59,-57.4275431661537
17,-2.51,-32.97779759549676
18,-2.2,-24.17531289240946
19,-83.28,-105.10566587277113
20,-6.67,-63.04451934218302
21,-24.54,-220.61793212493822
22,-8.2,-55.628281725833496
23,-51.65,-171.1284199651196
24,-2.07,-32.97779759549676
