,target,predicted
0,-18.6,-51.34554960185638
1,-2.85,-29.844668310415983
2,-11.88,-64.66732592596446
3,-0.77,-35.40885627044794
4,-14.33,-48.12332717063142
5,-74.17,-102.07854806667123
6,-22.73,-199.9544093997002
7,-1.78,-21.6209944048521
8,-56.24,-87.08388372677756
9,-1890.34,-205.47132230727289
10,-3.65,-133.67371738813205
11,-173.76,-142.09044821444894
12,-0.74,-25.10098476300179
13,-85.25,-128.59458113422752
14,-3.29,-50.51110778876546
15,-132.92,-123.72834788526572
16,-2.02,-34.394320416633775
17,-42.8,-131.74924758351642
18,-24.46,-76.62723440151693
19,-8.15,-29.726621474566393
20,-6.06,-56.81318807964264
21,-82.36,-42.9944469869819
22,-4.29,-100.0153436570858
23,-9.12,-270.81342943190276
24,-15.8,-31.573423133982168
25,-64.33,-94.24547528011058
26,-21.63,-53.19433238988519
27,-2.41,-25.853541692116853
28,-1.39,-37.8596477355438
29,-2.58,-52.321469181014876
30,-3.54,-29.321643263692106
31,-0.5,-23.634839841341304
32,-16.54,-178.08166118656217
33,-11.18,-62.41695027274281
34,-7.06,-50.93602891203474
35,-26.93,-205.47132230727289
36,-47.82,-109.07566243865864
37,-57.78,-154.07076041988097
38,-11.78,-30.173851684643655
39,-3.73,-52.321469181014876
40,-29.33,-136.94194096788047
41,-5.29,-25.033081552463155
42,-8.79,-64.66732592596446
43,-88.82,-78.05841312594171
44,-167.81,-435.59530469372385
45,-16.97,-161.1420374775381
46,-9.31,-25.13601057365419
47,-0.37,-35.40885627044794
48,-3.29,-48.85653707790052
49,-3.28,-414.89398197062593
50,-17.58,-161.1420374775381
51,-2.37,-53.19433238988519
52,-19.51,-199.9544093997002
53,-6.67,-49.224634204117166
54,-43.06,-60.58850527001157
55,-4.93,-52.029923557869296
56,-25.63,-76.62723440151693
57,-18.69,-199.9544093997002
58,-41.53,-109.07566243865864
59,-33.18,-106.52396891269797
60,-0.81,-21.68316027443364
61,-16.99,-133.67371738813205
62,-5.77,-133.67371738813205
63,-2.51,-29.35288357725377
64,-27.73,-73.7644507953194
65,-17.09,-76.62723440151693
66,-21.45,-62.73847129767984
67,-2.86,-25.234017765082623
68,-77.62,-42.9944469869819
69,-0.26,-23.634839841341304
70,-5.81,-132.98321742850192
71,-23.47,-107.8977907679271
72,-9.45,-178.08166118656217
73,-9.31,-40.01670801673225
74,-36.16,-62.41695027274281
