,target,predicted
0,-1590.24,-1579.486157674951
1,-1599.21,-2511.299379442762
2,-3601.52,-3665.8914613563984
3,-7.84,-21.558473114925462
4,-3555.34,-3824.0040524098804
5,-3.41,-22.200539465535126
6,-7.65,-22.84495250663508
7,-1542.53,-1780.981781726062
8,-2328.29,-2795.9662877770534
9,-5.6,-18.506904840539875
10,-3.77,-16.76434729046506
11,-2.66,-18.24573667535965
12,-1622.5,-1579.486157674951
13,-1.94,-16.765775981274906
14,-3631.26,-3824.0040524098804
15,-3.19,-16.765775981274906
16,-1941.4,-2645.718480863109
17,-2.74,-13.27243134171739
18,-1.25,-13.27243134171739
19,-1.27,-16.46638248208483
20,-2196.81,-2229.5250179167874
21,-3800.03,-3612.0946719765284
22,-3.16,-19.499311611782883
23,-2128.42,-1579.486157674951
24,-2.95,-19.499311611782883
25,-5.14,-18.506904840539875
26,-3.53,-18.24573667535965
27,-2.43,-17.968599371223924
28,-3.26,-18.24573667535965
29,-3685.4,-3824.0040524098804
30,-5.69,-52.93117625248757
31,-2199.18,-2229.5250179167874
32,-2727.43,-298.52977845697524
33,-694.32,-790.269989069601
34,-2756.74,-3290.096379835664
35,-3840.88,-3838.372877537239
36,-76.63,-269.59724658254856
37,-46.77,-52.24942882369176
38,-3855.6,-3665.8914613563984
39,-3976.99,-3118.7032598014885
40,-15.32,-19.053083608049135
41,-3860.77,-3838.372877537239
42,-11.39,-19.837906025576352
43,-3664.98,-3290.096379835664
44,-3293.85,-2645.718480863109
45,-2717.18,-2645.718480863109
46,-29.64,-269.59724658254856
47,-3049.36,-2511.299379442762
48,-3.66,-22.200539465535126
49,-10.64,-19.053083608049135
50,-1.98,-17.968599371223924
51,-4.87,-18.506904840539875
52,-4.01,-22.200539465535126
53,-17.98,-25.858059002131757
54,-3019.19,-2795.9662877770534
55,-3890.98,-3118.7032598014885
56,-33.64,-298.52977845697524
57,-5.97,-19.499311611782883
58,-2.85,-40.971987054729865
59,-2448.32,-2401.459929450082
60,-12.27,-21.558473114925462
61,-11.61,-19.837906025576352
62,-1776.15,-1780.981781726062
63,-10.54,-21.558473114925462
64,-3.56,-16.76434729046506
65,-8.26,-40.971987054729865
66,-39.93,-269.59724658254856
67,-7.46,-19.053083608049135
68,-4001.81,-4009.052166149371
69,-1.22,-16.46638248208483
70,-2228.76,-2198.6843510828326
71,-12.66,-22.84495250663508
72,-3564.45,-2511.299092590498
73,-2289.87,-2198.684750626455
74,-1.15,-14.243257813916628
