,target,predicted
0,-2196.81,-2727.794711308027
1,-3.6,-49.01141744563115
2,-46.77,-21.8003155453407
3,-3855.6,-2718.1110014397136
4,-91.47,-137.1407667348867
5,-7.84,-9.258041007005982
6,-15.64,-42.29319665927536
7,-7.46,-28.81924683646622
8,-8.26,-57.076934512060994
9,-9.01,-7.914857643006435
10,-5.14,-9.541584578536746
11,-1.15,-6.965873462570608
12,-1175.43,-355.68423941170863
13,-44.62,-220.82757100409378
14,-3.41,-10.835667105263528
15,-7.65,-10.02009818488026
16,-3.77,-16.02670754802731
17,-3.73,-21.8003155453407
18,-30.43,-40.67027736422676
19,-17.33,-61.118802444192724
20,-6.18,-17.383460818555935
21,-29.51,-61.118802444192724
22,-2.71,-8.334431529902439
23,-2.43,-10.120609216188509
24,-1.22,-8.458088712803125
25,-2.13,-21.3734616443299
26,-5.64,-49.502795959755616
27,-39.93,-260.25610309317574
28,-16.93,-42.29319665927536
29,-29.64,-260.25610309317574
30,-1.78,-21.3734616443299
31,-8.56,-38.38920021008757
32,-2727.43,-355.68423941170863
33,-3.19,-9.119329525156937
34,-10.64,-28.81924683646622
35,-3.53,-71.67339554680059
36,-669.87,-308.27640754913483
37,-13.61,-87.12238417696942
38,-31.41,-87.12238417696942
39,-3.14,-48.154321320520104
40,-7.12,-17.383460818555935
41,-4.01,-10.835667105263528
42,-9.6,-26.807497812491167
43,-10.47,-26.807497812491167
44,-7.86,-38.38920021008757
45,-47.58,-220.82757100409378
46,-6.94,-21.3734616443299
47,-29.48,-87.12238417696942
48,-10.54,-9.258041007005982
49,-11.39,-46.769427280095385
50,-3.66,-10.835667105263528
51,-7.45,-38.38920021008757
52,-2.66,-71.67339554680059
53,-1.98,-10.120609216188509
54,-2.85,-57.076934512060994
55,-1.55,-8.458088712803125
56,-1.25,-16.350805045349826
57,-4.87,-9.541584578536746
58,-17.98,-49.502795959755616
59,-2199.18,-2727.794711308027
60,-82.28,-137.1407667348867
61,-1.29,-6.965873462570608
62,-13.12,-42.29319665927536
63,-3.35,-16.02670754802731
64,-5.69,-40.64841105987163
65,-6.06,-16.350805045349826
66,-47.19,-48.154321320520104
67,-33.64,-355.68423941170863
68,-3.56,-16.02670754802731
69,-11.61,-46.769427280095385
70,-2.15,-9.119329525156937
71,-2.28,-49.01141744563115
72,-15.32,-28.81924683646622
73,-1.27,-8.45808503611896
74,-3.16,-15.656989785592845
