,target,predicted
0,-48.64,-130.41104475461464
1,-2260.74,-542.9787962845713
2,-1671.03,-242.35423047675098
3,-1.25,-92.68510395595635
4,-24.29,-294.09404694364554
5,-1515.51,-201.9573109327652
6,-11.67,-140.3815043473158
7,-3.46,-164.61818789287938
8,-2.46,-124.92097870926595
9,-3.65,-164.61818789287938
10,-1752.9,-206.64698288528297
11,-3.18,-254.37250833194707
12,-8.65,-110.93927829290948
13,-47.48,-350.464415676598
14,-27.46,-146.1523446446424
15,-17.53,-166.4360393065278
16,-1953.6,-1314.1846071468835
17,-29.12,-144.89440592027833
18,-15.94,-121.98818637138721
19,-10.78,-158.31913547817413
20,-43.06,-383.1476013670423
21,-24.54,-241.33371596624858
22,-19.87,-250.1852716327552
23,-1.38,-158.37242096047726
24,-41.92,-1184.2462060384164
25,-1906.69,-1384.3826257472283
26,-58.67,-144.89440592027833
27,-29.51,-116.6229370589528
28,-13.09,-254.37250833194707
29,-8.26,-144.70349302119422
30,-1.29,-143.86519798068562
31,-46.77,-94.45912055101452
32,-110.45,-124.9436519705014
33,-1.15,-84.71889196022542
34,-35.52,-251.1885490138196
35,-17.98,-95.4517481287941
36,-15.66,-383.1476013670423
37,-0.37,-148.24966301302277
38,-47.19,-108.02757158895217
39,-50.95,-121.98818637138721
40,-0.77,-148.24966301302277
41,-12.94,-323.74921348996116
42,-1531.16,-144.89440592027833
43,-1.67,-143.86519798068562
44,-40.96,-110.93927829290948
45,-36.16,-136.8394176551516
46,-14.92,-119.15125956017307
47,-31.19,-220.64155512630265
48,-1185.05,-314.29572971797785
49,-1821.88,-542.9787962845713
50,-1011.81,-1384.3826257472283
51,-2420.08,-166.4360393065278
52,-1482.57,-1184.2462060384164
53,-3.59,-158.31913547817413
54,-988.01,-542.9787962845713
55,-240.66,-166.4360393065278
