,target,predicted
0,-3564.45,-2323.9635529937195
1,-3.16,-284.48085093261415
2,-3114.61,-2754.6774914069015
3,-3855.6,-3159.358851278175
4,-694.32,-2023.237148106818
5,-1175.43,-424.1185819025013
6,-2741.44,-2202.325129042003
7,-2719.07,-2732.167159047985
8,-3293.85,-2402.072503845343
9,-165.39,-418.70014623982667
10,-2936.54,-2786.701550470385
11,-3685.4,-3156.0963353043335
12,-38.08,-319.39493016756893
13,-3019.19,-2754.6774914069015
14,-1918.37,-1969.7085562727825
15,-2.85,-284.3327081879899
16,-3800.03,-4188.456590314232
17,-1806.3,-2202.325129042003
18,-3235.01,-2786.701550470385
19,-22.83,-305.9431240294732
20,-3976.99,-3161.1478336489217
21,-1590.24,-1657.4828187013763
22,-4.87,-284.30209616156355
23,-37.43,-305.9431240294732
24,-1599.21,-2323.9635529937195
25,-1939.15,-1839.4519872155474
26,-2717.18,-2402.072503845343
27,-2448.32,-2281.514960505124
28,-209.54,-418.70014623982667
29,-3971.85,-3431.243279567483
30,-2086.43,-338.461006607074
31,-4007.87,-3431.243279567483
32,-2756.74,-2732.167159047985
33,-3263.52,-2633.837538833301
34,-1842.39,-1723.2188905193404
35,-3105.59,-3159.358851278175
36,-2675.86,-2281.514960505124
37,-2199.18,-2415.1253070254825
38,-2289.87,-2220.158870393423
39,-7.65,-287.19237726202357
40,-12.27,-287.6600444024584
41,-988.01,-1167.3521147178612
42,-2.15,-282.35899867871467
43,-4001.81,-3431.243279567483
44,-33.64,-424.1185819025013
45,-8.92,-351.4124576248977
46,-2196.81,-2415.1253070254825
47,-1941.4,-2402.072503845343
48,-70.02,-566.1902534653859
49,-3664.98,-2732.167159047985
50,-4.29,-283.89406500769377
51,-1542.53,-1723.2188905193404
52,-2.71,-338.461006607074
53,-3890.98,-3161.1478336489217
54,-2084.19,-2117.4262418847356
55,-3049.36,-2323.9635529937195
56,-13.59,-351.4124576248977
57,-1.94,-282.35899867871467
58,-1906.69,-2249.583073581523
59,-127.36,-566.1902534653859
60,-1622.5,-1657.4828187013763
61,-1776.15,-1723.2188905193404
62,-2757.22,-2228.1086545980734
63,-35.0,-305.9431240294732
64,-3601.52,-3159.358851278175
65,-13.78,-351.4124576248977
66,-7.84,-287.6600444024584
67,-4.01,-283.5329685201136
68,-3555.34,-3156.0963353043335
69,-2785.54,-2249.583073581523
70,-3657.26,-2415.1253070254825
71,-88.98,-595.0513722203104
72,-128.32,-418.7001423386822
73,-2965.18,-2633.8374712134646
74,-5.69,-285.42893818210604
