,target,predicted
0,-37.03,-49.08700490812501
1,-0.26,-1.979551781666132
2,-10.78,-10.43674549835676
3,-1.17,-5.2921341500721875
4,-19.51,-16.19143893786356
5,-2.46,-6.601755068980578
6,-28.09,-33.644775276812524
7,-21.45,-17.762421427247098
8,-18.69,-16.19143893786356
9,-26.32,-13.755829871633331
10,-32.54,-45.10456650610248
11,-9.74,-19.14425196007391
12,-9.91,-12.86259602600155
13,-11.78,-7.806616630278718
14,-21.52,-34.94926757451615
15,-0.77,-1.1952728932650452
16,-6.06,-5.072433298902576
17,-3.47,-4.529443472702681
18,-9.44,-9.424056450557133
19,-105.08,-80.11653491589837
20,-14.69,-12.635211839389104
21,-35.91,-32.214030182103684
22,-3.91,-11.46003592975297
23,-8.93,-13.292894923991131
24,-83.28,-145.4902195859985
25,-5.14,-8.329785040883467
26,-10.88,-13.387019635099616
27,-3.29,-7.87325484924759
28,-1.63,-4.795960366577612
29,-6.06,-10.299270307094462
30,-22.73,-16.19143893786356
31,-3.59,-10.43674549835676
32,-1.11,-1.508424811277038
33,-4.97,-11.46003592975297
34,-56.28,-45.10456650610248
35,-42.7,-39.80149795398837
36,-2.2,-4.147381711162245
37,-2.86,-5.159462018158011
38,-3.47,-5.0341265043707395
39,-2.7,-6.601755068980578
40,-16.54,-20.20727455613512
41,-0.94,-1.8527028459837898
42,-3.46,-5.404098516878932
43,-15.94,-29.962505548539024
44,-3.65,-10.496780381169474
45,-3.43,-4.529443472702681
46,-38.69,-33.644775276812524
47,-74.17,-28.71747521172305
48,-2.5,-5.098302238086655
49,-0.87,-1.1952728932650452
