,target,predicted
0,-1.39,-24.17531289240946
1,-21.52,-86.64965087753481
2,-58.05,-117.63478905623234
3,-7.5,-60.405768073090435
4,-12.93,-86.70429505701928
5,-3.65,-49.774579416511415
6,-22.17,-86.64965087753481
7,-3.78,-43.248012172645545
8,-13.61,-117.63478905623234
9,-45.06,-112.64069069921527
10,-49.41,-102.93432955830195
11,-1713.76,-392.17365276056876
12,-9.84,-58.8899332167056
13,-2.58,-40.60329352746834
14,-28.74,-86.70429505701928
15,-8.79,-53.19129523416877
16,-3.29,-27.214915093102622
17,-1671.03,-142.1892817530832
18,-34.83,-128.53662864422944
19,-8.15,-47.64037263949197
20,-5.3,-44.46912302568506
21,-7.06,-57.4275431661537
22,-20.56,-102.93432955830195
23,-16.54,-68.31238835769926
24,-1.17,-32.97779759549676
25,-6.7,-55.628281725833496
26,-2.07,-27.214915093102622
27,-7.22,-58.8899332167056
28,-1185.05,-336.3057484898979
29,-10.78,-57.4275431661537
30,-23.47,-102.93432955830195
31,-17.87,-58.8899332167056
32,-65.41,-86.64965087753481
33,-11.88,-53.19129523416877
34,-3.46,-49.774579416511415
35,-1.21,-21.462042884607566
36,-38.66,-112.64069069921527
37,-3.29,-43.248012172645545
38,-9.91,-63.04451934218302
39,-8.82,-53.19129523416877
40,-0.87,-22.287708102033704
41,-3.73,-40.60329352746834
42,-2.39,-40.60329352746834
43,-2.86,-32.57014403054369
44,-14.69,-60.405768073090435
45,-2.86,-32.57014403054369
46,-29.9,-86.70429505701928
47,-3.3,-33.18114381105163
48,-5.13,-43.248012172645545
49,-81.84,-128.53662864422944
50,-1.31,-21.462042884607566
51,-1.23,-21.462042884607566
52,-93.9,-142.38799265510832
53,-85.25,-171.1284199651196
54,-1.63,-27.214915093102622
55,-77.62,-134.06171520955937
56,-11.12,-142.1892817530832
57,-47.16,-336.3057484898979
58,-82.29,-142.38799265510832
59,-3.04,-33.18114381105163
60,-45.05,-112.64069069921527
61,-0.37,-22.287708102033704
62,-59.89,-171.1284199651196
63,-173.76,-105.10566587277113
64,-6.65,-47.64037263949197
65,-21.22,-49.774579416511415
66,-9.45,-68.31238835769926
67,-82.36,-134.06171520955937
68,-74.17,-220.61793212493822
69,-6.16,-55.628281725833496
70,-1.58,-21.133562894238434
71,-0.77,-22.287708102033704
72,-1138.3,-336.30574848989767
73,-2.5,-33.18114381105163
74,-3.28,-112.25667373485591
