,target,predicted
0,-3.46,-5.916839440847088
1,-1.64,-4.633308748375439
2,-2.08,-5.845866319726979
3,-3.76,-6.005446406146058
4,-10.1,-14.496884672644942
5,-11.46,-7.780703496784303
6,-7.06,-8.841261277434192
7,-2.89,-5.847205039210039
8,-50.32,-25.55033031296774
9,-3.54,-4.146401224795031
10,-1.21,-4.741352216649794
11,-82.29,-84.3110588908601
12,-9.74,-14.733087478531196
13,-14.33,-7.780703496784303
14,-1.16,-6.034633370160779
15,-3.91,-10.54462232857846
16,-31.82,-23.84574219557546
17,-28.09,-32.88448766788468
18,-5.28,-6.9380480937863505
19,-1.63,-5.410007245086315
20,-6.87,-10.099998414107572
21,-4.31,-8.165441697780906
22,-55.84,-44.539035266346396
23,-2.26,-5.835422535610348
24,-3.43,-5.847205039210039
25,-21.22,-5.916839440847088
26,-10.88,-12.36135256972924
27,-2.8,-4.146401224795031
28,-5.69,-12.292661423435053
29,-5.72,-7.001041736859319
30,-3.32,-3.278611773538495
31,-2.5,-5.463483035039539
32,-1.16,-3.2515909370360565
33,-0.71,-2.654187261004865
34,-5.17,-10.54462232857846
35,-2.86,-5.516636792969969
36,-58.05,-23.513156043648223
37,-16.21,-14.733087478531196
38,-26.32,-12.417186724760949
39,-1.17,-4.683204900599593
40,-19.99,-14.700294363548696
41,-19.51,-22.377092079246246
42,-1.39,-6.034633370160779
43,-11.88,-10.388036149942616
44,-0.5,-3.1535281839033007
45,-9.4,-19.636331612362493
46,-139.47,-44.539035266346396
47,-2.51,-4.683204900599593
48,-15.66,-47.55396056924528
49,-22.17,-31.68649784738227
50,-1.16,-7.89876329116886
51,-10.36,-15.812709642424707
52,-34.83,-45.881668364185245
53,-1.78,-3.278611773538495
54,-9.91,-10.68047718185476
55,-110.45,-30.71181830702044
56,-5.02,-7.218083330628257
57,-1.8,-7.89876329116886
58,-1.55,-3.278611773538495
59,-10.78,-20.215352087120316
60,-1.38,-19.636331612362493
61,-50.95,-17.931744899045523
62,-64.33,-15.72495347299255
63,-12.16,-19.636331612362493
64,-35.93,-37.05285148433546
65,-7.5,-14.939067851202612
66,-1.01,-2.583239540997371
67,-2.7,-5.72718894514746
68,-6.95,-9.508724984727554
69,-8.66,-31.638644297432073
70,-3.29,-8.00633193203629
71,-3.94,-5.845866319726979
72,-4.86,-6.9380480937863505
73,-6.41,-12.803405169249288
74,-4.35,-8.165441697780906
