,target,predicted
0,-3.29,-9.37008220027792
1,-34.83,-70.78234956845253
2,-38.69,-30.37357215027077
3,-9.84,-16.22860542970909
4,-14.69,-12.038532128357192
5,-33.77,-30.37357215027077
6,-2.51,-5.045492420236557
7,-13.61,-42.35719657747762
8,-1.21,-5.825249624077799
9,-1.16,-6.427810177647728
10,-22.17,-5.495776191323896
11,-173.76,-59.32096401053175
12,-93.9,-69.44655438330237
13,-21.52,-5.495776191323896
14,-2.5,-6.343867960629306
15,-0.94,-4.182787138518087
16,-2.76,-6.543628395371253
17,-8.08,-13.056668102058135
18,-65.41,-5.495776191323896
19,-37.03,-70.78234956845253
20,-5.29,-7.7630071943220464
21,-3.04,-6.343867960629306
22,-105.08,-69.44655438330237
23,-12.93,-32.512862804588366
24,-58.05,-42.35719657747762
