,target,predicted
0,-2.95,-15.656986568494201
1,-43.36,-220.82757100409378
2,-22.66,-40.67027736422676
3,-3.11,-49.502795959755616
4,-12.27,-9.258041007005982
5,-3.43,-49.01141744563115
6,-8.86,-26.807497812491167
7,-2.32,-10.120609216188509
8,-3601.52,-2718.1110014397136
9,-31.64,-40.67027736422676
10,-54.03,-137.1407667348867
11,-2.74,-16.350805045349826
12,-5.6,-9.541584578536746
13,-655.72,-308.27640754913483
14,-76.63,-260.25610309317574
15,-6.63,-17.383460818555935
16,-3105.59,-2718.1110014397136
17,-5.97,-15.656986568494201
18,-3657.26,-2727.794711308027
19,-12.07,-46.769427280095385
20,-694.32,-308.27640754913483
21,-1.84,-6.965873462570608
22,-3.26,-71.67339554680059
23,-1.94,-9.119329525156937
24,-12.66,-10.02009818488026
