{
    "r2_high": -1.1651484051744947,
    "r2_low": 0.007690510414848917
}