{
    "r2_high": -0.34860259346683975,
    "r2_low": 0.05934112631888133
}