{
    "r2_high": 0.32349778995755085,
    "r2_low": 0.017005479296516635
}