{
    "r2_high": 0.6027267427514464,
    "r2_low": 0.07881116688528333
}