{
    "r2_high": 0.0393571266458439,
    "r2_low": -0.04538926982590352
}