{
    "r2_high": 0.18628911633926182,
    "r2_low": -0.11034113095706477
}