{
    "r2_high": 0.4712155160659328,
    "r2_low": 0.03909604247894083
}