{
    "r2_high": 0.809712804980437,
    "r2_low": -0.008677187879997383
}