{
    "r2_high": 0.0870729177267141,
    "r2_low": 0.06532688761570915
}