{
    "r2_high": 0.0022187025695012963,
    "r2_low": 0.025791287637420113
}