{
    "r2_high": 0.6165450147291729,
    "r2_low": -0.1767172155823009
}