{
    "r2_high": 0.5080151975173661,
    "r2_low": 0.026276189520676785
}