{
    "r2_high": 0.5528852572306422,
    "r2_low": 0.09230255107865948
}