{
    "r2_high": 0.2785715543648274,
    "r2_low": 0.0695266250425971
}