{
    "r2_high": 0.2938723103102633,
    "r2_low": 0.006489352016666561
}