{
    "Respiration_Rate_mg_DO_per_L_per_H": 0.6078703787998214,
    "Respiration_Rate_mg_DO_per_L_per_H_high": -4.6456419398252145,
    "Respiration_Rate_mg_DO_per_L_per_H_low": -2.121807700336623
}