{
    "r2_high": 0.6848585917476959,
    "r2_low": -0.6196153761382903
}