{
    "r2_high": 0.25919391462369157,
    "r2_low": -0.16231722703622253
}