{
    "r2_high": 0.5228438734157845,
    "r2_low": -0.027718853876278704
}