{
    "r2_high": 0.23576723025503032,
    "r2_low": 0.07359550537909265
}