{
    "r2_high": 0.29078433821685135,
    "r2_low": -0.09261778395788278
}