{
    "r2_high": 0.4099264640897937,
    "r2_low": 0.09389005210898194
}