{
    "r2_high": 0.48340479740410924,
    "r2_low": 0.04155856951413184
}