{
    "r2_high": 0.5333274502533843,
    "r2_low": 0.021742514743432584
}