{
    "r2_high": 0.3899990364382153,
    "r2_low": 0.005623802108307929
}