{
    "r2_high": 0.3198957175368392,
    "r2_low": -0.08149359884394913
}