{
    "Respiration_Rate_mg_DO_per_L_per_H": 0.6672226990417469,
    "Respiration_Rate_mg_DO_per_L_per_H_high": -1.1488275649777826,
    "Respiration_Rate_mg_DO_per_L_per_H_low": -3.9060004333787264
}