Sample_ID,Sample_Longitude,Sample_Latitude,Normalized_Respiration_Rate_mg_DO_per_H_per_L_sediment,mean.error,predict.error
300043,0.00215425132404,41.1354301927,-236.51932245294768,665.1609558485172,2425.3625636268475
300086,0.0929537798368,41.6807228018,-588.08543547201,355.43632299382506,2359.296388239649
300022,-0.122749631011,41.9274349592,-618.316388006175,338.2503878985873,2356.7685064025327
300023,-0.131028213696,41.9189335585,-667.3347193727525,316.5735095365564,2353.75513909106
300153,0.144292716085,41.1228657667,-322.9446019424081,578.3038786024982,2402.9939333806014
300243,0.15197278372,40.8773167223,-168.2274507565355,736.0375331897051,2445.7505429052385
300040,0.155988967052,42.0066463438,-524.1466470911896,399.38700410396257,2366.3166413023473
300156,0.164458586753,41.8933299794,-274.38345730739366,626.6499339818898,2415.0848034006567
300088,0.168800847112,41.9388674072,-371.5395377764804,531.3964226187632,2392.138504733641
300012,-0.173455555206,40.9438135929,-290.45314328374764,610.509920820585,2410.947289195191
300145,0.20188731385,41.6397877024,-392.8027135822853,511.4388049390402,2387.7843535492807
300087,-0.206099109907,41.8023187669,-619.6104989122725,337.5750687606389,2356.6716773674757
300152,-0.211163696326,40.9177701687,-196.94969144177028,706.0310618647793,2436.8882469606992
300101,0.234624198559,42.1529567829,-282.60243185159845,618.3786424377233,2412.951846448744
300064,0.243970624332,41.210952793,-373.88617437967537,529.1753669502091,2391.646093560703
300046,-0.269155186124,40.8132822771,-214.43495497152352,687.8994839245572,2431.6969728650306
300021,0.276215703,41.369104296,-309.37517716627485,591.6804233138276,2406.248156610226
300146,-0.280984065103,42.2299979563,-540.3488167031271,387.4026609975075,2364.3234316829903
300085,0.29385672446,41.5812781006,-270.0372367420993,631.0372055745577,2416.226898011987
300135,-0.326989446909,42.7815326509,-39.913942183052725,872.7553090697126,2490.3104821219886
300160,0.343430427561,41.4757787139,-287.29515708836925,613.6713178208705,2411.7497702235373
300013,0.343444636563,41.52627697,235.39529425028437,1174.9646728786843,2611.6061055163345
300147,-0.348060849653,42.1437312781,-678.980768390924,312.6986447156565,2353.2371130560327
300010,0.348226716958,42.2094408306,-412.782732851039,493.0543359966525,2383.914227924818
300047,-0.35624070233,41.3268235755,-403.746338147675,501.32221715107113,2385.6379510031584
300082,-0.397633200755,42.0980471594,-786.2685474284225,303.62451845975767,2352.048536078115
300136,-0.401895620107,42.5981241067,-543.027728751841,385.4719859665128,2364.0078510491985
300019,0.42257930911,41.4559237712,-130.75594094552957,775.5534554569414,2457.931575558702
300011,-0.448247656942,41.1773949232,-573.1797208036684,364.83228605450233,2360.7301973764465
300144,0.464663766592,41.9432695395,-409.0692514523396,496.4423440414075,2384.617258348729
300076,0.477312372639,41.248146714,-28.250355029969974,885.3551122883862,2494.754124700962
300113,0.494039085023,40.9225655421,-695.8249694868693,308.039334666106,2352.6225153132455
300111,-0.498265448081,41.4391651338,-991.0927522278629,407.46915069367566,2367.6941476095067
300155,-0.498271735081,42.4025079835,-449.04671016692714,460.73988210730835,2377.440999650999
300083,0.513814205659,41.5395944221,-107.09437783336858,800.6956997917132,2465.980144186531
300020,0.518770311069,40.8149286152,28.67307791332122,947.167473379955,2517.3539064832044
300112,0.523215611437,40.981515866,309.5402683092702,1257.5616768775255,2649.793546487782
300051,0.528682410889,41.235617296,60.766952346987765,982.2256990714092,2530.753206413774
300157,0.53147795512,40.7732811277,-903.8410630006299,347.8682962311644,2358.1681066836722
300126,-0.547902122188,42.6333827096,-649.7984733773053,323.36814332965156,2354.678624351474
300162,0.551863990807,41.223708827,-664.8581150430373,317.4642633315312,2353.8751084859864
300014,-0.552115636536,42.5811851193,-712.3445839159432,304.5988277708799,2352.1745075008093
300059,0.573149736568,41.1899195902,-528.2529353027782,396.3011218153868,2365.7977612233503
300042,0.576806259871,41.8780226341,-321.09816998673966,580.1175287915597,2403.4310506167026
300143,0.610354253647,41.7817638202,-220.45413633304764,681.6834264142149,2429.9458351381227
300018,0.631227983374,41.6149365674,-536.3513112060252,390.311083281308,2364.8017273313867
300052,-0.648280148493,42.4061675578,-555.9517312719958,376.37283813955236,2362.541212581593
300077,-0.68933734489,41.5685435535,-812.395317483681,308.92460861739653,2352.738591868356
300049,-0.693616038244,40.9894170896,81.34881715709795,1004.7781265059214,2539.591217373779
300242,0.724716805109,42.7403664075,-405.0230629753826,500.14927012367207,2385.3917414677453
300073,0.727088136305,41.6972472602,181.18292929264595,1114.8256956518196,2585.10750251181
300241,-0.75253902912,42.1846956765,-247.1760983021697,654.2583799277645,2422.395198055632
300075,-0.776665461116,41.8768378421,-90.10105115028064,818.8338663132704,2471.9290783675046
300097,-0.777174265158,41.9375237311,-571.0994209630053,366.1882442958831,2360.9401301426055
300098,-0.789325116163,41.8190158943,-676.5605278949294,313.4607622523173,2353.3385046204226
300041,0.810744995227,41.8025211859,-288.7673183013705,612.1969180591936,2411.375029799068
300036,-0.839474585313,41.6731914002,-626.3631860451113,334.1366150401526,2356.1816027988534
300062,0.885146125383,41.9107119519,-241.19651989054864,660.3700453324046,2424.0530243023986
300080,-0.885270192102,41.6499643553,-511.5957677390753,409.01261365661753,2367.960258532119
300159,-0.914512004521,41.6144976853,-468.73025807387273,443.85565803108256,2374.226676841006
300009,-0.914526750522,41.6694686299,-461.9294073314229,449.6321958757487,2375.3133644690606
300134,-0.93141728692,42.2069805554,-519.501176537311,402.9162950026578,2366.9148714383355
300096,-0.947740310271,41.5774309223,-292.5452398377673,608.4184527058807,2410.4185282747685
300008,-0.956457198992,41.7102368563,-572.35742284245,365.36699711202635,2360.812891873463
300054,0.977183815998,42.2531089052,-130.45664149701403,775.8706144470141,2458.03166745664
300063,-0.9940287921,42.6063891984,-571.2387633426166,366.09708824465395,2360.925993308239
102171,-100.017947584,37.7479231284,115.23112495256424,1042.0119740096059,2554.5515108990617
102323,-100.180657326,33.0102132144,462.8654294733549,1429.3550456264672,2735.5073230234866
301459,10.0187117201,48.4105934837,-639.4814199171825,327.87959775804364,2355.302421873518
102224,-100.194220496,34.5683416663,-123.08479589807065,783.6895339858135,2460.5108724685983
102225,-100.222925096,34.9562559834,-289.5378903046317,611.4256252573525,2411.179330344101
102324,-100.235424988,33.3354223653,-928.4294165878985,362.85254381262473,2360.4250541816773
101951,-100.368759484,44.3770907509,152.30987697993126,1082.8975522852038,2571.499869065244
102194,-100.369857014,35.9354228095,-765.6493218354763,301.4962704529615,2351.774748770453
102010,-100.37252051,41.0189846951,-821.0477787048343,311.29960531756893,2353.051616970643
102197,-100.519232917,36.8227629849,-410.77029565250444,494.88869652164834,2384.2942959714887
104043,-100.623046957,41.0851394965,287.339083147403,1232.7917587770955,2638.128122052833
313265,10.0688057842,50.9562196233,-492.32153117821804,424.3253687647397,2370.6531771717714
101965,-100.756678008,41.1563933674,-18.99363718419265,895.3716274079425,2498.3264036199175
102008,-100.761028311,41.1187569343,-280.2566069063182,620.7359665364929,2413.557044697572
102334,-100.764591705,32.0562554455,5.0918483760564754,921.4999568849965,2507.80913117333
101945,-100.818759801,45.6562575488,-32.317872496105196,880.9583817698206,2493.1971719596872
101946,-100.843487998,45.260129149,-326.57309388006865,574.7459823829358,2402.1401732876893
301375,10.089530472,47.9390890206,-749.418412513086,301.1262398391828,2351.7273396754495
101944,-100.935426618,46.3770909634,-100.42712708026079,807.8043318608059,2468.2974509629844
101623,-100.960427116,48.9967674342,52.96148147416827,973.6867317744362,2527.451348590288
101943,-100.973297864,46.8354673043,216.8406014445845,1154.3553150215255,2602.3990203609683
102391,-101.001758837,29.6766518496,-994.8347830162404,410.38036525660294,2368.1968904728815
102333,-101.013093652,32.1979221272,35.04370881632491,954.1154623979762,2519.9763458104494
301380,10.101711937,49.03075569,-415.83754319751415,490.27759519640915,2383.341475367904
301397,10.102317215,48.8690742826,-392.37899459389826,511.83270234384037,2387.8687533124344
102029,-101.03089702,42.3983641352,-600.6306490272256,347.98621112314845,2358.1855039392317
300239,-1.01065689748,42.6397117372,-494.34595528448193,422.68848931996945,2370.3607377065796
102223,-101.418754189,34.8389546627,-403.59540354478344,501.4609858435315,2385.667115961581
101941,-101.431260283,47.5022316915,268.9313304204146,1212.2780218781136,2628.6046622088297
102390,-101.443953398,29.802283315,-4.100386781590402,911.5171592170849,2504.158141852161
102196,-101.489320042,36.7189463133,-490.0583680015337,426.1628932652616,2370.9827665872017
101950,-101.493759808,44.6020906935,-256.63037254610623,644.6266654052912,2419.811564070398
101942,-101.62129171,47.2854243476,-25.634036427912566,888.18470106417,2495.7597102008303
102384,-101.756258492,29.7770883199,-466.1165907410027,446.06829853559094,2374.6413191923784
304008,10.1965314968,51.1228334521,-460.113435435317,451.1850705049822,2375.6078034271286
102170,-102.01048068,38.0308437008,192.55840694088587,1127.4249876094286,2590.565878441118
102007,-102.252092838,40.9812568119,-407.4851752655652,497.8917086701286,2384.91941612704
101949,-102.564645499,44.3687572462,-295.09709948372006,605.8705157242196,2409.7766597096115
101964,-102.635426329,41.4937568574,42.82457699722549,962.609082226144,2523.204453277923
101939,-102.768997299,47.7894401763,-234.67679546574013,667.0507360440996,2425.881520667128
301340,10.2774166655,48.5773252515,-517.5534341094561,404.4078758085059,2367.1692372691123
102193,-103.043704761,35.3938102936,-153.33313087726393,751.6974997330129,2450.50884490592
101940,-103.251991799,47.5895909077,-92.17868109506027,816.6127973703104,2471.19423127488
102005,-103.527093074,40.3562566352,-252.01442705190823,649.3243562530861,2421.067241420768
101947,-103.827093639,44.0145904349,-106.04974569555417,801.808809238928,2466.3417918914706
102003,-103.918558176,40.3189248751,-241.93730610022055,659.6120792160581,2423.8466459132705
301489,10.3980964645,48.8399104622,-358.2277029542754,544.0775334075897,2394.987438425548
102389,-104.001812299,30.6143737422,-915.6365719373404,354.8544413389917,2359.2087958456095
102388,-104.039592477,32.0770886432,-377.98911972786135,525.3027289920337,2390.7922170158913
313460,10.4145713649,53.8145929048,-524.8151435760625,398.8824461611164,2366.23153425711
313268,10.4146886429,50.5766381389,-325.3066100092496,575.9868890958867,2402.4373798847787
101938,-104.156261024,47.677090838,3.7891170310003766,920.0843892758861,2507.28932340216
102192,-104.377082418,35.6562662694,-380.56302008195865,522.8803939695036,2390.261151894283
102387,-104.385426059,34.6020890471,52.71436342623717,973.4165196396992,2527.3472631525624
101912,-104.472927859,48.1229241899,159.05514018656328,1090.3497434169312,2574.646972077269
102001,-104.564593328,40.4145899051,14.870740562966894,932.1340674085295,2511.7361301460096
102000,-104.589593337,40.4437565735,-654.9567923374877,321.25304388527974,2354.3890897773967
103917,-104.594136472,40.4766050332,-674.0135254712454,314.2874121443015,2353.448755611569
101998,-104.63920595,40.4152104071,-250.24212268724784,651.1305367709153,2421.552279793452
103928,-104.648541277,40.5526015865,-235.87443008473315,665.8222303498638,2425.5440029579654
103929,-104.656277006,40.5522029004,-223.6412475928209,678.397598810649,2429.0260949461485
102386,-104.7605826,35.060083714,-374.43506461771653,528.6564915045066,2391.5313407662334
103894,-104.781201916,40.3398099909,30.415642978984973,949.067400222801,2518.0693791122894
101993,-104.784979359,40.3479443965,-51.76870378253591,859.9741336879313,2485.8600078181375
103623,-104.852180655,39.6018993478,-332.190492197846,569.2543284457167,2400.8321387201286
101971,-104.864617579,39.6563259203,336.55885528251144,1287.746307205931,2664.2513056353737
101981,-104.868760009,39.9229231494,33.086764357709185,951.980562062992,2519.16880307832
101999,-104.868760126,40.8979232831,-480.2714258042729,434.19921438418635,2372.4403945366316
101989,-104.881260051,40.2577383991,-166.67838731242625,737.6631907877052,2446.2402684324325
103699,-104.947883704,39.8106580281,-94.9002354649028,813.7047863958328,2470.23479597806
103704,-104.948201056,39.8225577451,-7.196699115653573,908.1575433850431,2502.937192872494
101980,-104.958878425,39.8283258586,-396.24303858360213,508.2466006293632,2387.1026527798476
101948,-104.968760626,44.293757044,-287.4136300230242,613.5526230373863,2411.719570989409
101973,-105.002093351,39.7395897812,106.72980916823721,1032.6577711295927,2550.7501916361043
101974,-105.002093353,39.7562564506,-20.802001968914368,893.4136910224073,2497.625370459622
103926,-105.010486451,40.5607716882,-349.1734742419699,552.7787202223602,2396.979094900069
102169,-105.01556621,38.3895895885,-378.72474358560106,524.6098602189029,2390.640076066696
103669,-105.017770119,39.7397155792,31.79739043851856,950.5742287412348,2518.637693715449
101968,-105.018625731,39.6188952852,-62.84625659410246,848.054824701999,2481.7617640614944
101997,-105.018908236,40.5563823418,-154.1526193752996,750.8342210613848,2450.244170562219
101996,-105.027026468,40.5689408458,-308.7941285386739,592.2556445681996,2406.3896642855198
101992,-105.029870927,40.3854036056,-436.42724097128064,471.81801140796074,2379.6127213784694
103702,-105.031461259,39.8229480471,-534.2056373279416,391.88552108849404,2365.0620984439465
103667,-105.034732247,39.7358397789,-554.1594695865729,377.61284923773735,2362.7390739916086
103644,-105.036121131,39.6852842157,-735.3574137406348,301.73990176144406,2351.8059945863492
103821,-105.03976113,40.1564567137,-860.7150861151146,325.875256363791,2355.0242356645604
103933,-105.043895871,40.5648744845,-331.1406484204445,570.2791313072619,2401.0753331500964
101967,-105.052069125,39.5601887464,26.80663793796441,945.1329603328666,2516.5891163566707
101991,-105.060300871,40.3810015823,-339.4857141619976,562.1531068554468,2399.1583072828926
103716,-105.063756705,39.8854549663,327.9964529722669,1278.175985051995,2659.6387567902752
103619,-105.064518601,39.5981323605,-565.8955149417437,369.626208436437,2361.475810128145
101995,-105.069710289,40.5891556375,-187.19293571329277,716.1942615204596,2439.8521857055434
103923,-105.072645848,40.5142164663,-261.6656703524604,639.5130769727774,2418.4543500914942
103640,-105.094572811,39.665014459,-466.7256592142486,445.55185266244257,2374.54436077076
103688,-105.122561414,39.7770682913,-296.6301361504694,604.3415204224806,2409.392691356857
103810,-105.122820558,40.135484434,-466.1749440700408,446.0187974184102,2374.632021073549
103683,-105.130843384,39.7647286653,-393.2817669410471,510.9936614073616,2387.689047982543
103700,-105.1313219,39.8234787672,-352.7660773377019,549.319081229273,2396.1836158483043
103725,-105.148898964,39.9316731311,-469.58805976569124,443.1315070156567,2374.0914052258495
103813,-105.151398989,40.1486176051,-950.4963344885437,377.59856462142034,2362.7367910669695
103800,-105.160332804,40.1021619892,19.377620403583286,937.0398932572758,2513.560866462734
103737,-105.167787859,39.9519509108,-276.86988453728793,624.1441474659186,2414.435831550145
101911,-105.172928047,48.172924131,-196.8393189998515,706.1458534522558,2436.921507600337
103773,-105.211131312,40.0356614907,-508.2453684632833,411.6296236317285,2368.413691673919
101994,-105.222926846,40.6645898927,-222.45366815872677,679.6215090339624,2429.36820251663
103751,-105.231100203,40.002536768,34.792013571449075,953.840849408394,2519.872384438825
101979,-105.235197562,39.7520897672,-221.7976202014549,680.2978581301178,2429.5574995528937
103988,-105.247612894,40.7019953428,534.5833558677627,1510.0679824584852,2778.5337463316014
101986,-105.259998817,40.2180474378,-268.7770106626895,632.3110283657011,2416.5598905158904
101935,-105.314594412,46.4479239323,-149.34350041464378,755.903015448173,2451.8021609870816
101934,-105.352094156,44.9312570888,-259.8525685143533,641.3530452229905,2418.941544658342
103804,-105.364703751,40.1102451549,-161.779686796424,742.808803747976,2447.79684344571
103670,-105.3977815,39.7479841249,-62.993737290436684,847.8962977636993,2481.707597526081
101978,-105.435147311,39.7483204449,-154.6340430946097,750.3271606301986,2450.088838356001
101977,-105.497868426,39.7441539326,-68.68333657692914,841.7838383503354,2479.625878709348
101990,-105.513034654,40.377353138,-343.41877484035257,558.3394514956994,2398.267585352769
101985,-105.528343115,40.2188801729,-150.10824452104026,755.0965453118902,2451.5536422030896
103902,-105.585496873,40.3565654343,-99.5978636772943,808.6892059874618,2468.5871869832577
102383,-105.606259441,31.0812550748,-46.91762344978428,865.2011754430995,2487.673117964939
101976,-105.626122503,39.7658273164,-23.35585987306829,890.6495382419828,2496.6379528934385
102365,-105.652402359,36.6852170405,-421.06741289816233,485.54590919242804,2382.3726194260175
102385,-105.656259776,35.7770891624,-151.27979283872668,753.8613908551197,2451.173487225924
102366,-105.668628824,36.377178688,-866.3769910919924,328.41987547443176,2355.377694227387
102362,-105.735174166,37.3226702872,-156.1311780526109,748.7507213219278,2449.6065215739013
102398,-105.751500431,39.8442153079,-80.50885525972333,829.1004065153332,2475.348854594272
102364,-105.752093248,37.0812560193,-370.5534114865691,532.3310919671749,2392.346308403582
102367,-105.756259845,36.3187559052,-299.3559606088691,601.6260402698663,2408.713009095953
102399,-105.786129271,39.9277710858,-191.29936168709514,711.9129081665975,2438.598871621059
101932,-105.802170063,46.3438327617,-200.91368086880848,701.9111264403404,2435.697784471224
103386,-105.818872414,37.3645397477,296.33798094466727,1242.828156012341,2642.8330051734856
102400,-105.826648719,39.9897739309,-286.4581249695173,614.5101245170819,2411.9633415521225
103648,-105.827082693,39.6934534954,-7.846225364513934,907.4529769952695,2502.6816364281854
103620,-105.857243467,39.5991598966,104.59969017893343,1030.3151740853427,2549.8027033101584
102397,-105.860426954,40.3270898018,-141.4807082460497,764.2041390812992,2454.3741430446726
103621,-105.885939218,39.6020229008,103.11550450225491,1028.683235559053,2549.143712499851
102368,-105.910624507,36.2106890972,-515.4257476743492,406.04511295268645,2367.4494929375037
103593,-105.959948295,39.4772865635,-72.95118480340534,837.2030593324079,2478.0745409314923
103796,-105.96881836,40.0977422438,-443.78345984964244,465.33733821040073,2378.336247503709
103599,-105.977248717,39.4855489202,-83.74537273106833,825.6341579536645,2474.1900150629376
103622,-105.996703881,39.6016660728,-53.206301533007284,858.4259696603586,2485.324850647217
103598,-106.02275523,39.4812748468,-37.862498655729084,874.969670359057,2491.087391462917
102403,-106.031202606,39.4564508488,-175.68883185987448,728.2174120056164,2443.408493683657
102401,-106.031256526,39.797900568,-18.861314456051318,895.5149161623235,2498.3777602529394
103607,-106.035405744,39.5392478556,-77.89500315306046,831.9014017917923,2476.2884343630953
102404,-106.039593563,39.4895896755,-68.56787317067412,841.9078189874622,2479.6679704205376
103587,-106.043522392,39.4272436494,-37.84183667952238,874.9919770704132,2491.0952265609744
103601,-106.04367156,39.4938251609,-96.82268727328025,811.6516175060332,2469.5592351789096
103594,-106.04784479,39.4804884848,-152.23269537364624,752.8570360996416,2450.864783022927
103604,-106.047945675,39.5149741126,-214.3063753104593,688.0324160296237,2431.7345811919613
102405,-106.051678542,39.5686101231,-158.10120178006252,746.6773198773716,2448.973558019061
102407,-106.064651566,39.6228890346,192.7908505122278,1127.6825523829446,2590.677982074614
102406,-106.110586747,39.5775830478,-47.182342087396215,864.915827890972,2487.57388979576
102369,-106.110671147,36.0731670909,371.40946464666314,1326.7408676719974,2683.3161941538547
103660,-106.114383034,39.7151136752,150.09004159739334,1080.4460051231256,2570.4684471597393
102370,-106.139593227,35.881255817,-346.68702519667556,555.1785184347112,2397.5336609083597
102402,-106.180969095,40.0020890899,-335.06308841492285,566.4539219574017,2400.1696843261325
102408,-106.222813576,39.8319364219,68.46031901769206,990.6495705880616,2534.0345379579167
102372,-106.228139533,35.5479224284,-525.2801401177109,398.5319804755747,2366.172480466939
103617,-106.239604361,39.5896129278,-166.6989592511868,737.6415969543613,2446.2337569035917
102371,-106.268561237,35.7768904503,-426.180079174998,480.94794457270694,2381.4397731721024
102411,-106.277472953,39.6271603119,20.866547347908124,938.6612716413572,2514.165756416361
102361,-106.289593475,38.1645894749,-198.6363994583071,704.2773380127193,2436.3807249064266
102373,-106.323193072,35.6186039192,-598.3242660732653,349.32311560418134,2358.3831552469787
101908,-106.356261647,48.0437573413,-25.6784461925145,888.1366614192488,2495.742614376373
101910,-106.364594999,48.1312573485,-121.44186018820366,785.4339661281444,2461.0670415502846
102168,-106.38973204,39.1727845093,-87.96718181477848,821.1160384015094,2472.6859922718595
313461,10.6396724195,53.8484403236,-545.4642321276415,383.7290498410984,2363.7242757033305
102409,-106.402277819,39.5524428757,-38.89470374960286,873.855397010249,2490.696232530419
102410,-106.410839686,39.5689632761,-9.71820724796265,905.4227445696695,2501.946205305253
102423,-106.423086416,38.3977789502,-185.16264445906216,718.3130789824137,2440.474983951787
102412,-106.443760335,39.6104229975,-176.17038467164434,727.7132940798444,2443.2582970774542
102360,-106.468760133,37.6812560609,-93.15210459793741,815.5724953840177,2470.8506557629494
102375,-106.535254648,35.3897254313,-3.6616264836000028,911.9933538500127,2504.3315166574644
102382,-106.539593022,31.8020884895,200.0764147811914,1135.7577731854576,2594.20318926804
102381,-106.635519043,31.9395562678,303.10266552174386,1250.376089621911,2646.3909071328562
102376,-106.677093267,34.9229223097,-218.2814185998451,683.9256478525873,2430.5758082495317
101928,-106.693761379,46.2645904571,-330.9986148019869,570.4178319262261,2401.108279698502
101963,-106.693852795,42.5728313426,-278.9767914790143,622.0232203625894,2413.8884304224853
102415,-106.797191856,39.2065397291,-109.24097390423528,798.4091918996018,2465.2386711162585
103487,-106.799392104,38.5227774585,-213.2779445746637,689.0958779912334,2432.0356898947416
102414,-106.801636462,39.1767848046,34.14491153032263,953.1348666183643,2519.6052353138357
101961,-106.823038182,41.0230340804,-195.5652232430402,707.4712618118301,2437.305900814854
101909,-106.838393982,48.9690056739,-236.7204257791501,664.9547785408068,2425.3060271564773
102422,-106.848105372,38.6685314106,-262.4679148480527,638.6994249134567,2418.2393229872973
102377,-106.856563874,34.4102225793,-411.5081021703488,494.21570967308134,2384.154700422133
102421,-106.872927007,38.7839384291,-160.625343515277,744.0223573946234,2448.165381701231
103558,-106.880648376,39.2603857586,-319.1920004777637,581.9920517209786,2403.8841935758214
103518,-106.902363189,38.818996157,-197.72159361489,705.2283699880295,2436.6558069808
103514,-106.906152253,38.8146299287,-177.93040227269657,725.8714184114066,2442.7103356566595
102424,-106.93112887,38.5227943605,-257.76012421762965,643.4783510362417,2419.5059115674017
101930,-106.985456957,44.8874970072,-939.6731835643577,370.2222181460111,2361.5691729581486
103522,-106.993196996,38.8898840319,91.20153484262805,1015.5921010416421,2543.8891059862376
102379,-106.994209658,33.6813115459,-578.9502812791152,361.127268005324,2360.160454620463
103485,-106.995908529,38.5226299555,-211.85549582985533,690.5674175007133,2432.4530470228783
103526,-107.035261467,38.9109377127,-33.68121698182965,879.485339067034,2492.677060810553
303001,10.7055308849,53.3687859089,-627.4078407660775,333.61765426895136,2356.10806354403
102420,-107.055891045,38.8563877661,-118.99028781217824,788.0382307767097,2461.899413262648
101962,-107.056196326,41.8729876817,-326.8000249029578,574.5237411217038,2402.0870086176647
102413,-107.077637674,39.6437562913,-181.45813773658153,722.1825394530836,2441.616695582701
102416,-107.081363102,39.3770594352,-220.20512365374356,681.940314529831,2430.0179136044094
102380,-107.206259919,33.1479220078,627.449043541019,1614.8439253374752,2836.8407376968885
103595,-107.285694622,39.4778129316,-442.3689602420608,466.57856496757427,2378.579413251633
103436,-107.301732227,37.948614783,-94.28332582236138,814.3638173714597,2470.451961666346
101929,-107.306261271,44.8479235799,-141.70435244076754,763.9677952431082,2454.3005643209017
103446,-107.318513604,38.0271380195,-53.34265738730022,858.2791469187858,2485.274142201001
102417,-107.331383769,39.543450231,-213.61334019240138,688.7490151988092,2431.937432129908
101927,-107.464594873,46.1479237084,-223.47702398083015,678.5668142051869,2429.073360192701
102442,-107.544200226,37.476649424,-52.6460179847855,859.0292984066888,2485.533303614814
102425,-107.647927151,38.5312561032,-54.09539293926457,857.468693708335,2484.9943719347057
103438,-107.664749535,37.9567125117,288.3236812313894,1233.8896228139647,2638.641330144222
103445,-107.673035471,38.0230633522,115.4603255199988,1042.2642758619638,2554.65443623895
103443,-107.697871499,37.9980323731,-80.82046792062678,828.7665790010612,2475.237061440056
103450,-107.697995785,38.0772523957,-119.37290621397608,787.6316842747874,2461.7693104616487
300045,-1.07723877899,41.4260490298,-410.3785998071444,495.2461990132736,2384.36852552083
102427,-107.743760468,38.1812560493,-319.51461502730507,581.6746373636834,2403.8073657449045
101907,-107.889595135,46.9937570914,-119.97478293554214,786.9922402321821,2461.5647978558177
102395,-107.972913447,32.8523015884,-545.0385398795387,384.0326627338383,2363.7735834685445
102426,-107.997850935,38.7857116103,-472.124349034941,440.99633527639156,2373.6937956662587
101925,-108.008633982,45.4770902549,-442.13052459909215,466.7880258849276,2378.620509658241
102438,-108.027182994,40.5021785323,-341.370184310145,560.324532435336,2398.7305078949908
102428,-108.047746462,38.6477419689,-439.5492970722059,469.0598524230198,2379.0673830331893
300164,-1.08156701634,41.4681081502,-481.8912297374014,432.8592498902033,2372.1955227326416
101921,-108.177094573,43.4270900113,-216.57731959785662,685.6854983913448,2431.0715889421003
101922,-108.181261459,44.7604234956,-252.7853743297665,648.5391015247689,2420.856756205091
102443,-108.202093756,36.7229224856,-423.2894831754973,483.54412956263764,2381.9654475016573
104185,-108.205955979,44.8601765109,-182.39096481823628,721.2077613844771,2441.3285528454567
102419,-108.26554118,39.2395894888,-250.3461889754974,651.0244435376869,2421.523754568771
102418,-108.317874301,39.3770895032,-411.9546256304505,493.8086777680906,2384.070359300739
101920,-108.406261227,43.0020899432,-344.7152048488335,557.084704218145,2397.975778762392
102439,-108.422927558,40.5476230751,-126.18004788422004,780.4048949793121,2459.46666331645
101924,-108.451907037,44.8516428752,-318.17478468748914,582.993284998958,2404.1267932892306
102429,-108.460427378,38.9812561085,-293.36209782501624,607.6024711241677,2410.212694094336
101918,-108.468897368,45.7977879225,-473.8584767976206,439.54162950947125,2373.423963797687
102456,-108.648113093,33.1647748042,-383.00833556405405,520.5842166518632,2389.759903104142
102457,-108.672926872,32.727088539,-546.4947298488783,382.9956701734619,2363.605328989783
101906,-108.688797062,47.6312570792,-100.33395027673971,807.9037493479058,2468.329989297964
102444,-108.731260543,36.7979224628,-327.99837371598204,573.3506981181941,2401.8067138905876
102430,-108.802621135,39.2113753135,-261.89696500546415,639.2784630999524,2418.392321613828
101917,-108.843761733,45.4645901789,-391.8433363931255,512.3308902762682,2387.9755880219036
410207,-1.08887625195,9.68960497987,-693.9053312044498,308.5124995432002,2352.684515661136
102431,-109.027094185,39.1291717377,-238.62009192237423,663.00799809782,2424.772994199449
102432,-109.102094196,39.0895894124,-193.6509872139369,709.4636233540167,2437.884964619925
104156,-109.164365688,43.931357568,-210.35504351936657,692.1204506801464,2432.894405046584
102433,-109.19376085,38.7979227003,-305.1532971210495,595.8643739649879,2407.280378356034
102434,-109.293054528,38.8145893627,-218.22868826305046,683.9800870515068,2430.5911271417635
102437,-109.422414775,40.909825292,7.789403714655574,924.4319865436486,2508.8879938335867
102436,-109.452252557,41.5146985531,-354.6256975235292,547.531941634699,2395.7745501126656
102483,-109.585624156,31.3522273962,-840.7766783965926,317.815146885262,2353.9224573989227
102440,-109.63542776,40.0645894971,-163.49554282398975,741.005656131851,2447.2502631068764
313267,10.9737393611,51.3488383458,-101.7264252951143,806.4182168571799,2467.8441620848744
313410,10.9855953501,52.5775859444,-290.3474125248335,610.615681225769,2410.974072447917
313273,10.9859513801,51.1519125025,-597.5609819565022,349.76885932023185,2358.4492198916346
102445,-109.864594151,37.1479224398,-401.05179114104595,503.80281672325236,2386.1604610745617
101923,-109.972926084,44.5144389543,-72.90467908124836,837.252955045422,2478.0913983526866
101913,-109.997928576,45.0020900276,-173.5880721319938,730.4174513589527,2444.065081193009
103325,-110.106135376,31.4397651895,-554.107313408476,377.64904192630627,2362.744858575538
103326,-110.134686082,31.5492367015,-422.1369137132897,484.5817867115628,2382.1763108279483
102441,-110.147927741,38.9854226588,-323.33961856801153,577.916148857001,2402.9006519136387
102435,-110.164695335,42.1936558663,-317.7906133172921,583.3715832812072,2404.2185574604705
102459,-110.17263302,31.626794209,-895.6736545160919,343.2617340833256,2357.492966255292
102458,-110.218760559,33.1895885333,-874.1038195869653,332.06705773917895,2355.8890038991303
101905,-110.260429226,48.0062569622,-342.0432918652025,559.6719753730724,2398.5781596344277
313274,11.0351759752,51.1477028041,-538.7863893819781,388.5355380407303,2364.509321651721
101915,-110.564595475,45.5979233699,-363.1956786361824,539.3290102034662,2393.9131665756663
101903,-110.66453046,47.8185388237,-371.7225891784454,531.2230083614962,2392.0999879749847
102810,-110.668761901,44.1020898752,-201.05669117429554,701.7625912365293,2435.654984252961
102812,-110.702095134,43.4520898024,-166.20714308960038,738.1578782741173,2446.389486797928
102811,-110.714571703,43.6520167099,-169.54841607777564,734.6518217967077,2445.333876411666
110137,-110.722233144,50.0437570918,-247.6497106209736,653.7749541732924,2422.264675579771
102460,-110.723195803,32.8518326743,-563.1959133315465,371.4351402547551,2361.7596260570954
102461,-110.772580003,32.9773319307,-589.206408998647,354.75312307882865,2359.193558441415
101914,-110.793762104,45.1145899679,-261.02342907682277,640.1646632819951,2418.626731013331
102484,-110.852332001,40.9648982986,-592.8080093367931,352.58098620759574,2358.8679106072054
102814,-110.888257694,43.1978825264,66.2920980811891,988.2747248710141,2533.107064392692
102466,-110.9229274,33.6187552268,-522.1322221977057,400.91249381153483,2366.5745911657773
102485,-110.960481774,41.2768199074,-574.9158978400584,363.7088034200608,2360.5568329405955
102488,-110.972849004,41.9357739169,-98.91798182415444,809.4147972819635,2468.824980008969
102489,-110.973254666,42.1266084277,-222.39796631892932,679.6789281667023,2429.3842662804745
102462,-110.97709404,33.102088483,-151.78814399482434,753.3255594662669,2451.0087446605417
104052,-111.006172182,41.3186141609,-819.2871034264537,310.7919833565658,2352.98451435108
102487,-111.014758272,41.5061974594,-103.59911891872285,804.4210725947257,2467.192276635879
102486,-111.018441467,41.4345554935,-1398.394565724596,801.5614938667874,2466.2614006441486
102463,-111.039593956,31.6145882639,-278.1518447615779,622.8533944668314,2414.102487231256
102815,-111.039595147,43.0770897334,-194.91954399026235,708.1431549863612,2437.5010145251877
102490,-111.056261684,42.1979229706,-29.175464704116706,884.3548743206725,2494.399328814858
104111,-111.072754133,42.2106694917,-157.26950990320796,747.5525193210785,2449.240542903162
104085,-111.076612517,41.7768510398,-934.8066666996101,366.9947470199407,2361.065355342268
101904,-111.085691962,48.3019899167,-278.6627601546884,622.3392017063503,2413.9698734320978
102464,-111.093760679,32.35208837,21.266499113767644,939.0968569929239,2514.328414243308
104073,-111.139178292,41.6691729049,-405.29332020686445,499.90118050106327,2385.3397364156826
102491,-111.168646429,42.1942116953,-278.8143627189685,622.1866516180174,2413.930549396341
102818,-111.241400907,44.0686175994,-43.07341032377038,869.346414495522,2489.117846999917
102502,-111.247783032,40.7350473446,-310.5360946105018,590.5317344946006,2405.965959298361
103962,-111.260322145,40.6396954757,-595.1694181401278,351.17602746933085,2358.6583199197003
110162,-111.306263056,49.1479236237,-404.12616784750526,500.97309912916495,2385.564611136819
102492,-111.318284719,42.1221644823,-320.2155620406503,580.9852074809235,2403.640630204302
102493,-111.347811257,42.214720134,-236.5241944362893,665.155960746767,2425.3611937140904
102494,-111.356261778,42.4020896345,-283.85623068877646,617.1198394442146,2412.6295538463705
104007,-111.368706717,40.752305141,-478.74635427381304,435.4643248540716,2372.6722584625745
102504,-111.397928239,40.8979227971,-503.9741995070177,414.99377633551114,2369.000696972141
110154,-111.406001283,56.7190100111,-68.55506849259675,841.9215683756615,2479.672638707258
102503,-111.406352916,40.8058098514,-370.683929892937,532.207339668916,2392.318774798782
102447,-111.411016453,35.8778676467,-618.4387957590751,338.1862879979628,2356.7593074489223
101901,-111.418762433,46.1479233454,-331.4727501836737,569.9548736361967,2400.9983394077835
104006,-111.472788178,40.7435424143,-293.3513032641121,607.6132517819021,2410.215411866387
313269,11.1474168285,50.2980845218,-345.2270713230565,556.5896156857373,2397.860810836709
101902,-111.481262728,47.5270901326,-520.2905454066827,402.31377187474726,2366.8123793189375
102825,-111.506678538,42.8152841117,-394.63094978842685,509.7410903200943,2387.4212965075935
102817,-111.51053996,44.0689992874,-469.28365316248824,443.38836946000504,2374.1393628070114
110155,-111.522932882,58.3819217617,-167.90574863669602,736.375082828342,2445.8521481209223
103814,-111.546584305,40.1524178994,-408.5749449611001,496.89435129953785,2384.7114006123825
102467,-111.573165691,33.5521596723,184.7692355612021,1118.796638866976,2586.822449840214
104011,-111.581208927,40.7686565944,-696.2349973474909,307.94022470923665,2352.6095404574166
102446,-111.581261144,36.8645889613,341.6532024358417,1293.4422920649463,2667.0090796169975
102495,-111.583567909,42.613816568,-588.6697618781051,355.07977371404274,2359.242699163886
110142,-111.591123343,50.0479236671,-187.84627593783182,715.5127193736886,2439.6522128046886
103828,-111.602720273,40.1654963865,-174.7558039092581,729.1943654828494,2443.6998364179713
104128,-111.614545392,42.6481823909,-515.5928023739157,405.9162712252222,2367.4273984861015
104129,-111.617789648,42.6561174185,187.21032919074707,1121.500174032527,2587.992872519604
102819,-111.618762073,43.9229231073,-373.9150444198296,529.1480695228498,2391.640053882908
102472,-111.652094227,33.8062552153,-470.1741591651478,442.63730803440995,2373.999211103751
103889,-111.65612266,40.3138949317,144.46195148492967,1074.2325476165338,2567.862931352838
102816,-111.660428698,43.6145897388,-169.25588857304962,734.9586419346124,2445.42607191705
103879,-111.664437313,40.281394927,55.70197564679417,976.6838652725819,2528.60749040674
103865,-111.67319922,40.2482852173,-225.53890338042322,676.4430144998324,2428.480928424785
102469,-111.692197953,34.539588647,-369.71975852686035,533.1218470978177,2392.5223868775547
102470,-111.694035088,34.1606533266,-330.77742366050563,570.633858477269,2401.1596090843145
102496,-111.697986001,42.6441533065,-53.017919916685216,858.6288175381366,2485.394921167302
104014,-111.706424594,40.8020222951,-248.4159824087422,652.9930088021794,2422.0537437063213
102471,-111.714485016,34.0730311584,-548.322930768793,381.7001688165536,2363.3957533032567
104118,-111.726673629,42.4068253269,-689.416466857522,309.67753511668843,2352.8375727221865
102823,-111.727029041,43.4439851217,-551.958225842937,379.14560031624814,2362.9845226104317
104119,-111.735206102,42.4105520412,-212.78022318443888,689.6106924063871,2432.1816081326037
104113,-111.755994662,42.2567789205,-304.78143587656115,596.2333814635291,2407.3717438378135
104110,-111.776400723,42.1938951333,-786.5892885253825,303.6721273885417,2352.054682359652
102820,-111.77778987,43.8350064171,-537.135632702387,389.73787974197205,2364.707187531482
104125,-111.793668663,42.5356087656,-443.82760137039736,465.2986421204863,2378.3286766585584
104008,-111.797485004,40.752697486,-236.4196702886962,665.2631284132954,2425.3905866650693
103985,-111.804456074,40.6944505202,-478.59367678204967,435.59116361189047,2372.6955408720355
102509,-111.806261641,40.7812560854,-253.23113641245072,648.0851859756656,2420.735193311816
104096,-111.818878409,42.0109530131,-664.1270591584598,317.73160179779285,2353.911179003633
104108,-111.830653285,42.1683384832,-372.02918615893816,530.9326128893514,2392.0355154735466
104005,-111.831206811,40.7436099343,-288.4478565753778,612.5167696426604,2411.456253169599
103986,-111.833622747,40.6939278192,-379.774129262792,523.6222437553562,2390.4235444817464
103975,-111.835258026,40.6644825637,-240.60683014580013,660.9735741625256,2424.217509547868
102468,-111.835427651,34.5062553012,-577.3949102421764,362.117665353235,2360.3121978709005
103998,-111.842957537,40.7194577753,-130.66192915166994,775.6530745640995,2457.9630102867745
102506,-111.843000824,40.6143984456,-417.2724396487104,488.9765793693767,2383.0741832828157
104077,-111.843373378,41.718760264,-287.3275944678821,613.6388189761593,2411.74150107588
102498,-111.84790052,41.9229508309,-363.9673198966582,538.5931345891173,2393.7474872015664
104002,-111.847986563,40.7231162546,-251.4362656020134,649.9134181957301,2421.2252929060814
313271,11.1855485056,51.3064549513,-371.41416943791114,531.5152061101518,2392.1648944384247
103957,-111.856955409,40.6271681867,-434.8446363739737,473.2204136425527,2379.891179811655
103978,-111.865010972,40.6684021661,-297.42384794319884,603.5504018617692,2409.1943789252014
103970,-111.872478256,40.6604708064,-650.0394761506769,323.26720815340656,2354.6647650407863
102507,-111.877105424,40.6645169697,-353.8863470529752,548.2421741106368,2395.936966894338
103990,-111.877224137,40.7021543769,-393.4130677422932,510.8716907187113,2387.6629477870356
102499,-111.885328997,41.7230062933,-402.6689618790713,502.313226480603,2385.846400201538
104034,-111.89790435,41.0313092981,-279.01480966273624,621.984969431559,2413.8785740082412
102821,-111.90209545,43.8229230711,-149.48605288872645,755.7526726909986,2451.7558137255164
104044,-111.902367642,41.0933601342,-313.6547151909051,587.4498612749803,2405.211385173718
104087,-111.910066163,41.7984743356,-191.41982199253647,711.7874005278834,2438.5622344749627
104107,-111.910133257,42.1392964718,-223.7951653616135,678.2390119183991,2428.981808319142
104103,-111.918748712,42.0980628654,54.98299745286967,975.8974629938833,2528.303843713247
102497,-111.922560747,42.0147140865,-452.6273886829098,457.63149973686615,2376.840562050533
102508,-111.922928325,40.7336181315,53.7525057578259,974.551733460104,2527.7847117678707
104041,-111.930634122,41.0854091106,-309.90304243990096,591.1580213910637,2406.1197547321453
104106,-111.931122966,42.1228474214,-422.56852519329834,484.1930429368675,2382.0972630616375
104051,-111.93517074,41.2396935633,-74.25504101121992,835.8043398763319,2477.602341461073
104033,-111.935539476,41.0149825367,-369.5970860178652,533.2382536295538,2392.548328245676
104078,-111.943514191,41.719098373,-3.8434546909151415,911.7960086534359,2504.259656915317
104086,-111.951833404,41.7858596315,-229.5271445688154,672.3396885813709,2427.341163639544
104040,-111.952618096,41.0813949962,-390.82476078125245,513.2789196181258,2388.179163543144
104038,-111.964610561,41.0641162568,-365.1840230825458,537.4337545050467,2393.4868932874215
104049,-111.968067292,41.235283901,55.70292641554083,976.6849052462554,2528.6078921005465
102500,-112.055899188,41.8354809026,-349.9333490570756,552.0461991437159,2396.8102707236353
102822,-112.056404748,43.6058107741,-270.6041899119334,630.4643822980365,2416.0773591099537
110136,-112.08602259,49.9610160989,-294.168249257681,606.7975341958472,2410.009899432665
102828,-112.089595297,42.6229229308,-253.7191206783973,647.5883762885437,2420.602233528118
102505,-112.091121997,41.2812561188,-28.732106153588713,884.8342196067721,2494.569314339533
102501,-112.097928477,41.5770894842,-238.27773117177603,663.3587405950838,2424.868921525693
102824,-112.135685317,43.4103566829,-321.02701602857803,580.1874614882639,2403.4479312698827
102465,-112.16908913,33.2314138527,-504.10559771224797,414.8898215530267,2368.9824887249765
102829,-112.226873555,42.6273942412,-563.6901944315928,371.1026532230238,2361.7073584774325
103335,-112.256236704,33.3854441485,-728.9696240149849,302.3040420891174,2351.8784411020697
102482,-112.34792618,31.9521093109,-544.8055701625608,384.1989842014334,2363.800610736594
102510,-112.393838404,39.4811790808,-232.85108929559578,668.92461644506,2426.397455146921
102830,-112.394094776,42.7564040208,-112.59291848950414,794.8409467054742,2464.085347226621
102831,-112.468762275,42.8727030214,-464.77741236200563,447.20558400863024,2374.8552171081465
110148,-112.474865225,53.9895905133,-150.02563892772386,755.183650203216,2451.5804725506227
102826,-112.476835093,43.1313433598,-234.99583506136963,666.7234159235172,2425.791537044765
102827,-112.518762131,43.1229229472,-290.2018999104415,610.7612442647853,2411.010942603362
102832,-112.547624312,42.9437605553,-192.7316194470892,710.4209510611562,2438.1637343632033
303004,11.2604084688,53.12809043,-685.273288149047,310.8250471926222,2352.9888817883475
102477,-112.727094404,33.3520884307,-700.0403385805209,307.0534261650973,2352.4936289769216
102478,-112.76876107,33.2270884114,-145.0632627515053,760.4197736512996,2453.1984632347167
102511,-112.768761526,38.2520890541,-515.2818394815321,406.15614289293893,2367.4685383900987
110141,-112.847930483,50.7770902545,-173.14710021022142,730.8794359356652,2444.2031866706416
110150,-112.847931117,52.935423736,-398.0890442357801,506.53817344070393,2386.7394891378335
110135,-112.868763539,49.7020901715,-301.4827906287669,599.5101192693187,2408.185385505775
410004,11.2895247222,3.43535075239,-619.0841061329164,337.84913383117305,2356.7109506869433
110145,-112.906264076,51.6520903109,-309.8723794869679,591.1883625667326,2406.127209415915
313411,11.3066924527,52.3977067566,-468.2151612011073,444.290984733831,2374.308098577992
110144,-113.081177076,52.3103364343,-311.1028022037789,589.9712810268913,2405.8284602801155
313400,11.3189085247,52.0147403829,-384.5181024532734,519.1690619270015,2389.452025615799
110153,-113.286125156,54.7229237929,-122.78303123777114,784.0098906429732,2460.6129269926405
101576,-113.314355972,49.0018555966,-502.90703095405905,415.8391300897727,2369.1489294620337
313272,11.3362639431,50.7145553053,-207.39758537483476,695.1839262343963,2433.7676879998126
110140,-113.416683957,50.8312568619,6.536435968824545,923.0699715737663,2508.386461508369
102835,-113.452094969,42.0646265476,-433.08109497912324,474.78648681009093,2380.2030745116585
102836,-113.500290036,42.6727839289,-404.8480499909749,500.3099651619435,2385.425439852947
102837,-113.519456673,42.4555616829,-130.9219100845194,775.3775926686675,2457.876091073336
313412,11.3648770165,52.3318595541,-326.0637610456968,575.2449076594264,2402.2595970555276
101575,-113.656017451,48.7984186747,-86.47260988734539,822.71506984404,2473.217449802133
110149,-113.672931217,52.6604236233,-474.0461441642678,439.38445500523704,2373.3948611972537
110147,-113.75209813,53.3687569909,-373.35292544916865,529.6796898011647,2391.757730549886
102698,-113.814582731,46.8269766216,-266.05368601931593,635.066301192164,2417.2822910796285
110134,-113.827097042,49.5562567254,-365.76602889514953,536.8795727478766,2393.3625181930183
110143,-113.864876138,52.2684785759,-316.0499896346186,585.0867108445573,2404.6353002200117
102448,-113.922928274,36.8937554797,-548.9497096158327,381.25767490697996,2363.3243286804204
102838,-113.935266025,42.1273243378,-356.20882229795683,546.0125099053118,2395.427754876022
300142,1.13951636343,42.4105987322,-360.8272415116465,541.5905033872842,2394.4236762145024
102839,-113.984931153,42.1649340159,-316.7339399124727,584.4125617084161,2404.4713577291527
102704,-114.010297931,48.4979843299,-380.34004673467257,523.0900187578903,2390.3070170129636
102840,-114.022532258,42.2940848456,-263.89913674068,637.2485877358581,2417.8565363620373
102872,-114.022929247,43.9979229015,-402.37788344571413,502.5811594985338,2385.9028248736727
102454,-114.027094723,34.2645884822,-346.5368822329982,555.3235682514418,2397.5672531365612
110139,-114.052097485,51.0354234718,-310.933772893394,590.138425352427,2405.8694538429813
102699,-114.060763606,46.83134484,-351.8453403265544,550.204858749164,2396.386833223816
102700,-114.131166303,46.8728194944,-281.06765437439515,619.9206298135518,2413.3474791512544
102880,-114.185179856,43.31467353,-128.30530925905444,778.1509939910276,2458.7524148044076
102705,-114.186268455,48.3605706165,-191.5457185229098,711.6562340391255,2438.523951759349
102845,-114.272459408,42.3269139813,-190.8652205085229,712.3652800053807,2438.7309732757376
102449,-114.298051936,36.6725702364,-385.06577375064603,518.6561931837618,2389.340644316995
102876,-114.319286011,43.326929653,-231.34598033339554,670.4704445084773,2426.8240737261276
313401,11.4357260063,51.955897433,-402.30669658404673,502.6466980406395,2385.916631173109
102841,-114.360738579,42.589682886,-422.4944147293037,484.25977876472666,2382.110828905016
300035,-1.14396607251,41.7480041774,-400.43731242162545,504.3694624152905,2386.2801642880013
102878,-114.397790326,43.3650061412,-983.2826261495121,401.47360992678637,2366.669712343682
102450,-114.418786197,36.5229554071,-443.052562824357,465.97840608745275,2378.4617597928886
102479,-114.419727233,32.7604671378,-364.6527633807842,537.9398445565058,2393.6005815964286
102846,-114.426401278,42.3316727047,-237.9717323479441,663.6722716830747,2424.954711341689
110138,-114.46668428,51.1729234352,-50.84733390718528,860.9665714840462,2486.2035124000363
102455,-114.46876137,32.8832158339,27.582192981487772,945.9782942924852,2516.906712838162
110088,-114.477035602,49.0021821816,-164.00046148222762,740.4752153897622,2447.0897025781046
102703,-114.477097041,49.0020899476,-260.3012970640008,640.8975278531005,2418.8208096230483
102855,-114.493762437,42.5604227216,-175.44365158217724,728.4741088650987,2443.4850102147307
102856,-114.531087438,42.5935326314,-327.9703817683549,573.3780885574353,2401.813252585442
102480,-114.54002434,32.7187927953,-330.63846355568853,570.7695901488263,2401.1918692382624
102879,-114.540308317,43.3311352044,-233.83144272452404,667.9182281296902,2426.120200510516
102706,-114.584979947,47.3687408305,-106.74359096640936,801.06945293475,2466.10152594788
102860,-114.622877029,42.564610704,-254.22540608468324,647.0730455721078,2420.464417041334
102868,-114.68508573,41.94824099,-750.9460303010986,301.11177916246646,2351.7254881060558
102867,-114.685363507,41.9399669533,-322.0404155903765,579.1917491349369,2403.207762579688
102512,-114.689595343,39.2020890247,-238.38169254637853,663.252228924331,2424.839785847794
102863,-114.706262497,42.6687560466,-185.73583963499277,717.7147553675892,2440.2989443774386
102481,-114.718761406,32.7187549123,418.0722917220281,1379.0489533204068,2709.5609392503784
102452,-114.739652747,36.01453092,216.80634739167056,1154.3172922014298,2602.382154667627
102864,-114.806258316,42.6270291501,-240.03448668375515,661.5594876638577,2424.377326980136
102881,-114.80626255,42.8854227255,-322.13211514039364,579.1016812592558,2403.1860571113875
410001,11.4847156654,3.31858991073,-706.9556715363384,305.59569609808875,2352.303806341978
102870,-114.852219858,42.697823876,-537.3795309531581,389.55988588956814,2364.677858092213
102869,-114.864603095,42.4524020807,-59.95844938942314,851.1597858140567,2482.82449014108
102882,-114.869469343,42.8646034728,-371.6267522067098,531.3137964444497,2392.1201512778357
102451,-114.91028175,36.1188669246,-465.4360958358553,446.645901338274,2374.7498876807135
110146,-114.939658617,52.3764802028,-133.05099948344835,773.1222152501488,2457.165527100399
313399,11.4975224925,51.2736876585,-424.045863636558,482.8639258531365,2381.8274578036894
410002,11.5020282958,3.5104069246,-622.876335590274,335.8940962127237,2356.4314782585648
103087,-115.043761746,36.1437553197,-563.7844300292146,371.03932895287517,2361.6974089597256
102702,-115.085547215,47.3018809799,-270.2750761682461,630.7968849178473,2416.164145475084
102701,-115.12685177,47.2977202966,8.735391809248974,925.4604629463032,2509.267131322225
110076,-115.164597228,49.1812565534,-83.6462685343067,825.7402636914975,2474.2254244386436
102884,-115.172862677,43.0022251762,-910.1533932795464,351.5590990597761,2358.7153851172898
102885,-115.201672802,43.0020893692,-385.04289986071285,518.67760836829,2389.3452930206495
313402,11.5237813966,51.9310425489,-403.8601752093904,501.21757013200045,2385.6159624856446
102722,-115.352270461,47.0560349576,-122.72448412809732,784.0720475181345,2460.632732359009
102515,-115.397928224,33.1104215957,-516.3500174296827,405.3328934118229,2367.3274429911216
104325,-115.401764485,47.3853463138,-127.95375630884476,778.5237469852977,2458.8704098584194
102516,-115.502094879,32.6645881998,-174.21292690660192,729.7629242271719,2443.869553276908
110070,-115.547930727,49.52708987,-94.47486300034797,814.1591933740573,2470.384516631526
313403,11.5563971753,51.8606314961,-363.14785002652746,539.3746369458022,2393.9234463193884
104326,-115.618863306,47.4187916666,-72.23317376617334,837.9734583062566,2478.334921814045
102713,-115.726337571,47.4646039074,-60.02491423787858,851.0883047261331,2482.7999859632037
110066,-115.797930943,50.1520898847,-20.00383692676635,894.2778055130102,2497.934599081899
102715,-115.801596103,47.5231366502,-12.12921583455448,902.8087524491748,2501.001421702138
313270,11.5807566853,51.073094977,-465.5014911099891,446.590366856253,2374.739443312905
303015,11.5813438284,53.0354990213,-748.491703288519,301.1400047418365,2351.7291022380095
104329,-115.859345413,47.6269737738,-38.92013286641142,873.8279484954268,2490.6866024108713
104331,-115.860459474,47.701599421,33.30531781224223,952.2189634741453,2519.258903379535
110071,-115.868810758,49.5978718849,-73.78450817896689,836.3090665951797,2477.7726535593583
104330,-115.88490258,47.6568774163,70.68337260162977,993.0850761156976,2534.9876599819977
102716,-115.889549784,47.4897492505,-141.23943004549895,764.4591333370088,2454.4535510780506
110069,-115.94758614,50.976705662,-32.9213616068894,880.3062940709372,2492.9668347649936
102717,-115.956003859,47.4935011578,-72.45334624737428,837.7372102951206,2478.255051718917
104328,-115.960180112,47.6179875971,-118.55197219547324,788.5040017388293,2462.048543107026
102711,-115.964972504,47.6565978513,107.40938387869747,1033.4052370813765,2551.0528908441897
110068,-115.969147248,50.9479251026,-38.713618272227976,874.0508663552806,2490.764819254058
102710,-115.977683698,47.7071523285,-59.41342273560425,851.7459791296114,2483.025509498592
102886,-115.989336652,42.7808754019,-450.064512707408,459.85471660386804,2377.26961622785
110054,-115.997610531,50.8022314015,-81.2074052340671,828.3520854049749,2475.098310219627
102529,-116.010224306,40.7274036339,-349.1379918481511,552.8129353585999,2396.986985646162
110065,-116.03959786,50.8812565721,-131.99424206412488,774.2415084376772,2457.5179310119247
313414,11.6065052265,53.0024078096,-385.6770511361383,518.0840646578143,2389.216517168263
313404,11.6070630805,51.8517929334,-387.08764155670957,516.7650455904284,2388.930844583275
110161,-116.128077362,58.4020902664,281.6733173711001,1226.4754265167246,2635.1824300618473
313405,11.6180143684,51.8563214368,-291.0550496100268,609.9079580017975,2410.7949280457688
102707,-116.181404936,48.1520123213,-306.50080849914525,594.527861117535,2406.9499050670483
110074,-116.18150873,49.0025313706,-14.703753400988482,900.0185094670368,2499.9955570441616
102723,-116.188931924,47.2730103955,-124.0358991691034,782.679980885063,2460.1895090288317
313396,11.6194166545,51.5103610361,-398.5458751002839,506.1158730169719,2386.6498999176674
102718,-116.222690321,47.4770254724,-173.5706518351579,730.435700612395,2444.0705351086744
102720,-116.239747256,47.5521979936,-267.88817597324754,633.2099059113502,2416.795244285611
102719,-116.239805566,47.5147243275,-87.24743192510613,821.8860332805233,2472.941794616055
102712,-116.252103198,47.56928555,-67.05818929423442,843.5291116231803,2480.21890767994
102721,-116.310181249,47.5646999937,-32.19596654846902,881.0901124812456,2493.2437213737244
102892,-116.32709669,45.7479228383,-455.86549638006636,454.8343022171874,2376.30358126454
102696,-116.410430745,48.910423067,-195.85405112600944,707.1707534716272,2437.2186899051367
303002,11.6438429126,53.0353745473,-640.7732820258161,327.2945481107105,2355.2210488784863
110052,-116.439598099,51.4229232259,155.3598853810011,1086.26668590396,2572.9204769603853
102697,-116.502388799,49.0014626455,-252.7310472063888,648.5944283226443,2420.8715786485786
313406,11.6549558315,51.8559416017,-123.08029367286123,783.6943134306526,2460.5123947586253
104307,-116.560693699,46.964308192,-140.12310466585964,765.6391220652824,2454.8213240670243
110073,-116.581264163,49.1145897289,-138.86386819983042,766.9705714022787,2455.2369183552164
104302,-116.639351248,46.9438366933,-257.53314936711814,643.7090092651196,2419.567266365282
313413,11.6652609103,52.2482588992,-438.6425119235224,469.85978769686466,2379.2252285044024
102724,-116.65636337,47.822916695,-258.00864735355594,643.2258214168605,2419.438762439479
102891,-116.697857582,45.2526434534,-495.06031056742495,422.1124351441088,2370.2580821000424
104298,-116.706026976,46.9273287169,-315.0042206110006,586.1180347569963,2404.8864460769632
303009,11.6813518667,52.0664303491,-503.9249309721976,415.03276226226967,2369.0075267099364
102894,-116.822930262,46.4520895116,-123.73028701752656,783.0043497422914,2460.292722334607
103380,-116.831150949,34.1692270523,-374.9523319139168,528.1677334769707,2391.4233465748976
313390,11.6841877309,51.7028102581,-431.54130024687475,476.1567164241414,2380.476777129553
313263,11.6936310317,51.073113426,-262.8681071051623,638.2936527217462,2418.1321831037594
102888,-116.964596443,43.7770892813,-111.37569348782569,796.1364108521309,2464.5035306409677
102453,-116.97245323,33.8187535463,-485.80128901491736,429.6407465263613,2371.6103471972397
102890,-116.977096528,44.2437559859,-411.9802396303238,493.78533514359634,2384.0655244896598
102725,-116.97724771,47.7023634901,-170.2489928026234,733.9171207477393,2445.113250543609
102889,-116.98126313,43.8757779264,-406.79990975345277,498.51945486635924,2385.0505476273524
102898,-117.023031655,46.7312985287,298.9508091979053,1245.7431747386634,2644.2050838135165
102899,-117.036291124,46.7310043947,546.6712908394284,1523.6904737546513,2785.9607189743283
102726,-117.044102454,47.6985175617,-143.3280955239692,762.2522518448279,2453.7670963846167
103379,-117.056588064,34.1476537945,-232.95262710223136,668.8203642384302,2426.3687163078303
102887,-117.064358249,43.7768504593,-146.12692773842534,759.2968620380569,2452.8506258144057
313407,11.7067772298,51.8480247691,-289.3232406139265,611.64044449406,2411.233813050525
102553,-117.068704755,34.1440296932,-189.68285134982798,713.5976163062448,2439.0912295064395
102895,-117.085739453,46.9143416859,-101.80446534015925,806.334974580275,2467.8169622337587
102554,-117.097928604,34.1062549591,-267.8886861904987,633.2093898220567,2416.7951090682272
102900,-117.135598754,46.7188917287,-141.4192329553477,764.269107602939,2454.3943726902316
103371,-117.135949415,33.9855357391,-260.3096735372918,640.8890255231777,2418.818556835822
102727,-117.155968218,47.6810978313,-161.29538896198233,743.317895594333,2447.951380597268
102901,-117.172726275,46.7313805227,44.53068462000187,964.4725697532369,2523.9159664425624
110055,-117.177098265,51.4812564777,-10.673156394586286,904.3872852388132,2501.571671881282
313382,11.7187094558,51.1278988725,-294.6995004757075,606.2672738417377,2409.8764439673614
102728,-117.196331005,47.6726800326,-170.92737631268713,733.2058357462068,2444.899847729877
104286,-117.222744332,46.7605229191,-249.7203990056758,651.6624931320896,2421.6953715966033
102896,-117.234080637,46.976842315,-728.5018900463666,302.35231968610015,2351.8846470600656
102513,-117.243762442,38.8895888029,-310.73349973128217,590.3364866714278,2405.9180441887142
102556,-117.260540525,34.1854094287,-344.5119597503942,557.2813377689507,2398.0214672272705
102517,-117.318762014,34.5729216677,-362.77821299202674,539.7273160481838,2394.002933069602
102897,-117.318806071,46.9189109542,-439.8771408945933,468.7708744768798,2379.010424654566
102559,-117.331216299,34.2101836067,-419.20958533216486,487.22352765761474,2382.7150970605812
102708,-117.352097618,48.9979229713,-111.74906009156729,795.7390079925281,2464.375181805363
103376,-117.360051164,34.0313361659,-89.97884096828463,818.9645432766199,2471.972368575661
102902,-117.360430455,46.8770894888,-496.98011734519224,420.56834736258816,2369.9835870023617
102552,-117.360539517,33.2186439047,-701.062082655897,306.82550822704263,2352.463891403238
102729,-117.373539251,47.6814006563,-122.65796948718987,784.1426642028891,2460.6552350299885
102903,-117.380985085,46.8936722331,-648.0326208667533,324.11397493824046,2354.7811653331078
102560,-117.393486354,33.9898186885,-205.51083086298283,697.1399492601271,2434.3271301761592
300500,11.7423137327,58.6381515729,-226.19422405572632,675.7683579489213,2428.293092166237
103368,-117.431618056,33.9687482777,-955.6185552781338,381.1814253706709,2363.3120291034147
102909,-117.432143804,46.8101689132,-68.19309429896953,842.3102621058384,2479.804638576614
102561,-117.446960798,33.9687549237,-489.7007594149019,426.45397393126933,2371.0351030170464
102730,-117.447704196,47.6608827936,-122.32820218169482,784.4927849229888,2460.7668311836273
110056,-117.447764957,51.3852564398,163.0618203700042,1094.7783355869285,2576.5255814619363
102731,-117.447874019,47.6524181689,-181.1721197697162,722.4814757105581,2441.7051317884784
110057,-117.451805525,51.3898905422,237.96578351051963,1177.8218441196916,2612.892796182575
103360,-117.464049351,33.9607193071,-806.3298763919133,307.4407813121358,2352.5442188981483
102558,-117.468747774,34.2644731682,-443.2917852930636,465.76851488290555,2378.420647680622
103365,-117.505823922,33.9689255757,-602.1804326105163,347.0963620585898,2358.0543573911923
102732,-117.519078386,47.7397428601,-198.9019447654884,704.0013308894978,2436.3009546752364
102906,-117.522930558,47.206256162,-327.1596068455082,574.1716569778883,2402.002822549136
103359,-117.526654537,33.9649311914,-688.5272980585239,309.91798959167147,2352.869233113015
102563,-117.539455973,34.1856732717,-410.5809883141065,495.0614592224134,2384.3301609183045
103356,-117.559789811,33.948066667,-495.7628100623064,421.5467346012048,2370.157403488262
313408,11.7571986649,51.8304642216,-237.1464594723901,664.5180501943624,2425.1863241597334
103354,-117.593755363,33.9310391966,-762.0526547631575,301.3146359726642,2351.7514702256744
102565,-117.597682904,33.9817919828,-1607.113718870825,1027.937625467288,2548.84291977921
103374,-117.597809273,34.0114653863,-1323.728227856608,722.7155650887001,2441.774407245428
110060,-117.60209767,49.018756278,224.71972776339143,1163.1037453976096,2606.291386321804
110064,-117.610431003,49.0062562759,-9.418290197592281,905.7479775444081,2502.063921382319
103357,-117.614524166,33.947860708,-1286.776093261833,684.3191427272402,2430.6865608219064
104310,-117.618412569,46.9979816638,-233.75040589613957,668.0014023881937,2426.143099953066
110159,-117.621778253,55.714589967,-63.88486978589472,846.9385109077139,2481.380524852216
102564,-117.627132804,34.177204329,-433.1381721963448,474.7357459440292,2380.192953593115
300110,-1.17630091818,41.8317713133,-435.98077308380186,472.21335413154185,2379.6911395551824
313416,11.7640486505,52.7979823457,-395.27631076325804,509.1425238361946,2387.293567501821
102566,-117.643497183,33.8851808958,-485.5332220380543,429.8606696488056,2371.6501983151315
313392,11.7653615196,51.8620651892,-498.340229892209,419.4780083686683,2369.7903424907076
110152,-117.655372408,53.3812329809,-23.80901765849937,890.1591809344962,2496.4630650701115
103358,-117.668684919,33.948134329,-646.5095480226083,324.7660859271393,2354.871010995234
103369,-117.685640904,33.9731719921,-1930.3493671165002,1387.5789032503135,2713.912246297331
313395,11.7686529919,51.2101631113,-350.48235096231025,551.5172159367863,2396.688487753873
110059,-117.702098291,51.2145897347,304.3992180748569,1251.8230855351385,2647.074896057155
103370,-117.710423024,33.9898334935,-536.1213758767844,390.47936160815624,2364.8295075330893
110061,-117.714597732,49.1729229417,181.92988266458033,1115.6526695893272,2585.4642420693185
110151,-117.721463808,53.3687920939,-37.78392396857311,875.0545001575408,2491.117188352095
102893,-117.727387179,45.6193877817,-203.34552959958498,699.3862967938672,2434.971387922314
102709,-117.772931012,48.92292292,-62.282688998799216,848.6606426299163,2481.9688463408047
102905,-117.795685729,46.9437561163,-236.40647571990345,665.2766570019958,2425.3942974718634
102567,-117.79756792,33.8558538034,-513.7714470830281,407.3236900463924,2367.669118844585
102546,-117.802125725,41.7727579104,-735.5547541971283,301.7253039030242,2351.8041217058562
102904,-117.805888619,46.9437732193,-318.71683815691324,582.4596701708253,2403.997449090325
313391,11.7813522619,51.8314003497,-383.4991307516722,520.1239647722873,2389.6596842621184
102733,-117.835430761,47.8354228401,-143.07114263277325,762.5236844807406,2453.8514293353956
102545,-117.835560537,41.9684397276,-396.21684513279877,508.2708644056637,2387.1078189853433
102910,-117.893378628,46.8608054034,-193.09389925573475,710.0436792164895,2438.0538333376835
102908,-117.922975985,46.9186988802,-683.680244496779,311.28454375215983,2353.049624431298
410003,11.79380547,3.29845975306,-728.3540583655681,302.36777561800716,2351.8866340853815
110062,-117.943704078,49.0145841636,-26.265422062512396,887.50174016744,2495.5167414099865
300585,11.7948898301,59.5113724551,-334.6364073450844,566.8695381313793,2400.267806124676
102911,-118.138864491,46.7604227341,-419.1966705740594,487.2352022481614,2382.7174843373878
313389,11.8149218437,51.581854561,-260.0132263220755,641.1899462964293,2418.8983060659866
102514,-118.202157745,37.8314509863,-483.45035668146386,431.57314207496944,2371.961181136349
102568,-118.206113305,33.8172274602,-1941.465250008105,1400.0584780030115,2720.313991010117
102569,-118.206262104,33.7979215286,-650.3937229148554,323.1192190500908,2354.644452476174
110058,-118.218764995,51.0020896621,177.84793471865,1111.1340159550937,2583.5176154363216
102518,-118.22709574,37.0562552132,-388.96781019633636,515.0096214057027,2388.5517323260406
104323,-118.272862253,47.2976520286,-1002.6613655033049,416.54718565609966,2369.2733117425055
110086,-118.3020978,49.0062561999,-5.329938818379809,910.1828662322903,2503.672765726406
102530,-118.306262835,40.4645888722,-405.8563880030372,499.38452307584794,2385.2315128190335
110160,-118.308673675,55.1356610441,-136.16293856738133,769.8278081577142,2456.1309659849558
313383,11.8357329204,51.1657441706,-355.54957536151284,546.6450103275159,2395.5720058418724
102742,-118.364063462,47.3061226343,-490.55870755487877,425.7559671764606,2370.909659064142
102574,-118.423033637,35.7555810516,-399.1098253096565,505.59481625960126,2386.5394583131997
110085,-118.465855396,49.018756183,-217.44670889590904,684.7875305953053,2430.818469140816
102527,-118.602119047,39.4774492935,-176.97576733846543,726.8703332084465,2443.007357573006
102570,-118.702446249,34.4022910086,-277.32991475052927,623.6808685042781,2414.31611302156
102528,-118.722929451,39.5588113623,-328.21743955760303,573.1363569158003,2401.7555561455456
110083,-118.760014551,49.0020061496,-222.08168868046525,680.0049791228487,2429.4755070774327
303012,11.8761940988,51.9148995806,-465.14376011084846,446.89422679440224,2374.7966055642423
313409,11.8761940988,51.9148995816,-460.5202255819845,450.83684029427496,2375.54169073578
110084,-118.77709789,49.0062561479,-87.34025206538742,821.7867271742324,2472.908791851616
110158,-118.802099824,55.0729231209,-142.06257703681285,763.589256873974,2454.182760323817
102548,-118.868763284,42.7895890266,-516.8536499749092,404.94545327313955,2367.2611364156405
300240,-1.18971336029,42.2647248481,-568.8236702438196,367.6836950695247,2361.172540810447
102526,-118.993001503,39.4943576249,-368.7438930829158,534.0481950981055,2392.7289739008943
102807,-119.002257668,46.589617197,-95.09484386705161,813.4969080876301,2470.166327866489
110034,-119.006265771,52.9854230042,98.6993479627163,1023.8288834039224,2547.1886562148093
102912,-119.018763952,46.2187559393,-364.13009536264394,538.4379620671052,2393.71257816227
110087,-119.018918482,49.0022443286,-220.3409154092611,681.8002252289459,2429.9786038110547
300597,11.9041366331,59.6535747079,-253.97930167150153,647.3235327458095,2420.5313928771507
104314,-119.052130099,47.0145462351,-348.50960314510075,553.4190289365815,2397.1268405001833
102808,-119.068713994,46.3851890921,-323.003286345011,578.2462706310843,2402.980070112118
102809,-119.085430661,46.3635541513,-395.1308227750651,509.2774296550824,2387.3223427541934
102519,-119.096413596,39.1520886896,-520.2691331690014,402.3301006661092,2366.8151549623144
104315,-119.114238699,47.0355221609,-273.17650009162315,627.8673765295765,2415.4009833498485
102575,-119.139829731,36.873155655,-207.5940579484218,694.9803133862853,2433.709535637271
102747,-119.147681066,47.0062117215,-361.02659603515303,541.3999865925282,2394.380590745688
104262,-119.185583802,46.3815584478,-386.34324789464233,517.4609008762471,2389.081466127294
102750,-119.238920193,46.9193140723,-490.9341930492376,425.45084020923525,2370.8548849079793
102525,-119.25602611,39.2937629243,-363.34070786324486,539.190668318974,2393.8820030777506
102743,-119.264390049,47.1897767206,-783.6599248082484,303.25369042334137,2352.0006948580303
300468,11.9284912421,58.3530529333,-222.15929030436288,679.9249759931627,2429.453115587248
104294,-119.298155494,46.9017842308,-799.319653045413,305.9149949353474,2352.3453088319275
102524,-119.310723414,39.289804197,-252.2976586593732,649.0358380642789,2420.989877498269
110037,-119.318765113,50.6895895172,-226.4099721612006,675.5462804603362,2428.2312997120102
102542,-119.322726153,39.7358830519,-545.6821251426358,383.57379253591523,2363.699076062278
102576,-119.335415588,36.8313902746,24.271074891269222,942.3698626135763,2515.5527078198165
102543,-119.339596251,39.7772046973,-465.9694571984215,446.1931323025861,2374.664771956512
313417,11.9357665337,51.9648112257,-506.6707087393699,412.866283568146,2368.6289358961767
102544,-119.36046151,39.8313204488,-446.0984693810974,463.31105613165187,2377.9406221752274
102752,-119.368331305,46.819029547,-182.35977156316648,721.2403529715483,2441.338181123583
102754,-119.455571643,46.819094614,-582.1912740556456,359.0833767027795,2359.8485839734617
102744,-119.455602524,47.2615341936,-916.7420502809622,355.5286673379513,2359.3103020070043
102806,-119.481612975,46.2562558944,-227.57770516925993,674.3446043033938,2427.897261667055
102541,-119.485429581,39.5645886967,-335.1382649781759,566.380707341802,2400.1524063080415
102577,-119.539355752,36.485522467,-549.2529423203323,381.04390321300355,2363.289851887213
102540,-119.551858893,39.556120724,-210.75101996332697,691.7105186110224,2432.777817519391
102584,-119.560236008,37.731301737,91.75439894277304,1016.1992365121462,2544.1315524447923
103422,-119.560252212,37.7353400994,87.26795878648642,1011.2734027468242,2542.16804380836
313388,11.9560607094,51.5118957253,-357.1548615558746,545.1054121449652,2395.221154341915
110081,-119.568764729,49.1145893999,-275.37386485456915,625.6514522326594,2414.8259166114062
102734,-119.573953182,47.943989038,-227.36563448810202,674.5627998334876,2427.9578741766663
102523,-119.589536741,39.2314405202,-390.8769292632945,513.2303419220096,2388.1687234629517
102755,-119.605645468,46.843466475,-612.2010846792268,341.5112483739999,2357.238723723851
110082,-119.606314824,49.4810260832,-246.4550230768281,654.9945804084977,2422.5941402186595
103424,-119.606334818,37.7359200914,-101.295247235065,806.8781627840787,2467.994497043114
103419,-119.639846387,37.7232773004,-0.7754874977748472,915.1264896827233,2505.474198625144
103418,-119.656202403,37.719022339,-37.65134789480535,875.197632745992,2491.1674701275047
102585,-119.666304263,37.718504016,15.341452503979163,932.6463066751452,2511.9262730446667
102520,-119.689596195,38.8770886189,-520.6455185794446,402.0431953877405,2366.7664014040056
102522,-119.694882344,39.18138309,-459.85556845341284,451.40592782886165,2375.6497594418915
102735,-119.7015693,48.28152506,-335.01888965266426,566.4969689663612,2400.1798440336415
102579,-119.702095982,37.0020884407,-312.54634557075315,588.5445166735734,2405.478978491355
110079,-119.710431411,49.0770893818,-37.79640519879929,875.0410252576482,2491.112455057226
102803,-119.710547483,46.2570387635,-11.373016194108601,903.6285152253868,2501.297455598937
102758,-119.735918583,46.6400090992,-288.44861561241174,612.5160096162045,2411.4560601208227
102536,-119.741910876,39.5185545489,-531.0974389118451,394.1824670955442,2365.443781877475
102757,-119.83116917,46.831255896,-105.77356591719561,802.1031355006882,2466.437493194854
102521,-119.834447683,38.7686643209,-74.2553590376865,835.8039987540645,2477.602226385536
102535,-119.866485194,39.5105053293,-277.66352496039383,623.3449677269039,2414.22936289155
102740,-119.876937414,47.4688046937,-337.1080992900324,564.4636147060276,2399.7007397140746
102741,-119.896551189,46.9312558973,-327.89478373312664,573.4520645847742,2401.83091374764
102800,-119.918124387,46.2190095193,-457.7977868198682,453.17146630230957,2375.9858681667
102534,-119.972775825,39.5227100953,-466.9044084646441,445.40038161343017,2374.515943892285
410210,-11.9978107056,13.6684454691,-872.8099230633974,331.4425153122868,2355.801054591371
102798,-119.981487653,46.2894534722,-530.7412645553878,394.44689225022654,2365.4878606036314
313387,11.9982744949,51.3855900028,-401.3712133962158,503.5083990816277,2386.0983164578583
102737,-119.985086838,48.0773698981,-313.7751820870788,587.3309286481845,2405.1823397829985
102531,-119.993197836,38.9240273897,-204.07804639036036,698.6261775521313,2434.7531710254298
102799,-120.01889669,46.2520155451,-407.11253390535495,498.23301507146,2384.9906928884398
102533,-120.035429655,39.4270886414,-136.76230840482117,769.1935855975121,2455.93225476226
313394,12.0059472755,51.3893862351,-206.6451842818366,695.963798606009,2433.9905662979445
110003,-120.060314433,56.1230423998,281.37836425579576,1226.1466625124465,2635.0294316852883
102791,-120.093353953,46.2731955348,-592.511521513818,352.7584678420187,2358.8944453899435
110080,-120.097931553,49.3520893536,2.086475008315933,918.2346666050628,2506.611132747278
102738,-120.10196656,47.3556350954,-119.4564612661408,787.5429086522348,2461.740908549416
104251,-120.131264174,46.3395891673,-176.8349654926297,727.0176901182432,2443.05120486701
102796,-120.143137089,46.2771035921,-647.9671438248904,324.1418415984094,2354.785001084407
102736,-120.144320051,48.8234779448,-131.87006377520945,774.3730541910068,2457.559377698612
313386,12.0146314282,51.3561493184,-426.409439898813,480.74232816397335,2381.3982560558406
102739,-120.147793222,47.2935778702,-164.79303900999574,739.6427273790556,2446.8379251642336
102786,-120.186710724,46.3437558276,-297.11314708688957,603.8600467531093,2409.2719696875133
102790,-120.198844204,46.3146893812,-179.9374493002235,723.7722093070593,2442.0873610136277
300048,1.20209739461,41.9315420686,-320.12222915508687,581.0769895223872,2403.6628165384764
313264,12.023536575,50.9352207445,-59.78652279420295,851.3446920478469,2482.8878856153224
102532,-120.235852423,39.4314832167,-320.87138427701007,580.3404328613051,2403.4848628337418
102586,-120.330850272,37.5230836178,-253.11432282146467,648.2041277592383,2420.7670394115576
102795,-120.377825081,46.251885981,-521.6560661659606,401.27418491576486,2366.6358907396575
102793,-120.401337348,46.2478530997,-724.2759812277044,302.8314529344463,2351.9462912115296
102913,-120.406264062,45.5854224219,-325.7107737691056,575.5907779639289,2402.342442603553
102794,-120.406565051,46.2562583064,-780.9951511955405,302.90508082062513,2351.9557725102386
313415,12.0435834856,52.8437047805,-635.0467845861665,329.9309164868231,2355.5888600329044
102595,-120.460158165,37.6645737675,-170.15468914483702,734.0160091747622,2445.142934386889
102780,-120.464597607,46.5395891448,-616.7204187917264,339.0903688468936,2356.8892095518627
102767,-120.47275901,47.0146535612,-255.8337874783436,645.4366825032256,2420.0274748395013
102768,-120.472851286,46.9729241127,-337.44070260224896,564.1401712266639,2399.6246791214935
102782,-120.473411083,46.5359661905,-718.1022279369583,303.6698724480635,2352.054391226934
102772,-120.481089456,46.8609262974,-179.99113441180796,723.7160764551172,2442.0707252610173
102771,-120.497752496,46.9268758749,-349.32161981955056,552.63587533504,2396.946156792974
102773,-120.497924497,46.8601458534,-412.6153618767911,493.2067428418748,2383.9457542154714
102769,-120.502078448,46.9310997312,-468.8908416059293,443.72001749198245,2374.201322925326
110078,-120.506264987,49.4562559802,-123.93917405283825,782.7826399050209,2460.2221706979954
102777,-120.522777498,46.6269981531,-256.44672671934893,644.8133827240308,2419.8613113972647
313385,12.0563181497,51.3113471727,-588.9978872995497,354.8799559882905,2359.2126337020864
102774,-120.606005975,46.7434994567,-353.67954971356517,548.4408983388811,2395.9824471034926
313384,12.0633694873,51.290659877,-413.3692490710989,492.5204796741745,2383.803870027012
103399,-120.639906007,37.5187805485,-203.26249314511293,699.4724740760477,2434.996141649376
103396,-120.647790635,37.5055606454,-28.221466058609543,885.3863497201709,2494.765210621651
102792,-120.648314122,46.0191209998,-299.79729439462983,601.1867645804215,2408.6033284382793
103381,-120.653262935,37.2557802077,-351.82388067613056,550.2255108846006,2396.391574990511
103394,-120.657790636,37.5025050891,60.028717575155895,981.4177576821659,2530.4397410235188
102776,-120.664176272,46.6311825674,-556.4021827437871,376.062317402845,2362.491763885682
102547,-120.673042515,40.4184388354,-344.8346248071641,556.9691823382225,2397.9489439793733
103390,-120.71021254,37.4138315288,-516.5532435161163,405.1764983306285,2367.300670100178
102596,-120.754940486,37.6354921181,-580.9676372586182,359.8518772319012,2359.9656441153134
103387,-120.801957313,37.3855283034,-276.24484081364557,624.7737724091475,2414.598669457854
102580,-120.850363933,37.2938233549,-1254.1292641569587,650.8196046159419,2421.4686918499965
102581,-120.855959278,37.2479769641,-274.665031944652,626.3660151228164,2415.011149613624
102914,-120.902097487,45.6187557077,-257.67400449772714,643.5658655911811,2419.529187923016
313246,12.0944687388,50.4274510085,-249.1232879792631,652.2714600981469,2421.859311668589
102766,-120.946643299,47.193873816,-156.20946005354398,748.6683102389305,2449.5813329247303
103423,-120.952829038,37.7394574947,-13.632433456420603,901.1794572168847,2500.4137421568853
102781,-120.956347835,46.493385387,-491.02867902852324,425.3740935680023,2370.8411138952524
103382,-120.960368146,37.2769312325,-1293.7484540472183,691.527384160734,2432.7257533272154
102587,-120.960429556,37.3479217203,-174.4593647484485,729.5048169351894,2443.7924923751048
103408,-120.984390808,37.6363245602,-415.87350626748855,490.2449619445752,2383.334762589872
313248,12.0984683732,50.4777933887,-444.4867975857134,464.7210424989582,2378.2157419373457
102597,-120.989089841,37.6270884094,-258.7986865809348,642.4232307793948,2419.225511460707
102589,-121.014499195,37.4147918659,-360.85994004362124,541.5592523806292,2394.4166077974705
300044,-1.210410747,42.6190666035,-461.57327219150136,449.93639292169905,2375.370965877261
102603,-121.047424071,38.4980014735,-617.143169658371,338.8671043171208,2356.857098393017
110089,-121.060270867,49.0210058942,-148.18323841872677,757.126893518403,2452.179765177527
102592,-121.081603983,37.4982948788,-97.66062979902446,810.7569579957741,2469.2653386778516
102600,-121.110674157,37.731010543,-117.34944853491037,789.7820904191789,2462.458165777476
102588,-121.126899962,37.3145006566,-618.6171718157592,338.092962947072,2356.745917457292
102594,-121.151826704,37.5191300765,-444.33800758323713,464.8513697018019,2378.2412122766104
102687,-121.164774392,48.7313824702,0.6739296437569173,916.7004407706116,2506.049513869651
300372,12.1192825839,57.3978567173,-311.88783785633086,589.1952187816437,2405.6382674235188
102915,-121.210430901,45.7604223524,-275.7867392110052,625.2353536166755,2414.7181440634954
103405,-121.210472833,37.6182973257,-361.49044450369473,540.9568175631946,2394.280423493744
102601,-121.264596307,37.6770883946,-228.38343739766754,673.5157620167338,2427.667182614261
102602,-121.302174026,38.1563327592,-359.1353973789511,543.2085491536102,2394.790177809082
300432,12.1332185321,57.9647678462,-243.56571067529265,657.9467163988555,2423.3939732279023
110038,-121.339598735,50.4229226002,0.5578132827357081,916.5743356220338,2506.003387982198
102655,-121.377040129,47.1769098546,-134.39635000247216,771.6976701923875,2456.7176805725235
102620,-121.381263106,38.6437551365,-302.65018545308845,598.3497803018582,2407.8967850480144
102656,-121.401945511,47.206383769,-182.69713463290384,720.8878830913503,2441.2340747755447
102619,-121.42292977,38.5687329863,-383.3376809776346,520.2753445348467,2389.6926375557455
110042,-121.452098466,49.3854225353,-82.2114337336077,827.2767009924048,2474.7386140483927
313393,12.1488441723,51.0562662526,-319.5892823097504,581.6011826658438,2403.789592193042
103801,-121.497486587,40.1023869892,-329.9559229274222,571.436454006903,2401.3504718856148
102621,-121.502096436,38.455658983,-292.71327242037773,608.2505713449355,2410.376158486207
102615,-121.52291321,39.1773820357,-466.0638291595364,446.11306013332194,2374.649727913319
313398,12.1525972727,51.3690574704,-198.92138929521096,703.9811212458435,2436.2951149086675
103838,-121.531064128,40.1894996544,-287.2511241887097,613.7154350311843,2411.7609962541474
103531,-121.539938183,38.9733827668,-158.94164748473546,745.7931110092646,2448.704112849521
102571,-121.547929564,36.5562549408,-538.9542004534701,388.4136225001011,2364.4892915809396
102616,-121.577096533,39.1437551639,-508.86312774761336,411.1456277709983,2368.3296212927144
103792,-121.585085978,40.0853707528,-401.6382908523421,503.26230218919096,2386.0463978435223
102573,-121.596951514,36.9017832694,-402.29589748585164,502.65664070258424,2385.9187258370075
102618,-121.598066506,38.7730584812,-202.49154486567798,700.2726984177157,2435.2261332382486
313250,12.1603771953,50.602470173,-357.9299924770063,544.362681204061,2395.0522325295865
102617,-121.606263173,38.8895884739,-246.1500813776319,655.3059853331789,2422.678353036319
102614,-121.635440527,38.7770777656,-73.60940704193798,836.4969040190448,2477.8360596074003
102572,-121.672929591,36.631254939,-631.3254145229284,331.7030044062305,2355.8377174562347
103665,-121.702024678,39.7309091095,-544.5118195344173,384.4088618079276,2363.8347321447304
313251,12.1722878623,50.6231291657,-384.0638655383882,519.5946286660767,2389.5445268912486
313249,12.1733563214,50.5361445225,-392.3844225144659,511.8276554277519,2387.86767152578
102613,-121.77266285,38.8146973617,-152.61798108974938,752.4510191411282,2450.7400931277484
102609,-121.777312596,39.7694105347,-507.02133566569546,412.5905516586456,2368.580889726012
102663,-121.847564901,47.3894605762,-452.0461194871378,458.1350170063233,2376.937559479564
110033,-121.847933361,54.0812560238,-34.66040231305881,878.4275679516765,2492.304046458774
313244,12.1855266744,50.3984339881,-318.25853600247706,582.9108258948171,2404.1067985434133
102610,-121.863324612,39.7271106752,-547.2634039327716,382.45009859781624,2363.516986563617
300392,12.1891918257,57.6108735749,-326.0178720920028,575.2898669603088,2402.270363403023
300435,12.1924612,57.9861648199,-268.103269090058,632.9923482076181,2416.738252427572
102682,-121.939787693,47.7437591415,-351.71180538277065,550.333374229439,2396.416343344378
102608,-121.948331503,40.0140526599,-481.4845737161949,433.19528832204446,2372.256863343787
104182,-121.99751066,44.777233838,-171.899346351909,732.1869693310459,2444.5944910997946
102612,-121.999380915,39.2145884708,-289.8157338199063,611.1475981646008,2411.108843374692
104175,-122.001868085,44.5022894313,-264.68985349732986,636.4474404972751,2417.645510072313
104194,-122.00259398,45.018739029,-694.1990253721192,308.43913147762055,2352.6748958757457
102917,-122.026691494,45.4811631943,-198.1952738133304,704.7358963675795,2436.51331855303
102916,-122.027482215,45.6143012913,-95.70758922741402,812.8424361150246,2469.950868702997
102685,-122.031041729,48.0020924759,-425.5735684364728,481.49193989401937,2381.5496963196438
102683,-122.043571078,47.8315645777,-323.28207472982126,577.9726251573101,2402.9142355249624
104201,-122.043591859,45.0769700498,-159.60588967388173,745.0944251910203,2448.4914070316886
102671,-122.047912319,47.5479980393,-524.0147984588132,399.4866182539491,2366.3334562189793
102657,-122.056009041,47.2767040818,-554.8510992847795,377.13348056774237,2362.6625087012367
102684,-122.056370284,48.0185764952,-486.23026939946203,429.2890355061359,2371.546656480338
104195,-122.064423249,45.0273212937,-148.70864925253744,756.5726287317954,2452.008688892318
103731,-122.064721629,39.9407187689,-935.1903765489467,367.2471569806848,2361.1046021232683
102604,-122.118328745,41.0939581453,-205.81815874384776,696.8212522878109,2434.2358812360885
104164,-122.155933717,44.160710763,-101.58194581314052,806.5723311680599,2467.8945263651685
102659,-122.164245759,47.314842475,-466.6146899259288,445.6459091639576,2374.5620110268446
102665,-122.18180369,47.568438625,-540.721171333182,387.13341695156623,2364.2793300238186
103517,-122.185184876,38.8273070337,-549.6539887588551,380.76148124913897,2363.2443321544897
102607,-122.185541708,40.2894769487,-490.51322558672194,425.7929416052999,2370.916299024109
313261,12.2189422541,51.3773291901,-373.6437455574064,529.4046167482558,2391.69682779646
102674,-122.210564575,47.8187940677,-604.129037396819,345.9872963835455,2357.891362449949
102670,-122.214723781,47.7066329454,-362.09962967942954,540.3750388268479,2394.149045160806
102673,-122.223245761,47.8313433277,-268.15501466228477,632.9400129846815,2416.7245453080354
110044,-122.231275987,49.0020782686,-423.7606376430028,483.12035470187095,2381.8794564344653
102622,-122.235790482,38.8899489709,-380.9185887136989,522.5461981330508,2390.1880672952466
102606,-122.238288433,40.3850817646,-564.6450717620226,370.4619620382581,2361.6067693785344
102675,-122.239683102,47.7649534032,-430.64867288313246,476.9522528616844,2380.636032527257
102921,-122.252650596,44.2140356514,-128.23429124498557,778.226292141628,2458.776246354635
102661,-122.260330733,47.4811549548,-278.5954229858346,622.4069634024661,2413.987343783965
102680,-122.277098176,47.6979223537,-439.4285095433922,469.1663520766875,2379.088382927004
102690,-122.289598463,48.8395890792,-498.9356439274,419.0016366890733,2369.706066035491
102624,-122.306530764,38.3687270538,-440.4531717177124,468.2634351717867,2378.9104885590305
102651,-122.314618556,47.1767321476,-452.80685849785664,457.4761215399931,2376.8106507748057
102611,-122.322842917,39.8191128588,-671.2402120107031,315.21599229626133,2353.572941222897
104165,-122.331747331,44.1887429703,-53.0887967360737,858.552497134519,2485.3685558068046
102689,-122.333172448,48.4437557204,-420.4304299707692,486.1206995433762,2382.489832587292
104212,-122.33580383,45.3770129487,-404.2601812367116,500.8499543968811,2385.5387535474333
102650,-122.339781249,47.2146271447,-378.73623262479606,524.5990424910344,2390.6377022124857
104179,-122.343660846,44.5939655979,-150.80672055056618,754.3601012408719,2451.3269121439967
104214,-122.359893007,45.4022701407,-512.724359856842,408.13547513001856,2367.8089099242966
104217,-122.360471668,45.514527133,-535.3880489054119,391.01675787804595,2364.9183015061512
104218,-122.381519967,45.5316974655,-490.11334753460386,426.1181594373261,2370.974726491098
110047,-122.406209474,49.0023046866,-434.1638138527692,473.8245877256141,2380.011388164063
104213,-122.406224876,45.3976477714,-533.6665331710536,392.2825469882759,2365.12791715985
103995,-122.426453636,40.7143456129,-197.16181949296632,705.8104521794991,2436.824339640244
313428,12.2437061342,52.8434350494,-491.25744347878776,425.18833626180896,2370.8077925362
103947,-122.443619215,40.6079797391,-303.32942128059767,597.6750004905383,2407.729194504367
102605,-122.443763533,40.6020885436,-175.70244321874793,728.2031618419691,2443.404246696384
110041,-122.443766249,52.5270892243,-54.67085180398361,856.8491829112008,2484.7806724362767
102648,-122.447688044,47.1231122641,-602.3471906438009,347.0010228797634,2358.0403257232233
102918,-122.451816495,43.5936130411,-288.3599480941174,612.6047947472415,2411.47861330027
103956,-122.457359572,40.630929636,-303.72555044415174,597.2815895974568,2407.6315675637225
103955,-122.469105897,40.630867227,-139.85726896289205,765.9201673383963,2454.9089943606787
313242,12.2474926035,50.3400379173,-379.54426567718286,523.8384985883399,2390.470924412294
313240,12.2481100476,50.2689809374,-350.8418133674654,551.1709775318337,2396.608836320746
102926,-122.485213057,45.1647127531,-355.85273664379326,546.3541090207195,2395.505641884633
104224,-122.493800558,45.7603154344,-297.3691161860928,603.604943787666,2409.2080433250662
102649,-122.518507317,47.2019523187,-255.59116338129317,645.6834539835746,2420.0933020454895
110048,-122.518881928,49.0105431173,-529.163675174136,395.6210728767194,2365.6839394055596
104225,-122.519557568,45.8559529083,-341.7435829650727,559.9624957329671,2398.645964806973
102693,-122.527134611,48.9231926421,-490.63765479198196,425.69179488749427,2370.89813616946
102941,-122.562811277,45.9519573752,-160.90791219032087,743.7252588491062,2448.075106794612
313241,12.2566528263,50.3065043945,-305.6939478220164,595.3280121410083,2407.1476709784647
102644,-122.575979945,47.4314914096,-359.13852355873956,543.2055573580786,2394.789499184006
102695,-122.577098505,48.8198931175,-547.9178104312232,381.98662677467,2363.442034595301
104221,-122.589534664,45.7230493973,93.45121063728676,1018.0628318398531,2544.8764994457124
110045,-122.589677913,49.152246692,-409.80333229131526,495.7715225416172,2384.477693420619
313421,12.2605179436,51.8550826957,-450.827427080516,459.19205990737316,2377.1415220258255
104215,-122.610411868,45.4230934235,-363.58835238192773,538.9544799529855,2393.8288157925317
313253,12.2613197997,51.1572050399,-545.9146543738883,383.40821758923283,2363.6722127173716
102927,-122.627097632,44.9520888255,-315.79540953542846,585.3377143107394,2404.6963857526384
102939,-122.643728165,45.4520195679,-453.87845455248726,456.5492147544324,2376.6324186441143
102642,-122.644192521,47.7519634582,-545.2903810036373,383.85299782198007,2363.744400690185
102940,-122.668764421,45.5163560322,-266.49519889793305,634.61937184415,2417.1649126563843
102938,-122.67260893,45.4312358331,-311.44739819648663,589.6305795816733,2405.744934159709
102937,-122.672931054,45.3520888456,-147.08284922233432,758.287959572075,2452.538500714976
104209,-122.698138252,45.2312898216,-342.73819427924445,558.9986138863962,2398.4211302822105
102645,-122.698416167,47.3809360975,-485.99617044745276,429.48093326283964,2371.5814006467504
102643,-122.706134072,47.5271080406,-324.0507370520833,577.2183927736792,2402.7329316454443
104222,-122.714836285,45.7526209157,-297.9496843307259,603.0264725692447,2409.063177767779
104206,-122.722606259,45.1937374055,-387.73290366048855,516.1622473400203,2388.8005219013958
300379,12.2734412747,57.4894740228,-345.9147008917639,555.9248120047763,2397.706584313399
313260,12.2743288327,51.3809692274,-266.3420569761108,634.77438216132,2417.2056147761964
102930,-122.747921926,45.2315797566,-250.0249170836696,651.3519881314187,2421.611835183342
102936,-122.755963081,45.4023811678,-232.4886873353528,669.2967401138982,2426.50007092198
110035,-122.7700168,53.9270058991,-147.51924501116292,757.8274604488876,2452.3961604250835
104220,-122.776976331,45.5973944719,-290.0929108115301,610.870278429174,2411.038565623831
102641,-122.785266715,47.6398617679,-442.17433596548335,466.74953345328225,2378.612956080947
104202,-122.789373214,45.0893618479,-219.69355453142268,682.4681363742344,2430.1660900077186
104205,-122.793779063,45.151817643,-266.93647460824315,634.1727739240072,2417.0476981317006
104207,-122.806235469,45.2184669985,-241.55387938465825,660.004369587478,2423.9534310155063
104154,-122.810362255,43.869852736,-355.82595634643326,546.3798035925747,2395.5115022957293
102646,-122.814277494,47.4100679039,-457.02513568092314,453.835798507565,2376.1126656504066
104204,-122.818558344,45.126838809,-222.10658045268755,679.979316784982,2429.4683243690693
102929,-122.822444539,45.1019963459,-189.45569344169778,713.834426834759,2439.160522965184
102928,-122.835497985,45.0562814981,-198.53806602844585,704.3795516726262,2436.4102734703392
104191,-122.852090418,44.9690811159,-232.80640216093772,668.9704995049591,2426.4101048802936
102935,-122.856212255,45.3766571036,-118.1573290512548,788.9234048495292,2462.18289462352
300461,12.2871929678,58.2829507575,-493.0116295447026,423.76665292720287,2370.5532358482074
102920,-122.873415992,43.7359618889,-463.12528478067856,448.6119486968017,2375.1204492342754
104223,-122.881088473,45.7609484344,-222.56756043585054,679.5041091355372,2429.335362231687
102933,-122.898436188,45.5311755824,13.453073168907757,930.5915283604585,2511.164084745068
102934,-122.898685503,45.5190238524,-150.92668204314572,754.2336325300273,2451.2879961964327
104196,-122.90195694,45.0395171577,-237.30596381958208,664.3545609042113,2425.1415320454003
104197,-122.906548925,45.0438764091,-341.53340177827727,560.1662697278501,2398.693543910538
102942,-122.914833786,46.1441837291,-370.27817319188364,532.5921061978756,2392.404401317129
102625,-122.927133674,38.5058792941,-247.65640339215335,653.7681234142061,2422.2628319506975
313255,12.2980162277,51.1931594269,-468.002272875024,444.471010211282,2374.341792323826
104210,-122.984977608,45.2936338708,88.99738686338421,1013.1719333262541,2542.923875057478
313420,12.2986511017,51.7277984161,-472.7020016468559,440.51129157815694,2373.603729746214
104183,-122.989766781,44.8398105902,-7.951082744342163,907.3392404566648,2502.640398684909
104192,-123.023024889,45.0020218296,-39.7974652511714,872.8810158865723,2490.3545401714305
102919,-123.052044054,43.7190103405,-403.43288721144387,501.61042694618186,2385.6985325640817
104152,-123.068706807,43.7940130327,-433.9930733286942,473.97618791763057,2380.0415741264296
104208,-123.06893394,45.2188313546,-274.05381042169256,626.9823743806986,2415.171084134898
104151,-123.085098161,43.6484600396,-467.4823894588921,444.9109008680794,2374.424178104773
102924,-123.130652809,44.6190285069,-472.1514181282956,440.97359545618485,2373.6895710574368
104163,-123.17690937,44.0479807987,-93.96053433881575,814.7086820744935,2470.5656648842264
102640,-123.17709823,47.3104222356,-177.4397999538926,726.384741265062,2442.8629229246562
102943,-123.183986157,46.1855434286,-340.33642006374646,561.3273358413755,2398.964953020377
104176,-123.202058947,44.5270719393,-295.79929298283025,605.1700155315611,2409.60063403788
104147,-123.214530832,43.4148463803,-685.429845328826,310.78043590516467,2352.9829891435015
104219,-123.222472657,45.5940147506,-318.3485054040116,582.8222493734847,2404.085323407231
313429,12.3229373748,52.7981146967,-476.57708014714694,437.2696378607033,2373.0042570657374
313259,12.3230593468,51.3687067334,-256.9869582912767,644.2641588474843,2419.715019218738
102925,-123.235028011,44.7816135034,-382.8896199934416,520.6955750409498,2389.784163836665
104174,-123.260516671,44.3727418696,-548.5581793649707,381.5339883692313,2363.3689200245935
104177,-123.264610279,44.5523549414,-307.0609290264566,593.9726167024107,2406.812817243915
104181,-123.277191902,44.668353213,-344.49440554934455,557.2983222758659,2398.02541435006
104178,-123.282336078,44.5570712418,-465.3548401588222,446.7149126874066,2374.7628683880416
104169,-123.285286809,44.2475274152,-387.89136438493153,516.0142701667446,2388.768551968357
102632,-123.314813441,46.939804144,-189.02163214887204,714.2869799704558,2439.2930036411367
300358,12.3318000005,57.2521000002,-379.8263933277074,523.5730800651475,2390.4127756574153
102638,-123.326893764,47.5143843585,-59.62697274973563,851.5162924974347,2482.946730045947
104211,-123.339493168,45.3605974993,-350.62191863425596,551.3827717436618,2396.657553517608
102931,-123.372931223,45.6437554577,-205.253207381305,697.407128848854,2434.403658234699
104170,-123.393800045,44.2648752576,-362.30026928218695,540.1834874081086,2394.1058180301197
313256,12.3395853281,51.3022701859,-580.0393782681454,360.4374373794793,2360.0550023509977
102947,-123.414366868,43.2231858194,-529.3342818990395,395.49385925276005,2365.662668379396
313419,12.3482951208,51.6481600885,-507.63600964270967,412.1076805633757,2368.4968246203343
313257,12.3520107542,51.3352373866,-487.2740545363254,428.43442636727866,2371.392107086878
500002,123.54467898,66.8054046416,414.8629036355005,1375.4479727304583,2707.7299705741725
102948,-123.556264185,43.5895886508,-452.42943103216004,457.80293072703125,2376.873574938209
102637,-123.585431807,48.0562555613,-185.64173403197196,717.8129791864811,2440.327834727509
102635,-123.6229317,47.5979222014,41.85239053690425,961.5473912371581,2522.7996062811385
102626,-123.631232218,39.7314475005,-285.95339860974013,615.0160959476841,2412.0923005001305
102631,-123.651880243,46.6519284961,-234.75737429454298,666.9680619466257,2425.8587888651145
313424,12.3684236755,53.0144479556,-507.9199042371952,411.8848790359545,2368.4580683296344
102944,-123.760431297,45.7104220882,-25.04585868024338,888.8209859648756,2495.986220504604
102945,-123.835233058,44.3814697273,-146.21757582903786,759.2011791141205,2452.821008191497
102946,-123.881160918,44.064227562,-160.39986562702688,744.2594461780423,2448.23744581332
300412,12.3900321003,57.8106337904,-327.94372662250305,573.4041713840644,2401.819479398468
300469,12.3909848834,58.3626763351,-466.8389660950971,445.4558320597904,2374.5263456473513
102629,-124.002097237,41.5145884751,-286.34431789940334,614.6242008499128,2411.9924079747175
313425,12.4020279923,52.9686229448,-461.6185259059705,449.8977296615282,2375.363642689658
300161,-1.24043890549,41.6725819382,-327.26047998548773,574.0729018877679,2401.9792181738635
102949,-124.060430751,42.5812552063,-107.19224093127578,800.591434648876,2465.9462916070224
313426,12.4061581136,52.8851996229,-630.4099107056329,332.14596010747465,2355.900126633767
102630,-124.077097291,41.7895884868,-313.5474925716238,587.5557255221823,2405.2372436936816
102627,-124.097789875,40.4938956206,-405.5431031188103,499.67194812801927,2385.2917061867574
313418,12.4188533167,51.6100543454,-375.1902432422526,527.9430077180158,2391.373723878313
300413,12.423140993,57.8186810501,-304.70121715686935,596.3129948266152,2407.39146290261
313201,12.4271008494,50.4481349122,-270.21869177925834,630.8538550880912,2416.179019513411
300706,12.4303999996,60.9709999999,-140.45638752162944,765.2867973733242,2454.7114596406645
102636,-124.31471178,47.5393028916,-341.36931179983355,560.325378507814,2398.730705530991
313266,12.4357419031,50.9057670671,-184.3626579843158,719.1483138392696,2440.7209519228427
300766,12.4360725431,61.8148744417,-227.93771150390364,673.974240827696,2427.794419870956
300433,12.4362000001,57.9779000003,-299.0842898003971,601.8964975092713,2408.780575638057
300386,12.4405805525,57.5607756487,-382.771711131429,520.8061885607798,2389.8082671838947
313202,12.4595106781,50.4523356526,-300.4213201297821,600.5658323347684,2408.4484189671234
300349,12.4778081456,57.1519518719,-319.99726162207867,581.199888894713,2403.6925299855866
313215,12.4936505409,50.7402004514,-300.8332956856225,600.1560171234163,2408.3462609738503
300330,12.4980945362,56.9017514532,-416.2849592176955,489.87169910216784,2383.2580115125024
313238,12.4989854763,51.6021942937,-515.158546501059,406.25129698472745,2367.4848646103433
313216,12.5019053506,50.7896434555,-324.69422791692097,576.5872651646459,2402.5813913803895
313213,12.5019743356,50.6856383149,-341.28938350370936,560.4028871059016,2398.748812138093
313203,12.5022861006,50.46887699,-306.1445317673106,594.8811294434188,2407.03718833448
300617,12.5053990418,59.932677656,-201.0935009668668,701.724360523825,2435.6439694688247
300511,12.5099512352,58.7753703152,-366.75806631618997,535.9355670549951,2393.150935459743
313217,12.5182113079,50.8113428403,-345.2037432639873,556.6121751407176,2397.8660474205317
300373,12.5191,57.4146999997,-226.29778750194976,675.6617540134645,2428.263427574083
110029,-125.297932598,50.0262160663,-328.73840171196224,572.6267532586862,2401.633999260684
313239,12.5302998819,51.6062510771,-483.62571919113935,431.42871353438835,2371.9349069313052
313454,12.5327023281,52.3892713859,-574.5882147748466,363.92027475073087,2360.589425171588
410007,12.5359715964,3.89785788066,-664.6941851684229,317.52403656688415,2353.883170774414
313205,12.543366408,50.4891601526,-271.01821971463784,630.0461628382266,2415.968260380185
300467,12.5515970387,58.3338033027,-362.44895208374794,540.0415590992253,2394.0737986560907
313212,12.5687683821,50.6525684422,-216.01792014953082,686.2634350372864,2431.2346596177135
313448,12.5693599831,52.0476436806,-327.1431269203583,574.187791483795,2402.0066793717124
313218,12.5775076398,50.856158928,-348.7126923142465,553.2231147502889,2397.0816178326704
313237,12.5814656691,51.5859662024,-426.9759363182259,480.2347210199141,2381.2958352817814
313449,12.5940133232,52.0433316582,-413.17101468978103,492.7008771802641,2383.841148699192
313453,12.6019111558,52.2772406066,-475.1281101725442,438.47926294460143,2373.227450517485
313219,12.6092820024,50.8693131331,-323.10785162762056,578.1436286514687,2402.9553727041143
110092,-126.095182693,59.4105386118,106.37811244617808,1032.2709587442616,2550.5936172044494
313236,12.6110575076,51.5273256015,-484.5909164278537,430.634600107394,2371.7905950287723
313208,12.6232102716,50.5147984078,-116.47589751471445,790.7107549887583,2462.7561726472586
313235,12.6433260143,51.460293796,-533.9283661103028,392.0896466479115,2365.095930161347
303017,12.6471869506,51.8563201168,-507.3094321185461,412.3641505247858,2368.5414626928764
313450,12.652443493,52.0683542063,-503.40165768459246,415.44707654653246,2369.0801466536213
300789,12.6550540252,62.1039128876,-164.49862717780724,739.9519427180119,2446.9314141163504
300342,12.6559979673,57.0694653781,-322.7848395336823,578.4607213484425,2403.0316839359907
300334,12.6607320267,56.9774100315,-284.50982914080475,616.4639499690211,2412.4618690185944
313220,12.6700812235,50.9031825779,-305.1179622895913,595.8994342626742,2407.289056929362
313211,12.6724824887,50.6353583607,-190.57315068194595,712.6696497385701,2438.81989854023
313209,12.67670525,50.5564761952,-122.79054265216422,784.00191616846,2460.6103861467177
313233,12.676816704,51.4015519281,-485.86876985436425,429.5854021057633,2371.600321630872
313451,12.6852108387,52.0979281487,-493.1292989104834,423.67146050694686,2370.536220838098
313210,12.6944634355,50.5815845793,-199.8773876672809,702.9876661498591,2436.0082361552286
313452,12.6978760548,52.1275358762,-566.9303258092971,368.93738169100754,2361.3680906343884
300378,12.7017131721,57.4746079136,-416.43562596086963,489.7350600553675,2383.2299295084217
313232,12.7230224939,51.3607108457,-482.37264763620726,432.4617482977665,2372.123022020157
313229,12.7351062169,51.2395556807,-349.1008647437503,552.848737420783,2396.9952428665842
300353,12.7444592216,57.1728777317,-264.701150355502,636.435996724041,2417.6424975135187
313228,12.7482509419,51.2109906384,-325.6821444428383,575.6188334979893,2402.3491647416427
313221,12.7635519242,50.9435719672,-458.35755882055116,452.69064958676574,2375.894208941251
313231,12.7650591973,51.2896503429,-591.1249005373486,353.5916986218364,2359.0191939006254
300148,-1.2768084965,41.6369109072,-322.03184242399954,579.2001700181744,2403.209792091894
300029,-1.27689879351,42.6147841481,-361.8832705453685,540.5816320124161,2394.195683048169
313222,12.7694023547,50.9813510034,-428.72982118573316,478.66536580980113,2380.9798403772998
300028,-1.27714158853,41.9187626065,-561.8663341765383,372.33233740186614,2361.9008949006347
313230,12.773150468,51.2485722855,-404.1600991577655,500.94191807217044,2385.558063250423
313227,12.7815900267,51.1815226609,-370.0886321077487,532.7718869270749,2392.444430150284
300329,12.7895248654,56.8773677642,-362.81032982856914,539.6966685086796,2393.996023776282
313223,12.7901117394,51.0227415138,-422.7964295625509,483.9878533880057,2382.0555640212115
313225,12.7941994067,51.1561921268,-513.1970214497329,407.76879031315974,2367.7457325926575
313200,12.8061674567,51.1560987158,-428.9867024038002,478.4357930599162,2380.9336983499043
313224,12.8111751641,51.1185893017,-395.78997162951674,508.6663783039845,2387.1920643873996
300698,12.8267858074,60.8724978228,-63.7640391831275,847.0683701501226,2481.424851081746
110009,-128.411193402,54.6354218297,28.114151928737805,946.5581643739005,2517.1247141133413
300357,12.8567271219,57.2312634705,-375.96947542361704,527.2072854389223,2391.2114063121144
313430,12.8603032532,52.0899241201,-373.23311378065677,529.7930338678914,2391.7828343292845
313422,12.869276506,51.8018242492,-317.84336669034064,583.3196311027741,2404.2059520530183
313431,12.881863665,52.1098278607,-491.21954743236654,425.21910230939926,2370.813310411871
313126,12.8978084513,51.6477752405,-507.41706864186347,412.27960055836655,2368.526743968463
300595,12.9024877017,59.6728986815,-249.0173634994123,652.3795038572816,2421.888412976609
300315,12.9146891427,56.6516967025,-353.18184244729616,548.9193030613542,2396.0919993044186
300835,12.9166032229,62.8055937907,-163.0579177720409,741.4654625492567,2447.3895276417825
313199,12.9279175708,51.1649853996,-342.4343906073674,559.2929594039674,2398.4897503004117
313432,12.9352113414,52.173445655,-422.4469388892717,484.30253339217245,2382.119520869463
300390,12.9355523114,57.6191461166,-311.3394198101679,589.7373301557949,2405.7711001748626
300403,12.9392517847,57.7145444115,-295.54167975277875,605.4269766165149,2409.6651825248036
300438,12.9480143505,58.0102422059,-274.1975260824196,626.8374343333943,2415.1334615169726
313433,12.9775533099,52.2308700127,-471.55347720196374,441.4761434929379,2373.7829835793077
300310,12.9808585862,56.573204635,-338.27257817860846,563.3315290045426,2399.434699971616
300298,12.9865006587,56.4814601154,-247.6621583325242,653.7622498369784,2422.2612466802975
313434,12.9941575523,52.2309912468,-439.38319496802524,469.2063107904983,2379.0962632779097
110006,-129.972935417,55.9604216253,201.5385282997623,1137.3788862484366,2594.913331643471
300388,13.002311895,57.5941636765,-284.41202395276355,616.5620840982565,2412.4869474061134
110007,-130.031122074,56.0521774959,88.94521643809352,1013.1146566538106,2542.9010549732466
110001,-130.077102127,56.0270882778,197.95828764027954,1133.409617830281,2593.1760120839203
313198,13.0106575417,51.1481217342,-357.1720003441393,545.0889849333397,2395.2174158837734
300150,-1.30208879059,41.6275225414,-424.41791319579215,482.5295695721849,2381.7596968142693
313197,13.0262153399,51.1356394031,-317.6600942603519,583.500127293514,2404.2497512548125
300319,13.0691423895,56.706347531,-380.28636643797097,523.1404916418163,2390.3180629055464
110008,-130.693614285,56.3564298501,209.26006065828773,1145.9429783486598,2598.6784675068748
300809,13.0699150926,62.4784272386,-165.03344532210477,739.3902520887103,2446.761617473408
300725,13.0717383067,61.4471760443,-231.51740207881846,670.2943395519089,2426.7754262586004
313435,13.0810885975,52.2105469641,-562.9980162145694,371.56841959001787,2361.7805906336653
300621,13.0930150105,59.9637736466,-178.4774499301488,725.2991251141459,2442.5403351323857
313437,13.0934339125,51.9900720168,-301.80106635373863,599.193691877251,2408.1066314104055
313196,13.0980917949,51.1315121198,-474.2012787260402,439.2545648325379,2373.370818178968
300095,-1.31027876127,40.9856853333,-379.20337544581804,524.1592879980401,2390.5412414455213
300441,13.1101082919,58.0387926143,-314.810737273877,586.3089170014769,2404.93297495226
300331,13.1103924239,56.9437474997,-273.59640471720377,627.4437437845883,2415.290897484546
313438,13.1147993313,52.0105283585,-346.0374827980045,555.8061405256935,2397.6790722912333
313447,13.1196640427,52.3649125298,-362.00080349647226,540.4693998161155,2394.1703448156886
300475,13.1228901129,58.4962634461,-302.10743874076854,598.8891520123668,2408.0308727787055
300663,13.1238932,60.5356602369,-189.00041223854126,714.309105479453,2439.2994826441745
313124,13.1311088306,51.4855268451,-909.0929667235212,350.93129235354655,2358.6218942022506
313446,13.1316232177,52.3237047864,-381.70499699519837,521.807437419597,2390.026667132333
313195,13.1414099695,51.0890414883,-406.259884824252,499.0144717653153,2385.1540643925914
313445,13.1434951496,52.306883081,-446.36607528921695,463.07724087176797,2377.895077346915
313439,13.1560102917,52.0600688276,-526.2117062326423,397.8310964802369,2366.054532166144
313444,13.1560264927,52.2811500969,-679.8623619911928,312.4267339698047,2353.2009969308447
313436,13.1562446747,52.2721569052,-830.2043121554121,314.1367301016964,2353.428637765817
313194,13.1565400537,51.0722852839,-440.7897311752374,467.96713111644766,2378.852181969834
300610,13.1572437378,59.8304470675,-235.63256950254922,666.0702784667292,2425.6121049570206
313443,13.1646302474,52.2767797865,-463.95912833274656,447.9016887692112,2374.986397994648
110005,-131.672070062,56.7356235315,334.1803000348011,1285.0873444824906,2662.9671328813547
110091,-131.76,59.9319999999,74.04805162200762,996.7724586099017,2536.434466352425
110004,-131.764391158,56.8291644892,179.58578198844947,1113.0576092185884,2584.3455088855053
300109,-1.31869500896,41.8853857848,-511.6625275089863,408.9606659223217,2367.9512862660226
313442,13.1935958418,52.2563442289,-353.97243512652693,548.1594559773204,2395.9180405503507
313440,13.1981154372,52.1186842315,-478.6142645215492,435.57405811412207,2372.6924006198715
313441,13.2061894368,52.2151733914,-441.48523698513145,467.35523386082866,2378.7318853696797
102951,-132.128270883,56.7064317341,274.0395425511547,1217.9684145930908,2631.2338411482338
313193,13.2144182545,51.0696061767,-433.1929327728467,474.68706797058996,2380.1832451212235
300833,13.2212000001,62.7756000002,-259.24290780517873,641.972076056548,2419.105746819191
300259,13.2344350932,56.0861317357,-332.7726653542417,568.6863497620345,2400.6975303571558
303025,13.2344958632,52.5354476809,-432.3605734792968,475.42733394097377,2380.3309891096037
300574,13.244292105,59.3956983196,-239.75228311415776,661.8484321118611,2424.4561895291513
313122,13.2482027253,51.3477561687,-518.0715475812628,404.0104302240994,2367.101369943236
300026,-1.32733368968,40.885400149,-417.5869620200003,488.69168447398107,2383.015742778738
313192,13.2769307667,51.0648943243,-388.5256519245232,515.4221657779083,2388.640717402362
300308,13.3021971808,56.5686326347,-374.0104564495441,529.0578595878118,2391.6200966392885
110114,-133.069324779,60.7856894906,65.94701559742533,987.896810834133,2532.959647667829
313188,13.3108154845,50.9979109817,-348.33600588505254,553.5865162641446,2397.1655134443167
313191,13.3186673621,51.0356044579,-363.24495386303187,539.2820052693386,2393.9025771874262
300710,13.3217133664,61.0961616173,-200.86979187888375,701.9567124097188,2435.710921672427
313190,13.3351611085,51.0187470725,-420.84576805221667,485.7458653599026,2382.4133800773375
313187,13.3359233716,50.9602819216,-355.3118986189028,546.8731224885936,2395.6240689969923
300128,-1.33554514136,42.831113444,-420.3345198954013,486.20728203639834,2382.5075002951207
110133,-133.627718273,64.7497033406,325.45102563760645,1275.3317310198486,2658.273028114939
313186,13.3727229926,50.9434270922,-338.48728791451254,563.122891129587,2399.385725216233
313185,13.3858875077,50.9149504519,-359.57093014846794,542.7918089894195,2394.6956833308254
313184,13.389976166,50.8982228235,-360.84944834286165,541.5692795382996,2394.418875718473
313183,13.3935176193,50.8568474411,-351.3636675666884,550.668486120917,2396.493323475779
313120,13.4069797564,51.2109404184,-371.48355103568053,531.4494671607256,2392.150288757523
303019,13.4069797574,51.2109404194,-344.37066699394336,557.4180511429172,2398.0532420272175
313181,13.4271679711,50.8023524786,-384.70773046031434,518.9914549836254,2389.413442291497
300337,13.4315412165,57.0228135872,-338.4314575142578,563.1771397041991,2399.3984576436414
300578,13.4345527167,59.4380561781,-282.6011728399603,618.3799068756479,2412.952170492573
313182,13.4567941516,50.7940633369,-353.6259681426077,548.4923932221467,2395.9942348177387
110101,-134.891440602,60.1334859256,-3.8688095136662817,911.7684904974386,2504.249637740068
300677,13.4964559338,60.6784595757,-209.6600096611779,692.8401170336065,2433.099236699651
110102,-135.030826576,60.2796531527,139.23430185180914,1068.463922429986,2565.45505152434
300481,13.5130086812,58.5567465522,-261.86372258583464,639.3121810589097,2418.4012348466044
300678,13.5134583713,60.6809994579,-178.23991762306557,725.5476077368186,2442.614132225944
110105,-135.147255287,60.8381002679,-78.1633487683966,831.613777749857,2476.191822779623
110107,-135.184687603,61.4378636065,15.988460646778744,933.350448830865,2512.1877971580984
300686,13.5214999999,60.7349000004,-195.00183157388645,708.0575187774348,2437.47613685848
300628,13.5287666075,60.066209004,-393.06292013456573,511.19699157945485,2387.732571302148
102952,-135.294039948,59.4718471319,81.93617633447829,1005.4224720626752,2539.846218806545
313180,13.5313540537,50.7399771324,-332.1543734815667,569.289573782648,2400.8404958836627
313117,13.5356708921,51.1272204504,-378.46601910753805,524.8534962817741,2390.693552176122
110112,-135.495296554,60.7210728492,2.5093772410767166,918.6940589380209,2506.7794561519167
300623,13.558551054,60.004743625,-368.43587687345723,534.3407377196628,2392.7942853166624
300299,13.5653557215,56.5066881785,-352.68640788517644,549.3957015236198,2396.2011820191374
110124,-135.701730039,63.9142560554,222.85194466266015,1161.0294580785883,2605.3663601082176
300870,13.5901552046,63.5244379542,-158.66323292822045,746.0860004213139,2448.793333027913
300787,13.5904999996,62.0502000002,-207.9300026265898,694.6321916328253,2433.610147396231
313179,13.6275142917,50.722758035,-339.89545187795306,561.7553177970243,2399.0651314481893
300071,-1.36341382166,42.5311220962,-470.4112486211975,442.4375290091997,2373.9619699845757
300267,13.6349971203,56.210095335,-308.8314297764563,592.2187115692238,2406.380574678493
313115,13.6440163001,51.097946042,-417.1530887428336,489.08471417763656,2383.096373523216
300843,13.6486664204,62.8964394222,-185.43171696093202,718.0321972982728,2440.3923258800555
300269,13.6523346547,56.2304538917,-322.10584534324846,579.1274830891466,2403.1922747725475
110117,-136.592004025,62.8115633902,181.9521001860725,1115.67726799568,2585.4748566133044
300266,13.6653425088,56.210763473,-292.8251431702927,608.1388096126872,2410.3479582032173
110126,-136.715857534,66.4492691982,318.88699474029187,1267.9988334378693,2654.762797211284
300322,13.6769528248,56.7560947512,-387.97490413220567,515.9362661157811,2388.7517029927526
300859,13.6932603801,63.3313075232,-234.21102023122785,667.5286740581762,2426.0129840021777
110100,-137.016287732,60.1274352021,6.167700617663328,922.6691902819323,2508.23900427228
300721,13.7074864323,61.3138368873,-190.89602808980854,712.3331766761407,2438.7215959290647
300850,13.7268269699,63.0780858262,-172.55362988455755,731.5012798063739,2444.3892059603854
300384,13.7356999996,57.5686000004,-340.0521999500762,561.6031707769832,2399.0295098818697
300937,13.7386567529,64.645932645,-120.03812256994922,786.924952306919,2461.543285912423
300830,13.7769424911,62.736287678,-343.65252407122944,558.1131319928115,2398.214906124993
110099,-137.795030224,60.4913589032,103.05120802284256,1028.6125437448845,2549.1151862963366
300856,13.7838999996,63.2912999999,-227.35662413123865,674.5720708090631,2427.960449960606
110098,-137.982474823,60.1194985125,401.20983673409853,1360.1343795070495,2699.9833329437997
110130,-138.264492792,65.3639127864,340.5322381658162,1292.1888189161953,2666.4013973123615
110132,-138.313230853,65.3641283344,322.0518068740528,1271.5340369282337,2656.4531381005563
300812,13.8375318831,62.5500109836,-267.1525582623593,633.9541174608371,2416.990337362322
300800,13.8621756991,62.4331160059,-210.2677349852639,692.2108439103217,2432.9201220517543
313112,13.8644256663,51.0102661428,-342.1362151475848,559.5819134218899,2398.557146637575
300350,13.8685669056,57.1811289213,-468.22555027059855,444.28220097439987,2374.3064549379337
300719,13.8773383324,61.2933876476,-219.65615237872325,682.5067306801233,2430.176928801883
300726,13.8876000002,61.4548999999,-207.66679036857505,694.9049411946384,2433.688013109734
300306,13.8946149708,56.5736382171,-310.44504674999666,590.6217950039148,2405.9880657623653
313110,13.9415117497,50.964771697,-363.1844846358546,539.3396887132457,2393.9155723789804
300571,13.9531747706,59.4029856022,-325.07269953514367,576.2161859240845,2402.4923643537727
110127,-139.761918674,67.5365632521,306.24430624707134,1253.882442520057,2648.049404281828
300311,13.9895291756,56.5943295368,-235.19529649048263,666.5187984763121,2425.735306371985
300072,1.39927619792,42.322980711,-339.9129023038797,561.7383787742431,2399.061165132143
300724,14.0293999999,61.3877000004,-106.74169009021622,801.0714783409177,2466.102183865986
300394,14.0721543215,57.6683009256,-273.7053852259169,627.3338096715937,2415.262341157655
313178,14.0725420785,51.4985242692,-570.8912544446866,366.32451252845374,2360.96126955452
300268,14.0725805205,56.2230317151,-332.59096048524714,568.8636006431686,2400.739524395346
300421,14.0778170619,57.9150127241,-372.4640714673029,530.5208373942946,2391.944152100301
300682,14.0798461361,60.7145124907,-260.27362983836497,640.9256110062379,2418.8282507654408
300422,14.102878003,57.9397153631,-363.6884400523206,538.8590357066395,2393.807328967804
110002,-141.143489842,64.7923429321,222.3254024773643,1160.4447490103169,2605.105848782905
600679,141.156675097,-34.156294747,-705.1055226026203,305.96613540178595,2352.3519600327636
300364,14.1167205192,57.3732549592,-383.5597298482935,520.0671511179155,2389.647319068064
300523,14.1168165602,58.9815419443,-424.2496738266816,482.6807459132017,2381.790328793155
300417,14.1190152404,57.8767681439,-326.71539090620934,574.6066222661199,2402.1068332214872
300416,14.1190236474,57.8765886219,-306.135085585041,594.8904968461129,2407.0395034346852
300430,14.1191918674,57.99836194,-372.942320986956,530.068177369299,2391.8437951749465
600686,141.210655642,-34.1022101175,-801.2811230654712,306.32130736066307,2352.3981829614704
313170,14.1231213567,51.2519375127,-288.4206716883509,612.5439901639152,2411.4631674033944
600422,141.285568059,-37.92725186,-675.5413972453488,313.78851024581246,2353.3821825236055
300437,14.1353284347,58.02266033,-355.9658795202083,546.2455589961746,2395.4808867073693
313171,14.139253114,51.2981728826,-239.06328904947497,662.5540221361616,2424.6489024405346
600421,141.406663674,-37.5855535817,-648.5438683455908,323.8969102195364,2354.7512981856585
600428,141.427377302,-37.6232453968,-630.2519558188619,332.22266235986586,2355.9109417044524
601236,141.427854512,-37.4932182321,-609.961109114127,342.73400563478805,2357.4161844009955
601240,141.506695442,-37.6431454885,-525.7055888392252,398.211680480238,2366.1185537348247
313172,14.1565852305,51.3280935151,-357.6062783869058,544.6728100611017,2395.1227396267477
601139,141.660500102,-38.2440416242,-800.4927502150467,306.15606626665596,2352.3766715322517
300436,14.1725730728,58.0189457967,-334.55276009316947,566.9510302567594,2400.287053368093
600298,141.768990178,-38.1520196436,-739.1778902134093,301.4875165746748,2351.7736265439426
600475,141.831236142,-37.710527715,-669.006276431152,315.98539195361633,2353.676111062302
601242,141.84,-37.673,-713.5745568721426,304.38852435714256,2352.14728314738
600424,141.856778552,-37.1565216092,-254.05667674838688,647.2447768454743,2420.510332349571
300007,-1.41877730424,41.1066590263,-385.3883899511803,518.3541986535408,2389.2751082951995
601499,141.902417509,-34.1103309962,-530.0014382458216,394.99693333236166,2365.5796425399108
600368,141.943600711,-38.2601960905,-902.4507345798324,347.0704984028719,2358.050550501176
600427,141.959,-37.2349999997,-538.820055951006,388.51107450177,2364.50530193269
601290,141.973756954,-36.4060556351,-176.05910953270168,727.8297770650414,2443.292993531441
313176,14.1984520669,51.4774337704,-411.5136202603268,494.21067840630934,2384.1536574868883
300939,14.2075330637,64.6814423619,-32.131333547704884,881.1599555047616,2493.2684041319008
601431,142.086129464,-34.1682090409,-528.572222837573,396.0625277265663,2365.7578053821226
600732,142.181482538,-36.8086770564,-522.3391052916475,400.7554754832798,2366.547996341319
300898,14.2217961379,63.9024842245,-248.59477634348832,652.810594094545,2422.0045705199145
601590,142.22314051,-32.5225868518,-742.0889767520139,301.3380567295007,2351.754471089785
600841,142.227458273,-38.3185417273,-763.204624409048,301.36664586055565,2351.758134480356
300279,14.222964356,56.3479852204,-469.16852354196953,443.48555062757333,2374.1575140400273
600852,142.243756954,-34.3062708634,-636.4924043223043,329.2549483126654,2355.494276971536
601497,142.268654074,-33.7436911848,-302.8134793574095,598.1875340561338,2407.8564728316846
313175,14.2311625476,51.4105324999,-201.9122011811928,700.8741787275295,2435.3991628199824
313107,14.2314606847,50.8906495059,-273.82566786081054,627.2124812309331,2415.2308304733824
601239,142.336,-37.6310000005,-563.1427922246703,371.4709071555846,2361.7652513999515
600420,142.369007909,-37.310852624,-413.47808333197986,492.42145494289406,2383.783412381536
601500,142.377687917,-32.4354939026,-512.6472875069602,408.1953042536795,2367.8192233090845
600809,142.406849087,-37.2189948744,-683.4706345597137,311.34575530174374,2353.057722879253
600854,142.410610963,-34.5600558404,-414.35004057570893,491.628519478521,2383.6197408609296
600763,142.48530203,-38.31469797,-773.6833032674097,302.10612983822347,2351.8530101907118
600551,142.506181955,-37.3687174948,-424.02148610000603,482.88583878807515,2381.8319002732633
600399,142.543992091,-37.1770079089,264.69273443146557,1207.5576868018634,2626.431045127884
600836,142.585618071,-37.0275174625,-665.2604473210896,317.31798906880226,2353.855385116926
600514,142.627510355,-38.3309792904,-886.5251533268731,338.33694355656843,2356.7809306833087
601286,142.643876059,-36.9063336465,-541.9372294273865,386.2561020801567,2364.1358345601548
313174,14.2649528734,51.3773670911,-396.71516813290776,507.80936041152034,2387.0095966247895
600176,142.656272436,-38.3480138058,-921.4788491286857,358.4542971423958,2359.752942788107
300408,14.2692263258,57.7896810697,-273.37255908423623,627.6695661913848,2415.3495714244273
600513,142.702734468,-38.2437551782,-692.5063836297392,308.86680097672286,2352.7310021765934
600515,142.727045178,-37.6935277156,-628.0832849175839,333.28398323569456,2356.060839906035
601430,142.760555636,-34.5980732725,-492.1083659383899,424.4981022973048,2370.6841009951736
601432,142.760645636,-34.5981932725,-519.5403347451854,402.886378687892,2366.9097790134556
600608,142.781840407,-37.4851945184,-713.0723408011294,304.4736183514093,2352.1582965713174
601009,142.823039185,-36.5727579839,-583.8628428402698,358.039823759912,2359.6900184675337
601223,142.868865562,-35.4437016575,-357.5365915135742,544.7395825749583,2395.1379251895332
600832,142.881541726,-38.3058332993,-843.1636030051648,318.70391525187745,2354.04261929434
300459,14.2929809888,58.3030354562,-353.9925870781726,548.1400936580727,2395.9136107407467
600286,142.964370162,-38.4437606997,-914.0776181258682,353.9092186042083,2359.0668076318493
601011,142.981048732,-36.4310832482,-662.9853391105719,318.15310864403483,2353.9681111682767
600038,142.981194757,-36.6439784708,-508.9893155746134,411.0468442766012,2368.3124743257663
601050,142.99,-38.4480000001,-875.5708128825014,332.78177894355434,2355.9898514751967
600034,143.168902436,-36.6985000003,-757.0488020981911,301.15623613556903,2351.731180730618
300383,14.3170309867,57.5653708111,-397.45173160775994,507.12763502796804,2386.8646601905066
600404,143.252428099,-38.6981322318,-562.0009754905309,372.2412944203787,2361.886544508233
600557,143.255758678,-38.5893074377,-767.6246783272967,301.6201052127001,2351.790627527417
600030,143.29839,-36.4392878679,-261.79054253909794,639.386409746803,2418.4208584996513
600851,143.344228222,-34.8478570562,-436.8370189336931,471.45535744106456,2379.540842666325
600831,143.360517056,-37.6897411663,-687.5825510146512,310.1769621790359,2352.9033587727095
601498,143.38042,-31.5598600001,-708.2812227287745,305.33912988917973,2352.2704887190935
600027,143.402034163,-37.1896572519,-434.3084147006844,473.6962225929012,2379.9858359150094
600960,143.418711479,-38.3519803561,-896.7910483583493,343.8804642481074,2357.583135660072
600403,143.481602488,-38.5226024872,-540.0970344067321,387.58488302865584,2364.353296233374
601419,143.493552014,-34.664438949,-654.2613512498784,321.53263067228653,2354.427255288284
600031,143.510916752,-35.909520812,-584.0543102746109,357.92075610214465,2359.671955061977
600683,143.527177158,-38.6559114213,-399.9017257241199,504.86364507114524,2386.3846647118326
601538,143.53518,-34.6437600003,-640.2511717017424,327.53031253476473,2355.2538235796164
600862,143.564,-35.3279999999,-388.1199776462496,515.8008202606236,2388.7224522825613
600721,143.573597157,-38.4851960911,-639.7907639103893,327.73898622733947,2355.2828515808046
600012,143.581134439,-38.6685580123,-536.5230294184051,390.1854807045489,2364.780999841195
601396,143.581393198,-35.0440655914,-606.1601624148543,344.8429626527892,2357.7237193421192
601301,143.585531269,-37.8100937053,-777.8880079469417,302.53728188674546,2351.9084324838636
601525,143.606192668,-34.6393944239,-618.0251490309192,338.40308428248755,2356.790426683964
601400,143.62213,-34.99015,-618.9116955101656,337.9390863431098,2356.7238476189136
601300,143.644085025,-38.0143870552,-740.5645702786422,301.411695349758,2351.763907783028
600408,143.655929243,-38.568568565,-486.4909416751078,429.07545253227005,2371.5080037442535
600202,143.677482537,-37.5226632495,-731.8412025423415,302.0284689065982,2351.8430355547425
601528,143.702536149,-34.5518764387,-800.1504348229719,306.0851259128125,2352.3674398703843
600118,143.709602488,-38.422796802,-670.0079735065667,315.6380398531438,2353.629503566697
600070,143.731453147,-38.5279114207,-602.1834624965776,347.0946290958976,2358.054102306497
601533,143.785296531,-34.3772294432,-707.4895513976305,305.49147264891707,2352.290268593246
300798,14.3817720521,62.3718479018,-85.34083092671094,823.9262718533062,2473.6206195185573
300489,14.3821117771,58.639647147,-345.1460325945449,556.6679860061447,2397.879003307177
600095,143.831620053,-38.2979114206,-1141.630377876777,539.4717908697787,2393.945337930991
600068,143.83518741,-38.326822842,-902.5509756768417,347.12783378039603,2358.058990110797
601249,143.864629527,-37.9310557103,-975.3502242477146,395.49990862054085,2365.663679726292
601211,143.868557105,-37.0949114211,-580.8370916829037,359.93409370802874,2359.978182032771
600706,143.868750051,-35.921916752,-311.3508735620471,589.7260063203329,2405.7683243379465
600711,143.890047882,-36.8354281766,-521.7273691698704,401.21999590250556,2366.6267033415493
601008,143.906453147,-38.3270885791,-847.6661455444032,320.4377195406528,2354.277978481236
600715,143.910404313,-35.7353744826,-502.6179404249953,416.06845940471777,2369.189192692027
600710,143.910616059,-36.8147137929,-484.1059406309704,431.0334383311929,2371.8630425926563
600709,143.914131716,-35.7019403408,-555.1748605877282,376.9094486303449,2362.626758572778
600667,143.918937692,-37.8102498473,-709.1207547230781,305.1804605274731,2352.249897724526
600056,143.931648368,-35.6022411546,-599.8354693030534,348.4454399675149,2358.2533138938734
300401,14.3934661221,57.7352539702,-359.1262041787123,543.2173472105497,2394.7921734813963
600066,143.936,-38.3009999999,-956.5668749240236,381.8510284906818,2363.4201225801294
600285,143.948442436,-38.5725437564,-552.8510730333023,378.52260867257445,2362.884642366947
600708,143.968944365,-36.98541665,-489.65622534899865,426.4902369247463,2371.0416255412742
300275,14.3980916084,56.3227660893,-335.1778724392064,566.3421350505101,2400.143304428061
600069,143.989411624,-38.2396472078,-888.6333780139825,339.4492673925853,2356.940871763788
600065,143.989531269,-38.1521092876,-741.0658543739563,301.386357164636,2351.7606604716925
601313,143.997,-38.3080000005,-929.5712707388475,363.58680954225224,2360.5380395008247
313164,14.4020676988,51.5234830262,-376.7909437786897,526.4322231862103,2391.0406423701916
600817,144.039703768,-37.6436489345,-671.6411500273487,315.0799210359975,2353.554720948152
601543,144.060708116,-35.0892593932,-697.2288933811096,307.7028502158712,2352.5784815576826
600716,144.060812385,-37.1100416244,-580.2288849902553,360.3177140620377,2360.036720672832
313163,14.4061060551,51.5065003498,-434.5896673042166,473.4466164532518,2379.936168574341
600550,144.098268876,-37.2063075503,-559.3080247097689,374.0702027527235,2362.1754770644675
313152,14.4105878265,51.1687320159,-390.9933372223403,513.1219550892955,2388.14543289389
601395,144.127208165,-35.631143838,-463.06163826277833,448.66620016536064,2375.1306968308304
600489,144.127369694,-35.6562708631,-578.1347279863376,361.64581468875144,2360.239852883425
600067,144.189864466,-38.1395730975,-933.5721413548429,366.18508424545723,2360.9396400122423
300672,14.4247771117,60.6369923403,-280.7481228646915,620.2418117383091,2413.43000165443
601264,144.248418709,-37.5977503227,-660.9052095455718,318.9335221894802,2354.073715802772
313153,14.4271838459,51.1934519339,-449.8228819071827,460.0647434701713,2377.310252373795
600811,144.281755278,-38.0894900004,-706.846963341417,305.6170647359394,2352.3065825089834
600833,144.285206568,-36.1606197048,-532.5853038181928,393.08056130884876,2365.2604075526574
601534,144.302511848,-34.4770234885,-724.056834186526,302.85840538160187,2351.949761701463
300428,14.4317201482,57.9950147897,-369.71811681189376,533.123404877206,2392.5227339954677
600064,144.348,-38.1639999996,-743.142174172544,301.2931263595811,2351.7487144354545
313148,14.4356436476,51.0806402676,-395.16503115024443,509.2457077218383,2387.315575848823
600079,144.364084516,-36.6352233191,-629.3333608740198,332.67034295329296,2355.974113808966
600948,144.398430599,-37.7311770507,-660.6235807912851,319.04041383872504,2354.088200029826
600949,144.415,-37.7185533627,-619.9508819206227,337.3983087447702,2356.6463643493717
601263,144.427346083,-37.6809999996,-456.915662509937,453.92998649399556,2376.130657286278
600039,144.431323089,-36.7724543774,-524.903857798714,398.815551114795,2366.220258485731
102953,-144.434876462,61.4652593698,-75.15418049271936,834.8399859094698,2477.2771887559543
600545,144.439239257,-37.3517289613,-614.8196150006848,340.1010010427907,2357.034823410038
601420,144.447727694,-35.0438613014,-779.6238389928666,302.73761315023427,2351.934210447474
600214,144.45215787,-37.3855224461,-452.5076448319811,457.73519185547974,2376.8605288742237
601494,144.456583813,-29.2397662642,-752.4821625183,301.1075697049357,2351.724949136462
600864,144.464475277,-35.9396578105,-512.5971935895751,408.2341963836224,2367.825928347408
313150,14.4482389706,51.1065888757,-442.0337218574829,466.8730842751572,2378.637203248507
600688,144.485512534,-37.9562186644,-784.693717013131,303.3971558424456,2352.0191967818982
600265,144.493572374,-36.9642560153,-539.3413194981031,388.13259849118504,2364.4431441396096
600690,144.506634401,-37.9770501381,-794.9590048560306,305.069505205975,2352.2355049747675
300363,14.4522038139,57.3560946408,-435.9500902947842,472.24053176553184,2379.6965326905606
601046,144.523063709,-37.468566934,-505.63127740243476,413.6849179841661,2368.7717659632913
600219,144.530897699,-36.8437007673,-371.71266992897995,531.2324047038311,2392.1020746750537
600220,144.531401534,-36.85171816,-417.57387192861813,488.7035394757785,2383.018173945267
600222,144.539661557,-37.0182152078,-487.19582182047293,428.49842271082275,2371.4036700070583
313147,14.4567756043,51.0441205066,-400.3785588405985,504.4236609219037,2386.291620392432
600542,144.573104032,-37.4766645167,-567.2810773475038,368.70448158645115,2361.3317138003326
601259,144.577,-37.7520000005,-515.9594659122722,405.6336556716334,2367.378957934453
601199,144.581119286,-37.7272628574,-685.542106664384,310.7485070637062,2352.978772216104
601260,144.58534182,-37.818701083,-591.4248695800286,353.41100181951185,2358.9921161513776
601265,144.585755715,-37.7769564265,-631.1568855112145,331.7843387675301,2355.8491707468643
600835,144.635528598,-36.5478511178,-534.057894554061,391.9942694707777,2365.0801202401603
601270,144.639947003,-37.8848703935,-611.6207115321365,341.8266194364765,2357.2844346011057
601278,144.665,-36.9479999999,-562.3910639141012,371.9777588642781,2361.8450247522537
601014,144.672861982,-37.4645690087,-582.5983873304726,358.8285489112707,2359.8098218651116
600849,144.673243811,-36.0977087236,-652.2312984663465,322.3587280479863,2354.5402135886316
601890,144.690072557,-41.1314085691,-446.7045625208242,462.7816183264994,2377.8375247518857
600223,144.702087558,-36.3304646239,-243.8083769923139,657.6986378713458,2423.326632155704
601532,144.714786394,-34.5227476663,-486.44286582350315,429.11483594231436,2371.515129676191
600217,144.739385313,-36.1437102024,-511.6113200332035,409.0005112628811,2367.9581681420345
102954,-144.741003728,60.6630252924,-163.19093536863767,741.3256968902787,2447.3471876150184
600544,144.744068756,-37.5813592623,-563.7268332936467,371.07803022994756,2361.703489512733
600363,144.744214009,-37.4644305987,-776.8393367180556,302.42257390641424,2351.8936797962324
601987,144.752117789,-40.7771718168,-629.809996324681,332.4377092945709,2355.9412765216166
600589,144.775331613,-37.7648374175,-511.29292661260394,409.24836121574725,2368.000990078986
600313,144.801932028,-37.6315541465,-719.0574142240275,303.52944991238206,2352.036265626318
600867,144.806742924,-36.1230283047,-469.7791437111283,442.9703329761507,2374.061326873062
600312,144.815067972,-37.4269227186,-720.9348182771304,303.2648542762315,2352.0021342882465
313155,14.4826666494,51.219265258,-341.79728946789015,559.9104312630162,2398.6338109212124
600748,144.831261199,-37.7305033187,-472.7618495191127,440.46106520482,2373.5944088699416
600749,144.83520212,-37.7400423985,-460.21618121680257,451.0970952036639,2375.5910963712727
600588,144.851851382,-37.8565881331,-638.2588669773573,328.438486529526,2355.380289314464
600468,144.852319437,-36.1019102939,-583.3396535704758,358.3656669072318,2359.73948118752
600746,144.852324379,-37.7685745608,-458.2308306294136,452.79946748305593,2375.9149449444144
601881,144.877054847,-40.9144751111,-593.6487684429235,352.0790050738706,2358.7929314950666
600596,144.898000876,-37.2606802728,-731.6615233531758,302.0446607494564,2351.845114998974
601883,144.910632908,-40.985268326,-565.554240605824,369.8539373779635,2361.5114657463055
601880,144.914543625,-40.8561483413,-707.1366843000113,305.5602247800337,2352.299198406722
600595,144.914865327,-37.2101642056,-715.6291950734383,304.05156652083804,2352.1037015746265
601765,144.922642892,-40.8558880763,-549.7878431273497,380.66729701214047,2363.2291591954872
601882,144.931156143,-40.7852936044,-787.6541683833956,303.8333487496986,2352.075502969609
601767,144.943592622,-40.9067785395,-562.7653203927614,371.7252521399574,2361.80526947837
601878,144.951647422,-41.0315939758,-589.8924225056818,354.33668122121026,2359.130973794406
600568,144.956051811,-37.3019292482,-615.7713920359665,339.5935714601814,2356.9616589232764
600567,144.956528135,-37.2979905299,-574.2046809905198,364.1681287008418,2360.6276482788967
600141,144.961,-35.9689999999,-352.97532616711027,549.1178627642134,2396.137495024862
601394,144.968671557,-35.5311649527,-629.7218516760798,332.4806746418391,2355.9473395786194
601766,144.968884101,-40.9227860758,-551.4981921232742,379.4672776682644,2363.0361577170684
600594,144.969197217,-37.1515867448,-724.128046808406,302.84962435449387,2351.948630992807
601764,144.980630092,-40.9020862071,-553.1192787576604,378.3358096081658,2362.854725261193
600805,144.985019623,-37.1399950938,-666.4739491425761,316.8804828896537,2353.796445806999
600340,144.985457383,-37.2930423415,-587.9980178942822,355.48974264423583,2359.304436689455
600760,144.989357972,-37.7770306205,-608.2489363887281,343.6787283037247,2357.5537186129495
601879,144.990322077,-41.0522298155,-605.5842521011105,345.1662102161308,2357.771019529303
600593,144.994188208,-37.1435818401,-651.2407000725259,322.7671970163414,2354.5961716029074
600142,145.01,-36.0139999997,-637.0632756612881,328.9899408555902,2355.4572484002865
601948,145.018421886,-41.0601908992,-679.2478156463811,312.6159570163563,2353.2261269241712
601950,145.018578891,-41.0437679648,-654.5839433889071,321.402722457425,2354.4095178749862
300369,14.5020774141,57.4023185796,-352.8968032901278,549.1933684466333,2396.1547996327454
601345,145.027210139,-37.7894445626,-515.446429128739,406.0291595719648,2367.4467567994
601120,145.027591651,-37.1103431784,-711.8174211497078,304.6909284483985,2352.186436007152
601123,145.031686355,-37.0857080793,-701.3740128309535,306.75678949283645,2352.4549295910506
600339,145.035378216,-37.202011012,-546.9779303781622,382.65256786043904,2363.549757366548
601746,145.042512264,-40.9774658373,-673.2844801676434,314.5286494462002,2353.4809833902914
601949,145.048143888,-41.0685365679,-640.0434816856488,327.6243558159044,2355.2669034275223
601131,145.051805386,-37.2064271703,-627.3970656638636,333.62298914200187,2356.108818951562
601121,145.052253404,-37.0645476516,-572.9124692486856,365.00588748616076,2360.7570323429813
601135,145.056,-37.1389999997,-641.608560523934,326.9193083400046,2355.1689327992563
601130,145.056259485,-37.1983782157,-592.7883031670988,352.59277513382375,2358.869672731805
601134,145.056343178,-37.1020434477,-659.8987048659468,319.316884937987,2354.125685018492
601132,145.060324712,-37.2859999999,-643.7104104826327,325.9856832004243,2355.0395184601316
601403,145.062835632,-35.402066992,-754.3154235865281,301.1161069051748,2351.7260422283484
601777,145.064181228,-40.877087967,-853.2696636035025,322.69849173835695,2354.586754491644
601133,145.064449194,-37.1801946142,-623.0696866145213,335.79562854171513,2356.417444343215
601743,145.064501723,-40.9558133616,-703.0298836080389,306.39877049045754,2352.4082712010995
601748,145.066654543,-41.0058004897,-639.097486352065,328.0545663300132,2355.3267854688984
601402,145.069033393,-35.631140274,-722.0496850172858,303.11489448772136,2351.9828033209737
601753,145.072799618,-40.9519609492,-686.3437808866759,310.52196298661266,2352.9488641605326
601344,145.077506982,-37.7604930182,-502.8252642458111,415.90397974565263,2369.1603129010828
300478,14.5083077256,58.5437231941,-317.33050957317664,583.824770362422,2404.328561229937
601122,145.085250501,-37.0352676532,-568.1028007794807,368.16000772908285,2361.2467594786362
601124,145.094371559,-37.0350738561,-615.2074662602826,339.8938884262513,2357.004947650047
601744,145.097298477,-40.9060589804,-919.4505267976308,357.1942935472806,2359.5618727212945
601757,145.0975329,-40.9653211893,-685.1678045971341,310.85516011630807,2352.992859833667
601742,145.101433186,-40.852401809,-942.1950558587426,371.9168235781558,2361.8354285423334
601496,145.1022986,-30.51859732,-720.5933033855781,303.31186033648015,2352.0081956655804
600963,145.106027928,-37.7310432947,-619.478517349461,337.6437036077668,2356.6815097596987
600964,145.106298917,-37.601726544,-626.748439815889,333.9448206974305,2356.1544115630286
601778,145.106330668,-40.8810098374,-990.7029564709163,407.1673162862942,2367.64222198141
601763,145.109224055,-41.0137088193,-601.9660714475805,347.21903406334246,2358.0724173513336
600455,145.109942662,-37.0226394531,-493.24553432972505,423.57744955134075,2370.519420638798
601755,145.110416204,-40.9686532116,-671.4891279549723,315.13144217059977,2353.56161884532
601747,145.11453992,-40.8816099244,-910.7348054133618,351.90463159553167,2358.766910399514
601722,145.118382497,-40.8560462343,-813.1660686392204,309.1239201771127,2352.764770622628
600452,145.118697523,-36.1771951662,-447.93619131277876,461.70712952095727,2377.62863822502
601745,145.122833265,-41.0146207964,-563.6292251229833,371.1436343690846,2361.7137983231532
601835,145.131468406,-41.0050641686,-441.3959215125482,467.4337807471385,2378.7473189140633
313145,14.513423429,51.0440651126,-477.33833302299473,436.6353354188547,2372.8874570854846
313161,14.51386555,51.364171722,-449.521178836595,460.3270863796192,2377.3610357520442
601754,145.138699493,-40.9813081187,-681.5946443101733,311.9013508786856,2353.131301168133
601756,145.143416314,-40.9818375727,-619.8383190431891,337.45672236714773,2356.6547280685945
600950,145.143856794,-38.060321832,-559.1534802759704,374.17566731002296,2362.1921805526713
300016,1.45156902125,42.3643735444,-236.1477849670226,665.5419108107353,2425.467069020498
601731,145.159967086,-40.8476977486,-874.8906836009465,332.4495458984832,2355.9429467678942
600445,145.173005569,-36.7147473816,-467.79401012172946,444.6471840193061,2374.3747779391483
601544,145.181706337,-35.2938239061,-748.098953640777,301.14697582558307,2351.7299948986865
601889,145.184760002,-40.9016127501,-616.7676106041102,339.0654184925669,2356.885620023768
600292,145.185421904,-38.0230062509,-655.3525359811845,321.0947242114047,2354.3674925069963
313162,14.5188890954,51.4436707206,-525.8205791831394,398.1251687009854,2366.103995561157
600776,145.193550277,-37.9896841461,-382.682446881165,520.8899376356397,2389.826519851879
600291,145.194157927,-37.9980191238,-914.4644026920924,354.14312231862897,2359.101909401726
600459,145.201575472,-37.093573107,-195.6343227486831,707.3993652892851,2437.2850325452223
600139,145.206451245,-36.0564634852,-596.9498909173632,350.1269017969202,2358.502345815919
600290,145.206665022,-37.9937273285,-635.2315114729964,329.84414904834654,2355.5767086891287
601338,145.21,-37.7400000005,-549.9912916394981,380.52421867020456,2363.2061164553234
601732,145.213900614,-40.8940003324,-778.1844942500913,302.5705762399243,2351.9127155282445
600147,145.214390043,-36.0689877602,-738.625013445095,301.52009259833653,2351.777802875474
600454,145.222466964,-36.6185825807,-456.7318344092814,454.08818215232327,2376.160883658277
600366,145.223138803,-38.0313732256,-726.4399001119098,302.57645455488023,2351.9134717732036
600293,145.227373226,-37.9476650217,-460.19558040744926,451.11473338679104,2375.594445720043
600573,145.247959473,-37.4272441416,-285.55299375916945,615.4175819178027,2412.1946994367677
600144,145.257426764,-36.0639641018,-581.6266397900931,359.4375129791829,2359.902496628609
600577,145.26482159,-37.1474364484,-531.2925347273931,394.0377324564793,2365.419667301497
600530,145.27279086,-36.9476015479,-506.50650551633464,412.99548448514025,2368.651459810497
600956,145.273064754,-37.4224445582,-371.7065116728014,531.2382383584913,2392.103370206128
600258,145.277366885,-37.4145136715,-250.30982813960952,651.0615120549787,2421.5337206689064
600527,145.284768336,-36.9518046963,-462.9841740061313,448.7322369494247,2375.143172176136
600576,145.285395788,-37.3642260184,-370.8287378322781,532.0700544630166,2392.2882373814323
600578,145.285689097,-37.347491717,-446.93449688408884,462.5808809633581,2377.798464817849
600574,145.293774563,-37.3006259021,-417.10588887393874,489.1274824286583,2383.1051512520967
601690,145.297202326,-40.8716196796,-487.0198929101181,428.6423710730588,2371.4296848391728
600847,145.302224173,-36.6481922621,-642.4674217996483,326.5359702716616,2355.115752513778
313158,14.5321965625,51.3321704234,-347.8909886455461,554.0159678796891,2397.264724748385
600236,145.343860361,-36.5723265749,-626.0540146148855,334.2908776001765,2356.2034841464733
601347,145.348334345,-37.6771386363,-513.4809444161225,407.5487163281849,2367.707841782434
600232,145.352134571,-36.5932691416,-605.5733854942273,345.17231873870963,2357.771913795043
600237,145.360525561,-36.610367382,-617.698491979283,338.5746624874915,2356.8150690997804
600235,145.361,-36.514,-663.4770645523909,317.97097460659006,2353.94350156276
600166,145.385413441,-36.3976790224,-473.9170021911913,439.4926081933806,2373.414885879395
601064,145.390034029,-36.4516661319,-624.1414951109443,335.2519390651065,2356.3400286257915
600456,145.394,-36.3799999999,-407.6249994137737,497.76367694520076,2384.8926906557635
600163,145.406401222,-36.4105494925,-463.99541119970434,447.8708043978192,2374.9805736656526
600119,145.410186616,-37.214712401,-556.1514211383288,376.2351246783282,2362.519277571931
600840,145.410543155,-37.5058884831,-201.9771474479917,700.806745053311,2435.3797571979403
600132,145.414932884,-36.102399326,-531.0992661747403,394.1811111685521,2365.443555923361
601357,145.418854929,-37.4266165505,-434.53290284154696,473.4969866023108,2379.9461893452026
601352,145.422708647,-37.5140467618,-360.6126182844275,541.7956455183806,2394.4700852923515
601065,145.426766613,-36.5272495991,-623.6427882589461,335.5044613775811,2356.3759698871363
601358,145.435108659,-37.2104456707,-665.8920036189746,317.0896019602751,2353.8246076393643
600146,145.435583053,-36.0972684626,-684.6304388680171,311.009253623582,2353.013222167861
601493,145.443696267,-29.7561737599,-720.8092082983353,303.2820849501954,2352.004356056557
600276,145.452287599,-37.2106476367,-599.2988439979454,348.7563624743949,2358.2992745246847
601353,145.460571926,-37.2487942458,-603.020317842224,346.61699313338664,2357.983843834837
601359,145.46409112,-37.3853740981,-517.1783384139844,404.69591594639365,2367.218463142127
601355,145.464628449,-37.2769092832,-506.2008943675295,413.2360723016861,2368.69342028651
601354,145.471719426,-37.3811942618,-583.7413883029818,358.11540220418783,2359.7014872973127
601059,145.476886375,-36.6072703838,-619.6807570344051,337.5385543121665,2356.6664472310094
601340,145.480312097,-37.6645695142,-576.6632469429964,362.5856741238591,2360.384044798036
601800,145.485269916,-41.0559066598,-149.9705623796426,755.2417276737372,2451.59836332889
600145,145.489551179,-36.0891057269,-631.1847763500582,331.7708718358718,2355.8472741788705
601346,145.4979871,-37.6778764513,-634.435859710726,330.2186826337621,2355.6291826638717
600505,145.501748492,-36.4812174263,-691.3008484749112,309.1785058223573,2352.7719431172727
600874,145.502083194,-37.3222547879,-446.6177288068491,462.8574425581189,2377.852283046347
601426,145.50209304,-33.4855986935,-582.0032263100577,359.2012279211851,2359.8665195297312
600875,145.50667734,-37.335641489,-368.94264240462303,533.8594698275132,2392.6868581955714
601309,145.510624194,-37.7688407829,-560.4036825114281,373.32407268135944,2362.057436029166
601405,145.514597762,-35.3480722736,-694.6630133582377,308.3239402934714,2352.6597969139893
600071,145.51615883,-38.4647505074,-693.4117069828075,308.6366054784112,2352.7007931520993
600876,145.518922042,-37.3556994477,-321.85537470626434,579.3735132507468,2403.2515756187067
601773,145.522733377,-41.1267993567,-516.0026159665182,405.6004125040077,2367.37326217914
601343,145.535267512,-37.7687516129,-486.3176123886092,429.2174591675852,2371.5337010279995
600465,145.542771922,-37.1646315329,-261.0459581089706,640.1418032446045,2418.6206804950907
600234,145.560265315,-36.7603638914,-753.1004586853869,301.1087998341347,2351.7251066387066
600873,145.564623497,-37.4141870485,-397.2611237493471,507.3040041466779,2386.902138857087
600967,145.564643411,-38.5644321147,-813.4490462222764,309.19770171918816,2352.7744657331077
601772,145.580731659,-41.0395076505,-453.77816805512236,456.63589913239775,2376.6490721673104
601058,145.581149698,-36.7563196711,-727.7449174571068,302.43246138120105,2351.8949512158006
601774,145.601775105,-40.997823219,-471.2587806008154,441.7240088243606,2373.829094064934
313157,14.5605747009,51.3018076299,-347.7274277890035,554.1738428754063,2397.3012151134817
601810,145.606329061,-41.0727108752,-382.5808758647272,520.9852413251984,2389.8472941876344
601771,145.609778781,-40.9689118266,-487.20920362850836,428.4874753916179,2371.401691916569
601702,145.614762233,-41.0727646392,-526.2364643985239,397.8124916356356,2366.0514039975196
600694,145.622718804,-37.7772811956,-642.5961076027977,326.478752107172,2355.107819917113
601806,145.627028372,-41.0175108577,-450.116381740575,459.80964112464096,2377.2608973203705
600137,145.627760926,-36.0978392756,-618.5730488512888,338.1160385764326,2356.749227940873
601811,145.630979915,-40.9983219491,-433.04973180214097,474.814369799184,2380.20863657476
601930,145.635194809,-41.1643799428,-468.927390108136,443.68915090859826,2374.195554391271
601809,145.639066626,-41.1811398492,-479.7726196711154,434.6126215230971,2372.5160902814678
601808,145.639312978,-41.1647111438,-470.20128704580577,442.61444529145984,2373.994948401944
601335,145.659845438,-37.7517001854,-348.13009388782143,553.7852085848663,2397.211406010047
601770,145.659898438,-40.9690016596,-486.74941983504755,428.8637691280563,2371.469713137405
601805,145.66075303,-40.9769335663,-448.6809722013843,461.058268640023,2377.502722383009
601691,145.668390097,-41.0273828855,-513.3316291151242,407.6644356208274,2367.7277630520216
600156,145.668830855,-36.4315826592,-504.8062547141045,414.3359913985098,2368.8855568865015
601701,145.668863689,-41.1515741128,-548.636213279661,381.4788913075481,2363.360025973723
600648,145.669163824,-38.4977908642,-744.7127899517784,301.2351536160914,2351.741287988837
601692,145.670104216,-41.094059359,-555.6328446241416,376.59293993429065,2362.5762866552336
600004,145.677,-37.5180000001,-339.15282012679756,562.4763765443209,2399.2340740385694
601225,145.677463966,-37.1896398349,-529.7817732657525,395.16045354916,2365.6069521174604
600198,145.679212299,-38.1310830888,-630.4278023614976,332.13727713700854,2355.8989024831412
600462,145.681456078,-37.1978960196,-566.3782061667623,369.304585576241,2361.425489992204
600168,145.681729281,-36.4351240975,-768.311495811093,301.66715651237877,2351.79666237869
601693,145.685074497,-40.9814793457,-537.2984959485127,389.61901083715406,2364.6875991265747
600131,145.68524008,-36.1020010059,-665.7932741820205,317.12520626932354,2353.829404249306
601807,145.685583472,-40.9813056797,-546.6216492329212,382.90550125120836,2363.5907198044506
600008,145.689525877,-37.5514458009,-307.0141667840131,594.0189649986105,2406.824255868156
600357,145.68958532,-37.1769058479,-412.83785311027634,493.0041500029098,2383.903848685465
601688,145.689669983,-41.0082584589,-575.7198347730935,363.19111436118334,2360.4771241018625
600006,145.689688965,-37.5353779285,-324.5178330744877,576.760245243694,2402.6229101444214
600111,145.68975992,-36.0852807646,-640.1114832999697,327.5935480826873,2355.2626181813966
601226,145.702,-37.1930000002,-589.662455280834,354.47614087177504,2359.1519243797393
600005,145.702072439,-37.6104456708,-319.30386821707634,581.8819799935292,2403.85754704776
601109,145.70237057,-37.4269099546,-374.8564509777302,528.2583135028909,2391.443353634412
600148,145.706080362,-36.1061993963,-732.1220968640084,302.00343747698884,2351.8398210986225
600510,145.706176049,-36.6269208714,-666.0272042652754,317.0409046783248,2353.818048001275
601689,145.706253372,-40.9873091652,-615.155167797602,339.9217890441424,2357.0089712439053
600966,145.714453317,-38.556341508,-864.156631700819,327.40891242072183,2355.236944298769
600003,145.714458984,-37.3183647456,-701.0050414441332,306.8381181790342,2352.465536118422
600007,145.714537105,-37.2489189448,-479.48968859070055,434.8472744285675,2372.559086711064
600469,145.714944334,-37.2352583027,-276.15299494063737,624.8663076565095,2414.6226144682655
601224,145.715,-37.1889999999,-583.5500345854615,358.2345554505295,2359.7195732917335
601704,145.722398929,-41.0103352051,-638.7753608898594,328.20175347395735,2355.347290494687
601705,145.722709283,-41.0972063943,-732.2874749594455,301.9888606700657,2351.837949312428
601404,145.722960814,-35.7898365991,-660.1461707170797,319.22228255933,2354.1128548860333
601108,145.735259007,-37.4646568487,-280.3578290539497,620.6341910403216,2413.5308713471136
600769,145.735532129,-36.9893560814,-510.8943746042436,409.55885958314207,2368.054671522667
601409,145.735737475,-35.3523336389,-649.3803782538472,323.54373547643627,2354.702744854078
600507,145.743484084,-36.6898774796,-638.6073067021091,328.2786813038264,2355.3580111006186
600197,145.743544656,-37.93936378,-435.78334044565224,472.38825109737957,2379.7258513602196
600511,145.743949549,-36.6559441438,-670.1416719621227,315.5919671441982,2353.6233253397254
601957,145.759592632,-41.0847028432,-785.1844184819573,303.4668591952337,2352.028189135305
600473,145.768299397,-37.2397611131,-144.87511056529786,760.6184381443569,2453.2600506881536
601110,145.773026499,-37.5271798359,-328.17089296939366,573.1818970686534,2401.766423902312
600150,145.777012085,-36.1519242381,-572.8316041178599,365.0584506148683,2360.7651599052815
600125,145.785523648,-36.9684065316,-557.1622527177891,375.53939723534575,2362.408581666848
600443,145.826805157,-37.2897919742,-509.7641481573179,410.4408860718556,2368.207378760723
600149,145.831508251,-36.2684643267,-593.8550941544727,351.9561132248192,2358.774591497374
600134,145.872735439,-36.3435661399,-574.3305462151077,364.0867495765911,2360.6150954940813
601171,145.881271765,-38.6930002253,-796.0748237085326,305.27823506660866,2352.262584972746
600655,145.893546482,-37.8813168972,-384.76648384910106,518.936432396131,2389.401491739157
300381,14.5896844193,57.5439566264,-301.62368146878794,599.3700396722217,2408.1505169556913
600449,145.926941559,-37.2184648723,-450.4612169426498,459.51005514705855,2377.202969592318
600332,145.93113716,-37.0269576045,-572.7164674263154,365.1333183942207,2360.7767382916277
601495,145.936557925,-30.0855213221,-701.6780087458344,306.6902074594421,2352.4462483144644
600153,145.939810269,-36.4728584846,-415.5992364463136,490.4938703703764,2383.385974769549
600155,145.943807138,-36.4814276773,-542.9541327701713,385.52482651199534,2364.0164677333332
601730,145.951913667,-43.1395693322,-217.86684219524244,684.3536877565675,2430.6962866230933
600676,145.956361485,-36.7394204177,-522.691558463375,400.48815727301115,2366.502742861967
601279,145.957,-38.3929999995,-623.73448695308,335.457970073641,2356.3693508325914
600331,145.960563595,-37.0184513608,-590.1741666046286,354.16601662568723,2359.1053463526778
600677,145.985732436,-36.7229577723,-545.8320974328753,383.4669899908164,2363.6817468241993
600502,145.993537612,-36.5647292812,-729.9063519730029,302.2102114139529,2351.8663822037483
600678,145.993665201,-36.7269111477,-645.4301823237349,325.23313939123625,2354.9354689280894
601172,145.993878139,-38.5818485191,-819.3214802634873,310.8017762884027,2352.98580786228
601398,145.994225726,-36.0103078634,-453.9567445050155,456.4815522775476,2376.6194216632584
600866,145.998167455,-36.006022114,-508.1231583840164,411.7254493458216,2368.4303480356566
601411,146.001853105,-34.5688566061,-696.9672713145219,307.7649402766124,2352.5866033625093
600796,146.002,-38.206,-825.4431176072883,312.6204524479317,2353.2267241271147
600696,146.006499355,-37.867570691,-405.27143578370647,499.9212672675233,2385.343946126774
600170,146.010407912,-36.852184176,-571.0927153003361,366.19263225264166,2360.940810730629
600167,146.010620947,-36.7476498064,-633.8717804796862,330.48548618674226,2355.666598743839
600161,146.014609643,-36.839329071,-442.0892392469077,466.8243010443333,2378.6276286764205
600200,146.014859611,-37.1019003387,-759.9235204057258,301.23381571174326,2351.741116616695
600657,146.018714745,-37.9063867522,-416.0325667567447,490.1006446379643,2383.3050811282706
600159,146.019,-36.7979999995,-422.99072559465355,483.812965857956,2382.020036395486
300405,14.6038294045,57.7728502273,-378.80861794925966,524.5308892044401,2390.6227476510976
600491,146.048,-36.9900000004,-658.2274181947558,319.9616851431376,2354.21323329407
600386,146.052,-37.0390000005,-809.3315426578713,308.1562633858439,2352.6378281667594
600320,146.059392441,-37.1687235962,-478.34497894541283,435.79784486083054,2372.7334931345804
600500,146.060140389,-36.6144781873,-596.3995899029735,350.4502195188944,2358.550364995016
600173,146.064609009,-36.972898426,-478.27576530043336,435.8553810536915,2372.7440614298757
600390,146.073324903,-37.0353754862,-762.2683421506397,301.32393161961045,2351.7526612345914
600112,146.073778006,-36.3436833739,-558.3655289589924,374.71423146258064,2362.2775499754202
600087,146.077123549,-37.5187961982,-339.76301686595514,561.8838783711509,2399.0952379242235
601839,146.089726196,-41.2523880991,-463.969808615985,447.8925974134288,2374.984683461144
600319,146.101649099,-37.1603673025,-446.8270708894023,462.67465807201364,2377.8167101522645
600388,146.102114867,-37.0601932462,-640.5527763343083,327.394006207648,2355.2348721853573
600172,146.105,-36.9770000003,-669.2954036484944,315.8847412189918,2353.6626006274287
600128,146.119037237,-36.9682498516,-488.4535050396695,427.47073887937097,2371.2181891288196
600321,146.131307207,-37.1436959481,-468.48569016922073,444.0623057893382,2374.2653177941647
600442,146.131,-37.3309999996,-323.2941874052201,577.9607370221763,2402.9113761011868
600461,146.135699303,-37.3056112725,-331.8341189665342,569.6021213453018,2400.914626657589
600387,146.139497298,-37.0563630629,-603.0199801386026,346.61718547202287,2357.9838721080832
601540,146.143553188,-34.6446938234,-827.339492367011,313.21379653414755,2353.3056219277205
601115,146.151674768,-36.9812360437,-717.0027283973766,303.83634543524005,2352.0758900734313
600165,146.15603152,-36.9893909914,-475.56288389790143,438.1159917370327,2373.1603591146145
600661,146.16069553,-38.0892318444,-540.1344314523101,387.5578094623593,2364.3488582551736
600389,146.176931523,-37.0646114146,-610.1471487062066,342.63187932338127,2357.401338886944
600519,146.181353967,-37.2187530053,-373.73062014696256,529.3224594120874,2391.678643525368
600547,146.188779372,-37.2898489342,-309.0726597868879,591.9798823827917,2406.321809110998
601159,146.193731798,-37.9811790084,-476.3575461902781,437.4527157198048,2373.0379993476536
300760,14.6200115718,61.7841476352,-183.88038967271217,719.6519311811204,2440.869388129975
600520,146.202187498,-37.2273088961,-428.36678652325133,478.98993003340627,2381.0451110658714
600101,146.214309344,-37.0139601864,-547.7976996329945,382.07162421290144,2363.455773625977
601873,146.231188737,-41.5515326068,-308.92892097416416,592.1221865995639,2406.3568213631015
600526,146.235027793,-37.2394170301,-255.8942914081766,645.3751484144607,2420.0110640342677
601160,146.243111659,-38.0938883408,-452.2993773643959,457.91558363396007,2376.8952752681625
600938,146.247787722,-36.163247641,-314.74523886334464,586.3735399297311,2404.948730469531
600378,146.247962259,-36.6187617937,-506.9385914613456,412.6556025407111,2368.592222009842
601417,146.256355122,-34.6185836462,-450.99172622491756,459.04944617473376,2377.11397747155
600909,146.273138803,-38.1700000001,-581.065825801173,359.7900678211517,2359.9562200939304
601524,146.28209,-35.3473499995,-688.1132783853095,310.0310381298466,2352.8841264416637
600393,146.306488977,-38.6311133852,-569.4543839492154,367.26798029135165,2361.107841078965
601219,146.306681566,-37.9437027653,-425.4560327291847,481.5974064743108,2381.5710213596535
300452,14.6309740537,58.2230236515,-424.16839583265664,482.7537914111662,2381.8051328727834
601874,146.33090028,-41.5141719008,-473.9587234061894,439.45766513828437,2373.40841561373
600940,146.331493796,-36.3481426913,-594.4348809150295,351.61140723804357,2358.72318205363
601218,146.334951152,-37.9604543767,-426.19323112544646,480.93615263070694,2381.4373917372905
600665,146.339474229,-38.168984525,-633.2781805005139,330.7673937502847,2355.7061651712074
601006,146.343792749,-36.3312570759,-630.9308068950477,331.8935937268143,2355.864560074323
601216,146.356377902,-38.0477823169,-519.40747336608,402.98789430119916,2366.9270607288677
601876,146.360116336,-41.5228711405,-520.1015695236291,402.457912418895,2366.8368847738234
600824,146.373,-38.1950000001,-756.0748634822339,301.13817654847264,2351.7288681376986
600010,146.373219422,-38.6399999999,-641.0872219197847,327.1532337992759,2355.2014152175193
600546,146.38610364,-38.0520861983,-572.5916218886289,365.2145362499405,2360.7893013451117
600583,146.389501771,-36.9142724052,-423.63239440933205,483.2356783627547,2381.902850390837
600580,146.389520047,-36.5149021241,-566.8019272711061,369.0227121732281,2361.381424072987
600582,146.393842277,-36.9101577228,-330.2959231350701,571.1042255383388,2401.27143494546
601877,146.39825806,-41.5561064672,-519.1204071065372,403.2073438581336,2366.9644336150072
601188,146.402090461,-37.8894946998,-408.24472914584504,497.1964426463597,2384.774364680541
601875,146.409809116,-41.2565233734,-689.2523198378284,309.7216847996959,2352.843384055225
600660,146.410525771,-38.1686598029,-566.6611102400368,369.1163408911397,2361.396057625689
601707,146.410648742,-41.2642682211,-658.6192956625107,319.8095749685723,2354.1925647870994
601872,146.423027968,-41.2742416499,-496.38493910266664,421.04641308834135,2370.0684694396155
600358,146.431253535,-37.2018443409,-243.35085700447058,658.1663826582339,2423.4536214086515
601932,146.431375517,-41.3436597196,-574.497717484373,363.9787245520558,2360.5984367917863
600002,146.43159576,-37.8522819808,-370.0513922393026,532.8072124889484,2392.452297024441
600097,146.443617923,-37.1937240623,-290.5607673331689,610.4022726420943,2410.920032332868
601729,146.464513074,-41.4059823558,-611.0654108148939,342.12931267578364,2357.328346762344
601870,146.468922827,-41.4100926731,-563.6414189840893,371.1354374429285,2361.712510189002
601856,146.47885634,-41.5523865719,-593.0894866852316,352.4127125003792,2358.842764532888
601871,146.497830526,-41.384757151,-600.5905203898617,348.00934300940224,2358.1889175125725
601202,146.535339353,-38.2272390778,-688.8996621653207,309.8169047123403,2352.855920430067
300784,14.6535537416,62.0300256875,-187.21090322180984,716.1755165665592,2439.8466833771868
601203,146.539766082,-38.2554704161,-696.3908708723934,307.9027287252916,2352.6046327876184
601206,146.54,-38.2687635022,-661.3895925982837,318.75036120029574,2354.0489078654678
600599,146.552702765,-38.1561209689,-671.371987534731,315.17120210436946,2353.5669428535907
601169,146.555901312,-38.4686480318,-545.3120192691778,383.83756722669926,2363.741894935188
601952,146.564642592,-41.25157878,-578.4800009180337,361.42607640461046,2360.20619365396
601033,146.585666885,-36.8233324596,-343.96687354320306,557.808833538809,2398.144107978336
601007,146.602114631,-36.3106284562,-467.21057855720863,445.14103563452227,2374.4673106747664
300692,14.6610009102,60.7832574454,-278.76087126267635,622.2404760932392,2413.9444231270163
601868,146.619137916,-41.6480431038,-792.8915258280749,304.696654823122,2352.187177781072
600728,146.623072626,-37.6272866361,-505.94293023581054,413.4392742067358,2368.7288788111387
601189,146.626802535,-37.976426729,-548.8268035144267,381.34437738667935,2363.338317300703
600294,146.627254838,-36.8144414769,-333.236283594303,568.2341933758971,2400.590462027799
601866,146.635615743,-41.5730233566,-616.8998225730211,338.99555437845163,2356.8755702721423
601814,146.655716839,-41.6728955729,-388.1705664204942,515.7535930822398,2388.712254884318
600432,146.656870114,-37.9144139409,-529.9297520108839,395.0502867787216,2365.588551912871
601867,146.660292524,-41.5228350425,-565.272400144523,370.04221476084757,2361.540960593823
600190,146.660895462,-36.7146420276,-504.242056691499,414.781893649726,2368.963589242548
600731,146.668632718,-37.770535023,-425.1391464398158,481.88182720670846,2381.6285527448144
600939,146.669067016,-36.5357339008,-492.85493430442637,423.89345044190037,2370.575905805343
601170,146.677423696,-38.5390906626,-782.3041719221578,303.0725080064452,2351.977341082732
600188,146.702080646,-36.9105838708,-304.37805783209967,596.6337523166836,2407.4709348735178
601983,146.709748324,-42.7060079784,-506.2569464326989,413.19193426062867,2368.685720477776
601928,146.717904474,-41.5730749316,-732.1598242776735,302.00010161592024,2351.839392737801
300730,14.6720124901,61.4698725802,-87.37604395457589,821.7484347626823,2472.8960669409867
601418,146.72709,-35.6973500005,-542.0898326542083,386.1462245649273,2364.11788509013
600980,146.768959012,-38.0063372655,-538.4666060164493,388.7680214620544,2364.5475343855537
601185,146.780925322,-37.9895758941,-708.0351836471267,305.38619317976577,2352.2765982856076
600659,146.789935781,-38.1438990599,-612.5331723294188,341.3312498526458,2357.2126526860598
600727,146.807249677,-37.9020637089,-638.5429510684835,328.30816583077285,2355.3621206957646
601925,146.814726696,-41.5396972409,-801.4070822355388,306.347948366258,2352.401652211097
601680,146.822860729,-43.0687759024,-527.2489606711762,397.0526398858424,2365.923766036767
601924,146.826830485,-41.5232839415,-870.5291755143048,330.3550758678475,2355.6483065196585
601844,146.830698144,-42.9982800415,-527.1696721665315,397.11207311556615,2365.9337409300847
601927,146.832959131,-41.5184462301,-618.8138566952655,337.9901732622499,2356.7311736978254
601803,146.843606939,-43.0354657706,-477.8437838115134,436.2146369486634,2372.8100803362954
601926,146.847790306,-41.5083514363,-597.1451976379074,350.0123566878243,2358.4853439636736
601953,146.863906871,-42.9854994635,-545.4188566392462,383.76139432889784,2363.7295267510076
300806,14.6878559024,62.4993718254,-238.80423007716394,662.8193717671061,2424.721424709862
601191,146.882,-38.0099999998,-845.8217286870563,319.7184858696857,2354.180192352337
600037,146.885227189,-37.8019511516,-624.1035081096717,335.27114612742616,2356.342761417125
601830,146.906295134,-43.1809425607,-582.3544060112911,358.9812145905239,2359.833040764997
601327,146.906375806,-36.3060403228,-578.7096843541927,361.280069091596,2360.183839487956
601955,146.910446229,-43.1356263489,-529.3069018220315,395.5142715246224,2365.666081009096
600654,146.919,-38.1399999996,-807.1647326586387,307.63605891234596,2352.5697465963476
601956,146.922652516,-43.161032615,-584.4732190102902,357.660584111083,2359.6325055575844
601933,146.92279975,-43.1770444283,-547.2755821822683,382.44146517797503,2363.5155895709167
601831,146.926512301,-43.1688994447,-730.1907813833185,302.1824745967849,2351.8628182380703
601804,146.927766757,-42.9980801895,-440.65696772285924,468.08399910966943,2378.875174968158
601934,146.930597565,-43.1985548811,-562.727106599255,371.75101959269836,2361.809325162701
601832,146.931259038,-43.1646400293,-706.1938704702569,305.74648667814347,2352.323400804683
601733,146.935213985,-43.0099555495,-599.8571629686885,348.43288772903094,2358.2514592613893
601833,146.947829324,-43.1643998523,-525.2192874921057,398.57782154700527,2366.18020186258
600942,146.952457742,-36.7270462677,-294.8499650832116,606.1171174446539,2409.8386725913206
601986,146.956191327,-43.0272737709,-452.0213509462109,458.15648181541803,2376.941696736957
601709,146.956210189,-43.1232560369,-627.2549814038008,333.69337168910516,2356.118786090066
600560,146.956675116,-36.139284056,-500.8630840711695,417.4635256660846,2369.4345872209346
601761,146.964390782,-43.3352855964,-430.40131180119647,477.17286448090806,2380.6802411189533
601708,146.971868543,-43.1317825516,-661.5052863329311,318.7067420628073,2354.043002006032
601230,146.981068364,-37.7268887334,-592.4556615523653,352.79193325732706,2358.8994501734755
601179,146.990020414,-38.0477596319,-758.2648129479298,301.18462786773745,2351.7348166664347
601768,146.994331256,-43.1145543642,-568.7357261040148,367.74173691815747,2361.1815798300786
601840,147.001831137,-41.5345793484,-579.1065619447979,361.02809438917967,2360.145282137429
601740,147.009394217,-43.2979297533,-446.62627112309406,462.84998290168977,2377.8508310088287
601922,147.010437464,-43.0856235288,-526.9842530671975,397.2511068856825,2365.9570811363383
600563,147.019031782,-36.2560747537,-636.7673797969719,329.12716358685975,2355.4764184062665
601397,147.022923659,-36.0975298546,-264.7638936599804,636.3724385262606,2417.625766816101
601885,147.04752115,-43.0135767668,-601.4128630850888,347.5362250550743,2358.119143636049
601888,147.047719361,-43.0172403911,-576.4946969462013,362.6936781739362,2360.4006380368187
601725,147.055895937,-42.9359196414,-519.587564079973,402.8502998861891,2366.903638084085
601685,147.056566302,-42.9818463612,-494.84082243768546,422.2893433788703,2370.289593570507
600935,147.064334098,-36.8814696174,-240.55568745723298,661.0259238970856,2424.231783456623
601884,147.064396343,-42.9939878322,-597.6017037606312,349.74503727558533,2358.445687090585
601783,147.068891786,-43.1559877076,-371.4519895668974,531.4793711237916,2392.1569325166406
601963,147.069034454,-41.4980587474,-301.3069584709407,599.6849544835015,2408.2289161313465
601829,147.073848432,-43.0729154167,-488.5270295942831,427.4107350916084,2371.207372696203
601836,147.076649507,-41.8458381802,-718.5348769078852,303.60578425306477,2352.0461177641055
601822,147.080957808,-42.5943475391,-601.0231934733856,347.76017319835995,2358.152159195889
600036,147.08099613,-37.9731872578,-852.8642684243462,322.5311453727617,2354.5638253385164
601672,147.081430007,-43.1397649783,-527.2219844236746,397.072859442362,2365.927159395026
601698,147.081443922,-41.7138849673,-642.1782105020301,326.66477163714524,2355.133614232116
601673,147.085216508,-43.1307175945,-545.6247823957754,383.61464171598556,2363.705705284853
601187,147.0854509,-38.1434012669,-711.1526768838676,304.80874467737203,2352.2017002563957
601305,147.089,-37.4059999998,-488.9897703280897,427.0332804967447,2371.1393654758244
601726,147.089920571,-42.9650308138,-508.13917435026195,411.71288966211335,2368.4281647056996
601776,147.09359235,-42.9852974625,-630.526032533977,332.08962387260686,2355.892184744695
601825,147.0937549,-42.5393146076,-669.3525866999959,315.864872346931,2353.659934111133
600395,147.09389894,-37.8103830413,-632.9397988736173,330.92861763831723,2355.7288082097416
601918,147.097508931,-41.1102554333,-469.9550380194671,442.8220154846644,2374.033657144562
601920,147.097622452,-41.1266102427,-435.0283209591197,473.0574983841962,2379.8587909022663
600564,147.098001253,-36.5937633066,-348.44982610824195,553.4766996548101,2397.1401554598474
601681,147.098252058,-41.6185747914,-646.243025846603,324.88103463311245,2354.8868666077283
601895,147.101536216,-43.1687782777,-525.0045744245389,398.7396236717815,2366.2074624477027
601797,147.106229883,-42.6180009861,-583.7817347992755,358.0902912094743,2359.697676507685
601824,147.109910417,-42.6314989642,-611.5572165169584,341.86118362084056,2357.2894469546845
601886,147.110507161,-42.9604025334,-553.7180363280335,377.9193637164675,2362.7880804949777
601683,147.110529243,-41.5912490971,-728.6287566462846,302.33913124047496,2351.8829516233427
601921,147.114290873,-41.0669808438,-526.3439789505189,397.7317119732562,2366.037823570549
601682,147.11483902,-41.5811606573,-848.4301196291659,320.73926737282005,2354.3190407190223
601827,147.122821786,-43.0434836013,-498.12580022940415,419.6497077763762,2369.820741130873
601826,147.123549016,-42.5273012616,-669.3158019588246,315.87765217770624,2353.6616492186345
601917,147.126711619,-41.2105652356,-480.17172317428935,434.28181814626265,2372.4555138989867
601973,147.127282595,-42.6604108876,-496.5652149026874,420.90154979606416,2370.0427385340568
601964,147.135748656,-41.589489405,-526.7865406322067,397.39943105172404,2365.9819897153734
601958,147.139334661,-41.2229894317,-456.9463067615021,453.90361939577633,2376.1256203235275
601887,147.139514369,-42.918571686,-519.3521752514115,403.03015555326806,2366.9342564048065
601736,147.139521487,-42.460300627,-647.8507534251135,324.1914139463175,2354.791825349705
601798,147.139940073,-42.9391774197,-547.6550770432515,382.1725925792717,2363.4720980743655
601892,147.140077779,-43.1601705459,-520.6652516444077,402.0281607749237,2366.763847516974
601710,147.140495228,-42.1683731659,-602.2627892604241,347.04926701152624,2358.047425644896
601828,147.14377166,-43.0348998016,-511.69247089848693,408.9373686302043,2367.9472627825726
601424,147.147861858,-33.0896128747,-525.1485425665044,398.63112342826986,2366.189181029904
601823,147.148393863,-42.4099067009,-729.2857393291091,302.271951486062,2351.874316478769
601893,147.151416235,-43.148351832,-533.8745467997956,392.1292858562814,2365.102501940125
601894,147.155458108,-43.1262800521,-527.2306205765844,397.0663862191081,2365.926073004477
601781,147.15632988,-43.2356168382,-558.3376736129952,374.733296494009,2362.2805742245246
600566,147.160463687,-36.7896815658,-275.3255744755002,625.7001251790263,2414.838527625881
601821,147.160623626,-42.4642782994,-778.1274680364365,302.56414284914484,2351.911887889366
601919,147.161298802,-41.2603907148,-444.34112955104194,464.8486348559753,2378.2406777247643
601307,147.167,-37.4899999998,-471.88775813988866,441.1951307773661,2373.73073689476
601834,147.168886817,-41.4523520206,-502.4283915242112,416.2188999905308,2369.215617154042
601817,147.172622549,-42.3643790771,-700.9919922088449,306.8410048370926,2352.4659126343827
601904,147.176820018,-41.4438038579,-454.1122188723814,456.3472056942317,2376.5936211313488
601734,147.176918797,-41.4311721089,-488.9568810195857,427.06009722019274,2371.1441952135688
601780,147.181453109,-43.2104435471,-560.7228214766928,373.10726217942386,2362.0231787491643
601818,147.182018849,-42.6836395465,-763.1159023772871,301.36243357255904,2351.757594699347
600035,147.182080646,-38.0226632269,-904.1844170012664,348.0661685059958,2358.1973041956703
601858,147.185373725,-41.7550771417,-781.6531753140887,302.9883207820248,2351.966494316531
601905,147.189350883,-41.4555137899,-485.93587973125574,429.5303687588037,2371.5903536537157
601816,147.193574333,-42.6938736404,-707.1314204814394,305.5612543363058,2352.2993321447975
601961,147.202174746,-41.5977941397,-606.0864127627406,344.8843028665887,2357.729766156642
601815,147.214368528,-42.3350349167,-599.2315596081472,348.7954047328695,2358.3050485931735
601735,147.214872637,-41.4308362179,-462.65737892497,449.01091103942014,2375.195837418408
601951,147.222979685,-41.4942566631,-621.3806745010675,336.65977727399263,2356.5407430153755
601762,147.223433309,-42.3179349843,-544.7707703388037,384.2238383025704,2363.8046505109596
601898,147.231613326,-41.4893516607,-468.4319671544459,444.1077100467896,2374.2738102376243
600793,147.231629383,-36.4087867293,-6.244010500090692,909.1910838867378,2503.312384596941
601960,147.23526607,-43.0728403297,-445.69645790719244,463.66246772938484,2378.009115171383
601813,147.243835452,-41.8563649991,-822.0946095141278,311.60726104087524,2353.0923383902036
601862,147.259963332,-41.8231686883,-811.3355425912566,308.6545020063394,2352.70314095639
601820,147.26454204,-42.6855232577,-687.2441247033545,310.27060371400114,2352.9157051170223
601903,147.264548867,-41.4978863854,-468.0524093175932,444.42860758877737,2374.333855021358
601684,147.271710806,-42.677615687,-596.4340286054102,350.4299610243115,2358.547354928619
600297,147.272927353,-37.4938922851,-571.8351878967527,365.7074511886601,2360.865605601511
601975,147.273216893,-42.6932560413,-667.4203658340537,316.54311874393346,2353.751051806758
601971,147.302360266,-41.3886099694,-432.95085662946224,474.9022805826929,2380.2261749589943
601913,147.30691178,-41.3645028614,-444.6431036806751,464.58416032658795,2378.1889979317543
601492,147.310349925,-29.0267689455,-835.2654156927013,315.84459721647175,2353.657213242429
601819,147.310611804,-42.4014883102,-755.6203983448875,301.1311741711567,2351.7279714956367
313142,14.731400633,51.581754768,-503.64870426111804,415.251414319323,2369.0458427289836
601974,147.322421201,-42.68919166,-551.6261653017119,379.3777461021534,2363.021781976381
601914,147.332262878,-41.3106884829,-347.60837025349906,554.2887734680558,2397.3277857335247
601724,147.335544994,-41.3564373287,-458.9873115137185,452.15020692313124,2375.7912950168648
600779,147.339803075,-37.6020677161,-529.8656590827202,395.0979972642627,2365.596519971128
601970,147.344313929,-41.3304698786,-392.6422271523628,511.5879773358927,2387.8163091854262
601686,147.351572526,-41.3314192796,-432.72782375313676,475.10062123674965,2380.2657557837583
601687,147.364389816,-41.3229075799,-301.21841869118214,599.7729987613646,2408.250841980644
601406,147.368273577,-35.0978524819,-564.8494923520059,370.32508155209985,2361.5853009967377
601696,147.372585536,-41.0186296018,-634.1998801634893,330.3301697575212,2355.6448138268456
600781,147.372648257,-37.7646097105,-729.4008086639318,302.2603778322092,2351.8728290161766
601529,147.376904853,-35.1108492699,-549.8712930413842,380.6085986712432,2363.219704817935
601985,147.381025976,-42.5521206446,-699.5035465887144,307.17489970596,2352.509487093867
601959,147.381739316,-41.3060052335,-347.36637884619887,554.522407365545,2397.381815257587
601897,147.384337557,-41.4947711211,-335.54277771816726,565.9868155662908,2400.0594874402914
601864,147.393532783,-41.9107140056,-578.1326143087108,361.64716080452934,2360.2400591412857
601721,147.402119531,-42.556461928,-622.5239119347623,336.0738787561688,2356.4571118183962
601968,147.40680146,-41.2937954775,-384.15893369151945,519.5055463481044,2389.5251579641767
601712,147.410820828,-42.5148530085,-805.2385933186627,307.1898601924615,2352.511440580544
601896,147.414120175,-41.6024770281,-455.27327349139716,455.34489540956974,2376.4013637499943
601719,147.414492877,-42.581328189,-567.6483526821438,368.46092497937235,2361.293696492229
601699,147.414694517,-42.5144225995,-707.7257302524245,305.4457483353267,2352.284330822575
601715,147.417884048,-42.4267101093,-803.5531570170501,306.8120045268216,2352.4621301902075
601749,147.418525236,-42.7557853335,-595.3369672647945,351.0769256118124,2358.6435668736226
601694,147.41941514,-41.0811073739,-650.0776261365995,323.25124931985243,2354.6625741375615
601857,147.422898826,-41.9305927532,-768.4122928515748,301.67423508849686,2351.797570364744
601490,147.427153651,-29.1016381827,-887.1077550766438,338.6429612686811,2356.824881715675
601760,147.430892744,-41.9189877582,-775.0389566481866,302.23675862898426,2351.8697936161
601901,147.432030843,-41.49321158,-375.776754823452,527.3891989683596,2391.2515206572834
601910,147.435430476,-42.7398668512,-525.5777923548209,398.307856274164,2366.134741773385
601727,147.435912533,-42.5309195169,-598.4529784058105,349.2481112565564,2358.3720467885373
601718,147.435940504,-42.6883579479,-689.4224081487876,309.6759391607776,2352.837362665
601711,147.439209595,-42.6106687285,-577.2992321118281,362.1787892204776,2360.3215762303435
601720,147.439645335,-42.7313432565,-963.1307891492155,386.5383032669168,2364.181957411432
601491,147.443885459,-29.1143512198,-856.495547977092,324.05094793161834,2354.7724910726856
601716,147.452727024,-42.4312203526,-783.3683373769638,303.2140554049853,2351.995584870945
601717,147.456353774,-42.6642034519,-638.3063869412393,328.41666820159077,2355.3772470264535
600787,147.457,-36.5310000004,181.31485757633956,1114.9717538087384,2585.170493342483
601232,147.457,-37.0889999996,-489.0494762420298,426.9846027621538,2371.130599282384
601695,147.460739845,-41.2351416037,-435.2608105009316,472.8513513596125,2379.817822510768
601843,147.460768351,-41.1526135518,-428.4245369250143,478.9382897641081,2381.034723236822
601812,147.463451439,-42.6941115474,-941.9691403571065,371.76440934733495,2361.811432759748
601989,147.464289266,-42.6479435536,-578.6712383455612,361.3044994691518,2360.1875792389756
601697,147.464527445,-41.1476377554,-560.9937878982767,372.9233627114721,2361.9941368075647
601703,147.464993603,-41.3219434308,-404.835991677612,500.32103805537656,2385.4277622636346
601969,147.468884426,-41.3180526915,-433.9934789047935,473.9758277684724,2380.0415024041263
600088,147.472789176,-36.9314488606,-367.11391780236744,535.5971314629513,2393.0751670368873
601859,147.476229517,-42.0190338255,-697.9422427662175,307.53498423050644,2352.556531601938
601982,147.48119406,-41.0140322904,-524.3099902262707,399.2636406240933,2366.2958231340576
601714,147.481194688,-42.4557082917,-834.2429416115433,315.4916567123414,2353.609877042578
601909,147.488999434,-41.5015408627,-522.6243034053864,400.5391490082856,2366.5113728325
601861,147.490621908,-42.0316008806,-704.7669368421593,306.0354797318959,2352.360980528289
601759,147.498152202,-41.9308979702,-826.5655171611625,312.96993355732224,2353.2731773358055
601793,147.502072509,-41.0103548041,-553.6690301695983,377.953418438008,2362.79352766302
601946,147.502085055,-41.4855356584,-484.33299820183987,430.84666504472494,2371.8291078063453
601899,147.503216616,-41.480762444,-407.1488545262554,498.19974268337137,2384.9837423905137
601788,147.505902514,-41.2566543134,-382.97438851888626,520.6160586685081,2389.7668397567186
601784,147.506164652,-41.227175701,-424.24933143571195,482.68105360926296,2381.790391149194
601794,147.51054959,-41.2683971724,-245.27432531858048,656.2005230338887,2422.9204680069943
601981,147.510671772,-41.0724603872,-579.9650408023714,360.4844261421954,2360.062179127565
601415,147.511000365,-35.1939092698,-432.8551552608627,474.9873799294482,2380.2431554254126
600788,147.51125,-36.5567899996,175.65401008140492,1108.705975538486,2582.4742802304977
601713,147.523359387,-42.4889483714,-772.0205885105015,301.9568232089885,2351.8338357417488
300265,14.7524945038,56.1899831483,-623.9144619948869,335.36680023782566,2356.3563734204213
601906,147.526780627,-41.4518548206,-389.1237257538845,514.8641893093685,2388.520379082095
600791,147.52704612,-36.5603477299,110.41012066294866,1036.7063533890746,2552.3919234738532
601846,147.531593539,-42.3352648327,-604.4661671850324,345.79652816550754,2357.8633774560817
601900,147.534320839,-41.4730619234,-435.9900633059321,472.20512542159025,2379.6895067070623
601902,147.534777198,-41.4065286928,-357.23532897638813,545.028287496357,2395.2036034601515
601789,147.535654892,-40.99752224,-466.7117776722265,445.5636176109207,2374.546568335903
601790,147.544206624,-40.9945675648,-541.0732419696496,386.8791034122459,2364.2377013562627
601854,147.556106556,-42.3518393091,-617.6480252610173,338.6011997798239,2356.8188815328217
601847,147.560228492,-42.3727157678,-607.6944186244666,343.9865529071689,2357.59861224048
601787,147.560738714,-41.2062992923,-411.6955877499274,494.04478160467033,2384.1192742998596
601966,147.566477939,-41.8142322826,-543.2556549356284,385.30841114265485,2363.981184264071
600784,147.569137009,-37.8182263199,-945.3774528781594,374.0764017189325,2362.176458730437
601485,147.56924,-31.1178899996,-255.325045451688,645.9541510393002,2420.16553836761
601775,147.573779433,-41.468722826,-373.46320941398255,529.5753693535657,2391.7346298624457
601860,147.576799408,-42.1644905596,-558.7512834001484,374.45039146481383,2362.2357129476804
601792,147.580239574,-41.1858442406,-350.71365985256114,551.2944058988624,2396.6372253289946
601801,147.58466526,-41.2142055319,-312.09131454110945,588.9941268332703,2405.5890233581813
600780,147.585513692,-37.8267589987,-995.6658123987331,411.0302011963688,2368.3095857916906
601728,147.593495418,-42.3891782162,-628.8907524124932,332.88703128948646,2356.0047205933206
601863,147.603125443,-42.1802631709,-576.4623958648837,362.7143843244504,2360.403819784476
600790,147.610355079,-36.9477420319,-444.21384218435037,464.9601481000877,2378.2624765106434
601791,147.614376452,-41.1112665664,-482.4066369098397,432.4336966899075,2372.117908091877
601785,147.614453866,-41.1344942893,-460.48641526009123,450.86577517172776,2375.5471822463314
601908,147.61510356,-42.4229449889,-673.477668360415,314.46452488073334,2353.47241438385
601750,147.617943131,-42.3071695064,-819.170264892109,310.758734832201,2352.9801229784734
601786,147.622727143,-41.0472923351,-515.651420231975,405.87107377684015,2367.419649404399
601853,147.635402809,-42.3938269535,-916.3775758913614,355.3060150237191,2359.276760401229
601679,147.638937144,-41.0893410976,-523.1941344295446,400.1073794546105,2366.4383328012837
601907,147.639755824,-42.3980163359,-670.4262437805825,315.49413022396516,2353.610208607844
601915,147.639854716,-41.0646392526,-361.92315900860046,540.5435413498498,2394.187082905661
601751,147.660135378,-42.3317767364,-816.8158705608334,310.1003928173696,2352.8932660626083
601851,147.68138525,-42.3978290519,-901.1159205714912,346.3097701779903,2357.9387025064952
601911,147.689938354,-42.3934905195,-754.3521952973819,301.1164291044553,2351.726083482917
600914,147.69380249,-37.5854248607,-605.2580527287254,345.3497288104012,2357.7978927479558
601912,147.698243903,-42.4104238749,-763.1678833191854,301.3648973083786,2351.757910412331
601865,147.698291747,-41.2723673597,-428.2493437878386,479.0949582629072,2381.0662416006444
600820,147.701750507,-36.8671666293,-504.916062300196,414.24926954935285,2368.870390118348
601944,147.702149582,-41.2765295311,-511.2051071310119,409.3167545592011,2368.012811076021
601837,147.702858447,-41.2232281457,-368.24295390921367,534.5240069261147,2392.835218279276
601706,147.706057879,-42.8648395665,-666.1741932641027,316.9880394184753,2353.8109280466115
601752,147.706882693,-42.3517766581,-745.2251097329989,301.218582988577,2351.7391655102674
600915,147.710705973,-37.7356864871,-748.6384606561885,301.1375736486516,2351.7287909366332
601855,147.714444133,-42.3559912314,-775.6628784743135,302.2995607408585,2351.8778650859826
601845,147.718351334,-42.3476885727,-640.6889084373929,327.3325848101355,2355.226334969904
601942,147.731016095,-41.2142602909,-475.65007604533093,438.04317155116354,2373.1469166488378
601154,147.731226771,-37.2687422575,-571.6669791660627,365.81725180329926,2360.882616644504
601972,147.731434626,-41.7891286095,-808.3079810630035,307.90812549443,2352.6053391087034
601941,147.739435387,-41.1688733992,-378.2327441670461,525.0732145646308,2390.7417987960384
601738,147.747006053,-41.2236257927,-348.6993020987304,553.2360310010617,2397.0845988106244
601795,147.751684472,-42.2803125611,-673.7662072617113,314.3690186743132,2353.459655009946
601939,147.768694674,-41.1524185558,-337.5923225869568,563.9927513291052,2399.590025693776
601796,147.768766128,-42.3111226897,-615.0875371457291,339.9578815821952,2357.0141766877723
601151,147.772556242,-37.1597955015,-431.3470501179439,476.329762837245,2380.5113969107283
601848,147.772821639,-42.31453478,-613.9630131586568,340.56004943724366,2357.101104138297
601737,147.777334389,-41.2643046051,-313.9469821156233,587.1613315240935,2405.1409308176576
601979,147.781304349,-42.2103702204,-624.0149787505361,335.31592632740274,2356.3491333641728
601891,147.806443816,-41.2689255885,-273.1190904858483,627.9253024852799,2415.416041463357
601936,147.810591907,-41.1480338495,-302.6709260336305,598.3291719609631,2407.8916640656353
601947,147.81871979,-42.2730923135,-515.3620898527923,406.0942225000129,2367.457916290208
601852,147.826845847,-42.326906358,-523.7257676025205,399.7051008910236,2366.3703504598734
600494,147.827,-37.4820000001,-541.7250260522122,386.4089734537374,2364.1608157278247
601916,147.830637437,-42.3350715597,-621.8962927816962,336.39501811350965,2356.502933600735
600908,147.831519035,-36.4434809652,-294.5258226444711,606.4406110537313,2409.9200573032513
601923,147.832152008,-42.555988882,-613.0101580779889,341.07329526501695,2357.1753139298353
601535,147.843591306,-35.0311373123,-483.4731120798022,431.5543981415516,2371.957770790323
601945,147.865739606,-41.1270472027,-393.4581514734158,510.8298141695473,2387.6539881025005
601483,147.868541004,-31.7351971886,-333.75027635329576,567.7330720179391,2400.4718929660908
601153,147.872878139,-37.6731514809,-860.7196491496285,325.8772627537422,2355.0245132985674
601152,147.881247905,-37.0020510024,-426.62591084892557,480.5483191894606,2381.3590982741553
601988,147.881284923,-41.1312510231,-320.2250248784365,580.9759021774214,2403.638381031588
601967,147.889788822,-41.4645304576,-561.2419221559761,372.7551078226543,2361.9675777336915
601674,147.893480986,-43.0729884467,-453.63522012574725,456.7594805456375,2376.6728194948505
601489,147.902263642,-29.1145581778,-846.8018618237256,320.099142337385,2354.2319190730573
601849,147.905983441,-42.3348211257,-616.962443161693,338.9624828603521,2356.8708137367516
601943,147.935074945,-40.9145468901,-565.53571383433,369.8663080082062,2361.513403234651
300834,14.7943816522,62.7936948007,-258.9251247618479,642.294810033523,2419.191412611512
601938,147.947692243,-41.0843977632,-413.01933249295564,492.83893780685725,2383.8696873939803
601991,147.951661718,-41.0813516719,-430.50242693126825,477.0826757109143,2380.662165726327
601965,147.960521213,-41.6316607295,-604.2112443909118,345.94074839751073,2357.884532639186
601937,147.976837707,-40.9482836459,-515.9831247340851,405.6154283005655,2367.3758348713313
601423,147.98991926,-33.4016001085,-497.6729560839469,420.01255681016966,2369.885021627737
601842,147.997883161,-42.2854028796,-597.7038399819097,349.6853085583146,2358.43683037702
601700,148.001620527,-42.2615371516,-575.6063069835376,363.2641218165033,2360.4883583818832
601935,148.018572599,-40.9519467332,-499.0271287087438,418.92849380021084,2369.6931343055785
300402,14.8024176609,57.7353210332,-396.1806637092013,508.3043813697751,2387.114955752444
601940,148.035197178,-40.997827876,-438.57911350796974,469.9157512364588,2379.2362810610903
601869,148.036008132,-42.1223644911,-645.490393311921,325.20697835994537,2354.9318560483416
601195,148.064617744,-37.4479547733,-575.6492856780571,363.2364792838663,2360.4841045302173
601929,148.076419219,-41.2479809897,-416.26604923964044,489.88885011842785,2383.261536912732
601977,148.076969618,-42.0473922949,-812.9444659605025,309.0663679512158,2352.7572096703557
300420,14.8087156764,57.901851486,-376.13556119918724,527.050537522957,2391.1768518786976
300506,14.8092000005,58.7774000004,-289.0988465547391,611.8650416011551,2411.290794780021
601978,148.102048324,-41.8475688583,-599.8770834500433,348.42136265267726,2358.249756452872
601393,148.106118686,-35.9267327564,-459.43063589473616,451.77006209378675,2375.7189768281737
601407,148.108402239,-35.0732555228,-289.1976971767676,611.7660982832018,2411.265689812289
601414,148.164860597,-34.9314622381,-465.72585692395035,446.39987637050444,2374.703627293495
600180,148.173,-37.4935782241,-482.6956469576878,432.1952437066239,2372.0744500415476
601954,148.181128963,-41.4439587609,-551.0634953475743,379.7716648660887,2363.0850567198045
601537,148.185107164,-35.027572239,-164.70622136866834,739.7339076847774,2446.8654891587057
601677,148.214652627,-41.0476965672,-589.6928458773443,354.45770285442313,2359.1491540320453
601782,148.21864862,-41.2892895631,-535.0549412631626,391.2612220406884,2364.9587336209597
313127,14.8232851396,50.8617266335,-318.0923704956064,583.0744317528913,2404.1464724141165
313128,14.8233875576,50.8725493064,-330.9231529280465,570.4915282919812,2401.1257883980593
601678,148.235263759,-41.9355313176,-696.19563323584,307.9497096753229,2352.610781992295
601484,148.23952,-32.2192699997,-274.45346422900707,626.5793406151042,2415.0664872717152
601416,148.248327018,-35.3884765959,644.5082140372169,1634.1191832213424,2847.857084340657
601739,148.252852999,-41.7811747668,-623.2015040584544,335.7285658536825,2356.407888670264
601541,148.269287441,-35.3637997889,546.8876584707397,1523.934354637435,2786.094109160977
601094,148.273192741,-37.4976545694,-80.92322323718005,828.6565027442127,2475.2002075382816
601125,148.327597157,-36.9561996436,-418.45697326757784,487.9041565971647,2382.8543669058067
601027,148.36,-37.4100000002,-571.4151771271954,365.98174858802287,2360.9081109091962
601095,148.360376803,-37.6602621829,-180.5491316454882,723.1326916805355,2441.897900739181
601412,148.37730496,-34.7899837804,-503.00674179285,415.7600639216478,2369.135052843002
601475,148.385578785,-29.9228956067,-823.4173854840003,312.0022223280834,2353.144673536871
601466,148.389659281,-30.1434773199,-741.2315298268175,301.3782247456457,2351.759618287575
313129,14.840129209,50.8987174785,-327.25786648368177,574.0754604321083,2401.9798296671056
601097,148.414806233,-37.0850659713,-480.72824604058485,433.82092447671005,2372.371189837524
600311,148.423193767,-37.0853449363,-450.06405672080547,459.85511288226786,2377.269692883255
601099,148.451,-37.7142913683,-305.2888293729019,595.7299012918436,2407.247096405035
600129,148.548,-37.5104375645,-609.7443613769456,342.85311912502,2357.433504714616
300141,1.48549447206,41.7941120362,-529.6162662106931,395.283720137267,2365.6275461836417
601408,148.575934977,-35.0018889859,-278.2994704940366,622.7048084431963,2414.064155385179
601425,148.664378242,-33.5728290707,-425.8579401764133,481.236830185605,2381.4981323915354
601422,148.685530519,-33.8350840744,-261.47324484251146,639.7082825919406,2418.505975736676
313130,14.8687375694,50.9226037905,-378.2703164092611,525.0378227688942,2390.734026025309
601447,148.735489211,-28.935230151,-819.084877364029,310.7344707472206,2352.976918536992
313140,14.8750586369,51.4856719921,-565.7487268391286,369.7241248125955,2361.491138311919
601522,148.80178162,-34.9525488158,-496.217621092244,421.1809106566904,2370.0923668411915
601464,148.818786504,-30.2731440487,-672.7117687556317,314.7195929525021,2353.506509454663
601523,148.81954,-34.9856699996,-470.2514035644499,442.57221093832567,2373.987074470314
601458,148.889467957,-29.4765259008,-868.27504883691,329.2973218014139,2355.5002003826844
600074,148.902,-37.6060000004,-593.2998785075047,352.28707706899735,2358.8239977851463
600364,148.915,-37.4470000002,-538.654320787527,388.63152697496497,2364.5250964234183
601427,148.93591,-33.9817799995,-147.75136809466503,757.5825379357202,2452.3204867313752
102992,-148.963403175,70.277730639,71.61071167500246,994.101217817848,2535.3859073372264
600269,148.981671929,-37.4395573096,-581.1077496594498,359.76368442893727,2359.9521979250267
102978,-149.019590626,61.6956539469,-80.99313688839605,828.5816092726791,2475.175135436316
102977,-149.025851171,61.7389646915,-59.710913806125866,851.4260109723343,2482.9157698193353
601487,149.081205619,-32.6350124411,129.36636652285884,1057.5821735589407,2560.9421160359984
102987,-149.088226105,64.5701919917,239.0067582121367,1178.9790549322481,2613.4146398584016
601413,149.093359515,-36.1687372535,-376.6503504740689,526.5648348842482,2391.0698428096903
600226,149.131562436,-37.6103472077,-778.9886471080302,302.66279444073314,2351.924581060361
601428,149.14424,-33.6137200001,-206.24525455604078,696.3784123391775,2434.1091514205596
601549,149.182207335,-33.6186024455,-214.2178165916564,688.1239760152811,2431.76048866338
600225,149.198366373,-37.3730000001,-617.4846336954369,338.6871711282529,2356.831234463796
313131,14.9226317108,50.9983351698,-258.483067059514,642.7438307810708,2419.3106662569003
601429,149.259832797,-33.5480125326,-503.02010608784235,415.749467902551,2369.133193368101
601441,149.489775827,-28.4981694198,-885.5894380661016,337.84764901939104,2356.7107378304217
601298,149.493805482,-37.6890000003,-659.4261871349073,319.4981472736694,2354.150278543957
300699,14.9510192722,60.9051547755,-275.46867736183424,625.555891919991,2414.801159883169
600413,149.519229239,-37.4151146196,-737.0277136932384,301.62171459436115,2351.7908339331807
410218,-14.952125815,16.6561271793,-531.28220082687,394.0453969396111,2365.420944083014
102980,-149.525953213,63.2684987,-99.5801551481926,808.708103758941,2468.593377804993
104354,-149.539414761,63.2748173755,73.3095175483927,995.9629744592813,2536.1164630890007
300615,14.9567554647,59.9272863446,-309.63454224258794,591.4237224625529,2406.1850484426054
601471,149.6817,-30.2595399995,-545.0111444944384,384.0522148582909,2363.7767601012665
102975,-149.684132703,61.2371270729,-207.19271832993434,695.3962532962885,2433.8283458279875
313139,14.9692428877,51.4152962813,-519.9958335358077,402.5385907456157,2366.8506046847883
601488,149.756118878,-32.706482134,398.5514431814738,1357.1536879009032,2698.483018371675
601460,149.772997983,-30.3312560095,-673.4168682370921,314.48469063278935,2353.4751089611473
102976,-149.850465542,61.2305518454,-239.89327534866763,661.7040679362769,2424.4167837607256
601448,149.852193704,-29.4644795058,-792.1361600341413,304.5649460001467,2352.170120163368
601449,149.852282346,-29.4225459253,-593.1475202350155,352.37804566511386,2358.8375855331897
313133,14.9855415881,51.097633418,-360.38324917494094,542.0149205017831,2394.519710067937
300389,14.9898660274,57.6230394519,-446.8602593332731,462.64568485630264,2377.811072724963
601470,149.99003,-30.7734300001,-881.0930037553678,335.5345916745074,2356.3802600742224
102981,-150.009282474,62.3547082074,-165.43315034566177,738.9705188513273,2446.6348104260846
601392,150.027176382,-35.9223599421,-687.1660547659837,310.2922706904323,2352.9185623619674
601456,150.052346338,-29.6687490137,-997.4975014079879,412.466719573545,2368.559322164645
313135,15.0060435158,51.1809584389,-447.52971992566165,462.061536775785,2377.697485304823
601389,150.09393,-32.1274233261,-866.179515020171,328.32928347009715,2355.3650643246942
601375,150.102218397,-32.3396175116,-499.56279496005783,418.5004980041124,2369.617508098506
300659,15.0135640854,60.5085315506,-154.09637844686583,750.8934612084885,2450.2623243120206
601459,150.255446203,-30.9646811559,-403.02613729765966,501.9845617563124,2385.777225161427
300454,15.0278728676,58.2482656456,-350.4349028249243,551.5629254410106,2396.6990066711187
601440,150.306476431,-28.5478947579,-840.343569437616,317.65615452699313,2353.900996296607
300990,15.0312874658,65.8410657629,110.57206693503403,1036.8845384289693,2552.4643021774737
601377,150.318963513,-32.4146442009,-546.3970723052805,383.0650736400089,2363.616576033454
601386,150.335257143,-32.2936082528,-559.4863958306437,373.9485463330587,2362.1562148092344
601479,150.335257972,-31.0355075937,-767.5473931266081,301.6149396625786,2351.7899650446984
601451,150.351481473,-29.8352747294,-841.3325215139034,318.020220583086,2353.9501542209846
601388,150.351719926,-32.1316224444,-712.4654432365583,304.57787848318696,2352.171794728991
313136,15.0357806342,51.2561511551,-437.513011746508,470.85752303412136,2379.4224666618393
601467,150.46142,-31.2734300004,-731.4694231029423,302.0621272586418,2351.847358265689
601462,150.485539408,-30.8851482333,-29.458435968224567,884.0489525188678,2494.290884862267
300477,15.0489960553,58.5357407814,-488.9858909254433,427.03644353130034,2371.139935128491
102983,-150.520738638,61.5491175937,174.03202438230386,1106.911178245826,2581.7042480467903
301000,15.0560158309,66.0407976274,-176.91702743699543,726.9318070081503,2443.025648636833
601381,150.573344422,-32.343723872,-552.4130036496678,378.8280556467114,2362.9335927195143
601453,150.586558837,-29.7973755823,-583.0644545706577,358.5373475555926,2359.7655598490037
102961,-150.597936446,60.4850210147,-454.15903309130886,456.3067591427203,2376.5858550232547
601468,150.618763926,-30.3893891683,-673.7921969744298,314.36043186007856,2353.4585080210227
601469,150.689732147,-30.4477277371,-811.9429703697919,308.8087588599946,2352.72338310434
601578,150.689809339,-30.5853918225,-440.16892738984205,468.51378445125164,2378.959779836161
300017,1.50707429584,42.3561544337,-348.0519036223751,553.8606651881844,2397.2288385341894
601474,150.727233095,-30.4060732107,-781.649997594771,302.98791431578667,2351.9664419542028
601434,150.73171112,-28.7982594446,-773.0366366414125,302.04663195301737,2351.8453681591063
601446,150.847486509,-28.5723733019,-654.6372588135678,321.3812884440136,2354.406591992814
601455,150.90196198,-29.9184579223,-69.64528213850572,840.7510385196659,2479.2754539641574
601387,150.92365,-32.48953,-686.6631876647784,310.43241870642686,2352.937048550429
601480,150.927113373,-31.1790605136,-695.2154007836988,308.18795089655094,2352.641978911177
601384,150.927201587,-31.8102574318,-714.1022494024126,304.3002687082935,2352.1358637190206
102991,-150.929197551,70.1685933889,150.62145847083843,1081.0328500560163,2570.7151710676767
601439,150.931453776,-28.7153033018,-950.646591535465,377.7028418728492,2362.753458280425
601465,150.943866404,-31.1063860606,-379.8741795307755,523.5281306004812,2390.402930760276
601376,150.989593423,-32.1103238927,229.0852604569767,1167.95297041085,2608.4590487390847
601380,151.018768406,-32.6479660182,-940.3959338485636,370.7063529078623,2361.6451189676086
601390,151.039730024,-32.3518505597,-683.1350043754039,311.4441314098373,2353.0707415730003
601382,151.047991401,-32.3940407461,-857.1236623045901,324.31856391564685,2354.809333843738
601481,151.055705431,-31.0646480162,-609.0979217332815,343.20919860976676,2357.485317423555
300997,15.105608439,66.0151249883,-172.50808030712497,731.5490115487112,2444.403490456348
102962,-151.083415256,60.4865414068,-225.02026045059625,676.9770784189957,2428.62974381893
601463,151.127203446,-31.0599719838,-577.4910208763591,362.05628844770837,2360.3027822425265
601562,151.131645868,-30.2311544792,-826.6386746155446,312.99288374717344,2353.2762296708083
601461,151.139831592,-31.4018863801,-480.1112530846955,434.3319247843154,2372.464686511504
601473,151.140674056,-31.3431524642,84.44642896087012,1008.1767303676245,2540.937777182282
601454,151.14796067,-30.4809160039,-813.2599415273261,309.1483599124412,2352.7679818235024
601445,151.164463176,-28.7854421186,-781.1590861109214,302.92564394646485,2351.9584208947363
601373,151.168695836,-32.5604070029,-773.0910324937972,302.0515666972824,2351.8460019315817
601477,151.169341985,-31.0355311227,-643.2359546845773,326.1951014714331,2355.0685153687655
104341,-151.198456739,60.0197808682,-347.1664428896742,554.7154693154994,2397.4264784879633
601435,151.235531152,-29.3935098159,-550.8186074727143,379.9433245767882,2363.1126502449574
601433,151.281326882,-28.9977973761,-758.056742333767,301.17930965301673,2351.7341355732265
601450,151.360652031,-30.4686908538,-620.0694884622291,337.3368015957185,2356.63755922885
601391,151.362302313,-33.2688330615,-590.3798498298781,354.0415606360724,2359.086665325144
601385,151.406272797,-32.6628010504,-804.2682792420251,306.97088932560945,2352.482857482842
300055,-1.51433479915,42.9726402397,-383.92808559946764,519.7218727995363,2389.57219872586
601443,151.468891711,-28.9851443351,134.46662904685434,1063.2052145997504,2563.269356936447
601378,151.469051183,-32.3355027913,-613.1921268341214,340.97506734220633,2357.161102768817
601438,151.469574059,-29.4562375881,-738.0471132349065,301.55557178954206,2351.7823519055923
601379,151.510221036,-32.3062434179,-671.340577691893,315.18187220220415,2353.5683717330517
601442,151.518800399,-28.8017371669,-753.6552429116725,301.11133237557846,2351.7254309001037
601437,151.602088593,-29.0183523578,-765.1124590142551,301.46556331692744,2351.7708123291427
104339,-151.65445499,59.8545795265,-369.9808408866292,532.8741401793768,2392.467202937
104340,-151.685849483,59.9225447262,-388.7576016857924,515.2057296670196,2388.594024052436
102957,-151.786604334,59.8577020608,-330.1023577755934,571.2933572607167,2401.316423944896
102956,-151.832151023,59.7794221523,-438.2498907067477,470.206439955501,2379.2937111741603
300927,15.1839394485,64.5204215806,-156.71557122232537,748.1355458728154,2449.418556077278
300633,15.1950983624,60.162573863,-282.4776631860301,618.5039527560473,2412.983963359918
601372,151.960190501,-32.477275679,-723.7974328577272,302.89057644795906,2351.9539045564347
300958,15.2057917323,64.9949478659,-79.87615449555943,829.7782752952057,2475.5759842931843
300805,15.21489306,62.5000681904,-206.03475594756608,696.5966625247002,2434.1715999694507
601370,152.3025,-31.9192499999,-776.8806402832149,302.4270017355839,2351.894249160888
300691,15.2309303304,60.7861086046,-205.46938433308563,697.1829315946475,2434.3394397585953
300807,15.2332415495,62.5098902232,-298.284695392055,602.6927553197679,2408.9796647485873
300448,15.239228243,58.1938215161,-425.67838635068466,481.39789769680743,2381.5306850351917
300753,15.2429815204,61.7156438905,-202.2624135536901,700.5105708101815,2435.294546389428
601369,152.468994757,-31.4270631011,-606.0318686881892,344.9148876580778,2357.734240236899
601363,152.681757507,-29.5058431372,-776.4272364049455,302.3788008188062,2351.888051553879
601366,152.710372616,-31.0065428313,-855.3335699609618,323.5595388510952,2354.7049163406477
102984,-152.91378648,60.0972856396,-180.63636235239156,723.0415010997559,2441.8708975230184
104344,-152.95299178,60.1039248812,26.590984326842005,944.8979189116702,2516.5008533717782
601365,152.985680496,-30.0683518007,-664.1699452990117,317.71586364971984,2353.9090547155747
601360,153.293449931,-28.3478923874,-603.7624677906566,346.1950966838994,2357.921863172157
300335,15.3364274101,57.0187004789,-366.06462177350073,536.5953565389729,2393.298778781385
601362,153.406124237,-28.7479286445,-812.1193282663745,308.85382653603017,2352.7292989256603
300264,15.4023249165,56.1817019166,-387.86090853237886,516.0427094005374,2388.7746954835925
300345,15.4245876274,57.1354143466,-460.91568971161485,450.49851315836855,2375.4775053060766
300915,15.4551446659,64.2432406327,-200.0554678410635,702.8026434645728,2435.954848415314
300780,15.4696413791,61.9578333506,-216.96902480488532,685.2808822285663,2430.957497655038
300370,15.4934144751,57.4146804397,-396.2923619854755,508.20091258860896,2387.0929255923775
300722,15.4973640944,61.371268023,-213.21842824917653,689.1574334864681,2432.053131818246
410217,-15.5193395179,16.5188559399,-512.7306971854694,408.130556103839,2367.8080620444957
300515,15.5391476029,58.9101979934,-300.2375287501395,600.7486902456827,2408.49402255625
300631,15.5795909272,60.1115645448,-321.06861147758707,580.1465795914921,2403.4380627902583
300497,15.5945059344,58.7027698782,-347.33766052227645,554.5501365958958,2397.388229272808
300368,15.5978499017,57.4106530693,-446.22142763530985,463.2036131129027,2377.919690624166
300058,-1.56031178695,42.0277584535,-437.2676266401473,471.07447611119284,2379.4654084270096
300966,15.6419959144,65.2244266628,-87.50629706362594,821.6090841402591,2472.8497639361512
410216,-15.6974918947,16.4528806785,-749.1067376797359,301.13044857204216,2351.7278785851227
300811,15.7364049342,62.543618989,-409.76117152897996,495.8100357768547,2384.485701243421
300271,15.7395519374,56.2690521239,-347.3055450563074,554.5811466532596,2397.3954025317826
102985,-157.460194413,59.3320234513,-134.89748438737655,771.1671568948203,2456.551088768667
300409,15.7643000005,57.8147999998,-378.10990154493027,525.1889363641154,2390.7672171787353
300673,15.7806048818,60.658345318,-253.54779746119567,647.7627860049839,2420.648899528848
300397,15.8058745669,57.7231405072,-280.7658247829285,620.2240170449152,2413.4254285510074
102986,-158.087854974,61.878013122,250.78774631714703,1192.0809873265623,2619.3513602040402
300419,15.8442418151,57.902186683,-322.2268700795098,579.0086178136357,2403.1636330803067
300354,15.8535676579,57.2354504068,-472.5310218192293,440.6548113408837,2373.630369416256
300445,15.854916715,58.0982062902,-358.84644236544807,543.4851144775722,2394.8529260720757
300484,15.8712904423,58.5938664992,-390.45727998669815,513.6211748147065,2388.2527460625524
300056,-1.58902916033,42.8394397147,-436.06176755790534,472.1416174917087,2379.6769055535606
300129,-1.58910120834,42.6354576988,-532.1042641110681,393.43634089227265,2365.3195602691794
300355,15.9105999996,57.2564999996,-355.879793984298,546.3281491729301,2395.4997212347994
300138,-1.59376730872,41.8224511756,-494.34983153702274,422.6853613316964,2370.3601799181047
300006,-1.59428559077,41.3854819054,-251.2345276290137,650.1189940509748,2421.2804823652987
300923,15.9473774776,64.4187470292,-191.72783379167166,711.466504855701,2438.468588148896
300790,15.9780814962,62.1973156584,-167.7497245990739,736.5388040298647,2445.901444804967
102990,-160.143435622,66.9796362061,217.5353626143037,1155.1265363016385,2602.7412054842302
300512,16.0203394477,58.8265012445,-450.08072419995005,459.84062805752166,2377.266891005219
300107,-1.60211425141,42.08181608,-420.1131259209626,486.40718131411023,2382.548302530553
300385,16.0402248223,57.5936802465,-288.3008371418868,612.6639863844101,2411.4936508458236
300701,16.0428033175,60.9274280643,-143.06048598947078,762.5349420301757,2453.8549275933665
300994,16.085020146,65.9704174626,-16.544693351569954,898.0239956195685,2499.2782087166324
300906,16.0921254296,64.1155968691,-222.87022721111526,679.1921450086639,2429.2481218884895
300972,16.1219189471,65.4177972758,-196.71786599961172,706.2721740393258,2436.9581144696594
300485,16.1234583132,58.5942578263,-580.3336711962072,360.25155352836697,2360.026620544116
500001,161.302905029,68.7583983352,250.22281743713967,1191.4524889558495,2619.0653869837556
300371,16.1353240542,57.4357063464,-450.7017490738673,459.30117256535374,2377.162601711795
300759,16.1610824623,61.7965985942,-240.4783772522729,661.105060802192,2424.2533632596146
300945,16.1737560424,64.7501908306,-164.42519331918993,740.0290729480512,2446.9547393986745
410206,-1.61858357878,5.10924742989,-1005.3125395308748,418.6593981013289,2369.645576763717
300804,16.193743058,62.4752153674,-247.1163996962675,654.3193223305643,2422.4116585403917
300005,-1.62747862851,42.3526458804,-518.586860907158,403.61561664418525,2367.0340162017837
102988,-162.860085905,61.9117367947,388.8707555234749,1346.302214825278,2693.0417972064106
300964,16.2877818918,65.1601033935,-124.28914897883638,782.4112057582443,2460.104014620795
300708,16.2890727859,61.0516737966,-139.06755918449156,766.7551708216439,2455.169639727367
410215,-16.2977464183,16.1602057312,-1060.821447442559,465.274673583425,2378.323987545735
300822,16.325924275,62.6507304829,-192.94606350361792,710.1976274743905,2438.098672721745
300768,16.363026458,61.8654045909,-196.60434544959523,706.3902487978527,2436.992337175883
300696,16.3663541103,60.8827207146,-232.3523766540823,669.4367210273015,2426.538685312284
300970,16.3673289834,65.3699397769,-169.0309951870963,735.1945409803241,2445.496980358911
300741,16.3804373315,61.5775981611,-210.41904229546606,692.0541925150314,2432.875556462951
410214,-16.4061270693,15.9982778438,-541.6146984987212,386.4884904279908,2364.1738136377767
300688,16.4322035618,60.7589599144,-217.1527322853287,685.0911392653726,2430.904016401554
300346,16.4560565757,57.1439232513,-531.2113759666103,394.09793219735417,2365.429696274973
300635,16.4967362711,60.1915878944,-311.62510024973795,589.4549130064523,2405.7018855886377
300685,16.5272089376,60.7495982626,-265.4178731270651,635.7100744601399,2417.4515024354464
300387,16.5330515441,57.6103385708,-370.1422578738947,532.7210197119451,2392.433103077329
300486,16.5394456946,58.614830698,-372.76751145748347,530.2336121177328,2391.8804634171624
300717,16.5835410123,61.2304400864,-250.56064915286677,650.8058210656811,2421.4649872732534
300614,16.6108882215,59.9223410921,-307.74813958065863,593.2916338534714,2406.6448492990826
300653,16.6467112935,60.4654476171,-236.59721993488267,665.0810910016736,2425.340661735019
300439,16.6603359116,58.0566307388,-384.2255124562667,519.4431642238264,2389.511596271536
300697,16.6765,60.8912000003,-249.05769638697345,652.3383634400808,2421.8773313842644
601602,167.534200794,-45.8066279809,-504.81311952774564,414.33056923457565,2368.884608515056
601610,167.685237726,-46.1300186817,-883.1493049115422,336.5845126942893,2356.5299917554485
300644,16.7697495497,60.3064764239,-312.74263014315864,588.3506080453528,2405.4315425396376
300737,16.7814963907,61.5500968098,-265.04097157565934,636.0917839017728,2417.5519074891904
301049,16.8179400977,67.2968638953,50.179457994138495,970.6451774461966,2526.2811657368707
601609,168.268597355,-46.3181554362,-1167.8691450223482,564.7562455034054,2399.7695899174123
300949,16.8396134575,64.7924623681,-117.91846111301581,789.1772778707058,2462.2642514085887
601608,168.42725099,-45.7185425536,-738.3859318245545,301.5345935218077,2351.779662074584
601607,168.552064834,-45.5434993331,-804.2233878174019,306.96085303923104,2352.481547888496
601595,168.714850563,-44.9899404173,-466.96733206693074,445.3470708408069,2374.5059446890773
601606,168.797749655,-46.3893400281,-949.7168986475648,377.05844968753615,2362.65053326514
601594,168.868613909,-45.0065686657,-449.91634858013725,459.98349317723324,2377.2945298916607
300002,-1.69232837288,42.1810386252,-477.0015135474461,436.9158824388042,2372.939096602473
601593,169.280500916,-44.7307365089,-579.7925850267203,360.5934900004304,2360.078840396645
601618,169.301876624,-43.9437063668,181.87295180237044,1115.5896380688198,2585.43704398769
601596,169.4100702,-45.6643663891,-827.9781453597739,313.4167823782951,2353.3326469782473
300796,16.9459575803,62.277501182,-183.07047126225515,720.4978712393686,2441.118934078744
300797,16.9643451068,62.3651217583,-328.7294954137715,572.6354639191363,2401.6360761770643
601605,169.747741759,-46.2351682904,-879.5193407972198,334.74015616552504,2356.267268373221
601603,170.094043716,-45.5978215836,-665.9612335163891,317.06465778285025,2353.821247476588
300853,17.0162302231,63.1873804903,-162.2904596914379,742.2719557566973,2447.6339849250653
601604,170.243841506,-45.8480461753,-747.6693780360445,301.1553757749118,2351.7310705553496
601601,170.272753956,-45.2559513703,-839.5922602733067,317.3820168329179,2353.8640174118414
300884,17.039267631,63.6938373282,-148.9831658149574,756.2830669417202,2451.919359440693
601645,170.451090979,-44.7021802015,-447.24271547783496,462.3119003285125,2377.746151514632
601646,170.490461435,-44.7264426855,-904.3334514523361,348.1521602512447,2358.2099979740756
601643,170.94075663,-44.1687938894,-777.2548773263416,302.4674576562769,2351.8994516769494
601644,170.976986021,-44.0812027951,-673.2430484494507,314.54242051949944,2353.4828238513974
300831,17.0977393868,62.7661260094,-108.90422819470074,798.767814641048,2465.3548404973503
601647,171.102155578,-44.9270449471,-767.96566634992,301.6432075137137,2351.7935905381755
301041,17.1247259331,67.0943316526,80.4847599773849,1003.8303114538521,2539.2163677108774
300982,17.1271340333,65.6919750705,-161.45784413652788,743.1471157610517,2447.8995288861943
601616,171.297768104,-42.4521891704,-480.88967804134234,433.68731689762245,2372.346761477997
301040,17.1317604596,67.0671266203,-49.919322776468576,861.9663239703702,2486.5499012720975
601642,171.324689401,-44.2689011257,-913.9054779391751,353.8052487603563,2359.0512122265727
300829,17.1404926124,62.7397242553,-128.8224297582571,777.6027462173347,2458.578959232756
300827,17.160227079,62.7211028957,-121.64582022478166,785.2173695593477,2460.9979246872563
601615,171.696671203,-41.831122507,-310.61943066160666,590.4493063949054,2405.945729080252
601617,171.786018636,-42.3561755364,-543.4358367014958,385.1791778917594,2363.9601238046835
601599,172.051057537,-43.3606799265,-845.0657408583166,319.4272875387574,2354.1406627221004
601635,172.38574799,-41.7648169245,-422.52614640553236,484.23120395657565,2382.1050200909526
601597,172.540937817,-42.7897069723,-618.1433009579991,338.3411056636653,2356.7815281945404
601600,172.640265503,-43.4185362163,-966.6321082313457,389.07537085613643,2364.5980867927897
311500,1.72734299607,43.2221564024,-600.1729533930537,348.25031833556034,2358.22449145074
601631,172.822822586,-41.251415837,-518.1756156580263,403.930658256476,2367.087755985568
601632,172.91485359,-41.6312622054,-383.44888100590754,520.1710779410962,2389.6699391722877
601633,172.918832845,-41.8976388405,-334.43683009857,567.0639809862957,2400.3137349915964
601598,173.097735914,-42.8977551292,-735.4275534847611,301.7346938511914,2351.8053264100654
300106,-1.73502136141,42.1976926256,-535.463904576952,390.961119291468,2364.9091028314215
601659,173.686558819,-35.2764013956,-357.43375806395403,544.8381220269438,2395.1603384890814
601634,173.951814255,-41.4396587116,-473.21199454273585,440.0834493034339,2373.524364780798
601660,174.045873032,-35.2770232077,-585.2439576003393,357.1831027389121,2359.5601786645493
601661,174.052011083,-35.7351665896,-685.6420935038801,310.72011166410056,2352.975022317456
601662,174.152233582,-35.6521955577,-556.0211013813254,376.3249877982809,2362.533590088966
300854,17.4166064232,63.1790677226,-197.33702398260854,705.6282539581731,2436.7715733407067
601652,174.207089077,-39.5768792285,-970.0385721059708,391.56765636857796,2365.0094497424875
601650,174.256455021,-39.0480191137,-860.1089564287098,325.60937960125943,2354.9874598268248
601651,174.260996576,-39.281381882,-993.5704211904836,409.3939779057141,2368.026160540197
300879,17.4411372642,63.6297685779,-151.61946752228266,753.5033461556329,2451.0633938201227
601591,174.514648299,-36.3770967167,-451.2442079067824,458.8303540955986,2377.0716778626547
601592,174.614673025,-36.743757889,-551.8966076756676,379.18865968480003,2362.991431954597
300081,-1.74781143947,42.8143761656,-582.1171493165847,359.12982041911005,2359.855651469289
311499,1.74799722078,43.194111139,-479.29590313085663,435.00806049723616,2372.5885611615954
601663,174.919070377,-41.1976180766,-587.2559267608408,355.9440444152657,2359.3729316519634
601622,175.131195008,-37.4311768099,-893.9761068543609,342.3288452419724,2357.3573140578383
601653,175.143576184,-39.7896024151,-624.1820480290767,335.23143968505275,2356.3371121320047
601620,175.152048011,-37.7980969953,-801.9014566786159,306.4531502338447,2352.415354724911
601648,175.188714034,-38.9442705081,-652.679301837477,322.1751481439572,2354.51508679364
601664,175.193115143,-41.0522311655,-293.66304506384904,607.3019365784298,2410.136948397164
601621,175.289568847,-37.7955260571,-809.7304736541787,308.25413748031053,2352.650650039443
601619,175.348078379,-38.2681032822,-720.9516669360189,303.26254820227206,2352.0018369464374
601655,175.44403839,-40.1222679886,-914.9430267381122,354.4331237958257,2359.145461200082
601665,175.444150053,-41.1979494816,-917.6005526542699,356.0545135474573,2359.3895999759766
601658,175.473003152,-40.4353804195,-1100.0227258521345,500.48848104397484,2385.4628874738314
601667,175.605819959,-40.7599329863,-421.93611924743067,484.76270515999676,2382.2131198050524
601657,175.623237073,-40.3766425066,-1004.4529056239093,417.97325426185415,2369.5244478872814
300079,-1.75643059718,42.1813255142,-488.6577530398282,427.304071476407,2371.188148873386
300127,-1.75653117619,42.23890694,-552.4851106062756,378.7777494425041,2362.9255280964762
601666,175.672929337,-40.997655381,-754.928056872021,301.122249333867,2351.726828715693
601623,175.702206026,-37.5436701432,-711.7039140888392,304.7109134038513,2352.189024845727
601624,175.718697921,-37.4187105999,-674.0551994201128,314.2736844164485,2353.4469224042364
601654,175.803542497,-39.8104713778,-935.126057379078,367.2048220102515,2361.09801769534
601649,175.81449066,-38.9976673205,-609.4183960292451,343.03251607861523,2357.459601975081
300874,17.583334277,63.5774268736,-209.58140482199317,692.9215186533982,2433.1224175676434
311593,1.76021180379,43.3230958907,-248.23428778196498,653.1783970430156,2422.103731515429
300089,-1.76041099751,41.5730760769,337.5378861006145,1288.840848174107,2664.78051624884
601641,176.077160294,-38.677519286,-793.0017576405135,304.71607755320383,2352.189693833534
601656,176.110619492,-40.2395718813,-953.804120960217,379.9056969416955,2363.1066007326117
601625,176.297942556,-39.8145276421,-819.9401852265644,310.9788330242272,2353.0092015218283
601628,176.331266439,-39.3771250779,-571.1868933231276,366.131015425825,2360.931254465921
301054,17.6475429773,67.3648417919,190.40294427140986,1125.0367902547332,2589.52741775096
601636,176.502169794,-38.181534743,-763.9746406582949,301.40465200274366,2351.7630050891985
601630,176.635269641,-39.1812146027,-850.464399725756,321.552540861353,2354.429974408174
301017,17.6672868349,66.4794356247,-71.44239277044089,838.8220582392437,2478.621978690176
601638,176.697618579,-38.4568550998,-925.0456406258998,360.69590566189356,2360.0944905275587
601639,176.747895024,-38.4809877568,-1189.6135421479266,586.0601984898135,2404.8723508974863
601637,176.765077434,-37.939930119,-720.5587154765822,303.3166489563293,2352.008813204445
601640,176.801796842,-38.0416410614,-1033.6179252549368,441.89255940410817,2373.860463867663
601627,176.860550877,-39.5979520572,-1049.3646824074556,455.31174400568676,2376.395011795552
601626,176.927170326,-39.7183265152,-794.1917507027415,304.9290286431537,2352.2172902107786
601629,177.127588015,-39.0730365808,-809.8455263085323,308.2824856351788,2352.6543645012302
601612,177.560992001,-38.4147480933,-924.049640295163,360.06665640811013,2359.9984035829766
601614,177.602743147,-37.8561206951,-553.6291036933053,377.9811675668705,2362.797966583791
601613,177.614975793,-38.2022766987,-445.00389942379775,464.26831168224464,2378.1273164171766
311594,1.77808411427,43.3347845257,-531.412121503534,393.94905214581513,2365.404896321953
601611,177.881606838,-38.4680942477,-724.111319632969,302.8516849687406,2351.9488963295285
301080,17.7904638411,67.9004086363,44.157241691744915,964.0646452547837,2523.7601130233265
300030,-1.78626831565,42.831339656,-587.195554975893,355.9810679619027,2359.378517450004
300031,-1.78632099066,42.7929959479,-538.1797860623603,388.97671786967936,2364.5818562489967
300067,-1.78917908489,41.3356876913,-375.71896530059286,527.4437537813719,2391.2635532831314
300619,17.9170346136,59.9585870761,-294.2596891036964,606.7062540996412,2409.9869183505753
300149,-1.79714965555,41.2625782512,-182.6291561373266,720.95890267396,2441.25504755282
300053,-1.79790109261,41.3239340023,-226.72091443928684,675.2262479391527,2428.1422844971976
300004,-1.79814697163,42.3183069836,-512.0478107751597,408.6610184242651,2367.8995535784115
300037,-1.80180142494,41.8691705254,-374.8983249673974,528.2187536550058,2391.4346153658744
300916,18.0579230383,64.2331304768,-92.8688696655037,815.875168241965,2470.950577816387
300920,18.0984200576,64.3242955294,-114.21869218196068,793.1112256987147,2463.527934525322
300168,-1.81894237635,42.6730779629,-518.9677351173127,403.3241162924994,2366.9843283470227
311363,1.8220403299,42.5328819043,-47.07672016515251,865.0296791307853,2487.613477539144
300855,18.2634176863,63.2623348405,-140.31029177928514,765.4412365187073,2454.7596123491544
301082,18.2894768414,67.9241245702,265.7420745997123,1208.7261767311486,2626.9684882336105
300130,-1.83142881639,42.4899050898,-411.24763592234893,494.4532311540328,2384.2039479994046
301014,18.3309039729,66.4135957002,-84.45150387436576,824.8782004589198,2473.937855615947
301033,18.3592581822,66.8845506492,126.36385534617548,1054.2731340713926,2559.5773692314906
300105,-1.83908120102,42.2522255811,-478.49661994956875,435.67181238238106,2372.7103480959977
300996,18.7015535155,65.9823570075,-110.24581550838299,797.3392286201041,2464.8923532993863
301055,18.7206424571,67.3934959813,-115.43982403177192,791.8124356026063,2463.110107370804
311587,1.8727898441,43.3514427561,-460.83317941484705,450.56908538525744,2375.4908900187743
301066,18.7323526871,67.6467943623,-119.3422504777314,787.6642558295435,2461.779731773091
300861,18.8549815982,63.3759929449,-143.07138595631048,762.5234274370496,2453.8513494601966
300909,18.8928000003,64.1246999998,-15.688587712198906,898.9514492906384,2499.6116050376745
301046,18.9110860679,67.160149512,-2.1347443756417945,913.6507439653951,2504.9355580145775
301022,18.9193057655,66.6002547087,-108.92210325351277,798.7487776399897,2465.3486726300316
311586,1.90106539544,43.3683139875,-415.5376687821782,490.54975545371997,2383.3974763838673
301059,19.0588431071,67.486808398,-119.85865871669779,787.115605643596,2461.604242055365
300094,-1.90629713158,42.0565352319,-467.7885003426253,444.65184565972174,2374.375650925076
311364,1.9066486849,42.4523982497,-430.90496778948767,476.72374482387414,2380.5902622534986
300946,19.1052987499,64.7321169431,97.53146857917191,1022.5454834733315,2546.673071603222
301057,19.1152306327,67.414513039,-143.64970811593273,761.9125410041007,2453.6615879123606
300929,19.1472696714,64.5234147668,-97.99134735060105,810.4038989309007,2469.1494380170043
300015,1.91803388184,42.4279052696,-347.5328868936664,554.3616454840821,2397.3446356002096
300897,19.2041346561,63.8649119584,-73.19242096705486,836.944245577183,2477.987114184019
311585,1.92255247722,43.314239103,-688.7272868281376,309.8636296277364,2352.862073480585
301089,19.227390371,68.3025976685,-66.96574453603439,843.6284055059933,2480.2526795538124
301056,19.2539901802,67.4076223735,-73.68490014270574,836.4159190255748,2477.8087209178757
300934,19.2698491815,64.5769767893,33.247552204585205,952.1559512313568,2519.2350869505153
300078,-1.93117435764,42.3188395616,-493.8235004646401,423.1103084963325,2370.4359938655048
301071,19.3884435804,67.7048421411,-37.80131878999614,875.0357204877765,2491.1105916813176
300876,19.4184565058,63.5596064781,-169.49511320182268,734.7077270771308,2445.3506726202127
300104,-1.94571842484,42.3308444156,-438.9212833293548,469.6137635828829,2379.1766548122823
300003,-1.94724849897,42.3775537165,-489.8848114842439,426.3041373839683,2371.008158022231
301045,19.4772515167,67.1184158445,-72.10808849867264,838.1076808672917,2478.3803083033954
311362,1.94783438431,42.4355732433,-697.098260683418,307.7338177303425,2352.5825321191546
301086,19.4939627211,68.2577788188,-82.25007788479611,827.2353146765847,2474.7247793856495
300034,-1.95176633834,42.7647033335,-540.5106865358346,387.2855801931136,2364.3042504049263
301070,19.6003833069,67.6442237891,-109.24338918810315,798.4066198007534,2465.237838099794
311509,1.96111648841,43.0804613406,-1189.303658772097,585.7545382964726,2404.797880694383
300901,19.6769698832,63.9038517986,-71.99667825447007,838.2272321473182,2478.420739214921
300873,19.7219821809,63.5321706028,-125.96522262419282,780.6327869216635,2459.538984418496
300132,-1.97289337909,41.9770570273,-379.8282599286965,523.571324235632,2390.4123910779776
311524,1.97997162097,43.2942502313,-359.24142453383934,543.1070838401492,2394.7671645432742
300090,-1.98529636412,42.5946695274,-478.3140200912457,435.82357960224834,2372.7382199464396
311496,1.98917092673,42.952253249,-769.7795600588922,301.77463344577205,2351.8104509608365
311522,1.98945235475,43.3351678097,-519.8721001626499,402.63302746719046,2366.866667699023
300166,-1.99381725382,42.6353974578,-475.01404466166207,438.574613873209,2373.245069475826
300888,20.0172841134,63.6699867742,-74.2125519566394,835.849914768776,2477.617716250078
311493,2.0021279708,42.9940052085,-699.1542105617308,307.2545930432637,2352.5198942418033
311361,2.0021547778,42.468019208,-544.8562798045435,384.16277186028145,2363.794725254428
300140,2.00627445915,42.456774174,-424.6276892988554,482.3411115066962,2381.7215235427498
311523,2.01087414553,43.3185828553,-596.009062554904,350.680177379882,2358.584544735352
311584,2.01101167954,43.2894911849,-550.2261534065136,380.3591604499288,2363.1795443417873
301037,20.1137741234,66.9282710688,-33.0135600689662,880.206676558072,2492.931659976801
301028,20.1353681422,66.7672886405,-127.96279331129841,778.5141646222229,2458.8673759222393
311495,2.01438671582,42.9773798261,-623.8824769913575,335.3829953405167,2356.3586784318
311583,2.01465711984,43.3064957673,-422.8954230716995,483.89874348847025,2382.0374602022953
301031,20.182183709,66.8381061394,-60.31795610878021,850.7731566248027,2482.6919728171297
311498,2.02373301559,42.9855052118,-478.3624374321695,435.7833329964743,2372.7308277962757
300093,-2.02460690737,42.2186887433,-461.8018254079484,449.7411522778743,2375.3339916545447
301064,20.2766082088,67.5163741975,-169.88520265720268,734.2986121647336,2445.227784825851
300963,20.302597877,65.0663687318,-63.342554459254075,847.5213713617144,2481.579525780329
301098,20.3688119625,68.5830816357,2.731524284580072,918.9353850083429,2506.8679083026523
300926,20.3992425,64.4261884188,-125.40702809128082,781.2249878098627,2459.727007095666
311497,2.04791637659,42.9312503503,-526.5187506807526,397.60044650663303,2366.0157613421675
301052,20.5336785021,67.2715758852,-62.257544588794175,848.6876735541292,2481.9780891659784
311478,2.05664770831,42.6349419238,-317.51872085987696,583.6393729951144,2404.2835493276184
300103,-2.06047894134,42.3733810961,-454.4091777159949,456.09068605339655,2376.5443782437433
300032,-2.06050685834,42.6813249706,-433.6424519626044,474.28760683215955,2380.1036115790967
311581,2.06086144666,43.3700566856,-722.1235938864236,303.10514206597355,2351.9815464846056
301090,20.6279928209,68.2752189053,-55.37420048988493,856.0920779100761,2484.519694773554
301099,20.6812744263,68.5928750665,-42.849419023101674,869.5880292168476,2489.2022433732704
311508,2.07322375369,43.1148675755,-459.6438839919223,451.5872956255397,2375.6842284755926
301102,20.7488166749,68.9192468635,-36.35415451290761,876.5982821488664,2491.659891743579
301067,20.8606473212,67.5778497616,-91.22410413859642,817.6331605335804,2471.5316006600874
300992,20.8981533283,65.8595307854,-52.135462294420556,859.579130522401,2485.723385553374
301047,20.9209615492,67.1168107364,-9.159975724807994,906.0281079099623,2502.1653422945874
311398,2.09330246635,42.5186930512,-452.52433455214486,457.7207383267938,2376.8577454596875
300941,20.94315623,64.6412711516,-84.3949655118826,824.9387243893927,2473.958036599344
301096,20.9509970646,68.501122958,-46.11801018153964,866.0631794383121,2487.9730502230286
301100,20.9537122039,68.6088586259,-27.60093366889847,886.057361593548,2495.0034300359994
311528,2.09706839366,43.2768072999,-668.8965005921009,316.02369023384585,2353.6812529835684
300050,-2.10339507589,42.4188706329,-426.67317228261135,480.50596853933075,2381.3505524511093
300973,21.0373505618,65.3627339643,-70.25710874833518,840.0942435050014,2479.0528041628163
301063,21.0719215806,67.4772245702,-98.23758266089644,810.1410452730885,2469.0631788379687
311579,2.11461455911,43.2559974672,-511.8697012771487,408.7995076823207,2367.9234585050654
300965,21.1501965141,65.1269844258,-38.45716539644754,874.3276997050583,2490.861978177197
300959,21.209219602,64.9552242866,-140.17863026498995,765.5804219970214,2454.8030166191375
311520,2.12262283977,43.2017449217,-329.60865448057433,571.7758612361835,2401.431261425082
311477,2.12349219384,42.6267897961,-655.9923774399675,320.8399516827446,2354.3327594996144
311476,2.12586031404,42.6052921593,-391.7765942843295,512.3929815871254,2387.9889102416337
311576,2.1266083491,43.3189921674,-543.1843688263983,385.35955905137695,2363.9895214677995
301097,21.341599344,68.52605081,-66.80162167195455,843.8046922451827,2480.3126469282597
300163,-2.13479406449,42.8983804766,-471.57417597861445,441.4587385764234,2373.779746674651
301092,21.3793135221,68.3245520873,-57.03689546443446,854.3026808891976,2483.9036894436454
311577,2.13820957006,43.3859716649,-518.6503781772644,403.5669855991038,2367.0257243475044
311479,2.13965125618,42.7089390619,-395.8064033691261,508.6511506230872,2387.1888196972336
301039,21.4363214498,66.9414211709,20.83288168982923,938.6246076087702,2514.152068166522
311589,2.14409487655,43.2812240893,-731.8985021973908,302.02333486955484,2351.8423762367684
301076,21.4416464762,67.7555913163,-55.10390540005134,856.3830202456761,2484.619959917892
311399,2.14780341086,42.5022894558,-386.913887528955,516.9274269519543,2388.965975603765
301095,21.5311096286,68.4332572863,-93.51900499778768,815.1804415986045,2470.721275300429
311592,2.15585984452,43.2353092265,-318.86027532998685,582.3184958178513,2403.9632481443737
311578,2.15848943174,43.2519827678,-683.2714999621616,311.40406942250394,2353.065439444934
301085,21.6300054318,68.0977578906,-83.42801030082813,825.9739488662574,2474.3034236049148
301018,21.7421900391,66.386120612,-27.257551703077315,886.4287057522789,2495.1353306462042
311488,2.17678031225,42.9064461972,-543.1518872166993,385.3828681937751,2363.993321258447
301005,21.8054326493,66.0411237204,-65.29729740663483,845.4207586291825,2480.8628996739067
301043,21.8116818779,67.0264800959,27.606870327608533,946.0051933297129,2516.9168229530487
311511,2.18247902972,43.1102713671,-450.16712624377965,459.7655461001658,2377.252368857389
301027,21.8390932591,66.7015569101,-63.394261161944044,847.4657964107638,2481.5605460966312
311590,2.18608053802,43.2646716029,-666.5107635224903,316.8672967165833,2353.79467065115
301094,21.8655386243,68.3572902271,-13.843441902731968,900.9507806825201,2500.331333457573
311487,2.19005673235,42.8984942786,-590.1233335327324,354.1967925903145,2359.109966860076
311484,2.20136729529,42.818704462,-448.52348087959854,461.1954202572467,2377.5293233782713
311486,2.20158612131,42.8890723498,-587.2168933635988,355.96798089463834,2359.376542919652
311485,2.20237781437,42.8438118301,-400.91520706300344,503.92873809954017,2386.1870507024128
311575,2.20325787844,43.2515356948,-474.8626135719262,438.7012284203823,2373.2684710489107
311490,2.20697835075,42.9310912123,-617.2213920331347,338.8258535944425,2356.8511677493093
311591,2.2075395398,43.3644470231,-609.6149371035592,342.92431073648237,2357.4438595121146
311512,2.20979465598,43.097338265,-427.3974484128561,479.8572518822095,2381.2197399738707
311669,2.2111375661,43.0560535336,-396.8613197877091,507.6740503757547,2386.9808146028754
301093,22.1285897741,68.3179848948,-97.45647897886128,810.9749124384475,2469.3369102781076
301003,22.1350434886,65.9488086688,-7.69101724149991,907.6213311364528,2502.7426852537574
311481,2.21895956674,42.7776061026,-364.1945991920266,538.3764767213625,2393.698748494511
311571,2.22316047609,43.2812958663,-586.9725249337755,356.1179271200572,2359.3991705248964
311482,2.22340192311,42.7934235059,-335.3698459622144,566.1551935673141,2400.099200254132
311480,2.22591692032,42.7606566162,-437.2343253123086,471.10392423808935,2379.471238592686
311607,2.22611579634,43.4019642462,-504.84189074242124,414.3078451928736,2368.880634064461
311489,2.22703621941,42.915024072,-577.0650186390984,362.32851368899753,2360.3445552904686
311507,2.22723880643,43.0817283377,-702.7679233106242,306.4546496142061,2352.4155500522115
301081,22.272699482,67.8099786508,-28.97798275948038,884.5683813683464,2494.475032782228
311530,2.2305311687,43.2576292013,-579.8431721681034,360.56148997964226,2360.0739513654275
300131,-2.23114291646,42.9196604223,-422.28798430407653,484.44569812304024,2382.148631443303
301034,22.3140198214,66.7775781863,-84.052749653102,825.3050786897563,2474.0802211667246
311505,2.23521019209,43.0479089779,-601.2921218001264,347.6055703020688,2358.1293646367894
311491,2.23546677911,42.939811265,-562.7424506978095,371.740672701077,2361.8076965742857
311483,2.23558423112,42.8103976363,-391.9403542814318,512.240639977789,2387.956226797748
311504,2.23624446417,43.0350013989,-1090.0723545838478,491.39768574100873,2383.5721414316163
311513,2.24708712907,43.0975211961,-844.5123805222759,319.21547118232,2354.1119312597334
311502,2.25161680345,43.0025144982,-528.5222406442659,396.09986495844714,2365.7640564683074
311501,2.25633977384,42.9647155911,-463.4071055989182,448.37179293587707,2375.0751004037356
311492,2.25635631584,42.9436795023,-581.6785541810854,359.4049180966515,2359.8975323113805
301024,22.5672894844,66.5188088649,-48.28441018254243,863.7280178405606,2487.161144087786
301050,22.5857356069,67.1899982885,-191.56338982896725,711.6378234438955,2438.5185788944173
311401,2.26443251051,42.5475906145,-569.7162672367672,367.095650917219,2361.081041552708
301088,22.6507788413,68.175054991,-74.46796439945473,835.5759581586424,2477.5253075821474
301065,22.659889916,67.4592794268,-138.4979435211524,767.3575596986993,2455.357833857221
301029,22.6926424597,66.6797032102,-230.46297965637913,671.3777535507706,2427.0748970355576
311503,2.27121519107,43.0352092819,-569.2676681291641,367.3909479041362,2361.126971693641
301021,22.7242094144,66.3838442918,-20.604773231705128,893.6272060969674,2497.701753879745
301011,22.7457304331,66.1380923654,-73.07188306107035,837.0735649502969,2478.0307950055585
301023,22.7633939066,66.5034198147,-200.9286379106231,701.8955912330695,2435.693307633312
311531,2.27773315761,43.4138827932,-477.05613591478266,436.87037474957043,2372.930717950086
311515,2.28108656388,42.939273931,-438.28395770747204,470.17635454658125,2379.2877657467147
300125,-2.28454294888,42.347067157,-486.9043473972571,428.7369382303186,2371.446779934222
311516,2.28543938224,43.1186620168,-550.768294275721,379.9786089895559,2363.1183235604008
311570,2.30149062257,43.2530790229,-552.2117519126582,378.9685217497412,2362.9561164639654
311427,2.30197827061,42.7275935394,-363.3034828066286,539.226175382843,2393.8900008303
311572,2.30201293162,43.3730418578,-553.680634557411,377.9453539860531,2362.7922376833994
300998,23.04680037,65.8782953899,-163.13001183069022,741.3897104698314,2447.3665787224895
311519,2.30643116498,43.1768563746,-489.743040611432,426.4195482305155,2371.0289114581456
311518,2.31011007129,43.1565266139,-658.8766056773179,319.710004188362,2354.1790404800154
311403,2.31081937434,42.5605851196,-355.76044307853147,546.4426630463914,2395.525840364598
301087,23.1475977034,68.1580670216,17.738768419427913,935.255626328307,2512.896248243456
301084,23.19138261,67.9590800751,-89.58158197950725,819.3893470724026,2472.113138582662
311532,2.32284558734,43.2314047271,-53.57827107436911,858.0254554681184,2485.186542311976
311428,2.33134985504,42.8145402146,-369.61894524884497,533.2175100727967,2392.543705119201
410203,-2.34318695873,35.1232062093,-564.5757846640607,370.50837919592743,2361.6140512182924
301075,23.4762270286,67.6167300238,-96.67496621082189,811.8093535532365,2469.611081602487
311407,2.3562346491,42.5730631087,-498.20331866904723,419.58762813366286,2369.8097488068775
300102,-2.35927604406,42.4653098657,-409.9729055599888,495.6166375229287,2384.445495130223
311517,2.3598245304,43.1017385784,-447.0066209443652,462.51792838320534,2377.7862187196674
311533,2.36390376474,43.2394099188,-424.5489546650617,482.4118393979969,2381.735848210007
301035,23.6741053899,66.7530286463,6.45923075071418,922.9860549117747,2508.355581933886
311606,2.3731912885,43.3681481854,-462.0486911339426,449.5303455778822,2375.2940869401104
311408,2.37320781151,42.5814155873,-541.4908398421003,386.5777898600101,2364.1884136993676
311365,2.38508351749,42.4142350835,-363.6546071517332,538.8912981198456,2393.814591618694
311521,2.38555166253,43.2352322774,-517.2974466771366,404.60442379517804,2367.202823505394
300165,-2.38595271927,42.4692917421,-585.583499830727,356.97324790679676,2359.528420591371
301038,23.8857873135,66.8014219923,-14.647592801933758,900.0793638429709,2500.0174657536395
311535,2.39336069317,43.2482161165,-706.8217424866974,305.62202946134335,2352.3072275426425
311605,2.39390839422,43.3852506799,-390.18155471693365,513.8780514749186,2388.3080035131447
300069,-2.39502326602,42.3402848884,-400.81996150454995,504.01655847057737,2386.205598658634
311609,2.41036532958,43.2524132819,-550.8090956696591,379.94999473630907,2363.1137226882256
311366,2.41484453495,42.4063711859,-497.5372316668052,420.12137295250324,2369.9043094329313
311409,2.41493860696,42.6228716648,-526.0513282471147,397.95164285182807,2366.074803953956
311537,2.41892776329,43.2144522557,-472.69487011771156,440.5172769353253,2373.60484056125
311410,2.4226756406,42.6324766876,-554.2079421056379,377.57921817673434,2362.7336993102367
311612,2.43529010064,43.2442041772,-812.6755797182809,308.99680351230063,2352.748072454444
311613,2.44008404004,43.2149541828,-685.1255335546455,310.8672399076779,2352.994455731908
300158,-2.44382527106,42.8729751795,-521.629907423246,401.2940674594942,2366.6392619990625
311614,2.45932853863,43.1990846755,-500.54730594640995,417.71510139921236,2369.4789245305046
311611,2.46070305175,43.3726226298,-469.14296701007095,443.507125423717,2374.161544242281
311425,2.46715744928,42.8528942368,-593.8605078699674,351.9528902795272,2358.7741105992736
311426,2.4806778454,42.8332083552,-528.7662427229534,395.91763848365844,2365.7335531119643
312029,2.48256811555,42.8061494219,-494.8007996073334,422.32161019561374,2370.295342419484
311411,2.4842844437,42.6441486525,-491.688092228513,424.8388699054332,2370.745143038325
311429,2.49191558733,42.8055665699,-587.4743733784709,355.81016100816834,2359.3527372001713
300124,-2.49358347217,42.3399168884,-446.60720084817086,462.86663631646235,2377.854072661356
311438,2.50183510615,42.8728884585,-589.4088984486309,354.6300709989918,2359.175058174792
311415,2.50231403719,42.6270513051,-547.7876769672488,382.0787182402919,2363.4569204428976
311367,2.50494515341,42.4064684689,-461.3027161019596,450.16760319468693,2375.4147719552752
300024,-2.5144444349,42.323016271,-349.6175599031759,552.3505707522418,2396.8803935256365
311434,2.51908433358,42.7563836648,-563.4432862259968,371.2686689156332,2361.7334507466476
311625,2.52152675878,43.0060195595,-437.6514527010036,470.7351533156186,2379.39825427026
311439,2.52652397719,42.8773149528,-613.236584009929,340.95108428394127,2357.1576336197113
311382,2.54035973334,42.4143788665,-510.1075462959364,410.17266397276916,2368.1609071445714
311618,2.54328733658,43.4060606196,-424.74144934786113,482.23893172794334,2381.7008324160674
311621,2.54683985187,43.3063521983,-559.2432365836628,374.1144089543481,2362.182477888731
311383,2.55645271467,42.4062749119,-536.9640821009702,389.8631473627514,2364.7278366714577
311440,2.55655748068,42.8815000862,-604.9739047154691,345.5098418417291,2357.821350032012
311441,2.58929126138,42.8647803898,-573.9534389454991,364.3306887216382,2360.6527314710365
311385,2.58994092044,42.4229101782,-568.6280205272474,367.8128464221402,2361.1926558098644
311626,2.59418496979,43.0938467537,-433.5969755379749,474.3280087305971,2380.1116628687014
311369,2.5979003901,42.4354919163,-526.7952139196378,397.3929227720432,2365.9808965683956
311615,2.60007543428,43.2022997977,-814.4237645624073,309.4543268987693,2352.8082047403805
311637,2.60651117581,43.3189954594,-460.4021789872854,450.93787108596166,2375.560866708496
311373,2.60779727192,42.4692282801,-427.26755016614965,479.97355679427017,2381.2431801643074
311412,2.61473621149,42.6724953229,-529.9471903842223,395.03730711458934,2365.5863843600446
300119,-2.61519809024,42.9303306622,-534.3936620378016,391.7471854332495,2365.0391804687197
311384,2.61867082082,42.3813739888,-520.9929110420259,401.77862228868065,2366.721472667511
311616,2.61932488187,43.2269305558,-237.2228174778863,664.4397832176338,2425.164879627688
311636,2.62707079751,43.1053381247,-567.5514905590767,368.52512720418497,2361.303715585554
300066,-2.62729594724,42.9104545986,-481.9625099781979,432.8003729332482,2372.1847800431656
311708,2.62769926456,43.4056009985,-454.7604408772807,455.78740099396384,2376.4861924198326
311622,2.63166472489,43.2647546229,-475.304684193188,438.33169568685753,2373.2001903128607
311443,2.63915173951,42.8815081062,-468.64164868073914,443.93051911058376,2374.240673068987
311436,2.6426750718,42.8021128836,-461.1738431783778,450.277768507476,2375.435651974045
311371,2.64318130484,42.4651137057,-560.6363516159752,373.1659832142636,2362.0324550872606
311709,2.64363736688,43.3768302242,-448.31304804987786,461.3787233867323,2377.56488749545
311442,2.64449215395,42.8684078011,-471.8838736486453,441.19839537336554,2373.7313436733557
311617,2.64651310612,43.2229405774,-713.4023820529247,304.4175764273152,2352.151042916922
311447,2.6607412643,42.9475314506,-396.30075612416044,508.1931373576967,2387.091270294193
311413,2.66344499852,42.6974620919,-586.0227071766217,356.7022455585809,2359.4874358308875
311623,2.66494188364,43.2515196828,-693.9654035725022,308.49746414495274,2352.6825440847624
311619,2.66515003866,43.2433618031,-444.2053899841416,464.96755354325677,2378.2639243164926
311444,2.66998241706,42.8683559481,-262.42030718420983,638.7477012841514,2418.2520740719046
311435,2.68101727897,42.7772204795,-620.4794459189793,337.1245437455552,2356.6071853096205
311437,2.681290697,42.7858312543,-665.7323406676296,317.14719870544366,2353.8323673328973
300025,-2.68314172186,42.4983861605,-421.6311512146408,485.0375664946548,2382.2690672483536
311986,2.70079239661,43.1350256402,-560.2339497444241,373.4394780791272,2362.0756786448
311629,2.71438257973,43.1101373201,-426.36110445551935,480.78565501635757,2381.407002997764
311445,2.71537631382,42.8594280664,-493.1663620151179,423.6414816347816,2370.5308630808827
311375,2.71903043512,42.4946295712,-597.8301461774689,349.6114858143808,2358.425885812531
311448,2.72249857141,42.8979746605,-750.4595195591668,301.1152726579831,2351.7259354110915
311451,2.72338599048,42.7980633193,-612.3187652179934,341.44742504163094,2357.2294779942076
311416,2.7272931528,42.6903571224,-483.2091169108408,431.7719020455887,2371.9973531294986
300167,-2.7307708028,42.4348160122,-447.2806900451358,462.27876810716,2377.739709745362
300121,-2.73090462981,42.4143308965,-508.28823961873775,411.5960141620534,2368.40785058895
311446,2.7321185812,42.8562079531,-987.7792295378066,404.9120012711111,2367.255414320698
311452,2.73252555124,42.7773345306,-629.2726322731218,332.70003619887103,2355.9783067643075
311450,2.73416619037,42.8061794829,-399.89434274372474,504.8704591720837,2386.386106312621
300084,-2.7356117832,42.9979647778,-504.44403454645624,414.62220308822987,2368.935634235557
311666,2.7357620465,43.2773809209,-223.6381187784834,678.4008226324863,2429.0269953225543
311771,2.73979940984,43.2692068813,-454.3190728195033,456.16850889726726,2376.559314716727
311449,2.73992102085,42.8652269088,-912.5368869058963,352.981501674307,2358.927809065282
311665,2.73994929585,43.2692546003,-808.5050750409933,307.9555720695574,2352.6115493693324
311788,2.74351914415,43.3599470628,-550.3106091720904,380.2998352485748,2363.169996540108
300123,-2.74748706918,42.6478193918,-445.359761858831,463.9569345101486,2378.0665476258937
311630,2.74813452153,43.169640656,-644.1901739346863,325.7747142755516,2355.0103253104007
311378,2.75223279587,42.4952637402,-612.4416585052993,341.380819119799,2357.219830970414
311459,2.75698264326,42.9896832631,-557.1612630019674,375.54007730044503,2362.408689773238
300065,-2.76526509265,42.8479997364,-537.6872877978326,389.335460986452,2364.6408964235598
300092,-2.76845573792,42.2778828652,-378.8561542068328,524.486134541184,2390.612928347715
311462,2.78212277234,42.9817888435,-377.9533601463172,525.3364216161319,2390.7996201550905
311463,2.7888879609,42.9933973744,-379.3391119070193,524.0315437290167,2390.513234993753
312014,2.79035680002,43.4934878178,-532.7506600445427,392.9583683586292,2365.2401034821723
311468,2.7985501177,43.0474751819,-573.3384614487326,364.729254653791,2360.7142768784183
311386,2.80207109999,42.4642052026,-520.0066322299956,402.53035021914167,2366.8492032034546
311544,2.80712631541,43.5146307066,-676.8279328072455,313.3754349368576,2353.3271406838335
311387,2.8190882324,42.5023619578,-672.5948612988643,314.7587252949057,2353.511742695701
311624,2.8190990774,43.2348179644,258.88901031246684,1201.0963251313244,2623.46657118044
311380,2.82328734575,42.5184727151,-702.4270821127711,306.5277827790468,2352.4250783973375
311379,2.82341686176,42.4937089151,-349.8109285088425,552.1641850771305,2396.8374486266634
312028,2.82356109577,42.6770230413,-504.72569948109293,414.39962377518884,2368.8966874986972
311417,2.82628604899,42.6901979073,-829.9661302677569,314.0587836831929,2353.418234710067
311466,2.82686682804,42.9932867484,-414.2149113896902,491.75135235300695,2383.645078529581
311460,2.82708220906,42.9481091117,-298.08738767625414,602.8892936017722,2409.028843371728
311464,2.82710941806,43.0062571005,-638.4250787924939,328.3622053792564,2355.3696537441447
311470,2.8275235891,43.0438917146,-606.8414321716516,344.46183083983425,2357.6680047798955
311467,2.83094981238,43.0147187442,-377.11438363228905,526.1272069791968,2390.973505871826
311633,2.8324222955,43.1896099617,-685.1723039428869,310.85387475861313,2352.992690024711
300074,-2.83864878573,42.5939466604,-393.093525811443,511.1685533144113,2387.7264830283284
311632,2.84028867715,43.1808078189,-532.0423070582799,393.4821978005878,2365.32718832792
311469,2.84360343443,43.0134793761,-682.0236935817386,311.77305413906925,2353.1142992095574
311465,2.84470562652,42.9693031724,-554.0400382617065,377.6957350476843,2362.7523222146015
311381,2.84737225574,42.5317470312,-537.2710468500304,389.63904132975944,2364.6908995438826
311627,2.85583736844,43.2397800348,-325.0652529873682,576.2234861595464,2402.4941152600445
311455,2.86101025687,42.7768053535,-348.4753926055689,553.4520337157527,2397.1344604509327
311735,2.86469247917,43.5396053516,-615.3732030419621,339.8055249589143,2356.992206743562
311639,2.86632706931,43.3438341254,-539.849966331164,387.76382011752133,2364.382635710518
311420,2.86760603341,42.698669984,16.326992488340576,933.7188993075841,2512.3247104587113
311640,2.87674247117,43.3273492651,-216.2876637969688,685.9847382050408,2431.156006698772
311641,2.88451489881,43.2890701489,-569.174997427822,367.4520104255662,2361.1364737818676
311418,2.88570002291,42.7022098513,-567.7516708805093,368.392468314438,2361.283015347395
311634,2.8892534992,43.2264639607,-494.8134591927317,422.3114036322243,2370.2935239111425
311419,2.88958817923,42.697618445,-576.6793965692707,362.5753294598586,2360.382455745299
311471,2.89774180191,43.0520309893,-368.0586102061178,534.6991534666395,2392.8743495167528
300033,-2.89786918662,42.6774739163,-416.77872341444044,489.4239928673634,2383.166027084877
312027,2.90278038632,42.5605832866,-733.8599424501183,301.85620919545045,2351.820919816628
311543,2.91012090993,43.447329942,-460.52038132198675,450.8367070154224,2375.541665441756
311736,2.91511626434,43.5603122023,-480.3955380209211,434.09640758636993,2372.4215811985596
311454,2.91562087639,42.7647116705,-409.9534374004843,495.6344179336941,2384.4491909239237
311547,2.92279750698,43.4270006503,-585.7596607967154,356.8644908926513,2359.5119691828972
311474,2.92350444704,42.9440990614,-571.941666575633,365.63798157069164,2360.8548454795714
300060,-2.93091260636,42.685784718,-516.0970451380202,405.5276751401511,2367.360801221871
311421,2.93330885185,42.7145961184,123.89571671531417,1051.553711795591,2558.458457088637
300091,-2.93535971273,42.5146786288,-474.7021694931715,438.8354144269461,2373.2932791403073
311643,2.93602368507,43.2554923811,-548.3268425703139,381.697404530281,2363.3953068588494
311644,2.93975644238,43.2484039955,-531.7319159966088,393.7120443654646,2365.3654351359146
311389,2.94781928605,42.6222537817,-668.6043537785592,316.1258365124952,2353.694970119962
311737,2.95159320836,43.5646376247,-588.9579630696611,354.9042531273542,2359.2162886740944
300001,-2.95579940042,42.6900046683,-488.2040136558164,427.67441196611395,2371.254914703993
300027,-2.9603889578,42.5436339052,-511.9475042827477,408.73900501019153,2367.9130140429575
311388,2.96086452913,42.5354306475,-574.6024001195466,363.91111465893545,2360.5880130233636
311647,2.96115090115,43.2475565445,-573.6775821616307,364.50935530573844,2360.6803125291417
311472,2.96485692746,43.0560689276,-735.6395326891655,301.7190847725295,2351.8033238290263
311654,2.96502494347,43.0012114161,123.11758806820097,1050.6964910719444,2558.106249593277
311548,2.97369807219,43.4305059656,-647.0985930403356,324.5129180946766,2354.836109343409
311422,2.97407839122,42.7146624344,255.0610508214364,1196.835880969329,2621.5187571011033
300169,-2.97429892695,42.697925846,-590.2655274803893,354.11072136271144,2359.0970456599075
300118,-2.97740721121,42.3904565985,-378.1270287090539,525.1728012616006,2390.763672771159
311545,2.98536026416,43.5356288803,-360.533644823444,541.871139024388,2394.487168302405
300068,-2.98543861187,42.6519619942,-504.85086156451865,414.3007601556814,2368.879394929775
311457,2.98566381618,42.7642356825,-639.3447886039138,327.94180681068906,2355.311082747148
311390,2.98600987021,42.5933968453,-750.9388451687521,301.11182319621184,2351.7254937440784
311397,2.98963533351,42.6563070335,158.12732380466937,1089.324437013809,2574.212927660168
311733,2.99962231934,43.5727494164,-406.378558132119,498.9056650607873,2385.131302567435
311395,3.00153804649,42.6359292649,-399.12856143555297,505.5775102412111,2386.5357920464935
311391,3.01353363749,42.576700877,-539.3286421320573,388.1417965971423,2364.44465406212
300117,-3.02244836493,42.3061913316,-220.19591970647303,681.9498100164234,2430.0205783570473
311423,3.02402647935,42.7107995421,-393.0752947269315,511.18549322125745,2387.7301096097826
311738,3.02762571365,43.4522068924,-394.96599895059404,509.4302881119729,2387.354956076522
311392,3.03108229294,42.552537365,-496.6564045885856,420.82829286598667,2370.0297297573675
311655,3.04237665287,43.2438163722,-496.1663287286797,421.22215070914353,2370.099695815625
311546,3.04466046606,43.4768891044,-472.7189577369329,440.49706093968797,2373.601088758131
300238,-3.04780543203,42.8105068573,-563.853614184198,370.99285197201107,2361.6901075440887
311599,3.05334484378,43.3605300978,-317.235634455315,583.9182351067597,2404.351258270612
311542,3.05628783402,43.6599352166,-490.40140787380614,425.8838571320829,2370.9326282336624
311393,3.0608892764,42.5278761349,-381.0266021732078,522.4446982545707,2390.165879304529
311732,3.06909833108,43.5770218927,-631.2033521254357,331.7619040458178,2355.8460112735274
311596,3.07309647841,43.4483122331,-736.8584371419118,301.6331375252385,2351.7922989734025
311739,3.08755954661,43.4390714693,-595.581935222412,350.9321720939911,2358.6220250959855
311549,3.10123607274,43.4393024463,-708.441650810221,305.308579879106,2352.266523335542
311394,3.10619640715,42.4609740574,-443.78667690316587,465.334517943964,2378.335695701392
311539,3.11083722454,43.7470426268,-548.5470462210934,381.54185017039987,2363.370189218933
311659,3.11166475161,43.2557942761,-389.9899603480696,514.0565879834522,2388.346424517698
410219,31.2065638482,-1.19385461563,-1299.4693986827024,697.4550600404395,2434.417389979232
311731,3.12278565653,43.5972220704,-531.5430068135477,393.8520254759038,2365.388738839507
311728,3.13151125425,43.7230170088,-425.39121382252824,481.6555758094231,2381.5827849490324
311730,3.13494522453,43.5972263794,-591.0790435713373,353.61934367206476,2359.023337755764
311538,3.13925442689,43.8063646207,-539.3281172610889,388.1421774261573,2364.4447165781653
311597,3.14003709495,43.4028216113,-603.51606879529,346.33499310420217,2357.942407122314
311740,3.14388539427,43.4141128432,-272.57385517597123,628.4755211978156,2415.5591378813615
312008,3.14822030763,43.6016899258,-607.4940481642901,344.09800566564627,2357.6148763868027
311540,3.16427471396,43.665035471,-679.8690964722457,312.424668594834,2353.200722718713
311541,3.16436572897,43.6335185804,-493.97263207573815,422.98985861968487,2370.414497161284
311551,3.16630667313,43.3476233777,-494.6495383955962,422.44358155542227,2370.3170774085597
311550,3.17274663266,43.3688426595,-567.5961402334237,368.4955296812236,2361.2990965255394
311729,3.1852759837,43.7062063544,-509.62039060414384,410.55323323519025,2368.22685255808
311741,3.19824197277,43.3397343741,-705.4824251073908,305.8895078721749,2352.3419944564953
311769,3.20127169002,43.4850714751,-460.9078159444489,450.5052473179044,2375.4787824180303
311662,3.21121355884,43.2268174257,-654.429448047456,321.4648910498708,2354.418005375211
410205,32.4645021683,15.5017532528,-669.7820357041317,315.71605324754523,2353.6399669735997
311770,3.25064875311,43.3767295792,-323.6732736173943,577.5887242363399,2402.8219247839083
311745,3.25207870322,43.3103439637,-485.8278421301709,429.61896816346075,2371.606401927419
311715,3.31363003532,43.4406598374,-567.6901071186358,368.43325620653883,2361.2893791605115
311698,3.32700565142,43.7560091135,-587.7050728418981,355.66890584359027,2359.331438870185
311711,3.33615637218,43.4974410201,-545.186172851112,383.92732422721974,2363.756471835785
312010,3.33942628345,43.6979688397,-664.2514130393391,317.6859859465249,2353.905022196966
300061,-3.36059522291,42.7940955979,-567.82076356759,368.34670309931295,2361.275875780171
300038,-3.3894989583,42.8023037396,-496.610092160412,420.86549612972124,2370.036335942932
311748,3.4016958186,43.3114029617,-855.5279103436108,323.6413946888089,2354.7161655310815
311716,3.4101101713,43.3980017369,-526.8390013182922,397.36006768564675,2365.9753784112854
311700,3.41458513167,43.6692487934,-9.576758794381739,905.5761308433824,2502.0017179471624
311714,3.42728920472,43.423314144,-569.3884955659923,367.3113635440398,2361.114589689764
300057,-3.43556299411,42.7648774205,-238.35102445738832,663.2836488763719,2424.848380151641
311712,3.43567178141,43.4563201577,-732.8932719931288,301.9364811420779,2351.831224068118
311713,3.43576108342,43.4513518513,-582.220937105952,359.06479495899055,2359.845756577371
300039,-3.44338555376,42.7271965574,-385.6577045091284,518.1021673125971,2389.220442661433
311718,3.4439305881,43.3845333618,-458.65436880183336,452.4358685342157,2375.845677436477
311717,3.44806444044,43.5099526162,-592.8059889853656,352.58219480426806,2358.868091256965
311710,3.44821700745,43.4773501985,-565.9840866214171,369.5671506080531,2361.4665669168044
311719,3.45610358911,43.3353605747,-459.72917651689363,451.5142113602872,2375.670337171718
311707,3.46071005349,43.5021592365,-396.5583834110788,507.95453648524574,2387.0404854114277
311704,3.47677720382,43.5812911451,-451.619726957437,458.5046421625102,2377.008829336116
311706,3.47680586682,43.5224292602,-610.6143532921953,342.3758626374657,2357.3641422516866
311705,3.47683475382,43.568118362,-542.7878841242326,385.64423164666124,2364.0359433095823
311702,3.47686959082,43.6268084368,-635.8211257384046,329.5679663017645,2355.538051543546
311681,3.48850923679,43.8979722873,-434.06849504681225,473.90921706672555,2380.028238042162
300115,-3.48946801457,42.9978326028,-665.3494565276601,317.28571037280483,2353.8510339152854
311703,3.49769090355,43.6018418408,-655.7696947901942,320.92845121992735,2354.344821528848
200489,-35.014481634,-8.25224761465,-690.2018846492128,309.46779174807625,2352.8099757495743
311701,3.50217972892,43.6225356555,-660.8199552807198,318.965849364207,2354.0780957559396
311672,3.50287772298,43.9776280379,-407.46024396742075,497.9145393192188,2384.924182510369
200479,-35.039166667,-7.99861111066,-692.2679957504258,308.9279704721876,2352.7390332965847
200464,-35.0474999997,-7.12999999979,-753.3699905121815,301.10986143365153,2351.7252425633988
200488,-35.0639719931,-8.28290717818,-605.2889996391523,345.33230488627964,2357.7953407060913
200467,-35.0645736721,-7.61483413591,-660.8047823853799,318.9716055195126,2354.078875693204
200470,-35.0686111114,-7.54277777795,-762.0145506763279,301.31301495769554,2351.751262536108
200478,-35.0768849421,-7.98055555617,-719.2595871359177,303.50022966338094,2352.032494941983
311682,3.50991001056,43.8932923349,-431.26882772587095,476.39945854841426,2380.525343692544
200481,-35.099714784,-8.11922467064,-668.8121366928144,316.05315397260347,2353.6852091971245
200469,-35.1182427486,-7.5602977594,-675.4434137791833,313.82023383920745,2353.386412602949
200493,-35.1397978893,-8.36872808329,-623.0822953283421,335.78921142491953,2356.4165298959033
200463,-35.1475,-7.17277777833,-703.0418737771183,306.3962196933688,2352.407938963748
200487,-35.1566666667,-8.28222222213,-700.2194893620501,307.01315064763764,2352.488372453278
200457,-35.1651946744,-6.84752599542,-763.4730324001506,301.37959906050173,2351.759794406553
200475,-35.1733333331,-7.89416666702,-716.0860785857392,303.9790828834451,2352.094332863362
200507,-35.2025756665,-8.79831552383,-618.7570500065021,338.0198487340174,2356.7354297832094
200476,-35.2066666669,-7.97194444446,-690.7273280021916,309.32886632273636,2352.791706759821
200454,-35.220412948,-6.44756768633,-833.728351294048,315.31553776458804,2353.586275498107
311757,3.52236151559,43.3939263526,-970.4581239392649,391.8762263498025,2365.0605583442134
200466,-35.2305302088,-7.7525368443,-707.7128287461294,305.44824001417754,2352.2846543700957
200462,-35.2314868699,-7.14786342927,-951.5456258294446,378.3278127232288,2362.853444828355
200486,-35.256157026,-8.26389522761,-587.4857942573678,355.80316477529385,2359.3516821197722
200485,-35.2647222217,-8.24249999984,-573.5850538651739,364.5693261157709,2360.689573281881
311673,3.52712978698,43.9684043141,-444.9550532898105,464.31106355875147,2378.1356629932493
200483,-35.2848797063,-8.22302371223,-740.8137930538006,301.398960481401,2351.76227566405
200477,-35.2853149674,-8.11417956222,-652.9241003222648,322.07514010137254,2354.5014044864365
200484,-35.2857130394,-8.22191259714,-690.3885852241352,309.41830078239377,2352.803466657669
200482,-35.2857130394,-8.22357927028,-719.6632878310153,303.4424068364758,2352.0250343319044
200468,-35.2898188307,-7.51823825192,-680.0156527421306,312.3797659131171,2353.1947615973513
200497,-35.3061259871,-8.63537120635,-629.4499433208498,332.61337362784036,2355.96607025088
200451,-35.3145113848,-6.06305555551,-830.1302823893233,314.11247992411245,2353.425400963744
200452,-35.3358110196,-6.31465387433,-922.8939591887449,359.3397181790636,2359.887603450277
311697,3.53541941167,43.6512157439,-697.532612978682,307.63112251367727,2352.5691010884902
200492,-35.3688578493,-8.28180239209,-523.7822510716137,399.66239187731276,2366.363136827984
200461,-35.3727777776,-7.33444444371,-715.9523623643263,304.000204510966,2352.0970626655676
200447,-35.3870721758,-5.46452305399,-837.2389234025984,316.53705346065186,2353.750236127622
311758,3.53968748002,43.3855810599,-22.99610328346751,891.0388519029431,2496.7768629690954
200495,-35.401388889,-8.46750000046,-639.3673948912462,327.93150965166336,2355.3096490439852
200456,-35.401809275,-6.86032872148,-914.1292108590892,353.94039537760597,2359.0714849994138
200508,-35.4065240594,-9.05116849975,-727.705634195862,302.4366881424877,2351.895494742885
200448,-35.414258497,-5.62271372708,-732.1978616118024,301.9967446226718,2351.838961668076
200506,-35.4465166197,-8.83955086024,-611.7987904098068,341.72974487859926,2357.2703889015525
200474,-35.4516592281,-7.88102181993,-899.3488709298961,345.31062042686455,2357.792164809458
200494,-35.4521404062,-8.38027777824,-698.0194292368471,307.51694631981894,2352.5541736867926
200455,-35.4683407715,-7.02701518127,-1132.9003214530837,531.1723480714503,2392.0887381560533
200504,-35.4897222223,-8.74777777765,-592.5612296722442,352.7286951050507,2358.8899932399972
200496,-35.497777778,-8.49722222192,-543.3680221936515,385.2278090610437,2363.968048162084
200453,-35.5270349874,-6.6055629854,-922.9315302277375,359.36329669414147,2359.8911938621586
200450,-35.5306237837,-5.83133391134,-931.0504173653528,364.54280158601597,2360.685477153927
200509,-35.5396565694,-9.12943876923,-600.587422352432,348.01112904293143,2358.189181086839
200510,-35.5397222224,-9.15916666669,-590.2670869268487,354.10977771878447,2359.096904015036
311696,3.55401148021,43.6638903009,-647.938236215792,324.15414931587287,2354.7866953029907
311695,3.55629035939,43.7099734727,-516.0764698365273,405.5435226186181,2367.363515938184
200503,-35.5769444435,-8.68128918115,-522.075194390479,400.95579028215826,2366.5819262425866
200449,-35.594879706,-5.86851531842,-905.4086929245934,348.77443318424537,2358.30194697377
200491,-35.6041666668,-8.21064661521,-795.3525357570684,305.14252130389804,2352.244975797585
200473,-35.6338814512,-7.93964994978,-743.4668638764592,301.2802550835978,2351.7470654729264
311759,3.5684349824,43.41081741,-288.5266810607944,612.4378440128668,2411.4362070426846
200502,-35.7233333326,-8.67861111093,-688.0721632783382,310.0423023048678,2352.885610707793
200505,-35.7604352607,-8.91010087108,-780.9565416385929,302.9002547064616,2351.955150966642
200501,-35.8398202033,-8.62316105434,-535.041134867816,391.27135920328396,2364.9604107447694
200516,-35.8601500459,-9.46892127232,-518.8430714081825,403.419497947579,2367.000582843519
200500,-35.9152777785,-8.49749999994,-785.377118466124,303.49451438344653,2352.0317574637734
200515,-35.9478683202,-9.31417771551,-696.5142304205899,307.873124829635,2352.600758490408
311760,3.59693307976,43.4624057802,-410.0783972833169,495.5202976605147,2384.425472362441
300114,-3.59780635854,42.9435348993,-473.49909344743185,439.8427576879587,2373.4797490915803
311761,3.59788629784,43.4767069994,-625.0755643657396,334.7810993186608,2356.2730852594937
311694,3.59794068584,43.7479726339,-435.4519892289044,472.68188028905945,2379.7841557189345
311674,3.59823174986,43.9770818358,-445.4881682034393,463.84461714802995,2378.0446372418
200490,-35.9938517,-8.29773989441,-722.0173739085511,303.1191653888304,2351.983353742816
200460,-35.9975831043,-7.52833333275,-519.6438806568026,402.8072846260742,2366.8963172063777
311671,3.60188566217,43.9563908641,-368.0219065743373,534.7340290851309,2392.882142881028
200518,-36.0227777784,-9.50666666744,-568.7253409019004,367.7485922308379,2361.1826475190446
200514,-36.0355481174,-9.15231869312,-690.6665554247961,309.3448772290733,2352.7938118171664
200513,-36.0518241498,-9.00629330804,-620.6744032206095,337.0237878893071,2356.5927737860306
311677,3.60528937145,44.0856214298,-362.8546884780524,539.6543404942205,2393.9864818063475
200471,-36.0597742885,-8.01419926295,-805.0057681088911,307.1369631757509,2352.504533897035
311692,3.60649653955,43.8149012384,-542.4213079220707,385.9077225240322,2364.0789407633933
200499,-36.066111111,-8.57694444351,-667.0261299968406,316.6832391653191,2353.76989993192
311668,3.60974398682,43.9904210119,-473.74225654831446,439.63899080933055,2373.4419963624828
311762,3.61033256087,43.435327086,-417.2115804355117,489.0317174646554,2383.0854975312386
311683,3.61460693722,43.8815505949,-385.3221556195241,518.4161919755051,2389.288558537806
200519,-36.2152777783,-9.50111111098,-809.0417097272245,308.0855643462596,2352.6285688174057
200511,-36.2174999995,-9.1677777784,-792.7664331218784,304.6746759899299,2352.184330796983
200498,-36.2312016536,-8.48360493379,-874.1143089353628,332.0721432113172,2355.889720711528
200520,-36.247235519,-9.37680625069,-849.0801053128266,320.99749255567326,2354.354233772886
200521,-36.2852777781,-9.68583333326,-761.1508238251755,301.27797728176824,2351.7467736668154
200523,-36.3036111106,-10.0311111108,-560.3046543247488,373.39139626990135,2362.0680774833036
200459,-36.4336111114,-7.39321535657,-1008.9247270487028,421.55570356937886,2370.1589986895724
311675,3.64448853269,43.9976946665,-502.7091868424495,415.99606054637997,2369.1764793377865
200522,-36.5024033911,-9.73963221971,-741.665648511258,301.3574855347476,2351.7569606456163
200458,-36.5062078044,-7.72278563684,-635.2259220614773,329.84677276002066,2355.5770760808236
311667,3.65260086236,44.0022415619,-538.2724980273623,388.90924029696464,2364.57075703935
200512,-36.5936272736,-9.03944444378,-1461.00418983513,868.7005556806906,2488.8923486758567
200757,-36.5936693256,-10.2928245805,-454.3542949043009,456.13808665700293,2376.553475509523
312009,3.66896734372,43.8018507943,-586.5781807431091,356.3602337216808,2359.4357554371877
311684,3.67254889101,43.9359776644,-441.7836947294852,467.0928285429316,2378.680343874208
311679,3.67326929207,44.039629725,-459.59898953822886,451.6257679608719,2375.691541876497
311676,3.67350029909,43.9976871095,-527.9624634665478,396.51835335459896,2365.834159953805
200446,-36.7685577581,-5.28957927252,-853.6156936562252,322.8417960839108,2354.6063987758057
312006,3.67743474242,44.0017960369,-559.750884868203,373.7682882354039,2362.1276851914054
200438,-36.7812921962,-6.59375371842,-803.9337537245631,306.89630093371943,2352.473125751723
200756,-36.8234610646,-10.2100747366,-526.7619736678348,397.4178664420005,2365.9850862641956
200445,-36.8387524309,-5.38304747825,-719.3770066036986,303.48333936223315,2352.0303155205575
311678,3.68521105306,44.0563691494,-441.35286275478944,467.47165134259126,2378.7547609340168
200751,-36.8561421513,-8.49805555599,-821.2058733811919,311.3457893243195,2353.0577273809636
200444,-36.8942484835,-5.6169603706,-720.4169444520396,303.33633054035874,2352.011351435824
311680,3.68946191141,43.9901888039,-468.7272830883451,443.8581712540052,2374.227146682944
200442,-36.8977182748,-5.62266719708,-679.5863014417563,312.51155142639345,2353.212259366378
311765,3.69015417347,43.4685273697,-284.89296773872934,616.0795699524527,2412.363675810528
200760,-36.9106089089,-10.5808377483,-801.3017189853506,306.3256589779879,2352.398749618266
200759,-36.9377777781,-10.4488888894,-938.7486287572735,369.6047040224285,2361.4724442797947
311685,3.69406236079,43.9393543437,-513.3534699451873,407.6475065233202,2367.7248483368926
200758,-36.960833333,-10.589444444,-878.0684234928265,334.0146976932614,2356.164316454267
311764,3.69787182611,43.4818037668,-439.5053515563466,469.0985976929695,2379.0750224015196
311742,3.69835645215,43.6562925233,-461.9140808877155,449.6452836975278,2375.315841947911
200755,-36.9980717191,-9.97704371436,-482.6484748641806,432.2341554342388,2372.0815401206664
200754,-37.0064868698,-9.76454989078,-810.3156181771526,308.39887546983215,2352.669618592534
311690,3.70132361739,43.8440696808,-530.4862945900855,394.6363350979853,2365.5194577168145
200762,-37.0363888893,-10.6969444439,-944.0765442920418,373.19077819352697,2362.036372451951
200753,-37.0847222223,-9.3877777776,-1044.1882950524841,450.8643362890876,2375.5469091547493
200761,-37.1102257124,-10.5983509258,-928.8461601114,363.12015136262795,2360.466206532705
410224,37.114549201,-1.20224172633,-240.12427353963938,661.4675630187585,2424.352244370289
200440,-37.141666667,-6.18166666733,-941.8410624894302,371.6780542999298,2361.7978414558397
311670,3.7146443585,44.0011524518,-409.1920437562187,496.33009652341076,2384.5938925888872
200439,-37.1769977979,-6.3687083978,-960.1786829744658,384.4189482905489,2363.836372438265
311686,3.71876840784,43.9229025613,-602.8125669054776,346.73537939150964,2358.001249189461
200763,-37.1935577583,-10.6644487812,-966.7683398173012,389.17459218565233,2364.6144148803946
311743,3.72345268223,43.6643214609,-41.62091228797209,870.9133561235476,2489.6655481673965
200424,-37.2394720761,-5.63087228075,-822.7868947319487,311.8131041859436,2353.1196059272797
200752,-37.2479873268,-9.3732026594,-853.3325063754606,322.7244856214605,2354.5903171203513
410223,37.2606232771,-0.797775524862,-894.1581798972884,342.4284926481667,2357.371786637521
200436,-37.3012165292,-6.45551787899,-920.7642035097763,358.0091283170563,2359.685361190263
311688,3.73139798788,43.8847399362,-709.4124218049315,305.12603169878554,2352.242836757619
200423,-37.3147222223,-5.86722222231,-899.0763703694781,345.157346415184,2357.7697219282577
200767,-37.3438070717,-10.939391501,-880.7888653467038,335.38043850938925,2356.3583145167104
200437,-37.3563504117,-6.37819822459,-885.9800519685788,338.05157453891957,2356.7399803341746
200422,-37.3602910741,-5.22227396695,-955.6723227278163,381.2193383092141,2363.318144422836
311687,3.73637339529,43.9117803494,-519.3673777694253,403.01853656203235,2366.9322780066786
200435,-37.3890401914,-6.66435099127,-731.1514252739453,302.0913936096028,2351.8511173010666
200768,-37.444211294,-11.2637406068,-971.7142999937914,392.8022059064191,2365.214163838495
200750,-37.4463888892,-9.75138888869,-555.7171977226234,376.5346955602789,2362.5670032441312
310947,3.75174607857,44.1768770634,-357.343321818989,544.9247884194068,2395.180054378213
200421,-37.5228731405,-5.44999999979,-780.1490899972789,302.80079873149475,2351.942344439955
200770,-37.5680555562,-11.5397222217,-884.2309274683944,337.14211804022466,2356.6096994653
200434,-37.6058333334,-6.58027777831,-896.2045631110568,343.55525186115756,2357.5357216675775
200743,-37.6516058762,-7.74728257087,-762.4545862892394,301.3321223179547,2351.7537107014255
200420,-37.6730254299,-5.59348216166,-749.1404428011552,301.1299728670111,2351.727817672821
310830,3.76950171504,44.5605810181,-462.081246079807,449.50255184650376,2375.2888270637322
200766,-37.7024763994,-10.6393120952,-927.3132972747705,362.137988351389,2360.3153158983805
200431,-37.7144475864,-7.10995384613,-896.3687135187292,343.64617268568844,2357.5489729502556
200783,-37.7520052355,-12.051771657,-955.9867588544848,381.4411812409132,2363.3539393420833
200749,-37.7561111108,-9.62611111132,-502.51103886536754,416.1532973564505,2369.2040930991843
200433,-37.7977575093,-6.72695505044,-931.5285107229738,364.852959406523,2360.733392368774
200781,-37.8034818827,-11.7313553505,-982.6284311939987,400.97646891396795,2366.585429786974
200417,-37.9227451586,-4.98985102272,-1068.9760406780215,472.4617811312506,2379.740448554631
200432,-37.9241666667,-6.96583333321,-704.2389051522059,306.14458043811754,2352.3751767073454
200430,-37.9268508049,-7.20594840208,-974.6150793218253,394.9523789362353,2365.572203397029
200426,-37.9351740036,-6.79785690531,-928.9823100253047,363.2076729007245,2360.4796719123087
200780,-37.9361111107,-11.6636111109,-1008.6735618958396,421.3536352432079,2370.123067224559
200785,-37.939544037,-12.1268917932,-906.6190176321854,349.47878966745617,2358.4062186749575
200779,-37.9560905434,-11.6061511162,-1063.0948171582754,467.27052211687635,2378.715243297663
200744,-37.9727777777,-7.86833333288,-587.9500779902967,355.5190467021303,2359.308852275444
200769,-37.9732887058,-11.193477963,-956.6329851603925,381.8977808636981,2363.427676677647
311773,3.79826301542,43.6428036042,-252.6569425566195,648.6698986641538,2420.8917995834195
311689,3.79897679147,43.8231992391,-551.7705816036471,379.2767539105172,2363.005570013364
200419,-38.0166666674,-5.91874907457,-1006.2855580913592,419.4374996224876,2369.7831723486534
311776,3.80254306977,43.556434522,-225.10988866640787,676.8847778215302,2428.604016776672
310946,3.80668368511,44.160554841,-236.06905320125261,665.622645425716,2425.4892236332053
200792,-38.0689483917,-12.5119444441,-889.4072431318659,339.8609924204997,2357.0002040785507
200428,-38.0931187927,-6.7867831044,-1082.9859364978822,484.9841094776403,2382.2581838044134
311774,3.81057130043,43.5727361374,-435.4622521560339,472.6727838532832,2379.7823489665807
200393,-38.1174806777,-4.34753832357,-799.3714431961257,305.92551632771375,2352.3466771285352
200791,-38.133055556,-12.3761111109,-866.6163467726337,328.5298566180721,2355.393031862575
200747,-38.1642497706,-8.52735803941,-862.5564949075255,326.6907767714999,2355.1372213705185
200796,-38.1649131536,-12.6270540486,-856.4042800672769,324.0121776560181,2354.7671560319245
312013,3.81779966003,43.6151687919,-344.41402230786144,557.3760995307383,2398.0434908869734
200410,-38.1988888894,-5.22667514231,-747.7977434100558,301.15278086165785,2351.7307382602266
200418,-38.2021702807,-6.10990198939,-766.7006433344482,301.56005440116445,2351.7829266893905
200745,-38.2448648302,-7.99799679161,-633.2621324867373,330.77503135663056,2355.7072375883768
310950,3.82663684076,44.1060608675,-365.6703729830007,536.9706376242317,2393.382947530097
200409,-38.2768598859,-5.49354198639,-959.552609939298,383.9718357164447,2363.7637019128497
200795,-38.2770585879,-12.5810921078,-953.5813788305097,379.74958154203074,2363.0815078068363
200416,-38.2854190556,-5.20999678393,-872.4437365691881,331.2667624746665,2355.7763339879552
200794,-38.289640406,-12.5261135483,-949.2552518830628,376.7391888751808,2362.5996030414485
200748,-38.301948408,-9.06465149587,-495.99685084437397,421.35844420512234,2370.123922152646
200790,-38.3190997264,-12.4226554737,-904.8899856758505,348.47383359688547,2358.2575093825085
200429,-38.3229549237,-7.43503603603,-1013.2144549209661,425.02235634858295,2370.778030785123
200765,-38.326111111,-10.2557862214,-767.4520325273945,301.608601960386,2351.7891522485133
200782,-38.3466666667,-11.7822222217,-975.4023080039383,395.5387399334459,2365.67017199047
310831,3.83496176345,44.5395149224,-508.9376194759407,411.087310161252,2368.319497963249
200394,-38.3605169118,-4.50210756036,-758.748964963787,301.1977378210005,2351.7364956826623
200425,-38.3805321455,-6.92247743562,-723.7469929600436,302.8968657374171,2351.9547145153188
311557,3.84004752287,43.9777222439,-320.4219307714195,580.7822867341093,2403.5915901919325
310944,3.84417401321,44.172364524,-291.79488948423716,609.168310987573,2410.607910666671
200415,-38.4439987947,-5.11874808438,-908.1070698068174,350.35040707731406,2358.535536216599
200427,-38.4480555561,-6.73527777813,-861.1973957622583,326.08772922774506,2355.0536458879637
310945,3.84840104656,44.1560801046,-232.56089850890626,669.2225876287908,2426.4796186347535
200793,-38.4974020191,-12.5097295889,-1065.237768018183,469.15743376985955,2379.0866242150164
200778,-38.5130555564,-11.0983333331,-864.942299183648,327.7647217442223,2355.2864328309097
200746,-38.5275682286,-8.17264849706,-832.314278599096,314.83678934646895,2353.522184255605
200764,-38.5974628114,-10.0024407545,-347.12375108595484,554.7566969686121,2397.4360180594613
311750,3.86044900956,43.6847621876,-309.2508839355561,591.8034535925476,2406.2784118928025
311752,3.86060633157,43.6973494737,-435.3204548144821,472.79847499389473,2379.807316951067
311775,3.86072560758,43.5514511366,-601.5467511748943,347.45937789298665,2358.1078192362334
200408,-38.6349154405,-5.89772933483,-921.5050194371806,358.47062447522836,2359.7554230192886
200789,-38.6436483002,-12.3061004051,-859.906289890424,325.5207650318414,2354.9752092801737
311751,3.86469472091,43.6637765179,-303.0610186526802,597.9416113997924,2407.7953896667927
310828,3.86472516191,44.4770259422,-270.86470329555414,630.2012231478075,2416.0087022844673
200391,-38.676757251,-4.42693828814,-798.1226867834303,305.6749576864689,2352.314104794236
200386,-38.6850468197,-3.76406233029,-867.7578512715219,329.0570255639398,2355.466619150072
410220,38.6986111111,-6.71500000046,-2008.2604000662204,1475.1568719837321,2759.715975389154
200798,-38.7350459148,-12.5270529063,-879.9496473725728,334.95660491131355,2356.2980276338126
200797,-38.7354724508,-12.522411222,-922.2653613389646,358.9457695201599,2359.827649069674
200788,-38.7606014709,-12.2356903152,-927.8191671644943,362.46146497636386,2360.364967849272
200389,-38.7771968753,-4.19333333281,-571.3394232449646,366.03126729647335,2360.91578767561
200787,-38.7936706137,-12.3309602991,-934.5887972377561,366.85158817338515,2361.0431075273946
200392,-38.8069444438,-4.3780555561,-903.129080140662,347.45905641568174,2358.1077718676383
200777,-38.8372222223,-11.0639461813,-742.0981107618848,301.33764617247675,2351.754418483795
200407,-38.8688562699,-6.4060916789,-879.5448861531925,334.75298923805826,2356.2690915218272
200786,-38.8807887059,-12.1347222219,-1092.5683783895897,493.6689019118152,2384.041411673065
200390,-38.91846734,-4.61894962803,-642.3319246724436,326.5962786063812,2355.1241150004853
311753,3.89326659628,43.6396990559,-374.2150205341231,528.8644736732206,2391.5773245644673
311767,3.8936085713,43.5725461824,-526.4394163879844,397.6600247447529,2366.02577397992
200387,-38.9433232,-3.9974259226,-844.5428298730767,319.2270973267796,2354.1135077826993
200405,-38.9559565361,-7.01416666721,-928.8320985291177,363.11111476931626,2360.464816413559
200742,-38.9638888887,-8.7652777781,-496.415579593163,421.0217877849035,2370.0640948393943
200406,-38.9642898698,-6.74955449831,-833.2475789284327,315.15190788886645,2353.564359201438
311754,3.89816211468,43.6106825855,-592.2842112866163,352.8947014148556,2358.91482214682
311778,3.8983560717,43.5404821917,-393.02567554115,511.2315997445724,2387.7399809097046
200404,-38.9845929945,-7.30179873701,-795.016769617069,305.0801820024051,2352.2368897090073
200388,-38.9853612835,-3.67055555556,-819.1907606499068,310.7645633287475,2352.9808927567155
200403,-39.0103937086,-7.68492559171,-833.1045636758327,315.10340370348666,2353.5578647831894
310948,3.901984257,44.1313218656,-443.3119468616226,465.7508284415934,2378.4171841902153
310953,3.90315471409,44.0473130496,-864.4023310875665,327.5199573440576,2355.2523835708002
200819,-39.0322222224,-13.030833333,-1032.6920884402314,441.1139993804947,2373.7156586892916
200818,-39.0479650127,-12.2312320799,-800.5580779752963,306.16966021450565,2352.3784407899057
311755,3.90650550537,43.5939978931,-807.4720438202993,307.7086635881229,2352.579241918212
310926,3.90703732542,44.2479006302,-262.9648260331844,638.1955963000331,2418.1063018391137
200824,-39.0802777784,-13.3649999997,-930.4286353829407,364.1402736554201,2360.6233513110737
310832,3.9104624047,44.5144383693,-382.4677040540121,521.0914402952759,2389.870447745293
200828,-39.1202777777,-13.5980616,-904.4705652626277,348.2313296030631,2358.2216873683437
200402,-39.1314601506,-7.21431807177,-893.3026934587394,341.961151783207,2357.3039467124686
200829,-39.1732663921,-13.7851383974,-885.3644598344492,337.73041114712396,2356.693933982707
200848,-39.2226202941,-14.6602770359,-1040.7687315224562,447.94550211948524,2374.9946611995492
200776,-39.2244444443,-10.9980555558,-720.4785210871191,303.3277714628127,2352.010247596272
200385,-39.2270646355,-3.61416666689,-456.59288916869485,454.207781993197,2376.183742280984
310951,3.92298707774,44.0819722225,-686.4262010620982,310.4988177414045,2352.9458097619017
200383,-39.2356960162,-4.10219427127,-881.6974819497982,335.8418436965281,2356.4240305672415
200384,-39.2441565329,-3.67401537384,-387.3668828315575,516.5041363533446,2388.8744192040313
200414,-39.2441992849,-5.42283768054,-824.7082540692857,312.3943146221166,2353.196692940372
200741,-39.2466666671,-8.62305555633,-542.6702834277523,385.72873114298346,2364.0497291483653
200740,-39.2735118434,-8.56936363289,-538.4779358261808,388.7597810910711,2364.5461795556585
200401,-39.2893804537,-6.37307500716,-787.5063859067254,303.81068489732866,2352.0725754353466
200413,-39.2925,-5.2011111112,-778.9788949763197,302.6616593386503,2351.9244349874225
200855,-39.293829386,-14.8145837926,-946.1708037431601,374.61839776120837,2362.2623503325062
200867,-39.2982156154,-15.5646949397,-798.9062010966621,305.8314031878946,2352.334439452256
311780,3.93154139044,43.6608939307,-174.22680096416477,729.7483927003851,2443.865214062772
200739,-39.3159536279,-8.55641475382,-620.0645897678887,337.33934109807876,2356.637922742857
200822,-39.3194444442,-13.1738888889,-915.1422936776546,354.55404287378354,2359.163630860612
200823,-39.3218018364,-13.2851523061,-946.8479515005732,375.08214237172274,2362.3359374533175
200846,-39.3230717195,-14.3141604222,-631.9524570329921,331.4012050646127,2355.795242922347
200845,-39.3266666668,-14.3133333331,-717.0106058455641,303.8351343419148,2352.075733627183
200854,-39.3311111111,-14.8474961823,-973.6924493224211,394.26670048497544,2365.4578201626405
200901,-39.353190725,-16.4232107197,-813.4217667360476,309.1905749153819,2352.773529151029
312007,3.93562917978,44.0692645615,-917.6327443048235,356.0742695659578,2359.392581429426
200847,-39.3807948562,-14.6722232138,-987.0307551600366,404.33711164022355,2367.1571489250223
200411,-39.3811111113,-5.59499999979,-703.5733251784649,306.2837603552836,2352.393294012431
200817,-39.389954085,-11.8058172997,-1076.816859593553,479.44367196835657,2381.136430876606
310952,3.93957966011,44.0743699789,-465.81917668048936,446.32066624079545,2374.6887385446767
200821,-39.4099640986,-13.1684833614,-753.3266897582992,301.1096693800152,2351.72521797327
200844,-39.4644667582,-14.3265292062,-1033.5480418949733,441.83375105935903,2373.849517436281
200851,-39.4675000004,-14.9354141216,-1161.2508064424132,558.3328571107311,2398.266050125948
200853,-39.4805555565,-14.8780555559,-1067.470634941565,471.12918830696606,2379.4762406739983
200825,-39.4810503205,-13.6851383372,-912.6643368878686,353.0579980653362,2358.939256923583
200827,-39.4888368232,-13.6059716226,-863.4157744945401,327.075327735052,2355.1905948076205
200398,-39.4896015122,-6.56844934633,-866.3173008367089,328.3924786926465,2355.3738743391
200820,-39.5057502286,-13.2266683122,-836.091714970532,316.1327280789119,2353.695895739273
200400,-39.5070591297,-6.62684974216,-876.5963066348882,333.2855605399846,2356.061063029083
200399,-39.5091666669,-6.55625349832,-809.8504580854974,308.2837020005121,2352.654523889222
200382,-39.5097222219,-3.30388888922,-843.7914994001021,318.9412237930928,2354.074759240224
200866,-39.5143849423,-15.6022303548,-667.9684869785963,316.34928019406146,2353.7249913565906
311558,3.95220241915,43.9441269761,-583.440840077973,358.3025921132521,2359.729903055085
200814,-39.5222222219,-12.5855555562,-844.6917876980583,319.284021502417,2354.1212276015094
200900,-39.5236111111,-15.9483333334,-559.9274470755497,373.6480445741492,2362.108661571556
200902,-39.534925621,-16.6151430586,-939.6031393091059,370.17536446588196,2361.5618281795482
200904,-39.5436111107,-17.0471983373,-793.7104697260188,304.8421809285176,2352.206033307996
200841,-39.5461111109,-14.2102805546,-495.108041852147,422.07397371492914,2370.2512329170495
310879,3.95978334378,44.3231846565,-371.2891575882067,531.6336643304542,2392.191217462916
310881,3.96034110983,44.3355750125,-390.3477772843553,513.7231838546484,2388.274686355621
200907,-39.6229650133,-17.2516369253,-741.6620989552604,301.35765176142183,2351.756981946145
200775,-39.6327777781,-10.9733333328,-921.5291169692423,358.48566020450403,2359.7577071448545
200397,-39.6386111106,-6.52055555637,-806.2163942326847,307.41445903917554,2352.540779132985
311786,3.96429168915,43.6264383378,4.571989882562821,920.935039533179,2507.601606096403
200909,-39.6450000001,-17.5102777777,-876.2190153749198,333.0998165898758,2356.034795088878
310949,3.96500327921,44.0813344915,-405.8403403646362,499.39924378151807,2385.234594866265
200381,-39.6522222217,-3.28416666659,-796.9611605563364,305.44777600306946,2352.2845941174937
200910,-39.6646093657,-17.7976593814,-820.1375650901487,311.0356389788667,2353.01670979453
200412,-39.6893731818,-5.04361902417,-894.0944907973474,342.3936247540847,2357.3667220289512
310927,3.96954441059,44.2517035125,-234.92326781040165,666.7978630090145,2425.8119997169338
200813,-39.6977777785,-12.4872222221,-937.4008431431096,368.708150504961,2361.3322866776016
200850,-39.7224999995,-15.1444444439,-1062.9286515208412,467.12443447562123,2378.6865504184134
200826,-39.7294444441,-13.489176036,-674.2168888460224,314.22048614166425,2353.4398190241423
310954,3.97302949788,44.0735258118,-710.136535563505,304.9924550191434,2352.2255133119966
311789,3.97341446291,43.931365662,-612.2889664698318,341.46358227156327,2357.2318184419223
200849,-39.7691666674,-15.1530555556,-1130.430211709263,528.8350199575905,2391.570811452345
200906,-39.7732515167,-17.2517999773,-977.8799362566012,397.3919912404505,2365.9807401074363
200816,-39.7859089998,-10.468447375,-929.1474764685861,363.3139094459134,2360.496020893523
310955,3.98105944554,44.0730827478,-497.3128513120653,420.3013336966332,2369.9362183325634
200738,-39.8240166199,-8.81385964612,-564.8089461025885,370.35222357383685,2361.589557345511
200852,-39.8270585882,-14.964171193,-1045.2027076213706,451.73316252584806,2375.711960230635
410221,39.8270884715,-3.11866951489,-573.4099192565891,364.6828949269813,2360.707114766592
200380,-39.8355555559,-3.36416666721,-729.6596743465954,302.23455126806556,2351.8695099510705
310827,3.98480157185,44.5980885082,-263.81101635527796,637.3378884892066,2417.8800739410467
200812,-39.8480555559,-12.5155555564,-801.9082703365046,306.4546072803361,2352.41554453728
312081,3.98523476389,43.6067723652,-669.5422510708192,315.7990604565533,2353.6511029552626
311559,3.98559560092,43.9146631677,-472.34381326789804,440.8120003962636,2373.6595559495545
200378,-39.8688990226,-3.02260269295,-836.9897301845447,316.4488035478178,2353.73836972679
310882,3.98826403914,44.3069903141,-353.26286320019466,548.8414122840487,2396.0741565517606
200919,-39.8944518827,-18.093924007,-712.2126799309494,304.62176220564334,2352.177477544276
200922,-39.9353906341,-18.4097718921,-801.4157754622532,306.34978946839004,2352.401891974373
310928,3.99444184165,44.2307387878,-455.95193129692314,454.75981848158983,2376.289325895037
200396,-39.9594444441,-6.64555555571,-781.8621780524181,303.01515014434466,2351.969950716693
310880,3.99682655384,44.3570148653,-368.9136101766394,533.8870358560937,2392.6930089153702
312389,3.99801986994,44.4637867931,-330.74172109692057,570.6687303813171,2401.167896606213
200905,-39.9812239669,-17.1853067488,-1057.408216526745,462.28968703148666,2377.7418326203865
310956,3.99929005905,44.039277341,-427.350002250526,479.8997308711305,2381.2283005935124
200370,-40.018460517,-4.36470154699,-838.9904683643331,317.163961284707,2353.8346259232167
200379,-40.0352176824,-3.74790427596,-818.923072618058,310.6885715231949,2352.9708575187256
200921,-40.0358928364,-18.2647222221,-986.1684179800222,403.67602575099676,2367.044317629774
200774,-40.0466666673,-11.1822222221,-873.8469969673444,331.9426567659346,2355.871472563414
201014,-40.0638888888,-19.4102061999,-650.3365147850442,323.14308797886673,2354.647728040396
311560,4.00646686764,43.8974913572,-468.7367657908649,443.8501604521765,2374.22564908871
200863,-40.06682415,-15.3897275582,-704.3362718339581,306.1243751293388,2352.3725472181504
200838,-40.0808333332,-13.864166667,-476.1981173442013,437.58571286341436,2373.0625200275413
200934,-40.0935949482,-18.6432266344,-805.0354201031089,307.14368753781383,2352.50541182196
200839,-40.1059895292,-13.6851460712,-810.1317879576761,308.35325344331125,2352.6636386798596
200772,-40.1127777778,-10.8450000002,-895.7760545374222,343.31828193550683,2357.50120054443
200920,-40.1141666669,-18.0890603365,-982.8066391070622,401.1118153488823,2366.60836562997
410222,40.123453225,-2.26440448121,-905.9357049573196,349.0806240676803,2358.34724965531
200371,-40.1263888889,-4.09694444384,-690.6666346783891,309.34485633949123,2352.7938090706084
200903,-40.1565091834,-16.8395662522,-658.6585108646477,319.7943842573761,2354.190501225387
311561,4.01594262943,43.8804703308,-479.6769945514017,434.6919165054962,2372.530617322462
200395,-40.1602584557,-6.32656420232,-617.8989648431339,338.4693240446217,2356.7999387254968
200376,-40.1855422798,-3.82305828718,-913.3357180959495,353.4616956062592,2358.9997113433765
200810,-40.2144667582,-12.7605424997,-771.9806844422948,301.9533877821246,2351.8333946626376
200908,-40.2188219476,-17.3767918786,-867.9258220348469,329.13496822971723,2355.477508949907
310930,4.02276118899,44.1568271827,-430.4422986087032,477.1363052908597,2380.6729136283916
200865,-40.2351872349,-15.2431887971,-973.5294210350327,394.14571426579596,2365.437657587149
310883,4.02762154139,44.3024373027,-408.9223349170541,496.5766635329047,2384.6452253160746
200899,-40.3063740128,-16.1350272419,-730.5616276045653,302.146838478331,2351.858239745698
200369,-40.3149164935,-4.19515119696,-818.7025960314429,310.6261972835258,2352.9626223754826
200928,-40.3361111113,-18.5638888888,-725.895488300866,302.63870296586117,2351.921480915156
200935,-40.3377703404,-18.8476793663,-724.752006449449,302.7736218074229,2351.9388457014925
200375,-40.3413888887,-3.68888888907,-661.4871336659317,318.71358274845437,2354.043928155471
311562,4.03557777105,43.8898484376,-521.7310242248337,401.2172183800288,2366.626232462974
200864,-40.3641666666,-14.9808307224,-738.9921211489302,301.49831312955183,2351.775010641377
200372,-40.369073027,-3.99873457071,-911.5299675265496,352.37870038014427,2358.8376833387415
200771,-40.3799999999,-10.8016666666,-701.9021695577338,306.6413571016521,2352.439880154735
200373,-40.381505939,-3.90813263221,-782.4643010563235,303.09349569019423,2351.9800456183684
200917,-40.3832427912,-17.8396133579,-846.9619365847898,320.1616447884786,2354.2404181924467
200811,-40.4021329677,-12.1766216414,-817.3725070581544,310.2540349194748,2352.9135203064934
200368,-40.43,-4.14416666674,-1008.0000235303112,420.8122570530515,2370.0268824516247
200933,-40.441801836,-18.6978376149,-768.7931303958605,301.7013801994685,2351.801052527944
200773,-40.4702777784,-11.205962421,-706.4865248320303,305.6882706876984,2352.315834809033
201021,-40.489413405,-20.4225285586,-840.9898262245372,317.89364974731416,2353.9330577582173
200737,-40.4954203865,-9.4058769001,-466.69508883085354,445.5777621603666,2374.5492224818427
310929,4.05245654445,44.1683954847,-530.177245598968,394.86612866469375,2365.557804709901
201018,-40.5277777781,-20.0977181157,-426.36165285688895,480.7851634270236,2381.406903750141
201013,-40.5401636342,-19.0436878105,-621.3806334448791,336.6597983887639,2356.5407460318706
200366,-40.5484737938,-4.37861111114,-902.6453707643075,347.18185171435164,2358.0669426496543
201016,-40.5522222222,-19.9524999997,-598.6474031159119,349.1349028347768,2358.355284564803
310815,4.05577242972,44.6818850601,-334.92354336703505,566.5898350571273,2400.201764237195
200367,-40.5649329122,-4.34537983239,-947.787851947646,375.72755858737946,2362.4384999697486
200365,-40.5724999998,-3.00277777831,-722.4414199547363,303.0634722831896,2351.9761767691493
310931,4.05728491585,44.1523688803,-564.3807396684778,370.6391054503877,2361.6345640988457
310884,4.05916444,44.3030412318,-483.88809360088015,431.212707739664,2371.8956273777003
200815,-40.5947222217,-11.5530555558,-879.3481218069883,334.6541957187846,2356.255058046448
200374,-40.6017002113,-3.89358351101,-820.7881990291265,311.2239900454261,2353.0416145570134
201017,-40.6021391183,-19.931175515,-560.2376233345008,373.4369796144415,2362.0752836437787
201010,-40.62277034,-19.5270474915,-472.33114405842616,440.82263982954504,2373.6615318203167
201011,-40.6324776858,-19.5314404539,-455.25924782720693,455.3569932347744,2376.4036818573345
200862,-40.635389346,-15.2515176688,-720.2033713777553,303.36614311939746,2352.0151965173227
310932,4.06489769948,44.14828659,-749.2839609612745,301.12800311792563,2351.7275654546106
201019,-40.6505258043,-20.3146400037,-498.0254932457004,419.730051796008,2369.8349698318575
201020,-40.6763888894,-20.4108333327,-462.08036804236457,449.5033014511699,2375.2889689199465
200916,-40.6775297515,-17.3186378628,-718.2553918029886,303.6470926724182,2352.0514502760548
311564,4.06844698977,43.8148267584,-489.8236297105665,426.35393957251375,2371.017112896127
200362,-40.6847222221,-3.46472222153,-794.3334966239356,304.95479358001734,2352.220630379879
201012,-40.6863888893,-19.4227777779,-573.8711886739754,364.38394075370655,2360.6609506950554
200736,-40.6984151503,-10.0102777781,-761.5642213187202,301.2943390887994,2351.7488698039674
310885,4.07292280514,44.2945037291,-410.0887087327219,495.51088136182807,2384.4235155284928
311563,4.07326867217,43.8729500082,-504.596484756766,414.501716196682,2368.914549026046
201009,-40.7353521573,-19.5598277572,-662.3685915458996,318.3828227659634,2353.999169432671
200898,-40.7391666666,-16.1199999996,-764.6072414360888,301.4378179209272,2351.767255901445
200915,-40.7620870515,-17.7060802429,-933.8093106712221,366.34034364309144,2360.963725947059
311565,4.07673917946,43.797385492,-573.782380390699,364.4414575172586,2360.6698294794605
200926,-40.7812909081,-18.3225268929,-871.2250286462343,330.6850266602598,2355.6946013256
200364,-40.8188756132,-3.12083333307,-711.1001736262843,304.8181298421069,2352.2029164461387
201024,-40.8225533525,-20.7853545746,-615.6086052460507,339.6801632515063,2356.9741367193346
201022,-40.828055556,-20.548016504,-499.3862552572259,418.64150094773134,2369.642414832468
200363,-40.8486111107,-3.32805555622,-845.9751898025631,319.77785356703845,2354.188255745327
201008,-40.851974196,-19.7772767212,-536.7200556252321,390.041440005669,2364.7572375994496
200927,-40.8830555555,-18.1230555564,-878.9554612520535,334.4574147892299,2356.22711769574
200931,-40.8849392087,-18.6933393075,-737.8188684586323,301.5699866697107,2351.7842002865086
200932,-40.8925000003,-18.7530555565,-606.6813819361246,344.55124771072747,2357.681070492
201007,-40.8941666675,-19.4716666669,-607.1130264983299,344.3102684551582,2357.645865863011
311567,4.08954830852,43.7563263466,-666.4393976330197,316.89286319257457,2353.798112540596
311793,4.08963538052,43.7683624426,-576.4032214502558,362.75232404290364,2360.4096501361387
200837,-40.8979575748,-13.87694183,-877.711381899197,333.8372134753109,2356.13916247709
200861,-40.9313516995,-15.3372311989,-460.0774821992015,451.215858447035,2375.613650990282
201023,-40.9438145096,-20.8851534909,-550.4702399016218,380.1877465267085,2363.151960934027
201037,-40.9562747446,-20.9599563901,-694.0718302175085,308.4708629980007,2352.6790561349444
200809,-40.961388889,-12.9927777779,-655.0502713020755,321.2155959416623,2354.3839803510045
310935,4.09788321521,44.0946859986,-390.6526151646266,513.4392334664117,2388.213624096442
200836,-40.9811495876,-13.8308333332,-675.5333292053485,313.7911209857446,2353.382530628366
200835,-40.9824999998,-14.0313888888,-729.8699518945364,302.213786416005,2351.866841587164
200345,-40.9939950957,-4.44647054976,-720.2670262263222,303.3572370757892,2352.014047820195
200895,-41.0136111113,-16.4275000001,-590.283700423271,354.09972505594305,2359.0953950915114
201006,-41.0141666674,-19.5236111112,-675.9762244378094,313.6481781082928,2353.3634754299924
310936,4.1026424426,44.0769044041,-570.4991697287722,366.581462609266,2361.0011513309414
200897,-41.0280555555,-16.6222222222,-726.3603668911442,302.585468460063,2351.9146314397717
201005,-41.058055556,-19.9011111115,-628.881089487475,332.8917690840473,2356.0053900153093
200803,-41.0600682292,-12.0301344312,-722.1807292492321,303.0976190562998,2351.9805769892914
201004,-41.0604103722,-20.064375948,-526.7038143412362,397.4615145999206,2365.992418298365
200808,-41.0644444435,-12.9361111112,-871.6637745023571,330.8938909729583,2355.723930120104
312792,4.10654291192,46.0109713661,-657.0413760378199,320.42547728807006,2354.276312235369
201039,-41.0872147844,-21.0142563966,-869.294236773537,329.7734752438349,2355.5668134934485
201036,-41.0981460983,-20.85,-672.5007379024022,314.7902693235164,2353.5159616025667
200929,-41.0991666674,-18.6636526041,-608.2761515565605,343.66364394078585,2357.551519696641
310971,4.11052590925,44.027256487,-677.7425533519659,313.08569184591664,2353.2885752274237
200925,-41.1142187317,-18.0435043168,-768.5682504523863,301.68527478691226,2351.798986495346
200346,-41.1144475857,-4.61005332929,-797.9654088754838,305.6438641409585,2352.3100644992146
201003,-41.1221701573,-20.0776347381,-636.7741079414174,329.1240401145271,2355.475981970224
200914,-41.1225446273,-17.7372266824,-775.880173484104,302.3218296394564,2351.8807275314434
200834,-41.1380555556,-14.6104170017,-630.9690950526691,331.87507876458704,2355.8619517625143
310886,4.11444236358,44.2861892284,-551.0483436744316,379.78228196795266,2363.086763018672
200804,-41.1601202945,-12.2602941433,-910.2177512837513,351.5973010933993,2358.7210793125673
201002,-41.1605258045,-19.4937171498,-631.5487941642382,331.59534217481803,2355.8225609772303
200805,-41.1702852163,-12.3728269806,-650.78732625378,322.95531144228835,2354.621965633988
201035,-41.1734685026,-20.7557847262,-652.581805635692,322.21503829730204,2354.5205454109364
201034,-41.1764632678,-20.7023658138,-802.1296303742645,306.50204852985246,2352.4217252887033
201162,-41.1815153332,-21.7228228842,-692.2678432514043,308.92800967686753,2352.739038444382
310934,4.11841747591,44.0854812628,-621.9314296982477,336.3770064911274,2356.5003624767837
201038,-41.1891802539,-20.9185425627,-541.9312719600129,386.26039256399883,2364.1365355497082
201033,-41.1975831036,-20.6059768388,-577.9870721493306,361.73987794263144,2360.2542674786614
200806,-41.2058333332,-12.5008333332,-737.6270042284497,301.58228007108687,2351.7857767046207
200860,-41.2352405887,-15.5141629645,-693.8236832285934,308.53295867658323,2352.687198598022
200912,-41.239351501,-17.4892638309,-587.6905338055192,355.6778037773769,2359.332780248937
310937,4.12403766937,44.0351359146,-727.6288624805795,302.4449678527433,2351.8965594678543
200992,-41.2437343144,-19.339530379,-602.6197861550104,346.84534595246544,2358.0174218750312
200923,-41.2486111108,-18.1936111112,-611.6932612961893,341.78714101474066,2357.278710212331
200991,-41.251782598,-19.3165256381,-569.1315193712084,367.4806661114205,2361.140933494436
200361,-41.2550000003,-3.07861111058,-789.2150936170176,304.078426756887,2352.1071738924284
201031,-41.2642795231,-20.7562927642,-834.6058415257999,315.61646737947297,2353.626610645448
310887,4.12698142661,44.2941280081,-362.9666553168929,539.5475059107197,2393.9624013321013
201032,-41.2725459148,-20.426675581,-598.5842786807846,349.1716468742485,2358.360724494486
201160,-41.2727318628,-21.7643483856,-609.2575948564005,343.1211302055888,2357.472497793101
201159,-41.2855118828,-21.756303935,-535.548528714295,390.89906283502637,2364.8988445983446
201161,-41.2882130391,-21.7525539187,-566.6061719842521,369.1528819509823,2361.40176973551
200833,-41.2896701572,-14.0970854433,-692.8237798603602,308.78571705766785,2352.7203588433754
200335,-41.2937952485,-7.54759111434,-875.4116191557528,332.7038801383861,2355.978849590212
201157,-41.3002777781,-21.7533333327,-653.4190635515201,321.8735887979791,2354.473842501329
201046,-41.3103224049,-21.2227674298,-769.4182401232471,301.7473087174324,2351.80694492033
200800,-41.3222222219,-12.8405555563,-427.21228430581675,480.02304484981033,2381.2531556817235
200807,-41.3276054183,-12.7558224263,-840.7370142662608,317.8005572081422,2353.9204876161575
200802,-41.3311706136,-12.4897098403,-606.336289776732,344.74429916149677,2357.7092907442247
310933,4.1340475662,44.1293492754,-352.2108632933672,549.8531411432917,2396.306104128274
310938,4.13549528732,44.0316704823,-322.37464939441656,578.8634876108456,2403.128670118659
312680,4.13579894834,45.9693376227,-870.7658378034292,330.4671129653335,2355.664021164505
201045,-41.359933059,-21.0648560808,-475.43460564893576,438.2231454626216,2373.180143410196
200734,-41.3807589537,-11.3579148346,-730.4688194923277,302.15570072637115,2351.85937830873
200799,-41.3939781438,-12.9976322103,-432.51851198231526,475.28681044222026,2380.302926107856
311795,4.14024181371,43.5646757107,-677.2856974061115,313.23001160376805,2353.307780131315
201025,-41.4100818161,-20.3720612894,-582.6954243111136,358.7678731768202,2359.800596381207
200999,-41.4354724512,-19.8192309467,-906.637551914394,349.4896078608566,2358.4078217857095
201000,-41.4355034902,-19.8088009568,-767.3162130549605,301.59964393682714,2351.788003430603
310939,4.14381426001,44.0220016295,-832.1618672439029,314.78564687384346,2353.515343339632
200832,-41.4452777781,-14.0147222224,-709.6012773865305,305.09098027051385,2352.2382902460595
200336,-41.4515831596,-7.07277777806,-764.4346026790018,301.42859305252165,2351.766073521537
200859,-41.4521316796,-15.4933345398,-569.7139025479544,367.0972062311393,2361.0812833699715
201001,-41.456344262,-19.593505842,-610.540413386221,342.4163365103959,2357.370020884817
201044,-41.4603534453,-21.2061111115,-697.4976493938934,307.6393603216323,2352.5701783106033
201030,-41.4661111108,-20.7469444445,-433.77153219628013,474.1729427876653,2380.0807649172743
201158,-41.481082647,-21.6814336848,-652.2733819953231,322.34145275006176,2354.53784849985
311568,4.14832168238,43.7267810611,-480.4006081153627,434.09220831701936,2372.4208128362957
310890,4.14848035639,44.2277722386,-1025.7279529774896,435.2964927631737,2372.6414614242085
200911,-41.4895349867,-17.5940595816,-590.8965032512956,353.72944531021074,2359.0398445843916
200894,-41.4986111115,-16.6894444437,-643.1223636989614,326.24535437503204,2355.0754763082587
201027,-41.5027777778,-20.4302777783,-489.9933803744619,426.21577616714353,2370.9922723853497
200893,-41.5030555558,-16.5683333327,-616.2588382830869,339.33476764952906,2356.924384105914
201028,-41.5113888885,-20.5283333334,-683.6592716479649,311.2906605095317,2353.050433623925
200990,-41.5352644815,-19.0682203596,-933.7877077694679,366.3261959421857,2360.961530751985
201026,-41.5353447185,-20.3522222218,-566.2693348863792,369.3770794181689,2361.4368284281454
200989,-41.5369444436,-19.0694444437,-868.1373275380895,329.2332470200397,2355.491243626399
312714,4.15530619896,45.9773323053,-637.2233320163972,328.9158369795243,2355.4468993533314
200735,-41.5682812682,-10.9015257229,-772.7488789989659,302.0207409905294,2351.842043132521
200830,-41.6061111114,-13.2186111106,-568.2186764435987,368.08335885236033,2361.234809780958
310816,4.1606238524,44.6309059819,-327.7650390435633,573.5790339795004,2401.8612316447716
200831,-41.6062834714,-13.6518015544,-614.0004671666186,340.5399314124514,2357.0981975182276
201156,-41.6183779614,-21.4892242699,-650.1645806673484,323.21489396109416,2354.6575835003196
200982,-41.6387210181,-18.9726657077,-722.3842541516858,303.07093514186306,2351.977138406121
200801,-41.6394444441,-12.4427777784,-584.7937830209628,357.46180163718947,2359.6023833449117
201043,-41.6562152405,-21.0357294724,-764.6640420337542,301.4408815513116,2351.767648584297
201029,-41.6655555563,-20.5405555564,-513.8779985091415,407.2411917498293,2367.6549275844873
201042,-41.6816666666,-20.7736111107,-578.969670838135,361.11496027208545,2360.1585714501457
312724,4.16878755307,45.9761847262,-740.1917234125273,301.4312548497521,2351.766414688665
200998,-41.7061111106,-19.798888889,-646.8673194456073,324.6121730672801,2354.8497894262264
200358,-41.7187515707,-3.93525601946,-953.8896309164752,379.9656579393714,2363.1162411253877
200997,-41.7267646473,-20.1066833745,-492.9883665368456,423.78547486864835,2370.5566005828523
200980,-41.735121956,-18.239166667,-748.7638841378334,301.1355708839413,2351.7285344845563
200347,-41.7353916861,-5.222904585,-723.1415305105478,302.9732164094654,2351.9645485675965
201163,-41.7441579408,-22.0891799215,-794.1321524182009,304.91822092027746,2352.2158891790673
201147,-41.747222222,-21.6444444437,-611.1143008760649,342.1026257178186,2357.324473715977
201148,-41.7522222224,-21.6435445596,-543.262105071906,385.3037836838202,2363.980430032861
200337,-41.7680188698,-7.18944444371,-896.7778940099971,343.87315889386275,2357.5820701016805
200995,-41.7852777782,-19.7430555564,-695.0109134299216,308.2381470008747,2352.6485549532927
200981,-41.8060145019,-18.4597279662,-861.1071672261385,326.0479194669555,2355.0481340401543
311569,4.18161838113,43.6679637002,-627.2424888491308,333.69956308898884,2356.119662976196
200996,-41.8355109283,-19.6808790553,-684.2322159761588,311.1241893004608,2353.0284165358376
201041,-41.843829386,-20.6855649314,-556.6916495539255,375.8630134623711,2362.4600468042413
311794,4.18569616847,43.6390528119,-598.5999497566846,349.16252386621227,2358.3593737871897
201146,-41.8600371894,-21.6437333087,-643.0025661124021,326.2984013510084,2355.082825418568
200334,-41.8652777778,-7.46805555576,-969.6528176704797,391.2842536392262,2364.962544101553
201155,-41.8893403138,-21.2076440496,-714.1389600720333,304.2941729727903,2352.1350751099476
200892,-41.9103919215,-16.7858060967,-962.5538119652026,386.1226523695771,2364.114035009775
200357,-41.9116198456,-4.03513861972,-698.9046678361794,307.3118295499219,2352.5273703909593
200979,-41.9177777781,-18.5725972416,-835.0860459272424,315.78239380440147,2353.6488667798603
201040,-41.9188070722,-20.693486307,-450.78972769468766,459.22478816549767,2377.1478443552746
201139,-41.9353385676,-21.768534717,-710.212912297454,304.9784949754888,2352.223703276284
310888,4.19361426313,44.269140325,-653.1660876636046,321.9764918204275,2354.4879122947887
200975,-41.951911826,-18.8830555562,-540.1824259391217,387.523068105276,2364.343163792221
201145,-41.952710837,-21.7277777776,-774.8992444672133,302.22292719116166,2351.868016189955
200348,-41.9603480067,-5.80193682091,-887.9423231217042,339.08315154044084,2356.8881711943573
200994,-41.9611111107,-20.173055556,-503.4767393987469,415.38760062330397,2369.0697175492464
200359,-41.976877357,-3.72358631995,-969.5881657687568,391.2367848555335,2364.9546908305406
200858,-41.9777777781,-15.5580555561,-628.7657909291158,332.9483241168668,2356.013381623609
201144,-41.9861111108,-21.7347222222,-814.693969805495,309.5261476586805,2352.8176520805227
200891,-42.0027777782,-16.7608333327,-744.9685230105965,301.2267382207203,2351.740210073463
201153,-42.0238888889,-20.7399999999,-507.9187157332144,411.885811490232,2368.4582304875566
201154,-42.0396465552,-20.9652086375,-569.3517222481375,367.33558096923053,2361.1183572416026
312791,4.20608562316,46.0600965112,-715.4360073201798,304.08248318228766,2352.1076983071134
200978,-42.0687463646,-18.251703214,-828.026550869808,313.4322320944446,2353.3347046208683
200890,-42.0767459083,-16.8512390691,-875.8385381926047,332.91297172839415,2356.008385936331
200973,-42.0806980796,-18.9350098795,-737.5754379270288,301.5856115309666,2351.78620391816
201115,-42.0809685026,-21.6643669764,-725.2020844592374,302.7198429999659,2351.9319231651257
200974,-42.0809758576,-18.9352876566,-809.5226761509596,308.2030749417005,2352.643960156488
200988,-42.1017319044,-19.3727652358,-636.8309843503666,329.0976419047548,2355.4722935675877
200349,-42.1021083144,-5.71388888862,-905.3567062211976,348.7442717049109,2358.297486515277
200888,-42.1058284707,-17.0268851787,-860.0196549565139,325.5703155549161,2354.982059003382
200338,-42.1061111107,-6.97333333283,-828.1155377188561,313.460658062089,2353.33849074246
310889,4.21084376855,44.2522375006,-406.97777815091354,498.35647252729603,2385.016486644721
200986,-42.1101678711,-19.6358110355,-635.7807465114603,329.58684334007336,2355.5406927412987
200889,-42.1145573014,-16.9728952032,-792.7942780708208,304.6795626194142,2352.1849637592786
200987,-42.1222222221,-19.5497222224,-674.9692365584383,313.9742816441703,2353.406959578231
200984,-42.1319444439,-19.8736111112,-463.83541756082826,448.00700592512766,2375.0062621423294
201138,-42.1350148751,-22.022836993,-649.197535159274,323.6207206647277,2354.713324101437
200887,-42.1352777781,-17.5727777778,-526.8676572605909,397.33856819818914,2365.9717677172457
200983,-42.1352777781,-19.9127777784,-599.5241840257654,348.6257004698203,2358.279955154891
200985,-42.1398574755,-19.7900034433,-498.40021224787887,419.42999229793935,2369.781843608464
200703,-42.1402777776,-13.4155555559,-526.0468691860378,397.9549951558993,2366.075367782441
311805,4.2150374519,43.6025202638,-185.36213755048698,718.1048281968817,2440.413696924551
200857,-42.1728000912,-15.701647326,-566.3814565023717,369.30242171712797,2361.4251515860965
201128,-42.1805555559,-21.5422222223,-570.473801914347,366.5981001285286,2361.003734616938
200355,-42.181700211,-4.3732145037,-888.0655516751428,339.148329698016,2356.8975491934807
312442,4.2186858832,44.4056930093,-639.1503608010088,328.03044032570756,2355.3234252725374
311556,4.21875739121,43.689175036,-944.5141865367289,373.4882789571928,2362.083394458309
310960,4.21882109421,43.9890261628,-381.7508759439688,521.7643543096696,2390.0172612944593
200350,-42.2136111106,-5.66427687052,-823.5623410847061,312.04592424283913,2353.1504683495805
201137,-42.2138888886,-22.0097222219,-530.5807991785136,394.5661033299097,2365.507742061782
201152,-42.2149851247,-21.151821858,-545.7667992108928,383.5134861486372,2363.689290476894
201142,-42.2222222223,-21.9224068057,-554.209004199304,377.57848133659434,2362.7335815588117
200356,-42.2270115317,-3.90565157101,-947.7747355825064,375.71853800692884,2362.4370653330316
200339,-42.2452777782,-8.35583333322,-960.114847466796,384.37332199158993,2363.828952888963
201143,-42.2480034905,-21.9772457343,-608.7499999510615,343.4013581204102,2357.5133001992212
200877,-42.2654203859,-16.4105332117,-850.544439814618,321.584845461684,2354.434386575234
300070,-4.22709251961,43.0184943475,-504.71600436332494,414.40728290215304,2368.898027349347
201150,-42.3018390269,-20.7737071047,-524.3407654984903,399.24040349205455,2366.29190245789
200731,-42.3055555562,-11.3233333328,-735.3657273030014,301.7392833540021,2351.805915243915
200878,-42.3063219483,-16.6267148916,-506.3909638903147,413.0864242359353,2368.6673176588797
200949,-42.327338154,-20.2761008575,-630.7279180929526,331.99178464155165,2355.878395190797
201134,-42.3306237843,-22.1392269887,-470.47174841966404,442.38656243326756,2373.9524718239
201166,-42.3366815418,-22.4100571091,-402.8863952882041,502.11313480233235,2385.8042811593555
200886,-42.3433420594,-16.8604119609,-711.9263072100235,304.67180841227866,2352.183959365953
201114,-42.3434908174,-21.6561891787,-658.3503717359891,319.91389926685326,2354.2067391801857
200732,-42.3438888894,-10.9844444437,-796.6089236783691,305.3800031957421,2352.275794673982
200733,-42.3450000005,-10.9800000003,-829.6950789374009,313.97034762114856,2353.406434732987
201151,-42.3481609728,-20.9101076,-560.3985211026844,373.32758106936586,2362.0579905337604
200953,-42.3486111108,-20.0012760598,-679.7790389731836,312.45230276785185,2353.204391752279
201141,-42.3563145104,-21.9557672975,-640.8821657043139,327.2454979204373,2355.214233093558
200972,-42.3608007148,-18.9516666669,-555.3110800654599,376.8152594444485,2362.6117344175427
200354,-42.3696988115,-3.45192160047,-610.7159912504943,342.3202538134394,2357.3560664499073
201136,-42.3727182748,-22.1935148092,-433.6975230724902,474.23868399043147,2380.0938631176414
200964,-42.3729057598,-19.3310770933,-565.6512223507904,369.7891943433251,2361.5013267221275
201165,-42.3794444443,-22.3691666667,-351.60191148228387,550.4391469327077,2396.440636096227
201113,-42.3852244638,-21.6313090386,-645.4840470751875,325.20973513638506,2354.9322367500854
201167,-42.3928757585,-22.5436922171,-684.833069060964,310.951012723627,2353.0055248917565
312343,4.23954029593,44.4853186339,-530.0615901476987,394.95217218107047,2365.572168877506
200963,-42.3972028998,-19.3308801643,-621.6888144663837,336.50145332358306,2356.5181297724334
201133,-42.4142572092,-22.1561353031,-333.6352439215406,567.8452087936306,2400.4984167891394
200267,-42.4195537937,-5.97292997106,-799.9603524011541,306.0459453252307,2352.362342095132
200970,-42.4229263279,-19.1897492326,-619.946584029394,337.400538375744,2356.646683564069
200360,-42.4243906321,-3.35606502954,-690.6089566141712,309.3600657914875,2352.7958088546056
311555,4.24318431723,43.6229351125,-17.153739559179556,897.3642651955706,2499.041234615241
200342,-42.435479042,-5.85805555555,-840.4706084116206,317.7027173065786,2353.907280340767
200950,-42.4398514503,-20.1015061741,-816.12997944827,309.9127871300645,2352.8685478547263
200955,-42.4455555558,-19.7104399797,-732.5223654315705,301.9683614954856,2351.835317194116
200856,-42.4509090003,-15.6684729453,-623.9614782635188,335.3430001930266,2356.352986213174
200977,-42.4563562697,-18.2018086419,-597.7929865974756,349.6331999944306,2358.4291048059144
200952,-42.4566413197,-20.0973596657,-845.4144029787209,319.5613275982181,2354.158854018483
201164,-42.460090542,-22.37287288,-343.03420344647145,558.7118811320756,2398.354317855355
200954,-42.4763888894,-19.7769444442,-599.9313100818925,348.3899953096617,2358.2451222655263
200951,-42.4780555555,-20.2988888894,-634.6983739079835,330.0948771975344,2355.6118304613215
312727,4.24794999162,46.0021062534,-603.8971192182695,346.11872058543787,2357.9106506814423
200875,-42.4852703401,-16.6773769007,-480.1630936792106,434.2889683786614,2372.4568227710033
311803,4.25122932589,43.6880546009,-423.5367655859915,483.32168464942384,2381.920300662816
201149,-42.5138888895,-21.0471886513,-523.9786947957778,399.51390095971425,2366.338062263575
201140,-42.5148276395,-22.0481528331,-616.1440607352569,339.3956418796599,2356.9331491546777
311554,4.25161671293,43.6698973394,-9.757008750887461,905.3806689023492,2501.930978959921
201135,-42.5189719929,-22.2268116709,-418.63005716464534,487.74757535382855,2382.8223108576144
312713,4.25197673396,45.997678976,-632.7521431835879,331.01819056674043,2355.741392925667
201126,-42.5358333333,-21.4397222218,-692.3745295910193,308.90060569779143,2352.735440302999
201112,-42.5397222216,-21.7674999999,-768.3577718381915,301.6704007859935,2351.797078526901
200340,-42.5479081033,-7.23290517031,-829.5235163086224,313.91451882512433,2353.398987206906
201132,-42.5726818713,-22.2188545413,-443.10185600595844,465.93515123469587,2378.4532858589805
200876,-42.5817200201,-16.1933333327,-570.2996826659955,366.712338742783,2361.021475388033
200885,-42.5969444443,-17.2197222216,-671.3637615066096,315.1739961666611,2353.567317014099
200976,-42.6017319037,-18.3560046836,-675.1386849260757,313.9191322361231,2353.39960258371
201130,-42.6268762158,-22.3481178799,-350.1803997898854,551.8081302083265,2396.755448605738
200961,-42.6336304334,-19.5267137895,-467.56062557724727,444.84467914333385,2374.4117706117063
201111,-42.6395126729,-21.8732521217,-623.4129925068221,335.6210852120088,2356.392577796868
310892,4.26421238397,44.2267591535,-518.135126414297,403.9616923946766,2367.0930519900676
310891,4.26421831197,44.1771876354,-491.9089726301123,424.6597405187854,2370.7130495010915
200947,-42.6474746525,-20.2270926255,-702.5846413725698,306.49391569584054,2352.420665658218
200962,-42.6550000001,-19.5266979675,-402.3058666342038,502.6474621663473,2385.916792153396
201131,-42.6603236926,-22.2775123281,-423.7076886920913,483.16796731289094,2381.889114231507
200946,-42.6739468547,-20.6977652924,-612.1004119774896,341.5658806870573,2357.246639345745
200948,-42.6744444438,-19.9944444442,-629.9725982559057,332.3585169093339,2355.930103296669
201110,-42.6763219479,-22.0481052861,-537.2980609569299,389.6193282526366,2364.687651425726
200883,-42.6767497709,-17.6430038156,-508.6569302707738,411.30710423749287,2368.357659192022
310969,4.26924360738,43.9517527127,-943.2556512650165,372.63394312054805,2361.94845909534
201125,-42.6963888886,-21.3894444436,-536.8019455067882,389.98159552362324,2364.7473676281857
200341,-42.6977777777,-6.62500000001,-821.0457457839593,311.2990120895002,2353.0515384889427
200351,-42.6986243868,-5.2023490243,-804.6996261204627,307.06775020661973,2352.4954986299626
200352,-42.7144077591,-5.20573708158,-766.0154435143039,301.517934675249,2351.777526210358
200971,-42.7145947801,-18.8937364431,-488.9389947574407,427.0746817144526,2371.1468220291176
312790,4.27361339175,46.0687943139,-559.7026326127419,373.8011617868766,2362.1328871192873
201168,-42.7363888889,-22.5855653166,-645.4084186811136,325.2425985698669,2354.9367753257757
200672,-42.7522222222,-14.8563888891,-947.4001156703966,375.46106311650584,2362.3961305788366
200704,-42.7604663009,-12.2471011552,-1029.7227274409943,438.6250953071631,2373.254398940514
201123,-42.8064173527,-21.4605260015,-586.6075225176021,356.3421903391066,2359.4330303004904
200344,-42.8111111111,-5.13499999973,-601.0766393975989,347.7294315102082,2358.1476258698676
200884,-42.8186159737,-17.2824999998,-488.42107374837116,427.4972088689348,2371.2229611422063
201120,-42.822724424,-21.296996874,-575.1043977604174,363.58727556325204,2360.538111280729
201124,-42.8297222216,-21.4727237375,-541.3357469550318,386.6896533829408,2364.206707521722
200304,-42.8313429737,-2.74745387818,-722.9937058365642,302.99209758100983,2351.9669808596
200882,-42.8394444444,-18.0897222216,-414.14966068583885,491.810672048231,2383.657317023111
310968,4.28495219668,43.9439809741,-806.1961931355168,307.4097789503186,2352.5401675745234
310893,4.28506589969,44.2439350649,-426.3662834349525,480.7810125699692,2381.406065731984
310817,4.28541963272,44.6724801864,-310.6091339075766,590.4594907462273,2405.948228468264
201119,-42.8603757581,-21.3101517061,-566.9847104003759,368.90125090389535,2361.362445872243
312711,4.28617470879,46.0273608695,-425.7279154841898,481.3534644705832,2381.5217037883817
311984,4.28693368885,44.4151528441,-931.2652138045407,364.68207853599426,2360.7069886503527
200676,-42.8866666673,-14.7687486468,-796.3489110702328,305.33030998446867,2352.2693438576484
201088,-42.8979737392,-22.2017385588,-399.87424257499526,504.8890108234129,2386.3900312202795
200942,-42.9027777776,-20.3838888894,-533.0285288520288,392.7531538920027,2365.206018035088
312710,4.29033237613,45.997156295,-496.6176768761386,420.8594030111116,2370.0352539487994
200874,-42.9166666668,-16.5928878438,-523.6050192893529,399.79642275586696,2366.385777405212
200670,-42.919166667,-15.7930555556,-579.3134171922895,360.8969225037847,2360.125220519027
200940,-42.9230555563,-20.7236111105,-515.9420761478593,405.647053839015,2367.381253652558
200332,-42.9666666669,-6.81388888864,-657.7032698428367,320.1660156267871,2354.2410126024934
200353,-42.9811883341,-4.28805555565,-685.792253607492,310.6775425391576,2352.969401266292
200671,-42.9894654698,-15.6271146628,-896.5385147076508,343.74030715278957,2357.562696222261
200881,-42.9937090922,-17.5773885082,-506.10859325376373,413.3087661835957,2368.706103352944
200701,-42.9937921962,-12.6672222219,-760.2635146423763,301.2453882278545,2351.742598964826
201109,-42.9939707052,-22.034745952,-588.322547984325,355.2915296122245,2359.2745789482574
200941,-43.0023961189,-20.7143046778,-525.0731545082958,398.68793404338567,2366.1987525584286
200967,-43.0200000003,-19.2322222221,-459.324590551506,451.860971356564,2375.736265937905
310894,4.30228944412,44.2438437529,-574.2471261528459,364.14068106083045,2360.6234141558302
311802,4.30239911413,43.7647060073,-135.52027602832618,770.5079456999041,2456.3442271481345
310818,4.30260123814,44.656194136,-354.5669917117085,547.5883208536358,2395.787435686352
201089,-43.0269444439,-22.2008333328,-409.9494229534764,495.6380844035643,2384.4499530433673
200343,-43.0270279509,-5.57179356087,-736.2316212290575,301.67652530529466,2351.79786414087
200331,-43.0272924519,-6.76405200251,-678.0545704852548,312.9875947890174,2353.275526229153
200960,-43.0293611321,-19.7644304932,-509.7540532896731,410.4487740862814,2368.2087458681117
201108,-43.0415314971,-21.889201964,-688.1501606882914,310.02093938845627,2352.8827957883036
200333,-43.0477777776,-7.63833333285,-646.4295270321251,324.8005721863166,2354.8757673282557
201118,-43.052559503,-21.3555555558,-728.0803077356727,302.3966466901521,2351.890346037997
200968,-43.0689408304,-19.3349057366,-461.73669355581836,449.79678388533785,2375.3445254638063
200969,-43.0824999995,-18.8947222222,-474.6339776938663,438.89245710316993,2373.3038273173834
201086,-43.0850446267,-22.2317401163,-504.5727750986108,414.5204522253866,2368.917827441556
200939,-43.088055556,-20.6681806539,-426.5450546145157,480.62077950718907,2381.3737215211263
312524,4.30937937271,44.4486018768,-349.19626661976315,552.7567423481247,2396.974026573628
200938,-43.0972222217,-20.9116666671,-581.0483867610795,359.80104383593687,2359.95789348088
200945,-43.100833333,-20.2687641849,-551.8612605142919,379.2133643894669,2362.995396438356
201087,-43.100833333,-22.2338888895,-747.6829880806243,301.15509721984023,2351.7310348844685
312708,4.31078602882,46.0812356269,-498.2370199953257,419.56064190205325,2369.804970897509
201122,-43.1274628112,-21.4725540505,-860.690327226433,325.8643710093452,2355.0227294339643
201085,-43.1311867775,-22.3315588586,-386.8944551289982,516.9455890786771,2388.9699056131244
200944,-43.1394444442,-20.3613888886,-627.2131916483779,333.7140849669478,2356.12171976802
312709,4.31478302615,46.0647221496,-523.7552842404265,399.68278164050565,2366.366580603515
200669,-43.1534820914,-15.8727639802,-948.1446753262483,375.9731074982845,2362.47756506156
201091,-43.1559313136,-22.1400723977,-729.3610155193187,302.26437371881093,2351.8733425669225
200673,-43.1692943977,-15.9812603311,-915.4257698182153,354.7262457369282,2359.1895170316216
310834,4.31722344835,44.4276604701,-415.1920392421502,490.8635554506066,2383.4620823346218
200956,-43.172609907,-19.9351787143,-495.2512910422374,421.95856664925043,2370.2306849389097
201090,-43.1811929277,-22.2975989478,-516.2505055955704,405.4095010606353,2367.340560926441
201084,-43.185353611,-22.5192061161,-531.6623656000327,393.76357284185707,2365.3740125304635
312728,4.31930512753,46.0570769279,-462.5002002860743,449.14499530486063,2375.2211885769048
200872,-43.197718275,-17.3147489335,-530.898945540399,394.3297987101352,2365.4683379846915
200943,-43.1980590891,-20.3882003428,-465.71885681394394,446.4058185611391,2374.704744321391
201116,-43.2017336084,-21.3023271924,-632.1654709973329,331.29897465216527,2355.7808638459687
200873,-43.2077777779,-17.3144215695,-547.5779374281508,382.2272210736147,2363.4809320971767
201117,-43.2251526223,-21.3725246502,-659.5621931639319,319.44588988677805,2354.14318689897
200700,-43.2263888894,-12.6895259018,-676.2271601476682,313.5675276212363,2353.3527279682867
200702,-43.2269059685,-12.1829208819,-663.672770995037,317.8987360935597,2353.933744663848
200305,-43.2275031415,-4.16679324062,-818.7368055245537,310.63586262900105,2352.9638983648997
312353,4.32315810985,44.4934860596,-689.6356023957467,309.61876500087544,2352.8298381944137
200937,-43.2396627185,-20.8476340558,-528.0484588297071,396.4540241610837,2365.823379107325
200880,-43.2440997259,-17.9516906352,-548.5681136431867,381.52697338707725,2363.3677875606213
200966,-43.2479577002,-18.9604142186,-586.0018350617996,356.7151126744117,2359.4893810881204
200674,-43.2522594106,-16.0647321981,-958.2440559401446,383.0400102580011,2363.612514206957
310835,4.32752645621,44.4273225931,-470.5052145054924,442.3583719243947,2373.947218677973
201081,-43.2851025103,-22.0771047315,-596.8430021481064,350.1896359226558,2358.511659705104
201082,-43.2858184583,-22.1605195684,-645.0355411350284,325.4049193633632,2354.959199095211
201083,-43.2900359007,-22.1646741858,-722.6808105421777,303.0323732878151,2351.972169715817
200705,-43.293623411,-11.5518647497,-660.8686954270647,318.94736452355556,2354.075591223401
200936,-43.2994444445,-20.6905555558,-506.2940263997869,413.16273867876623,2368.680627794685
200668,-43.30603802,-15.7483333329,-469.1584188583339,443.4940808831145,2374.1591074811395
200307,-43.3145349417,-3.56762646704,-848.6717530406447,320.835084039414,2354.3320961597283
201121,-43.3147978887,-21.4976008976,-542.0299744441556,386.18931795163525,2364.1249241859514
201093,-43.3271316798,-21.7775341367,-499.84522724281993,418.2750242658516,2369.5776973507072
311553,4.33496328882,43.7811676976,-21.776070396851516,892.3592840147771,2497.2483976618446
200297,-43.3603298425,-4.86828171066,-869.8090603592093,330.01531597193195,2355.600682762963
201107,-43.3683779612,-22.0186612617,-529.5234263662851,395.35288881159636,2365.639104882432
200879,-43.3723797055,-18.0064328087,-489.80847190907184,426.36627897356,2371.0193317860235
201097,-43.3724999995,-21.9647926212,-671.8871737833393,314.996729863347,2353.5435852522223
200699,-43.3797222221,-12.8686111106,-769.8995677133894,301.78383497647366,2351.811631681073
312705,4.33846501111,45.9567529376,-381.571042259115,521.9332391854082,2390.0541362119507
200311,-43.4063888893,-3.20916666738,-664.5159986750857,317.58912227665735,2353.8919513107944
310782,4.34096746732,44.8485738019,-384.13539381311034,519.527603350917,2389.529953463825
200959,-43.414735519,-19.9499999995,-512.5880680574456,408.24128177942026,2367.827149942788
200684,-43.4353162547,-13.2569444437,-662.9993744775982,318.1478974892122,2353.9674068546674
312704,4.34396422057,45.9894789053,-450.19534336995264,459.74102787516955,2377.2476271034534
201096,-43.4440240594,-21.8600639306,-557.3499286910865,375.4104792112018,2362.388091690031
200965,-43.4478937087,-19.0144444441,-550.8600962773739,379.9142328316163,2363.1079730230945
200958,-43.4559178924,-19.9715262193,-493.7339688601196,423.18263784616187,2370.4489053408674
200957,-43.4904263283,-19.9893429068,-467.3953055589392,444.98462145516777,2374.437992702459
201092,-43.5052777785,-21.5941666666,-613.4433543269531,340.83961765690185,2357.141513109
311983,4.35232642626,44.4773354422,-680.6769424394295,312.1782074190192,2353.168013773057
312702,4.35233088726,46.0268398544,-462.3738435786448,449.2528100282328,2375.2415782769435
200869,-43.5248425171,-18.4185834608,-538.4590735980698,388.77350006807524,2364.548435158913
200308,-43.5271083143,-3.3350249188,-725.6574252990288,302.6663260781595,2351.925035539809
200675,-43.5515118433,-14.7809752558,-748.6692713168682,301.1370752654345,2351.7287271189894
201095,-43.5518477523,-21.8687673263,-377.8521568551424,525.431780934777,2390.8205755082445
201106,-43.559804039,-22.0854346082,-561.8185111384556,372.36468495012105,2361.9059944153755
200666,-43.5851054181,-15.7357029038,-890.234711085116,340.303259049363,2357.064016096487
200295,-43.5861111112,-5.70611111098,-981.6290636137089,400.2185588748402,2366.457133084209
201105,-43.5971180921,-22.1129226745,-694.2093289820607,308.43656391776943,2352.6745592662583
200582,-43.6143923785,-20.3051432389,-465.0746257684262,446.9529699571237,2374.8076606771283
310819,4.36455794127,44.6731611094,-464.63915356873736,447.3231362741727,2374.8773560130307
200330,-43.6480017433,-7.24719923749,-903.3529747373506,347.58759263711136,2358.1267146641094
312701,4.3648575123,46.0062719857,-453.3580581728912,456.999165947427,2376.718894933502
200587,-43.6642572087,-19.9015557715,-537.0940904222234,389.76820878131895,2364.7121863841867
200667,-43.6725607913,-15.3478990467,-761.398002681001,301.2876703028605,2351.7480154416644
200663,-43.6811942151,-16.8062729464,-893.5976769015867,342.1220499549371,2357.3272927030416
200590,-43.6896539928,-19.6525075709,-651.2403600268094,322.7673378341029,2354.5961909061593
200306,-43.6972222224,-3.57722675384,-893.2032074774019,341.9069461411169,2357.2960840074434
200664,-43.6975756674,-16.7687274893,-842.3350477125609,318.39300405210753,2354.0005464924193
201104,-43.7099977144,-22.1648565508,-652.6387344476007,322.1917419792997,2354.5173574337773
201103,-43.7105555565,-22.2241666667,-627.4656405790541,333.5890433363234,2356.1040124942115
311801,4.37633173425,43.8014294763,-1037.7459864691893,445.37835580161294,2374.511812494061
200683,-43.7641889799,-14.3062522286,-516.446338028233,405.2587594628959,2367.3147509316727
200665,-43.7849094576,-16.3430340801,-828.9037005386137,313.7137732182132,2353.3722186182304
200583,-43.7980555557,-20.3011111106,-596.0170722819923,350.6754566766042,2358.583842854145
201078,-43.7988888888,-22.4519630475,-603.6762044344252,346.24405394818984,2357.929051678985
200329,-43.8021387161,-8.09734992283,-881.5623198809775,335.77304128485406,2356.4142257062877
312700,4.38047254059,46.0149786454,-444.3196977292138,464.86740937996666,2378.244347446436
200586,-43.8096788827,-20.0104661765,-422.9512282139415,483.84851455572056,2382.027256958883
201261,-43.813588797,-21.2769048313,-710.7037285709745,304.88937253653586,2352.2121497311855
200589,-43.8147222221,-19.7050000003,-499.27381493311583,418.7313340155174,2369.65828716794
201102,-43.8177777784,-22.0863888893,-531.342877141598,394.0003973129869,2365.4134482030986
200585,-43.8226351698,-20.0260454228,-488.312465570555,427.58586517190287,2371.238946195024
201079,-43.8310516085,-22.4726309562,-637.1246666725609,328.96150746891567,2355.4532772384814
200554,-43.8355555558,-20.5186111106,-501.2194393793629,417.179820027196,2369.384618438975
200584,-43.8444641826,-20.0430885302,-502.18833112867253,416.40951610075143,2369.2491116293672
200556,-43.8517825982,-20.5061583445,-514.0480512914702,407.10956876537074,2367.632291728935
200659,-43.8520796142,-16.1137119011,-874.7053987420177,332.3592983672961,2355.930213539544
312698,4.385487829,46.0853806413,-382.21884462666696,521.3250049312703,2389.921385448457
200730,-43.8603867709,-11.3604844468,-943.2039322044307,372.5989128151525,2361.9429327755392
200309,-43.8689427006,-3.55345979787,-854.1216106024422,323.05208330239407,2354.635240622908
310780,4.38736691216,44.9388134524,-454.1595706378512,456.3062947292839,2376.585765855474
200298,-43.8768539022,-4.45604326955,-982.8595560901127,401.15201642392384,2366.615179563053
312696,4.38834093224,46.1237613254,-420.4368324256253,486.114920090824,2382.4886533606386
200296,-43.8853000909,-5.33507814528,-905.1715078852908,348.63688601080287,2358.2816087449337
201094,-43.886246281,-21.8519610989,-600.1714292464732,348.25119881817926,2358.2246214759907
310896,4.38943816933,44.2647764946,-475.1684889595931,438.44551348643586,2373.22121517436
310982,4.38945672533,43.5608108724,-676.6622836691604,313.4282597777544,2353.334175565509
312697,4.38965834735,46.1020453426,-403.425214433248,501.61748303227796,2385.7000161673554
200299,-43.9013888893,-4.43526813083,-875.2999278000242,332.64927506518325,2355.9711390546945
200310,-43.9014489853,-3.46020108815,-908.6937550335153,350.6957533628095,2358.586860661271
200294,-43.9018483353,-6.00206337947,-994.4582047347478,410.0862882273072,2368.145948131012
200592,-43.9064632677,-19.460321253,-688.3683682181213,309.96130397661653,2352.8749388397523
200552,-43.9066799627,-20.6058470418,-605.1463994523197,345.41261570557157,2357.807104694073
200698,-43.9088888889,-13.2936236588,-877.0235315395036,333.4964436872024,2356.0909035538707
200591,-43.9111111111,-19.5597222222,-716.8759853481276,303.8558676002048,2352.0784119863765
200553,-43.9144384204,-20.5937056008,-600.4272078809206,348.1035306561615,2358.20281907909
201077,-43.9169518826,-22.493904387,-584.1136559411874,357.8838703249429,2359.666360419634
200588,-43.922694674,-19.6851960986,-572.6992456942178,365.14451965423603,2360.7784707784012
200661,-43.9322222218,-14.7572222219,-806.7189081000928,307.5314206371665,2352.556065758348
200601,-43.9395896284,-18.6668025904,-566.0881975212571,369.4977553583645,2361.455707624463
200729,-43.9434549148,-11.2352739935,-966.397148640673,388.90433188646455,2364.5699497408277
312439,4.39746637899,45.6648598785,-160.74095093790388,743.9008025505071,2448.128442686897
310105,4.397589249,46.2643453081,-644.2081880306326,325.76680837653925,2355.0092316798077
201262,-43.9770126725,-21.1859670808,-607.080566861229,344.3283710644166,2357.64850963352
312699,4.39815746405,46.0565478359,-368.7405391660094,534.0513801248536,2392.729684789016
310822,4.39825992806,44.5683984298,-406.07827019152126,499.1810130990396,2385.188913209154
200660,-44.018377961,-15.0142780491,-591.5898264618097,353.31173840629026,2358.977247103701
310104,4.40185149636,46.2521419371,-486.67379023116416,428.9256962856084,2371.4809130143503
311800,4.40195217536,43.8142269154,-374.56514985770735,528.5335554776943,2391.5041683265317
200559,-44.0230422593,-20.4079155064,-529.8639670573061,395.09925690850133,2365.5967303551406
200593,-44.0318526141,-19.2227764214,-761.4116544749404,301.2882134562383,2351.748085026313
200597,-44.0383333326,-19.0111111108,-674.4546326502661,314.14244829272366,2353.4294010393915
200557,-44.0438803711,-20.6555929409,-691.4617844798046,309.13655267005987,2352.766430407832
200603,-44.0477033994,-18.6432327574,-707.7941120477283,305.4325533918063,2352.2826174864113
200560,-44.0477777784,-20.1802777776,-505.97418795076436,413.4146460602629,2368.7245803246974
200602,-44.0605345304,-18.6311581114,-736.2405061461686,301.6758983101392,2351.797783713241
310837,4.40646331374,44.3855612176,-498.6228196932565,419.2518454275086,2369.7503197070473
200558,-44.0719444444,-20.6602777783,-638.6977340082971,328.23727575607705,2355.352240547696
200596,-44.0724951374,-19.2726254475,-806.8690826999639,307.5665762595415,2352.560661638568
201101,-44.0892869608,-22.1517511687,-544.5793346441221,384.3606077938039,2363.826885514442
201076,-44.0905555559,-22.5013888886,-547.9106328598762,381.9917051732627,2363.442855386704
200662,-44.0925000001,-14.6513888891,-1025.6397647907813,435.2232706183622,2372.6280288205794
310824,4.41002850603,44.5513107253,-448.64261174587307,461.0916721221068,2377.5092003939003
310823,4.41051653807,44.5902720886,-629.3647289483321,332.6550102380936,2355.971948834236
200300,-44.127777778,-4.12777777839,-869.0597661826331,329.66362510998306,2355.5514372600605
200595,-44.1300000002,-19.2936977802,-775.9421634730722,302.32822007265963,2351.8815489963745
201263,-44.139826352,-21.164320918,-597.5504579617916,349.77501655810573,2358.4501330461717
310108,4.41477073043,46.2691447135,-465.42049365633824,446.65915175375676,2374.7523798709344
200721,-44.151960608,-11.6184286592,-1001.9000217022261,415.9427634613421,2369.1671216554437
200682,-44.152222222,-14.2599999997,-783.6239313314909,303.2487781126463,2352.0000614974683
200594,-44.1527777781,-19.3713888886,-803.3678656192342,306.77118285343823,2352.4568065081617
311798,4.41552450449,43.8266973714,-280.2457119627226,620.7469213453404,2413.559862157349
200561,-44.16414132,-20.1563833236,-685.7054440905808,310.70214131676073,2352.972649325976
201075,-44.175555556,-22.5400554738,-455.6845099020134,454.99029488454204,2376.333443836619
203002,-44.1770822371,-22.5397725238,-360.9887433476769,541.4361588973809,2394.3887700243736
200598,-44.1772222221,-19.0273969862,-854.1801614948354,323.07647909726177,2354.63858780985
200605,-44.1775000001,-17.9940690917,-797.4532120819683,305.5433237560592,2352.297003048123
310110,4.41917301779,46.2734032918,-497.26230779542936,420.34188255211797,2369.9434098907805
200697,-44.1933123074,-13.3976425034,-864.5937586986672,327.6066166607904,2355.264435925871
200599,-44.1938888895,-18.6727777778,-803.3360371686465,306.76418505108063,2352.455893972794
201252,-44.1947222215,-21.9472222218,-596.2741017047297,350.52406563090756,2358.561338707074
200696,-44.1974330588,-13.4019545347,-855.1421111595679,323.4790274240184,2354.6938546317374
310781,4.41977426684,44.9146372944,-426.5379715915318,480.62712738242857,2381.375002689238
201080,-44.1988888889,-22.832222222,-620.0519298150327,337.345904414351,2356.638862253277
200328,-44.2108029309,-8.78545915677,-822.427139403095,311.7058982849433,2353.1054024167524
200609,-44.2167958944,-17.272570931,-779.2928683435396,302.6984108168511,2351.929164700402
200604,-44.2274020192,-18.3061111105,-800.1833316427105,306.0919220762683,2352.3683241825943
201072,-44.2300000005,-22.4769444436,-536.397552758605,390.2772542378943,2364.7961440751615
201264,-44.2314794306,-21.1222222215,-458.22306301786995,452.8061379849622,2375.916216210946
200600,-44.2319444436,-18.5853241846,-799.9282772462884,306.0393487567486,2352.361483880557
200611,-44.2391606422,-17.091111111,-804.3747411936242,306.9947241974994,2352.4859677673703
200293,-44.2427777775,-6.01916666688,-860.6115412563129,325.8297465418482,2355.017938697879
200562,-44.2498514501,-20.1481762709,-518.994125549151,403.3039283068578,2366.9808884832646
200610,-44.2551678705,-17.2561300186,-709.0570861364181,305.1923896175457,2352.251445432173
201074,-44.2680555556,-22.5813888892,-776.7877897760962,302.41705833685154,2351.892970572938
201100,-44.2688876007,-22.2431883143,-596.3422448725614,350.4839599419827,2358.5553786235114
310783,4.42719393945,44.909906487,-471.6552920781673,441.39053648597707,2373.767063878986
200695,-44.2892633604,-13.5563725665,-883.8730127807057,336.9571974332513,2356.5832513958326
200302,-44.2896465554,-3.70710521158,-813.9667024266525,309.3335118388535,2352.7923175248256
310107,4.4301244057,46.2438654904,-564.2393335195042,370.7339370070709,2361.649448988153
200563,-44.3052777777,-19.9488888894,-553.5768358416442,378.017499370148,2362.8037789218433
201253,-44.3269444445,-21.4896863419,-636.1690747098173,329.40552864878185,2355.515330062971
201073,-44.3304811758,-22.6936373795,-745.6540994460934,301.20559316127293,2351.73750176522
200292,-44.3434225878,-6.01022038614,-1029.1348707352868,438.1338351336153,2373.163653300415
201258,-44.3516133125,-21.6898343855,-685.7745602333873,310.6825537778769,2352.9700629373137
201257,-44.3558779609,-21.7436676909,-654.9396547102872,321.25991269561086,2354.390027026634
200289,-44.3603893462,-6.36859598179,-916.5929441876418,355.4375376414646,2359.296571230906
200571,-44.3646850326,-19.9601753384,-730.3508035078653,302.1670241308868,2351.8608331126647
200614,-44.3655555557,-16.6774999998,-789.6780884960498,304.153119412536,2352.1168312619293
200615,-44.3765567596,-16.4685211755,-991.5299551730407,407.8080146707103,2367.7524880542196
200303,-44.3768849416,-3.62749122299,-920.4883737453529,357.837664331461,2359.6593529303073
200681,-44.381907255,-14.4180565658,-790.2077927096751,304.23969400956315,2352.128027822532
201099,-44.3893849416,-22.2685645674,-518.6797998806891,403.5444618064977,2367.0218842486393
201070,-44.393229203,-22.3395273262,-736.5293872827779,301.65570019983454,2351.7951928942143
310973,4.4398871535,43.9818887242,-564.9558908592862,370.25387589368654,2361.574136137077
200658,-44.4022655617,-15.6017088077,-594.7826543413505,351.40508687698514,2358.6924350029835
200679,-44.4103000914,-14.2812475825,-746.6525910003691,301.17848509093517,2351.7340299742555
200566,-44.4106714874,-20.0474999996,-636.3467750858823,329.3227270070022,2355.503752147428
201071,-44.4139719927,-22.3895770614,-668.6074685237568,316.1247457637833,2353.6948236212565
200537,-44.4230543104,-20.6834731282,-761.4554039506536,301.2899595861865,2351.7483087279406
200570,-44.4314794311,-19.9853556124,-572.9105165003987,365.0071566018198,2360.7572285662554
200645,-44.4351159314,-16.1982775361,-929.344944114205,363.4410119058005,2360.5155871106617
310836,4.44373792182,44.4594144107,-566.4121230586522,369.28200718395357,2361.4219590507523
310106,4.44419678286,46.2349416716,-499.37292583091323,418.65214928011983,2369.64429608204
200301,-44.4438057852,-4.01447526401,-851.2741393869318,321.8804200134806,2354.4747763875785
201069,-44.4452777783,-22.4686547919,-639.3017481408542,327.9614165337849,2355.3138131875608
200565,-44.4522222218,-20.0605555557,-542.3968227810965,385.9253321618011,2364.081815390804
200677,-44.4595870525,-14.3101347029,-802.5879147844985,306.60091495803835,2352.4346088489665
201256,-44.4638888888,-21.998333333,-580.4764911801667,360.16142433931407,2360.0128642529485
201068,-44.4643849419,-22.5312179581,-833.3031604429614,315.170779716183,2353.5668862907187
200612,-44.4644564949,-17.2090161277,-785.5579436948226,303.52061018935905,2352.035124879517
200613,-44.4686269002,-17.2501427401,-908.7716407407411,350.7416719794834,2358.593688688293
200568,-44.4686631772,-20.0018872588,-571.7365942115623,365.77180119658277,2360.875574529051
310897,4.44767644715,44.2476509282,-530.4270781712501,394.68035108530836,2365.5268012411325
200680,-44.4830555564,-14.4236111113,-820.5787871660611,311.1631838593581,2353.033572826103
200564,-44.4936111113,-20.0941666675,-570.8599060411718,366.34504271662087,2360.9644550861676
200327,-44.502529694,-9.91455959719,-696.9380386368525,307.7718954735527,2352.5875132501797
200720,-44.5063578493,-11.7225197658,-993.2546301772068,409.14804976141687,2367.98365587283
200678,-44.5224999997,-14.2641666671,-808.5973386595656,307.9778375490072,2352.614464012037
310979,4.45230976753,43.664680732,-732.318594415081,301.98613103646977,2351.8375988140974
200728,-44.5241666668,-11.0058333335,-934.6664710993718,366.90261332261304,2361.051036195585
201098,-44.538333333,-22.3300000004,-494.5892048859903,422.4922423825855,2370.3257503412365
311985,4.45512010776,44.3599282285,-464.34757109769276,447.57113337533525,2374.9240803209195
200572,-44.5521986211,-19.4225143629,-705.3007783601381,305.92636397889606,2352.346787366742
201066,-44.5553075304,-22.5018678897,-546.2251316808391,383.18731818085934,2363.6363909603187
201170,-44.5602554638,-22.9559561962,-467.14536040209975,445.19626898268683,2374.4776658822016
201067,-44.5654203862,-22.9517262599,-459.1853466695026,451.9803628458954,2375.7589768862476
200606,-44.5688591375,-18.1978830076,-826.7680613871721,313.03352483194016,2353.2816354032066
200692,-44.5688888885,-13.4527777779,-840.854405265637,317.8437542339153,2353.9263199944876
200544,-44.5807946905,-20.0682135833,-623.5052677385908,335.5742344040382,2356.3859052907987
201255,-44.6025000003,-21.9797222225,-613.811292770456,340.6415879853449,2357.1128864189895
200538,-44.6066847416,-20.4350136447,-561.2310997576462,372.76244330437373,2361.9687353975555
310970,4.46077642923,44.0432705513,-536.8251374879045,389.96464946848795,2364.7445730337054
200545,-44.6102790239,-19.8498594432,-726.1559094173823,302.60876627740436,2351.9176289328702
200277,-44.6103909769,-4.56319087341,-808.5975832908882,307.97789663099474,2352.6144717463876
310397,4.46137786628,45.6993754093,-158.90867314787178,745.8277985228542,2448.714677725179
200318,-44.6141666672,-7.39083333337,-706.9965413616433,305.58767520399476,2352.3027643341034
201169,-44.6145275493,-22.73548936,-419.05055422013595,487.3672995009926,2382.7445000419525
200275,-44.6185073376,-4.92296354018,-677.693319086607,313.1012056649861,2353.2906392636987
201254,-44.634947934,-22.1688045441,-444.85087840877065,464.4022506694955,2378.1534681942153
200694,-44.635481176,-13.7141741576,-764.3910914961778,301.42628863491126,2351.7657781627613
200686,-44.6383333332,-13.3398527936,-791.382180175987,304.4358931240448,2352.1534135509783
310900,4.46423770252,44.1809453467,-511.5925622163863,409.0151081642788,2367.960689404264
200326,-44.6606820311,-10.2097481036,-754.0764355224112,301.1141575292985,2351.72579263014
200276,-44.6641065714,-4.58106656689,-836.1829435450808,316.1646984357199,2353.7001899974925
200689,-44.6813516998,-13.1723636727,-827.843359319589,313.3738104304722,2353.3269243607006
200278,-44.6814248668,-4.38318217352,-1011.9778955230001,424.0200785274176,2370.598552022607
310838,4.46909604392,44.3398754168,-489.8309539413535,426.34797731664935,2371.01604077646
200607,-44.7101810852,-17.5941751456,-893.8404460843508,342.25466336716346,2357.3465427157403
200291,-44.7102080812,-6.06456450964,-958.8261889070881,383.45409958924256,2363.6796556109457
201270,-44.7139571175,-20.7512072868,-714.0857801303,304.30300526194384,2352.136217753711
200288,-44.7146701566,-6.69786136304,-941.0149966466715,371.1220100003145,2361.7104001473076
310390,4.47259308721,45.9224654298,-424.1351164974627,482.7837019758613,2381.811195445768
310899,4.47298840224,44.2064735928,-414.0074642591688,491.9399582907872,2383.683995503687
201265,-44.7351587713,-21.1395566309,-638.8194864967079,328.18157057824334,2355.3444782291367
200688,-44.7483333333,-13.0773493049,-802.5969414078328,306.60287106057604,2352.434863795355
201171,-44.7643167127,-23.2269060357,-562.9383846608977,371.6085980700516,2361.786912068248
200279,-44.7652777777,-4.21944444397,-1162.9491874097323,559.9783741303398,2398.6496716592324
200657,-44.7690538111,-15.4807045657,-782.0236455085133,303.0360063402897,2351.9726378076666
201065,-44.7727777784,-22.5399999998,-518.0454597152109,404.0304306092344,2367.1047836366615
201266,-44.7731001834,-21.0349699863,-754.4739483732475,301.11753829288267,2351.726225504331
310974,4.47790481465,43.9510569647,-710.8381224841754,304.8651469356676,2352.209009776425
200539,-44.7938888891,-20.1811111106,-690.7802658964602,309.31493170093796,2352.7898747721692
200608,-44.8018430558,-17.066658678,-772.2765481548845,301.979024171978,2351.836686272485
200687,-44.8052777781,-12.994444444,-851.5697993005167,322.00072614328275,2354.491226463603
200324,-44.8137047508,-7.06494248541,-906.3075025038798,349.2971072175433,2358.3793030316024
310403,4.48163792696,45.876695868,-374.19029997748004,528.8878416027472,2391.5824921696712
200546,-44.8183333331,-19.7436111114,-696.0579674740493,307.98293089478756,2352.6151307810264
200317,-44.8266666668,-7.38083333255,-829.0380251194309,313.7571516960465,2353.3780015326265
200541,-44.8437609072,-20.5519588533,-690.5781538753427,309.3681938557516,2352.79687759629
310784,4.48620062034,44.8993667021,-387.8658509921182,516.0380941482514,2388.773698463176
200290,-44.8688888893,-6.17000000036,-952.2037951439949,378.78647925239983,2362.926927503623
200656,-44.8730542677,-15.9475128214,-590.3017232906725,354.0888204393003,2359.093758335471
201260,-44.8730555557,-21.3229818401,-659.9512420424968,319.2967819267567,2354.1229583023196
201286,-44.8797222222,-21.9511111111,-554.6915388138833,377.24397724586834,2362.6801489464383
200543,-44.8852644807,-20.1474748309,-560.7853544267185,373.06480727277227,2362.0164729067305
200719,-44.8936221234,-11.9774788109,-945.6262732986515,374.2462343195925,2362.2033595267953
201267,-44.913888889,-21.1472641356,-679.6538201269157,312.49077917583986,2353.209500857755
201259,-44.9155555562,-21.5061111113,-593.3563102604759,352.2533994958819,2358.818968321581
200540,-44.9181847834,-20.2184949317,-634.5467987216084,330.16633421130337,2355.621844885934
200542,-44.9275000002,-20.2358333332,-758.9197978988243,301.2026091032768,2351.73711957521
200274,-44.9277777782,-5.41944444426,-899.6154902198006,345.46079562124913,2357.814163408251
310217,4.49289824389,46.2732423888,-711.6129763772826,304.7269640063858,2352.1911041515805
200547,-44.9308333334,-19.6938888893,-597.0763395596452,350.05272898109894,2358.4913357747146
200715,-44.9315017445,-12.2269140745,-870.6846760945075,330.4286696421367,2355.6586284049636
200580,-44.9351872348,-17.3143379874,-532.6012077449394,393.06880647049144,2365.25845405474
310381,4.49367509895,46.1144783087,-506.84434164450096,412.7297130003425,2368.6051346416157
201284,-44.9389483921,-22.2944444435,-555.1586727614213,376.9206444921767,2362.6285446725815
310764,4.49392509897,45.0313765731,-377.2419198579846,526.0069590806103,2390.947048526695
312441,4.49464388603,45.1723098487,-376.934575259314,526.2967625634753,2391.01082183709
200579,-44.9477777778,-17.3594444442,-569.3266229075001,367.3521122613406,2361.1209291859977
200710,-44.9521999092,-12.4061265283,-815.8410202504522,309.83431769792514,2352.8582133823156
201064,-44.9559759405,-22.5855911766,-611.9627378765753,341.6406419950458,2357.257473446647
200273,-44.9686408046,-5.1057065553,-865.6539876055647,328.0888418566471,2355.3315596764965
310386,4.49693498922,46.009858575,-450.17221878640316,459.76112105154624,2377.251513047758
201063,-44.973588797,-22.6935454485,-943.918510462425,373.08345834141926,2362.0194187908946
310385,4.49766774028,46.0268553954,-463.82326009978897,448.0173568867672,2375.0082147077064
310398,4.49823699033,45.7280960247,-597.7605566165636,349.65215360060813,2358.4319147210563
200576,-44.9994295691,-17.9937229617,-739.6528823947824,301.46059738746266,2351.770175768561
200714,-45.009444444,-12.1525000004,-900.6379761953228,346.0386318492916,2357.898895752193
201062,-45.009647843,-22.6606078368,-613.4312616687723,340.84613305659815,2357.1424552361955
200325,-45.0306726057,-9.57685981325,-857.7093061385708,324.5693337953822,2354.8438844852667
201047,-45.0430555557,-22.9933333333,-774.3328615027797,302.1677239801027,2351.860923029378
310787,4.50438038784,44.8891251303,-498.93672116785797,419.0007753464694,2369.705913736602
200646,-45.0679203018,-16.3765154459,-674.4198623640624,314.15384777141605,2353.4309227013373
201285,-45.0763145105,-21.8872222218,-675.1367208871976,313.91977082362087,2353.3996877647533
200616,-45.0771255286,-16.6538917248,-471.1378741213214,441.8257365857695,2373.8480257520364
200707,-45.0855555562,-12.4305555564,-872.1828460887764,331.14181661510963,2355.7587674820265
200713,-45.1033333327,-12.135833333,-841.0843128824384,317.9285036503263,2353.937764956971
310392,4.5111142614,45.9106418688,-53.39660626157969,858.2210578182347,2485.2540819682667
200549,-45.1146775527,-19.7517897601,-686.193717808153,310.564173551606,2352.954435120042
200718,-45.1200000001,-11.8561111108,-815.1647443271295,309.65198479622194,2352.8342099573274
200709,-45.1222222223,-12.4105555557,-899.1055394147184,345.17374285417833,2357.7721222826526
201052,-45.1394444437,-23.3476479406,-674.3933624635245,314.1625389332819,2353.432082879446
200548,-45.1398695257,-19.9308046369,-755.0502264050217,301.1236712971489,2351.727010788615
201051,-45.1444444441,-23.3300000002,-421.93540151508296,484.7633519223833,2382.2132514164864
201268,-45.155,-21.3341666671,-630.4246444498053,332.13880962189836,2355.899118535073
201269,-45.1686483001,-21.2557517006,-626.5287416252468,334.054136535754,2356.169907709105
200271,-45.1737617045,-5.77688036284,-866.3132126413229,328.3906027238023,2355.373612787276
201061,-45.1805034901,-22.8103579612,-469.36587884934244,443.3189737329598,2374.126403612269
200727,-45.1969444445,-11.0513888893,-958.3350645605291,383.1046999193752,2363.622998482964
200725,-45.1979080855,-11.2558800572,-785.01228945392,303.4422909068171,2352.0250193754446
310752,4.51979856312,45.1855322938,-401.0283398603927,503.82443599089834,2386.165025759708
201273,-45.215975941,-22.37281034,-516.2604382335587,405.40185377216034,2367.3392513324293
200716,-45.2165240591,-11.7935371247,-852.4356000735876,322.3548305905038,2354.5396799931646
200287,-45.2193464643,-3.77674164734,-870.385616698816,330.28720514415676,2355.6387893179253
200550,-45.2230229366,-19.3315256514,-740.7232770892997,301.40355425124574,2351.7628644003557
312005,4.52317272739,44.1935394097,-761.7884557865096,301.30352735925027,2351.750046977019
200655,-45.2369444438,-16.2680555559,-793.0207089366859,304.7194219381383,2352.190127086583
200272,-45.2430555563,-5.49999999993,-835.995195890616,316.0989380815771,2353.691357530461
201290,-45.2474999996,-21.7030555556,-665.5725864159623,317.2049242622126,2353.840145768926
200316,-45.2562515714,-7.56441259274,-776.6466721704447,302.40201754457064,2351.8910366069917
201291,-45.2597222217,-21.6783333325,-662.611116528712,318.29232306734036,2353.9869308857446
201289,-45.2603683197,-21.8692013213,-569.118055185803,367.4895410648678,2361.1423147809937
200270,-45.264106571,-5.64984913832,-1011.7081595091415,423.80176619879546,2370.5595130454963
201287,-45.2658333332,-22.2102777775,-621.423952776607,336.63752265138106,2356.5375637816896
310387,4.52719295473,45.9518458472,-415.47617824869775,490.6055743673716,2383.40896563255
310689,4.52745586875,45.4810935213,-564.5855185321466,370.50185755136295,2361.613028060756
310219,4.52767455877,46.2317847544,-397.5449461343362,507.04139594500396,2386.8463388033883
200536,-45.2850905838,-19.2808680842,-672.4939997553778,314.7925288172271,2353.5162638181255
201271,-45.2895113851,-22.505683261,-631.0850309522755,331.8190450901329,2355.8540588376454
201049,-45.3021391182,-23.218511932,-745.7264433004236,301.2034821298785,2351.7372313896904
201050,-45.3052777784,-23.2394444437,-674.7433887599832,314.04795992520184,2353.416790326453
200268,-45.3103777009,-5.88832529806,-935.9493571300723,367.7474742811644,2361.1824734012953
310326,4.5317019381,46.1860939306,-560.5430180654457,373.22938468501746,2362.0424724059553
200269,-45.3236111109,-5.73611111146,-1024.9767536333766,434.6731387546685,2372.527176959648
201048,-45.3311767636,-23.2262937816,-619.2586572008757,337.758158703829,2356.6979105579658
200286,-45.3350954049,-4.53534485411,-813.8593695565717,309.30526320956216,2352.788603701237
200323,-45.348888889,-7.14888888936,-884.3465235197388,337.20192766678457,2356.61825671437
312733,4.53513769638,45.4147759908,-345.5486139677155,556.278705672091,2397.7886617134336
200644,-45.3824999998,-16.9066666667,-782.0280732452455,303.0365798379501,2351.972711699089
200685,-45.4031299345,-13.5184715714,-755.3235425356695,301.12708976401814,2351.7274485039775
200654,-45.4147370985,-16.2849677653,-803.924570814944,306.89425998426657,2352.472859496698
201272,-45.4272222215,-22.4427777778,-394.8221465409912,509.5637177025272,2387.383431762921
200642,-45.4355555562,-17.1182542762,-765.4625632657653,301.4854453433318,2351.7733610216674
310220,4.5437771161,46.2567909034,-724.662036150219,302.7844770910282,2351.9402431661756
200551,-45.4398647456,-19.1639070745,-865.8925687579493,328.1978824947242,2355.346751102967
201292,-45.4430629938,-21.7850534614,-787.9594974224115,303.8804694765458,2352.08159033367
201274,-45.4475000002,-22.372845395,-612.1669429591187,341.5297727314509,2357.2414075608126
200265,-45.4605922413,-3.65611835336,-1051.5054954580746,457.1610753789774,2376.750032439033
200691,-45.4637462805,-13.7354098913,-716.3009258567681,303.94530571007056,2352.089967820209
201060,-45.4699925621,-22.9060908901,-627.370970833047,333.63591053607166,2356.1106486446083
200534,-45.4857028604,-19.7756892421,-742.4961295204453,301.32011094072493,2351.752171704028
201293,-45.4888888886,-21.6108333329,-640.6321585672475,327.3581820684534,2355.2298926483686
200711,-45.4897222217,-12.1944444438,-890.0825422514293,340.221771043039,2357.0522525707706
200322,-45.5026404598,-7.03526634695,-946.2370336015755,374.66370921270897,2362.2695364539386
312796,4.55208483779,45.3103997611,-417.29980668348145,488.95178623180857,2383.0690961691726
200641,-45.5310145021,-17.3506982175,-787.6157427465469,303.82744683163463,2352.0747405865977
200723,-45.5354786015,-10.9938929115,-954.2169446653112,380.19532332666057,2363.153179913809
200643,-45.5394444438,-17.030555556,-705.9166872793785,305.8019563028983,2352.3306111888187
200712,-45.5478757575,-12.2887648316,-815.5294959226632,309.7500974641686,2352.8471243870363
310327,4.55628715213,46.1601755045,-445.8365907223852,463.5399508875027,2377.985229963818
310690,4.55642564515,45.4941649233,-492.8846198075087,423.86942601677595,2370.571610006555
310221,4.55994321544,46.2853983488,-495.9406537075291,421.4036479003712,2370.131958841326
200726,-45.601801836,-11.785018059,-850.8704938791749,321.7166811437062,2354.4523972217835
200285,-45.601835452,-4.93090181784,-776.9727610835967,302.43690391146555,2351.895522489219
310753,4.56062092449,45.2061662425,-402.9332890892352,502.06998695418946,2385.795200694616
200717,-45.6067720854,-11.8937328679,-846.7009519703039,320.05978941260474,2354.2265686751825
200535,-45.6102970997,-19.6690076623,-846.4636156196918,319.96737952394983,2354.214007225491
201275,-45.6185218563,-22.469589682,-677.698680347323,313.0995158613011,2353.290414438869
310975,4.56342554773,43.9317584211,-721.2985428014603,303.2153425101986,2351.9957508020416
200706,-45.6356819988,-13.0011092066,-833.2604961321414,315.1562926666444,2353.5649463451537
200575,-45.6438368234,-18.4645005116,-934.8939638539334,367.0521410174269,2361.074277121065
200529,-45.6605555558,-20.2390475324,-770.1503714902565,301.8032680378823,2351.814125405243
200314,-45.6642571651,-8.280683326,-869.0067322457904,329.6388040617195,2355.547963638296
200315,-45.6642672981,-8.27113335521,-824.2365494175526,312.25027667886184,2353.1775757777627
200258,-45.6693305356,-2.94325823138,-620.6703654432323,337.02587344588665,2356.5930720489787
312875,4.56780519909,45.1598305637,-363.4169631064658,539.1179356795631,2393.8656220491316
310328,4.56804386811,46.1644065468,-459.0767596766168,452.0734857547287,2375.7766949736065
310230,4.56845666314,46.553022849,-535.7382537205913,390.7599861931926,2364.875860307891
310901,4.56879400617,44.1807701237,-627.3386233980893,333.6519310870216,2356.1129172803626
310196,4.56901125619,46.8022920716,-699.8622317664336,307.0935987198626,2352.4988727376676
201283,-45.7010205692,-22.0540337286,-686.9554003605908,310.3508562224916,2352.9262890739515
200574,-45.7019905153,-18.9516282959,-694.4803304773676,308.36918871746377,2352.665727299046
201058,-45.7098276399,-23.0777152933,-518.1467460139513,403.9527859153611,2367.091532050686
201059,-45.7103831959,-23.0760486072,-561.7002485734722,372.4447006592572,2361.9186105593153
201276,-45.711028007,-22.251919888,-696.0622688957483,307.981891707451,2352.6149947403173
200528,-45.7183586796,-20.1681765066,-635.99493572352,329.4867735560127,2355.5266930785633
312450,4.57287146051,45.502520725,-463.11054305201077,448.62451387710195,2375.1228225733394
310399,4.57296218051,45.7773698268,-520.3622119463437,402.25912571810426,2366.8030911085057
200578,-45.7344444439,-18.4030555555,-819.9484624491549,310.9812120913331,2353.009515945713
310391,4.57375104558,45.9060056964,-531.0976546742879,394.1823069879086,2365.4437551968113
310388,4.57386919659,45.9107961028,-551.8464606771563,379.22370905153423,2362.9970565711856
200653,-45.7399925624,-16.4310910124,-819.5537746588336,310.8680736505074,2352.994565882476
200652,-45.7415240585,-16.1349853589,-918.686298769718,356.72235195941124,2359.490475557114
200533,-45.7437318207,-19.9725655384,-920.3077344282035,357.72548139805025,2359.6423432161805
200640,-45.758888889,-18.1391666667,-995.8618465947025,411.1836670742294,2368.3362252699453
200264,-45.7766666674,-4.03222222248,-962.9554581245056,386.4119226660048,2364.1612977620034
200259,-45.7850000001,-2.49729997948,-953.555211795353,379.73124872837445,2363.0785617744687
201279,-45.7908333326,-22.4141666674,-614.3295055431672,340.36337502392666,2357.072696145573
200283,-45.7978595942,-5.14415847848,-801.1426284701333,306.2920914212117,2352.3943787393437
200321,-45.8068672219,-7.51406466757,-949.1858582932484,376.69123966206865,2362.5919575532776
312681,4.58143984722,45.9021573861,-519.7001828160267,402.76428619297013,2366.8889999511625
310224,4.58152790322,46.2400537311,-511.84653464305194,408.81752501898524,2367.926569093715
201323,-45.8354707673,-23.6354928955,-610.8843291872038,342.2282195718315,2357.342703581426
200263,-45.843925575,-3.66063725674,-783.2791797578582,303.20200932802004,2351.994031947749
310356,4.58452477147,46.010151896,-547.2424460972804,382.46495679676724,2363.5193908734564
200708,-45.8481299353,-12.7152777779,-825.6176772720087,312.674480869661,2353.233902280943
310225,4.5848522445,46.2644698641,-451.77174874591583,458.3728336898187,2376.983408129328
310334,4.5860556856,46.1105873994,-370.71112892610887,532.18155234596,2392.3130381525402
310223,4.58617733561,46.239684973,-517.8563619585407,404.1754402594386,2367.129538991517
201325,-45.8669518829,-23.5141680604,-611.7462998765992,341.7582897280165,2357.274527172239
200573,-45.8768600517,-19.3725280077,-694.807971057847,308.2881330728044,2352.6551045256924
200639,-45.880277778,-17.1433333333,-717.7644217489762,303.7204686751828,2352.060924157696
201278,-45.880788706,-22.5573675453,-787.8447670634127,303.8627166888135,2352.0792968033174
201277,-45.8851872354,-22.5644150718,-855.4811057931728,323.62166847929836,2354.7134543647994
201280,-45.8897668498,-22.372942973,-748.6025578085319,301.1381596583239,2351.7288659749206
201053,-45.8935231441,-23.3724434767,-428.52451476396806,478.84889842661573,2381.016744036393
201057,-45.8965240593,-23.1523064625,-355.0169045234435,547.1563030162495,2395.6887293193354
310357,4.58981078291,46.0065181337,-494.1064259397786,422.88182663511185,2370.395221720532
310393,4.58990158992,45.9064153045,-324.1343554531124,577.1363663076098,2402.7132274102196
200724,-45.9106076205,-11.0929382607,-886.290570888423,338.2140231504029,2356.7632875010727
201282,-45.9177777781,-22.119058465,-782.1877301103608,303.05731563398416,2351.975383463134
200312,-45.9261111108,-9.11305555587,-862.6932288188425,326.7517993139149,2355.145686833866
310400,4.59354745222,45.8099231655,-471.5068080878381,441.51538819695,2373.7902826222844
312443,4.59366174123,45.1563221724,-344.71035134636713,557.089399502857,2397.9768695497746
310342,4.59373634423,46.0561802889,-411.88122493242713,493.87557312179786,2384.0842161265327
200257,-45.9555555562,-2.05361111077,-647.1527003786265,324.48972409061855,2354.832913159167
200530,-45.9636956699,-19.9518260597,-941.6897769286919,371.5761010653665,2361.7817991381467
201056,-45.9732502287,-23.3101604195,-376.2309114991992,526.9605583174928,2391.157020749488
310685,4.59739150154,45.6700142459,-389.18926233921934,514.803065649864,2388.5072041465105
200266,-45.976857796,-5.76832581013,-928.5876605913277,362.9541072984355,2360.4406689985
310395,4.59839477162,45.8901753091,-578.8030610132878,361.22074887687666,2360.1747599015744
310763,4.59847374163,45.0022744477,-371.5757725986067,531.362093333073,2392.130878963061
310839,4.59887970966,44.2864163324,-694.714560146781,308.31119744012005,2352.6581269543267
312351,4.60006393076,45.2896463824,-428.24993815208154,479.0944266891973,2381.066134642617
200313,-46.0059839274,-9.01027961337,-770.5867262599603,301.8377318813943,2351.8185483248035
200638,-46.0099746107,-17.0271908727,-743.3516548419752,301.2847692839431,2351.747643787437
201719,-46.0105555558,-23.6569444442,-498.6445617867948,419.23445012238705,2369.747242223673
201324,-46.0179501384,-23.5649577556,-519.493403776253,402.92223361600264,2366.915882366627
200532,-46.0180555564,-19.8855261272,-823.3685079968666,311.98750520126816,2353.1427222459315
200320,-46.0190831605,-7.47281393216,-956.9601778045802,382.12930601882465,2363.465099039059
312323,4.60225778694,45.1439875474,-385.99282306424857,517.7886422390222,2389.152474391078
201055,-46.0245833329,-23.4158333353,-353.08971118592837,549.0078809091775,2396.112293102656
201054,-46.025416666,-23.4147222192,-448.43473836264735,461.27271519947857,2377.544318334525
310401,4.60283049099,45.8150736289,-434.7449209444239,473.30887017370407,2379.908770193175
310404,4.60337875903,45.8395358139,-521.3722157875648,401.48999962227936,2366.672492689679
200319,-46.0358333329,-7.53444444426,-939.0566998443045,369.81024107888385,2361.5046225371025
200577,-46.0397222222,-18.7063888886,-801.2650226127447,306.3179068019454,2352.3977401546717
310972,4.60572676123,43.8649218055,-696.773207091029,307.81117884330536,2352.5926527297893
310329,4.60580396023,46.1439750711,-494.4533141459541,422.60186362373344,2370.3452919343913
200527,-46.0606014709,-20.0956929976,-871.4897190090284,330.81095583162016,2355.7122821676485
310227,4.60638156228,46.3768789504,-574.5287115775149,363.9587039959784,2360.5953499216494
310796,4.60655234729,44.7307727222,-670.903665500982,315.3306852103955,2353.5883048852324
310362,4.60683766532,45.9814919917,-387.40399971155813,516.469461281614,2388.866922265408
200722,-46.0766666673,-10.7895517076,-894.0313451536291,342.35906634492795,2357.3617028716344
310785,4.60831587544,44.8225377528,-612.5437606262517,341.32551623774617,2357.211822448769
201281,-46.0847594109,-22.1522583807,-653.6217191196737,321.79132052342504,2354.462597244112
312344,4.60994581957,45.2351601899,-350.3803902819009,551.6154424764604,2396.7110931932916
201326,-46.1019965104,-23.5643004766,-566.4366563871927,369.2656771135659,2361.4194053897804
310358,4.61037319961,46.0056762987,-337.6749487675237,563.9124204755914,2399.5711462309096
310402,4.61053757762,45.8273634879,-522.9272531165414,400.30952391121116,2366.4725189174087
200650,-46.109444444,-15.9238888894,-887.8307623923104,339.0241850054616,2356.8796884601256
201294,-46.122222222,-21.7883333326,-703.7022613459794,306.256654005338,2352.3897648943785
310811,4.61422646893,44.534718919,-643.5621854807098,326.0510240875011,2355.0485638656774
200281,-46.1444444439,-5.81805555624,-808.9268864393609,308.0576506839096,2352.624913581035
201720,-46.1468626281,-23.7354338687,-483.1668265559314,431.8067544428897,2372.003697518152
310204,4.61485975498,46.8359830774,-596.6757535592219,350.28785983379794,2358.5262459010764
312066,4.61517701101,45.006960931,-363.98966511605107,538.5718318698406,2393.7426941801655
201721,-46.1640997265,-23.7686354115,-503.0021615183093,415.7636955080955,2369.135690153654
312739,4.61824020426,45.2936702618,-398.152376238949,506.47961700562496,2386.727062380499
310343,4.61861122429,46.0601549092,-636.0040277906359,329.48252911806526,2355.5260993780817
200637,-46.1983659523,-17.2500000001,-805.147119929723,307.1690510406694,2352.5087234215534
201327,-46.2226561963,-23.5833333331,-394.7174335999745,509.6608554639116,2387.4041667571682
200526,-46.2279142768,-20.2144337414,-706.0019902229052,305.7848512496195,2352.328387600471
310330,4.62285366664,46.1351583654,-522.4525520343486,400.6694064970646,2366.5334227853177
310978,4.62290980765,43.6811803323,-733.4668180877186,301.8883629372809,2351.825046965491
310092,4.62668010396,47.2226613304,-570.3551629718468,366.6759304376403,2361.0158207474155
200648,-46.2811437302,-15.5225308312,-756.020086706962,301.1372844982443,2351.7287539111007
200649,-46.2902717529,-15.0309777015,-776.7919001092332,302.4174977237091,2351.8930270713317
200525,-46.303184783,-20.1477470259,-711.8500482175143,304.68519396959454,2352.1856931971956
201305,-46.3055555562,-22.0030555564,-721.5537889276052,303.18093694967934,2351.9913155424206
312874,4.63121249233,45.1570900075,-328.5686004356012,572.7928333601993,2401.6736035119525
200256,-46.3140027969,-1.79949482475,-599.3266072284598,348.7402563853581,2358.2968927344596
201312,-46.3219444435,-22.3183333335,-641.299578766459,327.0578365196046,2355.1881657918902
310335,4.63474228163,46.118598273,-394.18530568734843,510.15464129761716,2387.5096284402252
312349,4.63490077464,45.3140490464,-413.4402958408199,492.45583519688324,2383.7905145957648
200636,-46.351874428,-16.8355735038,-781.5514457979993,302.97533003047056,2351.9648208390267
310332,4.63534411368,46.1268936827,-517.547063337103,404.4127658679634,2367.170072693185
312350,4.63551185469,45.2856455411,-495.53905063399304,421.7268354082912,2370.189442124991
200623,-46.3563369484,-17.6640806384,-927.989566253131,362.57057116600566,2360.3817248345504
201295,-46.3605481167,-21.2775522514,-661.2367264349982,318.80807115227105,2354.05672278497
201343,-46.3652777781,-23.0516666672,-753.8830881524066,301.1127639395534,2351.7256141957973
200524,-46.3686364584,-20.3269419727,-707.6923705622397,305.45219255592355,2352.285167617758
310363,4.63897868598,45.9808559416,-443.0976074595757,465.9388792281683,2378.454016169681
200647,-46.412222222,-15.6097222224,-871.3695103011587,330.7537365290254,2355.7042475839776
310350,4.64145930018,46.0233345591,-372.8151346631462,530.188540439194,2391.870472302028
312352,4.64380417438,45.2772217714,-455.35252490739197,455.2765418588498,2376.388267397446
310231,4.6440894734,46.7390470694,-636.4108565194139,329.2928934829341,2355.4995813108617
201306,-46.4649553734,-21.7330668501,-623.0167462359525,335.82257767013965,2356.4212848152383
310369,4.64665456061,45.9352443588,-495.5153451925562,421.7459202730516,2370.192837961554
201328,-46.4666666665,-23.4814917877,-488.67794769455696,427.28759601647687,2371.1851799399437
200624,-46.472777778,-17.2549999995,-992.4779374177197,408.5439289475382,2367.879348644515
310814,4.64792222572,44.3683425452,-706.3913315624602,305.7071674885463,2352.318290561707
312740,4.64795012272,45.4189139981,-422.4478932290635,484.3016739328249,2382.1193461351636
310692,4.64829141475,45.5398768971,-485.41954397000796,429.9539643040691,2371.667109709553
200261,-46.484939904,-4.29722222241,-719.819814795287,303.42017526418647,2352.022166267706
200262,-46.4980352871,-4.20612522587,-815.9049308032945,309.85164420122675,2352.860495072219
310232,4.65177332704,46.5439062002,-800.1105158953912,306.0768851252865,2352.3663676105557
310405,4.65229511908,45.8565981533,-420.63260262828373,485.9382203152833,2382.4526064164356
310786,4.65313134915,44.8515581942,-623.610087822836,335.5210469787192,2356.3783314279094
201173,-46.5358792482,-18.601530691,-739.4452818800964,301.4722412860815,2351.771668364796
201188,-46.5419444438,-19.472700662,-698.1902241172988,307.47712010898226,2352.5489680871246
310345,4.65521390232,46.0553212218,-552.1816423426584,378.98954476484175,2362.959488205065
201172,-46.5561098229,-18.8352724113,-780.3196112817869,302.8215679193787,2351.9450184590696
201344,-46.557222222,-23.1055555556,-504.6629545789483,414.44919494688196,2368.9053596649655
312345,4.65666016344,45.2402972693,-446.9372502821018,462.5784775788134,2377.797997260578
200621,-46.5726797973,-17.5016789619,-865.1301292789212,327.8500968349552,2355.298315256896
201187,-46.5729947653,-19.5174999997,-672.4852657998189,314.7954578223469,2353.516655586457
200625,-46.5869637675,-16.8727280629,-909.0647742904764,350.91464401262954,2358.619417209947
200254,-46.593798391,-1.73133777711,-636.7163206161176,329.1508722498805,2355.479731298943
310359,4.65939325167,46.0014994193,-356.0352062229246,546.179051150016,2395.465721685955
310396,4.66016415773,45.8637388209,-406.60244502004275,498.7004293492879,2385.0883811906106
310336,4.66016851773,46.1237673234,-381.51289612923836,521.9878510404704,2390.0660627880416
201313,-46.6041666669,-22.2725218877,-790.113987856836,304.22427553582236,2352.126033545519
200622,-46.6166666669,-17.514614227,-802.1687087785605,306.51044488903534,2352.422819282995
201340,-46.6354426995,-22.8847733163,-527.3012699673593,397.0134363739293,2365.917187164149
201189,-46.6372222216,-19.3233333327,-773.4084297506138,302.0806173300803,2351.8497331300323
201315,-46.6475000005,-22.5225000004,-597.4833120024541,349.8143087204573,2358.455960674876
200620,-46.6482502285,-17.514141973,-778.2064467093384,302.5730565497924,2351.9130346182374
310370,4.66508192714,45.9522566173,-470.93236462906725,441.9986938657443,2373.8802230180668
310364,4.66512306914,45.985505272,-512.813255918297,408.06648059487753,2367.797018420788
312797,4.66512681714,45.2691002537,-454.3710103898776,456.1236496010823,2376.550704610085
200634,-46.6647222219,-16.5005555561,-938.6684346422041,369.5512375297711,2361.4640765883073
310352,4.66864202643,46.0312186398,-510.48745201925624,409.8761651328968,2368.1095706494098
310228,4.66887998745,46.5566853713,-845.0820509534165,319.4335478462307,2354.14151217528
310346,4.66888810445,46.0600494352,-557.7577750559922,375.1305974116875,2362.343631432932
310755,4.66889001445,45.2398823503,-338.9150143892019,562.7073527629677,2399.2882346043357
312346,4.66939622049,45.2434639836,-436.8258790166402,471.4652137425191,2379.5427955022287
201307,-46.702312765,-21.2937657187,-664.4632345046582,317.60841810955054,2353.8945547987773
200253,-46.7066299814,-1.8557826344,-684.1150408781621,311.1581287682637,2353.032904350436
310366,4.67155287167,45.985315105,-617.4728255175407,338.69338740121674,2356.8321277780037
200631,-46.7187476114,-16.5311727596,-892.276018019794,341.403189721568,2357.223070863117
312325,4.67242250674,45.1598658277,-410.2081659850837,495.40180199157965,2384.400849956606
310229,4.67290539978,46.4681947799,-760.3496105766263,301.2483991385093,2351.7429846479395
201329,-46.7314794314,-23.3354403376,-638.6814355573541,328.24473656833646,2355.353280283469
310203,4.67336142282,46.8891560938,-643.2649258498975,326.1822916950524,2355.06674115039
310091,4.67340940483,47.1226379101,-569.8764056882854,366.99035546116335,2361.0646727395656
201296,-46.7352926527,-20.7351325435,-813.8512067316396,309.3031167685189,2352.78832152406
310090,4.67358151084,47.0861550881,-710.3773980406687,304.9485141908877,2352.2198162936456
200635,-46.7477838028,-16.1347222218,-938.4001097775449,369.3724528362769,2361.4361047404122
201314,-46.7519003801,-22.2771775821,-612.3179678093795,341.44785737109515,2357.2295406176704
310373,4.67643690208,45.9761942382,-87.52202173853108,821.5922614252711,2472.844174607687
310233,4.67694996112,46.5741428927,-349.67067827974336,552.2993679366687,2396.8685945792954
312799,4.67695704512,45.2311623786,-494.4868132737473,422.5748376009694,2370.340473693762
312798,4.67710230313,45.248373037,-435.5372043217623,472.6063544276187,2379.7691556330933
310902,4.67723196414,44.1473683979,-455.49547695216717,455.15326733194405,2376.3646531246472
201342,-46.7808333325,-22.711388889,-662.633169156863,318.2841048345122,2353.9858196785276
200633,-46.7977524309,-16.2477408702,-1022.4653550749865,432.59515060364646,2372.1473462209456
200632,-46.8020796983,-16.232759278,-1024.0724606380481,433.9238386842815,2372.3900112830906
201318,-46.8061150966,-21.9771361963,-768.0316895462229,301.6477393409662,2351.7941717987987
201297,-46.810517079,-20.8101244907,-794.7204010565621,305.02555279938895,2352.2298050398595
310337,4.68107329046,46.1267240917,-531.5979372797065,393.8113149500425,2365.3819606228426
200626,-46.8186111106,-17.0396660237,-866.1652352612457,328.32273776022674,2355.3641518855748
310353,4.68188108153,46.0309327488,-577.7251358543235,361.90687868443206,2360.2798682987554
201345,-46.8320498618,-22.9853138777,-606.2681861573049,344.78243886970137,2357.714867835002
310317,4.68557057483,46.2225324816,-497.6054536308099,420.06667272616545,2369.8946131405323
310903,4.68573517785,44.1143337702,-504.33871526748806,414.70546353718487,2368.950208287391
200618,-46.8604650131,-17.6181196796,-874.5664821867208,332.2917091733743,2355.920679446285
310374,4.6864179549,45.9691298286,-636.6571756330762,329.1783464043036,2355.4835706492954
201330,-46.8762029414,-23.1833333331,-552.1555579794104,379.00775892585017,2362.9624096001357
200255,-46.8769444445,-3.34338132349,-753.1379063366766,301.1089282483707,2351.7251230805364
200630,-46.8801485497,-16.3478667365,-888.1453860840961,339.1905806949488,2356.9036293173845
310756,4.68930627814,45.2230141799,-464.14348909860814,447.7447770949422,2374.9568108226895
201308,-46.8974330592,-21.5982662319,-691.4895935748439,309.1293139813232,2352.7654793072443
201316,-46.9336185492,-22.372767935,-643.3402391210454,326.149005040607,2355.062131101059
200260,-46.9358934293,-4.69583333339,-886.5472297248513,338.3485202858516,2356.7825926539995
310093,4.6936688865,47.1730044053,-475.80135006663664,437.91685789158294,2373.123604510081
310338,4.6936894595,46.1311902491,-510.5651334007457,409.81556933053866,2368.099083383758
310375,4.69374169251,45.9773257093,-357.0713525025216,545.1854571381405,2395.2393722824872
310360,4.69413768154,45.997670061,-559.9430366974665,373.6374310586741,2362.106982705357
201179,-46.9644072547,-18.9023326958,-804.5082471130357,307.0246800803501,2352.489877137779
201309,-46.9645039467,-21.418541841,-697.3541530089908,307.6732223708308,2352.5746066004654
200178,-46.9649999998,-8.03444444363,-846.4391218549725,319.95785429984784,2354.2127126462988
312326,4.69757037382,45.1566128634,-559.4803936851628,373.95263885703,2362.1568626925305
310757,4.69795360786,45.2189521666,-467.79272481960277,444.64827146688447,2374.37498158479
310406,4.69806846987,45.864672663,-478.85713066302543,435.37231714802886,2372.65537371025
201341,-46.9870870516,-22.710992623,-472.200920094295,440.9320131957537,2373.6818464398593
310812,4.69877463792,44.4519667891,-577.3436950357462,362.15038125740745,2360.317217346467
200617,-47.0108333325,-17.9150000001,-769.4278136618507,301.7480253684904,2351.8070368699605
201299,-47.0144449468,-21.1354973686,-621.4364435820987,336.631100704177,2356.5366463983933
201186,-47.0187909082,-20.0140236818,-638.6005621557445,328.28177065883426,2355.3584416823232
312691,4.7020628132,46.0851811233,-518.1529433342885,403.9480357397561,2367.0907214205563
310855,4.7020908992,44.2196234979,-518.7624903575693,403.48116654660197,2367.011094104776
310925,4.7021654872,43.8977549013,-639.1506297417113,328.03031763541793,2355.3234081852274
200619,-47.0222222225,-17.2306741675,-888.1096348001058,339.17165751773484,2356.9009060884614
200186,-47.0487197707,-6.19325496729,-893.4857223913392,342.0609538860577,2357.3184265242407
200167,-47.0561352123,-14.4508333325,-1207.130542911092,603.4288301394832,2409.1639257013603
201331,-47.0607576657,-23.1479040661,-546.467479475822,383.015034478968,2363.6084668350227
312444,4.70609329053,45.1595677787,-592.3203876098102,352.873010467199,2358.911577268946
201734,-47.0688963274,-23.9354618333,-669.9274155158105,315.6658331689188,2353.6332310042512
201735,-47.0931089094,-23.9390199626,-652.7599062452251,322.14219492464406,2354.510577935073
201175,-47.1063665755,-18.2687844084,-637.1137132062005,328.9665796617513,2355.453985623925
312631,4.71081956992,44.2562387949,-564.9596782372882,370.25134173855105,2361.5737388268185
201174,-47.1219444437,-18.2983333329,-722.9431031939716,302.99858253043357,2351.967816291867
201317,-47.1341666668,-22.2979970638,-550.9705019301132,379.83683526467667,2363.095531137319
310347,4.71428297021,46.0644250405,-533.4256788858584,392.46011192584876,2365.1573747448883
201176,-47.1559015616,-17.030672424,-786.7418229542366,303.6949232252224,2352.0576256227346
310339,4.71645585739,46.1269303647,-617.497372208453,338.6804655739652,2356.8302708550486
201738,-47.1772222223,-24.2888888885,-612.6176306370679,341.28552466732657,2357.20603198039
201332,-47.1810516076,-23.11046698,-657.1129825200693,320.39733055005945,2354.2724815281867
312693,4.71830914854,46.1644390428,-371.3945021450533,531.5338415368002,2392.1690351135617
310407,4.71872022557,45.8476444136,-633.5962547861527,330.6161912207426,2355.684939408195
310801,4.7190080336,44.5776148405,-731.2761824658953,302.079859389596,2351.8496357773643
312158,4.71976777566,44.6096675922,-471.3731049402804,441.62783781557835,2373.811200367659
310355,4.72252524689,46.0186913337,-314.83602086371735,586.2839720463944,2404.9268936364324
312348,4.72275992091,45.2066166906,-457.32576692416444,453.5772219634645,2376.0632912743245
310856,4.72278071091,44.1519270413,-676.3389692878776,313.5316711074772,2353.347950610944
310412,4.72313240394,45.9356716969,-442.4613791775961,466.4973948291785,2378.5634923709085
200629,-47.2316087008,-16.2063053048,-626.5176042973603,334.0596823016486,2356.1706939856376
310854,4.72352167697,44.2739411694,-580.160609416549,360.3608374368249,2360.0433049025714
310318,4.723885033,46.22768608,-615.6003721915799,339.6845448449258,2356.9747681856475
310361,4.72405867402,46.0142234124,-754.515508740355,301.1179318135845,2351.7262758911747
201300,-47.2527095486,-20.9848065891,-725.4442774136392,302.69126611999616,2351.9282451730132
310094,4.7262547852,47.2099354593,-505.8796960451066,413.48910188293104,2368.73757626995
200179,-47.2646763066,-7.96466613885,-871.5439428413792,330.8367820170492,2355.7159090587893
310857,4.72700018226,44.1519319483,-797.1235100759749,305.4791888960105,2352.2886733362143
310409,4.72704006826,45.8853858777,-546.2223021063659,383.18933044897983,2363.636717185452
310410,4.72778697832,45.9111728009,-473.25970999838586,440.0434386402157,2373.516946589509
201334,-47.2981001833,-22.9598133156,-833.0138743673452,315.07268666739645,2353.55375246479
200185,-47.3013828636,-6.53527777759,-1107.9758176284654,507.82287304163657,2387.012471320907
200180,-47.3106268184,-7.70985231977,-872.6086540365159,331.3458606633939,2355.787457992772
200627,-47.3197222221,-15.7263888891,-798.590477726724,305.76805254414,2352.326203955123
310380,4.7322862977,45.9525866943,-395.79705845633805,508.6598107441551,2387.190664970765
312695,4.73449491588,44.7602352976,-667.7913743042561,316.4117903418673,2353.733393765026
310758,4.73544228996,45.2020281982,-406.0732836191788,499.185586254026,2385.1898702998587
312741,4.73623191802,45.4140850677,-677.5598894483752,313.1432972083798,2353.2962398397312
200628,-47.3651545749,-15.9268394986,-679.0489345585121,312.6775113676293,2353.234304945501
201739,-47.3725905425,-24.2481043622,-736.1827272405799,301.6799818471286,2351.798307530764
200184,-47.3855568006,-6.28846247216,-985.7450895565071,403.3519887245727,2366.989077850878
312041,4.73876740123,46.3321219297,-603.4734916193938,346.35918463900833,2357.945960500597
200181,-47.3895483249,-7.46402018743,-824.5807773519055,312.3553024966808,2353.1915142748317
310378,4.73944692829,45.98590945,-543.1914908130375,385.3544485347657,2363.9886883956983
201335,-47.4018403139,-23.4161256783,-785.3447390360999,303.4898563437618,2352.031156417967
201180,-47.4021106539,-18.4905668488,-906.2384138741298,349.25685018039644,2358.3733409397278
310348,4.74024258336,46.0689210589,-730.8594003672625,302.1186568796107,2351.854619378507
310797,4.74047372837,44.7315952353,-724.3016686428384,302.82830726351193,2351.945886183899
201182,-47.4062016543,-18.7808333328,-759.4479140353461,301.21847786681917,2351.739152045925
312327,4.74353889563,45.1848682118,-437.9672859881258,470.45606672617157,2379.3430560927404
310691,4.74357272763,45.6891154635,-499.6010089581133,418.46998304479007,2369.6121190116305
312042,4.74376949965,46.8773979528,-783.3594031972893,303.2128467678451,2351.9954290564306
310319,4.74491122374,46.2187999233,-517.8926963171913,404.14757220894285,2367.124780821591
201183,-47.4563888894,-18.9780555561,-704.179421754605,306.1569437845024,2352.3767857392127
200187,-47.4599758987,-5.78542742254,-625.3863743142953,334.62504566552445,2356.25091809933
200183,-47.4605555558,-6.86472222184,-911.052498769722,352.09382940144127,2358.795144254764
200172,-47.4719058007,-9.99351075572,-886.8288667905395,338.49634135842206,2356.803818940032
310411,4.74722782393,45.9482169699,-702.3267852559766,306.54939523169907,2352.4278946599406
312058,4.74740606295,44.2824136861,-933.628714255267,366.22210639662273,2360.9453824836487
310684,4.74757299796,45.1441773824,-576.0403879915012,362.9851471280906,2360.445442049632
201319,-47.4769943011,-21.8478184776,-536.4224388505569,390.2590500445741,2364.7931397902385
201310,-47.4770944911,-21.3155271405,-521.7540000779957,401.19975930655966,2366.623272666126
312795,4.74791871099,45.3889913236,-585.8395290402672,356.8152093626962,2359.504516098629
200182,-47.4813743465,-7.33705506892,-595.634769007983,350.90097400193275,2358.6173834288566
312039,4.74823724502,46.251853563,-486.74063144013763,428.8709648098566,2371.471014436866
201301,-47.547860882,-20.7348090695,-620.9438190669807,336.88474702522296,2356.572893130092
201177,-47.5560742517,-17.502389422,-884.4344242277459,337.2474356304448,2356.6247687522496
312328,4.75590051765,45.1895038541,-495.20054296102444,421.99944751485504,2370.2379630661826
310686,4.75608045267,45.6688263708,-660.2900837473577,319.1673705909539,2354.105409344965
310341,4.7565192447,46.0477636282,-398.9161418802593,505.77373512287954,2386.5773691622553
310095,4.75677470972,47.2483859325,-508.0448721664708,411.78684755556236,2368.4410222078636
201336,-47.5683718097,-23.6392529978,-717.1114610586053,303.81965211057883,2352.0737337221967
311990,4.75685439273,47.2484675085,-384.83039521771605,518.8765827194493,2389.388494144871
312978,4.75813815284,45.3525061566,-549.2138596959907,381.0714443374447,2363.2942926234787
310853,4.75950727695,44.281605387,-683.3882407091576,311.3698642322054,2353.060912983186
201302,-47.5981460981,-20.7185450831,-654.747602524812,321.33696037134143,2354.400541530259
312358,4.760072681,44.5478515461,-740.5358602310104,301.41317985125295,2351.7640980432807
310693,4.76062965704,45.5858233609,-574.0799680449614,364.2488015923894,2360.640094829954
312784,4.76065261704,45.4854957846,-360.6699855105743,541.7408091188273,2394.457678081198
201737,-47.6097681371,-24.2062580907,-539.3997523086337,388.0902066267856,2364.4361857188924
312355,4.76111539408,44.5564186828,-663.6468747578351,317.90828662504464,2353.935034482081
200164,-47.6113888892,-15.5063888889,-748.7879086222125,301.1351951406863,2351.7284863711843
201741,-47.633190725,-24.3268595657,-654.3367461835171,321.50223542739303,2354.4231045506867
310340,4.76468460838,46.1148553097,-469.76634970106824,442.9811227986323,2374.0633401434807
201736,-47.6470052352,-24.1771845453,-631.6879516446336,331.5283553984077,2355.8131331433005
312067,4.7650102794,46.3014598521,-565.613988904261,369.81404799654916,2361.505218701173
310316,4.76509701541,46.2445602104,-563.3771505097842,371.31316138380805,2361.740445449948
201346,-47.6519965096,-22.7142852552,-513.0486954308808,407.8838172654644,2367.7655450327698
200173,-47.6744251225,-9.96038799898,-990.9150558255078,407.33151985330426,2367.6704658637113
310813,4.76812262166,44.413992083,-578.4683017531661,361.43351702539184,2360.207333071954
310206,4.76867492771,46.9228545936,-557.5854745855229,375.2487914105651,2362.3624030432693
310904,4.76876416072,44.0727498997,-690.1942204215266,309.46982640996197,2352.810243371848
201178,-47.6892423337,-18.1100201673,-814.4432352534195,309.45949235188573,2352.808884134869
201197,-47.6895349867,-16.4311161404,-679.31210389287,312.59609277865945,2353.223488128097
201184,-47.6899999997,-18.7380555562,-901.2726405714945,346.39882120277287,2357.951783049847
310769,4.76924592875,45.0601571994,-459.5240758246659,451.68997116258015,2375.7037479252617
310688,4.76953287278,45.6058194786,-595.2759886690008,351.11298419820906,2358.648934354126
201333,-47.7186631771,-23.1017149713,-772.1178009752938,301.9652214556495,2351.8349140248006
310237,4.77286270005,46.5742355637,-497.38906885930055,420.24019548733344,2369.9253764117793
310687,4.77293072206,45.6143247343,-520.9657023181765,401.7993363295107,2366.724989205995
200177,-47.7645350289,-8.39329388032,-835.5403787199073,315.94018890343756,2353.6700428950576
310800,4.77669931137,44.7100953645,-662.4083595326642,318.3679681164171,2353.997160359345
200252,-47.7679049622,-2.50611347321,-620.1705507321968,337.284427240624,2356.630062762571
312785,4.77692648539,45.4726075666,-996.66905420026,411.8162890026719,2368.446141195787
310283,4.77710654641,46.4154972666,-477.56332393198994,436.44802474693466,2372.852997166656
312382,4.77719298041,46.1108126474,-684.8908223332159,310.93444298659267,2353.0033352489463
310663,4.77729168042,45.7309936089,-494.66640307506657,422.4299807088066,2370.3146534709113
201181,-47.7975756666,-18.4147609075,-757.323270286357,301.16207747900376,2351.7319287641503
201337,-47.802139118,-23.4816233277,-771.0341494778484,301.8739317540143,2351.823194572651
310694,4.78141399576,45.5812644716,-546.4349440201345,383.0381564759638,2363.6122137892644
200174,-47.8146702811,-9.31020845018,-966.7725132443906,389.1776324069983,2364.6149152500916
312689,4.78157373777,46.2019399809,-652.5193483828743,322.24061031423065,2354.52404506579
310287,4.78160530678,46.2853112038,-477.332658290652,436.64006072114273,2372.8883265935306
201339,-47.8185205694,-23.0333333326,-800.8996035647338,306.2410178394083,2352.3877292794655
312040,4.7819206348,46.7900323826,-348.11433021757034,553.8004207836791,2397.2149202600635
310759,4.7854529351,45.2064600605,-444.87479348316754,464.38131600463373,2378.1493801928164
201298,-47.8774864123,-20.1643774293,-617.5638169525433,338.6454971731313,2356.8252460912154
200168,-47.8858333329,-12.6222222222,-1052.1509429156715,457.71977348394455,2376.8575596563364
312692,4.78975261745,46.1979262936,-578.5883203953119,361.3572021685701,2360.1956476988044
200175,-47.9310978147,-9.31004311617,-846.7525162153553,320.0798938375063,2354.2293019789536
201190,-47.9355927451,-19.0686111106,-384.58535765654085,519.1060666974242,2389.438339095477
201199,-47.9406907255,-17.0388548967,-769.3490454316241,301.7421408665824,2351.806281867627
310284,4.79436334283,46.4063816318,-385.86577531988127,517.9074922139151,2389.1782349478635
201196,-47.9442112938,-16.0647222221,-681.814444132528,311.8355341868451,2353.122578243402
312329,4.7976249881,45.1936629675,-449.16922698370036,460.6332639613203,2377.4203397222254
312381,4.79783369312,46.1312047721,-520.2503998566482,402.344387223804,2366.81758354711
201304,-47.9788888886,-19.7272222221,-695.0891841698148,308.2189134325745,2352.6460350964057
310735,4.79819260815,45.3234153092,-956.3789922807324,381.71821150093876,2363.398667353597
310788,4.79842887017,44.8231044918,-591.8343156277938,353.1647522046774,2358.9552369761223
201742,-48.0013888885,-24.6899999997,-721.3172545266618,303.21281077143755,2351.995424415872
310924,4.80255930151,43.9520967928,-590.4509864281301,353.9985434832746,2359.0802098795966
310768,4.80270911952,45.0727810615,-591.5377365744919,353.3430757017854,2358.981940796428
201311,-48.0352133093,-20.9686509128,-571.2975939328933,366.05861624333954,2360.920027951661
201320,-48.0472655623,-21.4975620196,-723.4633755726555,302.93243396357,2351.9592954395225
312621,4.80637496683,44.1559725056,-607.1918763996947,344.26630707018444,2357.6394461496916
312003,4.80670220885,44.5437662877,-789.7290797011717,304.161401409619,2352.1179022244496
310238,4.80690108887,46.6226241917,-639.913772767082,327.68316338546384,2355.275084448436
201195,-48.0855940325,-16.3636086938,-834.5938530709665,315.6123362166872,2353.6260566686115
312678,4.80937486208,46.1814198792,-485.887965613271,429.5696599589828,2371.597470190622
310314,4.8096865451,46.2408499691,-603.9933217198638,346.0641853341124,2357.9026460454734
310776,4.81043637116,44.8187699745,-819.609888040778,310.88412083271913,2352.9966860246986
200176,-48.1060410952,-8.38944773,-845.33391645198,319.5303456039165,2354.1546486199754
310760,4.81071407719,45.1853844198,-508.0831768561713,411.75680469004044,2368.435799017114
310746,4.81080411319,45.3113058642,-628.9901637952778,332.83830686633615,2355.9978366660125
200166,-48.1355302086,-13.5313114054,-373.29282981744615,529.7365399395694,2391.770321248349
201200,-48.1393228619,-17.1295851012,-805.5683922323569,307.2651728884872,2352.5212760626578
200235,-48.1438780463,-5.63399184401,-857.2587908542291,324.3763184534534,2354.817288842321
310872,4.8144956175,44.1352848949,-522.1009201353825,400.93625811498316,2366.5786171028685
310415,4.81872611385,45.8979071228,-592.5534524821755,352.7333528132708,2358.8906897192533
201191,-48.1902777781,-18.9896899311,-808.5505770410263,307.96654845475604,2352.612986197351
200234,-48.1980656888,-6.03915964054,-999.0054162979926,413.6536190781335,2368.766300088238
310734,4.82250913616,45.3516803516,-992.4759777401271,408.54240602635656,2367.879085886584
310675,4.82264518617,45.6319620728,-511.4945476134485,409.0913908965281,2367.9738668243235
310210,4.8229629522,46.7482868271,-508.4111148117788,411.4997018646143,2368.3911147637646
312679,4.82302958521,45.3019516284,-639.1308032434588,328.0393631084855,2355.3246679822937
310215,4.82337550723,46.7566373118,-579.8093496860794,360.5828844175872,2360.0772200061992
201192,-48.2353096089,-18.989385301,-753.8308409113158,301.1124155263692,2351.725569585322
201202,-48.2354737389,-17.3272222215,-866.5107972320557,328.4813339516387,2355.386264418626
310795,4.82591718544,44.7692681744,-689.9316770645333,309.5396685701047,2352.8194308692227
310665,4.82667116051,45.6437084667,-543.185518261901,385.35873424493803,2363.9893870142782
310745,4.8278217416,45.3184436608,-689.2801165466321,309.7142008312979,2352.842398898373
201303,-48.2831907248,-20.2060582707,-644.2306842017273,325.75693699601703,2355.007866198818
200231,-48.297489866,-7.20554486104,-1032.645303491087,441.0746884331629,2373.708353743925
310750,4.83084598085,45.247869485,-1050.413397376319,456.2169486855142,2376.5686129639103
310762,4.83118486688,45.1769408271,-605.1608621233704,345.404467796215,2357.8059110602953
310315,4.83183919193,46.227498773,-396.3467387270823,508.1505462374238,2387.0822033391883
310417,4.83186136194,45.7979389475,-327.30715315751087,574.0272109013943,2401.9682984403676
311993,4.83187116994,46.9354267116,-437.5243819030169,470.8474719785804,2379.420477705843
310744,4.83226821097,45.3224980151,-565.4811656583838,369.9027354444152,2361.5191088675406
310871,4.83486778918,44.1313132476,-734.4946691874941,301.80571649288623,2351.8144396114812
200171,-48.3852958533,-9.56705766944,-742.7423360570833,301.3096114691712,2351.7508264739668
201371,-48.3897222216,-23.5638888885,-811.844621968809,308.7836812340723,2352.7200916500346
310775,4.8399201886,44.8522364702,-600.3786467678684,348.1315520547383,2358.2069555900566
310323,4.84028311963,46.1606062555,-664.1725853417144,317.7148950442437,2353.908923979485
200170,-48.4232354774,-10.7045913586,-764.0696741785968,301.40952259712657,2351.763629315138
310733,4.8434769119,45.3602625103,-501.2548766476941,417.15161876043175,2369.3796531775424
310773,4.84377788892,45.0151867527,-665.7614662086455,317.136684825178,2353.8309507522386
310214,4.84385605093,46.7604850061,-241.7228137632281,659.8315224011116,2423.9063731529427
310732,4.84419399196,45.368637134,-821.2528443279285,311.35953002045676,2353.0595455261737
310213,4.84451406198,46.7695183209,-115.75148713486305,791.4810097952042,2463.003584391163
201321,-48.4476215824,-20.4559050804,-810.0544643351038,308.3341049462877,2352.6611290473415
201373,-48.4560952361,-23.6013141936,-885.3465939060102,337.7211078237291,2356.692600770616
200232,-48.4680656891,-6.67302178198,-1121.5226839394106,520.4478700352705,2389.7302051239035
310065,4.84749184223,47.532364411,-601.6712747851686,347.3879515958434,2358.0972958661478
310849,4.84762443124,44.1813286977,-359.44439756594744,542.912867236055,2394.723125805519
312359,4.84940170539,45.1812999935,-491.8707330060052,424.69074659097083,2370.718603735432
201372,-48.4946391183,-23.5642535296,-895.9899145106174,343.43648091831045,2357.518416531
201203,-48.4974999996,-17.5730555559,-744.9532968905139,301.2272312361059,2351.7402732222477
201732,-48.502440497,-24.7436111111,-660.572895134178,319.0596825774476,2354.09081152442
310743,4.85093545351,45.3279130116,-479.55601652569914,434.7922539356315,2372.549003063943
310870,4.85170143058,44.1267141772,-515.5495704392459,405.9496092642192,2367.43311481424
310914,4.85219430262,44.0017815849,-450.90831373091555,459.1218450947497,2377.127959639634
310852,4.85267962866,44.3022181237,-935.0581717012393,367.1601504230036,2361.0910706527025
200169,-48.526984335,-12.0230555556,-871.7825556705993,330.9505461762408,2355.7318887920237
200233,-48.5477941947,-6.40173778654,-956.2946155542913,381.6585891083807,2363.3890383298053
201185,-48.5518539021,-18.335648573,-757.8729157504356,301.1747691543952,2351.733554089937
310286,4.85598712193,46.4062709948,-594.8947219145971,351.338672722016,2358.682541336869
201232,-48.5599404967,-19.2440312191,-936.9359448879081,368.399903994096,2361.2841754266133
310309,4.85650233397,46.2732005528,-700.3092624676701,306.9930184385528,2352.48574516984
310848,4.85695002001,44.1771761404,-598.0657095373035,349.4739246310875,2358.4054977578253
310277,4.85850368514,46.4781916728,-552.9884039735256,378.4269409817256,2362.8693187559206
201374,-48.5856150578,-23.8003936491,-850.1691242270258,321.43356595188266,2354.413728548537
201733,-48.5895275492,-24.5857029311,-715.7662956030795,304.02972228897977,2352.100877915825
201193,-48.6016666672,-16.1473495099,-813.8461061604249,309.3017756939552,2352.788145223602
310097,4.86018392128,47.314925707,-602.0968992352136,347.1441498689034,2358.061392043364
201201,-48.6061111105,-16.6480951753,-864.6329913029102,327.62439269725127,2355.266908557823
200230,-48.6143008422,-7.1542940308,-1139.3600560738744,537.307744542065,2393.458602149234
312002,4.86468810965,44.8398396042,-893.7476321515502,342.2039426530083,2357.3391792918865
201229,-48.6555555556,-16.8358333329,-697.0321688347827,307.7495120673351,2352.5845850967753
310322,4.86848135597,46.1484019045,-783.7471013292104,303.2656111594112,2352.002231880143
310285,4.868929122,46.4023222175,-679.8949500302324,312.41674131141525,2353.199670259395
201771,-48.7097222221,-27.6927777782,-565.7970606824226,369.69187762525644,2361.4860897831622
201744,-48.7105345302,-25.3015556643,-759.3680260125589,301.21599887051235,2351.7388345292175
310700,4.8725648293,45.5685343765,-632.998153852015,330.9007870306746,2355.724898776341
310098,4.87446353646,47.3106908116,-703.7341837596496,306.2499536453082,2352.388892586648
310701,4.87637893562,45.5397669711,-766.5181069704751,301.5486331901413,2351.781462218827
310293,4.87659595064,46.3308941526,-945.6200327046049,374.24197306476407,2362.2026844156894
310414,4.87686770366,45.9185640355,-258.286177817083,642.943849719373,2419.363813433037
310239,4.87715987068,46.6816759166,-637.5747799942885,328.75342430122026,2355.4242254521923
201206,-48.780555556,-18.698333333,-820.5914430167174,311.1668537414447,2353.03405813104
312520,4.87966927889,44.5898100255,-631.4445976260467,331.6455413508835,2355.8296273192595
201770,-48.8019444437,-27.702777778,-671.8636392455544,315.00467786077013,2353.544649020165
310731,4.88030121794,45.3849508693,-733.7913584111805,301.8617702040166,2351.82163357853
201194,-48.8033333329,-16.2980555564,-807.6023009463839,307.7395551224423,2352.5832826159926
310724,4.88073434798,45.5274987071,-516.9308046004888,404.8861393032857,2367.25099084512
310199,4.88152587805,46.9979612038,-922.8684645587887,359.3237205515104,2359.8851675469855
201731,-48.8228385685,-25.0897438248,-685.4873704648292,310.7640685882215,2352.9808274150446
201205,-48.8230655695,-18.2499999999,-814.2581455321963,309.4104512078132,2352.8024343692578
201745,-48.8271404058,-25.4769444438,-633.0446651156101,330.87861298578514,2355.7217841648194
201749,-48.8272606988,-26.4476704391,-742.6284053272211,301.31443702494045,2351.7514447358035
201204,-48.8393044118,-17.7000000004,-742.8005711615522,301.3071668782708,2351.7505132708043
201764,-48.8478608815,-26.9061370621,-913.8806590386451,353.7902651659094,2359.0489650669497
201769,-48.8498573917,-27.2725788574,-836.0187641829345,316.10718575311586,2353.692465200591
310771,4.88510972034,45.1060655052,-443.3286588255513,465.73616848108077,2378.41431346364
201235,-48.8586111114,-19.5019444445,-910.5185957975477,351.77602973648703,2358.7477277052008
311826,4.88591751241,43.689627282,-593.6397339599935,352.0843888710835,2358.793735099364
310742,4.88681818348,45.3221145681,-586.9908744370882,356.10666222652355,2359.3974702748574
200228,-48.8814489853,-7.87638888855,-1070.2520199230792,473.59330224572574,2379.9653534850654
310292,4.88908345067,46.3269886623,-653.0431002969287,322.0266024413834,2354.4947654512257
201211,-48.8972222216,-16.4580555556,-842.5814803356457,318.48521060764784,2354.0130197671124
312629,4.89018131776,44.3645442799,-775.6452518034314,302.29776330182546,2351.8776340521135
310247,4.89048675479,46.5985555257,-612.6342660575486,341.2765208928795,2357.204728395485
310096,4.8906589368,47.3156378661,-733.2550432197777,301.90596313303763,2351.8273062520066
201375,-48.9145275491,-23.9813678881,-730.1377115001209,302.18762316765407,2351.863479765141
201767,-48.9196316805,-27.1019594633,-821.2369064400818,311.3548666312442,2353.0589284657203
201768,-48.9351918088,-27.2853624685,-726.6667691010891,302.5508927430036,2351.910183352432
310868,4.89382173706,44.1640382143,-466.25820416164237,445.9481758645705,2374.6187574880773
201746,-48.9394444441,-26.1766544617,-729.6999881627346,302.2305554131107,2351.868996454224
310671,4.8943081611,45.6274725614,-297.46820127312594,603.5062035646249,2409.183306765649
201730,-48.9478533048,-25.2147550911,-710.0766694356521,305.0034145060453,2352.2269343576586
201763,-48.9641815422,-26.9226154344,-857.8507942111777,324.63009875516826,2354.8522605197704
200225,-48.9682663915,-9.60361111146,-973.9913358831266,394.48864454783745,2365.4948231891085
312380,4.89758665637,46.1191207471,-448.5008415649645,461.2151382397004,2377.533148370123
312356,4.89805826041,44.6262622195,-556.2947484900134,376.1363361986933,2362.5035473552753
201748,-48.9814707046,-26.2479887156,-516.496101507504,405.2204651333833,2367.3081956560277
312379,4.89823425743,46.081891427,90.99865282171255,1015.3693120726987,2543.800170562984
310770,4.89833134744,45.1266650119,-327.67929112267547,573.6629535847549,2401.8812735380716
201729,-48.9997222221,-24.6555555559,-655.4426480890788,321.05875354275906,2354.362587003903
201233,-49.0091666669,-19.0394444442,-861.2803575982414,326.1243576816572,2355.058717851968
201774,-49.0140761243,-28.2643939655,-686.4996411786781,310.4782171950745,2352.9430913666215
310730,4.90185150873,45.3857491744,-736.0780628036192,301.68741614352683,2351.7992611863456
310291,4.90209639575,46.3486663301,-532.087375436203,393.4488401312834,2365.32163936703
312378,4.90227017276,46.0647065766,170.00457550881617,1102.4556398866468,2579.797066781641
200165,-49.0394384204,-14.517598108,-643.1303468934591,326.24182113667086,2355.0749868562257
200229,-49.0476872801,-7.61406187384,-1061.6921157201969,466.03833275491314,2378.4735011040716
201376,-49.0564335158,-23.7807262105,-778.7541014333748,302.6356084190265,2351.921082719494
310699,4.90598658607,45.5813209656,-373.3198564102617,529.71097257042,2391.7646586398887
312630,4.90602658507,44.3601576725,-867.2137571124488,328.8052042336541,2355.431453086338
201762,-49.0654203855,-26.9142203407,-871.3913860916257,330.7641458351917,2355.7057091299343
310278,4.90687110714,46.45665929,-670.5857301010478,315.43943334295307,2353.602877285165
201213,-49.0763888895,-16.9572222219,-827.8809878792816,313.38579989894174,2353.3285209327623
201747,-49.0808333328,-26.4770482306,-748.2269642191307,301.14462933589743,2351.7296944239015
201766,-49.0853683202,-27.1975592882,-665.4522501530596,317.2484698299231,2353.8460143914913
310718,4.9099813124,45.5276492041,-501.72207777508567,416.78001034964365,2369.314256253132
312826,4.91023809342,45.5346744767,-511.8368654025669,408.82504533516874,2367.9278674720194
310723,4.91024018742,45.5347194347,-466.3971873697678,445.8303106098514,2374.5966254746845
201773,-49.106666667,-28.4194444443,-747.2250648878025,301.1649159322161,2351.732292257293
201212,-49.107003947,-16.9138856733,-781.500504908867,302.96884169275603,2351.963985033345
201481,-49.1183333329,-25.443293557,-706.3651272167688,305.7123759827712,2352.3189674630257
201482,-49.1223945823,-25.4514618857,-695.2761176110812,308.17307952730766,2352.640030859508
200236,-49.1351366093,-5.32713937862,-675.6141814257821,313.7649694033715,2353.3790438180545
201484,-49.1482353534,-25.5182608532,-674.9392203175438,313.9840624567916,2353.4082644824193
310216,4.91802407206,46.7187705317,-589.1274838493094,354.80111541966596,2359.2007755509744
201236,-49.180277778,-19.3597222217,-938.0661466020151,369.1501726211094,2361.4013461932886
310668,4.91814349407,45.635446955,-514.065253032531,407.09625726263124,2367.630002879361
310728,4.91828871409,45.3978833754,-591.2529735912138,353.5145194877265,2359.0076268096127
201483,-49.1853162555,-25.4851454865,-716.8974975234153,303.8525492546152,2352.07798330451
311354,4.91860246511,43.8896393036,-729.1615418627903,302.2845077342643,2351.875930289145
310793,4.91873158812,44.752430191,-920.6152242945001,357.91649370340815,2359.6713085347765
312059,4.91920964916,44.2311471888,-599.4129227317983,348.69019669108,2358.2894905260773
201210,-49.1981001825,-16.68097366,-560.9302233266596,372.9664874835104,2362.0009459445755
200251,-49.2109238306,-3.51338305755,-658.4173732245723,319.88788244422295,2354.2032038870248
200237,-49.2228144636,-5.51479427615,-808.2479185705058,307.89369831566904,2352.6034509283077
310716,4.92264127745,45.5104684267,-575.9634921393418,363.03453207793984,2360.453036884727
201486,-49.2271850329,-25.5898132912,-743.8243029452584,301.2666199318118,2351.745318724462
310113,4.92284577546,47.4189163516,-542.7055504437698,385.7033877403532,2364.0455941397718
310321,4.92290283147,46.1272405527,-551.2185120704721,379.66307020091375,2363.0676068897533
201761,-49.2349999996,-26.8911111108,-1022.189787535804,432.3677059384323,2372.105878959821
201347,-49.2353298426,-21.8833333335,-906.1152749235832,349.18513203527954,2358.362721103728
201209,-49.2483394837,-16.4938086916,-869.4476872969195,329.84546674117445,2355.5768932019573
201485,-49.251741046,-25.4511652857,-748.3887110579997,301.141767301361,2351.7293279352257
201487,-49.2557887063,-25.6454262918,-813.291713270792,309.15663975999325,2352.76906979095
200227,-49.2594444436,-8.26944444407,-869.5865218200856,329.9106688984785,2355.5860241796145
201728,-49.2604960527,-24.826849269,-852.5874021399447,322.41719287019373,2354.5482186856093
310847,4.92653435877,44.2524596586,-538.6651752222485,388.62363650635893,2364.523799564874
201758,-49.2685590464,-26.7398090043,-1073.7521856198707,476.70659532061427,2380.586828048801
310774,4.9269005068,44.9565635639,-787.5524855054332,303.8177446926328,2352.073487339926
312864,4.92720813082,45.0437480441,-600.871539101275,347.8474479563256,2358.1650313129085
310907,4.92723134683,44.0439345884,-559.1545071739985,374.1749663515684,2362.19206951964
200222,-49.2725135877,-11.3161037012,-940.4727703519205,370.75789425672633,2361.653209938107
201727,-49.2730704307,-24.7976906716,-902.8575371146662,347.3033578207227,2358.084835244659
201760,-49.2730853067,-26.8271634065,-791.8167942148293,304.5099879896481,2352.163004692221
310200,4.92752241685,47.0076350696,-898.4386794059282,344.7995094337599,2357.7173642239313
201208,-49.276870065,-16.6140236115,-679.2354680390428,312.61977412397795,2353.2266340135216
201215,-49.2772817251,-17.2551184095,-941.5748024838108,371.4986541082653,2361.7696157461114
201772,-49.2935739224,-28.3598980714,-508.8109108648299,411.1865126975394,2368.33671932047
312863,4.93127954016,45.0689637582,-326.2361871635415,575.075986534147,2402.2191528138114
200238,-49.3146792532,-5.12805555615,-650.7256617412593,322.9809538971346,2354.6254828395927
310714,4.93163129619,45.4976221636,-606.2551163109309,344.7897598579,2357.7159384370607
201765,-49.3269072552,-27.3304985222,-623.2396605573656,335.7091638426102,2356.405124452327
201726,-49.3356224969,-24.7565112362,-821.9291918220629,311.55835687469215,2353.0858627758867
201489,-49.3396924702,-25.3440376598,-855.5537063340896,323.6522699582015,2354.717660295259
201725,-49.3418390274,-25.0097449392,-738.150635689519,301.5491088568423,2351.781523209509
201490,-49.3439707046,-25.3645740135,-840.5681405384812,317.7385060697212,2353.912110954166
201488,-49.3526736483,-25.6134818121,-845.9798801911306,319.7796694423822,2354.1885024028898
201491,-49.3602777779,-25.3866666674,-850.7270071403998,321.6586169845503,2354.4444639315016
311150,4.93728572266,45.01862121,-361.0031518957379,541.4223898559625,2394.385656508706
201495,-49.3770770393,-25.4886213838,-741.6554189013772,301.3579647398139,2351.7570220516845
200226,-49.3787834715,-9.18544763386,-879.5236685942167,334.7423301491138,2356.2675772184575
312659,4.93794626471,44.0318658574,-524.1417631312565,399.39069344536847,2366.3172639923105
201505,-49.3804129476,-26.156266622,-874.0548414422774,332.04331680022966,2355.8856576856565
201493,-49.3810144177,-25.4170739569,-841.6412842872335,318.1346336474215,2353.9656142312833
201496,-49.3812449927,-25.5184731023,-750.2060834880962,301.1175041857271,2351.7262211372145
201757,-49.384933059,-27.0351789778,-750.6930141114917,301.11346630695004,2351.72570412637
201377,-49.385472451,-23.1849153892,-688.5702818575002,309.9062923557779,2352.867692391348
201494,-49.3860590461,-25.4270739457,-805.2719199648513,307.1974502237929,2352.512431695374
201509,-49.3930555557,-25.9344444437,-748.852257521001,301.13420120437803,2351.728359099384
201497,-49.3933333327,-25.5354948677,-762.2804224237217,301.3244582803759,2351.7527287143184
312827,4.93939235883,45.5104449617,-550.9352527055997,379.86154309751385,2363.0995027255426
310722,4.93946973784,45.5434725534,-603.5009734332332,346.3435694009592,2357.943666825541
201492,-49.3980927451,-25.3769082225,-845.5541305797224,319.61517000021473,2354.166163369007
201214,-49.4144965104,-16.7559677472,-863.4434671417993,327.0877630690817,2355.1923217875046
201498,-49.4264422424,-25.5726336527,-726.9047586718334,302.5243173750783,2351.906764831578
201499,-49.4396168035,-25.5581127365,-806.2804998847695,307.42932186451856,2352.5427213547814
201724,-49.4405555556,-24.9016666672,-789.9121370819048,304.19122485912425,2352.1217589951793
312837,4.94408032922,45.514338817,-730.938772268816,302.111210077395,2351.8536627757494
310698,4.94464421427,45.5802124065,-429.5567186925807,477.9266320382912,2380.8314374328866
201234,-49.4498648304,-18.9430045112,-862.08180405543,326.4794276441388,2355.1079135640744
201216,-49.4519965095,-17.7506832456,-892.4811022434951,341.51439250854224,2357.239179240783
201378,-49.4602493142,-24.0334643104,-931.2312248112373,364.66003200995056,2360.703583002911
201382,-49.4643849416,-23.6977675656,-782.4828160659698,303.0959295216016,2351.980359261073
201776,-49.4770485746,-28.7504298807,-649.2234743073255,323.609791914513,2354.711822130308
310276,4.94778262953,46.5145368878,-590.3546603959006,354.0567962657249,2359.088951870877
201723,-49.4812016539,-24.9304078136,-879.3120431215648,334.63609438250063,2356.252487217967
201207,-49.494166667,-16.3463888894,-881.1749423108672,335.57617260500086,2356.3861813118633
201500,-49.5129055086,-25.6057088005,-854.8964906534645,323.37593025840044,2354.6796937434547
201510,-49.5146316797,-25.8641666669,-822.8706319554923,311.838131039829,2353.12292237947
201755,-49.5166666669,-27.0560594695,-888.1853896030595,339.21175923713747,2356.906677291665
311994,4.95248175092,47.1349425541,-810.5847873866361,308.4659256184413,2352.6784087768824
310709,4.95249386292,45.5062441303,-842.6406264006775,318.50737455706474,2354.016018531844
201380,-49.5518560428,-23.714652456,-799.6290077475346,305.9780084466144,2352.3535043675383
201381,-49.5521255288,-23.7218131476,-791.9468763877891,304.53232090597146,2352.1658960059895
201775,-49.5563162972,-28.6122977282,-596.7493293708437,350.24463966640474,2358.519827237484
312377,4.95623264823,46.0930170049,169.0355163390507,1101.3837924602963,2579.339203391347
312493,4.95625643223,45.0597643844,-641.7215185952535,326.86874671035827,2355.1619149080348
310208,4.95634512524,46.8805002901,-578.267942367756,361.5609986871999,2360.226858509361
201502,-49.5726810845,-25.4594444444,-838.3755995834249,316.9425727758204,2353.8048054787887
200220,-49.5729093735,-12.414413752,-1055.3519542811116,460.49822127878224,2377.3941784353315
201379,-49.5773438039,-23.9643078207,-788.3991439971751,303.9490186213628,2352.0904476184946
201501,-49.5850520655,-25.5795928863,-810.3855150233334,308.41625834672675,2352.671897283996
201777,-49.5882961438,-28.8519789531,-679.7951305891751,312.4473627113517,2353.203735829637
201722,-49.5948722684,-25.2351101618,-709.3388297109582,305.13973107802946,2352.244613840077
312446,4.96002001954,44.1524269083,-586.9350464010295,356.1409382405269,2359.402643837657
201217,-49.602276863,-18.3380717652,-811.6912271895817,308.74464607771483,2352.7149687837104
312000,4.96053595958,45.2272399253,-607.2856493263193,344.21404939168036,2357.631815966162
201751,-49.6058333333,-27.3986111108,-770.8879553645706,301.8620075983652,2351.8216640486576
201507,-49.6059002743,-26.2146961469,-738.848572545271,301.5067592911483,2351.7760934569287
201778,-49.6060949483,-28.9589604389,-728.5342375743404,302.3489503614391,2351.8842139106137
201752,-49.614384942,-27.2147542296,-874.8051977119959,332.4078939794654,2355.937069583385
200241,-49.614614598,-3.44681799805,-509.23542051885556,410.8542652696918,2368.279057701516
201385,-49.6166666672,-22.9015854247,-843.9619640805195,319.00590113556717,2354.083522905803
201506,-49.6231076207,-26.2688524353,-889.3134347421953,339.8109853339697,2356.9929939672975
201623,-49.626966758,-27.8276453083,-943.5470179487884,372.8314070694931,2361.9796201395766
310715,4.96475620993,45.514143147,-746.5674074171395,301.1806270778597,2351.73430429211
200239,-49.6563770294,-3.77652597633,-572.2546918231558,365.4339163576516,2360.8232494368935
200240,-49.6602410918,-3.7411111114,-513.3188610978904,407.674332659822,2367.7294670985775
312375,4.96848283924,46.1104406963,-462.9191371024825,448.78768580249204,2375.1536486689106
200242,-49.6849898658,-2.68318189286,-518.5403150001966,403.651258489633,2367.040093943816
310282,4.96856911725,46.4225869982,-629.0857815928898,332.7914721023309,2355.9912206460613
310721,4.96859350025,45.5525054702,-749.8765258653623,301.120827732975,2351.7266466900173
310666,4.96863902025,45.634845467,-446.39959627773635,463.04795867446103,2377.889375031956
312064,4.96864409625,44.1683305226,-707.7103438766094,305.4487199995453,2352.2847166970755
312518,4.96879232027,44.7314976812,-774.6085345776027,302.19441874470795,2351.864352928913
201219,-49.6883333331,-17.1069444443,-828.9364330054053,313.7243373131361,2353.3736268769244
201237,-49.6966666668,-19.0352777778,-1095.8715590713796,496.68410613764223,2384.667601395849
312634,4.97254976358,44.1772608864,-563.1528048089956,371.4641650911975,2361.7641909818562
201383,-49.7272073473,-23.1186189497,-442.50108278162537,466.46252685734595,2378.556654111779
201231,-49.7349417849,-18.1979934286,-921.387845201383,358.39753479191336,2359.744321065781
310708,4.97421592171,45.4973485536,-805.8761360485837,307.3358544607733,2352.530508897688
201384,-49.7497147842,-23.098021159,-556.8395555370826,375.7612501050707,2362.4438585790367
200221,-49.7648363664,-11.8391666674,-908.1429586844922,350.37150517833254,2358.5386703419163
310739,4.97732487597,45.3393882125,-947.0162260358642,375.1975469125034,2362.354263667167
201622,-49.7771999094,-27.8052897945,-844.4903724490955,319.20707020632017,2354.1107921096204
201511,-49.7892497714,-25.9433636714,-836.3194309390528,316.2125883393512,2353.7066233669725
201508,-49.8011111114,-26.1097222222,-870.8737411371516,330.51825669355935,2355.671196467162
201617,-49.8021701565,-28.3683078301,-761.2194286385702,301.28064074298914,2351.747114879444
310100,4.98095198627,47.3353970067,-616.1914899162019,339.3704821062924,2356.929526307976
310324,4.98135722731,46.106042545,-587.1575456023779,356.00438252462453,2359.3820352444027
201754,-49.8311111109,-26.6983333329,-745.9742517049283,301.1964249643763,2351.7363275394214
201624,-49.8331907251,-27.7017770219,-844.5508517014932,319.23016078287617,2354.113923201412
310850,4.98450618057,44.4231803507,-677.9919657469704,313.00724698063107,2353.2781400675262
310305,4.9849233186,46.2118438987,-776.0721885193104,302.3416782638827,2351.883279049516
310697,4.98537807564,45.5807061775,-198.7807286762842,704.1273195837015,2436.337363757616
201503,-49.8858792484,-25.551548496,-813.3421695505865,309.1697972902613,2352.7707987421522
310304,4.98962960699,46.1815858772,-538.9119871472002,388.4442852468954,2364.4943287304063
310846,4.99009485503,44.2859910734,-825.4762637920612,312.6307024177526,2353.228085832629
312633,4.99345122431,44.2156657736,-686.1813430997526,310.56765839996416,2352.9548950843323
200223,-49.9358779606,-10.5638755999,-1389.3523252408772,791.935539497147,2463.1496841596772
310201,4.99373593233,46.9814896764,-605.889398458744,344.9948167466426,2357.7459344550534
310198,4.99409892636,47.0863006651,-664.5110968262649,317.59091444157536,2353.892193111893
310738,4.99415862136,45.368999606,-833.1509866501624,315.1191396494651,2353.5599716239867
201218,-49.9427777781,-16.4652777782,-921.611578044355,358.537123476401,2359.7655258029376
201780,-49.9435800712,-29.202124634,-564.0018072344133,370.89333569965646,2361.674476790504
312836,4.99436152238,45.4852020826,-800.1860489218593,306.0924836420008,2352.3683972540125
200208,-49.9491606417,-13.9055765924,-679.6304329599301,312.49797225475714,2353.2104560622315
201388,-49.9564422773,-23.7646316661,-819.6680826169761,310.90077645949486,2352.9988866679046
201779,-49.9643315879,-29.1974600087,-631.4929217491338,331.6222556107386,2355.826349346156
312004,4.99777092466,44.6016965745,-606.250112396357,344.7925628998738,2357.716348352436
201394,-49.9780555561,-25.4258333326,-868.9715514734212,329.62234387969346,2355.545660232895
310713,4.99829397071,45.5107377357,-808.8986812493324,308.0508022425135,2352.624016841522
201395,-49.9851946736,-25.3143519934,-779.5544624043322,302.72935652276306,2351.9331476804286
200219,-49.989203856,-12.0886111111,-992.756021286186,408.7601042421892,2367.9166561932384
200224,-49.989758124,-9.50070249995,-1064.1061477956146,468.16035089875834,2378.8901996542277
201750,-49.9943018364,-27.1143316923,-759.0718365055036,301.20705213616395,2351.7376886281004
201238,-50.0065686864,-18.8852652044,-1070.6288497468536,473.9278218489604,2380.0319426805563
201387,-50.0179501384,-22.8988109185,-642.5012775486874,326.52091130527054,2355.1136646406067
201230,-50.0311036734,-18.106222315,-807.3531901740531,307.68053738808237,2352.57556328053
201386,-50.0336185487,-22.9062094751,-632.0877774257503,331.3362443032803,2355.786105453185
312098,5.00587356333,47.6237273446,-586.7713647797451,356.24147938287575,2359.417822152359
201619,-50.0598648298,-28.0927823003,-738.3934063307872,301.53413638886667,2351.779603463101
310737,5.00612033135,45.3765941576,-557.3154020872557,375.4341901728846,2362.391859748939
311353,5.00627385037,43.8603926442,-690.0002947730048,309.5213878904506,2352.817025911474
201404,-50.0666666674,-24.7688802262,-940.7990238111156,370.9768972111894,2361.68760129737
201400,-50.0894654703,-25.0333333331,-662.018040329291,318.51401916898243,2354.0169175824676
201405,-50.0908705224,-24.7523614059,-715.7363642265175,304.03448441561665,2352.1014934673103
310308,5.00947882863,46.2227574376,-795.433926802336,305.1577042317278,2352.2469454352067
312627,5.0103134577,44.4437016044,-710.0743212873311,305.0038446821144,2352.2269901368263
310912,5.01099998276,44.039803963,-329.2919237781746,572.0854894477868,2401.5050020963927
310117,5.01116221877,47.1485909382,-772.1603858931613,301.9689133528206,2351.8353880509508
201626,-50.1319444438,-27.5152777785,-938.0667119222865,369.15054866425317,2361.4014049789166
201625,-50.1353298431,-27.5022889544,-915.2262974627079,354.6050500194579,2359.1712971627526
201389,-50.1434400397,-23.0141585611,-825.2646136257862,312.56532684267154,2353.2194014586803
201396,-50.1475682291,-25.2023354311,-751.5960999599806,301.10873322884214,2351.725098110738
311989,5.01534531712,47.6200485242,-736.4046748309337,301.66437519659485,2351.796305618332
310845,5.01581306816,44.2899756517,-679.6158689484373,312.50245272355613,2353.2110510567304
200202,-50.1716666671,-15.9222222223,-874.249761862429,332.1378461883956,2355.8989827087134
310906,5.01778104732,44.2434176029,-803.2703510750584,306.74975660723675,2352.454012523068
201221,-50.1855393922,-17.732085559,-813.6297649028716,309.24499093066464,2352.7806808695514
312668,5.01940635045,44.1141740492,-596.6786993659758,350.2861291072473,2358.525988854526
201821,-50.2058866869,-29.6516953162,-581.2474774446939,359.6757840491183,2359.9387995218503
310303,5.02248179771,46.2226770216,-585.9356123045822,356.75594489677934,2359.495554578664
310207,5.02254710571,46.939905822,-505.1434390030422,414.06976074548544,2368.839005635695
201222,-50.2469444443,-17.9772850803,-812.4428624660264,308.9368336060566,2352.7401970927044
201348,-50.2518491057,-21.1187346752,-528.9048776790962,395.8141538672211,2365.7162366308658
201513,-50.2762103797,-26.3769959103,-862.6368432204108,326.72662737900487,2355.142194623446
201390,-50.2851946745,-23.0892565233,-915.1249976927193,354.54354309777403,2359.1620528928497
201618,-50.2933941241,-28.4480580007,-709.3529203178769,305.13710630241206,2352.244273348304
201220,-50.2982861296,-17.0806754021,-927.7372261728758,362.4090243467143,2360.356915550108
312374,5.03147664445,46.0142339074,-192.08894118075585,711.0903328653178,2438.3588598382707
312671,5.03193905149,44.0229672746,-629.3103103500849,332.6816120918225,2355.9757050702574
312658,5.03243267453,44.0553293983,-553.1064680295099,378.3447283639158,2362.8561533318207
201512,-50.3271863209,-26.0893285285,-897.7705507284206,344.4258681812562,2357.6627508042143
201228,-50.3306622622,-17.9766232022,-840.9505950026856,317.8791880599881,2353.931104781735
310703,5.03499934974,45.4727842706,-913.2266642897141,353.39603885733214,2358.9898745304813
310320,5.03535625277,46.0726828642,2.9048787295406093,919.1237112753549,2506.9369486458695
201627,-50.3682353533,-27.5515252735,-909.2646775120506,351.0327394850373,2358.6369903076757
201628,-50.3844444437,-27.4771448243,-972.6383162819236,393.485330156254,2365.3277094105706
201504,-50.3897222221,-25.8758333328,-858.7048161102871,324.99836406456825,2354.9030562853172
201399,-50.3937537195,-24.9604677131,-872.1325232096325,331.11774178735055,2355.755383477588
310720,5.03978804414,45.5518863291,-635.877078195786,329.5418178997025,2355.534393211426
200209,-50.3982886638,-13.5606622489,-873.0266480102948,331.5467414147527,2355.8157206369137
201402,-50.4018416021,-24.5308414375,-1017.0522495350626,428.14816023865114,2371.340404702164
310111,5.04028896718,47.3019012819,-638.6980160201603,328.23714666967396,2355.352222558471
201322,-50.4165240593,-20.4776892092,-939.6768485348089,370.2246700202485,2361.5695573386956
311827,5.04352849845,43.5403019357,-493.4495817404643,423.4124679960595,2370.489946384881
310118,5.04372571347,47.1353930511,-1061.7304075649151,466.0719389989731,2378.480086143154
200203,-50.4386111112,-15.8969444442,-939.8299083717184,370.32709575207815,2361.585616848445
201620,-50.4394072552,-28.1479246808,-922.8676815851013,359.3232292698626,2359.8850927429085
312667,5.04425878851,44.1332410647,-557.9382816929706,375.0068464844831,2362.323983446707
201391,-50.4435826466,-23.4,-934.2032711665331,366.5985470993607,2361.003804019096
312357,5.04459871054,44.522914796,-646.5936387947561,324.72986988067277,2354.866016623876
201393,-50.4524168963,-23.1225,-850.6479032635011,321.6266380679348,2354.4400952609017
201797,-50.4538888894,-28.8689262495,-632.6917154070774,331.047059088414,2355.74544957395
201629,-50.4650000003,-27.2152777777,-923.1998741796128,359.5318076969506,2359.916860527743
312722,5.04826886284,45.4397804958,-707.2413408166863,305.53977906194353,2352.2965426252076
201401,-50.4936010967,-24.6979154854,-860.0598043740586,325.58787509394716,2354.984486629471
201796,-50.4938888887,-28.8055555562,-776.3653818170158,302.3722942009404,2351.887215016405
310275,5.05062345204,46.5606792506,-675.2879815957107,313.8706336841441,2353.393133870023
312685,5.05177816413,45.8816634884,-623.5551265583157,335.54893087608866,2356.3823019343376
201392,-50.5247222223,-23.1597222221,-957.5530201396343,382.54939342310115,2363.5330558859687
201397,-50.5269308575,-25.4640372048,-913.8081227542959,353.74648332986953,2359.04239943362
201239,-50.5286111106,-18.4983333334,-945.1328348459647,373.90957566563515,2362.1500457489437
201515,-50.54572463,-26.0393946134,-960.8099074659551,384.87057710628517,2363.9098605867794
201359,-50.5528670316,-22.0807601868,-937.5533661666883,368.8093921589477,2361.348097083938
201227,-50.5561111109,-17.5413888892,-856.621785035383,324.10462133316867,2354.779877913602
310114,5.05598054948,47.3061457613,-1048.7140613603062,454.7508580199091,2376.2876111125784
200210,-50.5893079446,-13.2097222218,-831.3263735868976,314.5068794825607,2353.4780740638184
201406,-50.5930034899,-24.3600976374,-963.2762247767265,386.6431833407399,2364.1991073260183
311351,5.05961989878,43.8517758275,-565.1406412495048,370.1302978986073,2361.5547644041194
310063,5.06051996086,47.6185138671,-350.03925803768607,551.9441352704193,2396.7867648826614
310905,5.06090463689,44.2358252152,-880.9100823280179,335.4418423744889,2356.3670549116223
201360,-50.6109299424,-22.0647163295,-1035.5624603830279,443.53163849605954,2374.166123548283
200163,-50.6315048201,-3.83649681029,-694.3801336218801,308.39406424939614,2352.6689879202177
201398,-50.6356150585,-25.2479258599,-789.0475130677121,304.0516170478564,2352.1037081061495
310281,5.06507925823,46.4273251906,-664.5167832505117,317.588835436388,2353.891912610076
310717,5.06511026723,45.5064490554,-721.6073460925522,303.17375334932683,2351.990389558852
200218,-50.6600756675,-11.6177743771,-673.3961292103681,314.4915724643158,2353.4760285603847
201244,-50.6653447189,-19.218216106,-1075.9431391343667,478.6622988247077,2380.9792238012988
201225,-50.6819444443,-17.3258333334,-890.6997174609953,340.5527110918459,2357.1000438864044
201514,-50.6861111106,-25.6222222218,-739.5481794613568,301.4664463977372,2351.770925528454
310736,5.06874269454,45.3977585554,-572.6124595043525,365.2009777400108,2360.7872038791515
201407,-50.6940686863,-24.0310434122,-995.2358159073889,410.69380977184585,2368.2512268005257
310712,5.0694951586,45.502035672,-718.4825848685671,303.61348767421345,2352.047112146137
200204,-50.71482361,-15.5188888889,-1016.7086263618539,427.8673620415784,2371.2897223573714
311149,5.07257004685,45.1347615726,-498.13707966872107,419.6406741768261,2369.819141470687
310916,5.07271626286,43.9148836897,-668.6336774537717,316.1155691495645,2353.6935911277906
312628,5.07285803088,44.4185616444,-574.6244766133559,363.8968599057896,2360.5858155353253
201822,-50.7316220394,-29.7098198831,-852.0572154314108,322.19974427688453,2354.5184524801184
201825,-50.739083562,-29.8727777775,-914.2105587157937,353.98956737709153,2359.0788629609447
201516,-50.7521391181,-26.5813886882,-830.7719328644152,314.32337132677605,2353.4535579907906
201630,-50.7524020191,-27.3314701433,-852.3656450264973,322.32611989403694,2354.535749446847
201621,-50.7564719935,-28.210959659,-590.2937700090608,354.09363241158877,2359.09448059456
201224,-50.7687475695,-17.3311072718,-825.9122279991353,312.76591892804686,2353.24605341222
310802,5.07733089725,44.6480979383,-378.79514719261556,524.5435720581912,2390.625530451151
201226,-50.7768762162,-17.4640540498,-844.9275296721311,319.3742771870846,2354.133470469772
201413,-50.7934584885,-23.1686444828,-969.4168031219579,391.1110072882525,2364.933886576814
200207,-50.8063876426,-13.6889959815,-818.2026206999712,310.4854715526765,2352.9440486128374
310195,5.08102743055,46.9064320112,-640.4801758781906,327.4267886672111,2355.2394293986767
310911,5.0816609826,44.0610625488,-728.2655995207607,302.3770693859274,2351.8878289467175
201409,-50.823055556,-23.4386111112,-910.3581553333152,351.6806826610944,2358.7335098340923
200211,-50.8267258783,-12.885068482,-980.6580993318391,399.4839781916475,2366.333010522633
312833,5.08541358191,45.5314909904,-743.065458369306,301.2962349934706,2351.7491126985724
312834,5.08552946692,45.5360459738,-378.7284787079962,524.6063433298862,2390.6393043115554
201631,-50.8605778691,-27.5393032235,-802.4070523581177,306.5617928307914,2352.4295102469937
201517,-50.8690638238,-26.3727136879,-877.9189818440259,333.9403607986954,2356.153779452361
201408,-50.8896080785,-23.6435627421,-852.1336058405899,322.2310126562526,2354.5227315476814
310659,5.08924101323,45.8116091656,-854.0328498255316,323.0151235128582,2354.630170085168
310844,5.08978514928,44.3271164348,-793.5987882676432,304.82216795688436,2352.203439742238
312445,5.08988112628,44.2310348778,-718.8324409709139,303.56217147652404,2352.0404885564417
201356,-50.9188057849,-21.4499999996,-927.7293051916479,362.4039559700319,2360.3561373572447
200247,-50.9272823176,1.39833333284,-657.4416261354571,320.2683886466965,2354.2549370498587
201429,-50.9436111109,-25.2083333326,-845.0256325886812,319.4118969339288,2354.138574459926
312663,5.09438896666,44.088429901,-263.0121709133365,638.1475982759613,2418.0936344655183
200217,-50.9644667577,-12.293767494,-861.8180422380079,326.36232694021504,2355.091683205372
201411,-50.968663177,-23.2812111942,-1180.2210887654974,576.8215696500583,2402.637632076639
310078,5.09746897091,47.5817139951,-533.0917386017259,392.7064929118042,2365.198270215918
201826,-50.9777777778,-29.9644444441,-779.3884884664049,302.7096880678484,2351.9306161337786
310273,5.09812007397,46.5019740217,-1421.2437242995948,825.9689625928576,2474.3017590876025
200200,-50.9980422595,-16.5102070959,-962.9957205631373,386.44093864375543,2364.166040471174
201827,-51.0091666674,-29.9600194958,-890.0435840043699,340.20091982341523,2357.049242953142
201247,-51.0106150585,-19.1554873958,-978.3319809723462,397.7313876814534,2366.037769057015
311148,5.10232559631,45.1608664218,-433.9779555614103,473.9896125369365,2380.044247624442
311822,5.10255025433,43.5979803505,-424.8915267348194,482.10415271868413,2381.67354646389
312665,5.10282448436,44.1106136399,-218.57546803650087,683.6220880991589,2430.4904087846835
201823,-51.0354452745,-29.697547401,-713.7122269846826,304.3653851201275,2352.1442888387196
201632,-51.0474330585,-27.6479681435,-1010.2538611596071,422.62670050106885,2370.3497201539067
310112,5.10537504157,47.2770426449,-362.58652602888645,539.9102499698203,2394.0441821068707
312626,5.10612285963,44.2107099952,-665.4324463840884,317.25564134498734,2353.846980970195
201412,-51.0669444442,-23.2483333334,-908.8031168759857,350.7602339606481,2358.5964490741967
201637,-51.077124242,-26.8958333332,-771.6715728921155,301.9270105904155,2351.83000822367
201518,-51.077140406,-26.227798318,-990.4055056956729,406.9371697568433,2367.60265416032
200206,-51.0853610897,-14.9019444438,-918.295402177627,356.4815533709322,2359.45408214507
310702,5.10902649087,45.4678722752,-779.4728621696358,302.7196717527945,2351.9319011237126
310711,5.1093616919,45.50220898,-643.7746465295274,325.9573901280809,2355.0356022863843
201349,-51.0995537268,-20.6728914983,-951.3452111890665,378.18833760599637,2362.831116808493
201248,-51.126111111,-19.1052777776,-995.0153873107068,410.5214898300223,2368.22134976221
310274,5.11359797325,46.5556955582,-434.41140809164096,473.60480762943035,2379.9676429873984
201522,-51.1416666673,-26.0302777776,-794.1070285680712,304.9136693895787,2352.215299167553
312423,5.11436182131,46.3979184291,-513.6197793541672,407.4411547325254,2367.689329795414
201430,-51.1437909075,-24.8306507154,-828.5077395171481,313.58631017512465,2353.3552306837423
201241,-51.1482279149,-18.3024679342,-967.0931195066352,389.4112906420343,2364.6533828738575
201824,-51.1521093662,-29.7560646429,-792.0697081012834,304.5534749681035,2352.1686348925814
200205,-51.1604034739,-15.3643738061,-1006.1733125907683,419.3476607279407,2369.76727304925
310121,5.11864452666,47.1804537989,-707.0728967117243,305.5727089093524,2352.3008201094267
310115,5.11865787267,47.2686243312,-406.8400083465067,498.48270950784075,2385.0428674419168
201817,-51.1888442622,-29.3393042064,-506.65198152406157,412.88101648569057,2368.6315039768297
311346,5.11899083369,43.8647678355,-544.5863716875676,384.3555788719396,2363.8260678119414
201410,-51.1938888887,-23.3561977964,-1008.688774770875,421.36587148774925,2370.125242579369
201520,-51.222636458,-26.1643769507,-903.1875289300913,347.49259762045006,2358.1127142819723
312674,5.12306528503,44.1017003181,-355.2573193512741,546.9255112259636,2395.6360288422497
312312,5.12315206904,44.740027779,-538.0622196401283,389.06231017509515,2364.5959377991126
201638,-51.2521539935,-27.1018919303,-723.6119297736823,302.9137606361552,2351.956890387241
201830,-51.2565227708,-30.0144463623,-695.6350961712045,308.08546353309646,2352.628555615545
201223,-51.2598350781,-17.3306618328,-797.3174645416598,305.5168623017397,2352.293566077156
311820,5.12656859632,43.6153634929,-614.5520295898747,340.24415894201815,2357.0554841902735
201521,-51.2728000912,-26.3884857242,-885.2520890548469,337.6719128465589,2356.6855514859712
312830,5.13129124171,45.5360274388,-431.5449432357442,476.1534714922521,2380.476128061654
201243,-51.3244444445,-18.7475,-959.6810522931252,384.06349576397724,2363.7785929811043
311344,5.13505087702,43.8607546572,-308.47238382900963,592.5742463182137,2406.4680977018747
201820,-51.3520524387,-29.8637937738,-831.3087047533454,314.5010131891094,2353.47729012928
310307,5.13579814208,46.1444469332,-657.9826607721157,320.0569747321598,2354.226186017814
200246,-51.3648759578,2.69792921737,-582.2068027753273,359.0736488050704,2359.84710375979
201818,-51.3810664841,-29.5894159511,-687.2775045036783,310.26134718566107,2352.9144845095293
201240,-51.3898573919,-17.8642473869,-907.1490019088236,349.78851411732876,2358.4521348684802
312661,5.13918453836,44.0978991478,-896.5951681681979,343.7717336617919,2357.5672785144684
201799,-51.3986111106,-28.5427777785,-483.9152594397467,431.1903487120209,2371.8915625887444
201414,-51.3998573917,-22.6642843761,-899.1436437885113,345.19516573600714,2357.7752586505762
201798,-51.3998573917,-29.0558893689,-583.519649852755,358.2534843788273,2359.7224470108454
200244,-51.4219444435,2.95666666678,-576.2313498860024,362.8625694700221,2360.426595380519
201800,-51.4223053256,-28.7394444438,-525.8149938590766,398.1293701807241,2366.1047025137714
201432,-51.4265835619,-24.3419444439,-800.2583995368582,306.10744731164016,2352.370344388173
310710,5.14339903671,45.4973824746,-741.8913061172136,301.3470312012221,2351.755621035288
201523,-51.4346924696,-25.4016637216,-758.4770916585271,301.1902493891254,2351.735536616387
311810,5.14385068175,43.4811156688,-527.1222884017104,397.1475968739476,2365.939703703379
200250,-51.4390394829,0.709925552885,-666.9010340448078,316.7278237622804,2353.7758988914966
310127,5.14411946977,46.9969687147,-661.0345531798605,318.88452825154997,2354.067078529305
201816,-51.4432974323,-29.9603338768,-808.4153127606917,307.93394375531125,2352.608718332477
201802,-51.4479798887,-28.8652403872,-367.52736500998236,535.2040430557269,2392.987220099698
201819,-51.451821575,-29.6990615102,-735.2829506373163,301.74545417419944,2351.8067069748904
200152,-51.4602777777,-8.32694444383,-920.489432123576,357.83832187063075,2359.659452644909
200245,-51.463370019,3.04358475197,-558.1355581482817,374.8716832830597,2362.302530749344
200196,-51.4691666674,-16.3024999997,-859.7407736147215,325.4485000462612,2354.9652214076627
201415,-51.4722222217,-23.5018412844,-801.9871465888704,306.4714884135588,2352.4177437410435
310294,5.14747664605,46.0895352796,-704.6428916835694,306.06100491792455,2352.3643014186073
201434,-51.4770660271,-24.1022254231,-1095.3941877289024,496.247688315719,2384.5767414818038
310066,5.14800905709,47.5271511296,-706.4249864514909,305.7004823168049,2352.317421766461
310865,5.14887526917,43.9980006936,-569.7227771917619,367.0913692298999,2361.080375849235
201639,-51.4968551897,-27.1717942141,-614.1310735718637,340.46981087873525,2357.08806792981
201640,-51.5180555565,-27.3142234218,-641.0634272370855,327.1639327293022,2355.202901394312
312523,5.15195665942,45.2320341147,-512.6414677427276,408.1998224001064,2367.820002209788
201519,-51.5197222216,-26.1772222218,-823.864940721031,312.13742054364224,2353.1626032131567
310843,5.15246271446,44.3696426163,-447.0049417391649,462.5193939847285,2377.786503803334
312657,5.15269700148,44.051618004,-488.1318851664657,427.73331206867107,2371.265538506921
201251,-51.5314719926,-19.1059755477,-968.8344757325308,390.684027896564,2364.863310534198
312829,5.15599932776,45.502314803,-787.7763944805909,303.8521638091662,2352.077933510876
312632,5.15602773676,44.2396798196,-749.1243776976469,301.13019898355157,2351.727846626211
310073,5.15614201277,47.2900802389,-823.9588979648859,312.1659036081538,2353.166381544828
310068,5.15618905777,47.6140518797,-631.2327641466898,331.7477071796133,2355.8440120424384
310075,5.15624943678,47.3609432198,-665.9248782592796,317.0777546738456,2353.823011691042
310578,5.15630279378,45.7153940697,-320.457664795848,580.7471523955156,2403.583100887669
201803,-51.5685131297,-29.0433708859,-472.4610440349807,440.71356221789597,2373.641276979331
201801,-51.6019634344,-28.6772487816,-753.7214123393352,301.11172463614764,2351.72548112458
201436,-51.6148127655,-23.6353978705,-744.9359706512281,301.22779348923183,2351.7403452396
201435,-51.6227777781,-24.0397918969,-1020.9462074412643,431.3426980142082,2371.919263168006
201355,-51.6270660275,-20.8665326284,-678.946472530725,312.7092842445595,2353.238526862508
200201,-51.6273140515,-15.568478398,-951.9458827849664,378.6066306649169,2362.8981037363255
201354,-51.6273884315,-20.7972511986,-991.4102199155633,407.7151775384873,2367.73650008875
201524,-51.6479055092,-25.4640346978,-878.8949054272853,334.42711132214015,2356.222816425593
201525,-51.6586111111,-25.7022222225,-890.2368008610105,340.30437863665384,2357.0641777381798
310126,5.1662293556,47.07374901,-535.4896281444564,390.9422542002699,2364.9059841728317
201433,-51.6682217649,-24.2607025912,-828.5204958888896,313.5904070569679,2353.3557765997552
310706,5.16774852373,45.4893073969,-663.7676486316083,317.8637666030813,2353.9290222894106
311345,5.16871945381,43.8604856452,-579.0794876780278,361.0452709019578,2360.1479096653984
200216,-51.6976723603,-14.0854138963,-868.0165760919894,329.1771198725423,2355.4833992420463
201633,-51.7136111107,-27.5011111113,-620.0802449557282,337.33122565021796,2356.636761076251
200215,-51.7207620712,-14.5984202737,-877.3965056577345,333.68103032239145,2356.1170382335204
310074,5.17292473116,47.2811320382,-716.3448137729014,303.93843011538354,2352.0890793416575
201634,-51.7511570258,-27.8772658514,-634.8022519769613,330.0459502269451,2355.60497476094
312832,5.17663945146,45.4606291766,-612.705513960215,341.23796803698735,2357.1991470147987
200153,-51.7687921072,-6.74347122881,-797.6446348970699,305.58076965584934,2352.3018672442413
201431,-51.7770498619,-24.7722657335,-766.4970254868053,301.5473235143788,2351.78129429077
310191,5.1782621896,46.8515491107,-269.31099198776286,631.7711936568813,2416.4186948854544
311819,5.18096415882,43.6350858325,-616.2704393995593,339.32861704807755,2356.923498589855
200197,-51.8186171363,-16.4305555563,-899.5127346573772,345.40289333379053,2357.805680411479
200199,-51.827015707,-15.7353219368,-897.1529346363652,344.08164010696316,2357.6124878605433
201805,-51.8310516084,-28.8503311199,-607.6930894005097,343.9872918765823,2357.5987200602794
201416,-51.8395809021,-23.3264918129,-966.4069142015035,388.91143849231224,2364.5711185852374
311142,5.18408272308,45.0849804685,-327.3726101574983,573.9631336979112,2401.9529859473955
201810,-51.8517423341,-29.2341666667,-501.55670107659387,416.9115085111956,2369.3373912945285
200198,-51.8527777782,-15.8897222216,-849.8892541619095,321.32108882221246,2354.39837537728
310192,5.18537587719,46.8860598485,-308.49049369806653,592.5563117704403,2406.463681520307
310125,5.18545542419,47.1350073121,-531.3001710470159,394.032068858925,2365.418723851345
201804,-51.8557887064,-28.6179772407,-621.5475480161649,336.57399972060597,2356.528490204438
310579,5.18590000023,45.7696000001,-577.2086372500837,362.23668693694555,2360.330461020307
201636,-51.8600595028,-27.5602777782,-545.9198734872878,383.4045025822047,2363.671610113721
201641,-51.8611111109,-27.4439482076,-658.9699525251094,319.6739419532194,2354.1741433082625
201806,-51.8691964185,-29.1681412012,-585.061258479366,357.2961458640364,2359.577293437657
201814,-51.8761111111,-29.8069444441,-1004.0052763027159,417.61644476951557,2369.4615343573764
201903,-51.8815769566,3.80229486575,-597.8596687463178,349.59423707868046,2358.4233289331046
201635,-51.8849999998,-27.7058333332,-574.8759436157984,363.73457369704875,2360.5608036989547
312656,5.18944564552,44.0563039884,-561.5225824304841,372.5649694439509,2361.9375784118547
310313,5.18968850754,46.1519694868,-832.0402321045093,314.7448955785948,2353.509893148967
310076,5.1903895546,47.3687891715,-611.5870286021049,341.8449535897708,2357.2870932816127
201642,-51.9044444444,-27.461111111,-513.1434453429441,407.81033414338594,2367.752887547901
201808,-51.9149392093,-29.1185952031,-412.47981535942023,493.3301910711562,2383.9712970754463
201809,-51.9219370059,-29.1855100927,-392.8670723540899,511.37898983839284,2387.7715424858843
201250,-51.9269741963,-18.9803680363,-1034.7580361218074,442.852943390113,2374.039426236761
200243,-51.9308333326,3.72166666708,-480.2975844409505,434.177544329012,2372.4364286228733
310298,5.19370659887,46.1196688191,-708.5466345392296,305.2886467103534,2352.263936225593
310280,5.19393106489,46.2561928494,-786.5312685573606,303.66348261428584,2352.053566254544
201812,-51.947718275,-29.4145440786,-819.7164590326718,310.9146323538921,2353.000717481624
201437,-51.947954272,-24.0145086198,-1028.575776683642,437.66706828763245,2373.077523074367
201807,-51.9516294784,-28.9106628319,-568.288380374297,368.03726697682754,2361.227625143551
201828,-51.9556907247,-29.9187369743,-916.3806659311143,355.30790119465695,2359.2770444584576
201526,-51.9642274574,-25.6390897252,-842.8881569679289,318.60027306966686,2354.0285898555585
201813,-51.9691666668,-29.6947222218,-809.0388059028671,308.0848577573282,2352.628476287031
310067,5.1975946132,47.5147738235,-690.4102213003082,309.41257456616563,2352.8027136071028
310705,5.19771524021,45.489780601,-682.7717681179595,311.5511027284462,2353.084902307733
312828,5.19773225821,45.5103657367,-682.8229048462845,311.5360115657018,2353.0829042682594
200151,-51.9897058045,-6.73568278517,-605.1907584685881,345.3876268673792,2357.8034440237725
200249,-52.0145178156,0.900707145671,-601.1733811420982,347.6738071089988,2358.1394242086167
311818,5.20166540653,43.6271357979,-389.01190243308827,514.9684916817126,2388.542864443136
311997,5.20210312257,47.5731374014,-418.574030277069,487.79825698151393,2382.8326855596647
201651,-52.0269311476,-26.772622236,-660.3674699093702,319.13787441847967,2354.10141046337
201649,-52.03235145,-26.6809966764,-779.186568332806,302.68592038445155,2351.9275571871394
200154,-52.0518071266,-6.60180708509,-668.8436626079928,316.04214051587144,2353.6837303340344
201833,-52.0527777777,-31.0099999996,-753.3024049064795,301.1095652716737,2351.7252046434714
311343,5.20673905395,43.8564915738,-433.4708279554544,474.44009218325897,2380.1340023049415
200162,-52.0774468128,-0.452371768284,-765.2143304464759,301.4712931658405,2351.771546826002
201417,-52.0780555558,-22.856944444,-1101.9941526749299,502.30100708173086,2385.8438275739263
201246,-52.0931907251,-18.5135713377,-931.3787098643556,364.7557169870684,2360.71836544134
311988,5.2096772822,43.4105024729,-262.205695149568,638.9653407416494,2418.3095696222135
310069,5.21023742024,47.5642354826,-889.2733288647511,339.7896140196414,2356.9899129298155
310123,5.21072329928,47.1520551095,-659.8409696505213,319.3389886650349,2354.1286833006584
200150,-52.1144444438,-10.0472222222,-947.1425256972248,375.2842068409977,2362.3680288561222
201440,-52.1188888892,-23.6763888888,-698.4583717272078,307.4148357328859,2352.5408283568554
310658,5.21302726647,45.8146789999,-657.2584789670439,320.34019706037475,2354.264706805495
312447,5.21423617057,44.2150257185,-629.4890969965813,332.59425067388423,2355.963370563856
310077,5.21442169459,47.2809980742,-642.9509517985906,326.3212716943715,2355.0859942298316
201353,-52.1597222216,-20.0936111114,-1046.364821773128,452.73013662922017,2375.9017329152307
201901,-52.1814724074,-3.23099715319,-826.178639694696,312.84891448957,2353.257085648439
201644,-52.1825000005,-26.9524999999,-538.1993186976775,388.9625001815372,2364.579517462831
201811,-52.1854439867,-29.2107314558,-607.3276105831138,344.1906736358229,2357.6284032211615
200149,-52.1855922407,-10.5547222222,-914.7024247900449,354.287264298684,2359.123551978897
310064,5.21868934594,47.2688452482,-603.830423592234,346.1565446912393,2357.9162031950714
201439,-52.188759869,-23.835008327,-790.1054278808323,304.22287041865326,2352.1258518079017
310070,5.219407122,47.5150256516,-920.5147647972242,357.85406118796084,2359.6618395367586
201249,-52.2099999997,-18.7733333332,-949.8474661797483,377.14883271123784,2362.6649592933677
201352,-52.2194444435,-19.9649999998,-969.8366756760748,391.4192917491057,2364.984889975125
310575,5.22271618128,45.610235274,-586.3239809347435,356.5166463535478,2359.4593844744318
200195,-52.2277777782,-15.8898074856,-639.2102986672168,328.0031028467298,2355.319618084638
310654,5.22319536431,45.9231697808,-737.8019719317303,301.5710628280133,2351.7843382828496
311835,5.22324747432,43.4146488443,-439.69835860623874,468.9284466389124,2379.0414783951255
310194,5.22334702333,46.7936071739,-588.9584527048899,354.9039551186285,2359.2162438437317
201458,-52.2354798888,-24.7723792545,-848.8729520952372,320.91502867921434,2354.342991895927
311834,5.22368418836,43.4063393646,-611.31851513264,341.9912314309824,2357.308310389831
201527,-52.2642423342,-25.7309888568,-846.7832088301639,320.0918652202243,2354.230929632317
310271,5.22709192164,46.5939776403,-599.6665160997086,348.54324412053336,2358.2677670017347
312077,5.23068123793,45.8326014794,-595.2426270183754,351.1327163632717,2358.651871802605
312839,5.23094185196,45.7226443113,-595.1625632159039,351.1800836708175,2358.6589238430224
311350,5.23120502998,43.8652654796,-209.30865765757835,693.2039874914358,2433.2028760732856
312684,5.23158810201,45.9148855062,-705.8238703290228,305.82060272387724,2352.33303528809
310263,5.23180780103,46.2852690038,-514.4084960997017,406.83074988029455,2367.584365319522
201652,-52.3272222224,-26.7552777776,-690.8327054922577,309.3011394356163,2352.788061580017
201650,-52.3308333327,-26.5561111111,-819.7603803181487,310.92722030112236,2353.0023808278365
200191,-52.3322222218,-16.7186111112,-894.054860343419,342.3719343690846,2357.3635717260313
310145,5.23483057128,47.1278069885,-1090.8827234918797,492.13438194292314,2383.7241278611973
310268,5.23525974331,46.4303924648,-598.9302680108959,348.9703881707001,2358.3309351482653
312840,5.23528965332,45.7394100756,-280.41001843515414,620.5817183639064,2413.517378645694
200214,-52.3566340479,-14.6724999999,-822.6870999212404,311.7833143512749,2353.115658646032
201645,-52.3688949139,-26.9684374732,-610.5998217299928,342.38381576212674,2357.365297350649
201795,-52.3730183662,-29.9974765439,-720.4601191307365,303.3303276062467,2352.010577251513
312060,5.23913399263,43.8566824019,-644.7594881824135,325.52540218449104,2354.975850263577
310270,5.23961905967,46.444142842,-366.0502053458611,536.609077255163,2393.3018551051846
201438,-52.4163888888,-24.065277778,-880.5337994001684,335.2513844202751,2356.3399497129003
311831,5.24362930401,43.423350776,-474.3908406379041,439.0958957377876,2373.34145742054
201653,-52.4501505936,-26.7520279803,-706.7357483933297,305.63897747816236,2352.3094295630367
201441,-52.4563989031,-23.606022573,-825.5321196968605,312.64798478520476,2353.230381889443
201794,-52.4599045954,-29.6978364661,-657.5172439032632,320.23877609796256,2354.250908797532
201839,-52.4619444436,-31.5730555562,-660.1928561762885,319.20446072412534,2354.110438276731
201838,-52.4747073466,-31.7102243616,-699.6513542375448,307.1413325674222,2352.5051043576022
310266,5.24792621636,46.4268134415,-902.4051060507304,347.0444095767684,2358.0467107493378
201646,-52.5187862543,-27.1642875004,-649.940408864504,323.3086739183238,2354.670458150802
311829,5.25259424575,43.4184938156,-319.09209359337484,582.0903610553175,2403.907996636059
310124,5.25261225675,47.1108840541,-284.62660604189756,616.34678673148,2412.431932588255
201245,-52.5325000004,-18.4066666668,-651.3244575456317,322.73252441341197,2354.5914189454475
201528,-52.5461111105,-25.8558333332,-832.3458229675659,314.84738537958964,2353.5236017379657
201900,-52.5468331576,-1.55201002127,-731.8072832821632,302.0315147960654,2351.8434267160064
200192,-52.5474939747,-16.2004120183,-875.3765565421376,332.68673391375216,2355.976428315759
201351,-52.5655555561,-19.4441666667,-868.0691919639997,329.20157052450685,2355.4868163275896
200161,-52.5691666674,-0.572413626216,-655.6848912303826,320.9622015211077,2354.3494223803223
200160,-52.5812704654,-0.551495812485,-809.4785258514379,308.1922485610164,2352.642541894195
201456,-52.5978149668,-24.9464066289,-879.1127160966525,334.5361634364567,2356.238297054028
201242,-52.6013888891,-17.5794444444,-922.0161701184494,358.78988214026083,2359.8039425730913
310251,5.26015910937,46.673939354,-642.6264725236246,326.46525912882873,2355.105949479839
312838,5.26032885439,45.7144501056,-521.1370859449262,401.66888456548975,2366.70284587765
201529,-52.6183779605,-25.6335918858,-762.2678639890242,301.3239107864683,2351.752658565295
201442,-52.6188057846,-23.4307563675,-950.0857126831911,377.31385271465956,2362.691306816797
201444,-52.6227777779,-23.2766666668,-952.259884837755,378.82561139596623,2362.9332008558367
310045,5.26337232764,47.7516066711,-592.0543827735377,353.0325875525931,2358.9354539137694
201533,-52.6352606509,-26.0310770957,-594.8028626022651,351.393108372115,2358.6906504390736
201837,-52.6517160263,-31.8975668051,-746.6425000357845,301.17873717125303,2351.734062257328
312283,5.26542978881,46.9613670517,-447.85359489078525,461.7791300523685,2377.6426209187125
201443,-52.6644444443,-23.3230555556,-1112.8166550252502,512.3156335165676,2387.972314789844
201530,-52.6733333331,-25.8138888887,-841.4760731731346,318.07336995312045,2353.9573353250516
111608,-52.6810993307,47.5846419963,-87.05219271124017,822.0949212389759,2473.011226699992
312422,5.26831286205,46.1854452125,-665.8835533310536,317.09264791188156,2353.825017969061
311815,5.2688872341,43.6227992205,-554.0107523962126,377.7160643992961,2362.755572030796
111607,-52.6898994844,47.5847640193,-209.75655581177492,692.7401387933664,2433.0707691624457
111609,-52.7007942783,47.5778098528,-115.6766466078404,791.5605938539468,2463.029159713643
201459,-52.7019221314,-24.7435320501,-881.003789505306,335.48934281194244,2356.3738173298543
111676,-52.7064242698,47.5771708327,-163.78461639231278,740.701961583063,2447.158324209997
111640,-52.7143942835,47.5522098486,-192.9164791014503,710.2284359694014,2438.1076471552324
201647,-52.7186437298,-27.388390474,-341.6082268378699,560.0937221903854,2398.6766029405385
111680,-52.7191942849,47.5481098473,-122.30466765149967,784.5177730496183,2460.774797515615
111655,-52.7271621585,47.5814721041,-204.8321892667061,697.8438143907957,2434.5287957099167
310265,5.27293477143,46.3556526216,-843.1787499630183,318.7096227552961,2354.0433920159808
311991,5.27295340043,47.4727637201,-868.0751105217315,329.20432146665,2355.4872007993595
311975,5.27306333644,46.3553701906,-364.08504072130563,538.4809102529701,2393.7222392257936
310789,5.27326110146,44.6690946221,-465.15397186082305,446.88555045705124,2374.794972848095
201655,-52.7348392722,-26.8142269495,-531.2543986777923,394.06601837241965,2365.4243794070385
111605,-52.7436148209,47.5308843879,-47.255615746407024,864.8368464778267,2487.5464294929243
111652,-52.7516724235,47.5602142393,-168.12528680070096,736.1447265228144,2445.782804388941
200194,-52.7520676466,-15.71398895,-875.3902499931559,332.69342977193355,2355.977373845236
111637,-52.7524543786,47.5229147822,-222.02263833816045,680.065858410141,2429.4925477622696
111636,-52.7557638609,47.5269902175,-216.8501057245356,685.4037149517862,2430.9921267513378
201654,-52.7564287169,-26.7636500123,-707.1815653626779,305.55145117000814,2352.2980587437
111674,-52.7608980173,47.5269633155,-155.00512025338676,749.9363677966877,2449.9691882963284
201793,-52.7643105616,-29.673084259,-695.4480418549429,308.1310520458176,2352.6345260350454
201457,-52.7644890716,-24.8644197361,-961.4398144733295,385.3220984596066,2363.983415216485
312495,5.27678118775,44.2764710356,-508.10001100344164,411.74360224661865,2368.4335037843693
312623,5.27724382779,44.2105137221,-511.1579352377962,409.35349734359835,2368.0191624319086
201445,-52.7729650133,-23.2641238837,-1111.2645409097506,510.8728212155696,2387.6631896718677
111632,-52.7730902883,47.5230981992,-263.959254233412,637.1876670363939,2417.8404808590176
310080,5.2774256748,47.1979132333,-575.5503950659478,363.30008950081304,2360.493893846917
310269,5.27755667381,46.4357997503,-535.2921709787153,391.08709888648383,2364.9299327406575
311833,5.27763395782,43.4060189626,-637.0579815303543,328.9923934386694,2355.4575909571768
111610,-52.7770822906,47.4396922803,-52.104387642261955,859.6125972988341,2485.734958778214
111606,-52.7773710527,47.5227145612,-115.74893929302593,791.48371910173,2463.0044550224407
201460,-52.793813222,-24.5979535641,-809.354431371998,308.1618613007878,2352.6385614066703
201534,-52.8018874897,-26.0528680525,-691.9577784522589,309.0079170923681,2352.7495320758317
311141,5.28062433007,45.0612789705,-703.047655701804,306.3949898567151,2352.4077787804094
111601,-52.8068188301,47.5228281942,-108.42587406238107,799.2772913880293,2465.519956598581
310262,5.28123893312,46.3156874613,-568.6594066590751,367.79212174695084,2361.1894275293557
201836,-52.8143700647,-31.860137426,-533.5437913429614,392.373021528114,2365.1429250428787
111600,-52.8307857251,47.5305060458,-64.73152021007618,846.0286784095036,2481.0701305180014
201536,-52.8519811298,-25.9188132354,-707.9095216450178,305.4103285874878,2352.2797318059775
310267,5.28569842849,46.5182220311,-647.3187475083308,324.4186093824664,2354.8231147945985
201370,-52.8636867778,-21.6606113571,-1052.4056879351247,457.9404237251894,2376.9000609068294
201648,-52.8669058011,-27.1729711612,-604.3118568417276,345.88380533722324,2357.876178821068
111613,-52.8813943413,47.5893696797,-61.99830237011305,848.9663732121852,2482.0734015540984
310655,5.28914444177,45.9566196186,-784.1539531754282,303.3216769555815,2352.009461623917
310087,5.2895477838,47.2115367314,-96.93592481300394,811.5307061591085,2469.519498788455
201657,-52.8972393486,-26.8560218529,-658.4334611373865,319.88163792036426,2354.202355392564
310041,5.28977394182,47.7512365941,-598.0061276970207,349.50870373167385,2358.4106516553634
311992,5.28992400084,47.2684475342,-613.1297695745241,341.00871692600145,2357.165970583489
201656,-52.901783717,-26.735840678,-640.1923919817784,327.5569134182507,2355.2575229442264
201531,-52.902139118,-25.466407749,-843.6390700570403,318.88348030153725,2354.066936573067
201358,-52.902304039,-20.4437544734,-1070.1646999254247,473.5158093396937,2379.9499342532204
201658,-52.9058731613,-26.9333333333,-666.1161511361786,317.00890482054615,2353.813738083964
201461,-52.9296329683,-24.6145807445,-841.2266219620153,317.9810609642295,2353.9448640503924
201537,-52.9327777775,-25.7738888894,-725.2839116013668,302.7101596807156,2351.9306768336537
310250,5.29387279116,46.7526756525,-606.60669693081,344.59299842362867,2357.687172298282
201660,-52.9547456323,-27.0309381264,-767.6924348603261,301.6246553561751,2351.791211093369
111612,-52.9691090435,46.843650264,-132.5611399533237,773.641027272313,2457.3288153880103
201659,-53.0061212446,-26.9266666668,-593.7577238629906,352.01409440158017,2358.7832436480144
201789,-53.0099789739,-30.0086111108,-705.561808147312,305.8734444500391,2352.339905684766
201350,-53.0183333326,-19.0558333325,-864.9990596866107,327.7905086414752,2355.290021507483
111682,-53.0185386406,47.4977491611,-165.83839827039304,738.5450134220878,2446.506326316757
310088,5.30224952486,47.1802147809,-588.0364095218677,355.4662795497541,2359.3009014863337
201662,-53.0271754023,-27.8135412572,-557.1017468485129,375.58097680992853,2362.4151917050444
201532,-53.0310754587,-25.5356733617,-787.8413707057862,303.8621920108525,2352.079229020766
201446,-53.0314112027,-23.2145719266,-1242.4159056592946,638.909775030401,2418.2948886533004
201832,-53.0450876338,-30.9767738749,-730.6799554922774,302.13559363161755,2351.8567951294167
201663,-53.0501505942,-27.7939736565,-588.0058336299128,355.4849657281168,2359.303716929214
201369,-53.0511111113,-21.6104438139,-1022.8586077508496,432.91992350995275,2372.206594719175
200213,-53.0552777777,-15.2486111105,-838.3266988025093,316.9250267169446,2353.8024429456304
310050,5.30562625614,47.4367432411,-632.6836653670231,331.0509057927453,2355.745990144837
311342,5.30679886823,43.8646290675,-638.8908350179415,328.1489499891907,2355.3399332657464
310261,5.30685734724,46.2768651751,-771.5053701369164,301.9130001506419,2351.8282096099715
201535,-53.0738888892,-26.0816666669,-777.6672258050603,302.5127360201972,2351.9052751570816
200146,-53.0761111114,-13.5691666666,-815.8388623687332,309.8337329715625,2352.8581363831468
201462,-53.0978608822,-24.6350108172,-807.4374640164724,307.70047443193226,2352.5781708208806
312434,5.31011968551,46.0690867869,-425.2649046122525,481.7689402950977,2381.6057145737504
201538,-53.1016299805,-25.3934785129,-752.1675413840746,301.10758813877635,2351.724951496674
201465,-53.1354798893,-23.9178465358,-1017.3230074642627,428.3695422700604,2371.380385472129
200190,-53.1395724256,-17.164238963,-795.5509692148428,305.179586656064,2352.2497843487727
311987,5.31470113989,43.5190180019,-303.39935160229356,597.6055436276728,2407.7119540409744
111593,-53.156017436,47.810476692,-77.6205855943152,832.195549501832,2476.3872678698576
201464,-53.156088741,-24.4019811169,-690.3458760019828,309.4296097894194,2352.8049539372605
200189,-53.1642499787,-17.2187383735,-831.1587768081391,314.45128348871214,2353.4706451419743
201463,-53.1727988044,-24.5182323475,-692.3408458770818,308.90925286301217,2352.7365756415797
201539,-53.1772222218,-25.4397222217,-770.3819162378597,301.82145235442334,2351.8164590287683
201418,-53.1814768561,-22.7060433146,-704.4345576464873,306.10401926045756,2352.3698983078084
201540,-53.2141666668,-25.6394444443,-863.6781470799142,327.1932511070875,2355.206974222713
200188,-53.2186050862,-17.3018017454,-827.5745568007294,313.28832319571904,2353.315542231442
310258,5.32295877157,46.5317041012,-706.0915609756413,305.7669232440284,2352.3260571628675
310790,5.3233652616,44.7683446213,-524.4252786826727,399.1766002684666,2366.2811384235756
312435,5.32363919363,46.0686530869,-571.5363852925625,365.90254656862385,2360.895834517628
201661,-53.265277778,-27.1854296742,-697.1093481579233,307.73118663052725,2352.5821879548253
311976,5.32653130586,46.3391946223,-732.8107233312405,301.9435245847181,2351.83212834078
201835,-53.2688888893,-31.8644444443,-622.4719423041088,336.1004233211019,2356.460897705266
310043,5.3269320319,47.7221013397,-564.1621867134763,370.7856939955244,2361.657574401722
310651,5.32715341492,46.0477297432,-686.9561257886851,310.35065416678293,2352.926262422822
311139,5.32716107392,45.1319555974,-542.6699455046595,385.7289739921135,2364.049768772707
201362,-53.2822222224,-20.9762594864,-1069.6011344498113,473.015875421981,2379.850517628892
201667,-53.2850436777,-26.6813888895,-525.6137930617331,398.28076008854754,2366.13018063546
201665,-53.2897292141,-27.014134608,-598.2999472671075,349.3372920997733,2358.385255107589
111595,-53.2898995721,47.5061288038,-117.44263575528639,789.6830348362711,2462.4263975529307
201447,-53.2978608817,-23.6975707826,-1020.5972574016084,431.05549389219993,2371.8670508002615
201448,-53.3041666673,-23.1980555563,-1216.3022178377696,612.590549931849,2411.474994629446
201541,-53.3060962364,-25.7854733874,-595.4598237827005,351.00430792448,2358.6327590447027
312433,5.33130000026,46.0693999999,-728.8267855934921,302.3186846317063,2351.8803232593973
311136,5.33145718327,45.1265504879,-435.3081095500077,472.8094190878522,2379.8094912482966
201664,-53.3146956701,-27.2773174918,-655.8557126605508,320.89424428819666,2354.3401589138675
201466,-53.3229414118,-24.1331864296,-1046.0064530933723,452.4225066774893,2375.843132954199
111594,-53.3234728789,47.8480609071,-46.16629063259189,866.0111285002323,2487.9549317749966
201467,-53.3272086352,-24.2058860787,-830.4470000713418,314.21637677553895,2353.439270363956
201781,-53.3386447261,-29.6270016222,-603.2059311250821,346.5113270320424,2357.9683135315436
201782,-53.3689037636,-29.805787564,-735.0179537301932,301.76541015420355,2351.8092674838276
201834,-53.3765774123,-32.5727690009,-741.7439024478016,301.3538349006404,2351.756492850951
111713,-53.385645245,47.1893340906,-157.79274014356972,747.001894597058,2449.0725384089537
111711,-53.3898769224,46.7603665231,-72.85656502288612,837.3045767977011,2478.1088398582615
310044,5.33932692492,47.6274352079,-401.21840558269787,503.64923304111977,2386.1280388529426
111712,-53.397460616,47.181423007,-122.82985965530486,783.9601755983159,2460.5970870464394
311348,5.33989005097,43.8814354829,-426.0396925131601,481.07382583063,2381.465198938796
310259,5.33999270998,46.2558495524,-363.44044239405355,539.0955419110766,2393.8605788904415
201786,-53.4155555565,-29.9228520107,-739.2208740828698,301.4850399363098,2351.7733090505726
201666,-53.4312250188,-26.5808961132,-584.7634396117825,357.480606106021,2359.6052321520247
310860,5.34342085826,43.810184319,-430.6354934511113,476.96400537460164,2380.6383871307007
312432,5.34363879628,46.0812365039,-814.1017079277533,309.3691097949824,2352.7969980328994
310089,5.3439326453,47.1402343655,-520.1446486548126,402.42504821510295,2366.83129675273
201469,-53.4397222225,-24.0605555556,-1040.4822411359673,447.7016665418234,2374.9486836733145
201543,-53.4647222215,-25.031411304,-830.0347207207269,314.0812078111217,2353.4212272683735
310858,5.34764587161,43.7481908969,-414.76933383603273,491.2474978420298,2383.5411831964093
310569,5.34779531462,45.8815082204,-810.4530865127579,308.43308190039846,2352.674102774938
311809,5.34845519468,43.5057098248,-469.1584373451466,443.4940652766357,2374.1591045658415
201831,-53.4886111105,-30.9611111106,-705.4052947657151,305.9051407326457,2352.3440273446276
201544,-53.5105345303,-25.4346094893,-798.7414518092021,305.7982937209297,2352.330135057559
201542,-53.5155555558,-25.769444444,-800.0229304981351,306.05882750558743,2352.3640181212127
310051,5.35240583801,47.3478524937,-543.5903516162676,385.0684081245639,2363.942077715287
310861,5.35253406902,43.774113195,-243.22406228022314,658.2960266132437,2423.488833585182
201427,-53.5313206601,-22.3824999998,-1172.3578670893767,569.129398884371,2400.802520102761
200193,-53.5475000004,-16.0777777781,-911.9562728098922,352.6335736269152,2358.875771444137
200144,-53.5564255751,-3.67253214172,-761.8001099123728,301.3040109245027,2351.750108930895
310841,5.35608759231,44.414195643,-442.5522123775838,466.4176272451985,2378.547849184944
201788,-53.5630555557,-30.1933333331,-948.7002589245012,376.3560052246779,2362.5385310140364
111588,-53.5691945872,47.2267097977,-130.64643844667944,775.6694894267514,2457.9681903321775
201357,-53.5734225875,-19.3766737701,-999.3166503809764,413.89907601727407,2368.8091761442574
310864,5.36045156767,44.0600786787,-624.9892435451081,334.8244946621739,2356.279251294944
201367,-53.6103472936,-21.5725549798,-1148.3956642785272,545.9435414987316,2395.41203519592
201545,-53.6113888887,-25.7700000001,-667.7362249422854,316.4312789961117,2353.7360136991565
201368,-53.6194444443,-21.4108333334,-1045.6469679883253,452.11408538619395,2375.7844207886114
201546,-53.6316666674,-25.4747222216,-897.4931870518863,344.2711410148431,2357.640152014922
201668,-53.6435104793,-27.3315673413,-681.2737072946279,311.99779477740225,2353.1440864943315
311336,5.36509480506,43.7101745877,-546.9467471730895,382.6746948044084,2363.5533397621743
201669,-53.651388889,-26.7799180886,-621.7709269161949,336.45931389868775,2356.5121127985867
310863,5.36536390908,44.0687707614,-574.8772980296071,363.73370004172534,2360.5606690791333
311341,5.36832646832,43.8816211199,-374.19998846003466,528.8786831829157,2391.5804668424976
311814,5.36839498533,43.5813105221,-345.4038776148966,556.4186470439106,2397.821131493227
310042,5.36853546134,47.4313749546,-394.0164893769695,510.31134712663317,2387.543117697245
311825,5.36862408335,43.4022817843,-237.1227226095734,664.5423809706314,2425.1929910758436
201670,-53.7058333335,-26.9310386701,-685.7205267114325,310.6978652681414,2352.972084691925
201787,-53.7147594112,-30.4352777781,-810.2292552696068,308.3774251694089,2352.6668068834983
201361,-53.7187077196,-20.4409733531,-1021.3888235560213,431.70725582007526,2371.9855865044756
310572,5.3729015257,45.5646082902,-295.7123886771065,605.256695830383,2409.6224052130647
201671,-53.7310744246,-27.8181355205,-628.0499415186409,333.3004203293768,2356.063165122918
310047,5.37331966874,47.4644026794,-575.5095615354568,363.3263623185948,2360.4979375998078
201470,-53.735833333,-24.1661111114,-854.2625035753333,323.1108083392623,2354.643298319925
201548,-53.748325895,-25.6813756527,-726.807726176829,302.5351230115989,2351.908154778355
201472,-53.7498573921,-23.9691611741,-1028.9903765584647,438.0131595664991,2373.141377122465
201547,-53.7669518826,-25.551681771,-792.5030048130602,304.62860845417606,2352.178364186273
201426,-53.7692112937,-21.9559897945,-1134.2166328924186,532.4198981021812,2392.366070598816
310052,5.37715656205,47.3233292997,-441.67674355529675,467.1868484332691,2378.698808005396
312431,5.3777553151,46.1012775846,-851.3379289170834,321.9063498585036,2354.4783213987143
201681,-53.7799999996,-28.2847676431,-659.3136707420331,319.54143066288776,2354.1561532250507
310062,5.38165869243,47.193937586,-517.1665143344323,404.7049999278417,2367.2200161421156
312686,5.38171026543,46.0442098759,-205.48245169161206,697.1693799584667,2434.3355586707753
310053,5.38217812247,47.3107945777,-564.907849370242,370.2860236541483,2361.579176561921
201550,-53.8392720845,-25.7475317872,-626.9385755127811,333.8503397547421,2356.141022352363
111590,-53.8398396026,47.2731098055,-84.02512078852195,825.3346574660873,2474.090088228791
201549,-53.8437314049,-25.5558414394,-778.50553504666,302.60705693202834,2351.9174090010783
311135,5.3850094937,45.2437312116,-602.1190034650278,347.1315025256205,2358.059530186415
311977,5.38538174873,46.1946292493,-668.7972581322297,316.05835305107195,2353.685907335692
311813,5.38543838274,43.5726187194,-537.8494330455666,389.21729749210033,2364.6214438096295
201683,-53.8728448663,-28.3772222218,-614.4877192412234,340.27859739612467,2357.060455674219
201672,-53.881261705,-27.3895516821,-629.4677153260834,332.60469302590957,2355.964844746233
310859,5.38951063408,43.8265916034,-157.2982644255611,747.5222572722171,2449.2313065479616
312266,5.38997345311,46.9777687571,-979.1171210152831,398.3217977715585,2366.137088682152
111529,-53.9268639658,48.4852926818,-247.13373844863258,654.3016221749772,2422.406877598825
311140,5.39313856138,45.0652388849,-589.0217489580451,354.8654362705752,2359.2104496455563
201366,-53.9523276399,-21.2064301675,-965.7523632304184,388.4355384152018,2364.4928917975603
201425,-53.9608333326,-21.8441370852,-1002.6588859549668,416.5452156082027,2369.2729653848173
201955,-53.9686666672,-25.6013333331,-657.8929643968008,320.09195040763956,2354.2309412147843
201684,-53.9736946167,-28.4547338182,-616.4131963847261,339.25296492469994,2356.9126080674864
111531,-53.9766947249,48.6100100232,-38.07249943799923,874.7429574243691,2491.0077698435252
201784,-53.9852777776,-30.2313888892,-721.5525058047317,303.18110920575907,2351.991337746914
111552,-53.9854591616,48.5396028753,-216.2298976957428,686.044419374948,2431.172847251464
201471,-53.989444444,-24.0747222218,-1075.8288371834535,478.5601395751106,2380.958688227797
200145,-53.9986111107,-14.6111111108,-803.2619788119715,306.74791886420667,2352.453772890087
200158,-54.0008333329,-4.53943053645,-701.6049901411186,306.7061651657084,2352.448328785977
312367,5.40160000008,45.9190999995,-620.2590862588481,337.23857094584764,2356.6235001779305
312430,5.40178468109,46.202709048,-528.6267014652196,396.0218371002589,2365.750993515071
201428,-54.0228608817,-22.5475425344,-1132.713186384,530.9951008453852,2392.049385982464
312068,5.40228611113,47.5773458007,-635.1237751101518,329.89473968175884,2355.58379327227
201685,-54.0316666675,-28.3836111113,-693.2965801880614,308.6656933273011,2352.70460918801
111534,-54.0396482871,48.6395867496,-96.33215944564155,812.1754202822173,2469.7314390775123
312107,5.40497531536,46.9812838184,-899.6777109440446,345.4958716370751,2357.8193029101158
201697,-54.0563206605,-29.430926896,-737.8740144310823,301.5664830444051,2351.7837510181616
311837,5.40647469848,43.2732512626,-606.8081461873015,344.48042086909476,2357.670720906427
310649,5.4067000005,46.0926999999,-437.10653653988413,471.2169387371073,2379.4936165516506
201475,-54.0685205685,-24.4312276753,-727.2394540085369,302.4873581875268,2351.90201107966
200155,-54.0723595398,-6.20174645199,-775.1698808002941,302.24979697759204,2351.8714691985783
201477,-54.0812909076,-25.2894071813,-838.5312646961952,316.99848681774307,2353.812335022064
312307,5.4103043748,46.3488634561,-603.5666302655904,346.3062718407865,2357.9381887092686
310573,5.41064342582,45.502531634,-586.8726791976738,356.17923880276345,2359.40842543452
201705,-54.110659686,-29.660267088,-913.2624905102894,353.4176047689359,2358.9931053773544
201673,-54.134444444,-27.3030555559,-637.8508699627833,328.626128619902,2355.40646179571
201588,-54.1511111113,-17.2077777776,-984.1574685883822,402.1396655709079,2366.78279072727
111551,-54.1728253021,48.3150355877,-218.5701899463972,683.6275366104983,2430.4919412887216
200212,-54.1773188305,-15.314145529,-768.8931206092723,301.708612178482,2351.801980295099
201958,-54.1896471165,-27.2855231745,-430.4599038433169,477.1206024384009,2380.669766500273
201452,-54.1944295689,-23.1389484264,-945.5419363361033,374.188654178999,2362.1942377318537
201920,-54.1973568812,-27.2811879251,-512.9624108982191,407.95074887457866,2367.7770759437244
111539,-54.1982319992,48.3979422896,-112.3234072299396,795.127750820803,2464.17787669288
201364,-54.2033333327,-21.3038888885,-977.7122089168085,397.2661603094817,2365.9596086967167
111528,-54.2096416152,48.5067535666,-94.05684132286757,814.6057869798777,2470.531735484972
201473,-54.2166666668,-24.0596906686,-1051.4342624720625,457.0994482299102,2376.738179402471
201476,-54.2186275249,-25.0848412984,-898.2367190938864,344.6864282152756,2357.7008295483733
311812,5.42232886079,43.5769617897,-491.17472945294327,425.2554908440985,2370.8198371766543
111526,-54.2249948135,48.8069100544,-58.51543554502962,852.7119182400129,2483.3570189092516
311807,5.42299312685,43.4811726048,-513.6695892915156,407.4025730855616,2367.6826908211365
201423,-54.23132066,-22.0686230398,-1100.5948470597007,501.01410722827467,2385.5732232524383
201675,-54.232222222,-27.521944444,-700.1009949642378,307.03977490707985,2352.491847219087
200156,-54.2394650126,-5.69622025916,-763.3800367796517,301.37507543257135,2351.7592147048704
201474,-54.2524540847,-24.0681350383,-1028.3203648131885,437.4539830483977,2373.0382329710133
201686,-54.268333333,-28.355277778,-580.1630881030555,360.3592716705555,2360.0430658223627
311349,5.42695377117,43.8856921363,-463.11975201262914,448.6166645432987,2375.121339966284
310568,5.42700818318,45.8444679473,-516.687913609152,405.0729023359227,2367.282941277643
111579,-54.2730395984,47.931365148,-59.07752208921805,852.1072795529213,2483.149468663609
312428,5.4273072272,46.2479432957,-432.2346993939226,475.5393485140319,2380.35336449075
111577,-54.2732694434,47.9268949906,-83.60033388272012,825.7894442564856,2474.241838241104
312264,5.42790593225,46.9937793124,-1490.9669306943597,901.0959792841267,2500.3836569093355
201718,-54.2856027585,-31.5395073514,-820.1535697352773,311.0402519216707,2353.0173195649836
312427,5.43019505744,46.2819285665,-386.52076154340085,517.2949184487369,2389.045520811642
200142,-54.3019678548,-2.81828117304,-871.4408680204142,330.78769700577595,2355.7090160602747
201580,-54.3021316798,-16.196944444,-935.9192454515878,367.72759828281096,2361.179377852544
312306,5.43055682947,46.3555870026,-550.0074618385181,380.51285058694936,2363.204285989488
201906,-54.3064247592,-27.3814793034,-519.4628576332088,402.9455728216075,2366.9198555324633
201783,-54.3103757575,-30.3599999999,-689.228030309075,309.7282270493166,2352.844245267501
310255,5.43142965554,46.6273341631,-723.5979522350796,302.915513562831,2351.95711615121
201365,-54.3144890719,-21.4269444437,-1025.5701802877634,435.1655029865596,2372.6174328885863
201687,-54.3319444443,-28.3891666668,-769.5119299921123,301.75433929721544,2351.8078469853745
311811,5.43423330378,43.5767923177,-370.1087818030598,532.7527734803506,2392.4401738618853
201698,-54.3440835623,-29.5559864283,-657.3888929465459,320.2890517524997,2354.2577481086896
312308,5.43546625388,46.3390663843,-532.8134801685103,392.91196045651253,2365.232393767484
312429,5.43556754389,46.2443141324,-493.887496230301,423.05861640234383,2370.4267676453424
312360,5.43559295689,45.0010973916,-620.0239906398563,337.36039072908756,2356.640935970129
310249,5.43563804389,46.8489766994,-409.6744998305561,495.88921458681267,2384.5021662814247
312305,5.4356999999,46.3775000004,-753.0621766532835,301.108674923288,2351.725090645448
312303,5.43980000024,46.3856000001,-519.45162687327,402.95415426983806,2366.921316457436
201453,-54.401388889,-23.4269149812,-1053.8602489274995,459.20185614154695,2377.1434143822967
200143,-54.4023424141,-1.77919195807,-920.1763161393725,357.6439200246606,2359.62997976121
201424,-54.4218018357,-21.6395222953,-1025.6935840884535,435.2679551276365,2372.6362259348307
201551,-54.4267808111,-25.6829263339,-818.2991470699808,310.51256244146225,2352.9476235758507
312310,5.44372399256,46.3400411073,-539.9796365156981,387.66989185781273,2364.3672330901413
201606,-54.4394059682,-19.8726508111,-1043.8233768172236,450.55211909771486,2375.4876720119437
312311,5.4442419826,46.3304710105,-887.0891785105404,338.6331875460038,2356.823477387488
201902,-54.4440870986,4.98619999971,-797.0192750978365,305.4590078061065,2352.2860526107734
312688,5.44446282862,45.7944704242,-538.4397744843653,388.78753755424896,2364.550743209961
200147,-54.4479884679,-13.1408333331,-780.8790392249119,302.890586474305,2351.9539058476525
201581,-54.4603224049,-16.6135418105,-1013.9646542243024,425.6315856405821,2370.887326414353
201676,-54.460833333,-27.6725000005,-704.1206312971906,306.1691776291318,2352.378377979908
201689,-54.4665160734,-28.6482730422,-690.7184538617105,309.33120333663777,2352.792014015471
201597,-54.4702777777,-18.1675,-991.2461930985647,407.58803996143376,2367.7146107960066
312304,5.44719999985,46.3931999997,-639.1077869968092,328.0498655194781,2355.326130735323
201552,-54.4805555556,-25.6277777783,-867.2493087942814,328.8216280450999,2355.4337458157283
312425,5.44816752493,46.3149238533,-434.5500182420629,473.48179880723586,2379.943167737208
111515,-54.4885949063,49.2067101175,18.236993296958858,935.7980170483714,2513.0981669184644
200148,-54.4891666673,-12.3682020592,-866.2547957226927,328.3638028662975,2355.3698764504265
201420,-54.4893044123,-21.9165335982,-1003.1846671384772,416.9631866071068,2369.346485181691
312263,5.45009174909,46.9856865858,-1328.2765364952681,727.4730962415374,2443.1867660112543
201363,-54.5069444438,-20.9938888889,-1040.2773873001051,447.52738007786326,2374.9158350932435
312026,5.45120608618,47.8114832261,-267.2456892208933,633.8598844075932,2416.9656226182633
312426,5.45157315021,46.3104551229,-373.597878315241,529.4479958781931,2391.7064301867645
201553,-54.5183333327,-25.5691666675,-933.1822578497056,365.9301512499869,2360.900112976218
310842,5.45193959424,44.4740090609,-508.11056821740306,411.7353228346572,2368.4320644525656
200157,-54.5224673811,-5.64970237031,-641.7367130811008,326.86194878499305,2355.1609714456476
312301,5.45229102927,46.4031521916,-414.581494679531,491.418169741078,2383.576364501241
310182,5.45242675928,47.0401049463,-579.6217306090824,360.7016161130621,2360.0953632690052
201599,-54.5297222217,-18.72267804,-1072.108182935118,475.2425992953954,2380.2940986446033
312295,5.45312303234,46.4653792547,-475.5810661573315,438.1008055816262,2373.1575556015136
201455,-54.5394444445,-23.7347622477,-977.9282934201058,397.42827930847096,2365.9868353503944
312333,5.45539999953,45.7808000001,-810.19212017471,308.36821115013527,2352.665599167297
312309,5.45543646753,46.3525931104,-628.5817773844648,333.03867392964133,2356.026151423217
201677,-54.5560775668,-27.847419494,-799.0438010509847,305.85914365656697,2352.3380462033115
201451,-54.5633333334,-22.9719444436,-971.8603260370035,392.91005068136286,2365.2320765167447
312298,5.45643882761,46.4434718389,-525.0481614860831,398.7067705526917,2366.201926451299
310650,5.45648210962,46.0765296595,-299.96999212547007,601.0149014378188,2408.560437192223
312302,5.45649649062,46.4103903962,-530.9389903369646,394.3000692732491,2365.4633821909338
201957,-54.5649999996,-25.8733333326,-458.46729132152126,452.59644216984606,2375.876260945019
201600,-54.5669444437,-18.7142665123,-1016.6379094198534,427.80959675867314,2371.279300069079
312167,5.45680976664,47.6929035473,-477.5700208161561,436.44245053810556,2372.8519718872035
201938,-54.5746666674,-25.5891666671,-880.7295906832555,335.35042923874124,2356.3540434849538
201598,-54.5767572086,-18.7304136496,-1024.7188896434209,434.45934990916885,2372.4880177949854
201480,-54.5847668502,-25.5555626903,-947.0634406632128,375.2299387748924,2362.3594084749875
201945,-54.5936109889,-25.5893066901,-338.6187002400251,562.9952103290785,2399.3557624309833
201918,-54.5978026163,-27.4555501635,-492.3846504306429,424.2742352118503,2370.644025264418
201478,-54.6018539016,-25.4998705767,-507.76705558887903,412.0048180539397,2368.4789291773195
312165,5.46020939193,47.8062403137,-370.25152323320134,532.617382104252,2392.4100283138905
312297,5.46083701198,46.456257354,-346.88264611670667,554.9895570566737,2397.4899116157394
201915,-54.618657119,-26.3481026749,-904.9438074508108,348.50498881721217,2358.262113313057
201703,-54.6365314965,-30.1103267482,-839.6573112860607,317.4056690347829,2353.8672066607114
310031,5.46396103724,47.689268612,-374.37741347139314,528.7109786553038,2391.5433859346836
312294,5.46462322429,46.4852572934,-509.31653355359197,410.7908166280353,2368.2680513158157
201582,-54.6508407717,-16.4812280335,-792.0287030568195,304.5464059648135,2352.1677196244673
312299,5.4683394306,46.4225784952,-542.8935842837052,385.5683076946255,2364.023559052612
311133,5.46863196762,45.2107434209,-310.53267480290367,590.5351171295439,2405.9667895506136
201706,-54.6890463718,-29.5018829549,-750.9491445583935,301.11176014730216,2351.72548567138
201700,-54.7021750189,-30.9764217139,-709.7670024186602,305.06034587135395,2352.234317086721
311134,5.47270293496,45.1945847096,-569.2297605341233,367.41592344483377,2361.1308580123427
201688,-54.7348696736,-28.1812554516,-801.6230401597911,306.39377848808783,2352.4076210031058
200141,-54.7349164936,-2.41012723927,-638.6857526418868,328.2427602832263,2355.353004866921
201707,-54.7349999996,-29.3605555562,-608.9359014525265,343.29863886962823,2357.4983400433225
310497,5.47381773705,45.9771209643,-505.22798458611913,414.00303616280763,2368.827343182551
201583,-54.7478224047,-16.7143245668,-889.6741301005975,340.00341063703615,2357.0207438845546
201708,-54.7520915821,-29.4852049255,-758.2063649465695,301.1831147716109,2351.734622886012
201679,-54.7558333334,-28.065555556,-667.064849617818,316.6694513374996,2353.768044915997
201602,-54.7643687771,-18.5064172551,-928.7867718244568,363.0819891987297,2360.4603361924533
310652,5.47741938835,45.948711766,-640.3083044001694,327.50446831069405,2355.2502297252304
201921,-54.7856008228,-27.5352627421,-381.90856197716477,521.616291126805,2389.9849420082473
201422,-54.7916592283,-22.4021286954,-960.056568689062,384.33167486496563,2363.822181163759
201601,-54.8058792475,-18.9000063116,-1003.530187314946,417.23810767977835,2369.3948818965328
201587,-54.8310739216,-17.610833333,-881.4047229525313,335.6928917626677,2356.402806278516
201589,-54.8353298429,-17.0811388372,-805.6280894204651,307.278853354257,2352.523062921167
201704,-54.835472451,-29.9017395179,-946.5984922261259,374.9111788140246,2362.3087985818033
310254,5.48457414494,46.6646120522,-514.5244898627025,406.7410731012664,2367.5689574761814
312292,5.48499835498,46.6563753585,-664.1456364379459,317.7247835539006,2353.910258684824
311335,5.48510530999,43.676935545,-534.367741162883,391.7662520437283,2365.0423387537217
310567,5.48511297899,45.7812980561,-553.9990324903931,377.72420053378585,2362.7568727074245
201693,-54.8519413033,-28.8353783597,-957.8340826249805,382.74881709052266,2363.565341775318
111512,-54.8530950384,49.0153100877,-28.80789848511283,884.7522729158477,2494.540248680514
310570,5.48544672101,45.4976346736,-586.4966114404918,356.410405795091,2359.4433337582623
111517,-54.8674950436,48.994410085,39.0378789938799,958.4744811811728,2521.629988506006
200115,-54.872777778,-1.50305555622,-920.0023941937442,357.53604943473243,2359.613632462458
200130,-54.8852629021,-9.81453486791,-879.4389546394043,334.699786645175,2356.261533666755
312805,5.48943314534,45.3146709405,-501.5901853171637,416.884880090071,2369.332705869945
201917,-54.9061658858,-27.6395701978,-300.95719113593293,600.032789763351,2408.315555870632
201701,-54.9061780518,-30.2809571033,-763.6448324017924,301.3880556076123,2351.7608781337062
200129,-54.9099094581,-9.34703793823,-792.9609943888361,304.7088891117216,2352.1887626125977
201690,-54.9103550002,-29.5769879531,-972.9675101943141,393.72910917284946,2365.3682756110784
201702,-54.9142572095,-30.2426539591,-856.2776511636544,323.95843477756824,2354.7597616998673
201579,-54.9227777782,-16.3108333334,-1029.6062108894564,438.5276856814835,2373.236397615383
201578,-54.9228075302,-15.9940552992,-896.9087497143353,343.94585317015446,2357.592674269715
201680,-54.9394109006,-27.9346091412,-829.9608042673913,314.0570432271149,2353.4180024504444
312166,5.49434821975,47.7063123214,-296.49862698087287,604.4726329983495,2409.4255813162686
310189,5.49452193576,47.0223153888,-671.5289226202863,315.1179469799044,2353.559811937252
311333,5.49759220602,43.6684344433,-971.1620495519751,392.39473341894336,2365.1465271040197
201419,-54.993361797,-21.6324999997,-1203.6348077187213,599.9488569698383,2408.2946453531586
201586,-55.0033258948,-17.8854800087,-1084.8791487064236,486.6924842659719,2382.606564688821
312804,5.50229548741,45.3433164699,-700.4785169949762,306.95515282365403,2352.4808041092015
201678,-55.0268672218,-27.847618024,-846.0289702360835,319.798679402023,2354.191084683773
201450,-55.0392423338,-22.9191802432,-844.3082264797606,319.1376095344227,2354.101374553914
201913,-55.0396666669,-27.7593333327,-516.4176886260229,405.2808079679088,2367.318525497657
201899,-55.0435224822,-2.4226143563,-631.2693508839574,331.7300511190773,2355.8415257976817
111535,-55.0478412085,48.4064453983,8.595648788402748,925.3085260776778,2509.211098391151
310794,5.50631221074,44.5684480298,-435.73988848750366,472.4267492454417,2379.7334937467044
201607,-55.09,-20.1555555555,-1002.5960695335664,416.4953101790079,2369.2641919504017
311352,5.51018958006,43.701663676,-682.1484075246925,311.73589801639736,2353.1093765418923
310571,5.51082430211,45.5676750684,-711.6148585114076,304.72663145267103,2352.1910610691843
312803,5.51104183413,45.3519341956,-616.2324534770531,339.34875770481875,2356.9263983444807
201909,-55.1187455814,-27.8435692536,-739.0091086005075,301.4973195798135,2351.774883268187
312262,5.5142289034,46.9478849656,-763.2436360053734,301.3685089400801,2351.7583732258827
201608,-55.1666666674,-20.1603375149,-873.0933561325671,331.57885339817057,2355.8202401452722
310253,5.51718701264,46.6768267612,-730.7499929682754,302.12896655117913,2351.8559437785652
310648,5.51723164164,46.2727550418,-602.837437058597,346.7212006663202,2357.999164301968
311131,5.51861598776,45.2897356644,-676.4178746140954,313.50639591007734,2353.344583382087
312183,5.51894432679,47.314473015,-625.9766237671076,334.32954014683537,2356.2089697800734
201709,-55.1944444437,-29.6863888891,-777.2014477464611,302.461644659557,2351.89870410004
201584,-55.2063888887,-16.6101181102,-978.6454440250171,397.9669652660649,2366.0773810888695
201449,-55.2088232359,-22.9271115099,-867.7463802948054,329.0517062035159,2355.465876045061
312801,5.52188795303,45.4186718041,-499.7103672753537,418.382670533362,2369.596701310143
111574,-55.2648194005,47.1269547024,-158.23190622387975,746.5397960992484,2448.9316313480845
310644,5.52695582245,46.1892565429,-577.1311514599015,362.28622328005906,2360.3380638026856
312802,5.52705871046,45.393623927,-643.2787679505393,326.17617234980025,2355.0658936144546
312061,5.52721759547,43.8518792795,-216.4030874862494,685.8654916877139,2431.1223623144338
313021,5.52724344847,46.2943847556,-585.8388017227129,356.8156580674104,2359.5045839538775
201910,-55.2766196525,-27.8730117241,-619.8962729238094,337.42664271806694,2356.650421058089
312490,5.5311727248,45.3308083408,-503.93994650719856,415.0208801188918,2369.0054450743546
311138,5.53130667781,45.0853290895,-345.77673360692876,556.058173043798,2397.737508499646
312015,5.53135662181,45.1113382977,-559.4814505879747,373.95191820871145,2362.156748606929
313010,5.53148482182,46.3691272147,-464.9433601528085,447.0645234598711,2374.8286582390915
311974,5.53189999986,45.9394000002,-657.2173573944185,320.35633684020837,2354.266902968089
201691,-55.319722222,-28.2119444441,-947.1240688882499,375.2715405291969,2362.366016727391
311130,5.53233754589,45.2889125204,-545.0612773177463,384.0164361988117,2363.7709472637403
111570,-55.33122897,47.218413565,-109.328207209959,798.3162957462989,2465.2085866943135
200124,-55.331666667,-13.5563888885,-734.3572663424146,301.81649797834024,2351.815823211756
310647,5.53435964706,46.2679574804,-333.6174200403149,567.8625847781316,2400.502527190543
312337,5.53549921315,46.2067006523,-839.1478527066434,317.22085724084246,2353.8422929597255
313004,5.53550000016,46.3110999999,-681.7227662256465,311.8629629402785,2353.1262132557135
313012,5.53559059916,46.456248775,-862.9555434124679,326.8690466644621,2355.161956538152
312386,5.53573753117,46.1232350264,-565.6733748068658,369.7744089431847,2361.499011510816
313006,5.53886520443,46.3526577644,-695.8718811211601,308.02796047031364,2352.621026066201
201454,-55.3894444438,-23.6480555555,-1113.0369052676965,512.52054787932,2388.016285508916
312025,5.53940000048,46.3727,-755.2403118432292,301.12601403936856,2351.727310762989
312342,5.5396366265,46.1268444987,-677.7819211584819,313.0732937804518,2353.2869257988546
310634,5.54039548556,46.1347735994,-686.7007897177314,310.4219040250119,2352.9356613294367
312244,5.54055020657,47.0359215389,-687.602841763376,310.1713624047116,2352.902620575972
111499,-55.4065192442,49.0975432935,-163.02649547653647,741.498479676471,2447.3995307713453
201609,-55.428055556,-20.4480555557,-999.3294851838225,413.90920179222803,2368.8109454292803
312261,5.54373004084,46.927736125,-701.2974115181386,306.77362747014746,2352.457125298668
312335,5.54386857085,46.1444490042,-717.7965975899501,303.7156283733209,2352.060299136798
201421,-55.4391815419,-22.4141859644,-1027.5705552781606,436.8289714328861,2372.923095707148
111569,-55.439695247,47.7458098837,16.14065592824265,933.5160926783111,2512.249343346847
310039,5.54400646186,47.4108135159,-539.3674605233068,388.113632821824,2364.4400309247508
310643,5.54422289288,46.1853082585,-656.3805838767265,320.68609939750746,2354.311798000441
111494,-55.4493896698,49.0229136833,69.72994659137134,992.0404591115566,2534.57861199284
111450,-55.4685438373,49.0147096806,44.46225923586,964.3978249680364,2523.887404909411
313013,5.54713711112,46.4303831368,-569.557585840795,367.20004961279216,2361.097275482931
312332,5.54722008112,45.7096399002,-770.8447105856882,301.85849823779927,2351.8212136163033
310061,5.54776314017,47.2891109369,-521.8943088274299,401.0931616495535,2366.605204122419
310038,5.54778891817,47.4398708283,-589.3689591908997,354.65433321530816,2359.1787053815315
312336,5.54786598718,46.1744692906,-645.8869406055021,325.0349985717569,2354.908112465075
310636,5.54797041019,46.1357696564,-482.36769421143504,432.4658365401235,2372.1237673510273
201710,-55.4808333334,-29.5979235758,-904.7662210788126,348.40222247605374,2358.246928649232
111477,-55.4809607224,49.0105948323,78.4437162354957,1001.5917697626281,2538.332236156945
312339,5.5481476032,46.2364340018,-653.208876650212,321.9590703857891,2354.485529974853
111453,-55.4827952655,49.0108100873,81.26827346106023,1004.6897715285878,2539.556261410928
313008,5.54892359727,46.3934657178,-699.5670742225158,307.1604614977205,2352.50760189309
111516,-55.5018746201,48.5813612078,11.335521915127906,928.2880151504573,2510.3113565709846
111491,-55.5105952758,48.9942100839,36.91350630695746,956.1557848014736,2520.74956167141
310637,5.5518091145,46.1607214405,-738.1109599533661,301.5515802861678,2351.7818401013233
310635,5.55200782552,46.1149481257,-565.3133682531532,370.01483522876504,2361.536670506442
313011,5.55205389452,46.4819684901,-598.6436470778642,349.1370888692104,2358.3556081900265
201897,-55.5270311242,-1.92304082097,-694.4813851978726,308.36892708385705,2352.665693006155
201960,-55.5311811505,-27.2851427004,-433.44839492728266,474.460026035514,2380.137975866715
111485,-55.5477761829,48.9686909748,-1.5983661344035056,914.233055421575,2505.148009097018
111488,-55.5480566189,48.9728105782,3.0359227680378247,919.266076060908,2506.989147653755
200127,-55.5517484832,-10.9600608467,-780.6682942069842,302.8644275907535,2351.950537183373
201569,-55.5518539022,-15.0267965562,-826.0444431782867,312.80707334108774,2353.2515235285623
311137,5.55547831781,45.0935306342,-581.3037217890802,359.6404158817423,2359.933409355627
312448,5.55575746683,45.6772454555,-436.32890516720596,471.9050672362693,2379.6299839135813
111484,-55.560594797,48.9685809248,81.98445438869047,1005.4754359295212,2539.8671855266257
200128,-55.5680034896,-10.1124999996,-695.1308955536194,308.2086738850974,2352.644693640604
201694,-55.5812382947,-28.681267181,-961.6084551208105,385.4431223531441,2364.003144758192
201712,-55.5981237841,-29.950986923,-899.1097256579469,345.1760962194392,2357.772466812388
310543,5.56051148522,45.8434353992,-439.174767521794,469.3901342666049,2379.1325238422733
313016,5.56056116223,46.4230488502,-886.279411591639,338.20817996344766,2356.762448964993
313003,5.56070756624,46.4396650606,-577.0096177063873,362.36394978769704,2360.349995225925
111504,-55.6148873785,48.9351655141,17.456129578023877,934.9479487361784,2512.781752302271
111483,-55.6149953135,48.9356100751,82.54231720571948,1006.0874641987868,2540.109535723849
310040,5.56165166232,47.4026713723,-725.8217288813478,302.647235275287,2351.9225788441795
311340,5.56415979853,43.8601704512,-344.369200698933,557.4194699868871,2398.053571832319
201692,-55.6433333328,-28.1824999997,-918.2968989386923,356.4824746292325,2359.4542213348964
312410,5.56444497155,45.4230510965,-255.10617872376218,646.1768074414138,2420.2249759748497
310645,5.56485201358,46.2278144181,-416.6484593449209,489.5420818202335,2383.1902814777864
111441,-55.6639398665,48.9439101018,-189.44136066575777,713.849369223808,2439.1648959835643
111475,-55.6641281165,48.922672557,46.12119684866286,966.2101491177868,2524.5804641792465
111443,-55.6687589829,48.9302994657,36.85197027059518,956.0886290527587,2520.724089316652
312485,5.56817440786,45.3434988859,-791.3887993486042,304.4370155726864,2352.153558828183
313015,5.56836154087,46.4223205591,-748.4859380158389,301.140102175729,2351.729114714467
310641,5.56888449492,46.1729617595,-492.7906250641412,423.9455005524831,2370.585213675302
313002,5.56890816192,46.4646990117,-872.0986506879301,331.1015416373055,2355.7531064888535
200126,-55.7016666666,-11.6458333334,-704.7003681819284,306.04916978750003,2352.362761604787
201711,-55.705698164,-29.3060140696,-892.7721252566139,341.67241109127826,2357.2620779960407
111480,-55.730629963,48.9354230561,15.981553776558059,933.3429317237649,2512.1850043450213
311337,5.57319373027,43.8684190478,-447.40797998453263,462.1677223729502,2377.718122793508
312253,5.57320653327,47.0063277145,-736.2167059559365,301.67757862848856,2351.79799925598
111576,-55.7606395555,47.0898431514,-128.1495976368457,778.3160917683839,2458.8046702743372
313018,5.57680967357,46.4233308932,-525.0862945650691,398.67803124108354,2366.1970840256627
200139,-55.7725000005,-6.2574999996,-590.6061885581321,353.9047383642548,2359.066135506581
201610,-55.7863950386,-20.4557886154,-1007.4372684830074,420.36048398511844,2369.9467091800784
201713,-55.7893539019,-29.7684577509,-943.0511206461892,372.49544685471415,2361.926613124289
200125,-55.7938057853,-12.6727664084,-687.0037973912933,310.3373806754769,2352.9245116879115
311347,5.58131179795,43.894102597,-427.39129505686276,479.86276090105446,2381.2208501432337
201567,-55.826949596,-14.5515292669,-790.7660490349078,304.33222777829695,2352.1399985378807
311339,5.58452695521,43.8603119142,-195.73160536976894,707.2981475928618,2437.255656972731
201896,-55.8848577318,-1.76062072353,-638.5133220973842,328.3217450574649,2355.3640135093474
312260,5.58906952759,46.8946023052,-1205.4324196347277,601.7375237334496,2408.7408568225324
310657,5.58953353063,46.0146330404,-497.9404838405771,419.7981555102828,2369.8470328751428
312341,5.58970525364,46.2899966802,-608.5191889528114,343.5290343063261,2357.5319012197306
311836,5.58978823465,43.30198078,-512.6829083740901,408.16765146288367,2367.8144563200062
312243,5.5904071437,47.0524191653,-475.6072137094435,438.0789674943993,2373.1535242411605
111452,-55.9154068053,48.9480783771,90.31203556246383,1014.6153583587229,2543.4993204785173
313014,5.5928666349,46.4402660766,-422.5718023977956,484.19009197662734,2382.0966632413592
312271,5.59386329898,46.9027911059,-977.6763871582782,397.239293393168,2365.95509764509
312484,5.59398660399,45.3559811099,-742.1204438703162,301.3366438794521,2351.754290057066
201574,-55.9685131297,-16.1937423867,-998.0972475370281,412.9383242387629,2368.6414940810273
200140,-55.9688170847,-4.2934508521,-861.2558674667725,326.11354257671985,2355.0572202197595
311838,5.59694932524,43.326702627,-406.4107274845394,498.87617263832084,2385.1251337159524
201898,-55.9770555614,-4.29775320145,-624.7417138792117,334.9490650969181,2356.296955832728
311338,5.59779069131,43.8608673992,-369.70062625326045,533.1400013324866,2392.526432221405
312385,5.59783997931,46.1562615381,-321.67405196461095,579.5516455388663,2403.2945257924775
312987,5.59828313335,47.0144309781,-777.745389883231,302.5214019258935,2351.9063898209233
201590,-56.0060441698,-17.2018037341,-1042.4251714140735,449.35745945536013,2375.2613738756113
111469,-56.0185873789,48.9477605811,40.70593801388215,960.2955541309013,2522.322742858427
200131,-56.0231819992,-9.63952819243,-521.7256040828374,401.2213372233355,2366.626930739309
111468,-56.0269481585,48.9642034795,33.38002199394435,952.3004534455604,2519.289705748409
111462,-56.0311442639,48.9729407412,43.419740591348216,963.2591023757188,2523.4525091958753
312259,5.60353965578,46.8691989951,-1509.1683098554195,920.8480313612954,2507.569653014499
111459,-56.0395964756,48.9733030092,70.99327972068271,993.4246484603979,2535.120707190478
200113,-56.0434225879,-1.10181951502,-694.0852612621968,308.4675092196012,2352.678616407568
201695,-56.044435718,-28.6228279321,-877.7838982784906,333.8732279154929,2356.1442655694905
111495,-56.0518883996,48.9649242205,76.20010352949916,999.1316314345452,2537.3625055932266
201714,-56.0524404967,-29.3080833508,-805.2098949055505,307.1833279059245,2352.5105876064918
312516,5.60686054406,46.2098975756,-361.013756645394,541.4122558859531,2394.3833650192273
111447,-56.0769742677,48.9520302795,72.5294119371222,995.1079969189882,2535.7808251876586
111425,-56.0896367297,49.4977198536,-88.7564825283752,820.2717663878127,2472.4057592940253
201604,-56.0896850327,-20.7560424832,-1223.804837890773,620.1177372741097,2413.3981179944685
310804,5.61008056933,44.172609081,-660.6158785266124,319.043341332727,2354.088596783484
310252,5.61018796333,46.6280486212,-714.4885482237922,304.2364118508033,2352.127603288804
201573,-56.105561706,-15.5731044524,-899.323856913692,345.29654172046395,2357.7901029526342
201572,-56.1063293861,-15.6144499318,-672.4969209178757,314.79154924634173,2353.5161327966703
312277,5.61069278438,46.8944455962,-639.5715367059493,327.83860178850705,2355.2967152101933
201568,-56.1322222223,-14.6561102085,-938.9937221590732,369.7682056928057,2361.498040185204
310566,5.61412030866,45.6643061884,-549.5390970878746,380.84235375259055,2363.2573635279537
312449,5.61412261466,45.6144889243,-706.5431605998373,305.677045972223,2352.3143761605475
310565,5.6146079897,45.6266577473,-903.0144373203573,347.3932962687794,2358.098083233556
111426,-56.1760955189,49.4978101626,-39.27842318965166,873.4412176799761,2490.55094880622
312715,5.61877288005,46.1440992051,-335.1848264906536,566.3353628550724,2400.141706457656
311332,5.61878862505,43.6434719782,-522.4923895961575,400.63918850179596,2366.5283068707754
312483,5.61888524505,45.3726190763,-595.61226274353,350.91426289435,2358.6193605073217
313009,5.61923781208,46.5607764876,-545.0989823362277,383.98953048701895,2363.766576331285
313007,5.62247313135,46.5061989441,-340.5139282654409,561.1550923281201,2398.92465607052
311808,5.6230319454,43.4689205378,-98.80135461990018,809.5392760090892,2468.865793691225
201585,-56.2313119345,-16.9140211043,-1116.1957724053177,515.4641920138273,2388.6497861984185
312245,5.62328021242,47.1566360849,-599.2819602913102,348.7661581663006,2358.300723177467
312383,5.62339821643,46.2304525193,-815.980292971245,309.8720964468805,2352.863188545749
111444,-56.2681940495,48.8435496195,-92.14240495293971,816.6515698794855,2471.207044026038
310563,5.62732887075,45.4432149971,-528.967747726521,395.76723651199364,2365.708387218007
312290,5.63095769805,46.7393215354,-417.98001088455936,488.33580299062044,2382.9427866274455
310012,5.63103226806,47.8308441567,-501.58586329952357,416.888317080514,2369.333310611976
310576,5.63143305109,45.0609398845,-459.8129224573506,451.4424615282805,2375.656701614944
312482,5.63186695713,45.3770724567,-519.2333516058007,403.1209847505695,2366.9497240548967
310564,5.63538770742,45.5900181903,-765.1398741469443,301.46710084004917,2351.7710094195363
312481,5.63561101644,45.3845398433,-495.7515392118734,421.55580443438816,2370.1590166293918
201575,-56.3647173605,-16.5185478716,-1061.3780004796415,465.76271996298107,2378.4195128623955
201571,-56.3680853068,-15.2020886407,-956.5337141582747,381.82758113487307,2363.4163343711984
201591,-56.3852257122,-17.2915296676,-1231.276267518811,627.641756455328,2415.3423447419646
313001,5.63928613974,46.5022332618,-764.9185986378088,301.45478488730714,2351.7694307029196
203009,-56.4020746236,-34.5145920426,-759.4259874967267,301.21779467975966,2351.7390645411792
201605,-56.4023858556,-20.2433906198,-1401.9710896377892,805.37418815666,2467.503201782377
201570,-56.4138888886,-14.8341666672,-951.7361818666606,378.46050937697555,2362.874695157397
310562,5.64352138109,45.6143481383,-698.2247792373039,307.46907712206684,2352.54791688577
201716,-56.4611483005,-30.3892324593,-815.3797063967786,309.7097413791431,2352.841811886727
310805,5.64810217347,44.1766231183,-558.2478710727701,374.79477206987934,2362.2903269979743
312016,5.65269568285,45.019126193,-594.9133341263426,351.32764600265864,2358.680898871878
201565,-56.5349492216,-16.318305129,-1019.4986220820344,430.15245139565934,2371.703101001257
310646,5.65560000009,46.3903999995,-313.86108259967517,587.2461274104306,2405.161633241273
201696,-56.5577777785,-29.1145491748,-926.8406592111203,361.83634531035614,2360.269054291234
311279,5.65586366611,44.3564182012,-491.35670949710527,425.1077573896071,2370.793342586001
311839,5.65591384412,43.3725589298,-413.7649688356743,492.1604842189173,2383.7295169720664
310037,5.65614931414,47.4519262813,-578.2627905919214,361.56427792479366,2360.2273608550004
201928,-56.576449263,-29.0976743074,-1008.648735301734,421.3336671464671,2370.1195174354334
201577,-56.5806981644,-17.0595438924,-1066.475897512726,470.25006570443514,2379.302333069992
111451,-56.5900063271,48.7604677486,127.818087472076,1055.8757150705776,2560.2378783099603
310561,5.65950249342,45.6060866126,-630.077508306565,332.3074681433818,2355.9229022277336
310631,5.65976760644,46.3179217815,-587.182208163634,355.98925432335307,2359.379752615288
310630,5.65994403245,46.2920718764,-499.9712049039801,418.1744948362249,2369.5599540819417
312269,5.66045323749,46.9062388722,-740.5775128792684,301.41102731068884,2351.763822164498
312411,5.66110234155,45.4648987149,-509.18238077847803,410.89576042887904,2368.2862567256752
201576,-56.6394803462,-16.9443071858,-1108.8180794371015,508.60304713309444,2387.178570490769
312395,5.66832030614,45.5598927988,-791.2128349964561,304.40723965664824,2352.1497051447773
310629,5.66840923715,46.2808695204,-408.8907211720519,496.6055693881624,2384.6512448164453
310530,5.66879240618,45.9112468569,-601.0784050552572,347.7284160563334,2358.147476132553
310188,5.66882849119,47.0096774217,-754.9633219835216,301.1226530665101,2351.726880410881
200138,-56.7270485755,-4.88653192917,-545.3489935988352,383.81120253426894,2363.7376138328223
312334,5.67286521152,46.2360857167,-425.027596277245,481.98197446760645,2381.6488178505606
312393,5.67305005554,45.5357833268,-628.1281731452946,333.2618606430043,2356.0577105870134
310546,5.67322766155,45.6978910442,-621.7801936673239,336.4545596115664,2356.5114339932015
201895,-56.7525448646,-2.58118218442,-788.0619121501376,303.89636410605334,2352.083643915361
312394,5.67725011888,45.5434918614,-925.5729878256175,361.03009790505166,2360.145588613256
201592,-56.7747222224,-17.3655555557,-1227.379368249808,623.7139887150167,2414.3246690484852
310531,5.6774999999,45.8777000001,-812.3862987605216,308.92229071806975,2352.7382875194135
310544,5.6810560642,45.7940596942,-888.0751970582123,339.1534333121923,2356.8982835889906
201554,-56.8138888887,-14.4511111105,-871.8338785364874,330.9750401446058,2355.73533000972
200137,-56.8393428898,-5.15292894321,-508.12659346008036,411.72275552999986,2368.4298797470233
310528,5.68477206451,45.9860698421,-421.5265895821842,485.13182821530734,2382.288261022333
200136,-56.8479588635,-6.81972222212,-583.723142880439,358.1267592497938,2359.7032109034476
312492,5.68505712253,44.8107953678,-626.0334911389696,334.30112874711045,2356.204938569409
312268,5.6859255176,46.8975494635,-597.6004266745148,349.74578429378585,2358.445797869554
111360,-56.8897593329,49.502185552,-263.52812715551715,637.6245912656518,2417.955662795323
310533,5.68911255287,45.8782342971,-554.9553567963819,377.0613122836661,2362.650990112243
310032,5.6895431569,47.543958429,-510.5646245856746,409.8159662004336,2368.0991520648113
312363,5.68979023392,45.4770989209,-610.553912645225,342.40894594964453,2357.368947391059
111346,-56.9059821503,49.7691869071,94.30426905002923,1018.9998630470554,2545.2514981327877
111345,-56.9223593876,50.0774922876,264.20474464995823,1207.014312611596,2626.1812615862077
310526,5.69306676619,45.9934876487,-79.56188814449061,830.1150081092967,2475.6888727272617
312276,5.6932002882,46.8524356117,-653.0362238093111,322.02940583671426,2354.4951488760453
111565,-56.9351479787,47.7442207805,348.90320418501324,1301.5509866281814,2670.9510363632794
312511,5.69394102926,45.0930404532,-531.0085879921058,394.2484071224072,2365.45477115413
312072,5.69454407031,45.042741974,-246.50876336064405,654.9397052114839,2422.579304237487
312731,5.69478512033,45.018294133,-252.9623682881011,648.3588596947014,2420.808476274382
201593,-56.9650000002,-17.623333333,-1179.647381104045,576.2590170405758,2402.5026373716746
310619,5.69809999961,46.5894,-743.1650116749438,301.2922059335057,2351.748596515699
310621,5.70144544589,46.5980701377,-666.5449471759661,316.85505738907034,2353.7930230269426
310036,5.7016612979,47.4438097227,-505.2035039515348,414.02235538783043,2368.8307197050126
312252,5.702778427,46.9268770069,-825.5931655273682,312.66688696235815,2353.232893289573
200108,-57.0430555556,-0.997777778411,-655.9023197592741,320.87572114324917,2354.3376342989723
200112,-57.0438070717,-1.08936605499,-605.3048651688164,345.3233732568705,2357.794032559839
312986,5.70457617914,47.0062002525,-824.2932376601823,312.26754049345016,2353.179866627944
312182,5.70562717923,47.2689002432,-463.8392053565818,448.00378100513853,2375.0056538147824
311264,5.70587806125,44.656057853,-505.8007791597336,413.5512968180819,2368.7484338690756
310536,5.70600000026,45.8642,-1115.0867104488063,514.4296911710867,2388.4267573060856
200111,-57.0606522481,-1.101560351,-765.8390749090422,301.5074253771824,2351.7761788518183
200109,-57.0613888891,-1.06499999997,-586.7951355879733,356.226873796089,2359.4156169424277
312037,5.70687566733,47.6187544621,-898.6663246387305,344.92711508781457,2357.736029028713
201555,-57.0769011054,-15.1602961182,-1124.7366475055442,523.4664612571364,2390.389425160334
201715,-57.0978583062,-29.7434510448,-988.6877347374786,405.6111663489013,2367.3751046516054
111412,-57.0980958542,49.5189101624,-169.96156931888046,734.2185263354088,2445.2037363523355
310534,5.7100703756,45.8811060834,-712.7443975795715,304.52976221597936,2352.1655647365906
311277,5.71022384861,44.4188282654,-602.4669629477048,346.93259568458916,2358.030257186224
312412,5.71030561962,45.4940599233,-621.0621732734934,336.8237383913789,2356.564172391922
310532,5.71032342862,45.9191031835,-632.4385763473451,331.1681238129473,2355.7624655484833
311128,5.71051627564,45.1901812192,-348.6500262783761,553.2835637301976,2397.095569590681
311275,5.71073052565,44.4401452511,-502.25179035533927,416.3591180106534,2369.240254387024
312396,5.71093036667,45.50183626,-793.0051408645554,304.7166744880508,2352.189771163955
311282,5.71381887391,44.3145535707,-643.1263743094171,326.2435793133999,2355.075230412078
310626,5.71469268598,46.3640534813,-581.569849033325,359.47317749630633,2359.9079289659953
311274,5.71480382399,44.4440930875,-218.8336576138429,683.3555747523768,2430.4154602459294
311276,5.714956282,44.4227551777,-456.6001220753493,454.2015555174345,2376.182552097321
111336,-57.1518169116,50.6062945573,-166.24117550556903,738.1221506086657,2446.378706798366
312392,5.71888740833,45.490150849,-606.0214963084568,344.9207048017822,2357.735091238674
201556,-57.1890748357,-15.097448988,-974.2035975420382,394.64636953704024,2365.5211317690755
311265,5.71932299836,44.5892814115,-460.5365524310056,450.8228683103537,2375.539039133825
111382,-57.2062476731,49.0864413386,48.04821667459021,968.3158015669244,2525.3870910063424
312273,5.72245826862,46.8279601717,-692.3942205553473,308.89555283939467,2352.7347768971404
311127,5.72256317663,45.0902198879,-241.99459598197058,659.5534702373084,2423.830697049478
201557,-57.2269816338,-15.3227885407,-1006.3208721314551,419.46576845690674,2369.7881759272123
310622,5.72305049167,46.5230281405,-628.4200695198768,333.1181624680162,2356.0373889272955
311330,5.72320417969,43.6975348547,-493.29413278348943,423.5381495438638,2370.5123986126546
201603,-57.2351351695,-19.2598231254,-1263.0336181556795,659.9134151045927,2423.9286671212685
111386,-57.2352959025,49.3483101352,-27.778038719629496,885.8658425098886,2494.9354217660702
111413,-57.2524959119,49.6389101803,48.872076592235715,969.2161821899208,2525.7324632027216
311273,5.72633720294,44.4483534168,-471.80199236855105,441.2672147675858,2373.74413589292
111564,-57.276956938,47.810123397,162.5225739408129,1094.1822195545994,2576.272345356118
201615,-57.3047445363,-22.2018340358,-1371.8263125513697,773.3350032943505,2457.2324870019024
310030,5.73132908636,47.6063130871,-463.7294315716764,448.09724988900035,2375.023286878545
312985,5.73136395836,47.0030333752,-843.8985905451902,318.98184355170093,2354.0802629419677
310614,5.73136556336,46.6108796457,-652.2115591035624,322.36683324428697,2354.541323280021
311278,5.73138266136,44.3889706319,-562.6961061562382,371.7719256068245,2361.8126158793143
310615,5.73144712437,46.5936761813,-735.8386811595202,301.70459914366177,2351.8014654731633
312391,5.73559718971,45.4485391846,-532.3587474855441,393.24806678539846,2365.288250908911
310484,5.7367154978,46.1774371569,-401.2143311678637,503.65298848919383,2386.128831532652
201616,-57.3772222223,-21.9697222216,-1254.862140304815,651.5667913902716,2421.6696206336437
111341,-57.3780959673,50.5317103162,-416.77084609086114,489.43113344502626,2383.1674935351407
201566,-57.3806930116,-17.1234512437,-1151.8196659463167,549.2319078423574,2396.1636330704628
201595,-57.3896850333,-18.3940250318,-1070.6844860920487,473.9772249351344,2380.041780644721
312242,5.73966501205,47.1189611448,-562.4953815169487,371.9073441070979,2361.833935834202
310478,5.73973414005,46.1939053582,-466.38735876856265,445.83864493532474,2374.59819025768
312398,5.73988184507,45.3984235214,-435.4370574227286,472.6951151493774,2379.786784513135
311973,5.7402439451,45.8437729673,-570.424962245601,366.6301361074936,2361.0087091240225
200132,-57.4147791494,-8.8596216169,-696.4809107340245,307.88111474630017,2352.6018041042785
111385,-57.4269324984,49.1978826238,-87.23729372998108,821.8968800120655,2472.945399565233
200121,-57.4270560134,-11.5349825773,-758.6017768084658,301.1936434395624,2351.7359712998564
311267,5.74348837536,44.5057907946,-443.6295928748717,465.4722418104156,2378.362645971656
310013,5.74350455537,47.8233789121,-486.48345340598723,429.08158664073494,2371.509113592316
201612,-57.4393613404,-19.5982580264,-1227.0200079506592,623.3521574920181,2414.2312192719314
310620,5.74423367343,46.493466992,-421.5308777229187,485.1279622549136,2382.28747375687
310618,5.74440000044,46.6567999995,-932.4645792440261,365.46185581902,2360.8275743721656
111390,-57.4479231021,49.1893648111,14.307062413072146,931.5207033860862,2511.508568309929
310806,5.74553195253,44.1692155807,-771.6691565147689,301.9268060345196,2351.8299819628737
311126,5.74702371466,45.0858222046,-312.796849924075,588.2970485687873,2405.418442851894
312251,5.74796227073,46.9232848646,-633.2649535585566,330.7736886840699,2355.707049058297
310538,5.74798419074,45.8135051068,-503.1521838533551,415.64476470942697,2369.1148216765764
310617,5.74814740675,46.5851477536,-777.5760224372325,302.5026579148579,2351.9039788866457
310476,5.74825012676,46.2019313199,-462.2543356180684,449.3548004342147,2375.260870837255
201594,-57.4860441703,-18.0394296574,-1040.7195469437252,447.90363271690774,2374.98676460697
111797,-57.4894530116,53.5312761943,-21.306435099740963,892.8676336387355,2497.4300949289686
310558,5.7524125721,45.3642755896,-445.14211569959184,464.1473553619373,2378.103705759436
312181,5.75245853111,47.2684268132,-634.160453175786,330.3488148621089,2355.6474284871415
310541,5.75258488212,45.7018404235,-765.9514551684802,301.5141060700423,2351.7770353535852
312399,5.75260903712,45.4149179438,-324.5156972537065,576.7623398370524,2402.6234129616723
201717,-57.5566964191,-30.2178149561,-738.6905044071054,301.5161640111763,2351.7772991967795
310611,5.75640000043,46.6563999995,-589.1117499803441,354.81068477702195,2359.2022147092907
310035,5.75662749945,47.4523084054,-633.0629283978728,330.86990800173743,2355.720561500952
312408,5.75735470651,45.4352698745,-535.6396753026294,390.8322394198389,2364.8878001349676
201596,-57.5941666672,-18.9980040918,-1120.3757320889108,519.3727584450598,2389.496292123533
111342,-57.6025065149,50.1817102622,-163.9300606292038,740.5491702770604,2447.112081915196
311280,5.76040109176,44.3515484668,-536.8991294781207,389.91059182780566,2364.7356591121957
312983,5.76052032177,47.0232656469,-760.059092080653,301.238369453748,2351.7416999084817
311281,5.76061409178,44.3436753862,-749.3506781492798,301.1271182292312,2351.7274521488075
203011,-57.6139942509,-30.2475328435,-769.1897931412076,301.73032637466525,2351.804766070399
200135,-57.6270909159,-6.04456397798,-529.4035046451407,395.4422591018419,2365.6540423614038
311283,5.7644446791,44.3392581428,-612.7822128178143,341.19648273848765,2357.193141787579
311272,5.76470438812,44.4855335139,-500.7478537319637,417.555308940777,2369.450759961454
201944,-57.6478569807,-25.3645012995,-645.6203158958727,325.15057143611614,2354.9240671330604
111339,-57.6538960602,49.8181102061,20.290450565621057,938.0338884423999,2513.9315908997305
201947,-57.6771336021,-25.3017363323,-314.210451691537,586.9012742444539,2405.0774568747356
201940,-57.6810492574,-29.9682399014,-675.48795540337,313.8058082140506,2353.384489012825
201559,-57.6844444437,-15.0933333327,-847.3421325224028,320.3104703250417,2354.260662130923
111417,-57.6939658225,49.006758868,91.88480876399748,1016.3424529790371,2544.1887606041987
201561,-57.7023648302,-16.0732135188,-849.7945308375677,321.283084503463,2354.3931889651185
311095,5.77033256059,45.2019980692,-234.2223414300632,667.5170561916339,2426.0097873182676
111433,-57.7191283866,48.305888641,6.327575052678121,922.8429564898212,2508.302930309686
200122,-57.7274020192,-10.8223506463,-899.2667755415408,345.264421279835,2357.785399152981
311263,5.77306178081,44.6891390217,-172.20938943625362,731.8620276782007,2444.497186624384
111563,-57.7315549416,47.8599744941,46.713650313945934,966.8574699819721,2524.8282783423556
312078,5.77326896583,46.710254017,-1045.5690830203228,452.0472858318709,2375.771709673563
201564,-57.7477480259,-16.7308539772,-926.7169658250677,361.7574960342406,2360.256967746149
111387,-57.7619882241,48.9855217942,172.80507741619294,1105.553662800189,2581.1225017786733
310028,5.77673323811,47.6397110529,-233.3388727770123,668.4238308569518,2426.259443158288
201558,-57.7677777776,-14.8505555556,-826.7766391489796,313.036221465932,2353.28199411098
312991,5.77701525614,46.9891611,-556.2623435445859,376.15866728346884,2362.5071028104353
311266,5.7777778522,44.5521735254,-525.7034542296415,398.21328666872705,2366.118824052755
111393,-57.8023781744,48.9438214228,107.70807957189785,1033.7337891094642,2551.186001569445
312753,5.78095308046,44.7806657183,-489.0452182994161,426.9880740455687,2371.131224380976
311117,5.78110534848,44.9021277744,-537.656401625068,389.3579753688048,2364.6446034955393
310540,5.7813296845,45.7030463476,-616.8333380132009,339.03067976323024,2356.8806227040855
310495,5.78153808651,45.756012846,-801.6169779414794,306.39248932546013,2352.407453094029
111415,-57.8274465105,48.9520857675,18.418010937499744,935.9950902471896,2513.1715573800616
200107,-57.8286557376,-1.43963430997,-770.398550202903,301.82276769871294,2351.816627834448
111416,-57.8307798778,48.9563410468,63.059921220670724,984.7356166449856,2531.7284022079584
111340,-57.8395128605,49.7896626768,-292.24849847888606,608.7149637057098,2410.493388270652
310607,5.78424684774,46.7272218164,-753.0537460879847,301.1086482796821,2351.725087234071
201613,-57.8483022942,-21.0986111106,-1149.3708793196886,546.8792523982233,2395.62546834035
111410,-57.8516991935,49.03114025,-132.9880789542266,773.188851131553,2457.1864942188276
111407,-57.8522054396,48.8527274342,-58.91219592766821,852.2851152010026,2483.210499625529
111343,-57.8567270109,49.8311373982,-115.25933037684656,792.0043851717572,2463.1718198267404
312989,5.78587034487,46.9681969293,-520.0807239639878,402.47381630283166,2366.8395891286436
111409,-57.8607723823,49.0103586823,-210.79351776700392,691.6665264056418,2432.765309602907
111414,-57.869696127,48.9481100681,98.40252679704616,1023.5026877723197,2547.0575611348963
111397,-57.8727961283,48.9773261425,-116.06571074118816,791.1468848955253,2462.8962343828402
310002,5.78732467499,47.9393819547,-464.5591376797266,447.3911801642915,2374.8901734493074
111406,-57.8745414684,48.9111100631,-115.81475550039589,791.4137324192952,2462.9819657722064
201912,-57.8767650786,-25.8647421369,-610.2605347525425,342.56968671006155,2357.39230042645
201560,-57.893611111,-15.4686111107,-997.356874381784,412.3562276982407,2368.5400833380054
201614,-57.893963268,-21.7002777783,-1222.930052298266,619.2386099404268,2413.1723775765035
311284,5.78975099519,44.3232276875,-500.00696988256016,418.14595933495326,2369.554918368728
111405,-57.8979414764,48.9231100641,-179.71137032738264,724.0086062104791,2442.1574334436596
111408,-57.8981723944,48.9935038359,-141.73918100470718,763.9309901476826,2454.289107983267
310613,5.79022037123,46.602194164,-647.697420613272,324.2567933457564,2354.800827222582
111404,-57.9107414814,48.9312939447,-217.792378323641,684.4305766790937,2430.7179355389135
111403,-57.9194042051,48.934665986,-239.18317229239992,662.4312371605931,2424.615353375334
201894,-57.9250492366,-2.5857660158,-703.0209558588682,306.40067017527764,2352.408518633858
111402,-57.9257414867,48.9400100675,-241.63390501161655,659.9224889469416,2423.9311374862136
111401,-57.9268822027,48.9351506081,-275.7367916564337,625.2856867848496,2414.7311771614004
310490,5.7934263155,45.997304277,-700.2485758459759,307.0066241561858,2352.4875207178166
310608,5.79366045552,46.7399837924,-513.9742505041621,407.1666851926286,2367.6421134512784
311293,5.79383133953,43.7311422665,-681.0395523865677,312.06841655011226,2353.153451108826
310029,5.79384368053,47.6061429701,-613.6004466147194,340.7550181890472,2357.129281621672
200133,-57.9434326021,-7.61486450791,-686.7098476160212,310.4193720070609,2352.935327282614
111399,-57.9521172368,48.9561484478,-191.6229370905974,711.5757857533382,2438.500475031277
111400,-57.9557961581,48.9489100682,-246.7012853126872,654.7431276050837,2422.5261672484303
310475,5.79696197279,46.2442554394,-569.7386631979379,367.0809212152848,2361.0787514561107
310549,5.79765452485,45.5767934862,-516.8842480906811,404.9219291496389,2367.257112475015
200110,-57.9774317709,-0.694722222336,-820.7422186758984,311.21062394774464,2353.0398467334185
312017,5.79793418087,46.8982846245,-588.3081635449987,355.30030922843105,2359.2759011177777
311319,5.79806980888,43.7731156309,-584.9011759082107,357.395267347759,2359.5923048229874
203010,-57.9808689092,-31.3847933746,-680.2419852861026,312.31058691257925,2353.185579285017
312397,5.79929220898,45.3440538579,-295.6488521980902,605.3200711198995,2409.6383248026837
310486,5.79972270202,46.1518137658,-467.9197705012823,444.540793612311,2374.354856596365
200123,-58.0034759411,-10.6353447098,-634.6542634148283,330.1156642882947,2355.6147434726636
310137,5.80059896209,47.1728859402,-814.2948781415507,309.42017281025954,2352.8037128496744
311119,5.8019454542,44.8815379167,-515.041897690157,406.3413483114158,2367.5003187338375
310521,5.80210000021,45.8565000003,-691.0086172120613,309.25495384051067,2352.7819903960885
312250,5.80238183824,46.8893253878,-498.6096083238218,419.2624158892661,2369.7521898364366
310489,5.80295114228,46.0268095044,-748.3003451537412,301.14331666380394,2351.729526333451
200120,-58.0363888888,-11.7644444442,-767.4140309924724,301.6060874345155,2351.7888297708278
111365,-58.039216123,49.0895705608,-55.85657828610878,855.5728870299348,2484.3408447469565
111373,-58.0618961939,48.7978358417,-83.98166798059599,825.3811772924937,2474.105607221734
312401,5.80622224255,45.3354159122,-405.43639927802843,499.7698657299815,2385.312219930348
312180,5.80733306565,47.2858878626,-487.30959500413417,428.4053564456737,2371.3868552576205
310026,5.81005938087,47.5639536556,-632.4971601718225,331.14008705749916,2355.758524364017
311296,5.81026226689,44.2728399103,-467.14242959441486,445.1987512235595,2374.4781312844934
312331,5.81048768591,46.1555470321,-465.623597932988,446.48668762797195,2374.7199477172635
312400,5.81052892691,45.3393415365,-281.3183124953497,619.6687129683528,2413.2827811280504
310616,5.81058446792,46.5557435262,-527.4000916693524,396.9393881696679,2365.9047626093898
111364,-58.1188474356,49.4689201832,-104.82170546242767,803.1176739003747,2466.767614913985
111561,-58.1439748977,47.7104792067,13.0259295260404,930.1268193846415,2510.991909185665
200134,-58.147434347,-7.33530851278,-549.9004970079859,380.5880602920853,2363.2163970940483
111392,-58.147875959,48.9853506112,81.39074009955773,1004.8241155186782,2539.6094130761876
200118,-58.1812375548,-13.0816666672,-773.720272993868,302.10958626198817,2351.853454186436
200117,-58.1859164382,-13.0269463197,-652.0387404886332,322.4378539654445,2354.5510479764766
310187,5.81918564663,47.0065505785,-742.8821395644221,301.3037677889831,2351.750077780613
311297,5.81936417364,44.2685695019,-852.7445251763118,322.4818278736482,2354.5570702716063
310610,5.82241335589,46.6199912615,-440.24057218959103,468.4506741368683,2378.94735165715
311980,5.82278718093,44.2727256263,-485.21357464840383,430.12305126974564,2371.6977689180544
310485,5.82280537393,46.1897030519,-444.05175109937454,465.1021799680107,2378.290248407094
310487,5.82280886293,46.1271691247,-589.4997068200455,354.5749228774939,2359.1667689654464
311329,5.8249027401,43.7274622292,-564.4511087023202,370.5919312305224,2361.6271609528994
311295,5.82692052927,44.3062932251,-584.7246700868536,357.5046359368913,2359.6088727951615
310027,5.8273755213,47.556763088,-468.70871408042944,443.87385834613394,2374.2300794110847
311318,5.82861267341,43.8969269282,-415.28209623326194,490.7817802700223,2383.445242438411
200119,-58.3443464643,-11.3566446805,-703.3282408957497,306.3354758121881,2352.4000279710854
111374,-58.3643712089,48.5770757914,-162.72940788709926,741.8106602236395,2447.49413144929
201931,-58.3849130676,-26.869029729,-600.3838838308508,348.12852977059134,2358.206509425652
311327,5.83891229626,43.7068222345,-591.7618385675895,353.2083082561058,2358.9617582484084
310606,5.8394322243,46.7484217021,-892.4850119223638,341.5165136830073,2357.239486555297
312982,5.83988098734,47.0062544845,-724.5314623225231,302.80029353235494,2351.94227939815
201893,-58.4169715253,-3.15609815999,-822.6916725177879,311.7846784600423,2353.115839388217
312031,5.84343243363,47.4228240139,-481.90751181867245,432.8458003484281,2372.193068604778
201563,-58.4607812679,-15.8479395431,-877.9525106329397,333.9570328012441,2356.1561424520855
310519,5.84768687099,45.9352206498,-461.886370225642,449.66894765138943,2375.3203216280517
312930,5.84825200503,45.9936039227,-868.3405164704715,329.32780292275135,2355.5044618160264
310493,5.84842158805,45.9863960821,-630.8181470553808,331.94810039770823,2355.872239578142
312024,5.85160908031,46.9610037957,-824.6593090780782,312.37932826514657,2353.1947035008952
312023,5.85180000033,46.3819999998,-347.0695842766724,554.8090079242877,2397.4481231366017
312407,5.85181440233,45.4183163481,-554.970889143676,377.0505626887968,2362.649274581655
312996,5.85193282934,47.0062807675,-915.4695459868628,354.75285763041705,2359.193518525818
312997,5.85221196236,46.9940680275,-622.0109055278646,336.33628053297764,2356.4945494229432
200106,-58.522454085,-1.63926397249,-761.9411091627011,301.30990857468765,2351.75086453956
312179,5.85557446864,47.2985397506,-439.5989280938133,469.0160971328548,2379.058756573073
310148,5.8562677967,47.1388953224,-588.8320707927779,354.9808967948604,2359.227819636452
311271,5.85730317378,44.5443518328,-421.10620582599176,485.5109175685073,2382.365488109559
201562,-58.5978683203,-15.4972331411,-888.8289419185306,339.5531416263103,2356.9558340888734
312406,5.86020119402,45.4110231695,-424.9816079548225,482.02326564170977,2381.657174422293
310483,5.86029332303,46.2103641036,-418.0408161019267,488.28076181424836,2382.931507663446
312405,5.86038169104,45.4229817565,-550.4542686364457,380.1989586496571,2363.1537647845867
312676,5.86042470504,44.2390546775,-496.9964511815563,420.55523555452396,2369.9812602654906
312464,5.86062504306,45.6427854876,-435.2173789106708,472.88985722694827,2379.8254736273007
201943,-58.607166667,-27.2855000005,-582.3866912839253,358.96100396716645,2359.8299663802895
310001,5.86455522938,47.9354201233,-601.8946592952329,347.25993016906176,2358.0784395261967
312108,5.86470000039,46.3988000002,-478.03935790060666,436.0519550160912,2372.780178468001
310625,5.86513261043,46.3855768601,-401.24446986009156,503.62520958186445,2386.1229682444405
311292,5.86523974244,43.7434105095,-572.8095483501555,365.0727898771757,2360.767377308909
312171,5.86830586069,47.3181601403,-678.558557057779,312.8299473073294,2353.2545641705633
310599,5.87279244706,46.7436606797,-642.21932293182,326.6464445125573,2355.131072269647
310523,5.87280000006,45.6485000001,-831.0189251265732,314.4049741091888,2353.4644581131624
310014,5.87286413007,47.8561626678,-488.42317244358867,427.4954958929106,2371.2226523179993
310492,5.87289937507,46.0185452297,-877.8226967912191,333.89250371381036,2356.1469970894345
201927,-58.7436250773,-27.5559564568,-637.4492051098604,328.81140770349504,2355.4323190644295
312513,5.87697434041,45.6186872987,-583.2093251320017,358.44694666854235,2359.7518262379376
312457,5.87700737141,45.6268822503,-979.3807731996299,398.5203216021029,2366.1705168028625
111554,-58.7733495248,48.17287729,-5.231397283905697,910.289793307291,2503.7116398772273
310807,5.87783049848,44.1684564467,-871.0983360653612,330.62483352604386,2355.686152355913
201892,-58.7982257968,-3.44000000048,-547.4623120020337,382.30912825107305,2363.494179684261
312404,5.88144006678,45.4472430895,-374.7663575049177,528.3434328456591,2391.462157527988
312461,5.88181105281,45.5440125875,-413.4332059725114,492.4622859428812,2383.791847232759
111556,-58.8190867746,48.185469266,8.806157466513774,925.5374046764027,2509.295509762135
310554,5.88493524707,45.5571967276,-360.44853302879847,541.9525056399642,2394.505582834736
312619,5.88557822612,43.9146355537,-546.6897001084885,382.857169181452,2363.582890412544
201939,-58.872917579,-34.2938531463,188.71038024732303,1123.1617467379388,2588.7133439592535
201942,-58.8896300784,-27.472766556,-390.32288679035213,513.7463724819462,2388.279674388165
312929,5.89002176049,46.0315393698,-849.383688382406,321.1186243088316,2354.3707521831134
111557,-58.9019755584,48.0557994543,-43.58239841916599,868.797413750286,2488.926156798644
312287,5.89037694952,46.7483897231,-545.8882692605523,383.42699961250963,2363.675259397774
312737,5.89339434377,44.7346902045,-447.9895338059701,461.66063449050176,2377.619609882004
312456,5.89393859081,45.5938268126,-821.6428438188171,311.47395721457775,2353.0746893968735
111553,-58.957048424,47.955888987,11.609408728462888,928.5859167947095,2510.4215328758537
310605,5.89732713109,46.7803267718,-1164.959819497734,561.9289671810686,2399.1057984204167
311110,5.89806686115,44.7278424849,-510.7803369290193,409.64775349786214,2368.0700474865876
310212,5.8985882572,47.9730244135,-374.6763212805745,528.4285046914487,2391.480953808272
111560,-59.0068526871,47.6142137008,66.1077305135078,988.0728145152775,2533.0282972445107
200116,-59.0086111112,-13.4602709236,-605.1358530983362,345.4185576428359,2357.8079751797727
310525,5.90124367142,45.6938611469,-346.46622313573033,555.3918359130985,2397.58306618482
312514,5.90203127048,45.5770726802,-827.378275019552,313.22607764463254,2353.3072565166503
311270,5.90215095549,44.5607718901,-380.90396845957747,522.5599374891062,2390.1910710497395
311243,5.90263657453,44.3355043945,-419.0116101890619,487.40251078776333,2382.75170241876
312022,5.90630715684,46.7940549789,-1140.5677375135606,538.4584006959308,2393.717175678301
310594,5.90633012384,46.5979128557,-593.2707302055743,352.30447573201275,2358.826596313958
312467,5.90637481184,45.6695081979,-513.9151306264085,407.21244664408886,2367.649983540461
312455,5.90643401385,45.5811916886,-824.3093814565206,312.27245923313075,2353.1805193509463
310180,5.90658566886,47.1770285236,-597.9894682388257,349.518429970632,2358.4120930716113
312472,5.90667011887,45.7020952596,-551.990505378947,379.1230463985958,2362.9809038940275
311850,5.90881228504,43.4938811778,-257.8906261076095,643.3457418365443,2419.470646938395
312928,5.90981110913,46.0227921771,-906.6838176598434,349.51661671881374,2358.411824347022
311310,5.90983411913,43.8775066476,-524.9289110686589,398.7966623648483,2366.2170749469765
312673,5.91046822818,43.1442347619,-317.7782444910097,583.3837644984758,2404.221513200831
312682,5.9107649632,45.7064466299,-583.5195679924619,358.25353537899304,2359.7224547537007
310004,5.91146797826,48.0181633482,-529.6729271065135,395.2415141645369,2365.620494157158
111555,-59.1180965563,47.8694098839,-42.66546019316714,869.7864685915852,2489.2715739352957
311118,5.91377387245,44.8267016951,-459.43694446909177,451.76465441649424,2375.717948502586
311844,5.91503637056,43.2771260109,-523.1262445997359,400.1587887534289,2366.4470254104344
312466,5.91884114987,45.634989619,-356.82646675592747,545.4202144533045,2395.292816795385
310598,5.91926490891,46.7318524668,-356.9560898657323,545.2959470099174,2395.264523530277
310011,5.91973375095,47.846540095,-587.9818338390489,355.49963472963935,2359.305927206175
111376,-59.2030136623,48.4849270478,-212.57589655675724,689.8220623600619,2432.2415475392186
311299,5.9216140221,44.2013013654,-611.6712334943564,341.7991259147671,2357.280447959763
310604,5.92248545517,46.8109838753,-792.2986058272655,304.59306651616913,2352.1737614442955
201956,-59.2269362253,-29.0770686887,-868.635331385058,329.4652441808343,2355.523681685331
310025,5.92270379619,47.5349883082,-595.6592060742463,350.8865466530051,2358.615237057404
312809,5.9228170792,45.8978800548,-671.5957345277224,315.09530332899715,2353.5567802875025
312976,5.92309653422,45.901421618,-722.2879033294147,303.0835453567581,2351.978763365712
312475,5.92316209323,45.7276369937,-649.7618350644245,323.3835059791437,2354.680734154133
312424,5.92364734127,46.2820497725,-566.7994694423303,369.02434596891896,2361.381679393459
310007,5.92365596227,47.9404469208,-571.2764770598685,366.0724245550172,2360.9221689578994
310808,5.92670361152,44.1681923096,-788.4159669655411,303.95165803170926,2352.0907886979
311260,5.92709757556,44.89767806,-329.5100482282411,571.8722494127234,2401.4542130770783
311869,5.92714603956,43.7570277776,-731.0600562380581,302.0998839144699,2351.852207881783
311291,5.92717326156,43.7522272632,-458.15142671230706,452.86765993807114,2375.9279419365957
312471,5.92722220557,45.7236848533,-724.7167898968111,302.77786666457536,2351.939392161123
311250,5.92727659057,44.2521389856,-1006.6536214989467,419.7322332101852,2369.835356190993
201929,-59.2978428882,-34.0558994657,-677.5774960859678,313.1377390599772,2353.295500246596
311255,5.93067277785,44.3141227027,-397.94054885342433,506.6754859891283,2386.768634777909
310603,5.93080321486,46.8267135406,-1115.2794948494113,514.6094372862541,2388.4654782519583
312736,5.9312332599,44.7024889488,-294.1995826012079,606.7662550878589,2410.0020241009397
312512,5.93163018893,45.7478036813,-649.5405141554837,323.4764082313874,2354.6934948182875
311298,5.93210540397,44.2319024209,-517.4636861877624,404.47677104464566,2367.1810083244554
312187,5.93227917498,47.314940722,-411.8012427982076,493.94847271702207,2384.0993187274644
200105,-59.3396986206,-2.11032359246,-714.1338821284601,304.2950158137971,2352.135184147884
312454,5.93457996818,45.5726436728,-405.17676219759903,500.00816935451786,2385.362160611788
201936,-59.3517435526,-33.2349514547,-1058.383395102667,463.14108341492306,2377.9075110281374
200064,-59.3517497706,-15.2102927094,-863.9739223717114,327.3264697891581,2355.2254851036905
311256,5.93524239923,44.2148386755,-300.4232086443627,600.5639535088704,2408.44795046758
312474,5.93550652625,45.780535829,-578.3638290481919,361.4999766403065,2360.2175113680146
200104,-59.3649689597,-2.65683588168,-818.5176221004049,310.5740169418016,2352.955734359796
311094,5.9385535155,45.2100904208,-375.080648929476,528.0465223484907,2391.3965789098256
312927,5.93927003156,46.0184464747,-892.2715531134822,341.4007701248735,2357.2227204273972
312521,5.93932066357,45.5688294455,-332.9791763030375,568.4849269804465,2400.6498245394405
310517,5.9397487976,45.8730658697,-818.2738695241727,310.505464492587,2352.9466868879626
310518,5.9397564966,45.8730594087,-726.5372492158094,302.5654587408243,2351.912057173977
310596,5.94012334163,46.6856150989,-701.6503483187573,306.6962498461173,2352.4470360726414
201946,-59.4059843651,-29.0851455024,-603.1606573890313,346.53709135700774,2357.972099822951
311317,5.94292005687,43.8856192443,-588.6323317893919,355.1025857496655,2359.2461326159637
311851,5.94355334192,43.4947203749,-359.0238637673448,543.3152930805647,2394.8143927144965
310010,5.94363889992,48.0193466853,-407.78091804575183,497.6209305152666,2384.862901372773
111791,-59.4380968178,54.2981108298,-113.91203464320705,793.4374415702903,2463.6329762249266
310597,5.94383079294,46.7034265914,-734.6987287414419,301.7898566227859,2351.8124043846874
312354,5.94402092896,44.160575713,-374.02420942044023,529.0448570697189,2391.617220344677
310482,5.94402508396,46.3105237669,-656.5530024219704,320.61794285341614,2354.3025152126984
312815,5.94408431196,45.865194603,-646.3467510937264,324.83626930318263,2354.8806911841825
200100,-59.464444444,-10.1649568629,-751.8316571666628,301.10808750425895,2351.7250154339376
312926,5.94776488527,46.0149320084,-747.625869115823,301.15627171991565,2351.731185287452
312249,5.94787526028,47.0338999627,-559.3757703290376,374.02398887678146,2362.168159152219
310595,5.94825050331,46.6603487698,-613.9858913764695,340.5477601381291,2357.0993285800196
201937,-59.5081666666,-30.3391666671,-645.0548727283058,325.39649205301924,2354.958034636221
312735,5.95199357962,44.6814066891,-337.8933775765147,563.7000815281227,2399.521254286383
312075,5.95219163063,43.4899759045,-552.9868783497877,378.428003535,2362.869488930095
201934,-59.5475610118,-29.9937507435,-801.8657969070159,306.4455278298348,2352.4143617535133
311328,5.95613313796,43.7728829409,-528.3591282461202,396.221745175453,2365.78446592397
312459,5.95620854996,45.5104981357,-324.36262268506493,576.9124670506254,2402.6594562059186
312248,5.95759670608,47.0315564436,-681.0880173217845,312.0537816378019,2353.151510313719
310472,5.96016317129,46.1401244228,-700.3010957563661,306.9948484967485,2352.485983988178
201930,-59.6017203813,-33.8139786666,-923.2496360366524,359.56307689665874,2359.9216245724506
310602,5.9603010743,46.8350218573,-446.4496284153864,463.0042557171249,2377.8808651127692
312320,5.96034007531,45.5184503434,-608.4903635265878,343.54499054389913,2357.534226344358
310185,5.96034339631,47.1390977285,-608.421992700285,343.58284685442845,2357.539743145357
310591,5.96076106334,46.5991816998,-564.2697218734061,370.7135536204221,2361.6462492708692
312458,5.96086934835,45.5562962355,-388.18462257458816,515.7404713486955,2388.709421768219
310179,5.96399764961,47.2017510236,-443.0510313766046,465.97974998163477,2378.462023083452
310515,5.96454239265,45.8481605646,-1013.596119436799,425.33219269049675,2370.8335964373773
310593,5.96460797366,46.6062733724,-626.9480042198135,333.8456575355197,2356.140358915955
312814,5.96469822567,45.8605610237,-853.0237609844712,322.5969135914175,2354.572835253985
200062,-59.6479203861,-3.06849431774,-818.0292905941037,310.43691875705525,2352.9376422643795
311303,5.96496342269,44.0353295526,-453.95884041454167,456.4797409835672,2376.619073765442
310471,5.9650910237,46.1446839682,-573.4278571746102,364.6712593141084,2360.705317320868
312460,5.9651042417,45.5360651158,-363.85680221449536,538.6985017804774,2393.771197019008
312470,5.96534796872,45.7357129163,-715.6819839232521,304.04314618064984,2352.1026131095364
200047,-59.6563989028,3.82717384181,-961.2785180780979,385.20640087413653,2363.9645596183727
312186,5.96902277202,47.3354990087,-646.3727778201619,324.8250426964376,2354.879142593102
310592,5.96919952504,46.6106141837,-573.0310306131445,364.9288505788169,2360.7451225920304
200063,-59.7057502289,-2.69759822005,-664.0946835216378,317.74348740514057,2353.9127833557604
310601,5.97222963729,46.8201551011,-521.7144695044601,401.22979871950355,2366.628365256737
310590,5.97287557334,46.5730914966,-512.6634865336094,408.1827285303002,2367.817055375631
311248,5.97293521735,44.2597299592,-557.051573067723,375.6154624657152,2362.420674541394
312812,5.97301339736,45.8449397254,-705.4870626579843,305.888568722474,2352.341872333264
312043,5.97332867438,45.9016439951,-783.4309605464628,303.22253685088407,2351.996678295182
310023,5.97673130666,47.6605361076,-555.3733193312365,376.772237834717,2362.6048732406066
310481,5.97700575569,46.3513532763,-644.5244767358711,325.6281812098559,2354.9900594812116
312924,5.97708190669,46.0521854185,-528.5450995069972,396.0827885459722,2365.7611974245488
311093,5.97749934073,45.2351523279,-402.6558889993811,502.32525813849776,2385.848933361287
310551,5.98100819102,45.5562587075,-382.0355915910533,521.497028816434,2389.9589157392747
200045,-59.8107068896,3.37861996469,-955.1872476902828,380.8775248408739,2363.2630316547907
311269,5.98126241004,44.5726445591,-357.5426746549089,544.7337536918684,2395.136599500854
312672,5.98133433204,43.1144146784,53.327893390066265,974.087400819985,2527.6057311799077
312922,5.98164643307,46.0107207381,-1170.2590756899906,567.0829945504435,2400.318226936916
312729,5.98164670507,44.7860360178,-348.753848360046,553.18341627295,2397.0724561215698
312925,5.98520763536,46.0518431255,-561.2179854737727,372.7713326020874,2361.9701383098004
310589,5.98554127639,46.6642059502,-686.7718045495981,310.402061566574,2352.9330436036767
312452,5.98555106039,45.5816426266,-380.3918111776924,523.0413495404893,2390.296366810279
310211,5.98737295454,47.9153102007,-215.94556204534746,686.3381994041849,2431.2557643774667
201935,-59.8771445141,-31.1061705206,-456.13334332984647,454.60352089560337,2376.2594195642787
200046,-59.8850533528,3.56893286944,-839.3582186833257,317.29705181247607,2353.852562703572
310584,5.98970391774,46.7398021074,-578.3513599060663,361.50791065222177,2360.218726584767
312045,5.99305097001,43.5642501127,-412.93033789636826,492.91995111548977,2383.886437325608
312995,5.99386981508,47.0934838857,-217.96198210311843,684.2554524627062,2430.6686306615766
311239,5.99424792211,44.414539748,-421.8940059563322,484.800655171584,2382.2208426407656
311113,5.99428795012,44.77670516,-217.91086324808194,684.3082340536777,2430.6834896898745
312364,5.99460478714,45.8356188066,-700.0800408660328,307.0444890905455,2352.492462504005
200065,-59.960337281,-15.0065330835,-1198.4338055126611,594.7838958798811,2407.0131596348474
200060,-59.9711111109,-3.11499999959,-826.6827210695945,313.00671163033104,2353.278068861161
310480,5.9977425164,46.3692133948,-558.4979700165186,374.6236090325847,2362.2631767654257
310008,5.99803925043,47.918746692,-611.8793686415561,341.6859417770016,2357.2640392338994
311116,6.00166146373,44.9430448907,-350.6471607274522,551.3584577657007,2396.6519598821715
112247,-60.0184932178,45.8812314424,-171.7070541706948,732.3885165224975,2444.6548645956764
312921,6.00195147975,46.0104103471,-735.6685301114835,301.71696479585086,2351.8030518525366
312469,6.00209089876,45.7189213009,-595.018179483416,351.2655487451013,2358.671650228679
201864,-60.0252855354,-3.30194151506,-809.7076762787046,308.2485267993637,2352.649914911112
201891,-60.0264221415,-4.8977930711,-504.7450530800141,414.3843349376258,2368.8940130151414
200061,-60.0268018365,-3.13996373366,-854.3149761696825,323.1326972612743,2354.6463020794927
200103,-60.0269890715,-4.89736526006,-489.18662722197166,426.8728055001806,2371.1104697868627
111332,-60.0559561639,52.1645407133,-30.143702451791935,883.3081647106852,2494.028424397333
312981,6.00597199508,47.073019881,-451.6696275260225,458.46137336740657,2377.000483535334
311125,6.00601476209,45.1108900846,-216.51494620497243,685.7499329354143,2431.089763537786
311107,6.00609500109,44.7354077756,-281.0728861969514,619.9153713953025,2413.346128417857
311092,6.00637202512,45.4402281079,-329.8649400313557,571.5253698124529,2401.3716322544797
312046,6.00660335513,43.2393440758,-438.9338020480003,469.6027175480297,2379.1744745154306
311855,6.00686581816,43.5189986109,-447.5825468536974,462.0154649865188,2377.688532534064
112248,-60.0856398974,45.8815394364,-118.687787911249,788.359673730723,2462.00232392703
312451,6.01023851544,45.6236316571,-508.54894850869465,411.3916956704154,2368.372351452335
311254,6.01066033247,44.1441225356,-853.5925347972629,322.8321917853081,2354.6050819426573
311853,6.01444577478,43.5188117229,-633.810246803883,330.5146549362303,2355.670691116417
310624,6.01451102679,46.5321401932,-335.82025482289305,565.7166864961027,2399.995799420785
310588,6.0146333298,46.6524746512,-491.3079712368534,425.14731859544,2370.8004366386845
311247,6.01512197384,44.2768683146,-400.47878877184115,504.3312036043297,2386.2720781139506
310059,6.01798522008,47.3356008507,-534.2090914535517,391.8829791452061,2365.0616772509347
313029,6.01888900715,46.2354149877,-512.9861548450082,407.93232919203143,2367.7739024360662
201916,-60.189527334,-33.4088972501,-1021.6963872623137,431.9607505319125,2372.031736266902
311240,6.0194321952,44.4188914914,-351.97102499542297,550.0839101821076,2396.359066604694
111331,-60.2060487003,51.9811576571,12.304485878303268,929.3419898030386,2510.7012968229324
112243,-60.2102041107,45.9769578323,-161.99207386467248,742.5855649848221,2447.7291086190703
312920,6.02336826952,45.9815685067,-297.20981972854605,603.763697032803,2409.247822394367
312286,6.02390593057,46.7601674411,-705.7568705842808,305.8340850465335,2352.33478812722
311067,6.02416756359,45.5069841034,-302.51426571108806,598.4848393908972,2407.9303500803403
311090,6.02480117364,45.4351630295,-599.080917800523,348.8828621039071,2358.3179852019734
201959,-60.2560999495,-32.7269924647,-579.3891976906207,360.84889557137154,2360.1178769909693
310514,6.02611619375,45.8032818449,-546.6696081299983,382.8714381659025,2363.5852017688107
310022,6.02648970878,47.6475341595,-433.5171587983178,474.3989246664478,2380.125796587644
310556,6.02684917681,45.5601940588,-306.8389073090215,594.1926841750618,2406.867136712047
311854,6.02710441383,43.5023837915,-413.99574921304674,491.95061062177876,2383.6861939333426
201907,-60.3019791923,-33.3267603003,-1018.204298042979,429.0908923629798,2371.5107973117347
112242,-60.3020744833,46.0230678341,-20.285033920753097,893.973362044801,2497.8256223970016
112241,-60.3064347346,45.9308755325,-11.373784792427864,903.6276819745417,2501.2971545755945
311978,6.03128285318,44.0439226634,-648.2719134015565,324.0122617902907,2354.767167608666
312918,6.03138681118,46.0393400035,-661.6088596596474,318.66773463728373,2354.037721226264
312285,6.03144336919,46.7812620118,-733.4991665760948,301.8856917197974,2351.8247040803067
112214,-60.3434625567,46.8061895299,-16.9596269472989,897.5745249909016,2499.1167431254435
312370,6.03550299453,46.0354843311,-1055.9153598601083,460.9885602656436,2377.489205139126
310021,6.03564860554,47.6356025655,-334.83402555379735,566.6770297416947,2400.2223488448217
112213,-60.3691284678,46.710343535,-55.51804524490031,855.9372508612187,2484.466350198598
112218,-60.3816985529,46.7145490463,-57.38194055120225,853.9314088765834,2483.776020281062
201890,-60.3852119591,-5.16465660618,-626.9978506615748,333.8209089576517,2356.136852373944
311235,6.03922872683,44.5144291563,-700.2672820088537,307.002428676536,2352.486973198911
311241,6.03954438386,44.4397951181,-331.7249690213428,569.7086597936689,2400.939904475158
312284,6.03971708687,46.7816157109,-590.3652788250326,354.05037358400904,2359.0879879504832
310019,6.03985446589,47.6911346041,-534.7552122506919,391.4813797955859,2364.9951667147097
310479,6.04024274592,46.396867933,-493.0599008705705,423.72759964546685,2370.54625488696
112217,-60.4049387178,46.7187490467,-61.30142709897227,849.7156177244867,2482.329772383635
310512,6.04076788596,45.7732570554,-537.2756403527014,389.63568919630563,2364.6903472025174
112211,-60.4105969862,46.6606096679,21.367654140671902,939.2070280669922,2514.369565005851
111763,-60.4183597989,53.3935748309,7.961170725812529,924.6187212255137,2508.9568046297622
112215,-60.4216969862,46.5228096435,45.19291044485965,965.1959875018678,2524.1924970467267
312054,6.04344474218,43.1272801485,132.88207667342505,1061.4579653600729,2562.545117667907
311068,6.04385156222,45.501919142,-288.2541156596163,612.71077292903,2411.5055378581596
311253,6.04388643522,44.1857841091,-742.890537905675,301.30341947185053,2351.7500331546107
201914,-60.4395730106,-33.2397631271,-946.7080094106256,374.9862175232921,2362.3207087924598
112216,-60.443833976,46.6229550567,22.115954496929945,940.0220711212316,2514.674126413268
311860,6.0461075344,43.4930774908,-556.3643530717142,376.08837788134946,2362.4959123424333
200058,-60.4658258948,0.514762953737,-770.9297928183097,301.86541050938155,2351.822100822951
200049,-60.468416438,4.63055555628,-726.1990265180905,302.6038380596461,2351.91699485031
312371,6.05143853984,45.9437849866,-537.9339511491157,389.1557260368465,2364.61130991217
200059,-60.5227095485,-0.856027162682,-826.6412018395071,312.99367693529257,2353.276335167368
200050,-60.5293390271,4.16864547306,-845.9080116703126,319.7518545260227,2354.1847243430393
200066,-60.5308556472,-13.514314062,-918.9331099168786,356.87459946305717,2359.513498075228
311087,6.05350320001,45.4394242238,-505.4422868875165,413.8339598305255,2368.7977993417453
112231,-60.5356281056,46.3729516711,28.26350219191798,946.7209731333498,2517.1859424420436
311074,6.05563122519,45.4733381316,-514.86671911865,406.4766294962,2367.5235412100706
311246,6.05656946027,44.3148800418,-705.4778721351406,305.89042998155173,2352.342114364231
310499,6.05672314328,45.9021864181,-582.0061839518588,359.19937363221254,2359.866237284448
200044,-60.5686867783,3.20777777756,-1078.7453186715254,481.17123689338376,2381.4848786147663
112237,-60.5974770117,45.731835513,-171.44270589268268,732.6656062806643,2444.7378915711793
310015,6.06003929456,47.7939077816,-601.427124438248,347.52803709193654,2358.117936919665
112245,-60.6023869911,45.9439095406,-41.00454484462511,871.5784035164263,2489.8982672658585
311233,6.06047344159,44.4601153668,-235.2046513651499,666.5092021762354,2425.732669616107
311262,6.0605806496,44.522892,-475.0382286115416,438.5543962082422,2373.2413333436734
200023,-60.6058301914,-3.31025285075,-824.5828260330915,312.3559289561246,2353.1915974291865
312917,6.06081147962,46.0395873495,-557.3336185136044,375.4216798023585,2362.3898716179147
311105,6.06082725562,44.6984593965,-603.5578576028138,346.3112545916898,2357.93892052236
201863,-60.6111532118,-3.33931358215,-891.3963273135362,340.9276340090001,2357.1542417687174
112212,-60.6145335501,46.831233053,-0.5754791928605414,915.3436631999182,2505.553529585334
201953,-60.6145911501,-33.0020367295,-598.3100467560002,349.33140446413194,2358.384383005062
112232,-60.6228232378,46.3061512545,-23.84171912166314,890.1237963720743,2496.450448281543
200102,-60.6472904508,-7.20792019724,-548.3758868003504,381.66275007747953,2363.3897102792816
311109,6.06496708396,44.7858563517,-212.23972376754264,690.1698565029812,2432.3402103083004
200052,-60.6563442616,2.82324326774,-842.1941564655125,318.3403887455119,2353.993430526926
301586,6.06718552415,51.231153228,-506.766813373251,412.7906863376464,2368.615760013512
301593,6.06765238519,51.8646555104,-445.90933977106636,463.4763563761131,2377.972834322747
201911,-60.6771849933,-32.9057830965,-355.49501859646733,546.6973679568262,2395.58395385931
310018,6.06799797921,47.7518505482,-639.2396369493765,327.9897261935794,2355.317755281826
311076,6.06892560029,45.2771873554,-284.0978011574933,616.87739679161,2412.5675514956415
313024,6.06910050631,46.1442880441,-595.9455795227308,350.7175987642345,2358.5901089295344
200101,-60.6919444435,-9.81468140892,-721.8440653734325,303.14215009464664,2351.9863160786645
311073,6.06949601534,45.4810696153,-608.5668397713864,343.502662710854,2357.528058612819
200088,-60.7185205687,-11.8516856305,-806.047947977817,307.37548578016424,2352.5356866827487
301585,6.07221230056,51.7104666357,-403.23995509333304,501.7878692996486,2385.7358474134485
201919,-60.7272833755,-32.7228238024,-646.5591338023746,324.7447274279165,2354.8680654867935
200051,-60.7273884325,2.86083333285,-855.6710923652435,323.70178816161723,2354.7244670059195
311077,6.07284826262,45.2810855557,-433.49061725192416,474.4225080038285,2380.1304972538637
201954,-60.7519410245,-31.6531666668,-739.2930079004793,301.4809019026265,2351.7727785798747
201862,-60.7650308076,-3.19770156643,-817.9864538479239,310.42493798369503,2352.936061600371
311078,6.07712455597,45.2944488378,-352.73015791827754,549.3536253505306,2396.1915352373344
312390,6.07713556597,46.0354958151,-739.3093271419375,301.47996888912786,2351.7726589742197
311075,6.07738363899,45.2767813324,-333.073067439837,568.3933584014693,2400.6281423269584
310581,6.077437878,46.8058850059,-637.7524531494686,328.671475745904,2355.4127890512677
111762,-60.7880404335,53.2518597582,73.23350374891692,995.8796618594138,2536.083746401625
200048,-60.7936036729,4.19424978218,-800.5000264757925,306.1575794898004,2352.376868475019
201933,-60.7977790833,-32.4777793881,-672.6333500778521,314.74583617379506,2353.5100189389514
311086,6.08017596122,45.4433752901,-490.3502881204729,425.92542748723196,2370.9400957505154
311091,6.08032478623,45.3899992187,-330.5124854733415,570.8926521651516,2401.2211243768124
201932,-60.806226091,-32.4397992509,-471.72685794861576,441.3303718052741,2373.7558772828907
310586,6.08065760326,46.6650639452,-541.3736980561827,386.6622758615802,2364.202229808554
311257,6.08103645429,44.4775937432,-348.7507450206988,553.1864096636833,2397.073146921862
312185,6.08121223331,47.38685438,-520.4308254804829,402.2068163587947,2366.794201231438
112197,-60.8269545607,46.8183671129,269.9578994673467,1213.4214483565859,2629.132191273211
311232,6.08516666763,44.4771711882,-234.27597536217937,667.462017504801,2425.9946439901432
311083,6.0859612187,45.4101829524,-463.70709077106875,448.11627433609976,2375.026876307329
310506,6.08629988473,45.6272179224,-454.8044898780021,455.7493795450669,2376.4789005612893
200089,-60.8687760332,-11.7516993162,-856.8196384516414,324.18885741186625,2354.791473385126
301580,6.089620279,51.1397321355,-645.5339967375091,325.1880410252985,2354.9292409503846
312421,6.08970098501,45.9105870208,-588.7259069737029,355.04556271725187,2359.2375504519446
312915,6.08971719601,46.0146159024,-769.1998503641187,301.73106921882606,2351.804861375454
311259,6.08986508502,44.5645474504,-450.88404795186557,459.14290850026276,2377.132027945306
311079,6.08999314603,45.333220544,-374.17747829129297,528.8999619236773,2391.5851725540006
311848,6.09053029008,43.1429769828,-397.23693565750455,507.32638773165587,2386.9068962877736
200055,-60.9144977979,2.47311009077,-856.2681366683609,323.95439899079355,2354.7592064758487
112200,-60.926870806,46.6273869231,-85.94353143910978,823.2812423408609,2473.405844548685
311868,6.09370849734,43.8187240317,-673.2604409421917,314.5366387979714,2353.4820511326634
311084,6.09388936036,45.4273249168,-492.8736636622113,423.87829264429627,2370.573195417582
311114,6.09403162237,44.8682816006,-78.68700969641517,831.0525393240912,2476.0033907437005
112198,-60.9440500424,46.6396758301,136.56775845066647,1065.5224673631183,2564.231385096296
312810,6.09460444042,45.7274633337,-440.63198221962944,468.1059954605928,2378.8795032206726
112196,-60.9483284597,46.6435623785,45.80344331847365,965.862987492688,2524.4476184832165
311080,6.09750773266,45.3515890776,-384.0435140781608,519.6136997284169,2389.548673871854
112192,-60.9770482121,46.3648637784,-4.085839070509792,911.5329476277498,2504.16388889949
311316,6.0980076557,43.9113097794,-591.1464988908115,353.5786799456121,2359.0172425756796
311081,6.0980778537,45.3602251393,-173.4355068529466,730.5772797304122,2444.1128512234395
311085,6.09810839971,45.4304886801,-443.03604011762593,465.99290543560636,2378.464600487802
311245,6.0993065858,44.3191868761,-626.6480985610308,333.9947285086436,2356.1614856645215
312914,6.10219484704,46.0144370684,-666.8038269543716,316.7625094441736,2353.780566502887
311070,6.10240080906,45.4986131517,-538.5116916636703,388.7352314260407,2364.542143419977
310006,6.10251257207,48.0903308252,-587.3474575698214,355.8879307931136,2359.364466787929
310509,6.10273946409,45.7147108546,-684.648586052065,311.004031005277,2353.0125318745786
200043,-61.0366666671,3.44006185278,-807.6590446367602,307.7530341721668,2352.58504583776
200067,-61.048288706,-13.4856937727,-1003.871185023482,417.5096235156671,2369.4427094963653
312979,6.10585481935,45.9070330815,-566.8350010167258,369.00072842132744,2361.3779886821912
312806,6.1065347774,45.8734149747,-473.5869843368706,439.76909687772195,2373.4660997001683
311258,6.10732749847,44.5683276007,-510.58178473471526,409.8025817306612,2368.0968358262717
310510,6.10747343148,45.7232270243,-737.044383216153,301.6205964902727,2351.7906905344344
312051,6.10960521566,43.1480331862,-217.36627601295223,684.8705956346687,2430.841870756358
312036,6.11162131482,47.4687115047,-653.1917541641553,321.9660409762796,2354.486483163414
200056,-61.1187624448,1.81909296066,-713.9088154065159,304.33248273104107,2352.14003152502
112194,-61.1357696762,46.2229857627,-140.58104320278116,765.1550272258552,2454.670381852986
311228,6.11440333405,44.4727294178,-91.53412887444516,817.3017479970537,2471.4219824093825
112236,-61.1476408072,45.9810275126,-61.33676150220906,849.6776257025856,2482.316767754846
311301,6.1149660701,44.0985516599,-315.2872862066483,585.8388147121483,2404.8184099180166
310507,6.11542825814,45.6898202805,-517.3187538958151,404.5880595159638,2367.2000265630645
200090,-61.181111111,-11.6723862076,-889.7470551998707,340.04236327186163,2357.0263631696603
200091,-61.1895126727,-11.6836111106,-812.5007345324123,308.9517263437311,2352.742152695032
312860,6.11935488746,45.8934253344,-227.68579713651602,674.2333972767627,2427.8663764426265
200092,-61.2017374707,-11.653062286,-857.5879502583274,324.51727093143063,2354.8367091987643
311252,6.12258322773,44.2398328646,-792.9707443802066,304.71060784435207,2352.1889852624845
313025,6.12319007878,46.3147231062,-621.8615663120614,336.4128231555006,2356.505475368291
310513,6.12335521079,45.6861146392,-424.9043462020484,482.0926411409696,2381.671216289007
311231,6.12698048809,44.4898628853,-519.5676086258095,402.8655434909255,2366.9062326145327
312994,6.1270247931,47.0818165787,-528.2673486453868,396.2903469185373,2365.795956315357
312857,6.12734177112,45.9349618788,-586.1828847011612,356.6035385875845,2359.4725155403844
312055,6.12752536114,43.1565968519,-335.7608297491544,565.7745336123924,2400.00943555262
112187,-61.2851044446,45.719016671,-26.760560971532673,886.9662032393247,2495.3263340785843
312369,6.1306150964,46.009534318,-698.9783995537787,307.2948912571078,2352.5251577932167
311867,6.13074849341,43.3395653261,-392.44113952516676,511.7749211554783,2387.8563687502183
311069,6.13096924042,45.5183187193,-564.4731491485412,370.57715808333944,2361.6248427619503
311062,6.13117508644,45.477891207,-334.9825636942693,566.5323492892546,2400.1881948398304
200099,-61.314493934,-5.81466718396,-397.4874167103112,507.0946193747857,2386.857645704105
201889,-61.314623688,-5.81504780599,-455.7185637654976,454.96094059501655,2376.327823622907
111330,-61.3226210477,52.2313996438,5.968824880606924,922.4530393240206,2508.159500034917
311251,6.1355044968,44.2391692535,-544.2998663194114,384.5604102832156,2363.8593818191634
310580,6.13604110884,45.6774991955,-411.0719127510416,494.61351268025595,2384.237193482055
200042,-61.422222222,3.35277777756,-954.339487098116,380.2813675000393,2363.16702463558
311302,6.14245472137,44.0403697691,-547.5272203627042,382.26314468846437,2363.486742007324
311842,6.14380826249,43.2311124091,-482.7130740702931,432.1808691138313,2372.0718310129796
310505,6.1439684935,45.6729103221,-438.1233365783843,470.31821474597973,2379.3158031205376
200054,-61.4396999094,2.87298412586,-827.194794815397,313.16802766837725,2353.2995307463484
111764,-61.4397753204,52.9686954938,97.01236785108475,1021.9750850604681,2546.4440976274414
312816,6.14457809955,45.8049053421,-525.9881507834718,397.99914294084647,2366.0827934877784
311244,6.14463759956,44.3306192941,-547.2916061299937,382.43010594516267,2363.5137515551946
312047,6.14533832261,43.338359954,-417.2033932236129,489.0391353210262,2383.087019756689
112190,-61.4563973348,46.0317095448,-243.01322084824398,658.5116208614348,2423.547404666729
112186,-61.4604912381,45.4686914982,6.583509877816475,923.1211380600063,2508.4052908950903
310491,6.14802945684,46.021945947,-803.2288879926377,306.74065815485955,2352.4528261418036
311063,6.14860971888,45.489723234,-401.8241772992073,503.09105784320883,2386.0102850446983
310178,6.14968626997,47.2855614516,-508.82767761113035,411.17338410932945,2368.3344399930515
311065,6.15225687219,45.5489381029,-166.59031733547081,737.7556369987722,2446.2681471540986
311230,6.15257327921,44.5021092103,-426.34139904499256,480.8033192458925,2381.410569317091
311122,6.1560227205,44.9679791748,-10.860977970052044,904.1836461117075,2501.498057915125
312163,6.15633092452,47.6937717693,-566.0603408593922,369.51632072784497,2361.4586126251556
312817,6.16000631083,45.8398241569,-504.5903549159105,414.50656007605517,2368.9153965904666
311061,6.16003629283,45.465301377,-477.2963854049868,436.67026594588464,2372.893884904787
312247,6.16013282484,47.1309176298,-632.8951870708785,330.94990145894525,2355.731798217481
312419,6.1608846979,45.9435535775,-701.0748801501207,306.82268097280246,2352.4635226537775
312910,6.1609397099,46.0646967626,-584.7707607591822,357.476068811032,2359.604544755301
312871,6.16106081791,45.6728228881,-435.87087563833364,472.3107020143084,2379.7104586681403
112028,-61.6107973756,45.6053094675,-222.6649283958979,679.4037463947303,2429.3072918987577
112027,-61.6266705189,45.610527254,-166.77084311128002,737.5661433136128,2446.211005538933
112185,-61.6394237789,45.3526636066,-86.45798822164436,822.7307158355892,2473.2226544807127
311843,6.16427331918,43.1314140439,-205.22978229492597,697.431424012855,2434.4106184162692
312122,6.16428002518,47.8062487317,-619.9142004141222,337.4173399824055,2356.649089104715
310503,6.16460411921,45.6515276214,-365.4842499993098,537.147847875116,2393.422712003492
312418,6.16471254422,45.9404859333,-512.9915423504597,407.928149901581,2367.7731824098796
310504,6.1656664133,45.6816342069,-377.7920764013644,525.488396053539,2390.833018477912
312056,6.16857416154,43.2354408355,-439.76013567975815,468.8739943852546,2379.0307460115064
311249,6.16859284554,44.3401511749,-343.37618835138153,558.3806884251244,2398.2771860365515
311849,6.16876781555,43.2470859304,-614.9719604117807,340.01959386715436,2357.0230783916536
312861,6.16887223556,45.9688117916,-886.9628584731215,338.5667548088993,2356.8139331137513
312076,6.16898195757,43.435634176,-335.96404686384506,565.5767223452104,2399.9628115277187
310502,6.1693837766,45.6565766798,-395.3178720560187,509.1039890623762,2387.285349416049
312177,6.17214345383,47.3816950475,-625.5397327575517,334.5481602136614,2356.2400003733974
312246,6.1729392349,47.1276343305,-551.6013352788176,379.39511467276526,2363.0245705228804
311315,6.1729747289,43.9474303824,-524.0483585298348,399.4612598798975,2366.3291753266526
311856,6.17324240292,43.4730493041,-593.1701913945236,352.364505360999,2358.8355628351
312164,6.1765703192,47.6268917958,-462.9328139308198,448.77602481159283,2375.1514453404816
201888,-61.773018747,-6.1837401795,-645.2218041877849,325.3237749539148,2354.947988047198
112029,-61.7938457597,45.5523322762,-154.11267072535355,750.8763000025215,2450.2570652408613
311103,6.18054063953,44.6231569403,-310.5834906581219,590.4848543339691,2405.9544532378604
310129,6.18070886554,46.6972021179,-510.1215485549099,410.1617314042891,2368.159013614974
312170,6.18106372957,47.4185948656,-678.7485375657196,312.7707792518308,2353.2466993944936
312161,6.18126462859,47.6430348191,-289.52743670391095,611.4360865555852,2411.181983136008
312196,6.1850250499,46.8110024193,-458.9155693779741,452.21174883753673,2375.803008173023
310494,6.18547907993,46.1850846825,-668.8874688496629,316.0268432401909,2353.681676332983
311108,6.18788426013,44.8194601965,-90.82202366243835,818.063010888096,2471.673837228646
310501,6.18877387621,45.6431279547,-341.8120876811938,559.8960858392301,2398.6304623254023
311857,6.18964988828,43.4728917961,-355.9490143200309,546.2617389839114,2395.484576309146
310446,6.18968813828,46.1778065999,-453.3836694355682,456.977013672649,2376.7146355594427
311314,6.1898966643,43.9731025735,-504.82733554117556,414.3193409877843,2368.882644660523
311229,6.19013544332,44.5366146731,-454.9667877821437,455.6093112767615,2376.452042936984
112002,-61.906279723,45.5570153725,-125.8596816954416,780.7447516065325,2459.574523168271
200095,-61.9347222224,-9.34722222225,-795.4883803985163,305.1678777697973,2352.2482652729927
312157,6.1935381246,47.8562744728,-409.09159181008374,496.4219210616871,2384.613006667509
200093,-61.9355555564,-10.8736111105,-755.4381176481781,301.12862034954486,2351.7276444883883
311226,6.19406964865,44.4601772158,-378.3463805680633,524.9661764545413,2390.71829253858
312856,6.19496324272,46.0020803094,-672.7881137084457,314.69406643153246,2353.503096089847
112003,-61.9521330708,45.7767772787,-98.93421311102148,809.3974735235845,2468.819300395159
312153,6.19753813493,47.9102376673,-530.0313447301919,394.97467798293445,2365.575926514515
312993,6.19776183795,47.0812897117,-561.4365333628115,372.62324554557716,2361.946771410863
311058,6.19791580896,45.5648527002,-386.588261987396,517.2318099681542,2389.031856861732
311121,6.19793302296,44.9765879115,18.965083105079728,936.5907146818876,2513.393450036347
112183,-61.9808815212,45.1733789668,66.00919779330333,987.9649080241403,2532.9862074919456
312069,6.20119763624,47.4732685081,-513.6317454752534,407.43188564540395,2367.68773475259
200053,-62.0172222222,2.73166666716,-906.5077836447764,349.4138842639696,2358.39660158628
312070,6.20227462532,47.4979534131,-921.214160268742,358.2892612515453,2359.7278789270304
312992,6.20264701636,47.0682621506,-554.0585778037816,377.6828664512177,2362.7502651503587
310139,6.20273766736,46.8397385537,-369.61236868982996,533.2237509308031,2392.5450960042526
112009,-62.0434585994,45.6397128234,-89.84636616806546,819.1061996774135,2472.0193029600837
200096,-62.0555555564,-8.93222222191,-548.2151212102242,381.77636574284014,2363.408060682093
312854,6.20607209664,45.9066855105,-560.0970004139168,373.5326415672864,2362.090409398742
312121,6.20646184367,47.8062556967,-735.3419017740191,301.74105643116644,2351.806142732321
311104,6.20733756074,44.6600050063,-250.27734442222942,651.0946284801066,2421.542624669847
112184,-62.0738975259,45.2561093987,30.961818184602407,949.6629853686081,2518.2939172456618
310133,6.20908686389,46.7192631407,-642.9473948008023,326.3228481414205,2355.0862126632246
312176,6.20975499694,47.435552309,-701.400084406447,306.751064175055,2352.454183024573
112181,-62.0980975269,45.0146812897,88.97581610598456,1013.1482512653229,2542.914439555382
201861,-62.1437718387,-4.72694916396,-748.3900648106878,301.1417438319149,2351.729324929935
312159,6.21451049934,47.8364533542,-537.4636064503034,389.4985566044236,2364.6677554054418
311999,6.21466270035,47.0649721123,-447.8913941563653,461.7461788386154,2377.6362214454393
312156,6.21488975737,47.8771750615,-564.051432581069,370.86002225582035,2361.6692452510933
200069,-62.1527777784,-11.9267639867,-732.6423988219174,301.95797876685094,2351.833984106498
111758,-62.1645256814,53.2354379739,42.46096334667004,962.2119775250488,2523.052983500336
312035,6.21882840569,47.8674019267,-651.047659372615,322.8472042007337,2354.6071402927314
312984,6.21997695979,47.0396110312,-833.3253758960592,315.178325932028,2353.567896831234
201952,-62.2060755328,-22.7019929082,-556.6694059629124,375.87832193365557,2362.4624824019834
311862,6.22170124293,43.4434338477,-359.0578750872223,543.2827413527359,2394.8070078628516
311100,6.22274328202,44.7147177449,-320.5146269150234,580.6911478263246,2403.56956983174
312197,6.22275291702,46.8687121481,-1234.3002367989056,630.6947599714837,2416.137485349865
311870,6.22322503006,43.4861035752,-542.986059058035,385.50190263953635,2364.0127294065032
312818,6.22391843712,45.75593838,-361.89410464578907,540.5712860929679,2394.1933470807007
310138,6.22696327537,46.8226649853,-460.348092510979,450.98416736392875,2375.569655276439
311047,6.22709999438,45.2187264476,-210.7766613612569,691.683975475303,2432.770270655781
112001,-62.2733338314,45.5894362462,-102.45578231355668,805.6402944789639,2467.590069672318
312819,6.2273896634,45.7818049201,-402.63865250687707,502.34112203500877,2385.852273453802
312154,6.22775635743,47.8974355802,-482.86547580285236,432.0551811750283,2372.048934452548
200057,-62.281194215,1.75028700197,-909.6052975731982,351.23422033900164,2358.666984844285
312117,6.23163388175,47.810745111,-390.0667702527934,513.9850090641145,2388.33101922659
312160,6.23309955287,47.6768412529,-524.3738426831677,399.21543027059755,2366.2876891078613
311106,6.23471828801,44.8232913188,-93.12018087672547,815.6066090892118,2470.861916143289
310140,6.23544507207,46.8771460978,-385.40389392208573,518.3396879531404,2389.2719602348834
312823,6.23574590309,45.7853866484,-343.40831261102653,558.3495820628044,2398.2699438651584
311872,6.2357784711,43.4856191742,-580.988804209908,359.8385505983782,2359.9636120826153
312859,6.23908259737,45.9936812477,-541.7179210937775,386.4140934871567,2364.161652574287
311225,6.23933761739,44.4645677402,-190.9200278377084,712.308167731688,2438.7142911121337
311227,6.23937057939,44.4558628114,-248.27134690749367,653.1405834007475,2422.0935344330433
312776,6.23992219844,46.1609611725,-723.8762807032513,302.88076699359823,2351.9526412901923
312184,6.24004512645,47.4106197599,-426.2736343726705,480.86406772421583,2381.422835089468
112000,-62.4311803314,45.5688668595,-131.47986496766484,774.7864292851118,2457.6896628463196
200094,-62.4601364578,-10.4519030866,-958.1670326724018,382.9852753003862,2363.603644639726
312974,6.24775141909,46.3028519993,-879.3625179958806,334.66141971209265,2356.256084066627
112171,-62.4977737919,44.9349060431,227.19383486204882,1165.8518015371942,2607.5189147932956
111999,-62.5152976874,45.5442094435,-115.76614907505626,791.4654187126048,2462.9985742738872
312881,6.25199504944,46.1691666392,-792.0248950961668,304.54574985921755,2352.1676346754275
311098,6.25206674244,44.7310655562,-262.65138491913996,638.5133875393265,2418.190193910361
311871,6.25208317645,43.5357397283,-553.348703363575,378.1761470400901,2362.829165650232
312522,6.25247556548,45.3145108015,-412.36332019275034,493.43630304744994,2383.993257755235
112355,-62.5316279017,46.3191529726,-278.0633585397778,622.9424614657243,2414.125468602296
112172,-62.5439857428,44.9273179754,-67.96887757080604,842.5510428307036,2479.886434422429
311057,6.25540973672,45.5559490225,-191.81426565752417,711.3764632900039,2438.4423184443544
311102,6.25610940778,44.6769561247,-345.2220047406722,556.5945153041175,2397.8619481371124
312973,6.25665282582,46.2906044762,-769.733876358817,301.7711471771605,2351.8100036197443
311313,6.25682825984,44.0105580376,-493.56612657808864,423.3182657226627,2370.4731219635723
112363,-62.5701557729,46.1151934487,-286.07091553675394,614.8982773914503,2412.06226275282
312198,6.26039147113,46.8816686572,-304.9433154339841,596.0727345854768,2407.331961482149
200038,-62.6228000913,0.881582737088,-894.2308806906553,342.4683089781026,2357.3775706304673
312175,6.26459100848,47.4273739243,-535.5990815898153,390.8619983262183,2364.8927184108893
310005,6.26471295849,48.0433877483,-430.1665487089563,477.3823028873063,2380.7222288556195
112361,-62.6478144604,46.2020566969,-331.4752739897537,569.9524097144963,2400.997754517201
111990,-62.6514322427,45.622992732,-118.18114160293766,788.8980972165391,2462.174785763423
312073,6.26717755769,43.4810925758,-395.4447555365651,508.9863550244467,2387.2602659656436
312772,6.26824366478,46.1455534982,-976.5045683926425,396.3617657614882,2365.8079206086973
312821,6.26836996879,45.7639940857,-418.5408515940278,487.8282717719822,2382.838830176586
310498,6.26917512286,45.8978811128,-267.37107236889847,633.7330239466394,2416.932356003749
311101,6.26922872586,44.6856468385,-283.3023092597955,617.6758731068117,2412.771840037003
311028,6.26925754587,45.5855594979,-318.8973389008091,582.2820189806046,2403.9544125222947
111989,-62.6927616861,45.4812214493,-66.77773447282226,843.8303502789447,2480.321375932798
112354,-62.7020527558,46.3645077484,-192.9538316126203,710.1895379983943,2438.096316337739
310003,6.27267479015,48.052689803,-709.5914208376432,305.0928059140333,2352.2385270371246
310444,6.27283521016,46.1516941508,-768.6720449866131,301.6926808941084,2351.7999365512273
310445,6.27306181818,46.1691919532,-755.2909140844591,301.12666442974705,2351.727394042062
311048,6.27340089821,45.2020713652,-149.69535360750834,755.5319442219267,2451.6877832621853
310184,6.2757206314,47.0393693652,-376.85715618688744,526.369775339831,2391.026894087264
200039,-62.7600831036,-0.297809071495,-850.5105927387619,321.57118178597534,2354.432520335317
112356,-62.7611527737,46.3020420352,-272.5562703040389,628.4932691855549,2415.563755579394
312193,6.27684021249,46.7811746058,-518.3502288586367,403.7968551437311,2367.0649268833436
312194,6.27700226351,46.7684768218,-671.4595920555043,315.14146232429454,2353.5629605203203
312192,6.27714524952,46.7852982582,-510.24737927713846,410.06350161535204,2368.1420023331216
312038,6.27753643955,47.8773918495,-676.6204907166044,313.44160425951435,2353.3359528843434
311112,6.27785621058,44.6863291825,-200.6895549465333,702.143925249338,2435.7648818434486
111988,-62.7812097984,45.4987294647,-145.63540893773614,759.8157202409353,2453.011291572571
112362,-62.8102756818,46.1688458742,-209.14156930826204,693.3770446857403,2433.2521846192626
312162,6.28127901386,47.6645789739,-626.9498823564928,333.84472490232736,2356.140226769704
111991,-62.8142526551,45.6150655614,70.64391223415062,993.0418393285879,2534.9707222203547
312032,6.28159268389,47.6480553496,-800.0990200706042,306.07451318447625,2352.366058987928
311097,6.28159902889,44.8437637225,-237.1958737064519,664.4674003188056,2425.172446228044
111985,-62.8166977983,45.7481094744,-270.46348419273363,630.6065305250163,2416.114455939139
311054,6.28512740518,45.3729146703,-226.68734926440231,675.2607925636453,2428.151891013197
201887,-62.8564129056,-8.08927414516,-630.7436250571473,331.98417821615624,2355.8773233008415
111904,-62.885244298,45.2767830004,-108.93366399554327,798.736465448731,2465.3446836283997
311056,6.28924451352,45.4822935714,-218.31235325351145,683.893711166816,2430.5668219637164
311224,6.28936833353,44.5310634107,-324.5279482771383,576.7503253319703,2402.6205288450806
312855,6.28966850956,45.9653297233,-259.8567326191894,641.3488176984769,2418.940423784868
200068,-62.9020188244,-12.8520885192,-830.3743128816513,314.192498007512,2353.436082340347
200082,-62.9479811762,-9.55583333251,-743.9812371995467,301.26081032940317,2351.744574501579
200097,-62.9520796135,-9.17718840818,-703.5670986274429,306.28507112360984,2352.393464676026
310496,6.29778038023,45.8944082235,-236.64533802147952,665.0317588885595,2425.3271342620346
310183,6.29809037625,47.0118729429,-525.4971254631052,398.3685797038941,2366.1449645261764
200080,-62.9850074383,-9.88920697709,-785.3044671925677,303.4840691906347,2352.030409690697
200098,-63.0106325104,-7.50192383557,-487.0063374686793,428.65346434697307,2371.4316900037293
310143,6.30187150056,46.7521020414,-765.6824733098616,301.4982079598694,2351.7749971585918
312880,6.30189321957,46.1762956168,-971.0563206465164,392.3167913523467,2365.133597206357
312120,6.3022977456,47.7894378323,-652.4573688803339,322.2660005393498,2354.5275201111813
201859,-63.0270494827,-4.05631696648,-874.55197251493,332.28465319689985,2355.9196842438128
200014,-63.0271754017,-4.05611431646,-825.3293271567871,312.58529722777587,2353.2220540994977
111982,-63.0516978798,45.7278094667,-23.2968649656412,890.7133785796365,2496.660727980082
312853,6.3059076529,45.8896758851,-428.76334202412727,478.63540440287284,2380.9738172027814
312074,6.3059590979,43.4689515508,-573.3569730191645,364.71724367970796,2360.7124212183503
312191,6.30607150491,46.7561340008,-592.2586458417511,352.9100323427868,2358.9171157091273
312820,6.30622089692,45.731265933,-354.7486884910758,547.4138331306831,2395.7475602742684
111924,-63.0677978761,45.4728094216,-109.58244207268154,798.0455671723289,2465.1209291109203
200079,-63.0732427906,-9.92244491784,-752.4272554814381,301.10754161505037,2351.7249455399206
312135,6.30906893216,47.7942724727,-636.6795455817125,329.16795368529563,2355.482118291423
312723,6.31020531825,45.0434638261,-81.23395674549,828.3236441476272,2475.0887918034955
112326,-63.1066979203,46.335809572,-179.12028694765152,724.6267420546733,2442.3407590174743
112333,-63.1229457427,46.3186640326,-265.4088633494399,635.7191983968846,2417.4539017461448
112168,-63.1431785473,44.7900170301,-151.00569273815844,754.1503381569755,2451.2623687397404
312542,6.31476305263,45.7770206538,-325.6185183750614,575.6811862093891,2402.364105628606
311050,6.31505245966,45.2322518287,-115.93754709719744,791.2831628754484,2462.9400138264546
201858,-63.1620999999,-4.06079999985,-877.3447253578289,333.6553771630247,2356.1134052857224
200041,-63.1647458241,3.54986551186,-901.6347035454689,346.6048224249611,2357.9820548056596
310130,6.31858750595,46.7604729881,-574.7402382975094,363.8221326400177,2360.5742970845067
111921,-63.2054342455,45.3738354974,111.71082646294798,1038.1375638457819,2552.973573957423
111986,-63.2185747286,45.6439950927,-99.26442867208777,809.0450452369702,2468.70377993792
112167,-63.2222095079,44.873486113,-67.96603118883324,842.554099553748,2479.887472957616
112325,-63.2225454849,46.2983894769,-372.69741125636153,530.2999598507076,2391.8951723006057
311051,6.32308663032,45.247899543,-111.41841445579269,796.0909379538494,2464.488841392779
111984,-63.247451535,45.6936702249,-221.89613163213966,680.1962878355683,2429.5290609174795
111923,-63.2555877096,45.4232707865,-160.97760131809912,743.6519898352341,2448.0528486622147
312143,6.32638305659,47.8849522842,-476.39813371949805,437.41886300650935,2373.031759073441
312850,6.32691453464,45.864795866,-374.25694190078633,528.8248472371163,2391.5685620346826
312977,6.32718637566,45.8858771248,-397.9198971025662,506.6945841157251,2386.77268909913
311979,6.32727198567,44.3607027266,-514.0912368532639,407.07615077737955,2367.62654580257
111922,-63.2730979431,45.368968481,-39.215320938537765,873.5093272086796,2490.574835771421
200081,-63.2853608821,-9.76012601541,-767.2355944758415,301.5943648285989,2351.787326429337
112340,-63.2891328604,46.1978432926,-151.7287061807955,753.3882066068377,2451.0280001892165
112328,-63.2899979865,46.4142095825,-193.5389702152749,709.5802502867294,2437.918907481186
112341,-63.2932270848,46.1982362726,-14.744513721100635,899.9743428155798,2499.9796570339563
312151,6.33075689795,47.9147221326,-524.8864817796459,398.8286523479773,2366.222466673619
311053,6.33087468096,45.3145994765,-31.135699869343682,882.2359389159731,2493.6488766007596
112342,-63.3313456719,46.2062304963,-157.6771856445765,747.1234923531775,2449.109630188753
112329,-63.3356061483,46.2021013909,-136.94040714465154,769.0051488291109,2455.873243223877
311222,6.33476206629,44.6148937806,-272.931377728438,628.1147146935403,2415.465289063751
112339,-63.3478809843,46.1977562196,-154.94216489289138,750.00266527921,2449.9894827903245
310136,6.33535597034,47.338935254,-523.2159832597873,400.0908363508668,2366.435535819478
112331,-63.356673362,46.2058565462,-221.01775076361088,681.102073447499,2429.782809699617
312849,6.33587230538,45.8604821737,-361.07972010662047,541.3492226669111,2394.3691128853443
111907,-63.3600447533,45.0315588941,-134.2515306282772,771.8509917824017,2456.7658458576716
312879,6.33629130541,46.1655609419,-812.9969541113358,309.0799815836962,2352.7589980431612
312174,6.33896745063,47.4767219764,-502.1547961990625,416.43615159320836,2369.25379311948
312541,6.33931482566,45.8018861318,-272.28551769376315,628.7665521143182,2415.634874089006
311290,6.33952070468,43.7438712045,-458.6334884949749,452.4537884185693,2375.849090012158
111983,-63.4012283857,45.7612398504,-78.78559267852648,830.9468885065303,2475.967931814943
312767,6.34054776377,46.0732770803,-861.7089086095915,326.31394570904746,2355.0849791507503
312119,6.34060886077,47.7776614993,-638.5732390637127,328.2942876410046,2355.3601862889245
112330,-63.4062779031,46.2855696878,-214.05552666586084,688.2917734559227,2431.8079762317548
112299,-63.4356778185,46.226989566,-176.1665066040115,727.7173535821942,2443.25950618471
310147,6.34390755004,46.9434532203,-636.9732428740958,329.0316626922271,2355.463076108665
112153,-63.4598110325,44.7014027508,-283.5764557545216,617.4006616932475,2412.701399866246
111914,-63.4765291939,44.9770533516,-29.60404012327058,883.8915444722223,2494.2350992331844
312118,6.3482676554,47.7601499078,-420.4740824175976,486.0812956242923,2382.481792965704
312962,6.34856280843,46.3352143069,-425.9043766497646,481.1951803121616,2381.4897164197323
200084,-63.489211294,-8.76848004436,-733.4919900787307,301.8862839346439,2351.8247800984564
111906,-63.4973071876,44.9604625302,-52.15707484082509,859.5558543513333,2485.7153365996946
201886,-63.4980758517,-8.66415787573,-705.5684628720231,305.87209904345997,2352.3397307426776
111905,-63.501898008,44.9723341022,-81.81624885288568,827.699946083832,2474.880132168922
112294,-63.5024980591,46.3561095687,-303.32287349642496,597.6815040839444,2407.7308089114385
200083,-63.5072222225,-8.74888888874,-835.0357727990918,315.76498162121726,2353.646530699869
311312,6.35130916566,43.9606353895,-594.4376594992551,351.6097574903129,2358.7229361287177
200085,-63.5149256211,-8.4559139205,-925.4863446749081,360.9751414301467,2360.137182578122
311052,6.3518561667,45.2734167271,-213.2996287054786,689.0734512334219,2432.0293355656754
312318,6.35207519472,46.106671201,-616.0067519200734,339.46851901516334,2356.9436444810535
312169,6.35215254573,47.5067187419,-658.0798471754907,320.01911164241614,2354.221038830824
111917,-63.5391787701,44.9358056652,-150.7949039151147,754.372559078007,2451.330745890318
310443,6.35608807505,46.0860355683,-779.8606114583012,302.76594842316564,2351.937857891203
312964,6.35642033908,46.3397749223,-593.3493739366462,352.25753851295997,2358.8195864237887
312544,6.35729139515,45.7651987458,-259.67420777913145,641.534129801881,2418.9895633420865
312768,6.35992665237,46.0898370136,-633.5394614788689,330.64316437911475,2355.6887251943785
312240,6.36037027441,47.327361111,-789.4757637891174,304.1203669936896,2352.1125962584483
201904,-63.6073899998,8.14408629799,-635.677946530321,329.63492633212496,2355.547420986312
311111,6.36107577646,44.6896677088,-379.16398777397245,524.1963593865181,2390.5493701346895
311221,6.36108219646,44.6392208886,-203.88597067460017,698.8254727793271,2434.8103641274674
112306,-63.6238981001,46.3219095608,-258.5009502042019,642.7256642376557,2419.305839972908
112296,-63.6267348964,46.3437324116,-318.0622053909579,583.1041339788821,2404.153676227987
112293,-63.6275357374,46.3437301476,-267.04835830886657,634.0595553343559,2417.017994878831
112307,-63.6280981045,46.4011095744,-217.02563134155233,685.222414613492,2430.9410164267715
311311,6.36422089472,43.9522237448,-401.74742751085086,503.16175818203146,2386.025193235418
311307,6.36475655777,43.8728516032,-367.76726048628586,534.976021672167,2392.936232251386
312147,6.36499690079,47.9236219594,-612.8141757763448,341.17919967864356,2357.19064017967
312116,6.3651573288,47.7679878435,-418.1241631912239,488.2053218124593,2382.9160505782174
112152,-63.6602801981,44.7315169302,-121.68042854457916,785.1806180710653,2460.9861988340654
112298,-63.6690786659,46.3437992666,-189.78778895531838,713.4882253343245,2439.0592275604968
111966,-63.6732257252,45.6481094421,-192.76617784726437,710.3849606544782,2438.1532478868808
310146,6.36835931107,46.8812316131,-512.1172828852916,408.6070154019349,2367.8902341309995
312545,6.3687135121,45.7644314677,-306.97997073667847,594.0528591291466,2406.8326213712485
311220,6.3687746031,44.6355001063,-231.97687763438478,669.8223689233265,2426.64510667863
312236,6.36940275215,47.3263020689,-779.2938465885227,302.69852598909586,2351.9291795233235
200087,-63.7017138696,-8.79846925384,-840.9346225187306,317.8733018164854,2353.930309899806
312115,6.37187075336,47.7726970619,-592.6109922950315,352.69889650679323,2358.8855375906633
111898,-63.7229787193,45.1769302991,-156.5942299177326,748.2632706653469,2449.457570582533
111908,-63.7231761503,44.9601531852,-61.93491683315609,849.0345181577956,2482.0967106220346
311169,6.37309861046,44.8059645864,-313.217496375932,587.8815837090494,2405.3168656793523
312241,6.37381091852,47.339695737,-702.3416050752419,306.546199149468,2352.427478174464
312683,6.3760433147,46.3406169754,-721.0752500105331,303.2456706981149,2351.999660853384
311866,6.37742104382,43.7935826436,-494.0807650221075,422.90254436935635,2370.398917880988
111932,-63.7766124758,45.4149022198,-33.25335441269277,879.9475933762257,2492.840194426007
200086,-63.7851872355,-9.18304992366,-639.7660392893246,327.7502127659787,2355.2844137864595
312959,6.38074223609,46.2971757058,-535.7062465078214,390.7834437968475,2364.8797364354505
312765,6.38099723011,45.9559399236,-367.32459013423596,535.3968162901112,2393.0303422127495
312235,6.38162039716,47.3180081183,-732.7920469220232,301.94512226054707,2351.8323334613415
111756,-63.8432763453,53.6898328595,-11.308006881526182,903.6989933024803,2501.3229176484188
311046,6.38511173345,45.2639550913,-85.16450717926202,824.1149939376231,2473.6834864408365
312239,6.38520839146,47.2480973145,-904.6060946875588,348.30963657807916,2358.2332519898105
312761,6.38550479148,45.9775420003,-83.1440225804356,826.2780245925532,2474.4049470088466
312317,6.3857080305,46.0856016943,-395.4565797611333,508.9753934973358,2387.257928888927
310150,6.38586078651,46.9480022506,-710.7520464105297,304.8806540550615,2352.2110196736867
111968,-63.8686829634,45.731495852,-110.14377427440755,797.4478720560585,2464.927499238876
111965,-63.8687333624,45.71920865,-133.4502878751102,772.699373493336,2457.03251701199
312885,6.38940494481,46.1451217682,-568.8778516319885,367.6479454285822,2361.16697411156
311306,6.38960830182,43.9642674138,-474.6548745504701,438.8749761094962,2373.300594638697
111933,-63.8972589277,45.3853541313,-58.54006335129817,852.6854247323256,2483.3479219409082
112140,-63.9102318588,44.7232515196,-161.53851921082676,743.0623095337813,2447.8737842680857
111962,-63.9103798458,45.8689481644,-172.1211958291507,731.9544562822979,2444.524860566731
200078,-63.9187086045,-8.76445736603,-540.6018775313887,387.2196453535208,2364.2934508230974
200077,-63.9187983455,-8.74634705353,-416.04340396190446,490.0908128613692,2383.3030593502795
201885,-63.9231353529,-8.73566762565,-837.5737877585323,316.6560127307035,2353.766236960627
312366,6.39333175613,46.2985406229,-680.7756696713597,312.14826348710227,2353.164041509919
312238,6.39345506514,47.2364614595,-684.4036510213809,311.0746320497149,2353.021864446259
312372,6.39355816615,46.0192638178,-523.1145933443686,400.16761248634583,2366.4485174920464
311223,6.39371063616,44.5410490615,-489.30248427349613,426.7783883581841,2371.0934736165277
311308,6.39401281319,43.931161631,-448.30438316185695,461.38627232755147,2377.566352417866
311124,6.39479618825,44.9905829637,-191.51571694007492,711.6874909931342,2438.533073938794
111190,-63.9601107369,46.1563402141,-172.09795207732043,731.9788165791924,2444.532154785033
112141,-63.9653361404,44.6887894957,-58.2690671873214,852.9769569043908,2483.44803788345
311027,6.3978152395,45.6854718642,-272.9998401357982,628.0456304887804,2415.4473254106233
312437,6.39837885755,46.2060394933,-221.10784810998385,681.0091516477772,2429.756764057939
312878,6.39851285056,46.1975584465,-687.5703383994963,310.1803333737835,2352.903803190677
311218,6.39856633057,44.4519970041,-259.7232859384611,641.4843007025113,2418.9763487692626
200037,-63.9900446274,0.226935085922,-988.1701367039819,405.2126523758466,2367.306858331372
111892,-64.0157315575,45.0148431457,-156.85222185384958,747.9917114109899,2449.3746279809516
312148,6.40203463485,47.9898203608,-463.952090691818,447.9076794891595,2374.9875277993874
312884,6.40231167288,46.1566906942,-617.6829835519144,338.5828165628454,2356.8162405094104
312947,6.4025697029,46.3520655333,-730.6630870329437,302.137192943348,2351.8570005884644
312873,6.4025918619,45.7515512056,-332.8601043182592,568.6010617882506,2400.6773284479546
111893,-64.0268305435,44.9979096583,-186.55975220975927,716.8549097737654,2440.0461941373233
311022,6.40690000026,45.7018999995,-406.0737277563872,499.1851789375374,2385.1897850544688
312951,6.40700640426,46.2906125382,-612.9171785498162,341.1235248437753,2357.1825824613425
111934,-64.081595605,45.4102938424,-75.86191313364183,834.08103861577,2477.021527325842
312848,6.41011566052,45.8438091843,-254.1311237698927,647.169003752502,2420.4900717159094
311021,6.4110973076,45.7477108103,-363.82713977538253,538.7267834458856,2393.7775617335947
111963,-64.1229896924,45.8900459691,-214.8503085615678,687.4701121586248,2431.575543339888
312237,6.41559311697,47.2220443553,-670.5290174953859,315.4588721761269,2353.6054826355066
112275,-64.1816983113,46.7442096228,-172.57863939418993,731.4750724246669,2444.381363338371
312134,6.41840370621,47.8186469387,-549.7682561717721,380.6810765926452,2363.2313788397905
310016,6.41841658721,47.8186509917,-432.40558820250294,475.38727990587824,2380.3229893763564
312883,6.41943196429,46.1812479212,-670.2939848579407,315.5395629361322,2353.616299152266
311042,6.41969852931,45.1357808267,-260.72358029732436,640.4689396296973,2418.707284994956
111891,-64.1982945656,44.9521220155,-128.078723428265,778.3912402515467,2458.828458993759
111894,-64.214143736,44.8893420743,-88.97475519304038,820.0383158634417,2472.3283170609507
111889,-64.2230052037,44.8813370996,101.74063109961192,1027.1717079109208,2548.534124823507
312146,6.42248378154,47.943304071,-567.0965408135729,368.82697777274467,2361.3508437735927
312945,6.42333806862,46.3149523133,-574.4888613746248,363.98444557242584,2360.5993189179626
111955,-64.2478326327,45.5934384126,-80.03994917214807,829.6027793785465,2475.517166050337
312234,6.42493873675,47.3224242756,-585.8203486466314,356.8270428082253,2359.506305636106
111956,-64.2553880034,45.7280040967,-104.45895022888706,803.5043709987038,2466.8935408872644
112276,-64.2720041457,46.7187747957,-211.1807655554926,691.2656915134311,2432.6513774317978
111878,-64.2726949178,45.0977804786,-200.83843788255118,701.9892791254543,2435.720307396635
111890,-64.2727251578,45.8606915947,-243.43673777725402,658.0785758800209,2423.4297761415655
311166,6.42736132095,44.9144725074,-222.4510495994396,679.6242082971403,2429.3689576432803
312114,6.42742151795,47.7945420597,-531.6969777365331,393.7379282254474,2365.3697436089246
310439,6.4292466031,46.0771491176,-425.0405620041395,481.97033344130534,2381.6464620457014
311876,6.43141146028,43.5897470378,-567.3938182000844,368.62968376964005,2361.320035830253
311043,6.4315748133,45.1726422387,-140.5789539200095,765.1572357158838,2454.6710702710566
311045,6.43181404332,45.2392368473,-69.66415662723489,840.7307756526691,2479.2685826644156
112138,-64.3316982777,44.5639092344,-101.93663689426964,806.1939955073036,2467.7709023021794
310058,6.43474451256,47.5856923304,-320.2386406669548,580.9625131562195,2403.635144848334
312946,6.43543707762,46.3230057099,-591.7233480081019,353.23144547861926,2358.9652227051156
312764,6.43576138664,45.9476398689,-579.5382210346038,360.7544927173289,2360.103445163584
310149,6.43582187465,47.3684184004,-525.5866892901772,398.3011597043707,2366.133614502598
312112,6.43589669365,47.7478292948,-471.58917330703144,441.44612819205145,2373.7774015170494
111952,-64.3686270547,45.7027812386,-87.43491775795388,821.6854484712892,2472.8751371807566
200020,-64.3813287928,-6.53885548688,-878.8647346114471,334.41201756817225,2356.2206741626087
200076,-64.3936767638,-9.25590815469,-708.2462645210692,305.345801294981,2352.2713547177664
311322,6.440027381,43.8016355333,-233.47784467030885,668.2811720710607,2426.2201451644805
311177,6.440122587,44.7393290199,-299.8418371104264,601.1424355489717,2408.592264306068
312944,6.44024737701,46.311779075,-483.63726229929017,431.41920824175924,2371.93317804217
311013,6.44054259604,45.6274795264,-214.7983628448924,687.5238075624259,2431.5907249828083
111186,-64.4189740439,46.1774439169,-104.34907672026151,803.6215021664888,2466.9316947580055
111755,-64.4227987142,53.2307823325,-61.83404038703408,849.1429707025535,2482.1338103637445
311219,6.44356555129,44.4229207947,-156.46611795766538,748.398126873883,2449.498769986549
312938,6.44399965732,46.360511485,-675.829359835742,313.6954937414012,2353.369781961803
311026,6.44436431635,45.7141506936,-75.46592473240287,834.5056697500498,2477.164544535195
112121,-64.4468983042,44.2350091712,-3.591131886722465,912.0698657722843,2504.3593807413413
111954,-64.4519495386,45.5855791099,59.246423149882844,980.5616718018665,2530.1078356592143
112137,-64.4522448827,44.7358232296,-85.72330532659551,823.5169263866039,2473.4843027402703
312937,6.44739119061,46.3554454916,-681.023850137683,312.0731601310002,2353.1540801935244
311044,6.44775130664,45.223576196,-162.3758189410073,742.1822463469263,2447.6067810516156
200040,-64.4853311314,4.00219627129,-637.1129454458899,328.9669352016481,2355.4540352792383
312759,6.45240818702,46.0685790139,-532.9021850086075,392.8464436932806,2365.221511017465
111936,-64.5271347779,45.4226881854,-112.69196253772706,794.7355519745665,2464.051352027713
111876,-64.5390311648,45.0813649592,-112.35920019728752,795.0896602443008,2464.165586092923
112131,-64.5522571129,44.4091441186,-90.14664251107897,818.7851171957157,2471.912930505135
310056,6.4558149083,47.6138601367,-492.57010607858786,424.12403187791307,2370.6171479751133
312173,6.45608761232,47.569101015,-428.2758479558194,479.0712544540034,2381.0614722642954
111938,-64.5812242003,45.5312200034,-56.53154040778063,854.8464893579135,2484.090776969479
112130,-64.5932891733,44.4480727588,-46.61888697063175,865.5232073450427,2487.785137488793
311159,6.45971922963,45.0142588476,-302.785867727395,598.2149674871742,2407.8632883083214
311305,6.46002620265,43.9600403584,-442.2874480348862,466.6501642591371,2378.5934590972797
112133,-64.6022623451,44.6064715939,-88.25179656408699,820.8115859226688,2472.584908034943
311858,6.46029882067,43.4435016747,-545.5286532007624,383.68313681115154,2363.716822576369
310055,6.46075585771,47.6269708318,-745.1654271180141,301.2204541422349,2351.7394051745905
312877,6.46086788672,46.2438275044,-370.96685087644914,531.9391319021229,2392.2591222328037
312030,6.46133478176,47.8407744645,-890.8625791641119,340.64023327950673,2357.112690642091
111875,-64.6351914798,45.0257627716,-103.55797353852643,804.464943653325,2467.2065810191957
311012,6.46441750001,45.5607765519,-171.64357591378788,732.455052461295,2444.674798768409
301686,6.46454283902,49.5054363302,-484.42589615657295,430.77027120359094,2371.815231928933
312052,6.46471898404,43.5232540083,42.52103143113545,962.2775770229264,2523.0780017863885
112116,-64.6604832249,44.1768440254,-23.5368050734045,890.4537351485477,2496.5681088841297
310438,6.46805433231,46.0721828042,-304.7792471539492,596.2355536210404,2407.3722818166434
312144,6.46858771736,47.918877442,-350.57000207351405,551.4327808397646,2396.6690592657883
312141,6.46999591148,47.8401842065,-446.3764546915425,463.0681738191455,2377.893311623018
201857,-64.7022319483,-3.3434890825,-776.5136648575215,302.3879201971902,2351.8892240363843
312909,6.47213499865,46.1354327514,-462.6311110507767,449.0333170795294,2375.2000731948306
311304,6.47242946968,43.9598593084,-417.99474642992493,488.32246395436533,2382.9400530982193
310057,6.4726722647,47.6223881434,-576.7486451202883,362.53097964774224,2360.3756436342146
311874,6.4727453097,43.4071063917,-445.83381906400314,463.5423738941025,2377.9857022809583
111150,-64.7282838975,46.3146909492,-58.165944031819905,853.0878984284417,2483.4861445762763
312145,6.47289909672,47.9768909048,-551.4372595879049,379.5099194259132,2363.043005702593
310151,6.47326267175,46.9973098687,-688.4084177412459,309.9503793848222,2352.8734996888543
111879,-64.7433408267,45.0649641608,-182.24368136619782,721.3616499938079,2441.374018445161
112048,-64.7562276978,44.0644749581,-49.17786858750425,862.7652133089025,2486.826950383407
112132,-64.7687325088,44.5939715649,13.829414609563855,931.0009898023919,2511.3158524706355
111939,-64.7691984639,45.4728093896,84.35377530534947,1008.0750573014044,2540.897437719695
312907,6.47746725709,46.1404024168,-670.3787937614585,315.51042226242305,2353.612392560316
311019,6.47791641413,45.7638605247,-416.3310503585482,489.82989677865305,2383.2494195185423
201860,-64.7976505942,-7.25625101724,-918.9242729645787,356.8691455413838,2359.512673179934
111838,-64.806624033,45.0271785147,-196.54955131077824,706.4472427319713,2437.0088581334467
312936,6.48068670836,46.3353101669,-587.5784676544773,355.7464074930511,2359.3431234776967
111197,-64.8070125,46.0647025676,-62.349046904113976,848.5893066734344,2481.944455312766
200075,-64.81855647,-9.51024560974,-736.1761840797836,301.68044520521664,2351.7983669686696
111834,-64.8389780107,45.0233707894,-226.02988307116118,675.9375323230215,2428.34017704691
112117,-64.843425747,44.2731457903,-124.43523514999143,782.2561711670638,2460.054711827816
112123,-64.8474984414,44.2528091666,13.636025313139996,930.7905786139262,2511.2378559375315
312034,6.48541091975,47.7432944654,-795.3379653658662,305.13980624908953,2352.244623591478
311217,6.48556618876,44.3975639996,-218.22845729956006,683.9803255022541,2430.5911942429666
311864,6.48557166576,44.0767622381,-521.1184623458034,401.68305762638977,2366.7052513233175
311211,6.48571952878,44.5517335794,-470.10191167263014,442.6982014916834,2374.0105655748994
311170,6.4860029438,44.8398386442,-348.7130036926387,553.2228143950651,2397.081548513625
111195,-64.8767277638,45.9559972006,-116.37977475009589,790.8129535842324,2462.7889871878792
111149,-64.8775149978,46.372738943,-58.39114449036321,852.8456268633236,2483.4029337014927
200021,-64.8895747698,-6.31479706134,-965.3451637103316,388.1399204640519,2364.4443460811513
312898,6.4895825961,46.0729455992,-551.6753364764776,379.34335491985934,2363.0162607944826
311167,6.4896503391,44.8478023659,-302.5247017691667,598.4744690484132,2407.927772579581
111205,-64.8975570165,46.0071509958,-64.69989257053454,846.0626637425472,2481.081719499867
312908,6.48990083112,46.1276668038,-427.61150114309345,479.66563886057986,2381.181134009089
301690,6.49001658513,49.5229015657,-225.1271554767968,676.8669965354293,2428.5990609518435
311017,6.49014215614,45.7978484855,-251.0623062854459,650.2945057982928,2421.3276135477267
311010,6.49027176615,45.5066077994,-444.2937647562112,464.89012769730914,2378.2487882237433
200070,-64.9101041295,-11.2103995244,-853.638596645934,322.85129614908453,2354.6077013554564
201883,-64.9308729503,-9.61885660572,-770.2038652675474,301.8074483953944,2351.8146618652204
112061,-64.9360738397,44.1393007832,99.03430233303048,1024.196997853773,2547.3366401537833
311289,6.49374902244,43.8353238401,-323.86523643912915,577.4003773637761,2402.7766570443273
311210,6.49407570047,44.547770121,-436.52845212506077,471.7284215824924,2379.5949595647558
312140,6.4945209765,47.8650765525,-433.2264142148274,474.65730717928795,2380.1773100162045
111300,-64.9646594071,45.6186146756,0.6319871870747775,916.6548900162107,2506.0328519889586
312906,6.49753854175,46.1860319176,-498.2531113353774,419.547757462026,2369.8026898137946
310433,6.49788113978,46.0684596229,-388.8771360630544,515.0942085969641,2388.569972093641
312763,6.49791042979,45.9438529876,-544.537590149783,384.39044204542637,2363.831736776787
311004,6.49822811381,45.38133561,-334.00830914330686,567.4815660998569,2400.412422005941
312896,6.49854409784,46.1269253527,-464.719379965479,447.2549219807441,2374.8645083653264
111833,-64.9889719691,44.9607704082,-68.0007237370791,842.5168434168106,2479.8748152473963
112125,-64.9891984961,44.4067091924,8.930754365287399,925.6728776097001,2509.345481235994
111097,-64.9936570595,46.8396639557,-185.70022656828402,717.7519265829949,2440.3098770383413
111299,-65.0147668242,45.5522597312,69.12375158414635,991.3763422422911,2534.318748661065
312760,6.50181264211,45.9438262666,-496.1425411717664,421.241277797359,2370.10309522131
112126,-65.0225130558,44.3975895066,-90.01057974844778,818.930605304816,2471.9611251316624
310809,6.50225144514,43.7438268525,-389.202418074227,514.7907962150007,2388.5045597036146
312897,6.50231416315,46.1144913307,-602.8655847538929,346.70515552716296,2357.996805071287
311208,6.50269624918,44.5602817451,-350.9358683138714,551.0803979657286,2396.5880064957655
310440,6.50282409219,46.0894674396,-450.673427873078,459.32576350772814,2377.1673531493825
111194,-65.0356186909,46.0230821071,-51.81777056850045,859.9212867213419,2485.8417260987817
200071,-65.0433333326,-10.9175000002,-706.0099615247323,305.78325439265984,2352.3281800217096
112118,-65.0516207692,44.414497211,-96.5390529661482,811.9544855714774,2469.6587931325503
111098,-65.0549482305,46.7944072819,-132.33795756188016,773.8774211665107,2457.403249539768
111835,-65.0554998936,44.9486853452,-142.69005139000933,762.9262837458765,2453.97656514637
310473,6.50636816749,46.3804995657,-513.0587424654799,407.8760245542559,2367.76420263156
111146,-65.0641450983,46.444493764,-19.723309145178476,894.5815376510092,2498.0433533794658
311018,6.5065784765,45.8436203673,-285.3024442265313,615.6688498997995,2412.2588170829067
311288,6.50677236952,43.8438318828,-424.2447926332502,482.6851325009599,2381.791217759179
311009,6.50710974455,45.502008882,-112.52216881641426,794.9162342659602,2464.109633794092
311025,6.50752111758,45.7182671779,-63.57744440025077,847.2689132247751,2481.4933163670567
112053,-65.0816985057,43.8594090891,-179.499383650979,724.2302823304564,2442.2231613228414
110945,-65.1026492125,47.339231315,-170.30959196562063,733.8535768530311,2445.0941781692727
312044,6.51039382082,43.4319329127,-409.04665245327215,496.4630039618625,2384.621559526819
110946,-65.1063986668,47.4347097209,7.986836379466595,924.646623752565,2508.9670876028445
311865,6.51072789285,43.9730033875,-439.8288448100492,468.8134372120736,2379.0188117725934
311016,6.51080253985,45.8142646348,-329.8662001940402,571.5241382437929,2401.3713391419897
311152,6.51081420385,45.0779686559,-292.9236708154758,608.0403835064989,2410.3231268508407
311859,6.51170232893,43.435349407,-565.3607576335121,369.9831692293247,2361.531709160446
311877,6.51395542411,43.4899198625,-489.76845286930586,426.39885868914774,2371.0251906187523
311320,6.51424235514,43.9614035015,-316.07188051618306,585.0651293215403,2404.630049177069
311863,6.51466337517,44.1349186989,-332.8405190030048,568.6201648734103,2400.6818530904816
310474,6.5150192312,46.3994901213,-383.9884374744612,519.6653130007638,2389.5598978459325
110942,-65.157045625,47.7064832294,-58.515203616401834,852.712167739158,2483.3571045799467
111841,-65.1599805312,44.8816457437,-106.64150112536484,801.1782320656679,2466.1368630700836
312049,6.51603803529,43.2688812072,-92.7548257970905,815.9970437458154,2470.990822172189
111153,-65.1645574936,46.5108605575,-55.64801770367383,855.7973586354237,2484.4181586248014
312550,6.51648383132,46.3640215863,-415.07835839403515,490.96679373032873,2383.4833459462475
110947,-65.1661119687,47.701561115,-122.46998569018213,784.3422471496274,2460.718843858642
111199,-65.1685041139,45.9481137369,-59.12664319001295,852.0544426998079,2483.131337884036
312904,6.51826116947,46.1359908345,-577.8223217054807,361.84489637865704,2360.2703652108507
301689,6.51874547751,49.5279046141,-733.9960031008627,301.8452376487142,2351.819511643802
111095,-65.2023626027,46.7442096018,-118.79227901089436,788.2486366902236,2461.9667709173655
111837,-65.206041357,44.8686610556,-122.6298876312844,784.172478233365,2460.664736097939
112039,-65.206261572,44.3312461691,-143.7778873833352,761.7771564581493,2453.6195515928594
311207,6.52321848488,44.5650472055,-367.391546356424,535.3331590546965,2393.016100873699
312199,6.52324208888,46.9854140017,-459.63007676213675,451.59912746201064,2375.6864775853173
301682,6.52430607597,49.4856300346,-620.1571607503888,337.2913646107613,2356.6310556593858
312549,6.52648928015,46.3559337177,-412.7629961374729,493.0723066542771,2383.9179447805354
112045,-65.2689286842,44.3768285079,-131.5863801029513,774.6735836699103,2457.6540906102437
311008,6.52702192119,45.4813339913,-204.23901801394376,698.4591655091006,2434.7052539765364
312139,6.52745332223,47.8773116125,-417.04930294394705,489.17875848692677,2383.1156760871036
112054,-65.2938314713,44.38989958,-159.0350761893303,745.6948299368169,2448.674181521866
110828,-65.3016443989,45.8063480032,-99.91708092745057,808.3485634258369,2468.475616215379
112047,-65.302175153,44.414391511,-174.9996694449263,728.9389931082873,2443.623646049245
310432,6.53090655652,46.0103463741,-292.6572756746282,608.3065160258677,2410.3902765520797
311002,6.53151313257,45.4644971389,-55.131006187623846,856.3538486595323,2484.6099053918456
111743,-65.3152991271,54.3106107388,-302.96125865444725,598.0407157509696,2407.8200027313533
312555,6.53162401157,46.2522091021,-380.2702547680549,523.1556411057012,2390.3213785342755
311171,6.53182155859,44.8271558852,-257.81609587147994,643.4214746283913,2419.4907856551667
312903,6.53273834567,46.1529750129,-523.2385854192169,400.07372379513646,2366.432642677283
112035,-65.3434632624,43.7769458943,27.702405035029237,946.1093297996898,2516.9559654056925
200072,-65.3477777778,-10.7924999998,-605.0168569247987,345.4856238708047,2357.817801306683
112046,-65.3521748321,44.3858311746,-127.2362461918725,779.2846232046319,2459.1114232219056
311015,6.53545577789,45.8229677396,-318.05850347053604,583.1077791318356,2404.1545603270483
312131,6.5355683239,47.8274362944,-356.23037048757226,545.991841349347,2395.423043781063
311160,6.53574426892,44.9648775656,-270.68168656025364,630.3860952019543,2416.056931630803
110829,-65.3601846888,45.7855568745,-134.75219906405977,771.3209527933965,2456.599373132582
200073,-65.3682874185,-9.70574382091,-529.71966737512,395.20670263085646,2365.6146781886596
110834,-65.3683156275,46.0724794492,-3.995489090293834,911.6310038438128,2504.1995837046534
201881,-65.3687905925,-9.70622101595,-511.80784419197136,408.8476177598436,2367.9317647274343
112034,-65.3689353935,43.8350896451,-26.334674523945715,887.4268349181837,2495.4901032042153
110989,-65.3769782332,47.122039052,-70.18581261363303,840.1707759141512,2479.0787402899227
312754,6.53930641821,46.0018926074,-227.46100524928812,674.4646724791182,2427.930613151794
312755,6.53934066321,46.0065492107,-275.88646386038755,625.1348627165098,2414.6921262224864
312758,6.53984826226,46.0691680319,-449.00456516050264,460.77656232524646,2377.4481084233057
312756,6.53995432026,46.0146860584,-662.2197406565402,318.43847559643734,2354.0066972286772
312559,6.53997061027,46.2935689865,-488.4568669330046,427.467995038972,2371.2176944852454
110988,-65.4060987606,47.1892096736,-45.28775021604254,866.9583462228039,2488.2847992025872
110944,-65.4330987778,47.3478096997,-58.18169710275765,853.0709508923244,2483.4803230775997
301681,6.54373930358,49.4977792556,-647.7107467448008,324.25110795135157,2354.8000443487686
312050,6.54384544959,43.2481518645,-329.00935406118424,572.3617769249167,2401.570834171237
312554,6.54392177459,46.2226013836,-336.38910923278365,565.1630557119566,2399.8653602648124
201882,-65.4439281927,-9.69338158589,-752.3778301398045,301.10752765056577,2351.7249437519513
312757,6.54804007793,46.0516918885,-396.21980799309375,508.26811978820507,2387.1072345938546
311881,6.54839101596,43.2649040679,-243.12435331325946,658.3979809063585,2423.516529574092
110830,-65.4983784742,45.743813223,-164.7041172774988,739.736117536123,2446.866157239643
311024,6.55159979423,45.7228115233,-116.02366215713292,791.1915952342606,2462.9105968805725
310994,6.55167678923,45.4939481523,-146.24255209126565,759.1748160001115,2452.8128483653386
110991,-65.5168987857,46.8864096195,-68.82352638210611,841.6333109572165,2479.5747816853773
312556,6.55207783427,46.2940146085,-476.3654509039884,437.4461224750298,2373.036783938614
310441,6.55218438728,46.1142005277,-385.48705719291956,518.2618561152292,2389.2550762447454
312508,6.55235012929,46.2772505631,-350.0119506659686,551.9704504620188,2396.7928250144037
311174,6.5524567283,44.7813135484,-260.0468500707219,641.1558131358934,2418.8892584356217
200074,-65.5274999996,-9.78472222245,-793.6110586507984,304.824364190472,2352.203724353273
311178,6.55623647261,44.7476770806,-328.89844737988096,572.4702318232364,2401.5966843292053
310176,6.55678760866,47.4396053783,-623.8622532027456,335.3932370148421,2356.3601361618257
110943,-65.5731176684,47.6479691596,-110.78273159116613,796.7676139475676,2464.707507695991
201880,-65.5936679691,-10.5355782176,-651.0547347223094,322.8442694241767,2354.606737898563
110825,-65.6026244528,45.7018188985,-36.252167685245475,876.7084155228708,2491.6986402263624
311172,6.56028895295,44.8056939724,-333.4384500707723,568.037068931696,2400.5438091269643
312895,6.56061256797,46.1101043843,-329.80972164969876,571.5793362492998,2401.384476814255
311206,6.56061414797,44.5571048948,-352.2480172661159,549.8173958220268,2396.2979023080156
301732,6.56076902599,49.4856375526,-575.0823280468753,363.6014995583431,2360.5403022059077
311173,6.56138867104,44.7922768663,-349.42453536007247,552.5366513160583,2396.9232818145942
111815,-65.6177197251,44.5649969905,63.8010576776513,985.5470169347227,2532.0441130529725
311007,6.56432453228,45.4478644435,-381.1030717131963,522.3728460183723,2390.150174803796
110939,-65.6476365196,47.5907609168,-139.19210277663166,766.6234730191072,2455.128513386043
311165,6.56477187132,44.8059249824,-335.3399366447967,566.1843172967504,2400.106070366489
311603,6.56502138934,43.3362337998,-496.84777916346127,420.67459623564844,2370.0024438331934
110938,-65.6604447526,47.5606179613,14.762430782713281,932.0162069211852,2511.69239315268
312507,6.56847869562,46.2143302289,-340.50844531228506,561.1604123433943,2398.9259005310464
410202,-6.56861464534,34.2775166993,23.924584571452183,941.9923505123173,2515.4113095637067
311023,6.56867910264,45.7149464466,-383.90471476148184,519.7437760181874,2389.576962679153
312130,6.56916008768,47.8610987032,-344.81463740911136,556.988516623057,2397.953434807948
311875,6.5693795197,43.4638906974,-521.4799985019209,401.4080335975521,2366.658589085873
110924,-65.6943447694,47.6523450339,-198.58831354446116,704.327320978789,2436.395173803798
103075,-65.6944034274,18.2982976612,-983.5540271271368,401.68008794820753,2366.7047473040147
311209,6.56958636472,44.5141444813,-290.9013364389823,610.0616674225304,2410.8338196390973
110923,-65.7028394701,47.5650285567,166.54235541605948,1098.6265693970918,2578.1630683187022
110937,-65.7055988784,47.4406097094,29.83586042150128,948.4352131951779,2517.83117414291
110927,-65.7141988941,47.7024826941,-87.98609348812056,821.0958080349099,2472.679274356014
312137,6.57284679899,47.8516821134,-505.3456071055456,413.91022687553163,2368.811124545272
311179,6.57334101603,44.7357287626,-244.91875006951273,656.5638169676754,2423.0188842863868
311175,6.57342978603,44.7559441203,-319.904078558179,581.291536023816,2403.714691412067
310158,6.5754503412,47.1976710323,-491.828600990935,424.72491140429173,2370.724724261479
301796,6.5766143123,49.3355905302,-491.60846749779046,424.9034626048788,2370.756718938259
312553,6.57688644332,46.2103366036,-341.28742359238305,560.4047877387914,2398.7492561703575
110985,-65.7726648339,46.6643218142,-1.3179025990783835,914.5375546690213,2505.259149620509
110987,-65.7932941016,46.8158021407,-6.0993353023806165,909.34804991679,2503.3693981801307
201856,-65.7981,-2.6268000002,-772.9482464003206,302.0386407182302,2351.844341861127
312548,6.58089518365,46.3312561966,-448.72883777853264,461.01659082085087,2377.494640345034
311287,6.5815150337,44.1185075505,-571.6263313824927,365.8437956118531,2360.8867297363017
312509,6.58154646371,46.3230331039,-467.17129747511694,445.1743021465601,2374.473547367702
110986,-65.822418585,46.7356095871,79.13539507781906,1002.3503221651032,2538.6316464193396
111077,-65.822503558,46.9482407097,12.069952972513889,929.0868676027063,2510.6068739269176
112032,-65.822698654,44.0811859854,-11.766060285999936,903.202421799203,2501.1435549766484
111086,-65.8351860211,47.1312483168,36.12469011326004,955.2949701897617,2520.423168423735
110832,-65.8354868141,45.5437789955,-76.70974925258251,833.1719855890353,2476.715572169654
111085,-65.8391113404,47.0523422813,-86.70672889180929,822.4645558213534,2473.134127668716
110814,-65.8478939191,46.2310717653,35.01645144230824,954.0857227211073,2519.965085900505
311205,6.58517176401,44.6477455593,-234.60181493063743,667.1276686323531,2425.9026761418354
312902,6.58535656802,46.1023357417,-511.80435885857577,408.85032871874637,2367.9322328036988
301798,6.58538299302,49.3526121586,-607.26222360883,344.22710162970344,2357.6337216271886
301667,6.58541929003,49.3731218703,-264.7296511457459,636.4071255462,2417.634897436596
311214,6.58547617303,44.3889599969,-279.78283279734364,621.2123988380508,2413.6796208957408
301668,6.58568517705,49.3773388716,-549.2709029976766,381.03124761778736,2363.2878114014065
311000,6.58617502909,45.4481039605,-253.35223066379223,647.9618918870193,2420.7021876296735
110821,-65.8670220737,46.0394486985,-141.96610623195804,763.6911948329812,2454.2144789978543
112031,-65.8689358559,43.9227854873,-31.730092013406555,881.5935572181237,2493.4216787350247
111087,-65.8934464689,47.1852378893,-90.24084768717856,818.6843886023728,2471.8795674543944
301738,6.59009619641,49.4688240642,-432.4421906223049,475.3547127926594,2380.3164854345473
111060,-65.9118654714,46.9358582906,6.638368941424872,923.1807669635624,2508.4272356097385
110815,-65.9220900423,46.1031094757,-120.08206603775842,786.8782701926377,2461.528362615113
312546,6.59335314768,46.323449051,-356.4678359730422,545.7640922652471,2395.371142905289
301792,6.5936114887,49.3432338278,-492.4562940545394,424.216203555309,2370.633640024574
312547,6.59363357371,46.3230905929,-333.6861802637971,567.7955535784198,2400.4866711816394
310429,6.59409029574,46.1113657954,-250.25792209752484,651.1144293257294,2421.547948716575
311164,6.59457754778,44.8605874039,-230.4609890005951,671.3797993572414,2427.075462947588
312136,6.59770277204,47.8431607787,-473.06938512657865,440.20305012852936,2373.546543297549
312501,6.59783174605,46.3267814152,-441.4535141517547,467.3831308637497,2378.7373665189025
301795,6.59813796108,49.3396140915,-526.3510055787755,397.7264333739128,2366.0369362420392
311006,6.59820815408,45.5313265704,-215.89516066910662,686.390278021027,2431.270466570732
311153,6.60219851941,45.019050496,-339.04688351677237,562.5792660693556,2399.258197541152
110827,-66.0233553837,45.2732406261,-62.129497996566585,848.8253290442605,2482.0251624599573
110925,-66.027110838,47.8976944072,-95.06420919411214,813.5296311104352,2470.1771046935005
103076,-66.0350708556,18.0353632194,-727.862843217075,302.41981309187224,2351.8933247934115
110816,-66.0552989353,46.0778094676,-136.08566770965348,769.9095791078128,2456.1565967705014
310470,6.60600029073,46.3186219476,-415.8320627320419,490.28256834148476,2383.3424983994237
201878,-66.0604522877,-10.9853263578,-887.6031042626013,338.9039728369807,2356.8623996029064
301714,6.60610326874,49.514602688,-404.8761450842865,500.284166573506,2385.4200290895164
311180,6.60638092576,44.6771546927,-270.7262575752291,630.3410708746513,2416.045184488213
310154,6.60649819777,47.1598236972,-471.607296942664,441.430889495326,2373.774567657577
312752,6.60709767382,45.9145008071,-581.3679752727268,359.6000212981975,2359.9272537887573
110940,-66.0780990062,47.3767096901,-4.533753660594222,911.0468480713729,2503.986986235764
311215,6.60947609402,44.3855560776,-349.78013572133443,552.1938640933364,2396.8442860143446
201876,-66.0977385598,-10.9978893228,-803.3130894597614,306.7591423781056,2352.4552364051124
201877,-66.0978396578,-10.9599999997,-758.3709580940466,301.18741406885965,2351.7351734944073
310424,6.6104401281,46.0356532952,-325.37653724420795,575.9183477665246,2402.4209479505057
301799,6.6104797741,49.514780348,-546.1653621617152,383.2298272421822,2363.6432828041875
312890,6.61073002012,46.0435755628,-557.4591585909586,375.3354839485999,2362.376175245639
110819,-66.1144052472,45.8269650959,-49.50156531643819,862.4164294740068,2486.7059668734414
111061,-66.1144480162,46.8773062148,-93.86511758794185,814.8106280649619,2470.599285085483
110990,-66.1145590482,46.8229011783,0.3030624828413906,916.2976775081371,2505.902213108901
200035,-66.1349999999,0.619444444399,-805.5898841634652,307.27009637601134,2352.521919129385
110833,-66.1356659029,45.7686259351,-47.47115509695753,864.6045231571413,2487.465667968318
312138,6.61441770043,47.83496546,-514.2666884112758,406.9404163893528,2367.603212184935
310157,6.61483655946,47.1983856234,-510.881631261257,409.5687920659679,2368.056389381735
312750,6.61490342847,45.9307693575,-737.4936869421069,301.5909168971106,2351.786884267391
301674,6.61560156852,49.3098641591,-337.3674160399887,564.2114331509965,2399.6414334553365
110826,-66.1768989594,45.7056093998,-113.06257253630679,794.3411993346258,2463.924188934727
312506,6.61819248674,46.2815968705,-343.93039766023924,557.8441396430123,2398.152320431572
311321,6.61830079875,44.1738828541,-217.75567028277044,684.468480946751,2430.72860872349
311203,6.61854131977,44.668436798,-342.37985377047437,559.3458050730869,2398.5020736931087
310434,6.61861522177,46.1608952475,-177.05860683467375,726.7836399905792,2442.98156505841
111062,-66.1902990205,46.855309599,-73.37338025550847,836.7501085613399,2477.9215508233297
201879,-66.2066335568,-10.7976871283,-820.2317308854095,311.06279459706553,2353.020299538408
110818,-66.2106026911,46.0147472304,-124.31797727683511,782.3806111771964,2460.094284494658
310993,6.62289730913,45.5484953178,-205.59662673874894,697.0509761423222,2434.3016516443163
312901,6.62294485313,46.1394822677,-384.34436900717486,519.331808950242,2389.4873918154103
110822,-66.2310533978,45.8483587937,-38.55622222520125,874.2207693680824,2490.824446132606
310455,6.62311498014,46.2520806331,-340.9049772611665,560.7757168338792,2398.8359411280785
311163,6.62336874717,44.885514843,-215.96362466945249,686.3195359271907,2431.2504957845454
301835,6.62338789817,49.4270780998,-555.0610595494186,376.9881683988458,2362.6393180022205
311635,6.62351794018,43.3234689257,-542.0249750763029,386.19291745604335,2364.1255121821455
201855,-66.2354264232,-2.50620714522,-927.0355567010847,361.9606627233551,2360.2881157215556
111078,-66.2506785375,47.2525930148,-20.172039205268458,894.095696407116,2497.8694085542197
103074,-66.2602449873,18.4105107734,-666.4427582588528,316.89165883456474,2353.7979503976553
312500,6.6262592004,46.3388555082,-457.78288686292393,453.1842701552269,2375.988310277096
312539,6.62708631847,46.3393668313,-456.957605475132,453.89389799715275,2376.1237632952393
311216,6.62717402048,44.3853192566,-350.8600118768875,551.1534509727773,2396.604805631601
110831,-66.2861374604,45.3982449144,-91.56636142544114,817.2672930168117,2471.4105883264942
311040,6.63087852579,45.1941615975,-142.50702658832142,763.119652037829,2454.0366890459522
311202,6.63110089481,44.656464378,-375.3171471715691,527.8231559368213,2391.347267086148
310454,6.63133395982,46.2520294201,-260.8758375705759,640.3144289947328,2418.666375471436
312536,6.63139005683,46.335499211,-356.153808126119,546.0652798560766,2395.43978378117
311162,6.63139942783,44.8889288853,-259.39662486103816,641.8159805643694,2419.0643275376297
310423,6.63144955783,45.9775337983,-425.7150541933969,481.36500224748636,2381.5240358320984
311161,6.63161883985,44.897841339,-324.18081245959456,577.0907956379059,2402.7022816544027
310428,6.63177807986,46.0475521111,-424.255066647443,482.6758995702475,2381.789346664232
311158,6.63516214814,44.8939709707,-258.20980813657025,643.0214380577506,2419.3844336233838
312751,6.63548344717,45.9433608995,-646.7402620639054,324.6667816772728,2354.8573177545086
301743,6.63568971619,49.4478451475,-526.3193046120864,397.750248770342,2366.0409396826067
311286,6.6358419462,44.2181635038,-419.8965669788601,486.60276437878815,2382.588239322599
310159,6.63671988627,47.206583494,-404.63724708841715,500.50356103954135,2385.4660514185784
110926,-66.3861521477,48.027751518,-145.77549582621592,759.6678346661516,2452.9654883189123
310999,6.63905531746,45.4439331792,-70.61525505419229,839.7098090494694,2478.922554512581
311880,6.63990022853,43.4517047474,-531.5320850460117,393.860120613117,2365.3900867439734
310152,6.64102465363,47.0475333669,-444.23983780524884,464.93737242330565,2378.2580238765454
311039,6.64344634583,45.1934509495,3.5107310069042654,919.7819246347192,2507.1783456192397
310459,6.64357226184,46.2434580353,-243.62995971232854,657.8810319959435,2423.3761408657406
110817,-66.4485029598,45.8686561653,-73.09678640454186,837.0468470968516,2478.021769898736
301595,6.645572753,51.6477585325,-280.1007438979186,620.8926916374417,2413.5973571385243
310436,6.64559577,46.094409087,-371.89921828130025,531.0557036867491,2392.062839533174
110852,-66.4690750615,45.1692698655,-13.214503535149767,901.632402625808,2500.577024872873
110971,-66.4810742855,46.4859083604,44.3333505980552,964.2570127205523,2523.8336027634714
301713,6.64812946621,49.4104479374,-286.51868163323593,614.4494273057928,2411.9478780798104
310453,6.64831783923,46.2314903644,-342.04679741856137,559.6685776569419,2398.5773668309776
110807,-66.5177990846,45.8481094166,-89.6991746339785,819.26359729286,2472.071461286368
312900,6.65223183055,46.1437218791,-58.45553127129267,852.7763611048889,2483.37914743532
103073,-66.5268866293,18.4351046515,-888.192422647915,339.215483158511,2356.907213250395
500003,66.5469017123,66.6064664702,221.60017387357695,1159.6394395475063,2604.7472233618632
312538,6.65507058779,46.3566668677,-427.9029622704103,479.40481239505516,2381.1286067755395
200013,-66.5561743487,-1.63424976007,-925.9540127364986,361.27200323554564,2360.1826048378343
311154,6.65585346385,45.0141296196,-205.67101402046043,696.9738362167749,2434.2795641068037
310452,6.65677925093,46.2313468203,-408.57013380296667,496.89875192716084,2384.712317560349
311878,6.65687618894,43.4561982307,-493.1345172041135,423.6672395056672,2370.5354664479573
103077,-66.5813013308,18.0690182242,-790.6025781267451,304.3049943792883,2352.136475092689
200012,-66.6012047515,-1.81444372598,-992.988132264454,408.94064531776525,2367.9478286588565
310998,6.66042303223,45.4437998532,-153.51586473193706,751.5049848731867,2450.4497975160666
110792,-66.6100527542,46.1263471127,-96.13516646959545,812.3857914319367,2469.8006279814927
110794,-66.6145720386,46.239777804,-16.187849961958737,898.4105636927586,2499.4171338158067
110795,-66.6225816712,45.9559617976,-16.292976845555785,898.2966776605998,2499.3761999653743
110793,-66.6228015292,46.1811550742,-78.94987751841269,830.7708298957536,2475.9088512429053
312535,6.66479527059,46.3267069432,-324.66181138718423,576.6190526958122,2402.589020159107
310435,6.66525042463,46.094261164,-337.33785900115424,564.2401746520969,2399.648191412381
301791,6.66575686067,49.3860140684,-513.1500278889996,407.805229651112,2367.7520083801173
110806,-66.6827991322,45.6731093822,-24.275639011612462,889.6542913108736,2496.2830820852705
312748,6.6684920559,45.9107267408,-459.3544962389381,451.8353326927714,2375.7313896412766
311213,6.66873124692,44.3892410219,-336.64715556018393,564.9119860024846,2399.806246301262
110781,-66.6978197355,46.0312555838,-88.21231998661722,820.8538129805141,2472.5989262599646
310458,6.67229564521,46.2099417396,-281.72009488725325,619.2649790000723,2413.1791442147933
312316,6.67299724727,45.9191534655,-385.52332164162146,518.2279183732479,2389.247714917554
310450,6.67358548432,46.1858783266,-337.3811097388106,564.1981174863073,2399.6383026682115
311157,6.67434051838,44.9185761447,-203.20320194587262,699.5340094241708,2435.0138188926853
312537,6.67671049158,46.359644436,-414.2482620584095,491.7210347741035,2383.638824129318
312505,6.67712996661,46.2022284979,-241.7812282140748,659.7717577424041,2423.8901048050393
312532,6.67829926971,46.3072506066,-333.02753037943717,568.4377683063084,2400.638657585589
200033,-66.7936383714,-0.193884808896,-776.1035783622701,302.3449382456362,2351.88369813221
201871,-66.7938442974,-0.193702751881,-757.7575219020288,301.17199469020727,2351.7331987797766
312533,6.6805673329,46.3139830982,-301.9988583891765,598.997076917984,2408.0577165038158
312498,6.68148423397,46.1985978686,-364.238298681474,538.3348239838133,2393.6893805527416
311156,6.68150872498,44.9311486518,-225.00195390363302,676.9959311811773,2428.634999066997
311155,6.68153040298,44.9401416485,-91.18398557928467,817.6760483088343,2471.545789143959
310175,6.68260545807,47.4559907397,-629.3443050274302,332.66499308703527,2355.973358398367
110777,-66.8296733894,45.960950724,-42.46957346092479,869.997781565269,2489.3454175316397
110855,-66.8443991666,45.2317093006,-121.33867040402208,785.5435530516154,2461.1020177144705
110782,-66.8446992026,45.9600094289,70.90843764533653,993.3316838829263,2535.084279084814
200011,-66.8478448659,-4.8433963666,-831.8007489258495,314.66482803511167,2353.4991867131903
311200,6.68516886728,44.6057243328,-430.888936350623,476.738036043534,2380.593124174715
201865,-66.8521192862,1.21546835671,-746.1285910145536,301.19216578260443,2351.735782052503
200024,-66.8525000003,1.2152777777,-812.5505639718397,308.96456030748874,2352.7438380289686
310457,6.68529654429,46.2021701509,-385.80179607072193,517.9673484687045,2389.191210836207
312053,6.68548777631,43.6146354998,-527.3261621046231,396.9947826546723,2365.9140570427135
110919,-66.8895414343,47.8354350381,-59.34862655306284,851.815673297783,2483.049417376351
310141,6.68911517761,47.218261269,-485.1674531348608,430.1609226914563,2371.704637442877
301581,6.68954285964,51.1604791932,-429.20495532506453,478.2407988676115,2380.894522980557
312503,6.68962151965,46.1980502816,-347.7435634383132,554.1582673111697,2397.297614624976
310996,6.68968444365,45.4477373905,271.01498977829476,1214.598944314009,2629.675847587681
312504,6.69004312668,46.2021513719,-278.7968446778326,622.2042785634986,2413.935092772796
200007,-66.9193773568,-2.8310620161,-844.961061812365,319.3871318495854,2354.1352144361604
110928,-66.9274993385,47.9767097688,-40.37993950370782,872.2524095918851,2490.1342802941635
301591,6.69301952693,51.5640620576,69.35405132974486,991.628641781482,2534.417453983986
301759,6.69314947594,49.3896254597,-550.0160097499692,380.5068414059735,2363.20331842481
110929,-66.9437535278,47.9732944955,-46.854844832730265,865.2688481564644,2487.696655029969
110930,-66.9479684312,47.9062715759,42.10550033357389,961.8237913814878,2522.9049672004576
301742,6.69731633028,49.4852756066,-521.7660395974768,401.1906110122925,2366.621721826642
312894,6.6975174083,46.0848758692,-354.4918441150515,547.6604939181976,2395.8039328075256
301278,6.69758382531,51.4897222404,3.1567651662906826,919.397360246476,2507.037290086741
311197,6.69785582033,44.6769629297,-245.1487584401843,656.32880954605,2422.955215041627
310156,6.69808736435,47.2525699558,-649.5929150463165,323.45439661500257,2354.6904710697872
301934,6.69825027336,49.2519651553,-271.0139155828013,630.0505101021737,2415.9693940812435
311198,6.69827370236,44.6818318471,-94.46608825068816,814.1685674823417,2470.3876060516354
200018,-66.9976139083,-7.71840969148,-755.718564807698,301.1326099474065,2351.728155342581
110884,-67.0012660286,45.2562746447,-241.00846886176495,660.5624939210333,2424.1054589750124
201872,-67.0089220542,-0.243731639021,-791.1427126037015,304.3954105165363,2352.148174286818
200034,-67.0094518832,-0.243526894004,-835.7532731062688,316.01439965200865,2353.6800055752487
312499,6.70224960669,46.360090559,-285.2808659384235,615.6904915721882,2412.2643406703346
312745,6.70227515569,45.9075806756,-503.12721555281854,415.6645558230048,2369.1182939703153
310422,6.70242228471,45.9067502945,-511.14372843620066,409.36456396304294,2368.021075515574
311038,6.70250292471,45.2098333138,-26.272518276289986,887.4940646816892,2495.5140117223364
110780,-67.0266825307,46.1191702451,-75.95937784873067,833.976529024032,2476.986338036658
103078,-67.0519858468,18.2814048208,-839.3359201945611,317.2889674280249,2353.851472949987
310997,6.70631250303,45.4119540225,-210.93514717982555,691.5199214305596,2432.7236319797216
310431,6.70666419106,45.9148702152,-302.87136141193747,598.1300269444898,2407.84218689471
312889,6.70666436906,45.9148967902,-330.14804785102194,571.2487115490881,2401.305802746451
312531,6.70690934708,46.2817717935,-230.3039650765421,671.5411785390196,2427.120108756643
201870,-67.0856717835,-0.139727881415,-626.4683944274057,334.0841908365771,2356.174168949361
312057,6.71021512435,43.6105115925,-780.7631569795948,302.87617879013396,2351.952050432958
311884,6.71041739937,43.6809680273,-592.6648468454692,352.66665522444254,2358.880717112351
110854,-67.1061879292,45.5272530881,-82.23384247691286,827.2527021002707,2474.730591597696
310054,6.7107490594,47.8310999177,-387.6919059610938,516.2005362507832,2388.8087955051733
201854,-67.1129856078,-2.97270330682,-935.4468882041886,367.41609287206603,2361.1308843769457
312888,6.71436412369,45.9438147606,-485.60056311371403,429.8054125793912,2371.6401836155123
312743,6.71454459171,45.7889772627,-455.4989919615243,455.15023649493827,2376.3640726199096
311326,6.71490446874,43.7938480207,-397.62562688742474,506.96675915687354,2386.8304847113263
310992,6.71500321775,45.5688270045,-187.3870161152681,715.9917889318041,2439.792759575093
312502,6.71516456376,46.1684830841,-273.75142035909323,627.2873734527476,2415.250280354094
301277,6.7167999999,51.2598000004,-11.321833852795578,903.6840031103836,2501.317501904724
311879,6.71833752902,43.4317076717,-1013.6180389157487,425.34999388139113,2370.836790070582
301633,6.71885319407,49.5232713727,-515.6631381089851,405.8620394167614,2367.4181005679616
110740,-67.2063150655,47.1767536456,-14.137580933283267,900.6320250803483,2500.2164931176685
310449,6.72224764035,46.1812200122,-304.6120353639884,596.4015078947705,2407.413389195224
312497,6.72266077838,46.2775793462,-295.17866861324273,605.7891296345791,2409.7561987555305
301631,6.72280022039,49.3399699576,-473.67586652369914,439.694616339617,2373.452300657278
311962,6.72301239841,43.8433903868,-256.9878529331399,644.2632494224682,2419.714777078836
310447,6.72302415441,46.2573891175,-268.6057717019887,632.4841730558777,2416.605200901351
310451,6.72324973843,46.2104723626,-318.97381278180194,582.2067583528441,2403.9361841215773
312315,6.72461923154,45.9274155722,-369.43002365019436,533.3968017667675,2392.5836695907415
110779,-67.248099342,45.9606094189,-16.70707653280246,897.8480930641837,2499.2150099733863
312530,6.72728920676,46.2644437121,-202.3475822829074,700.4221508588794,2435.2691139319822
311964,6.72764122579,43.8571179739,-414.4888899698004,491.5023241108569,2383.5937158969973
310160,6.72789408181,47.2609398355,-503.7639169646476,415.1602001606813,2369.0298562185194
100004,-67.2980373631,45.1687180464,-0.27865888422617857,915.6659688921667,2505.6712941733826
110877,-67.2980701961,45.1686092774,-245.80839911355048,655.6549565915924,2422.772768948918
312744,6.73069115405,45.8548265922,-265.51386550092866,635.6128681588993,2417.4259422010145
201867,-67.3144832125,0.371666699898,-657.0704165928446,320.41405991151834,2354.2747583165105
200027,-67.3145849055,0.373182723023,-719.8410087398913,303.4171731629085,2352.0217789866347
311963,6.73155804012,43.8478784351,-424.8138088591588,482.1739452920794,2381.6876750270617
312747,6.73169595413,45.8600973806,-319.20498797088726,581.979272348658,2403.8810996596226
110875,-67.3187993248,45.139859273,-286.1767749112268,614.7921524048418,2412.035210878121
301843,6.73196050815,49.1772924611,204.92576491009063,1141.13514041628,2596.561933894542
312529,6.73246857119,46.2650442371,-185.7000359021639,717.7521255922767,2440.3099355716095
110883,-67.3310993289,45.1317092704,-304.8208530523299,596.1942630759858,2407.36205569125
312746,6.73542885444,45.8487613327,-238.44611102842043,663.186232408341,2424.821735038115
312496,6.73545089244,46.2853187618,-318.29108055283695,582.8787846241105,2404.0990298700594
301578,6.73595264648,52.6071662329,-653.8284015589177,321.70756971178895,2354.451152236365
110880,-67.3606685413,45.1354922407,-213.96814463458875,688.3821249180156,2431.8335505876885
110764,-67.3895279877,46.3143047392,-90.2716280312401,818.6514772348057,2471.8686674328014
110741,-67.3896994417,46.9181095802,11.086474770860427,928.0171409146602,2510.2112026060086
311192,6.73900233673,44.764718974,-162.57907525708194,741.9686400886573,2447.542018175029
301634,6.73971360579,49.5189378124,-531.3834389933908,393.97031928263584,2365.4084383744266
110872,-67.3978609484,45.1561299254,-229.69732926593525,672.1647317839568,2427.292708865472
301276,6.74009999982,51.1852652592,-18.447419301423828,895.9631310515038,2498.538452788129
110885,-67.4235197925,45.6149372963,58.23513975500735,979.4551124536646,2529.679186214905
110886,-67.4267950658,45.5688846205,-114.02395105710889,793.3183846149129,2463.5946353297045
301757,6.74321138208,49.4518017978,-467.09439980578765,445.23943160567404,2374.485758919987
311011,6.74327706809,45.5644241192,-397.3242523225878,507.24558769194255,2386.8897239064536
312080,6.74362560312,47.5814646801,-532.2028160512975,393.36341420366483,2365.3074310734423
110763,-67.4687032862,46.3436988776,-112.68215596106064,794.7459872423059,2464.054717755884
110869,-67.4729407646,45.2693651527,-157.37870770662906,747.4375978149283,2449.2054692256083
310995,6.74759575144,45.4603988856,-36.197964260320674,876.7669493846191,2491.7192360678387
311037,6.74772892546,45.2275452633,-8.708439344549348,906.5178045208409,2502.3427019036712
312893,6.74777723746,46.0608492712,-234.5873472587466,667.1425132187796,2425.9067584722115
110918,-67.4852091716,47.6648131609,-48.07381599691283,863.9549790219936,2487.2399710591208
110917,-67.4932719263,47.6691124413,-109.92707615215878,797.6785989937309,2465.0021531734783
110916,-67.4936753843,47.6603110706,-119.93388317203043,787.035690016221,2461.5786896251343
201874,-67.4978045756,-14.5268477118,-519.5376600956063,402.88842199276417,2366.9101268178947
310991,6.75173384879,45.5936154916,-227.62060379710385,674.3004688503288,2427.8850034853494
110758,-67.5313994574,46.2967094698,27.745769666956512,946.1565993265409,2516.973734131218
312232,6.75328414792,47.5010428794,-422.7958854535602,483.98834320125525,2382.055663541887
201875,-67.5356568638,-14.4437923739,-656.644775625602,320.5817092627645,2354.2975810570592
200032,-67.5358333328,-0.344444444354,-791.026700964766,304.3758860814417,2352.1456476768494
311196,6.75380536296,44.668476366,-223.46777218336769,678.5763475305735,2429.07602336469
311885,6.75627120016,43.664523764,-621.7468763296239,336.4716542622702,2356.5138747690985
301604,6.75630154416,52.0938818134,-664.0249935142718,317.7690849956646,2353.9162387893634
301800,6.75630479316,49.3312245118,-524.3761529533546,399.2136860973164,2366.287394849723
110759,-67.5689687615,46.1605182165,-35.91401426109213,877.0735933413391,2491.8271521102683
312618,6.75885550738,43.9686477471,-409.8610601254998,495.71879185188544,2384.46673041424
110762,-67.5941115916,46.5770101529,-186.70733181639682,716.7009171316855,2440.000957474132
200026,-67.5972823179,1.07323178895,-644.4312251464943,325.66901665726004,2354.9957062100534
201866,-67.5975753529,1.07311150194,-613.2726926852865,340.93160934253126,2357.1548167454275
310448,6.76053573051,46.2938398215,-224.27209514448526,677.7476722102966,2428.8446584834855
110756,-67.6061498436,46.4605563313,-30.459285614951533,882.9670399790336,2493.9076289122295
311883,6.76069886353,43.6686664123,-505.0014069558391,414.1818816328297,2368.858606783063
310135,6.76079557154,47.3438231814,-490.4938322317832,425.8087083515852,2370.9191306253633
110755,-67.6183023086,46.4312066779,37.466048333579316,956.7588103855247,2520.9783595079916
312510,6.76211575865,46.2139513499,-262.49555788558627,638.6713940747326,2418.2319197022116
311212,6.76484184187,44.5188516577,-193.23016340565025,709.9017874886484,2438.0125134496047
301816,6.76709957506,49.3399644936,-231.97252372378716,669.8268408401542,2426.646341057383
110709,-67.6724995431,46.9600095796,24.54427637508801,942.6675363488118,2515.664236726201
311193,6.76849432917,44.7434980742,-293.9498036136099,607.0156163602027,2410.064817875743
301629,6.76863834119,49.3686025599,-374.28999682925786,528.7936028619886,2391.5616534568044
312887,6.76888435221,45.9278698862,-160.57982767375879,744.070215864979,2448.1799268016716
312233,6.76904293922,47.4896807405,-449.0164403627845,460.7662267166671,2377.4461052860897
110765,-67.6976231942,46.1980945366,-165.21753826605595,739.196928819956,2446.7032037895683
110710,-67.6982594342,46.9265694579,24.069311588488432,942.1500330567418,2515.4703640961666
110752,-67.7061499569,46.7355841951,19.05879285246906,936.6927454857832,2513.4314725695185
310174,6.77273242952,47.484636978,-471.7851874124024,441.2813401163277,2373.746761765489
312071,6.77294852154,45.9147719622,-182.67407787683172,720.9119711491373,2441.241188003229
110868,-67.7309664839,45.6606488271,-170.76847658396966,733.3724295497015,2444.9498130393017
110728,-67.73131314,47.0940553267,-236.91123901775583,664.7591661910614,2425.252402718595
312204,6.77324801657,47.5018669695,-377.0878845469982,526.1521933983804,2390.979004189541
311190,6.77345331758,44.7437293123,-221.1670594951436,680.9480857280175,2429.7396492863045
311036,6.77357133959,45.2310652076,-109.17866801131998,798.4755435464667,2465.2601610173133
110708,-67.7390590496,47.0560858426,-223.458064391527,678.5863507613417,2429.0788178436856
110734,-67.7392548346,46.8269712646,-158.37221056616957,746.3921770379498,2448.8866347384746
110731,-67.743241087,47.0479870519,-128.44984066688318,777.9977558809588,2458.70392199083
110736,-67.743342174,46.8228457363,-218.4433513220754,683.758473797753,2430.5287734045683
110753,-67.7443995391,46.4394094896,-147.1463630639085,758.2209344293409,2452.517778378821
312528,6.77662837085,46.2934255865,-180.5815841899876,723.0987656575974,2441.887854253922
110735,-67.7688829061,46.8103668053,-160.46570936999532,744.1902103087086,2448.2163991315397
301583,6.7772455169,51.1853872002,-373.2838049985156,529.7450776203679,2391.7722122142595
110737,-67.7725272074,46.8061840239,-261.85827532609454,639.3177062911112,2418.4026954654614
312189,6.7773193369,47.4815713528,-710.8863987940904,304.8564633889276,2352.2078843349045
301832,6.77750002792,49.5059936383,-792.2350728871712,304.5820551848011,2352.1723355651216
200016,-67.7848361304,-9.95639249565,-969.6526234918948,391.2841110567084,2364.9625205112065
110757,-67.7855848795,46.4482019803,-186.2351594790854,717.1936325311748,2440.145728107349
110733,-67.7885995747,46.795009549,-186.93120639442333,716.4673276792672,2439.932355515036
200017,-67.7933036391,-9.98126999271,-900.2675757738772,345.8289577538151,2357.868133691614
301771,6.78055540017,49.2807062426,-228.1469068917254,673.759050334855,2427.734690151584
312229,6.78158228226,47.5482797513,-31.718147123841437,881.6064658964292,2493.4262428569396
301854,6.78187549928,49.3101267831,-455.5835625094319,455.0773197902542,2376.3501078007766
301853,6.78287452936,49.2907137935,-174.60596883885597,729.3512796677323,2443.746663836135
100003,-67.8319392853,46.7736187052,-224.18110520026318,677.8414045638838,2428.870815337535
201873,-67.8357482156,-15.4935584848,-586.4994239926513,356.4086755425142,2359.4430723921378
311005,6.78540868957,45.622739773,-166.4765800323429,737.8750293820669,2446.3041566499596
310161,6.7856942726,47.2936681142,-421.9815354141647,484.7217808834046,2382.204792355196
310461,6.7857403926,46.3686024807,-487.46216491662824,428.280585502669,2371.3643178085886
301635,6.78585754361,49.502085841,-345.79715893959667,556.0384288045071,2397.7329296993585
312203,6.78928269489,47.5064977679,-378.5302944189683,524.7929642239828,2390.680263681507
311886,6.78947363891,43.6435806982,-516.4107127241869,405.28617682748165,2367.319444642974
312230,6.78957102292,47.5351333582,-213.74529333128112,688.6125618917665,2431.8987907091087
301670,6.78972591593,49.5060573133,-517.8442264935541,404.18474856059436,2367.1311283548007
311195,6.78985127394,44.6522935977,-319.76286436754566,581.4304326828321,2403.7482846394355
100001,-67.9273612252,47.1601807342,-28.529017393453856,885.0538041326886,2494.6472103419806
110715,-67.9312927975,47.193623627,-106.43379164441565,801.3995589097782,2466.2087747954492
310155,6.79339870423,47.2981126126,-569.7050563210353,367.103024732042,2361.0821880283406
100005,-67.9355420529,44.6060839859,-192.96663849864737,710.1762013350477,2438.092431553808
200006,-67.9355555559,-3.10166666749,-943.1817264836988,372.58387435920855,2361.9405604904205
301763,6.79383922527,49.273025421,-337.5818011225247,564.0029808383156,2399.5924300288552
310164,6.79397468028,47.4519635353,-594.0984900434846,351.81129210102915,2358.7529868782526
312202,6.79702016053,47.5057281158,-287.22588795394984,613.7407200395278,2411.7674305977184
110729,-67.973599663,47.2156096148,-20.89652857830601,893.3113611122941,2497.588768342295
100002,-68.0024586084,46.8479089414,-48.0921418201416,863.9352286216558,2487.23311072984
312231,6.80178082893,47.5212660311,-280.42193148893574,620.5697408349944,2413.5142989212422
310462,6.80181251393,46.3938222858,-533.372126765219,392.4996077784944,2365.1639287718626
301933,6.80183926193,49.2652017374,-170.59882810239174,733.5503010401673,2445.0031721888217
301754,6.80443745115,49.3519243955,-311.17742948643786,589.8974912807882,2405.810366191951
110712,-68.0471769841,47.2603255615,13.852565892941705,931.0261792061594,2511.3251908553184
311324,6.80569970925,43.797535051,-272.64990583823555,628.39876681544,2415.539169210975
311189,6.80794778944,44.7601756926,-249.98461652238785,651.3930787064106,2421.62288782624
311882,6.81008935862,43.7226483898,-466.9268538046937,445.381364628369,2374.5123768503527
311034,6.81048758665,45.284425901,-157.9008029407442,746.8881838175073,2449.0378574010438
310163,6.81079421567,47.3189760383,-500.05743874253073,418.1056957399632,2369.547813543226
311923,6.81092020268,43.9520275198,-331.1599475187786,570.2602860927902,2401.070857295118
110714,-68.1353302554,47.3355569847,-25.2582822969447,888.5911813664811,2495.9043962979754
110730,-68.1356895484,47.3106618656,-69.71511421132067,840.6760700662405,2479.2500322959163
311035,6.81444853798,45.2682321547,-48.891203095857946,863.0741122459286,2486.934134850857
312570,6.81490992601,43.7690199016,118.11909707964455,1045.1914322839827,2555.8500734544514
301636,6.81548867506,49.4947542274,-432.69134549300315,475.13306623997244,2380.2722320129437
311965,6.81659619515,43.8598209421,-383.05368219332183,520.5416834575808,2389.7506380528775
312188,6.81752508823,47.4854668501,-515.9220151054633,405.66251080143843,2367.383902227733
301844,6.81917374337,49.2276694473,-153.46362105275864,751.5600239830942,2450.466677493647
312527,6.82160503557,46.2776655812,-258.4690480833134,642.7580720204912,2419.314449798699
311188,6.82261176665,44.7562101413,-410.60834428625316,495.0364918538498,2384.3249770373686
312892,6.82277626466,46.0738399843,-204.5889912206095,698.0960911086278,2434.6011213910233
301642,6.82338481972,49.4976543166,-576.2585462917107,362.84511964925133,2360.423912925507
110725,-68.2345423396,47.3560865324,54.84712246307404,975.7488534524003,2528.2464857823807
312611,6.82617924195,44.0308878423,-263.2037772952738,637.953359159572,2418.0423810016778
312227,6.82757510406,47.7731458249,-270.76203640599806,630.3049288409755,2416.0357553601125
310990,6.82769900407,45.6148689043,-20.102939827540553,894.1705082910447,2497.8961879459175
110713,-68.2773513481,47.3676393144,38.11544486543399,957.4675930935226,2521.2474411849357
301641,6.83004628427,49.5228867847,-532.7460925401958,392.96174287274795,2365.2406641225475
311887,6.8303995923,43.6218227884,-429.8027727471138,477.70695703392425,2380.7873497345145
110684,-68.3226660699,47.3642799821,-5.243060820200405,910.2771371642542,2503.707038433457
110677,-68.3301288675,47.3603509098,17.201943777310184,934.6712548236931,2512.678814025179
110675,-68.347935617,47.3896026552,-62.82367272184526,848.0791004742424,2481.7700595579927
311187,6.83539671971,44.7356196426,-388.2334269108939,515.6949127520184,2388.6995857360535
312526,6.83540802471,46.2649579051,-271.06681236955296,629.99708384776,2415.9554618233265
301640,6.83545234971,49.5428605863,-521.6585190098001,401.2723206414525,2366.6355746439413
301762,6.83549276072,49.2352080729,-101.32272492354652,806.8488505390932,2467.9849139477205
110680,-68.3852006461,47.435643525,-11.221643558762999,903.7926228102265,2501.3567464285197
310420,6.838883418,45.9061039264,-265.03435221610596,636.0984882917701,2417.5536715167996
110707,-68.3899954285,47.2982371656,-144.50961749720372,761.0043793385698,2453.3797368588835
312201,6.84350653038,47.5065319699,-270.66167613614743,630.4063094525472,2416.062205915829
311888,6.8437321564,43.6064858672,-408.9215430230064,496.5773875849606,2384.645376092216
311184,6.8437837884,44.7729612657,-316.9128381416549,584.2362734380257,2404.4285165207207
310173,6.84381728341,47.5196115419,-513.7485050228044,407.34145575578265,2367.672175246084
310166,6.84423005444,47.4730074521,-780.4180016560754,302.8336087991252,2351.9465687969155
312891,6.84432746845,46.0932475929,-315.8486250012206,585.2852432726834,2404.6836140852392
311889,6.84443206546,43.6141525808,-479.5216485315214,434.82076214814947,2372.554227631558
110683,-68.4770420037,47.4900261755,-45.417865281692514,866.8180508273806,2488.235921510953
311186,6.84837496878,44.7105808415,-394.2348010267378,510.1087015130487,2387.4998126108007
310142,6.84876934982,47.3231190117,-427.3860803845669,479.86742956086175,2381.2217909742535
110687,-68.5104252944,47.3020183619,-80.18109229216788,829.4515577286846,2475.4664922951038
312980,6.85259526013,47.7225233407,-384.14893416964975,519.5149159003082,2389.527195011638
301626,6.85300992117,49.4151340078,-576.3332582625421,362.79719233494353,2360.416545998481
201868,-68.5353739335,0.130087442909,-601.9374829529851,347.2354042875177,2358.0748278729407
200029,-68.5398158619,0.131490645025,-681.4843290259355,311.934455544638,2353.1356893331103
200015,-68.577222222,-9.04388888915,-974.4875014342884,394.8574669654149,2365.556358888037
110706,-68.5853396006,47.2872096107,-133.15479567232683,773.0122923141545,2457.130943178663
110696,-68.5853622976,47.2813418672,-149.75020353479044,755.4741015197485,2451.6699586046147
312200,6.85999643274,47.5185769739,-476.4311118966814,437.39135873895987,2373.0266893899015
311185,6.86009675675,44.6980371285,-352.7118066145123,549.3712743717483,2396.1955815338033
301621,6.86019357176,49.4862203557,-500.2752139121431,417.93200461921845,2369.5171719872214
310171,6.86024890777,47.5535103117,-283.70091345215013,617.2757331721742,2412.6694341787747
310172,6.86056282379,47.5436198729,-282.7243031821675,618.25624965118,2412.920483167654
110674,-68.6061316954,47.2479154675,11.103755239285142,928.0359355847048,2510.2181509968136
110705,-68.6066998864,47.2553096041,-165.15211162927608,739.2656347627232,2446.7239620763135
100006,-68.6437497835,45.2562592587,-161.8899899612227,742.6928631110662,2447.7616625752994
301703,6.86473391214,49.5398518461,-467.98802745502496,444.4830588235168,2374.344047824239
301753,6.86493094215,49.3566986249,-377.81488685648384,525.4669009141976,2390.828294088401
310989,6.86516261017,45.6020509853,-24.93108177641487,888.9451573810383,2496.0304406574214
110704,-68.6520422091,47.2439119511,-135.916763225833,770.0883256938332,2456.2126327391147
311033,6.8654731562,45.284476304,25.66299732897435,943.8865789738878,2516.1212891719492
110693,-68.6688039325,47.2395950768,-39.13835415897791,873.592402410632,2490.603973619022
301627,6.86748403736,49.4019331647,-422.12214834421206,484.5950890566325,2382.179016823691
200025,-68.6856827389,1.33583219367,-737.575473620362,301.58560922096683,2351.786203621933
301891,6.86862392446,49.2562855036,-329.00735600803984,572.3637307381158,2401.571299820544
311966,6.86892064648,43.8728931702,-348.28641050105045,553.6343699995346,2397.176564940944
301620,6.86919758151,49.5101537666,-618.0747579394153,338.37705581874303,2356.786689490978
100007,-68.6976688239,44.8272759862,-304.92745186057994,596.0884767057232,2407.3358593928333
110703,-68.7057895126,47.2515991918,-137.3810275537158,768.5389878403862,2455.727314603152
110702,-68.7157999234,47.2403095988,-70.08736730761746,840.2764531274611,2479.114556759681
312571,6.8727707698,43.785469808,-368.5050729252574,534.2750113235867,2392.779608652268
200004,-68.7501505943,-3.40611316968,-868.8122551573796,329.5478650687649,2355.5352392245513
201852,-68.7505948653,-3.40627740369,-932.0433954136593,365.18761608459505,2360.785136940427
110678,-68.7607443751,47.2395054338,-97.8171502549163,810.5898607846527,2469.210479133799
301884,6.87734518218,49.272470811,-46.10570594246698,866.0764446521392,2487.9776678737635
301619,6.8788243213,49.5105884407,-469.7636236545307,442.9834218378937,2374.0637691267884
110686,-68.8174999578,47.2111095904,-28.23133666474311,885.3756766903058,2494.761422808221
301622,6.88254574261,49.4774287579,-441.9635713461264,466.9347308486996,2378.6493038550325
110700,-68.8321999621,47.2028095887,-36.23502971660899,876.7269226269148,2491.7051520427017
310165,6.88573631287,47.423463921,-467.1206459355027,445.2172012093735,2374.4815906024605
110692,-68.8814617671,47.1855528953,-178.0976348285024,725.6964582952888,2442.658350535254
110679,-68.8853475875,47.1895882706,-115.4166520028249,791.8370779179173,2463.118029210713
301618,6.88958990219,49.5277532321,-588.6134388057073,355.1141016382383,2359.2478659605936
311998,6.89019330124,47.4144810042,-773.9794452847939,302.1339839685192,2351.856588341638
110699,-68.9096866095,47.1690414369,85.42959936696943,1009.2556697323837,2541.366064687306
301710,6.89388261755,49.5594597297,-643.2801063582953,326.1755806987475,2355.0658116709706
110681,-68.9393866219,47.206412764,26.464556423636004,944.7601278895099,2516.4491187200833
311890,6.89793937588,43.6099324584,-447.5761495565236,462.021044061499,2377.6896166263923
310169,6.89821066791,47.5263583885,-478.08063638029097,436.0176259234331,2372.7738699617353
301617,6.90138789217,49.5315000234,-583.9825974209236,357.9653408807106,2359.6787182006633
301879,6.90700596563,49.3107142071,-92.47561626076414,816.2954393053727,2471.089377600097
312314,6.91004793589,45.9640107602,-264.7719909582673,636.3642361958161,2417.623607794722
311183,6.91032651991,44.7938847264,-178.52135035638776,725.2532028043943,2442.5266991448248
200028,-69.1270013994,0.47345756332,-722.9455965271467,302.99826274045745,2351.967775094084
311893,6.91331914616,43.6019211058,-598.0653235167248,349.4741499268625,2358.4055311426796
311891,6.91405335822,43.6180240561,-501.0142508683469,417.34315145972005,2369.4133818157634
301659,6.91445966225,49.4109474114,-509.2702889581982,410.82698891173777,2368.2743258912315
310988,6.91452036626,45.514395426,74.00307836644741,996.7231629386392,2536.415094458257
301720,6.91900647063,49.5857651839,-351.7875669142691,550.260458934158,2396.399599508336
301861,6.91901692263,49.3313779388,-97.8998411792651,810.5015843073696,2469.1815012311345
312211,6.92214879589,47.5518660596,-375.60858473895587,527.5479634846571,2391.2865410975096
301718,6.92248309491,49.5646419591,-566.8736841716393,368.9750194685165,2361.3739714092458
311924,6.92294147595,44.2638569476,-212.27929300670513,690.128917230774,2432.3285942190055
301699,6.92306240396,49.4185643401,-416.061511825575,490.07438523307616,2383.29968130717
311892,6.92313704597,43.6147907648,-373.5616460418088,529.4822638987621,2391.7140162738187
311894,6.92316870497,43.5931970001,-453.01356046148777,457.2972167475633,2376.776222596976
311897,6.92745079333,43.5890810467,-517.5904664935033,404.379452052341,2367.1643815120724
301860,6.92752295733,49.3357960572,-399.4983501467319,505.2360137642114,2386.4634707997593
301862,6.92772704635,49.3275845715,-341.33427251033567,560.3593565045477,2398.7386427619563
311896,6.93053882158,43.5932322821,-665.8217970553668,317.11491644266215,2353.8280179502744
310419,6.9307968376,45.9896454863,-537.5821235871599,389.4121280511931,2364.653520778603
310467,6.93131357065,46.0318303928,-218.56077484203382,683.6372557397387,2430.494675018368
310168,6.93464675092,47.5480316393,-624.9879899607325,334.82512504146644,2356.2793408711786
311925,6.93592452403,44.2492334773,-403.82769658153967,501.2474255094481,2385.622235274716
201869,-69.3810957105,0.206208333208,-711.5863370048353,304.73167251843205,2352.1917141451636
200031,-69.3815192145,0.206260680212,-762.0682161956347,301.315299813058,2351.751555279323
311182,6.93897322328,44.7812270534,-300.086102773247,600.8993611694664,2408.5316087008605
312620,6.93990157836,43.6102698655,-491.2844656596276,425.16639957060164,2370.803858437283
312280,6.93990419736,47.5068525739,-333.952810842622,567.5356569011046,2400.425210189114
312279,6.93994916536,47.4979156411,-462.4958293587499,449.1487244758327,2375.2218937513076
310469,6.94361963966,46.0477764872,-255.15330451928034,646.1288638648057,2420.21217594171
301716,6.94723049496,49.610965979,-583.6482861127379,358.17336368622614,2359.7102844017923
312572,6.94937525114,43.7891751343,-491.0122738063268,425.38741778272606,2370.843504549623
301654,6.95047948823,49.4103020374,-440.2948011067125,468.40290906667565,2378.9379464541325
312210,6.95079023126,47.5395892846,-450.0372508315896,459.8784091813172,2377.274199390643
310153,6.95204581736,47.2638408668,-461.9164797247284,449.64323522070805,2375.3154541738295
311898,6.95225771238,43.5519575747,-413.86087002926524,492.0732643676162,2383.711510515206
201853,-69.5313616289,-2.94121244821,-943.7796434882499,372.9892021728492,2362.004532763394
312226,6.95583788867,47.6227681545,-540.9293250204738,386.98302892765327,2364.2547097415927
311926,6.95607434969,44.2275853406,-474.23088854014526,439.2297771654109,2373.366230695562
312225,6.96114842411,47.6819643234,-359.21503078292784,543.1323412080031,2394.772892765276
301661,6.96445825639,49.406338231,-611.8869072209835,341.68184473066157,2357.2634453696155
301660,6.96489539342,49.3978789533,-325.1275797076818,576.1623851275607,2402.479461284355
301658,6.96510280944,49.4440239982,-408.66952805231733,496.8078434665642,2384.6933767650676
100009,-69.6814483853,44.4726905408,-156.32989894528552,748.541522065793,2449.5425854869018
311967,6.96857812773,43.8685644388,-342.4800618551651,559.2487059730448,2398.479431429381
301662,6.97260181606,49.406177205,-373.9107991386418,529.1520835122108,2391.6409419774104
311032,6.9730537061,45.3096894681,-80.9584005666552,828.61881966977,2475.187592116647
301614,6.97335558012,49.5526795782,-375.399383576485,527.7454964810801,2391.330127128696
200003,-69.7607414179,-4.3587293975,-827.4277505696559,313.2417533382868,2353.3093430086337
301693,6.97650854038,49.260743086,-256.6417045579254,644.6151443588485,2419.8084949421227
311181,6.9766837094,44.7683126643,-163.22883929445612,741.2858710285559,2447.3351242614585
312573,6.9767326884,43.7933591266,-465.9434097018268,446.2152350466239,2374.6689251019807
301789,6.97684498641,49.6144336673,-273.60890715532446,627.4311316545567,2415.2876211388575
312574,6.97686191241,43.7809055656,-450.02940878738747,459.88522466480885,2377.2755178401776
311902,6.97707503843,43.6477553266,-374.57159013241596,528.5274695038872,2391.5028233053513
312206,6.97715735244,47.4904041325,-455.47203809217035,455.173478025151,2376.3685242307843
312579,6.97774321749,43.6976142537,-628.562889223692,333.0479541504346,2356.02746325697
301577,6.9779451935,52.4950699236,-766.5948365651618,301.5534163789004,2351.782075530611
200030,-69.7853011879,0.247776762647,-772.9571914660532,302.0394478830535,2351.844445522446
301615,6.98076085674,49.5395943891,-544.4971336067382,384.41935932425815,2363.836439282666
301653,6.98115958977,49.4145046887,-347.04384889644035,554.8338622851982,2397.453874967273
312614,6.98133111878,44.051920941,-419.34527230308987,487.1008807723246,2382.690020944071
301275,6.98137718479,50.9106336015,-41.197292509027214,871.3704254775577,2489.8254730511176
301696,6.98205680484,49.2432842926,-442.4296422770221,466.52526772710337,2378.568959119144
312575,6.98527330911,43.7641812642,-433.42038527524795,474.48491603461906,2380.1429375988455
312613,6.98559978314,44.0687393544,-461.93609163853876,449.62648799366076,2375.3122840087353
301821,6.98575732015,49.3478096142,-375.5780200701418,527.5768211853551,2391.29290763581
200009,-69.8811111108,-6.68128257767,-919.3474766011481,357.1305661601544,2359.5522264071956
100008,-69.8848789022,45.0515545607,-43.58548523182086,868.7940844210203,2488.9249946477375
301610,6.98945198346,49.6482156301,-455.26479645514996,455.35220724041017,2376.40276478883
301831,6.98946612946,49.4857426756,-482.7703211472481,432.1336525656678,2372.063228823597
312616,6.98968104347,43.9517936587,-549.8764258934698,380.6049887374867,2363.2191234223596
311903,6.98977592348,43.6440398133,-382.35299885411246,521.199089249926,2389.8939220166726
201851,-69.9102226363,-4.29793189547,-784.1844911772206,303.3259139048325,2352.0100080364205
312209,6.99343825879,47.5228976472,-216.77163838221713,685.4847675480576,2431.0149802906803
301613,6.99354079379,49.5896321192,-469.5708973510235,443.1459855017763,2374.0941077226958
312612,6.99377813281,44.0897807302,-426.88761038739483,480.31384233500364,2381.31179289817
301701,6.99386004282,49.5397163021,-491.2024825331301,425.23295724309503,2370.815795413678
312577,6.99394834083,43.7192341825,-478.5427780064306,435.6334559292554,2372.7033054687113
312207,6.99432059086,47.5061831218,-516.9478011067085,404.87307438625476,2367.2487563034565
201849,-69.9477341004,-4.23457103322,-711.5020066278104,304.7465977419324,2352.1936477876484
100013,-69.9744186896,43.918531399,-56.2968438293253,855.0990611082168,2484.1777054320078
301783,6.99751960512,49.2401496693,-277.48033893129985,623.5294046980822,2414.2769904011484
301833,6.99782890415,49.4686132702,-422.94560266632107,483.85357783317914,2382.0282854406346
312652,6.99804679917,43.9602485654,-466.25708691800116,445.9491234532328,2374.618935443325
312615,7.00103148341,43.9894083368,-427.88656254904123,479.41948593529906,2381.131561117896
312617,7.00142893945,43.9439671271,-315.6283672964543,585.502430800061,2404.736485424144
312578,7.00157500046,43.701768684,-564.34894683869,370.6604226537945,2361.6379097522913
312065,7.00171998647,47.5058886838,-1128.6611052121268,527.164047853808,2391.201873787927
312223,7.0020538545,47.6729640796,-302.709987964139,598.2903597386552,2407.882020036175
312216,7.00243805353,47.5222824292,-371.52835663002054,531.4070159768077,2392.140857994499
311904,7.00254985554,43.6395856509,-560.3853987850339,373.3365010388107,2362.05940036765
311913,7.00581432481,43.6982165728,-527.6088355369785,396.7830355988823,2365.8785355965224
301611,7.00597835882,49.6395359513,-416.7396417976666,489.45941990394164,2383.173302886298
301655,7.00662946588,49.4948225244,-458.814890237572,452.29812477400293,2375.8194505330916
311968,7.00946623911,43.8683478968,-431.523218168095,476.17282295387537,2380.479998902983
310167,7.01065597121,47.5022289665,-267.2182618533027,633.8876359216046,2416.9729007234573
311905,7.01116343825,43.6393856249,-714.3324153854932,304.26214481705273,2352.1309318628405
312580,7.01388974748,43.6984191508,-536.2995506974407,390.34895495361894,2364.807978354831
310987,7.01450517553,45.4521592949,-142.31230915218194,763.3253836831462,2454.100672187738
301664,7.01866363187,49.4194046521,-467.99888989691414,444.47387147013876,2374.3423279461904
201850,-70.1895165994,-4.35976656258,-756.2413607146598,301.1409688449013,2351.7292256920496
301652,7.01913401891,49.4066971221,-230.67530426279185,671.15955555238,2427.014548136568
100011,-70.2064326548,44.0731455038,103.14980450154792,1028.7209474395615,2549.158931011998
301697,7.02675268754,49.1974340288,-334.8783014197248,566.6339022445258,2400.212167086514
301692,7.02791271364,49.3064465998,-175.6517198744891,728.2562660132504,2443.420073758265
100014,-70.3019546667,43.7268608231,-112.01167021308132,795.4595116589092,2464.2849475143726
312215,7.03187701197,47.519832082,-453.25231998444406,457.0906321422643,2376.736483889095
311981,7.03200083298,44.1896665624,-223.72999392307312,678.3061592336588,2429.000558565518
311031,7.03491601122,45.3644806086,50.74419270449544,971.2625136625337,2526.5184223162405
301675,7.03534715225,49.2146919112,-418.105961598235,488.22179602078546,2382.9194258235093
301779,7.03548863526,49.2109629539,-381.35752135161084,522.1337957081822,2390.0979411894223
200010,-70.3604549235,-8.16481152741,-904.872847427205,348.4639146893007,2358.2560437106645
203004,-70.3772222219,-33.5980555558,-538.0463812330015,389.073843218377,2364.5978354329095
301651,7.04349080893,49.3854450273,-400.1747018520259,504.61173818590834,2386.3313839809184
301785,7.04380919695,49.2904516605,-209.06792806512945,693.453319779785,2433.2739209901724
203003,-70.4479127317,-33.3729123481,-505.6519712366612,413.66860206889726,2368.768916588302
301637,7.04789644829,49.3605030443,-534.8488052163079,391.4126143534037,2364.9837848349507
301764,7.04834701233,49.6057330805,-451.6255653645957,458.49957951827264,2377.0078528005993
310134,7.04845383034,47.3481322017,-416.0152850445286,490.11632327580037,2383.3083053181913
301804,7.04856148035,49.4445864222,-368.09456226964323,534.6649930088821,2392.8667164316676
301808,7.04870983236,49.2068842105,-205.98716114073127,696.6460121811712,2434.1857230181126
301638,7.05616958798,49.3732382533,-539.7895992498445,387.8075595807725,2364.3898094699352
301809,7.05636711499,49.2353545439,-458.83148869635517,452.28388350763566,2375.81673938417
301691,7.05683692903,49.3277539465,-561.3306507415303,372.69497731744633,2361.9580889539366
312214,7.05809514514,47.5146669425,-407.0501369446354,498.29017830965495,2385.0026351467936
311030,7.0601419233,45.3723323563,30.094683280403594,948.7174242955535,2517.93749307231
311906,7.06082121736,43.6311176132,-603.9097540342651,346.11155663745774,2357.909599093079
311909,7.06172829444,43.6182229441,-323.3471379629305,577.9087691117874,2402.8988770386454
301824,7.06433373465,49.2979867251,-504.4255115006563,414.63684518205434,2368.938197007218
301778,7.06503636471,49.1977550598,-259.1499850206122,642.0664418109326,2419.1307909158268
301773,7.06539676374,49.2065650855,-460.1920329225811,451.1177707596858,2375.5950225054085
312213,7.06816827697,47.5112824332,-399.7521714673864,505.00168565094526,2386.4138723967344
312582,7.06875998902,43.689371148,-574.8693368379421,363.7388354192285,2360.5614603838253
311907,7.06880119702,43.6268319308,-609.0399517087183,343.2411909363297,2357.4899751669514
311930,7.07311784938,44.1768430314,-233.81257830221065,667.9375898847655,2426.125530931644
312219,7.07330580539,47.5149095435,-550.604981827166,380.09317736113974,2363.136748335519
100017,-70.7435056312,43.3151044661,-382.3070446461022,521.2422196485445,2389.9033284636066
301649,7.07678234368,49.4229992664,-516.2146516226414,405.43710705418204,2367.345288637411
301895,7.0770036617,49.5059662753,-418.45449289468877,487.90640070412246,2382.8548264015863
301650,7.0770402187,49.3734003663,-507.85879607120387,411.932825280944,2368.466406855124
100015,-70.7813953823,43.8061260977,6.154679383717085,922.6550377816546,2508.2337982335594
301772,7.08159153008,49.5642972181,-473.28429420213405,440.02282538962567,2373.5131250366303
100016,-70.8521447672,43.4072254227,-404.85172645185924,500.30658917356766,2385.424731788402
312212,7.0854556644,47.4896178435,-177.99004491307136,725.8090187700114,2442.6917938178713
301676,7.08566034742,49.2689419287,-620.779849946391,336.96934156976556,2356.5849878617246
100019,-70.8894448683,43.1802865919,-202.98402950887908,699.7614881361831,2435.0791790280346
312583,7.08955439674,43.6811997783,-523.502015784718,399.8743458515573,2366.398943611895
301722,7.09712334036,49.5682367854,-435.778712236223,472.3923515582257,2379.726665326922
100043,-70.9727784362,42.0354548202,7.011976837917636,923.5868711964122,2508.5767232643416
100010,-70.9770838575,44.389592367,52.117687603304546,972.7641150042801,2527.0960589770507
311910,7.09821892246,43.6227317515,-499.87169356238996,418.25390214144863,2369.5739689897487
100042,-70.9971810022,42.2193253114,-62.23034629464003,848.7169125992134,2481.988087318153
100036,-71.0104170913,42.4729253424,-199.0256843334577,703.8727245670079,2436.263795291197
311911,7.1024021418,43.6147816288,-647.0314190571356,324.5417276199103,2354.8400796707615
100035,-71.0270868187,42.5729253616,-72.35052656227944,837.8475359600827,2478.2923478418893
311931,7.10587320809,44.0892868131,-247.16932337769111,654.2652959283952,2422.3970659892966
311932,7.10587514109,44.0813295665,-361.8121596232737,540.6495409105431,2394.2110170041537
100021,-71.0594449203,43.0980643491,-252.7936512968455,648.5306723668964,2420.8544980766483
312218,7.10698964218,47.5102824002,-397.2416288539304,507.32204462027863,2386.9059731826437
100018,-71.1021736139,43.2522405659,47.22226717026305,967.413227228682,2525.041152154613
312584,7.11092857151,43.6690921783,-675.5104011098678,313.79854167488236,2353.383520086466
100037,-71.1354171316,42.4645920047,-56.5077492859774,854.8720919992697,2484.09958768494
312217,7.11537109987,47.5029427176,-299.17896341650123,601.8022421969732,2408.757025224957
100041,-71.1564535604,42.1602584265,-270.6318677286457,630.4364218442041,2416.07006310765
100044,-71.1604171117,41.9479252379,-201.49783331525154,701.3044512195524,2435.523024148538
100039,-71.1895838111,42.3645919834,-10.206157018197125,904.893638128894,2501.75477698823
311912,7.11924806819,43.6103976555,-1145.291584408978,542.9698836317642,2394.736052759964
301777,7.1192726362,49.1939689725,-321.17316357588686,580.0438257306884,2403.413261930951
100040,-71.2020838041,42.1770919469,-254.99129871716684,646.2936851120832,2420.2561838105153
305051,7.12264430748,52.8398661481,-176.47716132935497,727.392179758052,2443.1626738779496
311914,7.1229214445,43.7561748755,-573.6485431654742,364.52817420895616,2360.6832184029686
100020,-71.2312026375,43.0816073977,-61.43383467109995,849.5732525918727,2482.2810435921265
301839,7.12329595553,49.5063208543,-367.4748657832685,535.2539497345094,2392.9983824824612
100038,-71.260559577,42.2562586274,-194.52278110263958,708.5560958771638,2437.6210141984684
100034,-71.2979171961,42.6479253679,-127.62089506382756,778.8767100274534,2458.9821872637617
100023,-71.3479227542,43.2227657814,-135.30349593790478,770.7373911182906,2456.4162094248422
102550,-71.3521754796,42.7816340779,-233.31682716462163,668.4464620469284,2426.2656780493635
311933,7.13573167856,43.9858570966,-270.949057123162,630.1160195894053,2415.9864788529917
311928,7.13574296256,44.1937158827,-308.6734170463275,592.375169895671,2406.4190844003474
100029,-71.3729172203,42.6395920302,-99.03030764731702,809.294912418168,2468.7856778430996
301872,7.13901953183,49.4403496059,-488.4988675790719,427.4337172845094,2371.2115153501036
301677,7.13912272584,49.2892638714,-606.1704127863316,344.8372180867412,2357.7228791431544
301776,7.13950432787,49.2146306732,-296.11342937780813,604.8567229446145,2409.5219698414417
301858,7.13957326688,49.1357884997,-483.5952582505979,431.4537978680641,2371.939469622288
311922,7.14000753891,43.6483932056,-572.8698722227883,365.0335739624296,2360.761313215944
311917,7.14000787591,43.7184670394,-626.013455109453,334.31113772607404,2356.2063586759514
100028,-71.4022227837,42.6177864704,-347.16447530244017,554.7173693945734,2397.4269181281247
104180,-71.4100192593,44.6021190565,-76.64291928148745,833.2436355290796,2476.7396762693893
311918,7.14415442726,43.6981511937,-638.7702231755642,328.20410387532985,2355.34761800841
100032,-71.4427783441,42.4594531053,-260.23350818801873,640.9663364333355,2418.839042246932
102551,-71.4519541948,42.1228213174,-103.42318704071226,804.6086618210941,2467.253445946487
100033,-71.4646272019,42.2604393318,-285.9200985531205,615.0494827692683,2412.1008134221975
100049,-71.4685430862,41.973221725,-180.829762443362,722.8393301389596,2441.8110420450275
311971,7.14698498549,43.8479404651,-380.98163566279055,522.4869519393912,2390.1751155101997
100026,-71.4705561494,42.7933420569,-309.9052418769736,591.1558450558688,2406.1192200306705
301724,7.1471115265,49.6023312663,-439.7952145323784,468.8430767578013,2379.024652768652
301609,7.14773657155,49.4441068712,-404.3563992612543,500.7615503438952,2385.5201944565683
301893,7.14778507956,49.5189966364,-491.12094511190344,425.2991634643054,2370.8276711521485
301829,7.14781098356,49.3522211606,-453.33881774956023,457.0158083531167,2376.7220950169867
311921,7.14783359156,43.6722246046,-798.2679454579,305.70376727227944,2352.317848672187
301729,7.1482841336,49.5847704068,-503.88938430527105,415.06089267638555,2369.012455114282
100031,-71.4852783566,42.4266753195,-154.36639960787656,750.609048522731,2450.1751797741895
100024,-71.5018674879,43.0229070829,-203.28515402542254,699.4489558154362,2434.989385941669
100048,-71.514113889,42.0398117445,-165.73063651999485,738.6581571930926,2446.540484244064
100025,-71.514167281,42.8933420742,-75.06485492263553,834.9357828112294,2477.3094738598734
100022,-71.527171193,43.2078545482,-102.52498421886358,805.5664909868142,2467.5659746515576
311969,7.15379939605,43.8479930041,-454.76806385954956,455.7808209451763,2376.4849304379654
301840,7.15409321108,49.3392390745,177.26826752284296,1110.4924509275352,2583.241752415814
311920,7.15622555925,43.6567236153,-1603.0304334027733,1023.4494054665073,2547.036150785267
100047,-71.5686511415,42.0225263081,-31.93020320314607,881.3773035130653,2493.3452265992455
100064,-71.6274026293,44.268683095,218.60463775748016,1156.3135610259667,2603.2682380557394
100059,-71.6274981483,44.7561648743,41.26290799641869,960.9036999117333,2522.5543380393897
100030,-71.6311427616,42.3273972203,-292.2034669880123,608.7599643302407,2410.504752542222
301830,7.16342223685,49.3514206745,-354.76045867323285,547.4025307775901,2395.7449777801876
301892,7.16369839087,49.4942572763,-477.6882404168376,436.34406009092305,2372.8338767460973
301841,7.16487254197,49.3437631559,-130.8371166799605,775.4674398403511,2457.904436325756
301910,7.16504821698,49.4737676126,-452.8045877017723,457.47808725779095,2376.811029126701
103088,-71.6645773984,42.7308771827,-98.37047820505948,809.9991863268705,2469.0166361747088
301819,7.16869025929,49.1897118301,-329.1240141151833,572.249659895888,2401.544116002919
100046,-71.7109029692,42.2303806253,-223.93674859236276,678.0931417716819,2428.9410813716895
100060,-71.720644584,44.4100681497,72.07066381311071,994.6052542385053,2535.583577722518
301920,7.17313433565,49.4730089096,-389.7392828953801,514.2902297575754,2388.396723386084
311944,7.17636547892,43.931306822,-418.0853349907329,488.24046551510185,2382.923250972151
301656,7.177276765,49.3562190429,-460.94491099269914,450.4735219223696,2375.4727659584787
100027,-71.7895840108,42.4104253072,-46.98658343262804,865.1268403176493,2487.6472655292755
301855,7.18130307433,49.1356887277,-368.3898286419262,534.3844790674653,2392.8040536837716
301623,7.18163545236,49.3768705856,-238.78412245544646,662.8399688125329,2424.7270551781044
311970,7.18182179937,43.8274355724,-438.719635738831,469.7917146283918,2379.2117860734397
100045,-71.8228774785,42.2403833181,-279.3061239284761,621.6918956464948,2413.803074190149
301736,7.18262704644,49.5524288651,-354.1551969789945,547.9838662681134,2395.877873671242
100061,-71.8350039595,44.5144766393,-114.99008219532719,792.2907371155043,2463.2639079027467
100050,-71.8354173025,41.3827403282,-284.32042175880883,616.653998808002,2412.5104397915425
311946,7.189393029,43.9110089414,-345.7341894986296,556.0992994304463,2397.7470464342805
311945,7.18967222502,43.918904818,-372.926438111827,530.0832074534511,2391.847126110158
100054,-71.9019858951,41.9770770293,-349.3071618730935,552.6498152859416,2396.949370802994
301274,7.19329699632,50.6732066059,-79.26213773438411,830.4362065428555,2475.7965911994006
312653,7.19482048045,43.8725380722,-359.5826195126127,542.7806259621452,2394.693148563536
100053,-71.9521896582,42.0230114781,-239.65703530828097,661.9459624965931,2424.482816008978
301908,7.19710722764,49.2438649116,-359.1947417027186,543.1517570960924,2394.777296345916
301592,7.19778647569,51.7396030961,-481.9493465566334,432.8112452575897,2372.186763701102
311972,7.19795500771,43.6685634703,-494.24466516771224,422.77023504164407,2370.375316167136
301871,7.19829438674,49.3767611316,-360.5494826981619,541.855998666761,2394.4837420931544
100065,-71.9851717969,44.1566503267,-82.15380020409788,827.3384247482536,2474.7592482749114
100056,-71.985417363,41.5950399657,-356.623426836159,545.6148902752182,2395.3371529593323
100076,-71.9886901252,42.6553735025,80.63563329252162,1003.9958033908447,2539.2817963124357
301878,7.20105159696,49.139395892,-290.40571085408715,610.5573658218552,2410.959303849114
100092,-72.0267312194,42.4273082036,-185.52520518549628,717.9346115041936,2440.3636151715095
100063,-72.0392621934,44.365623701,-183.63010212090686,719.9133279446069,2440.94646963213
100079,-72.0394479844,42.589443982,-237.50925374566992,664.1462072035105,2425.084462941464
100062,-72.0395311954,44.4351188877,177.72777004835203,1111.0010174864442,2583.460417485276
100066,-72.0395841984,44.1562589587,54.859556956281864,975.7624532391155,2528.2517345012343
301877,7.20559309434,49.1316096583,-490.3117088433189,425.9568026674617,2370.945732317796
100067,-72.0643015915,44.1522482693,-192.3999598947534,710.7663739815096,2438.2644044976146
311961,7.20664427343,43.8608334692,-401.37737602282215,503.5027198115996,2386.0971180391966
104160,-72.0788657907,43.9689071171,-116.80290973800184,790.3630894065082,2462.6445705691035
104162,-72.0813141619,44.0190269963,-57.3242267830816,853.9935078810361,2483.7973708336676
100077,-72.0815796849,42.6817503606,-342.68249765277244,559.0525718015549,2398.4337067960028
301579,7.21034604873,50.6315826104,-504.39534760284744,414.66069036914536,2368.9423707626784
100078,-72.1145990816,42.6852987749,-68.17432128476442,842.3304215886028,2479.8114861801323
100058,-72.131527346,41.573924256,-108.50969121791093,799.1880170470697,2465.4910169069585
301852,7.21494151311,49.1480520477,-483.08332132893537,431.8755807279349,2372.016227829475
100093,-72.1609134015,42.3553773466,-5.469551384734004,910.0313757670103,2503.6176970012175
100052,-72.1645840928,41.6812584889,-304.85264406859994,596.1627136807311,2407.354242532755
301901,7.21879162343,49.393779423,-373.1755385167087,529.8475052552843,2391.7949006305976
305099,7.21890557144,53.2026954752,-59.83566658552377,851.2918375482277,2482.8697631034775
101574,-72.1897220869,44.9394636825,-65.20258085663176,845.5225258316341,2480.8975814301543
100057,-72.2071738603,41.5732498469,-390.0745805153918,513.977730995561,2388.329452947526
312654,7.22276052476,43.7391796681,-483.9226828536086,431.184239012928,2371.890451903384
301904,7.22287600677,49.4021164007,-429.70477346705957,477.7944420005532,2380.8049052083
312655,7.22309978779,43.7190224725,-506.7420550760583,412.8101600508684,2368.6191538739413
301897,7.22368283584,49.5102565256,-362.13129785198834,540.3448030644755,2394.142220933433
101573,-72.2687509884,44.8687590786,-180.81665066208535,722.8530361764078,2441.8150994222988
100074,-72.2938637705,42.9182575072,-60.2371446543093,850.8600625930022,2482.721755246256
100051,-72.3103969518,41.8353842266,-225.14402585522308,676.8496236045436,2428.5942190557266
100069,-72.3147646132,43.6465248655,50.90189023074865,971.4349071827711,2526.584700094276
301750,7.23220662654,49.5562349944,-65.79578390681819,844.8851943896716,2480.6804428535643
301820,7.23472174275,49.4390795708,-342.43764870736976,559.2898024009818,2398.4890141351516
100070,-72.360281125,43.3855776379,-171.6596809547061,732.4381715408546,2444.6697410872075
104148,-72.3685226497,43.5189925879,5.731785863909494,922.1954179464515,2508.0647632664336
100072,-72.3903664595,43.1317531899,-170.74347089469256,733.39864673696,2444.9576771169036
301709,7.23991047518,49.3397269255,-462.3040977680838,449.31233015916547,2375.2528366239967
100068,-72.4181499338,43.7142450081,248.2766782269779,1189.2875308374794,2618.081224649608
100111,-72.4272228205,41.6142080703,-268.4746259704627,632.616787711256,2416.639912761392
100080,-72.4351338522,42.5979447727,-152.40248885282563,752.6781013228875,2450.8098237252743
100073,-72.4354175962,43.0812587467,-56.96184484063017,854.3834391533051,2483.9314662358765
301576,7.2437736495,52.306214628,-785.7322656771331,303.54590018127175,2352.038388584281
100071,-72.4395165485,43.1268930845,-91.93596164023505,816.8722252401371,2471.279972044053
100112,-72.4480722572,41.5521817842,-244.40167762681907,657.0922093396587,2423.1621157966624
104144,-72.4533844767,43.0394709722,-228.68373646300137,673.206914862875,2427.5815162577906
104145,-72.4600899582,43.2728615916,-32.030290646985975,881.2691448722328,2493.3069954502434
104143,-72.4604142493,42.9731450958,-97.59408062359356,810.8280058527413,2469.288667396426
301900,7.24779399983,49.4855239976,-402.7775823921389,502.2132635685218,2385.8253561317993
100075,-72.4862005314,42.7859245543,-100.47481244468707,807.7534534472366,2468.280800357451
301745,7.24948904397,49.3303693628,-295.53232377330175,605.4363095863082,2409.6675274449726
100090,-72.506003884,42.360166402,-146.39772810257955,759.011027392305,2452.7621587835224
100094,-72.5139765347,42.1606576335,-8.848327770845415,906.3660903375714,2502.2877447590026
311948,7.25203493118,44.0730261378,-218.59656268558365,683.600312441373,2430.4842840527126
301842,7.2522166262,49.260622988,-393.06631611317033,511.19383605347355,2387.7318957278994
104150,-72.5337066063,43.6192450232,-158.8943053489957,745.8429128968348,2448.7192812929206
100100,-72.5437508962,41.9187585235,-314.73016594934097,586.388411733197,2404.952356549348
104141,-72.5567576592,42.8512016967,-177.11913459839647,726.7202978093569,2442.9627215955225
301899,7.25604464951,49.4855650776,-376.5298101345104,526.6785449640498,2391.094886779429
100101,-72.5644702329,41.9107459039,-281.3991862178612,619.5874398758357,2413.261913574483
100095,-72.5683082682,42.093659971,-49.261573449850374,862.6750192863841,2486.7956604349392
104149,-72.5689851042,43.6022218288,-286.9511683075252,614.0159919861884,2411.8374958259656
311950,7.25715321761,44.0593653576,-248.4531485626539,652.955088859528,2422.0435206504517
100088,-72.5808776982,42.5854816137,-128.33867832914672,778.115614266134,2458.7412179857492
104153,-72.5812883103,43.8397980155,-326.11888701175775,575.1909002298588,2402.246665012675
100108,-72.5854175696,41.7854251625,-361.42437624002815,541.0199304097694,2394.2946838177368
104155,-72.5854805586,43.8809085789,-171.72575777843696,732.3689122158354,2444.6489914581784
301848,7.26054771689,49.248204693,-382.8534121999078,520.7295413041927,2389.7915647696464
100098,-72.6062509213,41.9895918674,-107.21821613880707,800.5637605611361,2465.9373071067866
100110,-72.6112037747,41.5612183829,-143.65698187743536,761.904858247002,2453.6592022686577
301813,7.26124856494,49.4772728729,-421.96028262070314,484.7409313971531,2382.208689101159
104146,-72.6225831027,43.3478227738,-228.41218874636837,673.4861907212902,2427.6589787178837
305052,7.26451757521,52.8310451244,-517.1670865043978,404.70456034604075,2367.2199409903096
301902,7.26463720022,49.4228441934,-328.66701151157463,572.6965767096291,2401.650648373366
311960,7.26505592726,43.9142250746,-419.35865968161033,487.08878101161906,2382.6875473810383
100085,-72.6516942361,42.5354957055,-70.31920779663197,840.0275844905872,2479.03021574211
200008,-72.6603113218,-7.63515901759,-827.3608930857956,313.22057266822856,2353.306523808553
100091,-72.6650917082,42.3189869846,-165.95610352155262,738.421433483629,2446.4690231607874
100087,-72.6687509835,42.7020920013,-54.93914127236642,856.5603771831012,2484.6810957580324
100086,-72.6690703995,42.7141406703,-324.9445443989326,576.3418278694774,2402.5225015406645
301812,7.2680056455,49.501928653,-364.7622726638256,537.8355057251645,2393.5771345573817
100145,-72.6854175529,40.9145916564,-83.98703525013565,825.3754311645442,2474.103690273983
311947,7.26855910955,44.1059801365,-179.74966079585022,723.9685670821742,2442.1455636346286
305014,7.26924907361,52.5471214419,-480.60732503736966,433.9210285998906,2372.3894973040306
100084,-72.6941338756,42.5438711432,-149.25635096678837,755.9949302632947,2451.8305003488895
100097,-72.69898196,42.1067687901,-31.661706141431935,881.6674612295145,2493.4478097702745
100109,-72.7059297716,41.5201065565,-88.20928272273493,820.8570618758914,2472.600004830705
100099,-72.7060986226,41.960393717,6.178603666731767,922.6810405923387,2508.2433634968206
100082,-72.7142485273,42.6480155629,-82.47264160789021,826.9969641284287,2474.6451152710606
100081,-72.7144041143,42.6725929319,-19.42904365814455,894.9001579933739,2498.1574731457276
100083,-72.7249932171,42.6398265462,-96.59596936897299,811.8937081183886,2469.6388118790787
100107,-72.7608503061,41.9103690408,-151.43816302205894,753.6944518018778,2451.1221500639695
301863,7.27672074922,49.5065400473,-307.7060771359528,593.3333073372489,2406.655123081211
301794,7.27804588733,49.3147257535,-340.78598926137107,560.8911418396425,2398.862926649095
312588,7.28089867057,43.7609282379,-160.548661904298,744.1029860353292,2448.189886770219
312587,7.28090417457,43.7691594036,-467.09740410521005,445.2368869252958,2374.485281768706
301923,7.28100762158,49.1268588109,-353.7400685673645,548.3827388480763,2395.9691350524113
301788,7.28139087661,49.3272346785,-316.51367633624335,584.6296382427279,2404.52412792409
311959,7.28144243662,43.9436260761,-475.2655935634359,438.3643608657556,2373.2062238108438
200002,-72.8185807089,-5.13526508675,-949.7157601452468,377.05766174740853,2362.6504075168855
100114,-72.8354888433,41.4474256615,-262.5433229800359,638.6229597176172,2418.219128312356
100115,-72.8394470896,41.368816322,-224.19156692914572,677.8306273595111,2428.8678076922733
312607,7.28502070291,43.7267782431,-828.5088714788994,313.5866736944233,2353.355279122983
301917,7.28523391593,49.3478163692,-459.32226675952006,451.8629636323373,2375.736644866152
312608,7.28545445895,43.7106464808,-674.668927396814,314.07229471790976,2353.420037767728
100113,-72.8643637437,41.5310167364,-170.7878504052046,733.3521172189089,2444.943720351603
100105,-72.8867686625,41.755940906,-265.955889217774,635.1653101113388,2417.308304504437
103089,-72.8973675674,41.3815401651,-214.34347325592262,687.9940616875568,2431.7237295331524
100106,-72.9002260036,41.6729251312,-322.1014763408876,579.1317743038913,2403.193308884172
100119,-72.9021927058,41.4226593475,-247.94597245053282,653.4726025878937,2422.183087669113
100146,-72.9067529232,40.8311605305,-290.72094479047723,610.2420705787393,2410.8794769879123
103091,-72.9101299065,41.3723561723,-325.67279267589515,575.6279979473803,2402.3513606211295
100118,-72.9101516655,41.4270374778,26.79291729206656,945.1180059691388,2516.5835001176424
103090,-72.9102278215,41.3774003557,-529.8992389026537,395.0729996024472,2365.5923450316113
100116,-72.9272546549,41.4690822853,-150.66109083983764,754.51363592248,2451.3741645555137
301602,7.29373389963,52.2442839139,-715.1285327707359,304.13201776990303,2352.1141026935907
311951,7.29401585266,44.0354622587,-357.63792463739037,544.6424884709076,2395.1158444019084
301603,7.29793725198,52.2482105242,-683.183313034482,311.4299441762064,2353.0688638428915
312592,7.298207648,43.8312133078,-573.5045595952189,364.62151448164326,2360.6976334719725
312591,7.29827858701,43.8523516935,-571.9777391431968,365.6144531397922,2360.8512016224126
100147,-72.9937197354,40.7670510372,-380.48637924275386,522.9524419162926,2390.276913741062
100102,-73.0186971234,41.9648633753,-6.428370603205302,908.991066371386,2503.239746129058
100103,-73.0336993037,41.9688121937,-154.6536525343088,750.3065083443171,2450.0825137780816
100135,-73.0562924876,41.6149482874,-209.72083544811187,692.7771285776946,2433.0813010948973
301827,7.30607678465,49.273132508,-344.5334338139009,557.260560902821,2398.016638932059
312590,7.30641125368,43.8649649375,-555.6367674408076,376.59023094225023,2362.575854845389
100136,-73.0648595043,41.4433433662,-268.8093720421469,632.2783083960609,2416.5513292966625
311958,7.310309463,43.9685341821,-464.6787410023252,447.28947509326076,2374.871015947285
312589,7.31045627202,43.8893027946,-532.530524590134,393.1210533046145,2365.2671372190944
311952,7.31063641203,44.0061801302,-467.2017219028555,445.14853600852877,2374.468716780202
305012,7.31071850804,52.4691469925,-521.4841829815156,401.4048518408709,2366.65804943145
305098,7.31252613419,53.3239885792,-338.4905267589228,563.1197441145713,2399.3849866307287
312593,7.31356382827,43.8106054471,-597.7812332988141,349.64006883421774,2358.4301231097943
301793,7.31381727429,49.3019901154,-387.0290626798531,516.819787393986,2388.9426867338716
100148,-73.1434502738,40.7477270426,-414.13054692447207,491.8280492633263,2383.66090245644
311957,7.31518204141,43.9968362385,-430.5700183414478,477.02239442791654,2380.6500861409736
100134,-73.1685115478,41.3854250654,-177.81047597546248,725.996891716391,2442.7476240166816
312606,7.31851876368,43.7521970722,-472.2248023744436,440.91195301186883,2373.678120168365
305056,7.31865538669,53.0333664381,-584.2261386155938,357.81398298189526,2359.6557618166785
311956,7.3187137217,44.0069173743,-376.67806105583986,526.53869617229,2391.0640866409453
312604,7.31891523172,43.7569815056,-660.785393457069,318.97896235271844,2354.07987253638
301825,7.31892842272,49.285520363,-417.25648571807375,488.9910331710748,2383.077149061481
301828,7.32066021086,49.2641813803,-413.43724055395546,492.4586150560847,2383.79108887508
100166,-73.2142040396,42.7439122568,-436.53266977932435,471.72468846411556,2379.594219518078
100133,-73.2222922823,41.4851947546,-84.41968505370245,824.9122622049055,2473.9492129373425
100144,-73.2269509287,40.8480187849,-218.1410997195754,684.0705164288377,2430.616575954443
301924,7.32269887403,49.1904397152,-325.59464841859756,575.7045791096098,2402.3697114026922
100137,-73.2270844097,41.1729250228,-283.6732156202295,617.3035351022122,2412.676547386112
301919,7.32284149704,49.3605033273,-358.92759498928103,543.4074351810418,2394.835298818547
311949,7.32293899505,44.0899668642,-194.2168926621649,708.8744931336803,2437.7135834369087
100121,-73.2349983793,42.1728605335,-302.1582085459532,598.8386909365714,2408.0183233563466
100122,-73.2640012327,42.129543603,-212.5476925742207,689.8512397574841,2432.2498228702207
100123,-73.2727681735,42.09433842,-326.13624441310276,575.1738954160594,2402.2425934583225
100124,-73.2855168995,42.0481767602,-88.54869261818565,820.4940148405893,2472.479503706049
100125,-73.2983984446,42.0435790628,-231.3196416447538,670.4975038013703,2426.831549667416
100126,-73.3107955946,42.0484651793,-342.5545781876532,559.1765059924122,2398.462597730297
100149,-73.3140092619,40.704274285,91.392396644554,1015.8016946579223,2543.9727889124892
301873,7.33155363076,49.3132288663,-335.50487925313973,566.0237143724365,2400.0681892582243
100127,-73.3259502449,42.0531561276,-65.60833421930829,845.0865809137671,2480.7490395237087
100131,-73.3268764509,41.5516076801,-276.41855399568794,624.5987667139767,2414.553392915117
100150,-73.3317697014,40.7065083692,-133.53329081062802,772.6114795495831,2457.004877119514
100167,-73.33936208,42.7641211585,-217.23860367993973,685.0024509862416,2430.8790232577267
101572,-73.3473575586,44.9975915533,-176.96739215587553,726.8790981266295,2443.0099654218902
100151,-73.352022317,40.6816288102,175.98784917262049,1109.0754116757773,2582.6329078367053
312595,7.33521795806,43.7730157129,-697.387399778018,307.6653693070973,2352.5735795779387
312603,7.33524052607,43.7690755216,-669.7531134320174,315.7260537748898,2353.6413084600517
312594,7.33550356809,43.785278901,-775.9411328193088,302.3281136881987,2351.881535320932
100168,-73.3770845641,42.939592022,-276.08103768423007,624.9388079033621,2414.6413774059615
100139,-73.3808641474,41.1818806695,-312.9628511868175,588.1330796812267,2405.378345972335
100169,-73.3820576595,42.952308686,-248.32525882972837,653.0855748970625,2422.0787014454977
100120,-73.3896074161,42.1939738853,-286.29953178377326,614.6690947613046,2412.003848237387
100170,-73.3906689512,42.951475338,-235.45167463415225,666.2558166924259,2425.663060100016
100138,-73.3937380035,41.2940543198,-341.2515833056249,560.439544480615,2398.7573764086524
100130,-73.3986001479,41.4504455218,85.7407489013078,1009.59715131084,2541.5016969878748
311955,7.33993256645,44.027456239,-382.2697237663156,521.277248537887,2389.910968571949
100140,-73.4192878416,41.16371576,-305.70191454640974,595.3201098555351,2407.1457166228406
100141,-73.4270844722,41.1395916761,-432.64497182270856,475.1743147038536,2380.2804660820034
100164,-73.4315026816,43.1014738944,-289.21109790081334,611.7526853865133,2411.262286839591
100142,-73.4431773726,41.151215796,-332.06249726849677,569.3792321754186,2400.861757346714
100129,-73.447917838,41.5937584306,-308.4847401390484,592.5620096088888,2406.465084535616
312602,7.34575553094,43.7640487162,-526.8854993370785,397.32518274458573,2365.969519816412
100201,-73.5065018478,42.5070344312,-228.66324091368037,673.2279926971755,2427.587361560517
305058,7.3514081444,53.1019972178,-347.95390062266654,553.9552479305937,2397.250692891156
312597,7.35228123048,43.8774294696,-431.70414546044344,476.0116791497986,2380.4477701777646
301931,7.35296422153,49.151439088,-154.26944946393377,750.7111635160094,2450.2064645422934
100143,-73.5481395333,41.0652767639,-334.6974072722023,566.8101127376838,2400.2537723663695
201841,-73.5561549159,-4.50173794633,-1056.408996831025,461.41849803025065,2377.5726062902418
305047,7.35588500777,52.693734062,-472.98432960969325,440.2743964027638,2373.5597763665237
100128,-73.5604178793,41.6645917735,-254.09536371849185,647.2054004662276,2420.4998033980364
100221,-73.5684993439,41.4813575713,-163.41833125447613,741.0867771334765,2447.2748270472944
305004,7.35725675589,52.3319042451,-537.6543381554461,389.3594795977944,2364.6448511795484
301922,7.36039071815,49.3017472204,-312.94054086514706,588.1551159105339,2405.3837340908863
312598,7.36077512618,43.8352074181,-533.7167694866731,392.24552579690913,2365.121777068778
301932,7.36454789849,49.1477171706,-434.7002713678703,473.3484819974183,2379.916648386355
305050,7.3646398775,52.7514915658,-407.7889941236,497.61353735864606,2384.861358741817
100171,-73.6729179846,42.7854253162,-124.62381911749853,782.0560435055381,2459.9910819027004
312599,7.36764802175,43.8265298934,-627.1230792049687,333.7587687670901,2356.128049064016
100198,-73.6854179866,42.7479253091,-114.99257691330592,792.2880838424567,2463.2630544982467
100197,-73.7062375393,42.7854115262,-108.62809872818096,799.0619030467923,2465.4501399862143
100203,-73.7308039074,42.214437896,-278.81811370788904,622.182877330189,2413.9295765825805
103109,-73.7396750721,42.0144464324,-337.64236659373967,563.9440969828553,2399.5785905819153
100199,-73.7432563954,42.6643077512,-237.36839186198202,664.2905760355867,2425.124004513372
100202,-73.7440132975,42.3306493376,-426.1359686679711,480.9874950894795,2381.4477609827463
100215,-73.7643907371,41.8143611939,-439.32440765906944,469.2581534070615,2379.1064882422324
100217,-73.7679107184,41.5853483479,-336.989024074217,564.5794285429015,2399.727984374711
312601,7.37709038353,43.7936364386,-577.0882475943772,362.3136580535528,2360.3422748977378
100218,-73.8065232626,41.5728796939,-293.22113168166896,607.7432606077459,2410.24819026411
312600,7.38128242288,43.8061378437,-453.7367353843156,456.6717158784243,2376.655954054063
305010,7.38129645988,52.415055159,-633.1884934081861,330.8100887670743,2355.7121604065637
301921,7.38140487289,49.3144909274,-324.2195332456556,577.0528146205361,2402.6931595022206
201842,-73.8178999996,-10.6772482163,-689.5193070697769,309.6499301836064,2352.8339395545945
100200,-73.8269356073,42.5353184605,-311.0447309746743,590.0287027760236,2405.842542220259
100163,-73.835418071,43.3062587413,-134.99983393984434,771.0588151860613,2456.517080000344
100196,-73.8433905427,42.794186387,-437.4591645977135,470.90512515866413,2379.4318869759604
100162,-73.8442907518,43.3189687214,-180.39841129674102,723.2902597255186,2441.9445668710605
100195,-73.8562513777,42.7812586419,-290.2185827555881,610.7445550729691,2411.0067149239885
311954,7.38612357828,44.051762032,-351.7176333758845,550.327765037869,2396.4150552082706
100224,-73.8645846044,40.9854249643,-284.71692600874405,616.2561727443353,2412.4087834160237
100216,-73.8726363871,41.6531575875,-330.94748862438723,570.4677615526019,2401.120141689732
100225,-73.8852064551,40.9396199875,-292.9766889475846,607.9874221549456,2410.3097670954867
100213,-73.9040262697,41.7145464526,-259.4037211905937,641.8087746932306,2419.062415716161
100220,-73.9061416109,41.3146691515,-275.9311229056753,625.0898621078782,2414.6804764952503
103111,-73.9140263065,41.8001016617,-311.87053862861035,589.2123163827791,2405.6424550698393
100214,-73.9262493535,41.7101019593,-319.8999618968507,581.2955849525307,2403.7156705697507
305096,7.39400121093,53.2942647377,-278.0104267137742,622.9957425644654,2414.1392178395045
100212,-73.94375134,41.7229251053,-16.513679407093377,898.0575921574804,2499.2902805974686
100161,-74.0147147539,43.8886677515,-257.5927487539424,643.6484404488846,2419.5511531582806
311953,7.40190375458,44.0732572138,-355.1510007990941,547.0275689662801,2395.659330761876
100154,-74.0473410066,44.0160862191,-175.70870241119405,728.1966089140261,2443.4022937476275
104157,-74.0516932909,43.9648321928,-185.85938937264228,717.5858032500316,2440.261021465383
100153,-74.0606641227,44.0481154577,-68.97789876120777,841.467559739602,2479.5185262367777
100242,-74.0805568903,40.8902860504,-120.02709673623113,786.9366653676127,2461.547030458118
100155,-74.089105559,43.9606475065,-234.44954292011846,667.2839118969467,2425.945647976016
100239,-74.0931382533,41.0603662205,-334.69196696988587,566.8154125151499,2400.2550238926697
100240,-74.1020846821,41.0020916267,-530.7324366257476,394.4534492865902,2365.488954003246
100219,-74.1023133881,41.368767567,-301.1586953551288,599.8323903230838,2408.2656340898084
104158,-74.1161126532,43.9688977411,-191.64811697921604,711.5495531279591,2438.492820250632
100159,-74.1309993245,43.9640642007,-74.17210753284567,835.8932968800005,2477.6323519897373
100205,-74.1323601836,42.4361998963,-198.77739486600177,704.1307847264037,2436.3383652228404
100241,-74.1353333708,41.0273106568,-593.836823167212,351.9669910799622,2358.7762146221426
312567,7.41445854562,43.9271217247,-447.01936185747985,462.5068082921178,2377.7840557068766
100204,-74.1484887189,42.4071059499,-323.28216674177355,577.9725348506977,2402.9142138035277
312566,7.41511385168,43.9647632488,-431.4516032380306,476.23661719385166,2380.492760630354
100267,-74.1519227732,40.160301062,-285.57501726659166,615.3954968011473,2412.1890650072214
100270,-74.1643929102,39.9525595748,19.871713883756314,937.5779044070238,2513.7614832536415
100211,-74.1645847433,41.6895917576,-496.3153003583731,421.10238631132455,2370.078413811318
301607,7.41934647903,52.306327709,-564.7332114743384,370.4029314007715,2361.5975100443275
100268,-74.2231862491,39.9857241846,-85.56584709048772,823.6854431864557,2473.5404134912674
100238,-74.2258841683,40.885114614,-371.48070831968647,531.4521605539226,2392.1508871337346
100269,-74.2280568845,39.9608414155,10.07744960940132,926.9197776393786,2509.8057179862185
100243,-74.2346267851,40.6893485628,-252.1953480807081,649.1400542374969,2421.0178185781165
104159,-74.2357117671,43.9778503539,-57.317056554422976,854.0012229663599,2483.8000234892743
100191,-74.2544981077,42.6729844539,-226.82068648247844,675.1235670850427,2428.1137326515236
100193,-74.2562515078,42.7604252912,-133.86582426557538,772.2593692828971,2456.8941778803783
305092,7.42669446263,53.2196232816,-250.91176068252514,650.4479382661353,2421.368825324211
103099,-74.2688555879,43.9770937318,-48.65696446151439,863.326529534787,2487.0217458751463
100233,-74.2770847316,40.8937582657,-151.43537806362446,753.697387384261,2451.123052726473
103097,-74.2891287056,43.9858587166,45.086942524667535,965.080223852148,2524.148233826174
100237,-74.2893750396,40.9898129217,-312.8056513591009,588.2883544834787,2405.41631654027
100236,-74.2933780839,41.0073141311,-168.72917278724734,735.5111577077212,2445.592184107938
100234,-74.2980569673,41.0022347787,-301.3154270073362,599.6765335685017,2408.226819211599
100244,-74.306604011,40.6899464718,-75.6323390726444,834.3272143427733,2477.10443228586
100235,-74.318056983,41.163619429,-242.2032364725598,659.3400374017449,2423.7726281106106
100156,-74.3270343717,43.9726845155,103.29984460068141,1028.8859138135858,2549.225508169354
103110,-74.3354933694,42.0767849486,-94.91116158443822,813.6931150256376,2470.230951408675
100190,-74.3391064377,42.5862365737,-265.1977404212705,635.933007213687,2417.510135970711
103095,-74.3402108138,43.9895871999,-97.30149548924079,811.1403813650373,2469.3912582129024
100232,-74.3472236404,40.8450082547,-277.97881043488053,623.0275681272271,2414.14743097927
103094,-74.3519868708,43.9938567392,-122.97178025423474,783.8095099721027,2460.549088268712
103093,-74.3604175245,43.9769605678,-55.47976731973286,855.9784508524649,2484.480544536638
100188,-74.3685047871,42.952442758,-178.64684301679264,725.1219337785925,2442.4877249853457
100207,-74.3769079248,42.1187584991,38.11495291998906,957.4670561387139,2521.247237271311
100227,-74.3889510218,40.7234151536,-264.4174505124284,636.7234040281447,2417.7181723878552
100206,-74.3896500159,42.1187584991,74.16369034272435,996.8992125848513,2536.484281029468
100266,-74.3979941716,40.2939693421,-203.15616857216716,699.5828238684137,2435.0278428200745
100261,-74.4021979349,40.6649300888,-319.5607449183616,581.6292562136224,2403.796384792375
100229,-74.4097236635,40.9027860415,-380.9955895991685,522.4738396609015,2390.1722492296003
100260,-74.4302792072,40.5822304219,-187.90889360577094,715.4474060959357,2439.6330582172977
103115,-74.4478276197,41.9681418416,222.53389863990267,1160.6762751104677,2605.2089903617316
100189,-74.4554683413,42.468897434,-171.30853303603126,732.8062543648437,2444.780046199149
100262,-74.4559617884,40.6021066126,-295.0725846684466,605.8949762295301,2409.782809731505
100231,-74.4569458954,40.8072304656,-771.6870140008792,301.92831834176553,2351.830176112631
100263,-74.4817014685,40.5809845618,-347.8298155064388,554.0750122521662,2397.2783707904096
100305,-74.4981472989,41.9979564081,12.95374353147588,930.0482876450579,2510.9628203557268
100264,-74.4981761089,40.5728643452,-284.8517915402618,616.1208759605498,2412.3742250429714
100265,-74.5145094352,40.5478495051,-242.28588402353094,659.2554965198061,2423.749631779004
100192,-74.5196278716,42.6690911886,-205.14475509233566,697.5196110085682,2434.4358844707385
100187,-74.523751414,42.8525824148,-490.1874014666619,426.0579132201811,2370.96389961442
100259,-74.5270847923,40.5604248581,-332.7737301898587,568.6853110912954,2400.6972843130984
100226,-74.5275116673,40.679456741,-2.309091145897355,913.4614765920844,2504.8665307906276
100273,-74.5393120663,39.7147163952,371.6430529531185,1327.0024477115621,2683.445539616886
100274,-74.5393551673,39.6725562737,-44.725706802214404,867.5644002246888,2488.496022981453
100303,-74.5394769693,41.9277591953,99.14824757393308,1024.3222263905584,2547.386992848749
100230,-74.5436125886,40.7897304591,-448.13882347940313,461.5305272460706,2377.594350480611
100272,-74.5611125331,39.7155635782,147.71401744064408,1077.8224848186185,2569.3668046111798
100210,-74.572633889,41.1936032705,-395.891809627049,508.57200658986466,2387.1719573051546
100228,-74.572813222,40.9521965425,-34.310109809998266,878.8059541848373,2492.4374361191108
100311,-74.5772099204,41.9235523699,34.356925951417814,953.3661661589828,2519.692742108442
100185,-74.5813176357,42.8438774121,52.49012099658813,973.1713278018082,2527.2528367998357
110449,-74.5853015061,45.139545493,-197.90379993388143,705.0389254877672,2436.6009838113064
100255,-74.5890411054,40.3149928098,-199.11787995592994,703.7769062545705,2436.236113687369
100312,-74.5898808884,41.8900999761,-76.80652447207005,833.0682323043068,2476.680671288066
100186,-74.5979182931,42.8729252995,-190.17413592805008,713.085513812813,2438.9414543746157
100353,-74.5988903492,40.1769525584,-274.6646159395995,626.3664345627644,2415.011258401118
100352,-74.5993128142,40.1395717173,-536.8843762133954,389.9213694985901,2364.737436217589
100313,-74.6018845324,41.4436874772,-380.21647133449346,523.2062141089716,2390.332447660686
100184,-74.6020655765,42.8479604034,-266.961913930808,634.1470305669519,2417.0409438472834
110454,-74.6021681545,45.3176522137,-215.11594580108374,687.1955430293044,2431.497929716705
312568,7.46028505541,43.8772597536,-405.93669120251354,499.31086363936015,2385.2160921823343
305046,7.46089200846,52.7310267211,-364.15431573892795,538.4148747187752,2393.7073850359643
100183,-74.6145232325,42.7977648142,-1.0956037714819615,914.7789132539953,2505.3472669455314
110455,-74.6176107447,45.3273924236,-193.28161779531374,709.8482097002747,2437.9969131793355
100257,-74.6180179748,40.3686904413,-149.02124117078324,756.2429064663958,2451.9069724273845
110456,-74.6269370095,45.3189563779,-229.0940283273206,672.7850012197663,2427.4645467490486
100180,-74.6276444406,42.9678587533,-359.2708880366128,543.0788895043444,2394.760770532738
110457,-74.6352533892,45.3023766265,-196.25465611881637,706.753994470951,2437.097797905929
100258,-74.6502792674,40.4144526031,-701.9580856314565,306.6292041131788,2352.438296039317
100182,-74.6518059706,42.8481850494,-378.3411332876277,524.9711188163802,2390.719377812587
103107,-74.6592917722,42.8437683301,-497.29676113256227,420.3142416973333,2369.9385075632
100181,-74.6601453093,42.928136813,-402.1187982510659,502.81971055586905,2385.953086123189
100179,-74.6723994523,43.0104814978,-360.370259247198,542.0273399513768,2394.5225213207013
103106,-74.6730218463,42.8480297004,-385.0403883193556,518.6799597719297,2389.3458034630094
100254,-74.6768232626,40.5722189771,-431.3039215902289,476.3681892735678,2380.519086167775
110452,-74.6769626627,45.0982324646,-196.30780852911514,706.6987028338699,2437.08176400472
100271,-74.6775014617,39.7669524735,-16.060745766382027,898.548260621284,2499.4666320082806
100256,-74.681251495,40.3312581412,-549.9443951309893,380.55719138946097,2363.2114259573805
100359,-74.6844459193,39.9700080693,-286.1299002504204,614.8391439660658,2412.047188761075
100178,-74.6894271307,43.0028206722,-336.04726866743516,565.495722248718,2399.943724285818
103105,-74.6894558177,42.8356370124,-482.2915686736733,432.5286702994915,2372.135223482913
100253,-74.6898407097,40.631557895,-886.910064679963,338.539004724803,2356.8099468513246
100327,-74.6908348768,41.0988971807,-327.0566900163332,574.2724194863844,2402.026910681899
312569,7.46954354518,43.8812534329,-420.5266890156454,486.0338116703774,2382.472105596227
100176,-74.6974575013,43.1771680276,-104.0895192593055,803.8982156833077,2467.021850133494
100302,-74.6982394314,41.3727127663,-95.41003396336765,813.16024378451,2470.0554750711503
100250,-74.7021837137,40.5441939078,-220.61027051331877,681.522366200147,2429.900657123317
103103,-74.7060012371,42.843294848,-451.81148055154114,458.33838949582815,2376.9767662185745
100177,-74.7269690698,43.0061912005,-305.6323546304744,595.3891083524109,2407.162781824686
100251,-74.7302793121,40.727508218,-408.6109326150775,496.8614351474122,2384.704542200989
100351,-74.7349843995,40.256253363,-320.7802636584656,580.4300027539005,2403.506491764517
103101,-74.7355999895,42.8561894401,-267.25670839075485,633.8487351089492,2416.9626986895137
103102,-74.7357128585,42.8518274107,-171.7522730049091,732.3411202937376,2444.640665686957
110451,-74.7359611445,45.1525529591,-197.28454510254343,705.6828265675533,2436.7873767667243
305091,7.47366938052,53.2153990062,-306.70093319337167,594.3294580289623,2406.9009062564833
100301,-74.7518177098,41.4312590622,-202.43610339303862,700.3302532350226,2435.242684303458
100252,-74.765834875,40.6616748705,-321.2240582311683,579.9938088644363,2403.4011912659025
103112,-74.7688859643,39.7313572405,-90.75769083045034,818.1317901839413,2471.6966023294326
110450,-74.7730649456,45.1099336706,-208.84062616722295,693.6887636437152,2433.341030078363
101571,-74.7770851599,44.8645923203,-218.95643136437596,683.2288516839355,2430.3798327896466
100316,-74.777599549,41.3145446385,-369.05423211064783,533.7535218601452,2392.6632211733
100350,-74.7812515213,40.2229247832,-326.2104391354607,575.1012099793038,2402.2251912709894
100283,-74.7812605543,39.518891632,-184.98549343117887,718.4980176839038,2440.5294239719756
100175,-74.7812917573,43.0145551502,-198.30426434301836,704.6225924705637,2436.4805490044896
100314,-74.7951673944,41.3223244432,-414.14752526809303,491.81261343818767,2383.657717583249
101569,-74.7979185097,45.0020923446,-469.12647101147274,443.52105180421,2374.164145810225
100315,-74.802389846,41.3189910909,-283.3799881534828,617.597888586706,2412.7518769745143
100174,-74.8190399134,42.9775800741,-327.5723975367291,573.7675745248571,2401.906263248718
100249,-74.8312074014,40.4728806819,-550.3653509859076,380.2613906512594,2363.1638100388454
100248,-74.8391139921,40.5353135551,-569.6843345761082,367.1166549564159,2361.0843073053684
100349,-74.8432327654,40.2437763719,-579.157333812062,360.99588862955875,2360.1403558824054
100317,-74.8510024231,41.3053797248,-302.9442306720318,598.0576323786564,2407.8242044434323
100280,-74.8519705061,39.5894394088,-189.01108599750438,714.2979761797004,2439.2962236333037
100348,-74.8521062121,40.281207381,-742.8901375156852,301.30343607081454,2351.7500352812503
100173,-74.8606951149,43.3935899755,23.799135026278748,941.8556735312973,2515.3601288126465
100282,-74.8684237575,39.5942578982,-162.4663252895546,742.0871298602958,2447.5779407736077
312610,7.48962300084,43.797315433,-459.00776350386354,452.1326639978627,2375.7879563864885
100245,-74.8975015839,40.6636193107,-347.8304801731672,554.0743707010307,2397.278222510901
100279,-74.8977923229,39.6145169169,-157.84381968906692,746.9481449225588,2449.0561445300787
110638,-74.9071161357,45.3740057114,-137.2216042388732,768.7076462199681,2455.780102780851
100318,-74.9098937349,41.2312135996,-324.4088761185212,576.8671026553312,2402.6485639775196
100299,-74.910446097,41.477321036,-274.18247364103024,626.8526145430046,2415.1374015191523
100300,-74.9147010643,41.4644699559,-128.18538518256105,778.2781464362059,2458.7926592288054
100277,-74.9187096467,39.6683684503,-96.79418961362512,811.6820468291681,2469.569236324843
100246,-74.9195839207,40.6806083811,-354.91586049769876,547.2533151995068,2395.7108879942366
100347,-74.9356826111,40.3312399122,-322.60611593840673,578.6361974960226,2403.0739308040315
110637,-74.9400370234,45.3916454629,-240.84795721079405,660.7267707599241,2424.1502291434253
110634,-74.947439901,45.3777074467,-205.90710829899234,696.7290184315415,2434.2094800944847
100346,-74.9480571391,40.3808414753,-678.8399083779519,312.7423728250727,2353.2429240555552
100322,-74.9525032555,41.1061276803,-453.3000146653734,457.049373304706,2376.7285493921063
100328,-74.9533349535,40.9808415929,-380.8890371099891,522.5739693818695,2390.1941388374303
100319,-74.9551733497,41.1259370299,-303.60009457444085,597.4061750353836,2407.6624775552928
100278,-74.9557197977,39.6693982114,-88.11632468075699,820.9564980464681,2472.6330175628573
100275,-74.9559499617,39.7309317325,5.262022309380619,921.6848896822096,2507.8770910325306
100357,-74.9568358178,40.1740063402,-683.3137177572163,311.3916933084025,2353.0638016251824
103100,-74.959600639,42.9695240635,-277.30770511922543,623.703232580267,2414.3218903427846
100356,-74.9615581662,40.1778951645,-241.96364858902982,659.5851300223303,2423.839312249031
100341,-74.9680571647,40.7116748736,-312.84539104202275,588.2491000671072,2405.4067164592025
100323,-74.9686903188,41.0983023066,-410.1785727190103,495.4288230238157,2384.4064642044664
100247,-74.9688904948,40.6475081943,-340.7499397476044,560.9261137801557,2398.871103869024
100276,-74.9768128395,39.7060739234,237.2282775009779,1177.002035667393,2612.523351057837
305045,7.49771892751,52.6315735999,-540.9906594787868,386.938732759537,2364.247459714579
100288,-74.9789559726,41.9477942329,-242.043450993143,659.5034914249231,2423.8170976909432
101570,-74.9811582878,44.8392496082,-297.91523443084475,603.0607929042269,2409.071768917555
100281,-74.9858348862,39.6444524383,-15.977426785737986,898.6385247685902,2499.4990830275474
100321,-75.0022412676,41.0978816346,-364.5536499339439,538.0342863495679,2393.621808294905
100345,-75.0147845426,40.4160285052,-396.24404652055097,508.24566695976,2387.1024539890727
100361,-75.0226508163,39.9026321827,-361.13584379408894,541.295594705769,2394.356988568153
100320,-75.0353458703,41.0900234369,-289.73008239938736,611.2333018572307,2411.130568251453
100292,-75.0478113333,41.7646472708,-660.5258642488168,319.077570392877,2354.093236000882
100286,-75.0571256421,39.4647892115,138.59425634976128,1067.7578264366336,2565.1610561081666
110636,-75.0643459517,45.5604264528,-126.87845986378663,779.6640827822715,2459.2316990958793
100293,-75.0648072547,41.6727306122,-390.79311847387186,513.3083851431676,2388.185496588481
100343,-75.0694460721,40.485841492,-687.4941693966913,310.2013727371812,2352.906576875783
100362,-75.0729456924,39.8027196114,-103.19459840383792,804.85240751253,2467.3329458619883
100360,-75.0771232948,40.1395509563,-487.23872661435445,428.4633243475244,2371.3973281945423
100284,-75.0772263048,39.495006892,-108.7353503846388,798.9476738162482,2465.4131202201543
110639,-75.0936464671,45.3189848289,-128.43353807516357,778.0150402894858,2458.709391281111
100380,-75.1101226595,39.7399757672,-345.8765451676688,555.9616925143646,2397.7151355823567
100344,-75.1144798409,40.4313281274,-322.40914668594735,578.8296106650695,2403.120510095147
103117,-75.115834952,40.0688969635,-420.89155331497176,485.7045561232525,2382.4049579565954
100355,-75.1187516292,40.2270914396,-498.0449380927021,419.7144755621651,2369.8322111182692
100289,-75.1395687489,42.1642788428,-157.56499881627064,747.2415499884153,2449.1456473403887
100326,-75.140010019,41.0693304932,-297.5762786864297,603.3985084180022,2409.1563311288774
100325,-75.1426805052,40.9987142694,-205.60169570628779,697.0457195393714,2434.3001464456765
100172,-75.1572416944,43.0939814068,-103.55144105816615,804.4719089141313,2467.2088521422806
100296,-75.1729853127,41.477361937,-726.2818323285811,302.59439603825496,2351.915780033596
100285,-75.1804840083,39.6145422419,-46.170057235172436,866.0070677609467,2487.9535183096154
100342,-75.1849126617,40.5937082969,-376.54133521873143,526.6676724180039,2391.092491943271
100379,-75.1854183007,39.9687580522,-228.03318260617286,673.8760315954985,2427.767158072656
100298,-75.1854649017,41.4562366442,313.94649412025626,1262.4813042241628,2652.1318804638704
100295,-75.200871175,41.4802444592,-439.38175167451,469.2075835361115,2379.096514289632
100354,-75.2019885621,40.2980809584,-270.7766725869259,630.2901442598726,2416.0318983424895
100329,-75.2022889841,40.6956740253,-205.12728142570916,697.5377343504551,2434.441077270109
100405,-75.2059438364,38.6563306686,-214.44659050483403,687.8874548267494,2431.693569997113
100291,-75.2230597788,41.8562738133,-280.50201764215615,620.4892230921862,2413.4935972218423
110640,-75.2241558379,45.1019405299,-68.06763303477479,842.4449905709805,2479.8504047614283
100378,-75.2272139222,40.0804095194,-404.46410412957744,500.66260278967115,2385.4994256317505
110644,-75.2288297223,45.1018921519,-181.6813315429876,721.9492829562597,2441.5477130333416
100340,-75.2354183579,40.6687581891,-322.12618767249114,579.1075030986918,2403.1874600210617
100324,-75.2393388172,41.1645756581,-282.8546241689137,618.1253793899975,2412.88695394196
100406,-75.2483710659,38.7149415784,-384.01036448665747,519.6447644942075,2389.5554291799813
100383,-75.2513905432,39.9516747128,-397.5526583974214,507.0342611649876,2386.844823161407
100287,-75.2522546323,39.4776118935,-96.74462667299343,811.7349697397216,2469.5866311906593
100387,-75.2594923869,39.7398129862,-287.48505525641724,613.4810675746377,2411.7013679412717
100382,-75.2724080889,39.9290095859,-685.4150109525826,310.78465879369134,2352.983546903546
305067,7.53046098722,53.2149625582,-470.49065364346706,442.3706372288615,2373.949504210136
312565,7.53122034528,43.8934991729,-494.3697958176423,422.6692512948199,2370.3573072107515
110641,-75.3145384054,45.2563027897,-218.7536962330025,683.4381113315047,2430.43866819915
100413,-75.3229182581,38.3895910595,-116.7597970209562,790.4089235410174,2462.659280994948
100407,-75.3355272321,38.4388955026,258.4452050023957,1200.6023263307202,2623.2404414860675
100297,-75.3399053315,41.3362067423,-413.3883137435654,492.50313249402376,2383.8002859664457
110642,-75.3428062127,45.26040296,-223.84157058991516,678.1912007645743,2428.968458554326
100377,-75.3449063649,40.1273381513,-435.917682311605,472.26923867374563,2379.702229619236
100381,-75.3559763918,39.9978205366,-519.8826980043358,402.6249378010096,2366.865291561087
305044,7.53565887965,52.6554768139,-501.72589640526667,416.7769745264385,2369.3137222311216
100294,-75.3760147945,41.6745383573,-444.17199984994454,464.9968093317493,2378.2696442047927
101568,-75.3770853376,44.5979255832,-151.14076183522144,754.0079501361423,2451.2185656782603
100339,-75.3805413599,40.6400247647,-447.78634631889327,461.8377577678416,2377.6540081259323
100409,-75.3930687589,38.4447926721,-311.794674782862,589.287298088115,2405.6608213846926
100290,-75.3935548399,42.0730129713,278.0675161257437,1222.4566764348617,2633.314412222257
100385,-75.4099719553,39.9334976133,-499.3650902742638,418.6584089206557,2369.645401999476
100419,-75.4151405267,38.7278966815,-358.14827669366144,544.1536016195256,2395.0047202485393
100384,-75.4350185194,39.9896937939,-429.5354772217597,477.9455993645691,2380.8352449947556
100386,-75.4510319507,39.8767863006,-446.5461623669144,462.91994207649867,2377.864449591143
100376,-75.4521608048,40.2306079088,-735.8904545750403,301.7008616082677,2351.8009860004
100331,-75.4556811451,41.1650054122,-353.8903036731452,548.2383722551886,2395.93609695048
301507,7.54724644061,47.8154435684,-697.0013620366482,307.75683366583155,2352.5855428709283
100416,-75.4727897685,38.2280285571,-82.59525469860684,826.8656583660148,2474.6012375415853
100375,-75.4771658879,40.3440321242,-366.965805558635,535.7379828841434,2393.106695106186
100335,-75.4978480236,40.7151857399,-412.680067902015,493.1478186652095,2383.9335642822634
100330,-75.5022571099,41.2396317903,-259.9296007648552,641.2748410400646,2418.920810941988
100337,-75.5118524227,40.5942718939,-647.7358289721926,324.24040868843866,2354.7985711061847
100420,-75.5144195699,38.6647126683,-252.7573855672513,648.5676051471169,2420.864392382099
410213,-7.55197770671,12.8650779076,-749.2122963376934,301.12897539351263,2351.7276899502695
100334,-75.5364609848,40.8193223656,-336.2776749512154,565.2714908963821,2399.8908988280073
100400,-75.5433790693,39.0397634203,-329.01821004327337,572.3531170585097,2401.5687702965893
102950,-75.5548457373,40.1021599832,-408.2722168620633,497.171291997429,2384.7691212030722
100336,-75.5606301848,40.5434706557,-759.2938817931273,301.2137231554041,2351.7385430515915
100418,-75.5618627949,38.7283411215,-282.43219439593815,618.5496208988158,2412.9956695716114
100396,-75.5732596428,39.7692874347,-427.0826292446265,480.13915802956905,2381.276564981612
110643,-75.5853209728,44.7819805844,-250.85856703842686,650.5021543131367,2421.3833898462494
100373,-75.5865783739,40.196775062,-307.8719936430288,593.1689309960219,2406.6146032458632
100374,-75.6021206272,40.1520914073,-407.44584602612827,497.92772440079926,2384.926935271653
100338,-75.6272179233,40.6605294974,-438.8422335441419,469.683518255159,2379.1904243203876
100398,-75.6304469365,39.1644671936,-430.34892791798194,477.2195922707449,2380.6896074676215
100397,-75.6313038286,39.2352298385,-476.20071956475306,437.58354177290613,2373.0621196858297
110624,-75.6352360599,45.1606510928,-140.11241129789684,765.6504268812592,2454.8248499721394
100422,-75.6395176203,38.6436699605,-383.48288137773466,520.1391996289367,2389.663000267593
110620,-75.6396280403,45.0272144827,-201.7097331540665,701.0844105957756,2435.459672964779
100372,-75.647857397,40.2434970149,-120.63349769514929,786.2925126051975,2461.3411757081294
100423,-75.6593750889,38.6323445876,-353.630912575672,548.4876412583716,2395.9931469998937
100425,-75.6730414531,38.8520579198,-270.7060342856362,630.3614997286702,2416.0505144134427
100371,-75.6767472854,40.2733603994,-439.88624102277817,468.76285495161756,2379.0088444643648
110626,-75.6795768156,45.4356893625,-73.87855481424316,836.208181907135,2477.738604321634
311982,7.56879931839,44.1103650449,-320.55274466523485,580.653671956008,2403.5605161121443
100429,-75.6894070094,39.0395886413,-318.30851274581715,582.8616222719752,2404.0948688799285
305090,7.56900512041,53.2268182852,-491.905945796567,424.6621947016405,2370.713489113794
100391,-75.6936337248,39.8230433681,-596.7763843977141,350.2287507030233,2358.5174677488153
312560,7.56964508146,44.1223999518,-329.8816838604034,571.5090059965218,2401.3677377262347
110625,-75.6974916811,45.3724943423,-110.15085453349751,797.4403336154226,2464.9250604296185
110629,-75.7021941955,45.2518173763,-177.1754643817071,726.6613498340195,2442.9451866957393
100332,-75.7059134648,40.8309822335,-282.06023513937373,618.9232502690437,2413.0914731068274
100333,-75.7110242022,40.7823240405,-302.7198263248752,598.2805844054866,2407.8795911618695
100394,-75.7228878242,40.002734525,-316.38655727555863,584.7549312371524,2404.554594402766
100393,-75.7241051353,40.0523345101,-533.9042449181792,392.10741177018224,2365.0988753585743
100388,-75.7269990785,39.639753222,-127.07729576687868,779.4531982040236,2459.1648493030643
301510,7.57304879474,48.0897847061,-644.5979151547049,325.5960433212339,2354.9856159398773
100390,-75.7491034424,39.689008339,-289.4735520416718,611.4900118047457,2411.1956582563453
312564,7.57622040101,44.027433006,-402.32754308355976,502.6275051106971,2385.9125878269483
100431,-75.7644593966,38.9937754055,-396.58318752595045,507.93156741809344,2387.0355977733307
100430,-75.7854184364,38.9974331958,-125.48901972189199,781.1379961686382,2459.699379378634
110628,-75.793281216,45.2519464663,-189.78890660106234,713.4870602772278,2439.0588867512656
100389,-75.7975218514,39.7812495607,-475.12040527519315,438.48570312683205,2373.228640418768
100365,-75.7978083684,40.5394096184,-738.8837560218558,301.50468081631374,2351.7758269893475
110446,-75.8019139627,44.523114155,-291.31663641562113,609.646406282493,2410.7287712537136
301509,7.5809404194,48.0230369066,-743.5866790453882,301.27562211800625,2351.746471952254
100370,-75.8135323417,40.2512117695,-334.8834182907612,566.6289181713673,2400.210990468408
110627,-75.8185720881,44.9518798835,-289.35974976592024,611.6039048002107,2411.2245445466388
100392,-75.8282782629,40.039556011,-345.7833886969196,556.0517398393084,2397.7360165863975
100369,-75.8301824111,40.2392164166,-300.0920288938096,600.8934643599868,2408.5301375253393
100364,-75.8440660552,40.6567134471,-244.86212185366065,656.6216793914524,2423.034563869062
301273,7.58519999975,50.2349693636,-21.178118807160192,893.0065341320175,2497.4797572472453
301386,7.58556259878,47.6347463585,-644.079409028256,325.8233507184454,2355.017053808884
100434,-75.8691064083,39.2762295229,-417.7246140029304,488.56703102907227,2382.9901828723177
312563,7.58955127711,44.05213899,-329.1113721922539,572.2620210234521,2401.5470614924725
103663,-75.8968879706,39.7206740636,-606.7920678372092,344.4894016981331,2357.6720331164847
101567,-75.9229188047,43.9854254535,-167.76606854406924,736.5216534433573,2445.896280271962
100435,-75.9308741094,39.289492672,-359.5459402876391,542.8157167321615,2394.7011024736953
110623,-75.9312685104,44.885445434,-221.92041413956719,680.1712519034008,2429.5220517157527
301506,7.59377325046,47.5980709534,-679.9153432327251,312.4104901497414,2353.198840347514
312561,7.59394251947,44.0934817455,-347.8201413436444,554.0843500048835,2397.2805290114916
100437,-75.9396749801,39.2599600775,-100.36268440947563,807.8730904845835,2468.3199545817383
100368,-75.9431613764,40.3274261289,-402.4799728475965,502.48717872973367,2385.88302995873
100439,-75.9671667944,39.3059522233,-198.58008648887332,704.3358726819613,2436.397645993761
301213,7.5978562838,50.347967426,-422.4874929017234,484.2660121062834,2382.1120960900657
312562,7.59805349181,44.076405246,-474.93504131042914,438.64066608351567,2373.25727678216
100363,-75.9939996256,40.5273482914,-436.3438669577179,471.8918209822507,2379.6273570807734
100480,-76.0056407406,39.8313043288,-442.78766571962774,466.2109030393089,2378.5073205626272
100440,-76.010491065,39.2851929796,-194.18903973078162,708.9034866306208,2437.7220147535963
100441,-76.0147076513,39.2811354243,-109.30806409112007,798.3377463190429,2465.215533184685
103709,-76.022685779,39.8475999852,-519.4199124846159,402.97838855114685,2366.9254423189086
103766,-76.0434929387,40.026913783,-392.0893878813169,512.1020187345795,2387.9264949845747
110645,-76.0561795728,45.3523844796,-222.99196962684456,679.0666727771262,2429.213044163455
305042,7.60617556948,52.6820509121,-439.0908380551335,469.4641704416643,2379.1471318911244
101566,-76.0770855095,43.8145920834,-322.7658947621457,578.4793209522793,2403.0361613231485
103784,-76.0857857182,40.0737178369,-1101.9757063160146,502.28403043523696,2385.8402534720444
100481,-76.0891337205,39.8274568395,-532.2874818151141,393.3007783138091,2365.297015192707
103789,-76.0893966495,40.0806619834,-323.0661463697598,578.1845659981699,2402.9652224316055
100482,-76.1187251279,39.7103532108,-559.9312636924918,373.64544614501244,2362.108250542762
110653,-76.1354846063,45.1769234691,-337.88750135461174,563.7057935014078,2399.522596160398
103638,-76.143622553,39.6606191047,-402.34706991083715,502.60952754709865,2385.90880065404
103780,-76.1470914483,40.0687792455,-578.4081909970212,361.47175269822566,2360.213188645468
103776,-76.156083859,40.051598186,-1124.4863808088144,523.231096061766,2390.337894052487
103777,-76.1602081294,40.0608563608,-115.25471756358598,792.0092908628501,2463.1733971993035
110444,-76.1640866707,44.3275319488,-192.98252707061846,710.159655583183,2438.0876120999646
103678,-76.1643892407,39.7639582102,-540.4413137002824,387.3357510990973,2364.3124691835433
103626,-76.1646770267,39.6231722196,-361.2725802912246,541.1649486185698,2394.32745660877
100366,-76.1687519741,40.4145914401,-372.1341357761727,530.8332264166335,2392.0134577642275
103679,-76.1687875001,39.7689782436,-387.64293425385034,516.246274232777,2388.818679497568
100479,-76.1728087414,39.6603158327,-97.43765809071472,810.9950063693898,2469.3435095614723
103808,-76.1765539177,40.135738752,-367.01207632629036,535.6939785846856,2393.0968443732427
103778,-76.1813557611,40.0602022107,-1041.1245759834608,448.24851821882464,2375.051831422349
103650,-76.1892838228,39.7020612591,-721.1697389828884,303.23281080655113,2351.9980028492632
110445,-76.1896370178,44.3610005156,-300.3983481548922,600.5886866141071,2408.454117965742
103770,-76.1899059958,40.0350619207,-937.7361385874362,368.93078595558075,2361.367060133406
110621,-76.1959296153,44.8895398413,-234.716024480281,667.0104866408864,2425.870453496269
110652,-76.1978893795,45.2271369263,-242.03591564217143,659.5112000448859,2423.819195163271
110646,-76.1984534455,45.417518042,-208.69000089441508,693.8447945439522,2433.3855154440735
103138,-76.2018075128,35.735958015,445.63181154799855,1409.9901427843204,2725.438803313373
103771,-76.2062099492,40.0314179264,-699.5994489969125,307.1531099597082,2352.5066420342373
103741,-76.2227722796,39.9642986128,-939.2908488156129,369.9666096900305,2361.5291148200604
103740,-76.2273756479,39.9683659741,-343.40235142564376,558.3553543068786,2398.2712877279837
103728,-76.228049992,39.9400232958,-478.0729147595182,436.0240473930246,2372.775049970451
103835,-76.2393665689,40.1771723434,-437.1717397411845,471.15927165250156,2379.482197269271
110650,-76.252470714,45.4232590415,-185.51403432233354,717.9462718350592,2440.3670455689944
110648,-76.2605491727,45.2437026276,-211.620886032546,690.8101949012594,2432.5219820665134
103761,-76.2616264148,40.0184396973,-148.44175025272645,756.8541754682811,2452.0955753765093
103755,-76.2690206154,40.0060809793,-620.512808566319,337.1072931641071,2356.6047175887843
100474,-76.277085316,40.0104246886,-221.48463128497278,680.6205901291063,2429.6478871566915
103643,-76.2810465664,39.6811058674,-352.17785203371614,549.8849016528922,2396.3133920510254
110651,-76.2854682847,45.3350707302,-158.91030462007458,745.8260822803703,2448.7141549937933
100478,-76.3185930925,39.772999337,-247.02170685337342,654.4159911892044,2422.437771622097
100476,-76.3282949733,39.905942085,-200.25496835490492,702.5953783667037,2435.8950579939883
110659,-76.3475241929,45.4347972964,-115.54987362771158,791.6954050296914,2463.072488215158
110657,-76.3642031503,45.0269872077,-236.75966308774005,664.9145531685782,2425.2949987316288
110656,-76.3642653773,45.0102826963,-218.10341841938052,684.1094207626079,2430.62752544141
100475,-76.3683960816,39.9479709775,-261.0140148453528,640.1742158996941,2418.6292594277593
103137,-76.384717601,35.8603131372,139.54437889048063,1068.8060128320801,2565.597544612812
103727,-76.385597507,39.9391320967,-377.4973447266734,525.7661712983128,2390.894086892803
110658,-76.4106847281,44.9476399521,-250.01264653002036,651.3644991506906,2421.6152003592792
110443,-76.4392655845,44.293648092,-190.4525689658312,712.7953177413189,2438.8566240866294
103641,-76.4480178762,39.676721478,-497.0980399204276,420.47369596258073,2369.966792352525
103893,-76.4516445725,40.3267456178,-470.1798340148622,442.632525319737,2373.9983193608646
103896,-76.4562924319,40.3398840289,-162.07998672126493,742.4931641762898,2447.701077890395
203006,-76.4684442639,3.4560756861,-373.6755570313309,529.374531916171,2391.6901686670763
110442,-76.4727506422,44.2355297862,-195.7678456311161,707.2604422349963,2437.244715043552
100477,-76.4729186993,39.8062579747,-297.271686668719,603.7020394213005,2409.2323715778684
103696,-76.4769603936,39.8024361754,-219.6208405472989,682.5431685220674,2430.187162494573
103697,-76.4769797506,39.8106722211,-415.1631862057464,490.88975684627275,2383.4674785349757
100465,-76.4812818389,40.3228528275,-514.2633950169339,406.94296375015256,2367.6036500231708
103881,-76.4894590116,40.2852703024,-56.610272799871495,854.7617628457238,2484.0616214338183
103689,-76.493649877,39.773069835,-285.6545285582445,615.3157651585377,2412.1687251744893
103690,-76.4984748504,39.7771896173,-288.9549217375135,612.009110523685,2411.3273562959625
110440,-76.5015719776,44.2898515207,-195.89690384863619,707.1261701546362,2437.205754214208
103130,-76.5016316466,36.3313217542,242.84645631346712,1183.2481805460131,2615.343328250181
101565,-76.5020856207,43.447925334,-113.45080369168225,793.9281318916437,2463.791051705935
103885,-76.5023572457,40.3014393157,-516.7584384726484,405.01866359539247,2367.2736609268222
103787,-76.5098552963,40.0770865821,-290.74757211841427,610.2154404719641,2410.8727365100954
103913,-76.5103929554,40.4525979162,-272.8183676520965,628.2287561231784,2415.494946771232
103742,-76.5141338667,39.9642735978,-152.63804758304767,752.4298740647132,2450.7336010350705
103767,-76.5143611417,40.0313581914,-160.2075431214203,744.461683937719,2448.298933281773
100468,-76.5143842367,40.3143902328,-462.6852965846371,448.9870987625324,2375.1913360216854
110622,-76.5195757481,44.7597897896,-203.82876990494003,698.8848260474957,2434.8274000299734
110441,-76.5226044444,44.2771326957,-314.1780912864431,586.9332133212756,2405.085251037252
301488,7.65245840431,47.5984015225,-605.6755611168628,345.11489563258675,2357.7635078702815
103682,-76.5273900588,39.7646529813,-269.2516069108112,631.8312230072014,2416.434390217135
100473,-76.5309982191,40.051791529,-140.1720938879892,765.5873320242425,2454.8051716609366
103708,-76.5311751301,39.8481950482,-332.2933522807717,569.1539602468171,2400.8083426883363
103701,-76.5312234911,39.8227327911,-249.04618628460727,652.3501039216902,2421.8804937370305
110439,-76.5347593384,44.2520686996,-216.8816388737754,685.3711435293413,2430.982943634118
103707,-76.5351837124,39.8432164488,-303.0941336814912,597.9087152444948,2407.787220587111
103788,-76.5351858494,40.0808023904,-361.60810365452204,540.844429818528,2394.2550334337843
103672,-76.5352461204,39.7517783122,-298.0102768927417,602.9661094678745,2409.048068641244
110654,-76.5353367664,44.9728778852,-203.73523192926623,698.9818863875012,2434.8552616849965
104004,-76.5477545004,40.7438718803,-216.22767625258132,686.046714488396,2431.1734949027405
110660,-76.5515683188,45.5133588919,-149.4322960559724,755.8093665930195,2451.7732901895765
103799,-76.5559749261,40.1016275422,-50.564768049496905,861.2709644365314,2486.3089393795603
103757,-76.5560786031,40.0106613246,-389.0857203432664,514.8996373423206,2388.52802043278
103888,-76.5562030231,40.3147678798,-390.54038344117555,513.5437655072851,2388.236099498683
103711,-76.5642678438,39.8603093302,-314.30237712170197,586.8105490590156,2405.0553191858658
301511,7.65671071666,48.2147465235,-697.7434878892598,307.58154478760565,2352.562618624893
103710,-76.5726026585,39.8561514809,-349.30343769208423,552.6534060620041,2396.950198708604
100448,-76.5810245492,40.6982717945,-948.2129645784514,376.0201336764711,2362.485049431499
100449,-76.5853548876,40.7065063402,-216.00012229457218,686.2818245783757,2431.239850488616
103655,-76.5892973489,39.7102096468,-459.15300528147213,452.00809683397006,2375.764253342648
103136,-76.5937837373,35.8349623411,100.37754275569868,1025.6733430814133,2547.9305866850227
100609,-76.5974551486,36.618827183,51.464174879320794,972.0496181694323,2526.8211112068498
103901,-76.5983146456,40.3601997606,-216.1248279947276,686.152975534798,2431.20348257659
103961,-76.602273646,40.6400421547,-101.83435166042088,806.3030963750559,2467.806546526953
103960,-76.60270342,40.631507246,-75.06733399457093,834.9331241168487,2477.3085777926017
100447,-76.6102424226,40.6764829067,-145.28518167577312,760.1854682336614,2453.1258455225884
100450,-76.6141363669,40.6770232738,-243.1635767814483,658.3578736744682,2423.505633929174
110376,-76.614728139,44.2555420509,-225.88853091469375,676.0830501368416,2428.3806864945245
100442,-76.6190230743,40.9565356219,-175.44736468786854,728.4702212087478,2443.483851193865
100617,-76.62693672,36.4692275246,335.23828777088625,1286.2700188743725,2663.538066052813
110649,-76.6399075631,44.777016295,-264.4676038642374,636.6725925386678,2417.7047913149345
100469,-76.6677489824,40.2984316465,-102.3102805549178,805.7954749702949,2467.6407387097265
103713,-76.6727807758,39.8729593632,87.84761216001064,1011.9096957731088,2542.421227935471
103882,-76.6811585815,40.2855657614,-570.5722910521969,366.53351464200506,2360.9937071523723
100451,-76.6847711828,40.6604248014,-129.41216190426388,776.9775992642018,2458.381308425454
103968,-76.6893568742,40.6481391654,-331.8498462514854,569.586770984648,2400.9109849259303
100472,-76.6930239475,40.0187162473,66.14098518048301,988.1092330902626,2533.042503468015
100483,-76.6940117595,38.9563668794,-175.81969519239547,728.0804094109415,2443.3676658303566
103756,-76.7099683539,40.0103830916,-20.141839675289688,894.1283924602446,2497.8811120749574
110375,-76.7149345323,44.2854002593,-234.90974038944896,666.8117410895256,2425.8158145069724
100471,-76.7179616785,40.0815953185,-381.57306430927315,521.9313400920611,2390.053721494054
100602,-76.7228296309,38.33518803,-460.20380881621577,451.1076882485404,2375.5931078899484
110374,-76.723242151,44.2608168833,-236.97518148191062,664.6936188438216,2425.2344370779865
103997,-76.7351584059,40.7230026676,-393.4704287893238,510.81841055818444,2387.6515483676576
103694,-76.7430296166,39.797609945,-448.62753951959905,461.10479719381186,2377.5117458915797
100638,-76.748122304,35.7228032729,271.57125910053685,1215.2186043553615,2629.9621145995006
103982,-76.7726756381,40.6890986608,-215.74151504676425,686.5490424220708,2431.315293315111
100445,-76.7768912564,40.8565028496,-49.26112099148567,862.675506817747,2486.79582956071
103994,-76.7807752527,40.7145655539,-593.9764650785758,351.8838768681836,2358.7638140892923
103964,-76.7899152855,40.64373925,-48.75569334030024,863.2201373164262,2486.984815660496
103958,-76.7938237068,40.6354227583,-221.65830296884027,680.4415075885724,2429.5977266014
104003,-76.7941378978,40.7317592263,-198.76917438049026,704.1393290667611,2436.3408346526294
103937,-76.7978369681,40.5809358078,-66.01127727675389,844.6536877719177,2480.601604475008
104021,-76.8060926588,40.8526266113,-163.94085859373774,740.5378271057314,2447.10864924951
104001,-76.8349463932,40.7313523293,-365.45363949200134,537.176995126195,2393.4292535920276
100462,-76.8478472723,40.3104073504,-474.28125485139816,439.18761617821855,2373.3584284851686
110617,-76.8478912183,44.2397084356,-267.1509289804493,633.955766059695,2416.9907697750145
103987,-76.8519130716,40.6975144555,-250.66369744979193,650.7007798955744,2421.4367579629225
103866,-76.8519193706,40.2484310933,-391.07683166589806,513.0442212601844,2388.128732046443
103733,-76.8646731767,39.9396336938,-508.3818447207051,411.5226420542228,2368.395100649503
103906,-76.8726310043,40.389549156,-127.9190615899683,778.5605356368781,2458.8820580720144
100637,-76.8728340823,35.3231387278,170.65607371188005,1103.1762898457719,2580.105113040003
110616,-76.8769914987,44.3228283004,-231.31030019946667,670.507100886976,2426.8342012171206
100444,-76.8773977297,40.9664084007,-116.17939448102186,791.0260069035724,2462.8574078608553
100461,-76.8854188574,40.256258049,-150.79694218901844,754.3704101992238,2451.330084595183
100464,-76.8976897744,40.2229412002,-402.1764062915247,502.76666284103186,2385.9419073233094
100614,-76.8979186634,36.7562573304,-11.811030462965961,903.1536718811407,2501.125951024792
100463,-76.9103707854,40.2229247072,-463.41566485770375,448.3645007499348,2375.073723779963
100452,-76.9120905406,40.6105300133,-233.83248033317773,667.9171631701636,2426.1199073241537
103851,-76.9145576918,40.2230876722,-538.9324107647107,388.42944955928914,2364.4918915365756
100613,-76.9183364921,37.0563697032,171.85330263390077,1104.5006945923321,2580.671666875162
103927,-76.9183518311,40.5520190004,-412.221004574383,493.5659524778186,2384.0200958260857
110615,-76.9268263498,44.2773505137,-183.67934036757637,719.8619026283994,2440.931303153176
103877,-76.9310329532,40.2730581464,-468.7000506937996,443.88117733416277,2374.231447742373
100565,-76.9395467809,39.6562887423,-249.16772172357375,652.2261387904509,2421.8471058220794
103850,-76.9434854772,40.2184816258,-29.39313444580443,884.1195491241396,2494.315907218
103684,-76.9438098292,39.7686844346,-367.10793627830583,535.6028194266013,2393.0764400735316
100588,-76.9478330225,39.0223997169,-492.3003064257212,424.3425645586147,2370.656255122928
203005,-76.9641699389,-12.0226217086,-413.62436970726304,492.2883724935714,2383.7559249112837
103966,-76.9643958739,40.6478078434,-951.5758311017368,378.34884127470775,2362.856811901897
110647,-76.9645507779,44.9687295099,-155.8033080390666,749.0959042562286,2449.712052799418
110614,-76.9730705886,44.2181934468,-197.6192192385261,705.3348161852776,2436.6866172695254
301606,7.69767003505,52.0149939689,-419.11254778905584,487.31125119016116,2382.7330365346857
103935,-76.9810642703,40.5689039648,-105.77578460389896,802.1007709638219,2466.436724231546
201845,-76.9813102693,-0.47710713833,-964.7713591768932,387.72392806258296,2364.376093655483
100589,-77.001665075,38.9850856218,-634.8909289563213,330.00421149335557,2355.5991270716318
103819,-77.0024832081,40.1517758133,-518.3490473440418,403.79776033170873,2367.065081299242
103869,-77.0060599134,40.2481495263,-492.6381909525648,424.0689024670782,2370.607285464405
305084,7.70238940344,53.1817469074,-388.53008563496184,515.4180281685474,2388.639824590228
100616,-77.0264430181,36.2896995238,-337.91466298929834,563.6793912658444,2399.516393775028
103695,-77.0270996321,39.7980920041,-228.81215556076774,673.0748510955837,2427.5448961934
100612,-77.0352400308,36.5727808932,187.23970280742537,1121.5327086921313,2588.0069714982587
100568,-77.0435951685,39.5612201335,-402.42415454669396,502.5385623426514,2385.8938523116867
103698,-77.0472059758,39.8109401071,-241.10235580108213,660.466409603199,2424.0792780087504
100446,-77.0473609758,40.8690648037,-100.68084812950718,807.5336273986234,2468.2088702613605
100587,-77.0477956598,38.9686644174,-388.8331747559308,515.1352213835264,2388.578816821236
305061,7.70594501074,53.0102316502,-477.34254165748433,436.63183095396823,2372.886812230937
305005,7.7066555058,52.5229202479,-529.2609654242965,395.54852108366146,2365.6718074130135
100567,-77.0769289762,39.6314973233,-351.0720579756605,550.9492518149727,2396.557853658609
301505,7.70772068089,47.5391463966,-578.3465870225103,361.5109477029193,2360.2191917629902
103133,-77.0890380862,36.3268285748,-328.0977231140098,573.2534876253809,2401.7835100050015
110373,-77.0904179953,43.9356997454,-337.47911589949877,564.1028205796903,2399.6158984394237
100566,-77.0933182476,39.6773301981,-358.8035866156992,543.5261379881747,2394.8622362327283
100585,-77.1015389263,39.1146768195,-460.5866557657976,450.7799936908662,2375.530902886599
305038,7.71050840812,52.7196495202,-398.2795967050199,506.36200082027875,2386.702106198425
100584,-77.1145601703,38.9312324313,-232.6639298575329,669.1167900156096,2426.4504418054935
100457,-77.1270856144,40.4770914162,-223.03968802653688,679.0174939789745,2429.199297090868
100590,-77.1274813824,38.8678976741,-470.7727031592275,442.1331058123012,2373.9052531877746
103862,-77.1354275901,40.2313626909,-514.6361677160264,406.6547556729014,2367.5541299342385
100562,-77.1563205008,39.7318004876,-577.9345452209433,361.77335321923937,2360.2593982350277
100605,-77.1639763064,37.8857691168,-196.64547093288894,706.3474729392816,2436.979938445327
100611,-77.1645854125,36.7687573244,-243.8796671095853,657.6257624775888,2423.3068545546416
100569,-77.1688006878,39.5353899573,-508.09885765939305,411.74450675920866,2368.4336610307805
110655,-77.1688286098,44.8519870562,-170.13610189881769,734.0355003966014,2445.1487855956275
100458,-77.1725805751,40.3227320855,-266.26561955408727,634.8517562643783,2417.225934886776
100560,-77.1767951755,39.8024358514,-633.3452896514933,330.735464257455,2355.7016821267666
103805,-77.1812757229,40.1106896989,-581.5710664389158,359.47241287996735,2359.907812495867
103834,-77.1844409601,40.1779459075,-268.30895906952736,632.784321837289,2416.683774476992
100561,-77.1937197609,39.7813656567,-833.0390808221345,315.0812210887818,2353.554894991846
103724,-77.1976836072,39.9356534434,-613.096125632157,341.02687694597125,2357.1685978429296
104026,-77.2015533765,40.8896871494,-139.37258179530215,766.4326339912564,2455.0689298478073
100580,-77.2022030816,39.2019557857,-513.2791051861437,407.7051510229837,2367.7347735816943
100572,-77.2108178493,39.4403879895,-402.1067713617243,502.83078577625776,2385.955420158066
103145,-77.218733569,35.6231535666,-595.0231471310159,351.2626072870999,2358.6712121733744
100591,-77.2270855447,38.8104244133,-337.92156693624156,563.6726804217457,2399.51481731435
110613,-77.23119291,44.1940447668,-196.6390800743118,706.3541202267603,2436.9818651394603
100636,-77.231317983,35.5646230098,-23.651800213299218,890.3293003396092,2496.523729288488
110372,-77.231792187,43.9648712998,-233.98036058134787,667.7653892992929,2426.078127967712
100563,-77.2352210123,39.676508611,-111.97331237008538,795.5003349430352,2464.298125380077
103744,-77.2391349716,39.9895062709,-265.7286091673196,635.3954244041186,2417.368778902171
110371,-77.2478932034,43.9731058835,-231.91420517392774,669.8867407558761,2426.6628759054715
100581,-77.2521646707,39.0016584722,-124.91758748277937,781.7443106056807,2459.8919966172566
103180,-77.2609663085,35.3899346273,-320.3322205163329,580.8704949207956,2403.6129055500624
110605,-77.2724329464,44.4854167649,-200.2235938263205,702.6279730844863,2435.9044596244116
100559,-77.2900519079,39.8685510189,-988.9813103886502,405.8374128695512,2367.413878801494
100574,-77.2937069222,39.3062205094,-288.9847727019463,611.9792287802672,2411.3197723063968
103179,-77.3022022089,35.3143124141,-244.0439931852854,657.4577904477673,2423.261276477991
103844,-77.3055405501,40.2063010788,-378.5867204962804,524.739827102326,2390.668599786399
103132,-77.3058045242,36.3904385181,283.53820609452737,1228.5542207136175,2636.15059150469
201847,-77.3063138382,0.0525553534943,-864.1065677290369,327.38631106665554,2355.233802519638
103135,-77.3072035593,35.9770815559,259.5248815488559,1201.8041358722362,2623.7907021820342
110604,-77.3100818535,44.4808301775,-169.50033476456585,734.7022505442657,2445.34902719675
201844,-77.3151102689,-0.693772323257,-938.871649457654,369.68675324774364,2361.485287564617
100582,-77.3184736422,38.9021825159,-386.12238946612393,517.6674504781356,2389.126212057834
100564,-77.3188750032,39.7072339995,-489.1334616527401,426.91613944776475,2371.1182716132626
100604,-77.3229188486,37.7729241975,-213.6439273564185,688.7173843123687,2431.928474135568
110606,-77.3270561539,44.547633455,-175.13089034260923,728.8015881441315,2443.582661327153
103895,-77.3353337786,40.3441762802,-105.81760637885891,802.0562001580793,2466.4222298846767
305043,7.73516290416,52.7728130506,-365.1012343978093,537.5126065655306,2393.50459996929
301347,7.73556505919,48.2316306318,-589.6697646438495,354.4717060439918,2359.151258025441
301512,7.73576725021,48.402775329,-715.127825030138,304.1321322527012,2352.1141174963973
100598,-77.363877308,38.7359562222,-323.7371571657781,577.5260414980793,2402.8068579196547
110607,-77.3694307604,44.5395847154,-172.01674286853353,732.0639280783989,2444.5576415071214
103144,-77.3726310877,35.7308274965,-165.48997737275764,738.9108482161415,2446.6167884384304
100570,-77.3730841997,39.4772813365,-434.40996024334925,473.60609262894167,2379.9678986979084
100573,-77.3773176211,39.3897309333,-285.818602770408,615.1512465282574,2412.1267636595203
100628,-77.3814305314,36.2106022782,-211.54538904698683,690.8883244634245,2432.5441711790477
110600,-77.3850250197,44.1640198633,-195.25885139338405,707.7900544766347,2437.3984551306585
104025,-77.3930444744,40.8898004534,-581.3926785156938,359.58449380963293,2359.9248877974087
103836,-77.3933680684,40.1811156957,-269.5588201978756,631.5206948409258,2416.3532142196527
110549,-77.3933680724,44.1023029362,-249.91077177896898,651.4683728593559,2421.6431423092254
110612,-77.3937659574,44.510436799,-258.2190231207981,643.0120758872573,2419.3819453724377
100571,-77.4229166949,39.4186137547,-243.5382057913193,657.9748362911743,2423.4016078746995
100599,-77.4271663872,38.589378598,-254.35652059287364,646.9396070450779,2420.4287477678254
100600,-77.4307825305,38.5686260993,-389.3740827327944,514.6307105246319,2388.4700617910976
100656,-77.4434877136,35.3685553766,-179.57048544181947,724.1559290523733,2442.201113225319
103934,-77.4441595626,40.5678622157,-361.04836309838265,541.3791863179129,2394.3758876240645
110370,-77.4558239546,43.9772190428,-196.24257486772072,706.7665620903612,2437.1014425227177
100597,-77.4652772554,38.8691443642,-297.7453464128679,603.2300514636282,2409.114144835419
110608,-77.4681587876,44.4783669503,-205.4142826764933,697.2400759886175,2434.355806249755
100596,-77.4684675446,38.8811991812,-286.60934729647084,614.3585547566573,2411.9247296837375
110609,-77.472771661,44.4977553559,-250.64938467422365,650.715369192753,2421.4406785137116
100608,-77.4753798322,37.2265735573,-342.03001999464533,559.6848390527601,2398.5811612123525
104028,-77.4766881583,40.9226848711,-480.20929239367626,434.25069028924355,2372.44981609179
100575,-77.4772187603,39.1187196198,-411.66191145360335,494.0754812553515,2384.125636168318
100595,-77.4853374,38.7811888109,-341.72644346607854,559.9791116201684,2398.6498438305234
103992,-77.4889482103,40.7140885858,-119.38772996953,787.6159341969943,2461.764271342463
100601,-77.4935650967,38.4897552448,-547.6252794416935,382.1936930382847,2363.475510102765
100646,-77.49756592,35.2937905374,-460.5288491443565,450.8294604879155,2375.5402901868674
100635,-77.5057473787,35.6901240292,-118.14666636001095,788.9347370473026,2462.186525667212
100655,-77.5104319691,35.54353343,-67.37060983810395,843.1935568389522,2480.104804670965
103769,-77.5138641864,40.0360351597,-276.9896570766108,624.0235190336258,2414.4046512886757
103175,-77.5180067067,35.5731753065,285.9146807860326,1231.203606179667,2637.3863554145983
100603,-77.5187522728,38.322924304,-243.96804179231614,657.5354255830113,2423.282340907455
110368,-77.5190765828,43.9941710942,-287.94770923308954,613.0176342254008,2411.5835228597393
103781,-77.5270209565,40.0688242965,-360.62120346626614,541.7874389246792,2394.4682284035107
100633,-77.5312521478,35.893757124,-229.8134385328686,672.0453732902694,2427.2596588783285
102989,-77.5312609668,40.0647478211,-348.04598639559134,553.8663757144329,2397.2301579123196
100615,-77.5397075295,36.6897126339,-226.73976938178035,675.206842991854,2428.1368883735345
103139,-77.5441536649,36.002125543,-27.60606827049875,886.0518090264919,2495.001458143141
201840,-77.5482500002,-4.46883814461,-813.4975459328155,309.2103797878591,2352.7761318973457
100592,-77.5525597196,38.6104952538,-280.04701998518505,620.9467155219616,2413.611255230385
103798,-77.5602376252,40.0980786779,-656.7409243331117,320.54378101940864,2354.29241671622
103178,-77.5607325843,35.5271444737,56.745212211293875,977.8250523331004,2529.0484971284186
103944,-77.5640836095,40.6078715501,-270.6714439643387,630.3964421051725,2416.059631316277
103176,-77.5685199809,35.543409774,150.72239682810883,1081.1443195565068,2570.7620480251735
100594,-77.5687806179,38.8892866819,-286.3808921826773,614.5875393040793,2411.983066135649
103795,-77.5723745202,40.0979183989,-733.4132954213467,301.89279265148457,2351.8256155829654
100515,-77.5725038742,39.9148584777,-347.98400081906334,553.926197495701,2397.2439801007595
100556,-77.5767787916,39.3308768934,-303.69795974239895,597.3089881114313,2407.6383646918375
104022,-77.5770052546,40.8560952016,-238.2423919080673,663.3949477838214,2424.878826787512
100558,-77.5770856796,39.2562578252,-309.18788673257154,591.8658140888236,2406.293749679018
103181,-77.5811176899,35.0393690963,-184.4955473852448,719.0095548636613,2440.680070767679
100654,-77.581252141,35.4270903544,-165.6704858192914,738.7213135445062,2446.559553115804
100555,-77.5849255223,39.3645128912,-288.4752720498852,612.489318622077,2411.4492806782023
100645,-77.5897958427,35.2564673583,-212.04607651470437,690.3702167697418,2432.397069571492
110566,-77.5932016809,44.2038257026,-178.0567751620887,725.7392052147828,2442.671050682647
103772,-77.593387902,40.0317350014,-513.1972911712089,407.76858117934756,2367.745696576028
103977,-77.593634465,40.6644960437,-81.97240138389098,827.5327019515765,2474.824203990368
100455,-77.5977067093,40.6647563048,-209.0674395337355,693.4538257904906,2433.2740651970857
100456,-77.6015688356,40.6604247674,-392.61489304838796,511.613386728516,2387.821753259046
103174,-77.6016733196,35.6145867919,-108.1608235268336,799.5596097420816,2465.611493603198
201846,-77.6017897307,-0.122558484995,-810.4245976360914,308.42598663221617,2352.6731726033127
110611,-77.606192142,44.5630773223,-193.4935316295078,709.6275600469091,2437.932677871851
100593,-77.6094722053,38.7228328801,-420.94978960862846,485.65201625325835,2382.394247127905
110610,-77.6102431024,44.5021716513,-197.55191317131087,705.4048012232262,2436.706876389949
101564,-77.6146629787,43.2238969785,-36.8198459532044,876.0954155464137,2491.4830212142174
100557,-77.6309172261,39.2189038081,-375.2173424605251,527.9174133220521,2391.3680735398993
100627,-77.6312522071,36.4604239099,-139.52179816642246,766.2748587248057,2455.0196795486186
103969,-77.6316751921,40.656077088,-341.4853107267769,560.2128990015676,2398.7044336610174
100516,-77.6479337655,39.9394529528,-507.393673600593,412.2979759992057,2368.5299425741537
103177,-77.6510997937,35.5355051444,122.26108711126483,1049.7530043156946,2557.7188739044623
103952,-77.6560407861,40.6271842657,-265.22116803751237,635.9092805280673,2417.5038947060675
103950,-77.6689753922,40.6233490973,-6.114624389053294,909.3314617932414,2503.3633725978166
100526,-77.6769068769,39.7109016348,-448.5605279276823,461.1631550376794,2377.523064750706
100443,-77.690066927,41.3891104967,-5.252398685360891,910.267004630485,2503.7033545482655
103943,-77.6977566676,40.6064231169,-6.078516124638977,909.3706380553784,2503.3776034019575
100527,-77.6978867836,39.6352988766,-357.00245490935663,545.2515006567061,2395.2544054495906
100577,-77.7190401494,39.0937770448,-480.0223725274362,434.4055825726564,2372.4781722973917
103173,-77.7260903709,35.5062787899,-274.20479380552797,626.83010495983,2415.1315592201668
100528,-77.7303981113,39.4505906773,-465.5036454354352,446.58853747413997,2374.739099282398
103939,-77.7308171253,40.5975518372,-477.2463773132793,436.71191188265817,2372.901549124508
103940,-77.7308261333,40.6060556389,-538.3293166746334,388.8678952357671,2364.5639572239056
103941,-77.7481672208,40.5983319173,-513.2301315357844,407.74311872278867,2367.741311613891
103942,-77.7481672518,40.6061346139,-143.6913556512865,761.8685518677202,2453.6479287343363
103170,-77.7520573271,35.5564950521,-292.13864799549157,608.8247407849105,2410.521112301051
100578,-77.7686108335,39.0442332227,-330.6067079151521,570.8006097644294,2401.1992428710964
100525,-77.7726516038,39.4019022833,-170.16644271213713,734.0036840361774,2445.1392344886954
100523,-77.7732671088,39.5183706759,-413.18617482590037,492.68707974239715,2383.8382970332473
103847,-77.7809564485,40.2189056529,-236.2137199009269,665.474300504135,2425.448517798048
100554,-77.7895857472,39.2812578223,-299.38323814314504,601.5988868294063,2408.706227104431
103930,-77.7897653972,40.5564443728,21.802090743042083,939.6802032579157,2514.5463511838707
201843,-77.7939687546,-1.04350356919,-951.6051160868861,378.36923106116984,2362.860076871058
103160,-77.7975757889,35.276747238,-311.34028920472656,589.7364706198248,2405.770889473146
100524,-77.7981096459,39.435196972,-268.9933809969754,632.0922699163724,2416.5026599499774
100576,-77.8097191879,38.9309521553,-218.3895568632544,683.8140083501795,2430.544397017512
100653,-77.8099717669,35.4895834556,-298.0848413671498,602.8918301203566,2409.0294781681596
100518,-77.8270546083,39.7145338521,-464.05833884074025,447.81724386991453,2374.970473872155
100651,-77.8310964836,35.6023956139,-125.85908872691516,780.7453806740573,2459.5747228537625
100517,-77.8435711207,39.7687625796,-500.4481162982804,417.7941581770341,2369.4928627164377
100519,-77.8439775147,39.7018780391,-274.7867926644097,626.2432526707634,2414.9793124109656
103967,-77.8447235658,40.6475754843,-185.82503005792,717.6216644754461,2440.2715670969474
103169,-77.8561103367,35.6978407098,-276.48350869606975,624.5333325305455,2414.536467171078
100652,-77.8584428859,35.4731390742,-340.4416099884396,561.2252631493756,2398.9410713592715
103860,-77.8643156444,40.2314787439,-382.63397659596706,520.9354160244707,2389.836432797414
100553,-77.8648948174,39.2187961911,-411.6490090317334,494.08724353165127,2384.1280737573616
103168,-77.8893577614,35.5937373662,-306.6676867316377,594.3624168991851,2406.909044912068
100650,-77.8899875945,35.6429506663,-35.402135357091154,877.6264189990852,2492.0217894678285
110367,-77.9020647445,43.9868198836,-172.5681444100149,731.4860700602443,2444.3846543761197
103164,-77.9022572385,35.6938009325,-119.4427825098837,787.5574419482198,2461.745557978181
100649,-77.9176951088,35.6769232421,-395.64948553329873,508.79658012160843,2387.2198113706927
100521,-77.9351161182,39.4242140311,-313.1049737834099,587.9927100112586,2405.344028384228
103915,-77.9394146956,40.4770472352,-112.20727181423689,795.2513432623409,2464.2177596182205
103165,-77.9476998833,35.6354436826,-172.47991252167637,731.578529099324,2444.4123244854604
103171,-77.9478801963,35.5110580963,-225.78705134801314,676.1875250926348,2428.409775336153
100648,-77.9481456373,35.6897158311,-217.50953692664464,684.7226482047331,2430.800191875462
103167,-77.9518809096,35.6064223642,86.65741194760153,1010.6032396772328,2541.901527578006
100514,-77.956249177,39.5563781431,-273.1282956492326,627.9160144219547,2415.4136269021988
110572,-77.956494325,44.3101643054,-232.16481373399208,669.62934630631,2426.5918340940443
103163,-77.968372305,35.7214049057,-224.5278326469688,677.4842439322588,2428.771164320292
103166,-77.9728523984,35.5896880338,-227.64025029005418,674.2802561627311,2427.879389860246
110553,-77.9773265707,44.3806674112,-198.92876348301556,703.9734569284599,2436.292900272274
305037,7.79807552836,52.7559677812,-503.72305878697404,415.1925451287445,2369.035524720507
110571,-77.9891927947,44.3686232222,-258.0533740275462,643.180376649552,2419.426681006131
305073,7.79958336949,53.1317166453,-80.68222634182554,828.914673294131,2475.2866507658455
103991,-77.9983401665,40.7059044082,-457.3951104048492,453.51759527345706,2376.0519095928653
100513,-78.0302820161,39.7401011253,-611.0698435181326,342.126892760924,2357.3279955507946
110596,-78.0353716985,44.3273270138,-199.74755391136242,703.1225684129465,2436.0471699186983
110582,-78.0436071412,44.2829658201,-264.7912570203635,636.344720351241,2417.6184709288145
100552,-78.0516763309,39.0976729631,-41.71801754627477,870.8085878922794,2489.628900981877
110595,-78.0561097262,44.3147816038,-247.496301277359,653.9315316938864,2422.306940914135
100606,-78.0854190787,37.6729241502,-268.06567077723025,633.0303757542575,2416.7482128854176
100647,-78.1144632161,35.6895734051,-128.83508537858341,777.589329665428,2458.574715860149
103946,-78.1264750681,40.6063660699,-74.62866428501407,835.4035975603563,2477.467182158841
103892,-78.1272318171,40.3220294054,-90.76131789747451,818.1279124024308,2471.6953187861245
100511,-78.1475824798,39.8810864389,-207.2038796836614,695.3846851281938,2433.8250405828517
103158,-78.1515650211,35.2357544626,55.59470417593555,976.5665299101532,2528.56217151132
301504,7.8154164928,47.5780649198,-608.2604085223747,343.6723694568383,2357.5527916433516
103162,-78.1559907445,35.7561131946,-177.55841141229618,726.2606298248345,2442.8260212898604
110552,-78.1561568055,44.2423648108,-216.09802263922157,686.1806710107239,2431.21129915234
110594,-78.1601991249,44.3104328914,-255.06858017248223,646.2150591537084,2420.2351890951245
100520,-78.1604994779,39.169101225,-209.40906573607091,693.0999973986393,2433.1732520006203
103791,-78.1645319692,40.0896126622,-173.16619701575988,730.859427914908,2444.1972038338863
103925,-78.1683450135,40.5323006488,-231.91115723951572,669.8898713753762,2426.663740123176
103924,-78.1688574596,40.5270673594,-271.1387012342094,629.9244775655484,2415.9365296492188
103916,-78.1726616199,40.4724985799,-298.2327130995769,602.7445328314313,2408.9926192737626
103159,-78.1761355062,35.27696256,394.3399042840507,1352.432245491255,2696.111541925111
110365,-78.1799459765,43.9558764531,-319.85532110676695,581.3394919189483,2403.7262890607703
100512,-78.1809724476,39.7642610993,-284.8039195580184,616.1688999535613,2412.3864908275505
100551,-78.1896636033,38.927372909,-6.161109820880945,909.2810269567395,2503.345052892387
101562,-78.1936999696,42.9939801615,-114.35022063544461,792.9713154050901,2463.482895193827
103161,-78.2018855523,35.7311537956,-221.55606893334283,680.546925404517,2429.627252385605
110558,-78.2058713196,44.5564231568,-221.70342539583487,680.3949812202088,2429.584696676971
110366,-78.210147195,43.9900235449,-267.1025607765382,634.004708291247,2417.00360736031
103979,-78.210732147,40.6729769784,-352.13825831433957,549.9229962583316,2396.3221339525753
100543,-78.210808078,38.9139243989,-190.67693079625147,712.5614959054737,2438.7882961225496
305076,7.82229771237,53.0939281402,-100.04405044109635,808.213078364097,2468.4312524143857
301395,7.82253311839,48.5849383341,-549.0423506126957,381.19234413870583,2363.313790229144
305075,7.82306124243,53.0521374627,-330.7569161640464,570.6538887436907,2401.1643693415863
103965,-78.2313950957,40.6478713394,-265.49466136202574,635.6323148107839,2417.4310553744854
110557,-78.2352619391,44.4858492349,-261.33171466526284,639.8518683790963,2418.5439589400694
100632,-78.2379348173,36.2020905005,-358.6392950824188,543.6834181614959,2394.8979366647445
110592,-78.2398090954,44.7268968499,-193.61701750287827,709.4989906055814,2437.895257292163
100454,-78.2605426712,40.2146129635,-186.69993604601552,716.7086341146935,2440.0032241929175
103922,-78.2647693355,40.510356569,-148.0173696309063,757.3018871537879,2452.2338012807777
110364,-78.2649361195,43.9561195101,-295.5843573653771,605.3844045631537,2409.6544866734657
110570,-78.2652132595,44.401823695,-206.10290323931557,696.5260039992173,2434.151380276995
110554,-78.2787997797,44.2063913678,-244.71316931525703,656.7738848217305,2423.0758146705007
110591,-78.2934914579,44.7775632171,-177.42842430127004,726.3966446349486,2442.866462415454
110354,-78.2937072409,43.9478970714,-218.12871647903773,684.0833015373805,2430.6201742147136
100663,-78.2937523099,34.4062567739,-325.26599187988035,576.0267036126534,2402.4469257680057
110556,-78.2982419743,44.3522766209,-211.85135689659725,690.5717003514446,2432.4542629170987
110574,-78.3060001339,44.2893654767,-268.00842784316205,633.0882734737936,2416.7633789569286
100550,-78.3062603429,39.06039089,-228.92012631899107,672.9638210299333,2427.514113712316
100510,-78.3097248172,39.5823134182,-150.46083662399255,754.7247698627319,2451.439158148053
110360,-78.3102574513,44.0023611829,-450.57645287497957,459.409973192482,2377.1836259166007
110564,-78.319039389,44.3018457577,-248.04331138243333,653.373271049736,2422.1562912371105
110555,-78.3229503883,44.2728005683,-259.60462512886033,641.6047790035739,2419.008300998057
110357,-78.3270570247,43.9897434249,-254.83789768283674,646.4497627944685,2420.2978667251487
110358,-78.3351524423,43.9984308856,-449.03597867440857,460.7492218799713,2377.4428096844476
110597,-78.3355371254,44.2601254262,-240.07572567204025,661.5172663771995,2424.36580605577
100548,-78.3361970104,38.9775077402,-498.96785536662884,418.97588180356837,2369.7015122986186
110567,-78.343561726,44.5647034954,-218.2474321152563,683.9607356372492,2430.5856816312253
110559,-78.3439853011,44.5563474758,-217.86285804204576,684.3578016084297,2430.6974448663095
110359,-78.3519555657,43.9976119925,-423.02789328224407,483.779515454267,2382.0132424968688
103154,-78.3523576598,35.519288353,-134.76543022756348,771.3069463418434,2456.5949754349945
100644,-78.3525065248,35.3143442461,-44.66584471767821,867.6289532053627,2488.5185288234275
103831,-78.3813005832,40.1728499681,-555.4536124190112,376.71674971742686,2362.5960250061676
110362,-78.3942295552,44.0598800867,-433.18397574070474,474.6950298587414,2380.1848329971926
301594,7.8396274268,51.689737756,-515.3229408382336,406.1244280528041,2367.463097688853
110593,-78.3965559444,44.2269751165,-252.0848608690229,649.2526044898973,2421.047998758843
103903,-78.3972387165,40.3521197619,-417.0981746844666,489.13447254623617,2383.106585969324
110356,-78.4058745832,44.0366929518,-417.6813268678241,488.6062284421274,2382.9982195397715
103911,-78.4105791616,40.3976527067,-148.19452471377474,757.1149866127192,2452.1760888669596
103753,-78.4225189016,40.0056453962,-579.314752755329,360.89607594555963,2360.125091068307
301393,7.84381710915,48.3400192958,-606.6517611745682,344.56780447274593,2357.68349015224
100547,-78.4433821113,38.9439757074,-443.0529987543974,465.97802354546525,2378.461684846872
110355,-78.4474756136,44.0103111946,-288.9150270287521,612.0490470949209,2411.3374927427894
110363,-78.4477481196,44.0190945133,-399.06613989635537,505.6351684787481,2386.548007365411
110577,-78.4600089967,44.1349040489,-276.53386717052393,624.4826037483114,2414.5233463856907
203013,-78.4603108617,-0.302004802842,-797.1071015601236,305.47600898857866,2352.288260380703
100502,-78.464529805,39.6603709597,-214.69768569320587,687.6278786553333,2431.6201527708467
301394,7.84766900846,48.5380995792,-401.0393981272303,503.8142415311473,2386.1628732814715
100549,-78.4932610544,39.048037863,-152.12263091302248,752.973030509116,2450.9004166900304
100542,-78.5105558128,38.6352243138,-113.00107377988344,794.4066356559628,2463.945285640797
100509,-78.5184697675,39.3517932101,-314.58718302032037,586.5294936270035,2404.986759787178
110361,-78.5270169692,44.0234692357,-358.2076213693146,544.0967655234012,2394.991807524675
100541,-78.5352787819,38.6441856786,-686.7919101279244,310.3964474804057,2352.9323029925317
110575,-78.5389577422,44.3433609471,-252.17937900108842,649.1563211645123,2421.0221802298975
110561,-78.5437554496,44.5399764814,-259.1657895076895,642.0503916247264,2419.1265310526333
110353,-78.5809511907,43.906713522,-277.2225428339393,623.7889893385135,2414.3440457145384
100642,-78.5811571577,35.760716469,-292.79614511460426,608.1677787696129,2410.3552673808995
100630,-78.5896403544,36.2771923417,-423.7869638073144,483.0966828695253,2381.8746551522863
100631,-78.5934829847,36.268871357,-317.598510943325,583.5607822869902,2404.264472657009
100505,-78.597418611,39.0434179956,-246.02489002070445,655.4338415874776,2422.7129397754497
100453,-78.5983816281,40.2733868844,-141.89656942782207,763.7646739519677,2454.237344886235
110352,-78.6101265231,43.9144501816,-251.52895968376544,649.8189666507075,2421.199941614958
103153,-78.6104102571,35.8104959131,-472.06959791367825,441.04233295263094,2373.7023417677246
101058,-78.6143400954,41.5356454458,-158.3590607136091,746.4060122126297,2448.8908515743287
100641,-78.6148232555,35.8145992885,-193.32691031989856,709.8010487965594,2437.983182208191
110351,-78.6220507221,43.9563321191,-234.83090477415897,666.8926217636495,2425.8380483494925
103134,-78.6228136031,36.4929162226,-271.9152363875827,629.1403511055972,2415.7321973361527
101059,-78.6268405405,41.5394424151,-69.0026433809856,841.4409916315886,2479.509510015082
100607,-78.6354192332,37.4145907428,-345.99660886981906,555.8456449299988,2397.688230117696
100546,-78.6355428532,38.7440088218,-603.6886217619175,346.2370053861807,2357.9280166612534
101064,-78.6394453405,41.4188824512,200.51083366301427,1136.2394153154412,2594.414091230168
103732,-78.6444659809,39.9442566671,-297.7350828569417,603.2402774966523,2409.1167054029406
100624,-78.6475150912,36.6396013787,-281.17060652061195,619.8171568470005,2413.320901948015
100501,-78.6520860266,39.4479244891,-155.36425709779817,749.5581869434372,2449.8534534684345
100504,-78.6561288309,38.9890055091,-213.9323244632397,688.4191631473367,2431.8440353044352
110576,-78.6606443353,44.7435753452,-259.6193618035588,641.5898162641143,2419.0043324043677
103152,-78.6606730703,35.8189522678,-364.7867851919996,537.8121518149055,2393.5718870543787
100507,-78.6684535869,39.1352219122,-202.74612048165326,700.0084325449875,2435.15015419817
101062,-78.6687659679,41.4815346123,-210.36740524949727,692.1076524206819,2432.8907641726437
100619,-78.6689214729,36.8392794412,-103.80124864933805,804.2055584299532,2467.1220172636204
100626,-78.669269104,36.5147562864,-328.6875551878991,572.6764835572498,2401.645857048199
110348,-78.6727172883,43.9027097577,-351.83354278464964,550.2162123149607,2396.389440001667
110347,-78.6768278256,43.8976506193,-265.33397870181784,635.795033341952,2417.473845211066
100508,-78.6770025376,39.2187468141,-145.07143343154027,760.4111466833623,2453.195789140685
101060,-78.6771192856,41.6064987887,-128.72123641024103,777.71002538299,2458.612891741702
101063,-78.6807991369,41.4975949617,-303.74483872383576,597.2624359279395,2407.626816021922
100545,-78.681409047,38.7020683554,-350.40511897120916,551.5916187522358,2396.7056101521925
305082,7.86821333816,53.1447482744,-136.98633303993253,768.9565584468893,2455.8580285993257
101066,-78.6849779473,41.2942912279,79.6342613107326,1002.8974556182353,2538.847725709995
203008,-78.6892956036,9.23266514706,-804.2516285006063,306.9671657781615,2352.4823716073115
103151,-78.6976738363,35.8733795603,-338.1409149601438,563.4594841589987,2399.4647440931503
110661,-78.7070079861,46.3186040846,-128.44789017787372,777.9998238337951,2458.7045763455803
101090,-78.7146054277,40.4482773239,-284.7989633997937,616.1738719164563,2412.3877607652134
101089,-78.7146827447,40.389599444,75.72387092013108,998.6095164555702,2537.1569589232963
101076,-78.7148533317,41.1063796743,-249.54470851401774,651.8416560308519,2421.743589316244
100623,-78.7184835551,36.5855039062,-280.4908980958372,620.5004023701057,2413.4964713458244
103150,-78.7224437904,35.8348724741,-331.64146048254264,569.790175541201,2400.9592483006777
101067,-78.7263967337,41.2690601578,-197.87029452468786,705.0737610540322,2436.611063831107
110619,-78.7266771347,46.3818526878,-112.06573866528863,795.4019685650251,2464.266373477997
101061,-78.7268102387,41.598023628,-180.77360941477045,722.8980285358356,2441.828418934934
110585,-78.730279437,44.3276788698,-258.9417836503622,642.2778904708682,2419.1869205261905
103155,-78.7352802834,35.6939464645,-374.9032067223424,528.2141417802359,2391.433596701759
110562,-78.7356370435,44.5357650361,-246.63675493924393,654.8090156080367,2422.5439758193966
101065,-78.7393452048,41.4229583135,-38.73684532514489,874.0257940165292,2490.756021063385
110565,-78.7481855025,44.3960405925,-227.9463542500701,673.9653500589372,2427.7919517407886
110349,-78.7482272105,43.9726255575,-252.43301479102416,648.897967897786,2420.9529199468457
100643,-78.7522247338,35.7224864468,-280.33869920406164,620.6534250732291,2413.53581740823
100622,-78.7555792321,36.6691109202,-226.28034174044555,675.6797116681554,2428.2684243339418
103157,-78.7689885012,35.664349312,-251.49787816633372,649.8506370499631,2421.2084417355572
100488,-78.7729194086,39.6229245196,-119.64190145093252,787.3458881737429,2461.677886215291
100629,-78.7729837036,36.3436762922,-409.3913400673521,496.147946248432,2384.555986430979
103149,-78.7854626306,35.8308208298,-330.44185225940544,570.9616548770978,2401.237530773929
110568,-78.7859531006,44.5736687852,-286.2049648150816,614.7638927441386,2412.028008062761
110346,-78.7928636452,43.9144729126,-259.94591594592674,641.2582779936029,2418.9164200014443
110563,-78.7975412436,44.6581591712,-274.69878927838283,626.3319793408756,2415.002322193985
100500,-78.7984572567,39.301943229,-47.17697769946113,864.9216101844864,2487.5759002734785
100487,-78.8101142426,39.6564214153,-166.40325343801166,737.9520038607792,2446.3273754465945
110581,-78.8187210203,44.2897491297,-269.28565415820776,631.7968061735219,2416.4253913887646
110345,-78.8229357997,43.8809351779,-281.1524540401018,619.8354007709614,2413.325587629274
110590,-78.8278178621,44.1312078986,-264.11094842154733,637.0339535654185,2417.7999763943394
100540,-78.8352432377,38.2187964494,-598.5803006451863,349.1739628208717,2358.3610673875432
100621,-78.839041594,36.7439432654,-268.562870588816,632.527553794964,2416.616555055254
101080,-78.839231521,40.9855921723,-285.9215010393637,615.0480766172521,2412.100454874934
100486,-78.8407816322,39.5645549627,-15.260720342952983,899.4150205687065,2499.7783595914834
110344,-78.8438020044,44.0189316113,-251.7046752689014,649.6399298325314,2421.151896575285
110342,-78.8643222481,43.8897234666,-292.1304948943695,608.832888693536,2410.523170229276
100538,-78.8645185031,38.2603589768,-570.536309622049,366.55710717895283,2360.997369901264
100537,-78.8727275458,38.2189506274,-1232.8611511932227,629.2413083731366,2415.758492072504
100539,-78.8769986492,38.1316295872,-899.0514400187128,345.1433345875637,2357.767670757131
110343,-78.8809439345,43.9728789115,-293.46478789928454,607.4999164268331,2410.1868426152964
110341,-78.8850378858,43.9480293834,-245.34428074812874,656.129055351448,2422.9011133625872
100533,-78.8851375578,38.431243641,-1054.8720121125846,460.08082884103044,2377.3133653189966
100640,-78.8888914691,36.2402849317,-376.512286789211,526.6950763647496,2391.0985281506387
100544,-78.8890163472,38.6393955672,-197.8513149638758,705.0934942693987,2436.616774036966
101077,-78.9017023252,41.078682153,-325.3269634183351,575.966938759656,2402.4325968487547
110340,-78.9019996262,43.9436273171,-281.370681380638,619.6160850993434,2413.2692681860262
110663,-78.9054297305,46.2852909368,-188.76960692717014,714.5497703942971,2439.369968296696
103148,-78.9062668486,36.2398687706,-69.3399422064158,841.0788487661632,2479.386637396253
100534,-78.9144975473,38.3394340404,-332.3124099710449,569.135365002553,2400.8039344256895
101088,-78.9187528316,40.2854246434,-63.73793645068431,847.0964236952266,2481.4344276838196
100489,-78.9193390307,39.3395642481,-231.93292207106765,669.8675161835322,2426.6575689814945
101561,-78.9312529927,42.4604250533,-165.57407363573688,738.8225455610385,2446.5901213089564
100618,-78.935280418,37.0816739963,-821.7108260614681,311.49396521081775,2353.0773379173156
101087,-78.9394655623,40.2858210584,-375.38515593708996,527.7589318725222,2391.333092237154
100499,-78.9436236837,39.1398309706,-668.2617323575877,316.24604332337,2353.7111181653045
101092,-78.9446455378,40.6729807024,-413.0909008888658,492.7737936211083,2383.8562203994225
110589,-78.947536073,44.2019230754,-211.4810786159136,690.9548790305291,2432.563074765663
101086,-78.9520344264,40.0936398185,-395.7249416980734,508.72664548839435,2387.204906933453
301605,7.89537317641,51.9687894741,-519.112709316672,403.2132305563645,2366.965436408606
100498,-78.9562527597,39.0104243909,-270.4894372303239,630.5803107062334,2416.1076126918792
110337,-78.9604124731,43.9356497804,-301.38276705508775,599.6095736151692,2408.210146276327
100532,-78.9608657861,38.4854968284,-653.0882273687491,322.0082093219475,2354.492249876395
110336,-78.9644257644,43.8560194298,-330.0004312778482,571.3929588030499,2401.3401219375373
101039,-78.9980668952,41.6355881161,-181.04520354861882,722.6141325621271,2441.744387202681
110335,-78.9988574822,43.8483275232,-352.2280613932952,549.8365949664154,2396.3023075191377
101124,-79.0061520929,39.8147105624,-290.3751561365489,610.587929265195,2410.967043993269
100530,-79.0146607676,38.3855095212,-558.5236720240405,374.60602713714553,2362.2603885737826
305074,7.90301582204,53.0688125911,-264.02527392801693,637.1207672073072,2417.822851216381
103192,-79.0311841589,35.9270372288,-350.3760160632869,551.6196566626962,2396.7120631135385
101125,-79.0393232426,39.8356269752,-295.2075495221567,605.7603143939007,2409.7489550473674
100657,-79.0396109076,35.9268397307,-390.2076539517073,513.8537335075835,2388.3027712785843
110333,-79.0398417446,43.8391985194,-257.9563227199377,643.2789872738059,2419.4528975215235
101123,-79.0472226223,39.7273427312,-242.50176548925955,659.0346830184998,2423.689580222388
100535,-79.0598693383,38.1517226688,-531.8706522784425,393.60928585441235,2365.3483332837263
100531,-79.0600589343,38.5103363365,-109.0713376611156,798.5898453999607,2465.297184729098
103193,-79.0603798773,35.8896585687,-502.55753269277903,416.11639713854686,2369.1976118139337
103147,-79.0645500627,36.0894297572,-360.98254316202843,541.4420839432532,2394.390109844696
101563,-79.0689973181,43.2643234669,-675.35379122229,313.84928307151046,2353.390286446722
100536,-79.0856348984,38.0939628721,-528.8184108374869,395.8786930284032,2365.7270357019547
103146,-79.0894388047,36.0647605302,-261.0003555117886,640.1880760931466,2418.632928046157
100620,-79.0937974341,36.6440209351,-272.1024175847079,628.9513834245171,2415.68299049542
101126,-79.0980863845,39.9736969876,-368.37592371596685,534.3976877241316,2392.807003605218
301487,7.91018499164,47.5854800074,-611.7868182527744,341.7362547225824,2357.271332632097
100485,-79.1022582288,39.5731728204,-136.58996328104166,769.3759427261242,2455.9893747944016
101081,-79.1103381165,40.8397782942,-246.5211184532253,654.9270893723142,2422.5758935998215
100658,-79.1147709128,35.9228071704,-324.9572812327898,576.3293403514066,2402.519505936876
101068,-79.1184280351,41.4565845163,-233.95669301034707,667.7896794355756,2426.084813813802
103191,-79.1226984845,35.77278906,-420.28549709659603,486.2515409058879,2382.516532763337
100496,-79.1266283638,39.0687271367,-315.76037280245157,585.3722618412191,2404.704795352309
110278,-79.1268594168,43.2518652458,-315.79930886910347,585.3338694671174,2404.695449865249
110334,-79.1269975529,43.9606514255,-306.6432475397441,594.3866450874276,2406.915027938371
201905,-79.1395779359,-0.239463578668,-513.5966759400912,407.45905160547215,2367.6924096242974
110662,-79.1433451582,46.2689232695,-267.7751942873029,633.3241909193695,2416.8251899260226
301513,7.91472275701,48.6822539281,-688.9297125510187,309.8087713637174,2352.8548494692945
110331,-79.1597841566,43.8108671341,-304.56844232116305,596.4447756930109,2407.424108525286
110221,-79.1599609596,44.4311458684,-272.70241706215415,628.345771319566,2415.5253830569577
101122,-79.164514509,39.6856157667,-345.83105617422456,556.0056625328383,2397.7253313559213
103190,-79.1686116343,35.772868861,-412.0574373876433,493.71498701142247,2384.050955046257
100495,-79.1723718886,38.9939481805,-241.6862279335484,659.8689546109943,2423.91656315078
100497,-79.177021364,38.9227751706,-250.59426054784996,650.7715591451284,2421.4557790819686
110220,-79.2022702401,44.3151433488,-324.85657620252874,576.4280769149485,2402.54319330853
101127,-79.2060742494,39.9021311207,-395.47459116848444,508.9586964496364,2387.254369050143
101069,-79.2106316328,41.3356213943,-225.86208569188378,676.1102755628838,2428.38826643908
110212,-79.2143672951,44.3314848051,-220.38317782400551,681.756626713682,2429.9663713568757
101070,-79.2264567371,41.3148287555,-272.67667585665527,628.3717497505951,2415.5321409043404
101085,-79.2354196268,40.7187580472,-146.2103434693732,759.2088130954402,2452.8233710846507
100529,-79.2400508982,38.3313783167,-103.33612569057733,804.7014945416307,2467.283721661296
101093,-79.2479559839,40.1935180808,-323.14958832697283,578.1026615223351,2402.9455164685883
110282,-79.2518712152,43.1311619818,-303.3545133406804,597.650077998772,2407.7230080699105
101078,-79.2561200025,41.0393744898,-316.72957394498354,584.4168642208303,2404.4724034687924
110281,-79.2603218849,43.1601275132,-349.2235994645319,552.7303867502849,2396.9679489501736
101091,-79.2605463689,40.3982613327,-319.65625566713095,581.5352998349176,2403.7736525745036
100494,-79.2680255635,38.9895476952,-230.6502418162193,671.1853103543814,2427.0216704209274
101128,-79.2813933786,39.9611329365,-193.0233622457707,710.1171317794333,2438.0752262192264
100484,-79.3068917757,39.301896657,-172.2904917353959,731.777033001121,2444.471741273604
305072,7.93080170434,52.9378902122,-589.7361274361341,354.431448163703,2359.1452094571673
101119,-79.3150415794,39.5389865526,-158.91904860432837,745.8168839772381,2448.711353402601
101129,-79.322533498,39.8189781168,-174.55267436422702,729.4070937680888,2443.763322479592
101040,-79.3228143011,41.5148486961,-195.20294217416782,707.8482337718831,2437.4153503068073
101082,-79.3229860571,40.8563296496,-234.64398607401577,667.0843993205114,2425.890777358719
110332,-79.3230735911,43.8975458792,-284.7160134340391,616.2570882688703,2412.4090172893375
110210,-79.3267318324,44.1687078447,-306.17620592329513,594.8497198154068,2407.0294258736744
101041,-79.3270205514,41.4394567529,-207.55032943046928,695.0256299090598,2433.722476801282
101037,-79.3354006461,41.6437772978,-67.23236461144813,843.3420364970342,2480.155289166436
110664,-79.3393530744,46.335485788,-240.41311299815013,661.1718690626258,2424.2715830321176
101036,-79.3517587484,41.585589664,-198.1847163629948,704.7468718516691,2436.516493119223
110330,-79.3603252832,43.689516616,-131.62069164316915,774.6372335257987,2457.642632976118
110218,-79.3604290142,44.3047457119,-323.50227873664204,577.7565174405349,2402.862264321927
100491,-79.3645431705,38.5397646159,-92.69996836816162,816.0556693734314,2471.0101827742033
110230,-79.3647413775,46.1974608295,-329.3135906092601,572.0643064343574,2401.4999559761613
110287,-79.3728825232,43.1521152376,-311.2751802330409,589.8008425037576,2405.786670026132
103186,-79.3771902606,36.0563034665,-383.42905959510404,520.1896626957207,2389.673984675058
110229,-79.3775600986,45.8479846796,-429.48361346176404,477.99191259193094,2380.844542669801
101079,-79.3855061622,41.018311562,-391.7376420835447,512.4292213116149,2387.9966864950443
101121,-79.3933799509,39.6601520926,-211.77858317763034,690.6470055501026,2432.47564307078
101120,-79.4059366209,39.5105649203,-118.76597023626455,788.276593350524,2461.9757219521057
101117,-79.4061590079,39.4053826186,-352.63566831109074,549.4445015532642,2396.2123712526814
101035,-79.4090087002,41.6812114589,-39.3121857864714,873.4047762542716,2490.538168958881
103189,-79.4102805063,36.0361182028,-431.47988432025613,476.2114238597938,2380.487720630345
110215,-79.4226568983,44.2223777531,-268.4792671600717,632.6120943980558,2416.638684171876
101118,-79.4227757173,39.5063074889,-245.44205816083326,656.0291677276339,2422.874065395619
103548,-79.4391774917,39.1479355213,-82.90018027543886,826.5391288735304,2474.492149798883
110207,-79.4517908897,44.0815150415,-407.46247884275544,497.9124927242815,2384.9237552316404
101116,-79.4522663148,39.3684403335,-302.35465737202765,598.6434502666143,2407.9697773029457
101094,-79.4557963311,40.3603007716,-159.28729614007452,745.4295231472192,2448.5934006765547
110228,-79.4603806604,46.3016733612,-239.48719312882454,662.1198841843716,2424.5303068614357
101115,-79.4643644298,39.3644143022,-258.1045590227696,643.128370977579,2419.4128563379913
110217,-79.4647921038,44.4978423739,-337.81378609676057,563.7774502776347,2399.5394310781458
110208,-79.4728580255,44.0222089076,-249.25072490131748,652.1414799105495,2421.824307764129
101042,-79.4729397465,41.4645167109,-233.70778736826932,668.0451460835017,2426.155144475103
100493,-79.4733304445,38.8602140825,-134.5313580829963,771.5547408353332,2456.6727877278977
305071,7.94800370277,52.8701996996,-373.1565225640495,529.8654966467814,2391.798886276608
110324,-79.4892472668,43.6264106868,-361.9980128147576,540.4720645161033,2394.170946356918
110219,-79.4899560369,44.0948402946,-281.5774649418168,619.4082924211023,2413.2159249800475
110327,-79.4931455521,43.6483340536,-131.6024987523919,774.6565073007474,2457.6487080461025
103579,-79.4933915302,39.3814900306,-147.90721299339117,757.4181079735787,2452.2696952300244
110227,-79.5063355362,46.3274791003,-192.24460917150444,710.9281841557624,2438.311577892434
103570,-79.5100586885,39.3313596764,-258.3212274237398,642.9082416944076,2419.3543508746043
101130,-79.5102083596,39.8353612721,-334.680033542279,566.8270377665182,2400.25776919906
101083,-79.5143513389,40.8648322453,-336.39529410896233,565.157037534517,2399.863943004285
301392,7.95190479509,48.4478882037,-524.4484629271235,399.15909967696393,2366.2781862478064
305023,7.95257030114,52.3263908557,-511.04745850245524,409.4395642862006,2368.0340421244277
100492,-79.5306481322,38.6147552351,-327.57246441775675,573.7675090635078,2401.906247611306
100490,-79.5389843779,38.443589682,-228.07689257579867,673.831069206804,2427.7546782337104
101044,-79.5432249603,41.7107698363,-161.55716732298555,743.0427067726471,2447.86783383934
100667,-79.5477542437,34.2060681054,-247.58784767578402,653.8380934845144,2422.281717791873
110206,-79.552060827,44.1138277111,-217.16102431817023,685.0825751046929,2430.9016028151696
101071,-79.5600503157,41.1772922782,-379.6367795664545,523.7514565534873,2390.4518518680065
305029,7.95601185743,52.5613873741,-409.9726563355233,495.6168651390761,2384.4455424411703
110322,-79.5602745867,43.6068778832,-364.82905528379655,537.7718807640481,2393.5628388654814
101043,-79.563941317,41.5347913227,-270.3552415086589,630.7158893482638,2416.1430009280607
101084,-79.5687731754,40.7564064193,-220.87134994332882,681.2530703406943,2429.8251405617457
101095,-79.5688634844,40.5689428948,-208.53384088779205,694.0065674040588,2433.4316475827395
110204,-79.5768535211,44.7684355133,-357.6313430315713,544.6487945202763,2395.1172783873594
101045,-79.5812825024,41.7229337923,-247.26352858496165,654.1691308225693,2422.3710945225625
101096,-79.5889140431,40.6024169556,-277.56540949218225,623.4437511422321,2414.2548702851527
103554,-79.5942386965,39.1852487263,-179.69099078371545,724.0299166416843,2442.1637512766106
103188,-79.5978359408,36.0686275225,-453.94574753700664,456.4910559950763,2376.62124707762
103187,-79.6024956202,36.0647893492,-477.21310476958917,436.73962271750827,2372.9066492192046
103632,-79.6031055582,39.6439783973,-258.4498023976076,642.7776229805393,2419.31964412762
301461,7.96064477181,48.7104510175,-643.0053576203036,326.2971646936391,2355.082654079128
110630,-79.6092218968,47.4070193426,-250.01206284707996,651.3650942736728,2421.615360435144
101104,-79.6101409188,39.7688186306,-296.6239004358904,604.347737119872,2409.394250681941
101046,-79.6104901419,41.6311097667,-240.28464288978776,661.3033836471272,2424.3074543218363
305083,7.96119928086,53.1194433263,-500.8205072040843,417.4974364465029,2369.4405620940747
101075,-79.6181840675,40.9927904679,-278.3687892686508,622.6350424889537,2414.046160286191
101072,-79.6185347305,41.1686435155,-363.75117110369064,538.799218884647,2393.7938645856684
110510,-79.6185510015,42.9022216029,-141.80638348517942,763.8599748280598,2454.26700442344
110318,-79.6343997858,43.5480793163,-272.54305294762753,628.5066092433532,2415.5672264956443
110203,-79.6392746922,44.6521279987,-250.38053514517665,650.9894294250317,2421.5143412915004
110665,-79.6397612453,47.4228072349,-269.38695693744427,631.6944070013998,2416.3986201978623
110202,-79.6475018779,44.7060326201,-278.2280583684559,622.7766837473059,2414.0826965281394
110213,-79.6512986142,44.3722610855,-289.95435884414064,611.0088967031169,2411.0736902275803
101134,-79.6640362443,40.3312400822,-416.8419827388265,489.3666523265579,2383.1542518826986
101105,-79.6644644813,39.7652404433,-291.92026387052556,609.0429980155534,2410.576246727959
110297,-79.6688846537,43.4439303317,-269.0234885284579,632.0618318437158,2416.4946983452946
110323,-79.6765746063,43.677335072,-305.9615107706205,595.0626331171765,2407.082052026816
110214,-79.6772493614,44.0146750379,-255.32919961308622,645.9499251546067,2420.164410461513
110328,-79.6776936284,43.7566860896,-299.5416710319673,601.4411828010362,2408.6668437595085
101047,-79.6933821117,41.4810998483,-252.61044912663579,648.717250163611,2420.9044876899047
103550,-79.6980151371,39.168714474,-195.88819485539005,707.1352308075644,2437.2083830699726
101074,-79.7025395895,41.0852835706,-21.373046384314364,892.7955289993251,2497.4043173780387
110209,-79.7186633388,44.8020880651,-472.0657481834637,441.0455673571494,2373.7029427337093
103547,-79.7187643128,39.1480975813,-169.85246727752082,734.3329423457636,2445.2380943522594
110325,-79.7187891348,43.8896022496,-240.17765375030476,661.4129134291163,2424.3373341818738
101057,-79.7188246688,41.2272183243,-316.46094758816935,584.6816083657668,2404.536764330806
110293,-79.7188506598,43.3938257456,-340.7513773832467,560.9247191006685,2398.870777752617
101073,-79.7230969582,41.0523954378,-215.83355378221597,686.4539363207679,2431.288439191771
305081,7.97241016279,53.1105693425,-111.20437131817957,796.3187733313048,2464.5624472950885
110201,-79.7309603878,44.7309476262,-292.71978720103385,608.2440627300683,2410.374516066676
101103,-79.7479197082,39.5895911408,-4.311875900246349,911.2876370614136,2504.0746045831497
100668,-79.7520860666,34.0479233153,-268.8155225804162,632.2720897610299,2416.5497022300333
110299,-79.7726456853,43.4979052332,-351.7752417160806,550.2723208136911,2396.4023232568793
101097,-79.7729197843,40.5645913295,5.7687880737386195,922.2356325337521,2508.0795501283874
110189,-79.7767598656,44.1230100519,-246.7150079037201,654.7291165390609,2422.522380474802
100662,-79.7773239287,35.6604292157,-197.1293170081307,705.844253234476,2436.834130112556
110199,-79.781423849,44.7232562386,-288.98077182462475,611.9832337558036,2411.3207887494964
110429,-79.7850657943,43.2318414052,-299.9882426336074,600.9967400899037,2408.5559054038945
100661,-79.7889639366,35.760174811,-304.4067171109953,596.6053036604974,2407.463884716263
110200,-79.7894596437,44.6854253244,-290.72178484767994,610.2412304281543,2410.879264329044
101054,-79.7977089943,41.5523164942,-325.2821477734062,576.0108672327412,2402.4431287810953
110300,-79.7978339864,43.4775395915,-341.1646448141819,560.5238582297726,2398.7770766584526
110326,-79.805805558,43.9266106356,-277.3084393291346,623.7024932608032,2414.3216993509845
101131,-79.8062531051,40.2395912656,-220.80665446628095,681.3197994415237,2429.843850326255
103605,-79.8103638084,39.5146744106,-281.73140874444016,619.2536113669187,2413.1762271015878
110186,-79.818257425,44.2485774193,-291.843613837581,609.1196095112132,2410.5956041087384
110428,-79.8190387401,43.2020785457,-271.45303170041905,629.6070393479046,2415.8537811410934
101133,-79.8272195108,40.4062686584,-379.1154872174121,524.2420095290546,2390.559380649714
110180,-79.829489778,44.1630692912,-236.09117422970192,665.5999614081744,2425.4829985971546
110291,-79.8309684291,43.4271953893,-159.64423169360205,745.0540988831228,2448.4791357330014
110329,-79.8357449115,43.9232741024,-309.99591676190175,591.0661250218826,2406.0971784210346
101099,-79.8433860031,40.5111872361,-322.17962202072255,579.055021742931,2403.1748138791295
110196,-79.8437028182,44.7310855002,-234.10450336309964,667.6379846890839,2426.043063603155
100670,-79.8441020512,33.6607725333,-145.31763990677752,760.1511994597231,2453.115226379988
110294,-79.8481684735,43.43545454,-332.5645460714969,568.8893693715704,2400.7456305159167
110192,-79.8558812532,44.3396966348,-332.7950406318492,568.6645244396196,2400.692360385525
110194,-79.8561142162,44.4608499059,-295.6828215328611,605.286187692517,2409.629813242819
110301,-79.8562824422,43.556244594,-366.2628434469151,536.4067170508969,2393.2564914681843
110198,-79.8602724495,44.5771353615,-299.5146812651433,601.4680474261249,2408.673551964209
101135,-79.8604197985,40.389591292,13.348858674910058,930.4781461731479,2511.1220695862435
101098,-79.8604198125,40.5770913285,-298.35574547717,602.621987525049,2408.961960618291
103572,-79.8682313062,39.3353341038,25.052378069391516,943.22118007344,2515.8717499897357
110433,-79.8685703482,43.302271708,-376.0242222198204,527.1556141840123,2391.2000145163524
110304,-79.8686032522,43.6477545356,-240.44491063432,661.1393189447847,2424.262705836984
100666,-79.8687528112,34.9437568404,-298.65088304340554,602.328052185116,2408.8884470449016
101055,-79.8770969599,41.5027431231,-422.5097106883391,484.2460044118572,2382.108028752292
110315,-79.8843631825,43.6396648509,-239.42767144595825,662.1808383620561,2424.5469536701403
110182,-79.8864779347,44.3185563151,-273.0811640696363,627.9635708922475,2415.425990218915
110525,-79.8931765462,43.0273416802,-183.1230543455318,720.442943099865,2441.102722566111
110197,-79.901877591,44.6520645967,-290.79892921219863,610.1640790750059,2410.8597369508525
110541,-79.914862457,43.0236588349,-329.72718265498037,571.6600075188832,2401.403679528657
101056,-79.9228376017,41.368666714,-268.672267441714,632.4169356302539,2416.5876041081656
100659,-79.926669549,35.9980626216,-467.6096820218937,444.8031603431942,2374.4039924386448
110309,-79.926966141,43.6722412106,-219.28288720449586,682.8919221617014,2430.285136606605
110320,-79.9276525281,43.809829849,-322.01100675496593,579.2206357771204,2403.2147246484933
100660,-79.9310137424,35.9435408861,-511.63438603596643,408.9825626754224,2367.9550680766383
110191,-79.9434298554,44.3604974335,-325.66506640499443,575.6355695011666,2402.353174854233
110528,-79.9481842898,43.0351268069,-323.9323810523688,577.3345029501885,2402.7608279131787
110527,-79.9487026488,43.0231081799,-356.4847610719685,545.7478612792854,2395.367444871078
101052,-79.9516443201,41.4354038455,-188.20744666222515,715.136018369152,2439.541758737933
110298,-79.9521997591,43.5011607934,-355.53798657779606,546.6561317947603,2395.5745436713282
101051,-79.9562532385,41.4395914879,-168.69030807250198,735.5519294363879,2445.6044465029245
110195,-79.9602456008,44.7609863407,-268.1834485270204,632.9112556494705,2416.717013923035
110430,-79.9642329931,43.2652016259,-215.48713839193957,686.8119129793747,2431.389535156321
101114,-79.9644980051,40.2105677342,-311.5238055105241,589.5550452070003,2405.726422348624
101107,-79.9725965438,39.760747745,-236.81824035968742,664.8545019873288,2425.278535894404
110185,-79.9727186478,44.0230047106,-289.02729738802253,611.9366610523268,2411.3089692109456
101101,-79.9731154259,40.4935199166,-377.3567910319294,525.8986639297493,2390.923225990408
103507,-79.9805648715,38.7352015681,-241.6470803158717,659.9090084919743,2423.927467426809
101108,-79.9934806995,39.8810920219,-351.61733966417756,550.4242968084496,2396.4372252104495
110536,-79.9971700958,43.0186854835,-187.31894214834438,716.0628050695842,2439.8136012124783
110183,-80.0007915841,44.30610257,-320.37019202778424,580.8331585864416,2403.6038829163977
101113,-80.0050551405,40.1317463567,-311.49412186205274,589.5843893197153,2405.7336136793665
110184,-80.0059440346,44.4731080569,-250.0000152993742,651.3773779833499,2421.6186645311736
305019,8.00138518318,52.306195563,-408.6949811210927,496.78456500776156,2384.6885272268228
101100,-80.0145039143,40.5938166959,-381.1460282915266,522.3324853561933,2390.141354212269
110666,-80.0180310986,47.9946821642,-339.3928332135212,562.243294994205,2399.1794411054843
101106,-80.0186607236,39.7645155803,-332.83524539297406,568.6253086792285,2400.68307144609
110310,-80.035572116,43.78539037,-249.63525550347913,651.7493177706301,2421.718736986557
103491,-80.0389768993,38.5517226639,-278.17783146116346,622.8272379419889,2414.0957388181046
110190,-80.0479906981,44.4646712832,-298.05262352463717,602.9239243920689,2409.0375103890797
101050,-80.0481154781,41.6906197016,-388.1803738363495,515.7444376224573,2388.7102781199287
110313,-80.0482160711,43.8562147268,-230.83033577789993,671.0002467947984,2426.970498184097
110431,-80.0519475594,43.2858744096,-223.64067749897637,678.3981862153049,2429.0262590012276
110317,-80.0525298264,43.9018394846,-223.92545048776904,678.1047816821,2428.944330938322
110667,-80.0559914707,48.1062759775,-119.97543137187961,786.9915513704158,2461.5645776184087
110316,-80.0608353141,43.8894220166,-224.04589107953453,677.9806998828643,2428.9096931073705
305036,8.00613238958,52.7117106995,-280.58240298547094,620.4084077832671,2413.4728215385917
110306,-80.0632569543,43.906187332,-201.2279117206358,701.5847652804632,2435.603754868785
305002,8.00635578259,52.0487430087,-525.2985970934415,398.5180779825188,2366.1701389241143
305021,8.0064290946,52.2397685215,-420.9254042973467,485.67401586646116,2382.398731855173
110319,-80.0685440438,43.8605232072,-330.3601723545853,571.0414532832995,2401.256506336877
110497,-80.0765092414,42.8100016633,-352.604211355927,549.4747569856189,2396.2193089159614
110432,-80.0765220204,43.3518984231,-206.60826939503232,696.0020664960781,2434.0015087144243
110540,-80.0770784555,43.1064600678,-367.88278230753644,534.8662338968043,2392.9116899752557
103614,-80.0772214515,39.5685675611,-328.2607420548774,573.0939919484003,2401.745446849985
101110,-80.0892022195,40.0310075883,-304.3681442689769,596.6435931309854,2407.4733737014694
103600,-80.0935873818,39.4939299079,-303.12305722683783,597.879983372224,2407.780085966003
101049,-80.1057071618,41.7597755844,-354.02778904339453,548.1062717528729,2395.9058731494683
110503,-80.1102685222,43.5767448487,-244.6996264444149,656.7877239134867,2423.0795657882845
103657,-80.1180052408,39.7064494505,-321.8006738134445,579.4272495235466,2403.2645308720603
101112,-80.1267386586,39.9437411681,-348.10372798515795,553.8106522094653,2397.217283926919
103533,-80.1428620949,39.0056628725,-329.4446888378355,571.9361420258208,2401.469428998142
103615,-80.1521040667,39.5730835244,-315.92111504481613,585.2137700117729,2404.6662189311587
101102,-80.1525837637,38.963997049,-265.9381656358718,635.1832538426246,2417.313019412129
100686,-80.156383815,33.4560615733,-435.27891089209146,472.835304426133,2379.814634161458
103611,-80.1645625197,39.5516902587,-376.2670345838176,526.9264719958527,2391.1495090745116
110526,-80.168729149,43.1519302866,-278.1371168262618,622.8682187991766,2414.106312043308
110179,-80.168789188,44.4856643679,-397.75023518330204,506.85149729828305,2386.8060055586407
100665,-80.1734745714,35.1476965163,-396.0655385001829,508.4110365175641,2387.137668822254
110532,-80.1824002122,43.5479321663,-259.9373009558373,641.2670238502687,2418.9187385555274
301596,8.01837224359,51.6647517239,-575.3884631332916,363.40430308725865,2360.509935450308
103582,-80.1940163281,39.3937348706,-340.9694188137078,560.7132089456534,2398.8213294331476
103575,-80.1982718195,39.3693373296,-366.7657019391727,535.9283040947118,2393.14930896238
103468,-80.2017088628,38.3187993597,-139.42023419522945,766.3822476549284,2455.0532005188606
101109,-80.2059299151,40.0234068447,151.8635543653762,1082.404603976513,2571.292319936968
103194,-80.2141712378,36.1186067396,-322.0334199659682,579.1986204943088,2403.2094186399554
110543,-80.2276285579,43.4142694653,-287.94915604121695,613.016185154591,2411.5831545104907
101111,-80.2309553852,39.8773179886,-378.6822004608079,524.6499184780384,2390.648866901264
103470,-80.2314376472,38.3397037804,-208.3654952844896,694.1809736423661,2433.4813934000695
305026,8.023398611,52.5062022815,-385.09501450733205,518.6288178126267,2389.3347020714796
110504,-80.2396632939,43.1019754034,-190.0982399194763,713.1646206664317,2438.964584414374
110516,-80.2434112872,43.2310141901,-245.75720614856695,655.707245917859,2422.786920099757
110505,-80.2439991863,43.1145549735,-156.33238455985347,748.5389054585834,2449.541785894337
110509,-80.25234381,43.5356593063,-254.97697326720183,646.3082600802555,2420.2600758813605
103653,-80.2560907563,39.7022119191,-258.96575679847757,642.2535424172479,2419.1804563952614
110529,-80.2685570103,43.6394883969,-269.61381274965674,631.4651136490332,2416.3386885147265
110519,-80.2724292686,43.8617078423,-238.36148160449554,663.2729353170084,2424.845449627939
110538,-80.2733066967,43.5899756898,-283.4149184517163,617.5628218564632,2412.742901097545
110511,-80.2821536134,43.4842619,-195.12445180594548,707.9299128587387,2437.4390719313305
110495,-80.28893206,42.8233886564,-307.0317011624983,594.0015856904613,2406.819966607404
103523,-80.2978641547,38.8853855255,-263.31811248259,637.8374610431672,2418.0118061265284
110514,-80.301522274,43.8938093749,-235.31239303468462,666.3986825237467,2425.702304885467
103651,-80.3021134181,39.7020901871,-325.76415622330427,575.538466782984,2402.3299096094584
100669,-80.3063576264,34.1480280426,-87.61110197924505,821.4969617995253,2472.8125133343883
101136,-80.3148116151,40.764498785,86.4123471093694,1010.3342579008414,2541.794598417686
110512,-80.3439900285,43.7268176801,-126.78079015592286,779.7676745537964,2459.2645433414273
110499,-80.3441811396,43.2810488842,-146.90048962941702,758.4804069006716,2452.598009358544
410208,-8.03513387768,12.5979689305,-586.4951019796305,356.4113344082109,2359.443474031943
305020,8.03549084101,52.2147895124,-484.73329948563605,430.5175729999579,2371.769349772245
110523,-80.3604375949,43.9727267735,-346.6307079310684,555.2329234569522,2397.546259647108
110531,-80.3644450702,43.3978363729,-267.4152932729882,633.688283780599,2416.920625270529
110496,-80.3727033099,42.8358860734,-330.03850272180927,571.3557549919831,2401.3312696543435
110535,-80.3812419216,43.1272453805,-281.64983603492834,619.33557324649,2413.197260927055
110500,-80.38530054,43.3857733519,-157.24577329648432,747.5775005565076,2449.2481677436444
100664,-80.38541968,35.8562570199,-305.392450195646,595.6270975919748,2407.2216572727825
103606,-80.3895270143,39.5231253383,-308.75147381833256,592.2978791839514,2406.4000593299297
103462,-80.3938628907,38.2187930324,-248.6114663057324,652.7935668450069,2421.9999811667026
100690,-80.3939723287,33.0268702838,-416.93313904440157,489.2840321516007,2383.137287689446
110515,-80.410153488,43.422858285,-253.9555156275671,647.3477438034706,2420.53786776095
110537,-80.4139471033,43.3939838336,-334.12447829020346,567.3683496745123,2400.385659028495
101151,-80.4315245028,38.6894638983,-156.11140270720733,748.7715400195539,2449.612885131146
110492,-80.4391133734,42.9941949315,-268.7172693075104,632.3714330076973,2416.5756965469736
110534,-80.4436952728,43.6942158444,-294.7910834955994,606.175876968759,2409.853452323632
103492,-80.4514768104,38.5601131186,-153.90629955106627,751.0936832666027,2450.323690637683
101145,-80.4562913758,37.6854623023,-274.7770258999969,626.2530995200232,2414.981865877199
110418,-80.4602980492,44.2443007329,-340.06150836739346,561.5941361140733,2399.0273949196567
110175,-80.4684084638,44.5192909787,-282.5070932377457,618.4743942300106,2412.9763869908593
110508,-80.4729859832,43.2774389949,-230.7825876818964,671.049311221108,2426.9840638017395
110533,-80.4733079942,43.5895668858,-227.49956094805984,674.4250033763681,2427.9195936102365
103538,-80.4770388886,39.048156956,-300.60879190693123,600.3793319773358,2408.4019203868015
110501,-80.4771201416,43.4812572008,-300.1196144107862,600.8660155386377,2408.5232895877425
305078,8.04816080005,53.201301326,-465.71291384353293,446.41086342841436,2374.7056926794494
110542,-80.4816927309,43.4812817598,-306.68910587748724,594.3411829628235,2406.9038014891516
101147,-80.4854198572,38.3812575388,-141.19553812225377,764.5055220847022,2454.4679996193236
103544,-80.493955069,39.1062165618,-364.504831262823,538.0808067607813,2393.632265503959
103473,-80.5019023546,38.3854476492,-265.8640163969579,635.2583257022887,2417.3327466923865
110506,-80.5137832726,43.5269254156,-168.5294775139398,735.7206564653842,2445.6551989614436
103465,-80.5271004747,38.2313285534,-205.10924158044304,697.556445034781,2434.446438487987
110513,-80.5271021487,43.3435896724,-237.826587309374,663.8210029447448,2424.995420986986
101148,-80.5274476507,38.2978211799,-160.7834545591264,743.856113309679,2448.1148635563377
110491,-80.5345224873,42.685835371,-250.11224326416476,651.2629525093134,2421.5878883840724
110502,-80.5357929794,43.5850481324,-245.5160608876572,655.9535705883276,2422.853597439362
110174,-80.5400428568,44.3444790882,-201.42646621714545,701.3785636180949,2435.5443657138057
110173,-80.5436161951,44.281167854,-409.80232511566305,495.7724425613515,2384.477884707789
101142,-80.5437531281,37.0437572632,-288.7675252443651,612.1967108809262,2411.3749772009137
110488,-80.5478881304,42.9691008624,-273.266004092104,627.7770707019787,2415.377510526344
110493,-80.5485027525,42.6533833643,-291.90125318984514,609.061998847586,2410.5810474442665
110517,-80.5601664634,43.6186398922,-250.11744841401273,651.257645571263,2421.5864611391244
110415,-80.5728215025,44.0438720744,-339.8858108113145,561.7646764103405,2399.067322840211
110231,-80.5759926197,46.0187412608,-487.7262449715209,428.0647060643582,2371.325338378361
110518,-80.5801630961,43.6346145385,-312.1607119787119,588.9255482834839,2405.5722332281534
103486,-80.5893792588,38.5188425712,-250.50563923001943,650.8618967279406,2421.4800590691584
103464,-80.5895526769,38.2229124377,-164.564549156631,739.8827038452378,2446.9104771745574
110539,-80.6351012106,43.5610358194,-222.17262039005553,679.9112336178503,2429.4492695788135
110530,-80.639171671,43.7812886446,-252.46544202395754,648.8649395714618,2420.9440674378166
103482,-80.639387699,38.4686754951,-295.9342301243921,605.0354343034138,2409.5668375498535
100676,-80.6527263431,34.2437742795,-51.05034665085099,860.7478860657983,2486.127790606111
110490,-80.6602068687,42.9357449777,-302.5008780207959,598.4981428684146,2407.933656659631
110172,-80.6602884287,44.5732630892,-330.72108699071396,570.6888847871762,2401.1726866422814
103442,-80.6686830064,37.9861969051,-25.695881951849014,888.1178006214498,2495.7359026223035
110521,-80.6721874777,43.7568823056,-228.07218930359193,673.8359072056431,2427.756021040198
110507,-80.6768982591,43.3727724088,-183.5283237772571,720.0196295580732,2440.9778234974256
305018,8.06861982675,52.3145429927,-477.8448633032541,436.21373885697784,2372.809915232332
110256,-80.6934985155,43.2143978227,-288.44890452948283,612.5157203226025,2411.4559866395234
100689,-80.6975630868,33.3774771288,-486.694669718485,428.9085988408068,2371.4778206883716
110522,-80.7017500881,43.6561202313,-165.63947246578252,738.7538770145118,2446.569385621682
110254,-80.7314629146,43.0687428737,-141.15543318818283,764.5479088694062,2454.481202375334
101137,-80.7352535139,40.0139594559,-41.82527495984523,870.6928683471806,2489.588427601623
110233,-80.7436031136,46.5315004102,-231.9611963347829,669.8384752765077,2426.649552534943
110524,-80.748131939,43.7608567899,-302.29100550766844,598.7067083129394,2407.98550461505
110408,-80.7643609243,44.4063177793,-329.44627443652087,571.9345919783028,2401.469059837888
103441,-80.7682688517,37.9690024737,-274.06931791886564,626.966734283697,2415.1670239872947
110237,-80.7688442917,43.1274271895,-267.9029412148823,633.1949707876233,2416.7913312671453
110236,-80.772774134,43.1343508511,-240.18332037961832,661.407112116919,2424.335751461857
305070,8.07733052847,52.8523045752,-123.16384593827975,783.6056173477272,2460.484145731525
110422,-80.784832645,44.1855775171,-309.7894372798648,591.2704371106765,2406.1473765458204
110232,-80.8020060224,46.3976494211,-281.1811853721288,619.80652478083,2413.3181713189356
305032,8.08090485276,52.681194313,-267.4044807042792,633.6992232303287,2416.923493489193
100684,-80.8310810848,33.814877136,-219.59815440448972,682.5665783201556,2430.1937374820486
110520,-80.8351578672,43.4858449902,-281.79743165744355,619.1872759288157,2413.159205383977
110234,-80.8395426405,46.9023242949,-131.12519996352253,775.1621940514541,2457.8081485225707
110489,-80.8401642246,42.7109573611,-250.8863526987791,650.4738344476519,2421.375781897207
100683,-80.8603709003,33.8398832041,-296.3735737169847,604.5973178441781,2409.4568650635056
101143,-80.8608354573,37.3729239854,-197.87248973768223,705.0714786798313,2436.610403389316
110419,-80.8648863396,44.2099755591,-324.8994450361923,576.3860452561438,2402.5331092460096
103455,-80.868759213,38.1061448491,-136.8624593904069,769.0876201579665,2455.899068638108
103337,-80.8727859443,33.4023471179,-343.74061087831626,558.0278547994267,2398.1950618307374
100680,-80.8765491846,34.056068851,-181.3509363321254,722.294579668732,2441.6498372363126
101141,-80.8854198913,36.9395905625,-363.0523442901157,539.465751149549,2393.943976896834
103476,-80.89334138,38.431662794,15.030545720587853,932.3079672826955,2511.8006715732986
301460,8.08950159647,48.5227175179,-580.78361333381,359.96778656138576,2359.9833209620756
103479,-80.8980291924,38.4565012641,40.16116559238595,959.7007672751265,2522.09635632062
103478,-80.9226074544,38.4478323313,-116.4238491754003,790.7660929772987,2462.773940429747
103023,-80.9230142845,34.0771681507,-300.8647150743342,600.1247663539067,2408.3384735224845
110243,-80.9269129028,43.0186496625,-234.25639539672989,667.4821101651142,2426.000172145039
100681,-80.9275924228,34.0404384107,-168.2584352604639,736.0050239854742,2445.740759604161
101559,-80.9437535712,41.7562581701,-229.61771108328594,672.2465810946833,2427.3153758114686
103025,-80.9442271322,34.0894681187,-168.05984338759689,736.213393264387,2445.8034729469055
103342,-80.9473870865,33.5272830302,-302.95212272012003,598.049791920524,2407.8222570350713
103028,-80.9475124445,34.0397547526,-561.7095296130047,372.4384199924952,2361.9176201857226
103027,-80.9480011245,34.0646116227,-273.12147568092206,627.9228958056574,2415.4154158103415
110487,-80.9511325708,42.6758198672,-337.75930512851494,563.8304122134791,2399.551875162132
110253,-80.9521306569,42.9733456538,-271.7410105948319,629.3162548891239,2415.77801474493
103026,-80.9525925449,34.0643268656,-206.51907370660965,696.0945333815097,2434.027951207813
110263,-80.9567891602,42.988687281,-295.25409696713194,605.7138737333337,2409.737281259167
110169,-80.9599220975,44.5731306161,-391.50024531103793,512.6501159290054,2388.0440970005775
100769,-80.9604195055,27.2270883429,-661.6636808983526,318.6471041350095,2354.0349285494704
103031,-80.9604198535,34.0188544059,-469.1600157894571,443.4927327632343,2374.158855652057
103034,-80.9604385316,33.9978046951,-403.40358010753386,501.63737882113367,2385.7041995368622
103030,-80.9644021949,34.0188130279,-159.32227558915378,745.3927301862193,2448.5821999826244
103032,-80.9644655169,34.0058921568,-193.42286592143364,709.7011371658006,2437.954095538247
100692,-80.9644720679,32.6978086746,-169.57638251826893,734.6224902952032,2445.325064506723
103333,-80.9647841989,33.3146385166,-342.11977518268225,559.5978467307531,2398.5608639188163
103033,-80.9684433602,33.9975548701,-405.6692619628387,499.5561916066885,2385.267460145688
110416,-80.9688439772,44.1315445456,-348.8215625391638,553.1181028463271,2397.057384284657
110393,-80.9725207296,43.7271315361,-214.9325087701906,687.3851452352706,2431.5515223304224
110423,-80.9730329976,44.3354241555,-352.99195729049285,549.1018712545737,2396.1338303343064
100682,-80.9770864289,33.9854232611,-414.69717527337366,491.3130573708336,2383.554695869251
103029,-80.9820378503,34.0315503819,-314.70843705863757,586.4098509436117,2404.957584062761
110417,-80.9851362676,44.0985342259,-295.89422157377794,605.0753362990656,2409.576857137931
110251,-80.9851975136,43.2562451182,-284.16040696749405,616.8145698056608,2412.551487819861
103403,-80.9891779779,37.610321744,-287.31660604370876,613.6498281610349,2411.744302254978
110469,-80.9977882506,46.4730349283,-258.23290579442465,642.9979715450204,2419.378196824195
110242,-80.9984911767,43.0314277866,-279.5152353853591,621.4815472684543,2413.7489060489443
110238,-81.0184614934,43.3647949042,-216.7640637060864,685.4925919074042,2431.0171865738043
101149,-81.0184718234,38.2607056819,-220.49309198480927,681.6432408476045,2429.934562009954
110392,-81.0280747481,43.7303769094,-230.94627224032106,670.8811179349575,2426.937564557222
110486,-81.0347680617,42.6774189073,-323.46356829092497,577.7945056023963,2402.8713986731786
110485,-81.0437696874,42.7771018765,-384.2590867406308,519.4117076556907,2389.5047582934594
100765,-81.0477945808,29.052403157,-642.6882513624844,326.43781684505,2355.102145581767
100679,-81.0479197838,33.9895899255,-123.98216452179484,782.7370117630566,2460.2076533173054
110670,-81.0560425395,48.5491220391,-234.30687342591258,667.4303106999474,2425.9859207131253
305016,8.10613048485,52.2644755485,-426.4732545984103,480.68512989977336,2381.386709873901
110484,-81.0770156812,42.7906627397,-369.7122599335321,533.128962329685,2392.523972363079
100675,-81.0770865232,35.2604235336,-341.3045454915152,560.3881837879321,2398.745377147483
101146,-81.0770866772,37.9562574297,-155.52424030174487,749.3897321001116,2449.8019182036655
103456,-81.0812164085,38.1228776924,-185.91491354610838,717.5278528193654,2440.243981127471
110250,-81.0849634769,43.2687799882,-235.6055773168582,666.0979626675991,2425.61970715263
100678,-81.0878748271,34.0140482125,-53.38468109380754,858.2338981177926,2485.2585160775016
110394,-81.0893725602,43.6929902743,-266.95538410915503,634.153638399833,2417.0426775199953
301514,8.11098943925,48.8433027195,-680.3158809905725,312.28804418512647,2353.1825875605687
101144,-81.110419989,37.4354239886,-269.023671679771,632.0616466829584,2416.494649914387
110268,-81.1144766523,42.9938945075,-248.7742510759048,652.6274986549888,2421.9552266418864
110395,-81.123117404,43.7148680281,-199.0832765323064,703.8128690257055,2436.2465028119545
103395,-81.1312027167,37.5100727377,-187.44018841945257,715.9363195623865,2439.7764818781693
103208,-81.135279731,35.3312345965,-204.5070319523248,698.1811146423212,2434.6255023515373
100691,-81.135419757,32.835423,-300.32713134258313,600.6595404069566,2408.4717875323304
110247,-81.1520323244,42.9685378764,-98.21459966885327,810.165578802237,2469.071228809174
110411,-81.1561749757,44.1356147839,-157.33936774042476,747.4789994270577,2449.2181043022197
103209,-81.1601471181,35.2976839877,-260.6615786774755,640.5318618858547,2418.723947445893
110269,-81.1607237711,43.0809850777,-295.4858472476816,605.4826725103708,2409.6791766887936
110265,-81.1650966235,43.2814558723,-335.6791692412302,565.8540295417934,2400.028177044171
110246,-81.1685403618,43.0983953411,-179.6509676051995,724.0717683625079,2442.1761594112927
110252,-81.1686894598,43.289880024,-65.77114631042143,844.9116633865677,2480.6894579499344
110261,-81.1725092541,43.2849091986,-290.8703396258791,610.0926649910338,2410.841663762501
110483,-81.1726094631,42.8136827396,-334.05930326670114,567.4318670258806,2400.40067313225
110396,-81.1728830481,43.798281575,-275.9531574801131,625.0676593682061,2414.674728953225
110669,-81.1767752875,48.4982482319,-255.88292754000082,645.3867056429323,2420.0141461731005
110264,-81.1846411921,43.3729723538,-267.130386336332,633.9765523668291,2416.996221926756
110266,-81.1892276715,43.1687731369,-160.42171252642856,744.2364736341641,2448.230462302252
110239,-81.1936398388,43.0439220236,-166.58155735296276,737.7648323951079,2446.270920355361
110471,-81.1974556662,46.5227770875,-284.95261420160404,616.019736993136,2412.3483961116344
110481,-81.1975954622,42.7074873448,-367.7759476658234,534.9677653264479,2392.9343864376337
110244,-81.2055989468,43.4485707921,-264.6970524818953,636.4401478834254,2417.6435902951366
101150,-81.2104200632,38.1395907938,-156.38507094819875,748.4834428970137,2449.5248380345624
110482,-81.2145706786,42.6893676873,-287.9153202395421,613.0500741576378,2411.59176920182
110672,-81.2224548482,48.4808822235,-140.8799600412925,764.8390672683073,2454.5719110828954
110262,-81.2353772503,43.2230350074,-264.77210452948015,636.3641211516584,2417.6235775129276
100674,-81.2356514303,35.3061949194,-81.50907948157692,828.0289489063582,2474.9901834318957
103433,-81.2397660797,37.9061953755,7.3403900603173255,923.9438672724289,2508.708181062041
110424,-81.243264745,44.3187495011,-394.86313764231755,509.52569469875175,2387.3753164124673
103454,-81.243570616,38.1023448977,-229.73010283643194,672.1310405316503,2427.283379315947
103206,-81.2518883277,35.4396925874,-335.17126489582756,566.3485698290086,2400.144822798126
110425,-81.2567048711,44.6768792907,-331.23009906947124,570.1917864223861,2401.0545893754343
110467,-81.2572537711,46.5438286862,-295.08896299679185,605.8786341497165,2409.7787008720134
100695,-81.2645864487,32.5270895924,-138.20160867211797,767.6709784200023,2455.4558026903283
100673,-81.2645865877,35.4229235631,-381.3309575317546,522.1587493343303,2390.103392609549
110480,-81.2646923437,42.7895454346,-330.61707542708933,570.7904824768323,2401.1968354850496
103205,-81.268471225,35.4767307715,-374.09592586915085,528.9770564247707,2391.6022232137802
101560,-81.2688688361,41.7356450504,-212.954622228311,689.4302937380752,2432.1304647944057
103203,-81.2771727118,35.4896403006,-254.82632079675264,646.4615421059517,2420.3010129484487
110399,-81.2808587031,43.8891892536,-252.12821237707269,649.2084428757354,2421.0361563096117
110414,-81.2849819034,44.1521194403,-299.55779874854676,601.4251300543816,2408.6628354583404
103201,-81.2852454624,35.5854101705,-188.63401303735293,714.6911647832321,2439.4113898390524
110470,-81.2854804194,46.4355127852,-249.84370693145277,651.5367560905155,2421.661539603384
103202,-81.2978485975,35.5229383653,-207.7511197253053,694.8175535295582,2433.6630622479524
103196,-81.3021265788,35.6435102923,-210.08292693266887,692.4021904986616,2432.974570616106
103204,-81.3057715031,35.4934887569,-290.3952256906838,610.5678539241967,2410.9619599037396
103200,-81.3102891395,35.639365792,-324.5998017055791,576.6798609944707,2402.6036148174517
100767,-81.3150053759,26.9322272945,-525.284938468352,398.52836611410623,2366.171871706462
301320,8.13165263396,47.5902757378,-808.4163711046384,307.9341985716944,2352.608751685514
110400,-81.3186743972,43.8395467224,-241.9497089939272,659.5993906299907,2423.843192943128
110412,-81.3270458249,44.4565087615,-289.9627526137909,611.0004986293504,2411.0715620202145
110413,-81.3270748249,44.4565157615,-127.03194963854298,779.501291249104,2459.180093225444
110391,-81.352645797,43.8973878762,-161.27471080116544,743.3396339148447,2447.957981503346
301503,8.13544326228,47.5858457854,-638.9616873907765,328.1165733288314,2355.335422726525
110668,-81.3565374653,48.4939667636,-34.1779460055021,878.9487232611865,2492.487778501582
103472,-81.364532366,38.3644674434,-261.3833536615983,639.7994783062741,2418.5300991094286
103427,-81.3726264907,37.7811521092,-128.3649687899922,778.0877398719388,2458.7323967435545
110671,-81.376969104,48.4691772035,-49.55942477843466,862.3540878569113,2486.6843468162197
110466,-81.3811290704,46.602405245,-190.35753241769586,712.8943664405623,2438.885574511435
100760,-81.3812355884,29.0064257271,-817.0850849713163,310.17454563009363,2352.903040206739
103480,-81.388920802,38.4603833164,-242.46987109069008,659.0673048493599,2423.698450752214
101139,-81.3897698681,39.060324263,-98.02231497121012,810.3708405638602,2469.1385880694224
100758,-81.3933288994,28.7036975531,-543.964160797894,384.8006364945454,2363.898474491637
100757,-81.3939901064,28.6852258186,-445.48555400116066,463.8469036000856,2378.0450832220718
100671,-81.401061228,35.6858358268,-284.5832046724963,616.3903308719235,2412.4430579496966
110387,-81.4059403174,43.5392491476,-200.169156423141,702.6845284240043,2435.9207734127453
110260,-81.4065216735,42.9648630111,-332.15814245646783,569.2858959049539,2400.8396237844768
103207,-81.4102039688,35.506320868,-262.0429178766827,639.1304283453728,2418.3531942820555
103430,-81.4142759811,37.82694907,-336.6819475987858,564.8781379978245,2399.7982787403553
103444,-81.4148000051,38.0185920918,-22.233943855851347,891.8637016341108,2497.071350632533
100696,-81.4148026351,32.1906142226,-385.7120007283554,518.0513631135814,2389.2094262917017
110245,-81.4227138058,42.9361045047,-234.23495207624632,667.5041151490815,2426.006226619841
103463,-81.4271123422,38.2190156954,-285.6410503210314,615.3292805192754,2412.172172818858
103199,-81.4434450555,35.639315468,-201.21312778333274,701.600119156699,2435.608177654603
110390,-81.4437843905,43.7484420249,-274.45153009059896,626.5812909236373,2415.066993272198
103350,-81.4475824859,33.7895293299,-311.55908888789133,589.520166088229,2405.7178749973937
110382,-81.4476639569,43.180914418,-244.0442198620027,657.4575587495673,2423.2612136156977
100768,-81.4562185046,28.3057446812,-472.67628235516605,440.53287762710454,2373.6077359428414
103198,-81.4643876762,35.6189545923,-225.11170508513115,676.8829072760201,2428.60349543101
103460,-81.4648453783,38.1815703993,-190.1265770687044,713.1350844673364,2438.955948055544
100759,-81.4897252653,28.8744498442,-334.4054240197958,567.0945814867816,2400.3209644147487
110479,-81.4935319237,42.6321725665,-322.7875104535604,578.4580991097496,2403.031052708838
103481,-81.497684454,38.4641215337,-312.6048338878625,588.4867339630578,2405.464841544725
110384,-81.510242127,43.3651311592,-233.24194149503555,668.5233382930605,2426.2868589059663
103195,-81.5180423067,35.6724690527,-350.16194479164506,551.8259127509091,2396.759542766161
110406,-81.5182963277,43.9565439781,-256.93869202404,644.313223203172,2419.7280833704726
110381,-81.5228338771,43.4277473324,-223.2926770535309,678.7567769142864,2429.126433527978
101153,-81.5233798991,37.9650505004,-138.22925475318254,767.6417375421304,2455.446661011797
110398,-81.5434780948,43.6854018837,-279.775482986736,621.2197907708116,2413.681523379299
100672,-81.5645866855,35.5895902538,-310.6529966306899,590.4161072715243,2405.937581813573
110259,-81.5777245836,42.7315454558,-237.48397689620404,664.1721127569695,2425.0915576986654
103242,-81.5858365993,33.7527843009,52.862657672327515,973.5786715744366,2527.409720959767
103238,-81.5898668906,33.7440245891,-35.468080283304275,877.5551963279864,2491.996707553911
110388,-81.5913020877,43.5523315827,-199.22705206229503,703.6634481725127,2436.2033404770036
110275,-81.5937235199,42.9726159677,-323.83251759205484,577.4324782736101,2402.784371270648
103241,-81.5977457863,33.7439673771,-89.28451419876923,819.7070351614437,2472.2184554263094
100687,-81.6020866036,33.7520898558,-315.7278530612176,585.4043281800542,2404.712601395273
103021,-81.6020866366,34.4270900027,-289.4015656903998,611.5620547525358,2411.21392967742
103237,-81.6022366777,33.7270320067,478.416179684662,1446.8394393187498,2744.683739709454
100749,-81.606188824,31.4268150364,-268.9651442270278,632.1208170799688,2416.5101272792404
100762,-81.606253102,29.6020889044,-827.2856671593272,313.1967616952094,2353.303354732162
100688,-81.606271276,33.7230934654,-195.44958704823694,707.591582355945,2437.34082870621
100785,-81.6103605093,26.7145882015,-492.8614304741273,423.8881929847085,2370.5749657011743
103448,-81.618665147,38.0648419216,-219.71007947265642,682.4510848863831,2430.1613014612594
110397,-81.6263474366,43.7182788784,-134.0800995817871,772.0324944583717,2456.8228752510627
100694,-81.6270865927,33.3729231034,-329.79171431255213,571.5969357363673,2401.38866591822
101232,-81.6270867727,36.8062571725,-398.5086710252921,506.15025773932575,2386.6571918201553
101557,-81.6271297267,41.3984182675,-132.38128349719656,773.8315295014469,2457.3887978722114
103197,-81.630491639,35.6021204149,51.68615727195257,972.2923091378685,2526.9144825786907
110478,-81.6354214764,42.5189596752,-373.34424514650016,529.6879011399618,2391.7595490498916
110410,-81.6355338404,44.173107425,-311.1301976508,589.9441926592502,2405.821817656008
103449,-81.6395267297,38.0769260886,-237.8157992014702,663.8320579484426,2424.9984472195742
103452,-81.6396224807,38.0856919194,-318.5005784036054,582.6725418685497,2404.0490342139115
103453,-81.6433884821,38.0893465097,-110.72173678986682,796.8325471450605,2464.728499459315
110386,-81.6602618895,43.072376013,-275.4902767857832,625.5341227525828,2414.795520657003
110255,-81.6684303521,42.7182119057,-352.6541873265374,549.4266902203913,2396.208287228766
110271,-81.6686287171,42.9358460527,-287.9569155619268,613.0084135172497,2411.581178998588
101558,-81.6812537772,41.4604247486,-204.59234185273007,698.0926152545578,2434.6001247289523
301207,8.16900000005,48.9230000001,-651.4221804035556,322.6921022616943,2354.585878815923
103457,-81.6935132572,38.1242297426,-150.26626369457585,754.9299245652124,2451.5023269132994
110389,-81.6974146875,43.7522512562,-223.23168791578217,678.8196268395681,2429.143996069375
103434,-81.7024778059,37.9354881019,-431.99687166985893,475.75103813955167,2380.3956642012567
110405,-81.7056439762,43.8764996515,-284.73517953767305,616.2378603018265,2412.4041055193584
103471,-81.7063310203,38.3394743874,-130.07846722271367,776.271387688163,2458.158199791175
103440,-81.7103984426,37.972334326,-331.2202112833573,570.2014411851126,2401.0568821639486
103437,-81.7145318439,37.9519553053,-393.3878619492734,510.8951042098044,2387.667957518974
100677,-81.7263115109,34.1817851194,-185.10174907057282,718.3766502270847,2440.4936958428657
110383,-81.7263187859,43.1854716983,-296.645407051388,604.3262961827262,2409.3888727466174
101152,-81.726951197,38.3062919776,-273.88740903929187,627.1502059690703,2415.2146589287527
110407,-81.727078878,44.0937099395,-320.6093523482175,580.5980191538916,2403.5470720796598
101239,-81.7432207683,36.8979468151,-517.6819299727671,404.3092610243683,2367.1523918851008
305001,8.17617383265,52.0724372756,-362.35583903755617,540.1304401561366,2394.0938495056002
103351,-81.7687671724,33.8064165663,-549.482640184352,380.882104390509,2363.2637697265673
103466,-81.7726849438,38.2441643055,-423.85052787310804,483.03953067971474,2381.863064085877
110468,-81.7781912842,46.2690792815,-462.2756669991238,449.3365944371226,2375.257426671398
101250,-81.7936862325,37.0314146111,-755.7567375439198,301.1331796824353,2351.728228295722
101230,-81.7980622299,36.6645198618,-860.326914615181,325.70483950604023,2355.000660368259
103435,-81.8062936955,37.9476601169,-312.1761526821658,588.9102901642408,2405.5684978230433
110380,-81.8138608232,43.193320902,-253.46529503310708,647.8467793864529,2420.6713774113746
101231,-81.8138900932,36.6397460337,-565.3946861719634,369.9605011474153,2361.528157839014
103439,-81.8266265572,37.972854815,-209.5801317507372,692.9228370391817,2433.1227930270416
100747,-81.8273443173,31.6555860233,-415.58457058562243,490.5071822501116,2383.388714351108
100748,-81.8436141146,31.5641309978,4.258850816124578,920.5947790748763,2507.4766629257397
110274,-81.8474780459,42.8350403713,-312.3631223933136,588.7255424531119,2405.5232761696557
101138,-81.8491882771,39.6439070653,-134.9064415828665,771.1576751820749,2456.548112260272
100763,-81.8520457423,29.9794131697,-624.5618319161777,335.0397141538385,2356.3098433604964
110385,-81.8566879607,43.1853370243,-320.9512757851969,580.2619051671284,2403.4659029088525
203007,-81.8646316804,8.27319127767,-931.3069070923032,364.70912625351474,2360.711167133727
103459,-81.8687410257,38.1645497489,-253.87887286667055,647.4257577327859,2420.5587329443492
100751,-81.8732025581,31.2214670734,-405.3708062963185,499.83006306197484,2385.324833182646
100786,-81.8812531067,27.2187549872,-868.1604408528838,329.2439960330301,2355.4927460684485
100697,-81.8895576454,32.1857480412,86.61083054661012,1010.5521116586737,2541.8812006533835
101154,-81.9104203002,38.5270908439,-95.89246583852102,812.6449862604704,2469.8858964639567
101240,-81.9182886688,36.8227224839,-538.010249941123,389.1001548299482,2364.602164920343
301430,8.19368401409,48.8895958133,-578.1301161812253,361.6487517754692,2360.2403029179122
100754,-81.9766821016,30.7772579427,-562.1423146967647,372.1457677242694,2361.8714910621975
100761,-81.9897097497,29.2146761484,-625.5573270468224,334.53934422248415,2356.2387486606895
101140,-82.0020740407,39.3269387471,-144.1186197298343,761.4172923592589,2453.5078481555724
110276,-82.0101652544,42.6560978515,-312.3565419730975,588.732044321234,2405.5248674391087
100750,-82.0516344828,31.4525443575,-221.91339913610187,680.178484541596,2429.524076581787
101251,-82.0558614772,36.9519254036,-577.6231163369915,361.97196945810634,2360.2898496859793
110248,-82.0726807076,42.5145527138,-191.7921675631625,711.3994840421473,2438.4490344792353
100753,-82.0815618073,30.3605347772,-580.9477065158729,359.8644266066819,2359.96755769952
110257,-82.0956325445,42.3856426061,-322.91834319864495,578.3296563809025,2403.000137184127
101156,-82.114587019,38.3895908085,-231.16956840979626,670.6516881762147,2426.8741530435586
101233,-82.1337460376,36.6317815051,-805.6637094570077,307.28702320972167,2352.52413005486
110270,-82.1692380306,42.8642059517,-260.81379946518007,640.3773839680183,2418.6830428468725
110273,-82.1721740138,42.7899357956,-334.722002420963,566.7861531330861,2400.24811451664
110673,-82.1729552169,48.2020176524,-486.4752587250159,429.08829951272685,2371.510328174011
301272,8.21880645917,50.0395581314,-78.88965048073935,830.8353725583654,2475.9305087484745
101155,-82.2022972853,38.2228617717,-210.86224692846136,691.595381822213,2432.7450832372665
100789,-82.2140914423,27.8731031494,-680.2739139953493,312.30084405899674,2353.1842862507056
301598,8.22247491848,51.9606522394,-368.1948483048299,534.569709904336,2392.8454280635196
100790,-82.2322187988,28.1519806945,-793.3837432993803,304.78378125429265,2352.1984655153883
101234,-82.2389713643,36.5354166411,-477.75218116931325,436.2908526201196,2372.824092919084
100746,-82.2433916937,32.0395430821,-7.192526437249754,908.1620698700685,2502.9388352510673
103020,-82.2520868524,34.8645900749,-331.3443272965317,570.0802547726249,2401.0281057786274
100743,-82.2522727074,32.4024346261,-105.99057127553694,801.8718702413414,2466.3622937722735
101235,-82.2687699978,36.3354224816,-304.7498213378524,596.2647569942014,2407.3795148024824
100752,-82.2855589792,30.4358717074,-211.14678726447696,691.3008598013706,2432.6613711364344
100787,-82.3107212383,27.239692822,-440.4340292522732,468.28029201091294,2378.913806707403
101241,-82.3223526892,36.7356336727,-570.5552076222622,366.5447156229805,2360.9954460795584
110272,-82.3397993357,42.7647353085,-318.30414174080363,582.8659255989342,2404.095912205165
100741,-82.343411158,32.0192469704,381.1561291756549,1337.65787002281,2688.730749831832
100797,-82.3491635295,28.9896076578,-655.1207815966895,321.1873702233544,2354.380129598506
101236,-82.3602722644,36.377090502,-518.80931281471,403.44533192343107,2367.0049859913875
103264,-82.3640636297,28.0481631679,-187.38572285260003,715.9931380754498,2439.7931555007717
110277,-82.3898646218,42.589772339,-333.92018932464606,567.5674520431629,2400.4327277547377
101254,-82.4062881752,36.8854583231,-419.8912080676927,486.6076048452237,2382.589227909521
100744,-82.4063327932,32.352359349,-99.50879106310788,808.7842611246401,2468.618327911428
100745,-82.4063923302,32.3191728432,147.22683720550697,1077.2846245893654,2569.1412242681276
101529,-82.4229208046,42.9979249918,-826.1321955867278,312.8344256964427,2353.255159509505
100820,-82.4261618948,29.922849034,-650.4509691683138,323.095345855531,2354.641176564019
301491,8.24390464525,47.8938862279,-460.71936068480227,450.66645080008175,2375.509359639323
101253,-82.4560157643,36.9315254659,-594.7209311985474,351.44168043202785,2358.6978870983394
110472,-82.4603996337,42.9148638959,-784.4037142893258,303.35644726486873,2352.0139459523716
101218,-82.4606628217,36.1770374174,-267.50637083488874,633.596139647208,2416.896467793589
103218,-82.5025175491,35.385840966,-526.8816324010429,397.32808373941344,2365.970006991914
103219,-82.5050071413,35.4227832,-609.2057826766462,343.14969914951644,2357.476656063361
305015,8.25134331386,52.2933196619,-395.47250433602255,508.9606309830342,2387.2547814902227
110464,-82.5148084222,46.2102767216,-314.50694722991176,586.6086679598252,2405.006070092731
110241,-82.5187478855,42.1933740852,-348.2343677652648,553.6845870109024,2397.1881631926008
103217,-82.5437382506,35.3938711526,-596.3781314763858,350.4628440637134,2358.5522408728852
101210,-82.5440657876,35.5682285611,-467.88982499808037,444.56612486668683,2374.3595993943854
101238,-82.5516260762,36.5557455028,-453.2586558950699,457.08515102473274,2376.735429774333
103220,-82.5516940512,35.4520688825,-320.8213833484259,580.3895822244223,2403.4967308094933
101237,-82.5640395192,36.5148576934,-460.5903286037828,450.77685088495946,2375.5303065107473
101255,-82.5645870453,36.6729237765,-384.46053485316315,519.2229862481607,2389.463742622126
100798,-82.5646544073,30.6813850277,-326.06295831674373,575.2456941147002,2402.259785380171
301495,8.2565916043,47.6193987312,-755.5269479735218,301.1298466754617,2351.727801514467
101211,-82.5771190173,35.6090604575,-382.01944467508383,521.5121876629121,2389.9622234960616
103224,-82.5937451397,35.6901164842,-694.1442009570396,308.4528004840074,2352.6766879415686
103222,-82.597634931,35.5605418694,-418.27044866876065,488.07293165344197,2382.8889303679407
101219,-82.6017058093,36.2106629262,-703.6525999639383,306.2670861425357,2352.39112307276
101242,-82.6061282967,36.5893690296,-837.0270293068756,316.46199780937985,2353.7401436681125
103227,-82.6109138211,35.7940163028,-631.6095319716502,331.5660967488486,2355.818444696142
110235,-82.6143869904,42.2435643194,-363.4732202877726,539.064280144815,2393.853538958749
101252,-82.6147709494,36.9559696269,-284.94133260333905,616.0310537256677,2412.351285988763
103225,-82.6226962101,35.7229132619,-682.3361662820405,311.680074983414,2353.1019818526665
101530,-82.6229208811,43.1562583429,-380.60330024088614,522.842529673401,2390.252869194505
103223,-82.6344260631,35.664294506,-683.9028096258808,311.2197400807632,2353.0410524411213
101157,-82.6354204951,38.1729240766,-203.49548497762999,699.2306755226891,2434.926694060665
101259,-82.6396484995,36.9437213159,-260.24311580707433,640.9565841658341,2418.836458019189
103216,-82.6397504245,35.2273165429,-345.05463803784573,556.7563766380559,2397.8995247475277
101258,-82.6436241298,36.9728451113,-291.7964031399844,609.1667980235666,2410.607528336284
101220,-82.6480879162,36.2102561382,-528.7240725091049,395.9491239729588,2365.738822573666
100795,-82.6517388875,28.2146589386,-104.96026665793799,802.9699756932391,2466.7195320348205
101212,-82.6608389562,35.785307621,-285.7417476831075,615.2283080631474,2412.1464173842196
103221,-82.6929145609,35.53147479,-453.1892822423331,457.1451680536983,2376.7469727617467
103215,-82.693613485,35.2561536763,-763.5996872248535,301.3858208987096,2351.760591747398
103226,-82.694338476,35.7359200099,-415.66812371840916,490.4313458296898,2383.3731081871347
101260,-82.6976979933,36.9231257082,-306.98300603457443,594.0498506028442,2406.831878810513
100727,-82.7022417737,32.0313101444,-293.8174461302513,607.1477660529662,2410.098105405751
103286,-82.7108088764,29.8441068675,-563.8870843012844,370.970371232082,2361.6865761970516
101221,-82.7267602467,36.1814192688,-584.8215850897258,357.4445742133487,2359.599773582767
101256,-82.7518582958,36.6479242284,-382.3855262525496,521.1685616864708,2389.8872646105356
101213,-82.7604642765,35.9191839771,-403.83545461450393,501.24029398997436,2385.6207368683813
100742,-82.7686924622,32.7318095714,-68.21491332593243,842.2868317378836,2479.796680128499
100822,-82.7725548515,29.9434802977,-912.9236490824374,353.2137756565117,2358.9625768907
100728,-82.7807009512,31.9815726613,-14.012551110213892,900.7675169478714,2500.2653034119635
101223,-82.7849879435,36.3278423009,-441.2417280969542,467.5694054055605,2378.7739734427464
101224,-82.8059758983,36.3144463548,-607.1691967387251,344.2789498479554,2357.6412923016283
101209,-82.8229423497,35.1397936326,-519.316668588275,403.05729425926734,2366.938877603916
110473,-82.8315180394,42.0320502709,-362.7917622794647,539.7143865243874,2394.0000181450873
103228,-82.8351428327,35.881392864,-333.06268277453046,568.4034859013327,2400.630540221062
101243,-82.8438898764,36.4727193659,-377.998006516748,525.2943560369183,2390.790377331631
100730,-82.851883194,31.9563859092,107.2998875692636,1033.2847984193656,2551.0041047598947
101158,-82.8562539274,38.6476346469,-112.53866283268187,794.8986822159126,2464.10397159817
101159,-82.8646586671,39.2142292347,-107.28379576689358,800.4938924701739,2465.9146253954805
100725,-82.8647416021,31.9020756407,157.8981791164221,1089.0712273016038,2574.1057876461687
101543,-82.8853545828,42.8480541554,-1095.6244069661232,496.4581292557627,2384.6205446488575
101545,-82.8888146191,42.6292083193,-381.3794433630599,522.1132029699086,2390.093442644613
101261,-82.8898886922,36.848711338,-202.92926505329558,699.8183306993376,2435.095514315627
101547,-82.9021628022,42.5938334484,-202.8546702014716,699.8957578359812,2435.117767109855
100729,-82.9187535776,31.9937560873,-206.68862111537587,695.9187703475727,2433.977691512262
103280,-82.9223812619,29.7938025063,-837.4094280266161,316.59757164129906,2353.758375497887
100819,-82.9312534996,29.9562556187,-413.46659397495546,492.4319081714612,2383.7855717414413
101540,-82.9515932373,42.5778204771,-403.02044335654864,501.9898002442347,2385.7783273821833
101244,-82.9518341753,36.4278894362,-651.8936841183929,322.4975480884358,2354.5592233750112
101262,-82.9560663807,36.8195145336,-303.63961188299766,597.3669309489655,2407.6527403362534
101548,-82.9562542447,42.3395915163,-806.7146087031241,307.53041552398213,2352.555934367903
301271,8.29789999972,49.9893000003,11.450126115326395,928.412666661887,2510.3574541239177
301515,8.29795426272,49.0104851963,-603.2941334697819,346.46114990517424,2357.960940357346
103299,-82.9809176547,30.0065904389,-451.460965504808,458.6423248509486,2377.0353909864207
101542,-82.9851784681,42.818631781,-201.00980842320584,701.8112844214182,2435.6690142132456
101538,-83.0060212948,42.5359981136,-70.58066357539687,839.7469384307886,2478.9351319591174
101263,-83.0101701281,36.7570402084,-295.4556642248334,605.5127823822804,2409.6867426048584
101541,-83.020214485,42.8225382263,-372.94356188028377,530.0670031111638,2391.8435349421443
110435,-83.0224975092,42.1559388971,-380.8871258147133,522.5757655552204,2390.1945315398298
301269,8.30245424509,49.0355692014,-384.31815288942914,519.3563694768046,2389.4927299268793
101537,-83.0312542929,42.6145915611,-411.0801966359946,494.6059560530828,2384.235625860092
101222,-83.0521932136,36.1264808703,-520.8659864169583,401.8752618817976,2366.737880283714
103229,-83.0523645246,36.606516646,-441.72106587533267,467.14788341722914,2378.6911554126737
101215,-83.0732353284,35.6648992711,-128.61021711762766,777.8277244322501,2458.650124916666
100739,-83.0850663213,32.5771171456,-350.10111460019857,551.8845281568889,2396.773038958056
101535,-83.0896113907,42.8021223636,-370.1795147612615,532.6856806900936,2392.4252344158112
101536,-83.1019759357,42.7184998107,-400.75726141598875,504.0743751991993,2386.217811430831
101225,-83.1355016805,36.1520186934,-219.99406658967956,682.1580649736588,2430.079030292202
410209,-8.31427186378,12.0997182583,-809.7944724790693,308.26989965022483,2352.652715316827
101534,-83.1433221472,42.6894710753,-174.52301519773226,729.438155523712,2443.77259387839
100740,-83.1434648412,32.4938112937,-377.6605050731558,525.6123889925367,2390.8602743196275
301326,8.31497044013,49.0364413354,-619.0575434209956,337.8629864860512,2356.7129365908263
110463,-83.1522119049,46.2435785784,-323.4553217208268,577.8025984231257,2402.8733446858573
101226,-83.1551679871,36.1984358752,-853.352045763341,322.73257063963246,2354.5914252814537
101556,-83.1563646782,41.3070518559,-384.8226011973398,518.8838812270274,2389.3900790901653
101214,-83.1604205156,35.9812569432,-321.9118346012218,579.3180509290285,2403.238205419823
100818,-83.1717400285,30.0981510075,-843.5297585931557,318.8421236648652,2354.061334732042
103314,-83.1729436266,30.3896594036,-838.0391048854619,316.8220175801997,2353.7885756118517
101217,-83.1733026736,35.9604608035,-406.50466174243115,498.79006071378467,2385.1071239095622
101264,-83.1767086079,36.618893891,-536.1448523718398,390.4621754377265,2364.8266698227258
101216,-83.1809119333,35.8436384149,-733.9840260318784,301.8462002069995,2351.819635183933
101227,-83.1812538633,36.1270903063,-393.16736279000963,511.099948733141,2387.7117969831074
101160,-83.2145873681,38.6437574785,-202.4417618622268,700.3243790244318,2435.2409949968483
101533,-83.2223958787,42.6355269568,-172.5684305209164,731.4857702457737,2444.3845646561704
103302,-83.2230240778,30.1267221138,-840.5569077814935,317.73438247307166,2353.911554341587
103319,-83.2395268211,30.4815893322,-824.2593685243519,312.2572244790636,2353.178497712541
101528,-83.2395878151,43.9395917807,-245.87513666323056,655.5867914475755,2422.75432286846
101228,-83.2430480424,36.1401461444,-592.3587153627902,352.85003343971215,2358.9081402114175
100726,-83.2603992178,32.4023274841,67.82280088543831,989.9512385936412,2533.7616151979187
103035,-83.2684901395,30.9527056632,-400.7953972311465,504.03920913138546,2386.210383054913
301493,8.33140039549,47.6272072798,-777.6962405097494,302.5159497392044,2351.9056885223727
100817,-83.3143619803,30.6354905819,-304.1649932208781,596.8452656036089,2407.523362073715
100823,-83.3150474404,29.7872822298,-671.773626710825,315.03509615899003,2353.5487204791802
101257,-83.3979206122,36.4270903601,-423.7203342109382,483.1565959731281,2381.8868075728583
301502,8.33987458519,47.5724263723,-571.7588496027848,365.7572734933536,2360.873323787317
301429,8.3399480932,48.7858900137,-453.7003843123498,456.7031415821831,2376.6619926670933
100736,-83.4349909603,33.3132561725,-365.272302707079,537.3496784314068,2393.468016240789
101523,-83.4376940895,45.0727013405,-356.0115502737955,546.2017448396928,2395.4708960710013
301325,8.34377467851,48.898167923,183.35292829383482,1117.2282982438578,2586.1445315863825
101524,-83.4395879267,44.4354251877,-428.80699042152423,478.59639267935677,2380.9659751754066
100815,-83.4520870157,30.7895891297,-454.05722373810437,456.39472392447317,2376.6027459134557
100724,-83.4645068797,32.1478168211,-339.4813945910892,562.1573010640691,2399.159290042435
100734,-83.4767572658,34.1188097591,-283.0886741447911,617.890364590693,2412.826759324279
100840,-83.4768313698,34.6524409723,-324.5303973317557,576.7479235700664,2402.619952302
100738,-83.4812800371,33.2523614095,-338.6596539660639,562.9554218770628,2399.3464266083097
100706,-83.4975553005,32.5563707959,-122.93451516257134,783.8490708219007,2460.5616906888636
100722,-83.4979204235,32.2395894577,-207.72063346114888,694.8491451225202,2433.672081923688
101522,-83.4979213465,45.0937586282,-366.58173649148995,536.1033035875716,2393.1885048977633
100816,-83.5257172958,30.7900107617,-356.3859280534521,545.842644054439,2395.3890414556095
101550,-83.5312543893,41.960424753,-462.0857413307335,449.49871414333603,2375.288100815098
100693,-83.539674299,34.8940748253,-282.89926130709466,618.0805560976761,2412.875471648567
100733,-83.564321764,34.0314415189,-375.77721217949403,527.388767223241,2391.2514254361736
100839,-83.5732315887,34.7112126342,-405.3892239676636,499.8131600030521,2385.3212913084726
100723,-83.5853693457,32.2059083129,75.43663673234127,998.294622043115,2537.033034916473
100809,-83.5892393561,31.518534313,-179.68313243232325,724.0381339783233,2442.166187488496
100841,-83.5894388311,34.5730915477,-400.843771115176,503.9946042217556,2386.200961558336
100813,-83.5896572521,31.4853004003,218.5119470102,1156.2106595736425,2603.2225331632712
100810,-83.5898582491,31.506820079,-102.94020501813054,805.1236831153301,2467.421450212849
100732,-83.6020490731,34.0189522249,-397.5988148166001,506.99156201482316,2386.835753002605
101265,-83.6054716224,36.5884236625,-450.8044460196507,459.21201042335656,2377.1453759445058
100808,-83.6099427208,31.5402083228,-593.4011649356055,352.22663716848143,2358.814971927281
103037,-83.6100109588,31.5599597134,-592.7786073541189,352.5985759011451,2358.8705398102707
100719,-83.6148180702,32.2479533274,-235.24298202493026,666.469882670089,2425.721866241792
100842,-83.6229860149,34.539486186,-268.64580699378604,632.4436909640164,2416.5946060722454
100807,-83.6272605412,31.5319238361,-508.93063065762703,411.09278111586576,2368.3204476047704
101266,-83.6317190716,36.5437370908,-500.0641824490324,418.1003159889385,2369.5468642943806
100806,-83.6353802619,31.5649544848,49.73632396933014,970.1607975257982,2526.0950973613753
103036,-83.6439910006,31.6061137022,157.81600763003456,1088.9804272632784,2574.067372626403
301428,8.36489704226,48.6650652687,-404.8661574980565,500.29333768362994,2385.4219525249428
100737,-83.6603119259,33.4149833459,-371.4467029589416,531.4843801740612,2392.1580454113578
100843,-83.6603515789,34.5434142643,-254.52052321523834,646.7727081726539,2420.3841438693717
100805,-83.6685269826,31.5855844335,-548.8774007278711,381.3086802979206,2363.332557539845
100802,-83.6685964056,31.6524696471,-574.7666153742581,363.805110196283,2360.5716735702417
100838,-83.67280694,34.6861365691,-371.2322929212413,531.6875520462679,2392.20319389015
301389,8.36844201055,48.3973968416,-97.87797764795792,810.524924512626,2469.1891626834667
100844,-83.685117009,34.5106415596,-361.786624677728,540.6739269897312,2394.2165238724297
100836,-83.7100625061,34.685495183,-265.53358681308487,635.5928979819871,2417.4206915269056
101246,-83.7108026001,35.664134186,-257.06740866484597,644.1823805384471,2419.693246519786
101555,-83.7145877394,41.502091329,-400.78578145248156,504.04807597292546,2386.212256013553
100837,-83.7146676054,34.672642996,-334.55875884778203,566.945185903622,2400.28567293074
103574,-83.7184082597,39.3394760001,-203.08717281126513,699.6544337778747,2435.048417293241
100735,-83.7222144511,33.8980832429,-417.8111958657014,488.4886351070571,2382.9741111657167
100704,-83.7229205281,33.0979229737,-379.5742640174987,523.8102737568006,2390.4647394911426
100845,-83.7357779132,34.4234063194,-459.1601292854786,452.0019876090664,2375.7630910214575
100814,-83.7687067729,31.3604330029,-181.98569367776946,721.631224236139,2441.453684109086
101229,-83.7687540269,35.9604235825,-221.18522817388643,680.9293482626673,2429.7343980737287
100731,-83.7853209913,34.0643465946,-344.3889776597035,557.4003331572724,2398.049123613009
101161,-83.7902075947,39.7570121917,-845.1496492683885,319.4595045519713,2354.1450343820948
103612,-83.794266744,39.5521836357,-240.20931895505962,661.3804957850402,2424.328490131267
100846,-83.8019186647,34.4142350226,-400.37944853897307,504.4228401764271,2386.2914469001757
100830,-83.8020912577,31.14355581,-124.33485424029715,782.3627002743888,2460.0885883719543
103918,-83.806675823,40.4856433859,-484.43457587981976,430.76313416813787,2371.81393570736
100850,-83.818385926,34.4060003949,-477.38184155625663,436.5991077669255,2372.8807910976393
100849,-83.8229206244,34.4145899216,-384.28442302079554,519.3879701135387,2389.499598526006
100847,-83.8268535087,34.4773256008,-344.3859715470726,557.4032419520481,2398.049799732261
103584,-83.8269729777,39.4021285273,-364.7314589517825,537.8648636420398,2393.5837314365986
101166,-83.8270876487,39.9645910388,-368.6819872543496,534.1069850170303,2392.742096278089
100848,-83.8313708351,34.431125008,-350.2058537241839,551.7836041527331,2396.7498020588346
101245,-83.8314526131,36.0155632601,-235.93228677357902,665.7628970297138,2425.5277163781657
103736,-83.8430359111,39.9476771524,-475.2516079455005,438.37604815146807,2373.208382643669
101247,-83.8433488741,35.760304816,-792.0552084624056,304.55097450910495,2352.168311140112
103631,-83.8522596878,39.6437141333,-247.38878026727912,654.0412792184801,2422.3365709122722
100952,-83.8562043761,31.8313950909,-544.2443514866607,384.60011954615493,2363.865842177216
103633,-83.8686879672,39.6354319166,-455.69637618053355,454.98006603397215,2376.3314853667953
103691,-83.8763823338,39.7903561094,-391.4313657003126,512.7142169009257,2388.057858610133
100851,-83.8768747879,34.4231766993,-513.0134977869418,407.9111187744472,2367.7702482878494
101248,-83.8819287853,35.7856275091,-530.2150534313982,394.83800663800656,2365.553110657877
100702,-83.8895613589,33.9188439316,-398.5734525061413,506.090386273465,2386.6444952978873
100945,-83.8931803242,32.2983682495,-89.56761670817534,819.4042812818535,2472.1180886115276
100705,-83.8971200345,32.9023364225,-415.4186645213964,490.6577867521132,2383.4197136798557
100946,-83.902226094,32.1980705662,-157.41741339270027,747.3968641565372,2449.1930386166596
103591,-83.9104484866,39.4604366501,-249.50207713406888,651.8851320065322,2421.7552917643134
100825,-83.9188880733,30.2311171815,-560.9590598423234,372.94692246981003,2361.997856653766
101249,-83.9286978361,35.8188715128,-436.50917705369864,471.74548253842636,2379.598341769614
103712,-83.9347807246,39.8561076799,-430.84577821512795,476.7765107588335,2380.6008294270273
100951,-83.9352622067,31.8607688553,-559.1413608114804,374.1839402135132,2362.1934910102077
103589,-83.9443705344,39.4359355461,-53.31524104698901,858.3086674969107,2485.284337164986
100853,-83.9518999811,34.2609655589,-529.2294152859606,395.5720468092576,2365.675741109535
103654,-83.9599547457,39.7026098672,-46.25455142877488,865.9159760432517,2487.921812562489
101527,-83.9645879891,43.4104249869,-243.31190986579196,658.2062042671449,2423.4644365439003
100852,-83.9685237304,34.4686933501,-336.1147818765026,565.4300147594995,2399.9282425623082
103661,-83.9686384064,39.7145367131,-268.0206892073995,633.0758717250454,2416.7601302606986
103634,-83.9767464951,39.6480627906,-222.9573090135935,679.102394708141,2429.2230301797354
100954,-83.9771641622,31.7644677023,-392.81665039266755,511.4258517400021,2387.781579141038
100953,-83.9939106935,31.8771870317,-456.7759933964075,454.05017661297757,2376.1536210311738
100950,-83.9979205589,32.0312560624,-254.90526017410176,646.3812236292619,2420.2795611494435
100949,-83.9983580149,32.0311467224,-241.06292795756744,660.506759789774,2424.0902721609336
101525,-84.0183697796,44.0725401387,-521.9803133446453,401.0278389689182,2366.5941340849645
103730,-84.0187592976,39.9393650297,-246.00204173666313,655.4571769537307,2422.7192529629665
100831,-84.0191095036,30.9770714972,-421.5517164588654,485.10917543001466,2382.283648087203
103659,-84.0226808779,39.7144997011,-467.62200151522114,444.79273428551954,2374.402039320736
103616,-84.0314354186,39.5815416851,-295.1109829135548,605.8566631953075,2409.773176918408
100944,-84.0394798563,32.2991057496,-315.59724986240144,585.5331168239293,2404.7439570055744
100703,-84.047652905,33.2150909724,-289.0395075994669,611.9244386569671,2411.305867467445
101163,-84.048109092,39.060298541,-329.3633743395351,572.0156355074528,2401.4883624790436
100947,-84.0526667824,32.0311105284,-359.27664713550865,543.0733785597319,2394.7595207781433
101549,-84.0729212401,42.1687580972,-246.20313463457924,655.2518047670405,2422.663698392277
100832,-84.0760112123,30.9051962553,-553.544396354163,378.0400513673049,2362.8073870493713
103628,-84.0766855364,39.6270755949,-257.83158069128706,643.4057397531102,2419.4866012864236
103629,-84.0769965374,39.6351389396,-904.7652617340323,348.401667561535,2358.2468466674436
100855,-84.0895990275,34.0312558709,-288.7982234360014,612.1659780364571,2411.367174969962
100701,-84.0974906561,33.8940572546,-207.08877087356572,695.5039916116376,2433.8591311341347
100700,-84.0978017611,33.4853419317,-515.6477501809935,405.87390339821934,2367.420134517105
103743,-84.1098252211,39.9689135762,-187.07052362377075,716.3219731249351,2439.889677227002
103786,-84.1309071709,40.0809568855,-524.6289059581496,399.0229271683585,2366.255219595572
100959,-84.1482768353,31.7811459857,-285.8489254409787,615.1208432418548,2412.1190102579626
100828,-84.1520200676,30.2643403032,-593.9819822723098,351.8805941617135,2358.763324372516
103723,-84.156017734,39.9275652458,-346.69044642836457,555.1752134419521,2397.53289559864
103722,-84.1645877467,39.918757681,-301.1721920659286,599.8189684157576,2408.2622910988384
100942,-84.1726957983,32.7237569777,-389.7688375113201,514.2626807498045,2388.39079144709
100699,-84.1769445027,33.5524735573,-324.67069120332803,576.6103451150536,2402.586930362975
103635,-84.1848757873,39.651946842,-141.0989689305581,764.6075865054344,2454.4997920551855
101526,-84.1897375147,43.568767902,-456.47984980903266,454.3051010587662,2376.202346751071
103782,-84.1936333571,40.0649227081,-283.26469406412974,617.7136374019474,2412.7815080710534
100856,-84.2020873788,33.9979231531,-5.003361750142638,910.5372397852794,2503.8016161215883
103639,-84.2020877388,39.664590965,-439.72152661512536,468.9080251079254,2379.0374532293304
103581,-84.2062191641,39.3813221916,-315.07352614886537,586.0496663480565,2404.8697842677366
100958,-84.2103612505,31.8616397334,-222.18003382870805,679.903590916387,2429.4471306859673
110460,-84.2185110581,46.5462114624,-203.65998767341495,699.0599663490686,2434.8776775044043
100827,-84.2224015184,30.45548414,-570.353251160542,366.6771849170703,2361.0160155738017
103588,-84.2265118658,39.4311915267,-235.94632794913377,665.7484976971759,2425.523764064852
100941,-84.2309641422,32.7561252234,-380.18517153170114,523.235646684467,2390.338890161517
100940,-84.2314565142,32.7223473476,-360.6740185609781,541.736954084803,2394.456805891132
100826,-84.2399022769,30.4640950218,-249.54801238283977,651.838286739951,2421.7426824329123
100880,-84.2438143202,33.814277246,-360.87968610577195,541.5403808440498,2394.412339581886
100938,-84.2518235779,33.1190969854,-319.60948009316644,581.5813134748493,2403.784784884124
100873,-84.2522819439,33.8981542019,-262.7795239188896,638.3834646784433,2418.155891548792
100956,-84.2564273253,31.7646519624,-366.4103645504433,536.2663470335398,2393.2250338858607
101554,-84.2641488649,40.9477992602,-158.6368811587946,746.1137233864978,2448.8017796634635
100857,-84.2687743123,34.0519717416,-149.53513168726732,755.7009131139941,2451.7398593526614
100957,-84.277154479,31.9481691595,-335.3515073370811,566.1730504462676,2400.103412544742
110462,-84.277720704,46.565662837,-80.80752671088695,828.780442382303,2475.2417032549947
103576,-84.2887555479,39.3732144969,-5.416630772300195,910.0887983721789,2503.6385699177504
100875,-84.289490175,33.8604700098,-90.39652344171049,818.5179370323923,2471.8244438270785
100943,-84.2932509473,32.3098838285,-216.5376879909719,685.7264394713876,2431.0831367206247
101167,-84.2935056863,39.6364640587,-672.3567899145936,314.8385771508372,2353.522423415516
103720,-84.2935385773,39.9085047732,-218.2641191021611,683.9435078701463,2430.5808338368433
103719,-84.2937544504,39.8954530131,-413.8860404140985,492.05037403488063,2383.7067853335375
101162,-84.2979210637,39.1729242003,-286.73293260942955,614.2346942842286,2411.8931832731982
103726,-84.301616835,39.9364507725,-311.82676852580846,589.2555771178494,2405.653051256929
101267,-84.302071466,35.8856990103,-201.21453118932865,701.5986616444201,2435.607757804718
100884,-84.3104835737,33.8018104909,-376.44122194406197,526.7621210220254,2391.113297190433
100876,-84.3143969251,33.8437519704,-528.8864926164578,395.82787533448345,2365.718532444021
301494,8.43146627777,47.6600111906,-1103.4666346346423,503.6572046160341,2386.129721456677
110461,-84.3190058884,46.5732725526,-219.40386072985982,682.7670776266516,2430.250059180767
100877,-84.3225918937,33.8479537747,-413.4295588743973,492.465604289833,2383.7925327649286
100885,-84.3273222581,33.7899117709,-756.7141090489231,301.1495604526476,2351.7303258703164
100960,-84.3308678434,31.3313829285,-373.92951035443156,529.1343918322166,2391.6370277441624
100698,-84.3310417074,33.6809301269,-149.92454392993267,755.290254150058,2451.613312876103
100961,-84.3355064438,31.3100986258,-263.3703500538212,637.7845114089145,2417.9978392981225
103812,-84.3432395284,40.148352943,-327.6873298731336,573.6550860380357,2401.8793944731256
100886,-84.3481112878,33.8065178483,-358.3865431523008,543.9254228717704,2394.95288753318
100858,-84.3481996469,34.0187715759,-324.6671184062818,576.6138486072064,2402.5877711881612
103748,-84.3508024121,39.9894898159,-226.8445054162486,675.0990542938358,2428.106917119943
101164,-84.3520877182,38.7895907906,-173.8081398977378,730.1869195604238,2443.9961958551457
100859,-84.3560285745,34.0101601772,-361.2827003391021,541.1552798918531,2394.325271305491
100879,-84.3565702875,33.8229507947,-441.0322952002245,467.7536619728382,2378.8101975875006
100939,-84.3593669818,32.7934750515,-438.1280693138942,470.31403438005304,2379.314976793137
103745,-84.3611536749,39.9852976665,-199.29513972508568,703.5926895397276,2436.1829037720117
100969,-84.3642334082,31.5354517884,-355.9483960725456,546.2623321167326,2395.484711566094
103043,-84.3726002419,33.7980068986,-597.070985882571,350.0558684595256,2358.491801745394
100833,-84.3812539406,30.5562557154,-402.94314869177015,502.06091521767587,2385.793291642529
100932,-84.3844232169,33.4195018753,-230.39589036492978,671.4467024013716,2427.0939705794167
100933,-84.3885219172,33.2608485772,-337.26712537141134,564.3089589664343,2399.664365911838
100860,-84.3943760747,34.0028844466,-241.62898658861286,659.927521303163,2423.932507565056
301270,8.43969465645,49.502630327,-310.72265378275637,590.3472135031651,2405.9206762377335
103680,-84.397942632,39.7647051133,15.748665433991597,933.089471311645,2512.090848144216
103645,-84.398077688,39.6731587637,155.99288171267372,1086.9660225121606,2573.2158094402403
103823,-84.4009258842,40.160307216,-192.133786432417,711.0436198021597,2438.3452374753333
100887,-84.4027093824,33.8103892606,-719.5760653681166,303.4548406771593,2352.0266384944885
100888,-84.4059896716,33.8184920153,-234.36848499899796,667.3670876242749,2425.968527722771
100931,-84.410282979,33.4772157161,-353.07623627149803,549.0208366246964,2396.115261606871
103706,-84.410358068,39.8313201258,-46.197680813167494,865.9772871178965,2487.943152417545
101341,-84.4187551297,46.4937588021,-389.5006298056213,514.5127157831254,2388.44464088239
103758,-84.4190370767,40.0110036597,-218.22773383767705,683.981072417086,2430.591404428583
100890,-84.422764567,33.8605492128,-271.39359540842685,629.6670596441048,2415.8694240082878
103567,-84.4270311294,39.3149361801,-585.9280881983608,356.76058491026953,2359.4962561535885
100870,-84.4307928787,33.935528236,-384.68001671897616,519.0174099482114,2389.419079962038
103815,-84.4314266847,40.1515848943,-228.06248745106694,673.845886997999,2427.7587910007455
100889,-84.4354808831,33.8188805373,279.67359031970955,1224.246578931996,2634.145811052224
100869,-84.4436157117,33.9561180657,-292.74391352315774,608.2199594387434,2410.3684338534117
100891,-84.4477812901,33.82676633,-211.03631636430504,691.4152025380057,2432.6938669215974
100866,-84.4478107581,34.0022275835,-265.3334870294108,635.7955312623994,2417.4739761640703
103041,-84.4493781752,33.9612189941,-254.80270462906296,646.4855713939463,2420.307431273523
103040,-84.4519193414,33.9768726874,-460.03735829964717,451.2502198572755,2375.620177717499
100868,-84.4552117517,33.9681632807,-266.88685134362856,634.2229911293869,2417.0608743543035
100867,-84.4561105858,33.9854260691,-368.07606045179614,534.6825726956577,2392.8706445191997
100872,-84.4562350368,33.8562432844,-373.03226941043,529.9830623312234,2391.8249338560013
100871,-84.4563731538,33.8938100005,-405.56894093169996,499.6482395048814,2385.286739806686
100865,-84.4600478681,33.9894869254,-293.3002052280484,607.6642848496762,2410.2282777652304
101168,-84.4605473122,39.5020517756,-464.1872920459954,447.7075025489402,2374.949783826153
103872,-84.4643759255,40.268910915,-42.06961319837073,870.4292607132743,2489.4962473888445
100864,-84.4646565425,33.9573302598,-105.0783909438372,802.8440655578194,2466.678548465262
100893,-84.4687882788,33.7981542256,-525.5631445679134,398.3188817378363,2366.136597791041
100971,-84.4689579118,31.2190496692,-430.76582040096315,476.8477971810642,2380.615107390045
101521,-84.4770883815,45.6339007209,-443.27027937342854,465.78738116807585,2378.424342356237
100863,-84.4773065015,33.9562235697,-310.44395143634233,590.6228784690131,2405.988331731537
100892,-84.4807040218,33.8186506503,-155.68826606994512,749.2170281942481,2449.7490939264585
100970,-84.4807305688,31.3503528101,-402.3086956073478,502.644857564504,2385.9162434363284
100894,-84.4855769472,33.7982942396,-217.84156407597155,684.379788871137,2430.703635425879
103721,-84.4936416169,39.8858661813,216.10567006601443,1153.5395436480949,2602.0372684911986
100955,-84.4936900339,31.9476021565,-314.8192025766843,586.300565036027,2404.930938804449
100829,-84.4937539569,30.129173171,-527.1742960759115,397.10860678621236,2365.933159123683
100935,-84.4971520772,33.2565155348,-288.0524838339396,612.9126985833171,2411.556850655187
100862,-84.4976162262,33.9643748544,-265.87581041419025,635.2463847630406,2417.3296087236004
100934,-84.4979866162,33.4117890666,-216.14853118688646,686.128485457297,2431.1965709117817
100861,-84.5145580756,33.9681462057,-291.3490192923978,609.6140302662998,2410.720583923986
100896,-84.5183983359,33.8034412801,-255.10361023256792,646.1794205323818,2420.2256736463332
100895,-84.531597227,33.83949668,-399.6555598835127,505.0908705042378,2386.4327468680135
101206,-84.5354822454,36.6271792377,-271.9100654588479,629.1455716258702,2415.733556945742
103883,-84.5475963724,40.2893022867,-221.8622953011432,680.2311743967853,2429.53882835375
100968,-84.5521304927,31.3812188816,-364.49883831575954,538.0865177013944,2393.633549311443
103827,-84.5524859118,40.1660561715,-316.24866576488074,584.8908528887447,2404.587652311765
301516,8.45590015579,49.4818977303,-544.7834190510337,384.21480427185975,2363.803182094259
101278,-84.5603486624,35.9853089836,-405.3216683924832,499.87516160951526,2385.3342837119126
100963,-84.5603510814,31.8391168095,-356.4664317577189,545.7654389019739,2395.3714497248952
100965,-84.5644181517,31.615375523,-412.96738047185835,492.886229659992,2383.8794649154825
100897,-84.5682697991,33.7434472881,-307.8703431196161,593.1705661201563,2406.615006262653
103577,-84.5686136881,39.3804629835,-348.1049313955636,553.8094908836151,2397.2170156350157
100962,-84.5725263424,31.8312815089,-366.0446772304886,536.6143386361755,2393.303034780013
101169,-84.5729211614,39.3937575636,-344.802848694285,556.9999202568209,2397.9560836310966
101276,-84.5807892071,36.0814969785,-547.6932180442133,382.14558672387426,2363.4677313874663
100834,-84.5812190521,30.6018819672,-491.25011015690274,425.19428967197837,2370.8088602472662
103718,-84.5938934292,39.8972298793,-495.07041908746675,422.1042894887543,2370.256631477294
103802,-84.6013138418,40.1068952796,-166.54148460775406,737.8068972431306,2446.2836069182204
101277,-84.6022236549,36.014778406,-360.68275123681184,541.728606905968,2394.454917386745
103849,-84.6140851369,40.2227477372,-317.5397758114157,583.6186341610147,2404.278515063771
100903,-84.6146597429,33.7728910805,-212.49086333068274,689.9100312527191,2432.2664983673994
100902,-84.6316047853,33.8362228108,-382.9308555533567,520.6568936230434,2389.7757360753494
103863,-84.6349073546,40.2356560123,-16.504513641144264,898.0675212056416,2499.2938483703206
101268,-84.6433372183,36.0774388212,-423.26396326326466,483.56708990039584,2381.9701086059035
103673,-84.6433899243,39.7482533469,-215.52381823302179,686.7740068821706,2431.3788278230672
101170,-84.6438750813,39.301983772,-302.7093484668736,598.2909951409795,2407.882177915702
110163,-84.6439011623,47.2395301408,18.112487767894677,935.6624711466616,2513.0476970741242
301339,8.46513739655,48.0356559356,-528.4784541549692,396.13257789307926,2365.769533814632
100901,-84.651969004,33.8605235398,-277.6690574725724,623.3393976925568,2414.227924735567
103765,-84.6646276,40.0238900867,-223.10783889848847,678.94725889446,2429.179665693253
100937,-84.664770868,33.102246015,-404.1275309896257,500.9718464533929,2385.564348072842
101171,-84.6677825293,39.2645275629,-203.82778663692795,698.8858463265053,2434.8276928876917
101275,-84.6690490034,36.0816815866,-413.82014925034235,492.1102978161047,2383.719155662835
103884,-84.6725732747,40.3015342437,-365.724710246739,536.9189074253333,2393.371342062927
100900,-84.6773094451,33.839178815,-292.95455764524195,608.0095295731676,2410.315343665444
103637,-84.6854666518,39.6561032383,-456.98604368267416,453.8694305244077,2376.119089570603
301492,8.46878290986,47.7560720645,-690.436920078454,309.4055110634413,2352.8017847098195
301532,8.46888035186,49.4944772043,-420.6298498908123,485.94070462482523,2382.4531131312015
100966,-84.6894302061,31.6645615841,-368.62273257118534,534.1632600549252,2392.7546585995374
103806,-84.6940770375,40.1189419146,-200.95795276676444,701.8651434341461,2435.684533642466
100967,-84.6983374098,31.6227837256,-418.0303316573847,488.2902521124877,2382.933452315729
100936,-84.7020149941,33.3065437559,-254.5817350941636,646.710418358911,2420.367499589936
103794,-84.7023747612,40.0942447516,-285.51831814844155,615.4523550366938,2412.2035712554393
103867,-84.7060671325,40.2477610683,-112.70195100541804,794.7249231785364,2464.0479239208016
103870,-84.7094085247,40.256277039,-226.92492422854468,675.016294474423,2428.0839082830853
101274,-84.7186890775,36.1061916706,-291.8381490419132,609.1250716783694,2410.5969843182957
100973,-84.7268173422,30.7857841314,-697.2236664275413,307.70408795820094,2352.5786434471156
100978,-84.7314594636,31.0394276984,-386.8905824155103,516.949208676577,2388.9706888550604
100977,-84.7397967153,31.0858527222,-230.5739016446744,671.2637609737808,2427.0433668671735
100979,-84.7477453119,30.9769726242,-584.9975020313958,357.3356151350151,2359.5832703469487
103811,-84.7480395789,40.1435080886,-197.1825175342319,705.7889273781283,2436.8181052074547
100899,-84.7562086186,33.85166561,-343.2134561700842,558.5382751477384,2398.3138811803374
103818,-84.7642360883,40.1517772803,-278.2296730158078,622.7750585993955,2414.0822772786273
301474,8.47716697955,49.2352352099,-401.15603326778523,503.7067242267176,2386.140174400593
101271,-84.77300273,36.0818051506,-364.272923002046,538.3018224035002,2393.681958794905
103624,-84.773005942,39.5975930035,-541.4613550841889,386.5990524288718,2364.1918905190805
101279,-84.7768976233,35.8109602612,-906.5026829463794,349.410908822938,2358.3961607545402
101281,-84.7812282817,35.6211315585,-91.11358725758501,817.7513067844449,2471.5706883690277
101270,-84.7898589214,36.0608189238,-541.5670960480431,386.52280700547954,2364.1794238578163
101273,-84.7949513708,36.122857175,-412.74365905615116,493.08991381681983,2383.9215865806414
110164,-84.8055866637,47.9229138123,-93.07847454740092,815.6511768337822,2470.8766278646162
100898,-84.8059563537,33.7978011506,-241.88754715688432,659.6629849693026,2423.8604996154154
101552,-84.8062547268,41.38125792,-100.06674770178128,808.1888592368687,2468.4233227005193
101551,-84.8141349844,41.4684299843,-166.86783262426295,737.4643397101131,2446.1803122830815
100975,-84.8142320314,31.1648567387,-301.14368668871305,599.8473159250531,2408.2693516880067
301446,8.48213245896,47.9273295507,-585.8545803628252,356.80592404921083,2359.5031119483383
100917,-84.8313704208,32.6685879092,-364.478023776451,538.1063529982896,2393.638008345122
100835,-84.8438031249,30.0388191386,-710.9055920502793,304.8530138027293,2352.207437255883
100920,-84.8478020682,32.5309180488,17.57226097479476,935.0743667038265,2512.8287922426875
100980,-84.8604207512,30.7020890684,-489.7874112007833,426.383424300777,2371.0224149880446
101272,-84.8725379542,36.1397467624,-193.41606117114813,709.7082223586214,2437.956158084209
100904,-84.8726917663,33.6687328569,-354.85913662281894,547.3077789603568,2395.7233297623916
101280,-84.8852589413,35.7144915842,-408.9427968064337,496.5579548375388,2384.641329502137
100908,-84.9021060457,33.4770711921,-159.7953616053612,744.8951517993104,2448.4307739920687
101269,-84.9021499207,36.0689624825,-248.41649434006536,652.9924864840351,2422.053602887823
100915,-84.9022314267,32.9605190503,-399.3990597739022,505.3276950402829,2386.482882241565
103825,-84.905853809,40.1641946953,-239.3050375765473,662.3064282435918,2424.5812571968104
103674,-84.9142324977,39.7527335493,-461.6982502152013,449.82962243636075,2375.350744012034
100930,-84.9264492147,30.7991347115,-541.7608928732859,386.38312841214776,2364.156591636611
100907,-84.9270875658,33.5270896912,-422.1746769836725,484.547766253085,2382.169390626564
100906,-84.9398010358,33.5766293783,-312.51101026935874,588.5794266624794,2405.487520098081
103044,-84.9518793438,32.4355301329,-161.74995598723243,742.8400546746608,2447.8063270378107
100922,-84.9564972342,32.3730394457,-381.5840625970916,521.9210106484136,2390.051465808539
101176,-84.9604212065,38.4395906957,-218.3676960081582,683.8365766501048,2430.550746522651
101175,-84.9650377489,38.7767446905,-64.52981490985145,846.2454232965969,2481.144047472399
100905,-84.9685467362,33.573316648,-425.4192261130137,481.6304366602246,2381.577700889644
304002,8.49804217728,53.3363013702,-357.4496933043988,544.8228516781709,2395.1568649188757
100909,-84.9975835446,33.4603640597,-441.94631756874696,466.94989393908213,2378.652280453577
100919,-84.9980365606,32.460631949,-411.43822058830625,494.27942869861334,2384.1679096682574
103318,-85.0019821099,30.4771462728,-271.1793801615681,629.8833937792847,2415.9258179042235
100923,-85.002067187,32.3228448255,-258.3836243861896,642.844851980815,2419.337506751697
101173,-85.0105553387,39.4073357567,-364.0067145444676,538.5555781279145,2393.7390372782857
100984,-85.0146342,29.9481247461,-384.97846032669224,518.7379409042585,2389.358390696312
100924,-85.0183471483,32.3146883449,-443.2016265801587,465.847611194914,2378.436138455958
101553,-85.0229214337,41.0937578583,-162.80724477123093,741.7288664808183,2447.4693418362162
100981,-85.0315390664,30.4232552064,-472.62672752616646,440.57447131604454,2373.6154559306137
101174,-85.0395879401,39.0312574726,-402.45298770206443,502.51201957470533,2385.8882617747067
100918,-85.0523841471,32.6479325924,-285.88279173822633,615.0868874674894,2412.110351329666
100926,-85.0643240451,31.626713321,-548.3927398325759,381.65084299087056,2363.3877874383893
301447,8.50664637399,47.9400897707,-685.9588693846372,310.63041386311045,2352.9631790306557
100927,-85.0977993209,31.4143761564,-366.98657904600617,535.7182267322704,2393.1022724301715
100916,-85.1022486562,32.7939021935,-432.55937480008504,475.2504578749663,2380.2956676782087
103832,-85.1060831166,40.1690138477,-287.2515533750782,613.7150050181916,2411.760886829737
100929,-85.1102794479,31.2591725705,-238.34628934436014,663.2885001105095,2424.8497071439565
100928,-85.1186746376,31.2814899864,-468.85006474162094,443.7544572491892,2374.207759692863
100910,-85.1312336396,33.3812188341,-414.2205788490438,491.74620024391305,2383.6440156431936
103829,-85.1466389149,40.1689408327,-322.6871994007543,578.5565848880317,2403.0547621256123
103729,-85.147407559,39.9394312557,-1023.0613312473408,433.0874346610146,2372.237170672136
101172,-85.1520880154,39.5782301889,-429.2782243149576,478.1753496920035,2380.881377328646
100912,-85.1605067871,33.0269987468,-610.9148144016725,342.21156166171994,2357.3402853199273
100982,-85.1645874974,30.5354223547,-573.2059919851541,364.81523031748617,2360.727561606566
103830,-85.1658057435,40.1694963308,-334.9331478956369,566.5804800948785,2400.1995559290117
103609,-85.1689995258,39.5476475533,-386.76769099359893,517.0640748298553,2388.995547366495
100983,-85.1774199715,30.1274278529,-749.4892829271791,301.1253423418411,2351.7272247558335
100991,-85.1807885657,34.2689886216,358.17521999624984,1311.925340541324,2676.021779995774
103826,-85.1810561748,40.1691194868,-326.45430313368985,574.8623311641729,2402.1680140341537
100914,-85.1812497468,32.8867039462,-152.7672091308881,752.2937727373642,2450.6918183151265
103627,-85.2011107544,39.6226686885,-594.51134032103,351.56601824282154,2358.7164164096525
100925,-85.2057324888,32.0898799463,-446.10248230880245,463.30754927928564,2377.9399389127684
301432,8.52087987017,49.007213408,-471.60488300428426,441.43291915409657,2373.7749450969836
100911,-85.2231105502,33.3399685457,-386.4885151982934,517.3250680556888,2389.0520492228934
301412,8.52261118031,49.3525301346,-495.96167099112523,421.38674148449326,2370.12895298045
103210,-85.2474346593,31.1107435993,-376.5119491898054,526.6953948561278,2391.098598305795
101340,-85.2729220774,46.5729254316,-30.111876127237167,883.3425678450914,2494.040609136997
101282,-85.2773503167,35.0853962231,-126.52154563117804,780.0426496951789,2459.3517445051975
100993,-85.280930578,34.5690272984,-370.10111799390387,532.7600431209844,2392.4417926887077
100913,-85.2979156104,32.9230617702,-302.0874481603453,598.9090214254896,2408.0358144766283
103717,-85.3137826347,39.8977949863,-447.3481030546995,462.21995561173316,2377.728276154152
103816,-85.3316411912,40.1525518134,-327.3906739416794,573.9454511662618,2401.9487606465973
301533,8.53532756336,49.4774385999,-296.6738095666796,604.2979807899042,2409.381770795994
301448,8.53953441271,47.9399144877,-520.931271613327,401.8255504358117,2366.7294397206297
103586,-85.437473692,39.4267233373,-102.80970236514845,805.2628520384701,2467.466864768484
103549,-85.4602320959,39.1647729437,-302.22938072448,598.767953975858,2408.0007330907765
301415,8.5466644483,49.3896471867,-424.3032409479001,482.6326083551202,2381.780573962461
301528,8.54777168839,48.1522761223,-699.3878732787232,307.2012321571118,2352.5129255534666
101197,-85.4852141279,39.0733256701,-379.207286511906,524.1556070017366,2390.5404343387795
103592,-85.4883753202,39.4643450004,-470.15648780948163,442.65220158653045,2374.0019880839786
100995,-85.510421107,34.2937565016,-291.46714274068415,609.4959365474703,2410.690723532399
103734,-85.5516637304,39.9442155351,-1009.3630147528817,421.90855810053483,2370.221782714806
100985,-85.5560493108,30.3844564742,-497.7263305227974,419.96977237431645,2369.877439355339
103807,-85.6149801537,40.1183836566,-288.4336274206344,612.5310174010481,2411.459872180262
101196,-85.6729214445,38.806257401,-215.07569184242922,687.2371488278809,2431.509688770818
301555,8.56886445014,48.0653145791,-619.3239345385045,337.72416083550183,2356.6930382782834
103546,-85.6894246818,39.1308932399,-224.51567985983135,677.4967616189523,2428.774656048076
101283,-85.6937545332,35.0104233109,-161.85297515597668,742.7317693050511,2447.7734676624577
103564,-85.6937548212,39.2937574933,-365.8221436201148,536.8261545651677,2393.3505359814108
101194,-85.7016516898,39.2731427086,-442.6738943140217,466.310784300614,2378.5269002919295
304005,8.57155223436,53.17695876,-155.45640890323557,749.4611545054221,2449.8237671248685
101177,-85.7175035102,37.985007851,-256.87891404956406,644.3739910607329,2419.7442650438948
100996,-85.7437930313,34.4353989143,-395.66955003938335,508.7779833370354,2387.215847841536
101178,-85.7477769447,37.8227840026,-146.0689562085714,759.3580546387846,2452.8695690969957
103559,-85.7603570657,39.2601708855,-302.1399599745508,598.8568283734422,2408.0228339338437
103809,-85.7647725631,40.13594849,221.79234578288327,1159.8528274412736,2604.8422311496715
301374,8.57679007879,48.3732185926,-598.5202315787685,349.20893945506714,2358.3662462078732
103568,-85.7685512714,39.3147430751,-407.3085421741165,498.0534721045025,2384.9531921890275
101001,-85.7816363815,33.8237185857,-427.98892853515605,479.3278994462155,2381.113122689639
101002,-85.7853220898,33.7813522872,-374.58325803844565,528.5164435738933,2391.500386574353
101195,-85.7983157188,39.0683935447,-409.62761956822624,495.9320450629953,2384.5110738215594
103563,-85.8143381892,39.2905769311,155.29363329347493,1086.1934925259948,2572.889576150345
101003,-85.8267422212,33.6162755156,-544.4736412353072,384.43615264195444,2363.8391703572875
100997,-85.8308574575,34.3355762791,-549.8639738728309,380.61374633996735,2363.2205338817253
103636,-85.8356564329,39.6564040873,-830.0014358561035,314.0703237890826,2353.41977474106
103585,-85.8396293183,39.3979920209,-699.4403358306603,307.1892824626723,2352.5113651409238
103824,-85.8440457806,40.1645326984,-447.85521542466535,461.77771732896133,2377.6423465439098
101183,-85.8517514523,40.1443334257,-615.4727620426456,339.75248487763884,2356.984560585371
103541,-85.860263772,39.0850598711,-370.2413003435068,532.6270780587887,2392.412186923216
100998,-85.8644957213,34.2690888146,-501.6095806943234,416.86945671914856,2369.329992171331
103664,-85.8812549097,39.7267764992,-266.24474276073204,634.8728893624957,2417.231485295681
101180,-85.885299745,37.2686037728,-245.51446496316007,655.9552008729938,2422.8540388165384
101193,-85.8855408111,39.7142182431,-350.3614825151586,551.6336585938049,2396.715285792384
103552,-85.8931769067,39.1772524807,-407.38976801115103,497.97908041143495,2384.937657966074
100986,-85.8979210371,30.4520889798,-409.219122332119,496.3053453085147,2384.5887409863963
103524,-85.9145780105,38.8884479668,-301.33028184971175,599.6617623561365,2408.2231410501286
103556,-85.9310418628,39.2111628875,-443.50899632618007,465.5779950784796,2378.38334533325
101207,-85.9520288966,36.2477514673,-66.93906404619155,843.6570630395909,2480.262427218916
101518,-85.9606042033,43.0149039152,-508.9832642589215,411.05158079497875,2368.313296405552
103562,-85.9727773093,39.29033645,-330.18850841544287,571.2091769352955,2401.296398130056
103839,-85.9767929266,40.1939161868,-936.4743224892824,368.0943422091243,2361.2365219570124
101516,-85.9851819353,42.5935385144,-797.8662641247577,305.6243167744121,2352.3075247214397
101298,-85.993509986,35.3354772368,-234.79709876829634,666.927305493858,2425.8475835613785
103768,-86.0313529711,40.0310292623,-436.58625902113346,471.67725747283185,2379.584817373479
101519,-86.0395886168,43.3187581954,-433.9391310930065,474.0240899512972,2380.051114096384
500004,86.0420939333,69.4103623472,243.49634671859906,1183.970859840279,2615.6703662365817
103512,-86.0476856085,38.7689021099,-50.167290922519854,861.6991704534325,2486.4573047244176
103738,-86.0478417805,39.9648194808,-312.42445470358973,588.6649435052581,2405.508445956765
103529,-86.0601849525,38.9191318273,-91.51192774894002,817.3254800192915,2471.4298307146105
301410,8.60698666629,49.2692764297,-515.206030989775,406.2146465586555,2367.478575813529
301531,8.6070667513,48.2436834298,-581.7622351677129,359.35239294220713,2359.889533467737
101185,-86.0847194565,39.8604376942,-344.94613877072896,556.8613173204691,2397.9238925756526
101316,-86.0978848526,35.4855186542,-639.9880561640663,327.6494776834727,2355.2703980824654
101184,-86.1064709323,39.9017615916,-115.00075784804358,792.2793829682211,2463.2602559481584
103520,-86.1103277307,38.8562989991,-1222.9749586065934,619.2837297354955,2413.1839560573057
101284,-86.1187546154,34.297923145,-414.66823920395365,491.3393486617093,2383.5601153318107
101317,-86.1351997157,35.422818282,-557.815718946505,375.090864433616,2362.3373223227118
103841,-86.1768495442,40.2018213805,-237.0339216082517,664.6334058778792,2425.2179349629823
101186,-86.1811540865,39.7898867094,-146.48054311854514,758.9236186692187,2452.7351114279063
301472,8.61811821821,49.1188600613,-283.8007816617022,617.175492869856,2412.6437898820523
101187,-86.1854216629,39.6687575404,-389.6130305704869,514.4079231290617,2388.4220689055855
101299,-86.1894441732,35.2850741036,-215.90601026812703,686.3790672930396,2431.26730160946
101517,-86.1937552636,42.6479247389,-528.8239606532728,395.8745501920651,2365.7263424468715
103685,-86.1981481329,39.7360344299,-1246.279593967686,642.8314693680722,2419.3339508772237
110166,-86.2146791743,48.6892809187,-206.353523734663,696.2661622899839,2434.0770399901694
103542,-86.2269377653,39.0975573341,-267.0072873510518,634.1011156278086,2417.028897778782
301554,8.62271618359,48.1772207793,-619.4892429280917,337.6381239210418,2356.680710359849
301496,8.62304162662,49.5813524435,-461.85241893577194,449.6979422670698,2375.325810733449
103494,-86.2429769856,38.5898854101,-1018.8135485567539,429.5902627037379,2371.6012020715348
101005,-86.247868891,32.4188084045,-397.53529845931996,507.0503212931198,2386.848234844591
101342,-86.247922309,45.9645919463,-332.9771427469859,568.486910296659,2400.650294198621
101343,-86.248057158,45.9519682932,-427.5473012982095,479.7231032454658,2381.192710312364
101515,-86.2564469687,41.82835708,-481.9062709834643,432.84682530587105,2372.1932556254037
103790,-86.272221796,40.0844903458,26.372467200282653,944.6597632779175,2516.4114401690304
101300,-86.2727800931,35.0935406528,-433.9184269612425,474.04247659986885,2380.054776150797
101004,-86.2733126611,33.2117878781,-376.18645443000145,527.0025101878311,2391.166266406742
110165,-86.2807334488,48.7071251152,-278.58293837662495,622.4195269686478,2413.990583123546
103496,-86.2860130432,38.6186664415,-1160.035704611612,557.1567946928972,2397.992527454943
101199,-86.3018830105,38.8484108575,-419.1510320345428,487.2764596328796,2382.7259212862978
301529,8.63134707531,48.136235131,-571.8871320253095,365.67355793861884,2360.8603556400303
101520,-86.3229221342,44.2479250002,-363.03815093488237,539.4792924622059,2393.9470284141216
101007,-86.356580725,32.1524154954,-341.89933575805435,559.8115103830473,2398.610721858516
301443,8.63574425667,47.9272779897,-582.4469242498751,358.9233052722612,2359.824232209858
301409,8.63588705868,49.1925896724,-554.0589296492484,377.6826222369743,2362.75022611301
101201,-86.3603797603,38.6312154635,-282.2312184524422,618.7514905386219,2413.047424917515
103506,-86.3763816277,38.7314495548,-463.87001925656955,447.9775468371974,2375.000705332012
103603,-86.3811592791,39.5150381136,-666.0758279887056,317.02340793823396,2353.815691390907
101188,-86.3979217114,39.4979241642,-272.22847072175944,628.8241367290715,2415.6498634508985
301556,8.63984369901,48.1558483206,-1015.8462035193777,427.16341350191044,2371.1628053956747
101291,-86.4019866448,34.7104656851,-201.91232503220937,700.8740501316873,2435.3991258118817
301534,8.64029947905,49.4396078468,-308.0426124002945,592.9999125440362,2406.5729500961565
101198,-86.4087282763,38.7687317459,-562.5783622046753,371.8513499524201,2361.825119334351
101006,-86.4092663994,32.4106102478,-426.30364009961306,480.83716810849063,2381.417403583814
101287,-86.4314349282,34.9104099386,-457.74412126087554,453.2175836090129,2375.9946645457085
101290,-86.4479214016,34.7479232262,-317.71200222321505,583.449003582549,2404.2373442817066
103583,-86.4557052632,39.4023159653,-150.72553321750127,754.4456947981565,2451.3532536655657
103230,-86.4604214176,34.9645899371,-296.1908128708394,604.7795555156267,2409.502599838183
103571,-86.464785497,39.3314184024,-245.47538725301968,655.9951202616472,2422.864846759797
103649,-86.4687131053,39.7060498444,-407.47489963592415,497.90111842769795,2384.921380588642
301444,8.64755407165,47.8693250389,-700.2685052092183,307.00215438363495,2352.4869374033674
103658,-86.4825872855,39.7103251468,-380.9883673916377,522.4806262269866,2390.1737327315404
301530,8.64863160874,48.1434895756,-528.3440305744682,396.2330289925977,2365.7863557645965
101000,-86.489375427,33.7935104682,-314.32071379331876,586.7924524038374,2405.0509038387095
101285,-86.5020021561,35.0100707519,-314.64836004520475,586.4691284966043,2404.972038618505
103666,-86.5056488344,39.7315386875,-348.14703216635394,553.76886306539,2397.2076300475137
103677,-86.5146575861,39.7644744113,-233.4436936763486,668.3162283644052,2426.2298013486907
100999,-86.5185553474,33.7938327143,-398.75513829368373,505.9224917966917,2386.608898743792
103211,-86.5228289658,33.5688258656,-371.82864713543705,531.1225463168743,2392.0776799810246
103705,-86.5314323515,39.8319394179,-140.84888035097012,764.8719178916098,2454.5821474614513
103693,-86.5428978574,39.8027732334,-261.7556328463319,639.4218205469372,2418.4302207111214
103519,-86.5473284508,38.8399677248,71.53437578121877,994.0175679786412,2535.3531101815884
103530,-86.5521052402,38.9477276677,-586.480634009594,356.4202353403547,2359.4448185997817
103490,-86.5566734586,38.5398771419,-402.95742563397386,502.0477792876703,2385.7905273818496
101286,-86.5641810762,34.9602618348,-447.7889231152393,461.8355111996514,2377.6535717514284
101008,-86.5643349712,33.5355933029,-367.18685739828675,535.5277738322654,2393.0596449739865
101289,-86.573228041,34.8440440582,-220.47159139023043,681.6654201918116,2429.9407838345696
101288,-86.5895668943,34.8980206446,-687.5215445951186,310.1938084913969,2352.90557963631
101318,-86.598121753,35.5853618395,-329.2261095330484,572.1498359118593,2401.5203314965397
103045,-86.6229214801,35.2229233175,-329.2347172965166,572.1414199600589,2401.5183264533284
100987,-86.6270879214,30.7520890256,-421.4203580083258,485.2276071333877,2382.307767393137
103630,-86.6314630818,39.6482630187,-933.336959290996,366.03126136964204,2360.9157867567264
103566,-86.6318318938,39.3102777677,-41.76152863757509,870.7616437181522,2489.612481497476
301600,8.66368037498,52.1940412767,-332.899464094453,568.5626718858342,2400.668236079122
103578,-86.6442188488,39.3809123775,-751.8989126365391,301.1079478503488,2351.724997553058
101021,-86.6982257793,33.6063973518,-589.4513749511472,354.6042721670746,2359.1711802445416
101292,-86.7016164756,34.697723685,-407.371560330702,497.99575558523895,2384.941139826766
103502,-86.7020536606,38.6897456973,-103.53562508118452,804.4887727490473,2467.2143509100606
101179,-86.706324889,37.8982334659,-41.14150485020613,871.4306206272104,2489.8465403361724
100988,-86.7102797873,31.0275059034,-362.5142523108036,539.9792307046945,2394.059739741203
103580,-86.7142318366,39.3851132159,-836.1869409700328,316.1661000247176,2353.700378268679
101023,-86.7230996224,33.5686960136,-390.4216127655559,513.6544000354776,2388.259891748193
103602,-86.730662774,39.5065860449,-531.4568514200148,393.9158896047582,2365.399373454806
103676,-86.73087014,39.7603572419,-546.0252732580016,383.3294905760808,2363.6594437868157
301445,8.6735227108,47.9185741159,-688.0640873364508,310.0445156439013,2352.885902362914
101022,-86.7352717644,33.6110039921,-556.9630885390056,375.67629390226944,2362.4303472605125
101293,-86.7482038414,34.91491206,-267.8780005032937,633.2201985155009,2416.7979410089897
101189,-86.7558635421,39.8148082334,-405.39895997060984,499.80422479049906,2385.3194190664935
101011,-86.7594377364,33.4806677093,-211.9416363035943,690.4782831974362,2432.4277435156346
103212,-86.7604274414,33.343749691,-373.65489599391066,529.3940714345963,2391.6944936022624
103652,-86.7647480378,39.7064007385,-775.790209211298,302.31258504154846,2351.8795392051406
103508,-86.7685869281,38.7353873911,-31.726574542272537,881.5973584983363,2493.42302274775
301414,8.67702860209,49.3271933655,-627.1038566679889,333.7683039800788,2356.129399799387
101294,-86.7890385278,34.902113028,-301.0947557414214,599.895976936073,2408.2814725445546
101012,-86.7933273092,33.4612242147,-703.0599153580658,306.39238264360586,2352.4074391991085
101200,-86.7937550952,38.6687573226,-94.56296650019856,814.0650729192096,2470.3534991584183
103493,-86.7968060655,38.5810980854,-78.039316233481,831.7467191384333,2476.236473492552
301352,8.68040154437,48.8903830794,-498.87960636078844,419.04644595337453,2369.7139894348934
103213,-86.8060451702,33.3106325003,-388.27832809002774,515.6529995712176,2388.6905374753082
103214,-86.8100551755,33.1272283001,-530.557890701284,394.58312633040043,2365.51058155358
301601,8.68117843543,52.5189757716,-407.7041549906852,497.6912055767802,2384.877565822982
103569,-86.8185089792,39.3230240847,-251.9595110970401,649.3803012933818,2421.082246344631
103553,-86.8188012253,39.1771401497,-408.39045951161256,497.0631110085995,2384.7465702214204
301354,8.6820637495,48.8772595823,-521.1970718503276,401.6232380361562,2366.695099329005
101010,-86.8222521846,33.2393927464,-449.4329915940322,460.40378985594856,2377.3758889942087
101514,-86.8597236967,41.718647376,-330.75302193741413,570.6576923784075,2401.165273305428
103555,-86.863565351,39.2064696341,-1126.9148566583224,525.5171770772606,2390.8393445107376
101024,-86.8893362291,33.464416712,-171.43495939203694,732.6737264808388,2444.7403251332444
101295,-86.8897312931,34.7884289966,-283.3346667638762,617.6433879195861,2412.7635239488486
103532,-86.9141373822,38.9976817578,-97.33192903067474,811.107888410877,2469.3805851872316
101014,-86.9269841312,33.3810684731,-364.02022394263685,538.5426993635714,2393.736139781301
101296,-86.9559642236,34.6896011444,-641.9518279320944,326.76579269383376,2355.147628309553
103610,-86.9812552207,39.5520908127,-224.33582901251896,677.6820193211778,2428.8263394422647
101301,-86.9979215741,35.0104232589,-277.4735668822924,623.5362233102429,2414.278751436396
103551,-87.00945941,39.169217637,-490.9010054303636,425.47780029284706,2370.8597230539226
101025,-87.0189716168,33.3643096947,-376.4457378108756,526.7578604977004,2391.1123586007825
103527,-87.0395531095,38.9188284993,-35.79697264959746,877.1999933660802,2491.8716452134395
103540,-87.1099330044,39.0854211471,-828.3956188272481,313.55032831040614,2353.3504363440743
103489,-87.1112243335,38.5357871456,-654.8029194441465,321.31475461083403,2354.3975109118473
103521,-87.1270885428,38.8812573472,-292.7425827009449,608.221288982483,2410.3687693439765
101016,-87.1395881678,32.944478336,-586.3028181965258,356.5296757876048,2359.461353269957
301357,8.71453616019,48.8892523523,-569.9585554319102,366.9363638672846,2361.05628119819
101513,-87.154172627,41.6111185281,-358.676201163285,543.6480853428346,2394.889915748574
103503,-87.1855728856,38.7104952451,-1222.5150489653633,618.8216818668535,2413.0654242696787
301356,8.71968083662,48.8657808193,-588.1496028090527,355.3971242202198,2359.2904831243827
301353,8.71973118862,48.8152475991,-396.3857962176505,508.1143709796007,2387.074502786471
101352,-87.1979225776,45.756258524,-476.1914568607823,437.59126989706283,2373.063544734402
101350,-87.2104226007,45.9062585454,-557.5577807364512,375.2677950122497,2362.3654217395406
101303,-87.226289377,35.034948439,-523.7323563442972,399.700118617498,2366.369508906021
103516,-87.226851076,38.8270974147,-79.31536001651111,830.3791746761168,2475.777462049663
101302,-87.2270334521,35.0444655267,-513.3128337957036,407.6790047810442,2367.7302715462642
103501,-87.2347638897,38.6695462757,91.1329751802734,1015.5168137226813,2543.859050106894
100989,-87.2354214357,30.9645890542,-437.30080383814175,471.04513901597704,2379.4596005916687
103497,-87.2439738955,38.6395821352,-549.5216770676176,380.8546182450329,2363.259339999707
101319,-87.2603034648,35.8397615165,-508.28317490073226,411.59998455727884,2368.4085405910937
101305,-87.2765972392,34.5355467666,61.78621087324389,983.3413126895132,2531.1864026774515
103504,-87.3434784567,38.7142140144,-237.8541536810036,663.7927548028185,2424.9876884607056
101304,-87.3437456967,34.5608251527,-96.49708832098845,811.9992974459132,2469.673526381562
101026,-87.3562549227,33.4604229227,-211.87088657812123,690.5514916456824,2432.4485257598685
101020,-87.3937549788,34.2854230939,-293.581460864405,607.3834041144316,2410.1574777285646
103483,-87.3966892091,38.4728330284,-289.58536302940513,611.3781182971265,2411.167283991266
301449,8.74014388831,47.9399454047,-562.0447199989984,372.2117239290812,2361.8818842794703
101181,-87.4044546557,37.5895904213,66.02752231629621,987.9849757333644,2532.994034760473
101320,-87.4227393652,35.5726248194,-415.0539627341781,490.988950144185,2383.48790998003
100990,-87.4354214803,30.6895889864,-459.1674787807416,451.99568508205795,2375.761891939106
101307,-87.4852739144,35.1393545976,-480.09692679018906,434.34379660163404,2372.4668599379006
101017,-87.5188611902,31.5478161904,-439.6512130951162,468.9700051586613,2379.0496702666373
101471,-87.5266452138,44.6017611045,55.0568032153822,975.9781870193352,2528.335003395482
101306,-87.5313630482,34.5601328947,2.8366775844774565,919.0496193589333,2506.909785114152
101309,-87.5352514786,35.1274636036,-362.9685069455087,539.5457392361267,2393.9620031623604
101323,-87.5393929119,35.4479496371,-376.7867669580842,526.4361626509855,2391.041509719975
103484,-87.5477743616,38.4814696241,-295.1988363932441,605.7690076638764,2409.7511403676854
101828,-87.5514863349,41.4559893432,-242.61142137262135,658.922529406358,2423.659086508776
101202,-87.5520886359,38.4895905868,-302.13556048852956,598.8612010942243,2408.0239213997233
101829,-87.5896753531,41.5318348555,-110.28735491132767,797.2950022683192,2464.87804738882
101308,-87.5936147974,35.1771616927,-419.5404155054303,486.9245251317756,2382.6539742547775
101321,-87.6021584471,35.772649893,-384.6640528244397,519.0323610367801,2389.422327605712
101472,-87.6352134258,44.5480458131,-431.3800155840639,476.30039282496983,2380.5055202755784
103063,-87.6394950222,44.3272330868,-677.7482802771889,313.08388789459013,2353.2883352272142
301368,8.76461635933,48.414511074,-576.5908720320531,362.63204202155174,2360.3911679545836
101372,-87.6604226679,45.3270917615,-527.0006875486988,397.23878107655617,2365.9550116281735
101327,-87.660919766,35.6477469547,-383.85242357815355,519.7927851591131,2389.587622867333
101324,-87.6646508323,35.4020890423,-473.8772451678949,439.52590845263546,2373.4210524174587
101811,-87.6690457756,41.1647799581,-361.09489648431696,541.3347209224977,2394.3658341894043
101832,-87.6810825906,41.6475311101,-19.75089832182097,894.551665801916,2498.032656040802
101830,-87.685216028,41.5229472078,-286.1071381106194,614.8619632809799,2412.0530055840445
101310,-87.685424344,34.7021362884,37.16902795172369,956.4346472391762,2520.855351323596
101479,-87.7148168284,44.1070069426,-586.2527261114302,356.5605211065912,2359.466014391622
101329,-87.7187132767,36.2106074902,-641.9560537044605,326.76390537018204,2355.1473664529053
101812,-87.7187555297,40.6395909737,-81.268525050506,828.2866157417006,2475.0763999671044
103065,-87.7230253171,43.9643913678,-512.4595106873985,408.34111399649834,2367.844364234521
101322,-87.7395885095,35.9312567481,-314.3645813313266,586.7491598760471,2405.0403415478354
101311,-87.7438565148,34.6813049637,127.75845310243942,1055.8099930489839,2560.2107743854563
103064,-87.7472937991,44.3358531925,-470.35957146942815,442.48106717390857,2373.9700846187266
101833,-87.7686745459,41.6520225854,-523.7953694847531,399.652473469688,2366.3614616976256
101325,-87.7730750412,35.4313673867,-441.84800729108173,467.03629838071015,2378.6692438971913
301535,8.77736191539,49.4109107474,-152.40966558002833,752.6705383953719,2450.8075010546345
101328,-87.7812999549,36.1559135617,-500.98350053241955,417.36763491765055,2369.417694399625
101480,-87.8104162793,43.9148353247,-335.1580551113684,566.3614343087149,2400.1478583890425
101823,-87.818755669,41.8270911769,-351.64887744253184,550.3939412087374,2396.430253184217
101813,-87.8229222594,41.0104243664,-105.2285850569418,802.683976465228,2466.6264479915303
101312,-87.8229846334,34.7562526629,-239.78782960672785,661.812034721651,2424.4462537164427
101477,-87.8259415756,44.3102664254,-334.18733455850486,567.3070947436328,2400.3711812142187
101512,-87.8264214046,42.5937540694,-228.96832213912157,672.9142610808924,2427.5003749996263
101326,-87.8354218414,35.4937566559,-304.3812254396651,596.6306079657045,2407.470155623701
101027,-87.8437550251,32.7812560945,-524.5652885778526,399.070929430622,2366.2633147166657
101511,-87.8511261267,42.6525660162,-551.569903560276,379.41710306220676,2363.0281009656655
301364,8.78542108805,49.3601261462,-386.2603565233545,517.5384169931895,2389.098256857825
103046,-87.8558168131,35.2278380529,-476.48413690082305,437.3471383998753,2373.0185391867135
101819,-87.8600694764,41.9900381064,-658.2722390664201,319.94425910876515,2354.2108649808624
103072,-87.8604524975,42.7773255946,-181.04908238708737,722.6100782015632,2441.7431873511496
101824,-87.8898272599,41.7393726047,-574.6908379670476,363.854017796856,2360.5792115758786
101821,-87.9062766373,41.8312368963,-303.56543480837433,597.4405958870171,2407.67101853038
101502,-87.9104224916,43.1020913884,-461.64163373880405,449.87798814164114,2375.359903692839
101315,-87.9263876629,35.4354559351,-527.807858727858,396.634041836812,2365.853552314912
101836,-87.927042142,41.5187773414,-195.82885270427428,707.1969698146967,2437.2262968326045
101816,-87.9270891,42.4895912838,26.199461941680344,944.4712145569677,2516.340665129425
103059,-87.9363014337,44.5023627723,-408.5751248803516,496.8941867330248,2384.711366322213
301366,8.79369147774,47.9899060548,-582.3516780280652,358.9829224353854,2359.8333005654304
101817,-87.939730442,42.4192635599,-217.84712652799539,684.37404529843,2430.702018293361
101499,-87.9428723253,43.2802913982,-429.0216456890878,478.40457009567626,2380.927424459996
101203,-87.9437403004,38.1318061672,-201.77382315173816,701.0178614592523,2435.4405166093024
101815,-87.9476800837,42.5853108307,-681.6786601104006,311.87617071064085,2353.1279637355924
101314,-87.952088855,35.3063896804,-558.4701004971563,374.64267535336205,2362.2662005060324
101818,-87.9600176997,42.3150983483,-426.47132686808317,480.6868576948021,2381.3870586315415
101825,-87.964217527,41.7062619149,-388.25467997092125,515.6750737805664,2388.695302791018
103069,-87.9687558414,43.0979247171,-486.4503237234341,429.1087262517137,2371.514024163182
101498,-87.9767066991,43.3228858847,-400.26329222287586,504.53000046273104,2386.3141011242014
101500,-87.9854686658,43.2352625494,-374.67379923318987,528.430887774104,2391.4814803821937
101510,-87.9933773075,42.8731726535,-250.24651713474398,651.1260566357175,2421.551075134956
101369,-88.0020337952,45.501749302,-363.9933544576004,538.5683146887138,2393.7419028466547
101820,-88.0022977882,42.0129992583,-645.9233067271956,325.019254304165,2354.90593942215
101494,-88.0061148215,43.5938831411,-603.6480482679776,346.2600381418132,2357.931398889979
101481,-88.0061231625,43.7893591653,-637.3579913838332,328.8535583994201,2355.4382035471112
101469,-88.0065814106,44.5397351784,-615.6207171906914,339.6737177075516,2356.9732078151737
101505,-88.0106488849,43.0422432795,-550.6725902749255,380.04574102865354,2363.129119013877
301557,8.80120086136,48.4449552435,-463.4848340105185,448.30557465209654,2375.062600463708
101487,-88.0201001397,43.6805590303,-297.35075553600655,603.6232411215848,2409.2126276191166
101489,-88.0227643729,43.6391599989,-1125.9414229686115,524.6002326217261,2390.6379633738047
101360,-88.0229229419,46.6062586024,-139.09841050862187,766.722546907415,2455.1594513989257
101182,-88.0231568349,38.9353398967,-242.585702658774,658.9488334858776,2423.66623795639
101835,-88.0269407352,41.6392333674,-70.74630859856632,839.5691425856771,2478.8749087114766
101495,-88.0350922869,43.5820916651,-207.12181172108976,695.4697453802465,2433.8493450903134
101493,-88.0352572649,43.6188933052,-1022.4735452396947,432.60191222606414,2372.148579309258
101490,-88.03593334,43.6308375582,-96.84222541479294,811.6307551113389,2469.552378569826
101509,-88.0394298333,42.9602795067,-193.83325236159584,709.2738662917967,2437.829749031256
101491,-88.0434954726,43.6315063432,-353.2142599788208,548.8881373055846,2396.0848597518575
101504,-88.0437060356,43.1236292252,-53.929777388176845,857.6469989637976,2485.055903332738
101814,-88.0472287249,42.5814214043,-613.0633043504731,341.04459621427185,2357.171161469663
101492,-88.0476478389,43.6226796055,-265.79117242905875,635.3320785531263,2417.3521294788475
103068,-88.047922582,43.5645914567,-302.0672715744273,598.929075942796,2408.0408023675545
101467,-88.0806739387,44.3857874116,-52.927826362437955,858.7258319612167,2485.428438385375
103070,-88.0812226627,43.0442943876,-178.0627801387615,725.7329228434875,2442.6691841418547
103231,-88.0814848297,43.1483503573,-615.79074603458,339.58328180834144,2356.960176401164
101466,-88.0936558198,44.3732373066,-47.77324097218312,864.278928467464,2487.352515034841
101839,-88.0936966328,41.4307676531,-198.40518358411492,704.5176829175772,2436.450211557961
313457,8.80970000006,54.6853999998,-650.9265815179075,322.8974535841533,2354.6140306615885
101464,-88.0979080321,44.3598121875,-241.3175044851245,660.2462393023467,2424.0192995044767
101503,-88.1019489234,43.1771579466,-482.5211859313796,432.3391711181168,2372.100678036323
301358,8.81052333413,48.9397132134,-447.2289963003684,462.32387052839266,2377.7484789433965
101028,-88.1270883875,31.7562558647,-547.0870100019943,382.57518363109017,2363.537230294383
101399,-88.1270893825,44.535424943,-374.3332452730878,528.7527246496013,2391.552615286074
101841,-88.1271615405,41.7100972353,-311.52342038286434,589.5554259260856,2405.7265156488947
101484,-88.1310293998,43.7189827105,-444.5482862437728,464.6671914605618,2378.2052196303684
301450,8.81394718242,47.9858650515,-547.1824624763915,382.50748779063275,2363.52627361601
101019,-88.1559841199,32.8268184312,-524.4336637357065,399.1702707070566,2366.280070674988
101204,-88.1563506019,38.093881039,-5.358110448633074,910.1522975783855,2503.6616529883777
101845,-88.1643349786,43.0438276396,-164.4519802250694,740.0009375099403,2446.946230584741
101205,-88.1645887796,38.0645904766,-125.29094547815954,781.3481522588469,2459.7661276827916
101456,-88.1646404346,44.3270405078,-439.186193263011,469.3800559803458,2379.130535470762
103081,-88.168636409,43.1075175229,-27.944749749752305,885.6855683256092,2494.8714182894355
101852,-88.1736169224,42.2111190007,-368.1777381645391,534.5859659194269,2392.8490597643827
101485,-88.1845464923,43.5650044507,-585.6967019547077,356.9033505831334,2359.517846831159
101843,-88.1859004604,41.4853162197,-1591.9896164241234,1011.3230904608191,2542.1878099693
101486,-88.1892069497,43.5521345947,-399.74121887812487,505.0117958556855,2386.416011891193
101840,-88.193687573,41.8602983287,-614.5118848489243,340.26565513867234,2357.0585872914216
101846,-88.1980461884,43.0515598482,-91.4047478980861,817.4400520663158,2471.46772315146
103082,-88.2143182987,43.0439162646,293.90663621045474,1240.1159933860818,2641.558658237449
101398,-88.2146982848,44.4643937001,-291.5840522993739,609.3790636862884,2410.6611771703756
101208,-88.2187553861,37.0187569411,-51.3909563485857,860.3809985524654,2486.00079053234
101848,-88.2270872518,42.5397161959,122.99096062735379,1050.5569986324433,2558.048958724772
301365,8.82273977614,49.3064909128,-477.9011761332949,436.16689128689694,2372.8013032936738
101483,-88.2436518942,43.543677186,-332.91363510559364,568.5488503133727,2400.6649626822027
101313,-88.253479906,35.0686151147,-214.85602203104474,687.4642063031706,2431.57387360642
101854,-88.2553379741,42.0227679771,-202.28007161176595,700.4922384673763,2435.289273168655
101482,-88.2682211472,43.5983062845,-427.539149987827,479.7303996897968,2381.1941802893384
301599,8.82686361548,52.2187105487,-455.8019311973363,454.8890844442516,2376.314067416976
101395,-88.2771341319,44.3980550857,-336.6297927854629,564.9288779633494,2399.8102227080813
301518,8.82773603956,49.4103561904,-505.15868190737586,414.0577299355067,2368.8369026964747
101385,-88.2812820533,44.7520657019,-243.95937509099087,657.5442845683093,2423.2847447268205
101850,-88.2976111626,42.4640712696,-150.5124963168834,754.6703024506155,2451.4223898092687
101018,-88.3011885019,33.0932825263,-803.4706253506282,306.7938043162708,2352.4597565578315
101866,-88.302318257,40.836271915,-110.1583560309596,797.4323466899381,2464.9224765506733
101454,-88.3053901233,44.2647177246,-246.50797511600166,654.9405100937523,2422.5795218360013
101851,-88.314534513,42.3187153136,-828.8628722001502,313.7006020873935,2353.370462890889
103083,-88.3185455574,42.9436158143,-296.85362287599526,604.1187292148982,2409.3368188872028
101856,-88.3225497347,41.8268424119,-306.37467375196303,594.6529225083791,2406.980798865051
101391,-88.3228894307,44.3858545856,-491.97932893882336,424.60269905553065,2370.7028324744806
101880,-88.326795777,40.3148290388,227.40075225757454,1166.0816511843225,2607.6216913283333
101393,-88.3352629917,44.3649968399,-434.9092559079466,473.16309632471626,2379.879783430431
101853,-88.3395536841,42.0560710769,-492.9784338848057,423.7935115695194,2370.558037320687
101857,-88.3520426681,41.6899311126,-109.92006871048105,797.6860602751996,2465.004567666083
101849,-88.3687558865,42.3854245751,-403.9210407118143,501.16162335004356,2385.6042087018823
101390,-88.3730399119,44.4065079034,-491.3557372345689,425.10854654606106,2370.7934840900393
101389,-88.3938468976,44.4311557334,-31.735221322096784,881.5880140522415,2493.4197188555836
301334,8.83971816655,47.7432682674,-856.3118323828156,323.97293614187845,2354.761756783406
101858,-88.4147209993,41.6811133819,-435.11591639215646,472.9798208707843,2379.8433517373032
101847,-88.4304807936,42.8603951614,-880.8915218157617,335.4324373059454,2356.3657160666485
101452,-88.4521365994,43.7555201985,-285.7435290070954,615.2265219197558,2412.1459618212907
101453,-88.4562626518,44.2610577423,-315.5620396762694,585.5678395554623,2404.752411908331
101031,-88.4608331651,30.8101811094,-475.63945200168746,438.0520438440115,2373.1485543415097
101368,-88.4645896344,45.7645917807,-322.3074603457505,578.9294705469409,2403.1445648826543
101427,-88.4897299425,44.5898208355,-44.326395932147406,867.9950142169806,2488.6461806698876
101859,-88.5063074149,41.731457259,-620.8288268677086,336.9440646922923,2356.5813736403516
101382,-88.5225510802,45.0602076944,-673.6400863391293,314.41072512567655,2353.4652264121805
101330,-88.5229221403,37.0312569301,-39.64302885249438,873.0476939310977,2490.4129665048904
101339,-88.5229231463,46.977091959,-63.359160060270895,847.503523415868,2481.5734303178688
101366,-88.531261432,45.7639298327,-255.37887145378158,645.8993963038619,2420.150924633209
101451,-88.5391447406,44.01503992,-187.1448987143508,716.2443775743312,2439.8668972433975
101860,-88.543997826,41.6313693537,-186.42870672675116,716.9916557466892,2440.0863718867945
101364,-88.5587443172,45.8935774474,-376.7267525915803,526.4927681686264,2391.0539732074526
301525,8.85639856293,48.4436057594,-564.7099258678204,370.4185249080411,2361.5999558461062
101867,-88.5730850274,40.8276787992,-39.789436715861086,872.8896807105472,2490.357577246337
101881,-88.5856556425,40.026857571,-70.97443595882194,839.3242901360659,2478.7919904400396
101367,-88.5896897368,45.743778579,-533.1531282096364,392.66118311695135,2365.1907476108745
101450,-88.5979924695,44.0138666309,-322.2665147006898,578.9696825432525,2403.1542524693496
301367,8.86108239531,48.3232093194,-651.4863935058172,322.6655596555186,2354.5822413424194
101428,-88.6436076643,44.3396065218,-156.17535612548,748.7042128061846,2449.5923061054486
101861,-88.652584302,41.7020548666,-812.0921036194131,308.84686110671817,2352.7283845511697
101420,-88.664622732,45.1229600906,-394.0571834413194,510.27357000553417,2387.5350435341206
101422,-88.676355789,45.0645028568,-532.6937423820622,393.0004225926691,2365.247090689533
103047,-88.6975928567,45.7940170412,-669.6819501825948,315.7506736350858,2353.644611184597
103048,-88.6981375418,45.768174647,-311.8778016625146,589.205137979892,2405.640696878731
101844,-88.7202395416,41.3270910416,-127.25650983850876,779.2631330379419,2459.104613140602
304009,8.87311903831,53.056281026,-287.3822983861856,613.5840126365829,2411.7275568398045
101432,-88.7397373512,44.3978017616,-286.17253137087147,614.7964064814785,2412.0362951829356
101029,-88.772921861,30.8771805599,-388.29287493284414,515.6394211420499,2388.6876063003697
301501,8.87756546468,47.6565372873,-662.3554071453077,318.3877488692879,2353.9998357024865
301252,8.87789080471,47.6567368243,-641.6245502977157,326.91214843104126,2355.1679389481083
101864,-88.7892482093,41.3844850603,-108.46853573974946,799.231851878851,2465.5052263004795
101863,-88.8017618623,41.4393335649,-157.39309982346217,747.4224515774036,2449.200847006888
101862,-88.8523066115,41.5358723448,-901.6164547882386,346.5944304810415,2357.9805272940152
101865,-88.8562559269,41.3395910366,-303.05014280461165,597.9524154981682,2407.7980727331305
101868,-88.9319291221,41.2102969929,-91.07207880855987,817.7956813997049,2471.585370642352
101872,-88.942931602,40.6771798928,-922.5753624806232,359.13992259757987,2359.857188869843
101417,-88.9477994354,43.9522206298,-523.6433268260862,399.76744782967916,2366.3808823183
101424,-88.9555356801,44.9271768724,-524.9170916026449,398.80557342658267,2366.218576812672
101425,-88.9597141244,44.9108410991,-410.27805610974394,495.3379901139457,2384.387592717972
102097,-88.9777481559,35.2814440063,-180.30246785594224,723.3905659253808,2441.9742788832
101030,-89.014588601,31.0270890103,-412.74236101399003,493.0910957479438,2383.9218310513434
101331,-89.039588965,37.1979236049,-18.417328819437692,895.995717717229,2498.5501383852384
101873,-89.0769260801,40.7730874487,-147.30733402147737,758.0510693176461,2452.465268164038
101882,-89.1033941723,39.797772991,-151.42567237590202,753.7076180192341,2451.1261985702636
301524,8.9104596274,48.3773207539,-568.182030403111,368.1075958103858,2361.238588103833
301355,8.91069623042,48.7104118585,-713.9935861188393,304.31834563487087,2352.1382024335276
102092,-89.1227901089,36.6438469191,-406.35350779323267,498.92863156079676,2385.136106650606
101884,-89.1270353373,40.256992069,-45.99496907377964,866.1958314503208,2488.0192294834046
101332,-89.1441754727,47.9229735223,-310.12787872693457,590.9355612090058,2406.065108295843
304016,8.91509797978,52.2425262357,-359.4377146776597,542.9192613277718,2394.7245754320006
101429,-89.1644728754,44.8652779793,-923.3885957564867,359.65042977615093,2359.934935436876
101449,-89.1733821351,44.1223635998,-362.32301015119594,540.1617785418883,2394.1009199394284
301597,8.91881984209,52.2478453782,-425.1601942064399,481.8629324834539,2381.624729792424
301359,8.91907029611,48.9353256271,-390.1453564069588,513.9117802536216,2388.315260961318
102094,-89.1917181876,36.2520900817,-91.83183273804967,816.9835261796601,2471.3167643801216
101338,-89.2020899855,46.7187585437,-181.82878047981956,721.7951949895053,2441.502154692316
102095,-89.2177866818,36.2397299506,-264.3957079308071,636.745432289892,2417.723973781814
101874,-89.2438575659,40.6230829643,-374.0811785463145,528.9909981860256,2391.6053069056206
102098,-89.2478376153,35.0311719076,-181.9572336689235,721.6609637206853,2441.462474504892
101447,-89.2512350325,44.1808320847,-414.57831853689345,491.42105591177983,2383.5769595401634
301451,8.92696354577,48.0312421253,-540.1776211906181,387.5265458636248,2364.3437338099284
101032,-89.2731654593,30.4811796752,-645.1278701853616,325.3646816611273,2354.953639443828
110168,-89.2857280314,48.3605297925,-217.38476399519308,684.8515024217302,2430.8364914626786
101870,-89.3101830304,40.9521013775,-35.30921000415649,877.7267827199337,2492.0571367769976
101444,-89.3396116418,44.522877176,-337.79154856073114,563.7990675493264,2399.5445101991277
102209,-89.3479221765,33.9729229531,-502.0477195334645,416.5212109247107,2369.2687452054633
101900,-89.3479224275,37.7520903628,-46.75496642045988,865.3765143943816,2487.7341054708104
101414,-89.3484295336,43.9522592538,-363.6301465778436,538.9146238059241,2393.819842763687
102093,-89.3518940749,36.7476619277,-274.5695056399536,626.462332390385,2415.0361325995277
101441,-89.3559108402,44.5606671031,-870.330199989921,330.2610239632951,2355.63511856284
101442,-89.3564588232,44.5530399355,-304.00745360376845,597.0016746343913,2407.5621419547097
101440,-89.3599747435,44.5899139075,-44.98969075062651,867.2797378878021,2488.3967954504396
101411,-89.3643148659,43.9938679772,-252.90571473803575,648.4165513491448,2420.8239283187863
101885,-89.3643968169,40.1944458358,-101.28633905371221,806.8876657599403,2467.99760393174
101438,-89.3729871746,44.6232926503,481.9474868072707,1450.8111896039668,2746.779491647875
301335,8.93995989084,48.0389437389,-567.0297932575337,368.8713051428798,2361.3577678139104
101413,-89.4418258293,43.9774893829,-305.2977230991247,595.7210774600147,2407.244912755535
102091,-89.4645890872,37.2145902543,-62.58106586199865,848.3398888605725,2481.859189174368
101869,-89.4977910309,41.3641130136,16.96303043412727,934.4111943895274,2512.582087824743
102096,-89.510380715,36.1603001221,151.22046007390057,1081.6943610905423,2570.9934186365313
313459,8.95564668314,54.3155911562,-561.9247777381856,372.29281333300696,2361.8946646107415
101883,-89.5726015271,39.6896109061,621.6540343069373,1608.2979803904284,2833.1196341815876
101403,-89.5979381012,43.7897224053,-488.6657786976671,427.2975238071797,2371.1869689480477
101408,-89.6012413095,43.8980384933,-387.1352727238129,516.7205365894224,2388.921216949304
313458,8.96016524451,54.7186770316,-500.72913896048817,417.57021769545133,2369.453387294949
101875,-89.6020893926,40.4520908412,-287.64728531799267,613.3185515608446,2411.6600327463184
101899,-89.631678651,38.4516677237,-20.206053507357318,894.0588704069171,2497.8562271697256
301342,8.96499866391,47.8181031266,-604.9382218999353,345.52996514935126,2357.8242989403166
102104,-89.668380548,36.5522109825,-88.57937122790938,820.461200946577,2472.468614586641
304015,8.97279880456,52.3804535631,-386.13542657561464,517.6552568370118,2389.123570012291
102106,-89.7312558003,36.8348373939,-140.80993383463715,764.913083961055,2454.594975524902
101886,-89.7356699756,40.1351953109,-24.618748160668705,889.2830669443484,2496.1508049417266
101894,-89.7876012789,39.3064381314,-18.091684604905485,896.3483856974103,2498.6766290177757
101871,-89.8019444031,40.8024148332,-230.85515425057773,670.9747444781356,2426.9634475172434
101753,-89.8094060737,44.2653306347,-317.5263518580047,583.6318565373276,2404.281724719982
101033,-89.8187554785,30.793755599,-615.4888811498,339.7439002687121,2356.983323154213
301377,8.98196600532,49.4685762652,-416.0240805062987,490.10834365464547,2383.3066643588236
101876,-89.8354228459,41.0166386819,-267.61776874042647,633.4834425221311,2416.8669263753377
102099,-89.8687557266,35.168756506,-113.60004474588423,793.7693530525513,2463.7398916490247
101034,-89.8937554917,30.6312555616,-617.3280624872523,338.7696311116847,2356.8430857443245
102254,-89.9308003468,30.3436125588,-339.9155643030947,561.7357948058266,2399.060560099185
102107,-89.9560914789,36.1686648838,-450.6095755933404,459.3812092787428,2377.17806722502
101877,-89.9731739323,40.9567982389,-644.7725747630418,325.51968458794386,2354.975059934078
102253,-89.9772001596,29.8565164135,-261.7440284073506,639.4335916843188,2418.433332972317
101887,-89.9852072563,40.1273063123,-226.48392002427912,675.4701673591387,2428.21012576125
102103,-90.006083269,36.3267803338,-687.2534219571012,310.2680250499768,2352.915365079181
301537,9.00316917207,49.4319241172,-296.07375180364727,604.8962909922855,2409.5319028212734
102100,-90.0770891149,35.1270898216,-126.67446429514274,779.8804500735744,2459.3003037986728
102256,-90.0850798535,30.4981496126,-511.087761357954,409.40816386103467,2368.0286131069756
101898,-90.1354227387,38.8604238615,-196.07745291774646,706.9383365039643,2437.15126315054
102252,-90.13962496,29.9520325844,-196.10322143215382,706.9115292135383,2437.143487362265
102257,-90.1520749801,30.4021639426,-433.0928535711955,474.77603328398584,2380.2009893364384
102255,-90.1729222298,30.4979221906,-570.5973321729286,366.51709737777065,2360.9911585026125
101763,-90.1812563325,41.5604243329,-388.2239061397913,515.7038001793927,2388.7015044531513
102210,-90.1849620688,33.5228003218,-59.51860102481195,851.6328520791733,2482.986706085594
101756,-90.2520897083,41.7770910328,-273.3215769989324,627.7210018948354,2415.362938375336
102207,-90.2683307027,34.2558940185,-303.046029264332,597.9565019180566,2407.799087557631
102211,-90.2732706461,33.3975745515,4.135495431813368,920.4607438517176,2507.427456344318
102208,-90.3400223816,33.9520082363,-541.8300183190113,386.33332529378566,2364.1484526335976
101879,-90.3434499159,40.4815895806,-250.19494557114157,651.1786343257713,2421.565213175077
102258,-90.3604222813,30.5062555192,-573.3072395891181,364.7495144396773,2360.7174070907477
101897,-90.369191428,38.951979808,-185.3775362504495,718.0887540334853,2440.4089670640547
101878,-90.3724360043,40.6769168218,36.613447125446456,955.8283279470772,2520.6253708878253
101895,-90.3937032121,39.2318429402,-353.03313140304283,549.0622815123579,2396.124758195374
102213,-90.4065625541,33.6400100735,-417.3030539377665,488.9488444360307,2383.0684925810697
102101,-90.4309708011,35.8229625272,-119.42715998849596,787.5740404964629,2461.7508682076677
301360,9.04322148439,48.9353687681,-451.4114978229594,458.6852311072438,2377.0436700012874
101754,-90.4397001969,43.2020912567,-374.23493979634463,528.8456446874413,2391.5731608634005
101888,-90.4524595069,40.1978402791,-60.959371896048694,850.0834126494635,2482.4556947343576
102109,-90.4684820362,35.3729092689,-441.90332646855177,466.98767721564974,2378.6596979241376
102265,-90.4767561509,29.8241027138,-911.6513226586269,352.451203789096,2358.848515464625
101893,-90.489671232,39.3604588718,12.070653353179353,929.0876294565116,2510.6071558621834
301328,9.05232756714,48.523328858,-655.0681367844039,321.208442574711,2354.38300440658
301361,9.05251701215,48.9351337391,-583.4850596264689,358.2750361539993,2359.7257191013605
101762,-90.5354000418,41.7687576811,-326.98569308540976,574.3419341720225,2402.0435310805133
102212,-90.5431499204,33.5473458789,-481.8216594101256,432.916721712563,2372.2060104037414
301470,9.05584491343,48.197628287,-465.3462125348691,446.7222407457293,2374.764246874659
102110,-90.5604225919,35.2729231626,-47.968587760066825,864.0683884945433,2487.279366668095
101890,-90.5680604765,39.8273465865,-205.80491876484638,696.8349813687385,2434.2398113407917
102108,-90.5729703039,35.3646948512,-450.9620235921232,459.07522595905357,2377.118955994133
102090,-90.5895895033,38.5020904398,-247.9659374175506,653.4522285900863,2422.177591116438
301526,9.06049976681,48.5104737379,-674.9789934887826,313.9711030931845,2353.406535521399
101896,-90.6154056364,39.1603331383,-147.07543452542316,758.295784255615,2452.540920000545
101892,-90.6437562888,39.7062573205,-115.88918442149274,791.3345885365947,2462.9565361312534
102259,-90.6767474195,30.9352671177,-586.1970111621753,356.59483662369826,2359.4712003675663
102111,-90.6812559579,35.2604231546,-282.353944128469,618.6282166972196,2413.015818089733
101337,-90.6856566432,46.6061236484,-321.98235930541125,579.2487750658349,2403.221506909538
101761,-90.6891267005,41.73133149,-151.6885290640222,753.4305536356815,2451.041016998502
101336,-90.6937570729,46.4895917447,-315.9586249771379,585.176787446899,2404.6572189033423
103235,-90.6939619479,32.8688786747,249.03892673341545,1190.1354525413717,2618.4665098589935
102221,-90.6977397272,32.352271967,-317.5265752659588,583.6316364832284,2404.281671302548
102089,-90.7019412796,38.1606731246,-367.7978605166704,534.9469394886581,2392.9297306702438
101891,-90.7602624324,39.881900052,-85.53961690996094,823.7135160746806,2473.5497618647973
102148,-90.7645894597,37.3270902146,-322.0378713042394,579.1942482227856,2403.208364880507
301538,9.07734004721,49.381725166,-259.745437440409,641.4618106208687,2418.9703847592446
102215,-90.7770788758,32.9727934983,-780.2557988542917,302.81378098135474,2351.944015874848
102217,-90.8184560822,32.485835346,-246.85149037486144,654.5897693251877,2422.484723163902
101755,-90.8188790932,42.7188487887,-257.3009196082234,643.9450316423157,2419.6300691705137
301558,9.08271190365,48.5191436326,-498.4438755962051,419.395043321498,2369.7756582047855
102216,-90.8437923023,33.1513057211,-423.68368138768284,483.18955607733386,2381.893493622142
102167,-90.8481549817,34.5560435083,28.89807547709436,947.4127652467919,2517.44620907972
313456,9.08510333685,54.3779773594,-690.2953522601794,309.44299753821355,2352.8067146671265
102262,-90.85194971,30.3350700941,-462.5923877658498,449.0663490344505,2375.20631813163
102113,-90.8862323398,34.9723216208,-441.5878019371504,467.2650465133691,2378.714167686068
101889,-90.9020897531,40.3354240835,-117.9556287327793,789.1377745600597,2462.251590535558
102220,-90.9061458935,32.3146991739,-206.6230644634923,695.9867291010553,2433.997123034879
102219,-90.9143959771,32.4439491246,-135.49056686334563,770.5393898882108,2456.3540907667566
102162,-90.9312560665,35.8604232613,-1440.5857869382023,846.7174098478728,2481.3050679021258
102147,-90.9352101469,37.5314261635,-343.3845363731568,558.3726048525191,2398.2753039855684
102218,-90.9645314623,32.9145511735,-323.46005430351227,577.797954069726,2402.872227894035
102143,-90.9647226083,37.6147684874,-409.1379566489829,496.37953708072047,2384.6041836518175
102260,-90.9812557807,30.4395888177,-461.3412236525993,450.13468975860746,2375.408534711737
101809,-90.985162428,39.0144953992,-166.3219035945002,738.0374026094859,2446.3531379397864
102146,-90.9932932957,37.6020946454,-404.9099567953707,500.25311964800306,2385.4135179408286
102141,-91.0062332217,37.477176391,-357.3053228994242,544.9612051544719,2395.1883397721977
102157,-91.0147004764,36.993448762,-437.84410444884236,470.56490264192513,2379.364578087117
102145,-91.0269963715,37.6188773077,-302.17595467380806,598.8210530616232,2408.013937137224
102144,-91.0561981799,37.5896912433,-400.6713453806879,504.1536056887963,2386.2345496590015
102156,-91.0727309652,37.0522590629,-464.0963394151035,447.78490244213447,2374.9643758828033
102161,-91.0848520582,35.8195263449,525.371631336756,1499.6902428618307,2772.9073717656456
102261,-91.0979224763,30.3812554689,-95.85434322294634,812.6857009261898,2469.8992927540944
102140,-91.0982012264,37.4938527774,-569.8893584783411,366.98184136180333,2361.0633493717573
102222,-91.1083800712,31.3229223358,-416.3315733393103,489.8294224740983,2383.249322034644
301369,9.11089889598,49.3435561228,-471.6854291063292,441.365199730432,2373.762352762038
102165,-91.1104061174,35.2520379919,-96.91044540356458,811.5579119897224,2469.528439271433
102139,-91.1641978808,37.5061411934,-380.5156378478369,522.9249361246076,2390.2708960865098
101798,-91.1812565812,41.1812575455,-318.8855274021641,582.2936434071875,2403.9572281988917
102151,-91.190136813,37.3897757208,87.65534283773916,1011.6986349323652,2542.337230931666
101333,-91.2019257449,47.339674685,-397.25753289632075,507.307327076951,2386.9028451035124
102088,-91.214566632,38.0311886219,-535.5538962081373,390.89512723641167,2364.8981940782255
101795,-91.214589952,41.4562575903,-149.13780866920857,756.1199578841125,2451.8690541233955
102206,-91.2312560044,33.5562561256,-193.7549115158743,709.3554259304021,2437.8534796320682
102163,-91.2397567501,35.2732716627,-270.5980287885622,630.4706063867176,2416.078983265017
101797,-91.2770621522,41.2278815034,-248.9862956673594,652.4111941964296,2421.8969495356514
101804,-91.2812565665,40.7562574673,-241.0289530077061,660.5415300408255,2424.09974645557
102160,-91.2892439472,35.6058573572,-177.04979875210432,726.7928577263681,2442.9843073379216
101796,-91.2897763552,41.4106819255,-273.0383619216208,628.0067598328652,2415.437218859777
103085,-91.2935355145,33.5395120042,-598.5440425250781,349.19507375333444,2358.36419312007
101752,-91.2939920176,44.0647395011,-134.95296194930373,771.1084310039744,2456.532654011074
102152,-91.3143743492,37.3146237606,-360.24269230468366,542.1493112886144,2394.550133863979
102205,-91.3145075022,33.9895624685,-288.2586230055524,612.7062592567729,2411.504391036788
102166,-91.3145894283,34.685564667,-113.577253397904,793.793600618084,2463.7477038527104
102164,-91.3227726159,35.035573253,-304.84740181790767,596.1679160494199,2407.3555308645186
101718,-91.3270905513,46.1729249895,-270.1805888248086,630.8923547562183,2416.189071895478
101760,-91.3438822457,42.1400826138,-322.82180871283964,578.4244263760261,2403.0229472241244
301553,9.13447938694,48.535837595,-494.99188007110877,422.1675821413774,2370.2679036911372
102248,-91.3686002677,32.4318895766,-276.53923743620226,624.4771940663808,2414.521947252976
101805,-91.3729232241,40.389590732,-152.34254833392094,752.7412679787788,2450.82922382927
102155,-91.3812865398,37.1480276858,-315.06995197696386,586.0531921211181,2404.870643475993
102150,-91.3899381275,37.3475849153,-338.3897906940733,563.2176273542583,2399.4079610645294
301522,9.13927637533,48.5317204457,-608.3369820985897,343.62993572600345,2357.546606238006
313455,9.13930006633,54.3395450302,-582.0513928231918,359.17103281623054,2359.861923645441
102251,-91.3977683861,30.7564113179,-287.83302490682684,613.1325013724647,2411.6127243188403
301362,9.1400363584,49.0022040076,-408.9395141251513,496.5609562279827,2384.6419544886253
101808,-91.4104231632,39.6145905959,70.56858384212148,992.9593024194443,2534.9383905962277
102087,-91.4228892512,37.6894602336,-351.81067147504046,550.238223195401,2396.394493843306
102245,-91.4391890626,32.9769366247,-598.6959427219774,349.10665609700385,2358.351103035448
102085,-91.4399423616,38.7104237671,22.205795542034362,940.1199307413599,2514.7107094126
102159,-91.4498368154,36.1104377129,-501.49481765555305,416.960726328356,2369.3460522172677
102154,-91.4609446474,37.1432351374,-342.7733271305099,558.9645788909984,2398.4131979940557
102249,-91.4768618757,32.4575119987,-626.7488581320109,333.9446127028571,2356.1543820833435
101803,-91.4773525287,40.860596303,-152.26906411986926,752.8187086604679,2450.8530098654423
301559,9.15187392938,49.0767829428,-288.7367959786019,612.2274753276862,2411.3827878218326
301539,9.15253814843,49.2808954127,-262.72605312511325,638.4376789355201,2418.170204460773
304012,9.15265669544,52.9646532135,-275.272702798393,625.753417026151,2414.8523364332623
301500,9.15269979644,47.6685883433,-724.8161857661256,302.76589967399093,2351.9378516157017
102204,-91.5271199678,34.202038061,-650.5294286345418,323.06264511389963,2354.6366897093217
101624,-91.5350035735,47.9227876383,-329.06834756884746,572.3040907737618,2401.5570865947916
101781,-91.5395944469,41.6557010108,-281.139913453614,619.8480046277573,2413.3288248181793
102149,-91.5520351119,37.3769595677,-589.5345501541834,354.5537683306577,2359.163589600084
301471,9.15615926573,48.0853591577,-633.7494202555919,330.5435008417591,2355.674738542231
101807,-91.5645899519,40.4604240679,-185.37439397109694,718.0920341425779,2440.4099322360385
301543,9.16020646106,49.006364315,-312.0118991550294,589.0726085864861,2405.6082403509035
101782,-91.6188492684,41.6063501107,-182.14339258992763,721.4664403421294,2441.4049832826236
102138,-91.6393166601,35.8897953737,-518.224318577677,403.89333246206434,2367.0813868273717
101751,-91.6401151432,44.0559798824,-364.66821029584037,537.9251264038954,2393.597273869171
301542,9.16499350846,49.0733305805,-320.18397132097874,581.016272684792,2403.6481391796533
301541,9.1654411235,49.1192456673,-230.10306769780547,671.7476622911256,2427.177247267054
103084,-91.6566051476,36.4229617958,-538.1560516660793,388.99399504022176,2364.5846984269
101802,-91.6684542445,40.9225966241,-250.95263677025875,650.4062773612517,2421.3576343630452
102137,-91.6974756839,35.9561377642,-292.99678511666195,607.967347899982,2410.304703553022
101801,-91.7085069758,41.1609422508,-108.18837423312903,799.5302633630145,2465.6019771833844
101783,-91.7147983284,41.4733190407,-193.80642544501043,709.3017952146828,2437.837874952322
102242,-91.7187560107,31.1354222743,-204.55610439771218,698.1302072086754,2434.6109040408305
102153,-91.7478978961,37.0894943189,-256.87787373470917,644.3750486166772,2419.7445466695503
102273,-91.8270893257,30.068755378,-208.02163850566924,694.5372412078228,2433.583047130682
102158,-91.8476627014,36.485619926,-51.63751949764551,860.1154268399393,2485.908891199622
301385,9.18990053952,49.2396521723,-437.61155276452985,470.77041911800393,2379.40523143365
301322,9.18999655453,48.0060055452,-592.2699927216058,352.9032276960085,2358.916097697318
102247,-91.9270894459,32.0729224629,-359.222109847763,543.1255668811837,2394.7713563631264
301480,9.19411393687,49.1193250613,-463.4979370422339,448.2944127265705,2375.060493616772
301545,9.19430245089,48.9605437862,-189.179664603091,714.1222078505957,2439.2447592651897
101749,-91.9727887777,44.6272264726,-223.94842283509334,678.0811143952301,2428.9377236884357
301544,9.19760573716,48.9980747003,-164.0383618709026,740.4354022881287,2447.0776556576348
102084,-91.9812565104,37.9187569296,-282.9735047985294,618.0060052226087,2412.8563758227488
102077,-91.9936310604,38.3316375177,-267.83869252892845,633.2599594399431,2416.8083589906673
102080,-92.0099248978,37.2438152577,-341.1142009011485,560.5727815595708,2398.788509077596
301417,9.20203551453,49.1686839114,-515.0041189689086,406.3705181929958,2367.5053254245754
101759,-92.0271730042,42.5397552679,-143.64411049446906,761.918453383416,2453.6634238345446
102082,-92.0479231669,37.5604235279,-309.58659142745,591.4711777863607,2406.1967130742382
102083,-92.0519665063,37.6684820808,-443.57045588941435,465.5240979302291,2378.372795339502
101780,-92.0642896783,41.8104242656,-135.28439613747466,770.7576074101892,2456.4225526643336
101750,-92.0659718884,44.0934646525,-271.6979348443384,629.3597477590986,2415.7893451120026
102244,-92.073044656,32.110544301,-114.0846907898009,793.2537707972448,2463.5738293668674
102134,-92.0815814027,36.4269977821,-187.36657209129166,716.013116391721,2439.7990185058825
102132,-92.0893939594,36.9183750158,-363.6721150413183,538.8746028184636,2393.810833257306
101335,-92.0934278127,46.6357547018,-399.8250631537294,504.93440304765386,2386.3996352745226
301406,9.21034600421,49.2268637242,-521.0053235300178,401.76917309807493,2366.719868575323
301540,9.21055679723,49.2150636152,-297.3641374120425,603.6099053744017,2409.209286409833
101719,-92.1119944602,46.0810355229,-367.95181415980653,534.8006335021958,2392.8970277576996
102081,-92.1142116774,37.2773122635,-18.926342333124566,895.4444988426832,2498.3525208354613
101717,-92.1311025418,46.1191317161,-526.6099887850689,397.5319436185551,2366.0042506416653
102133,-92.1518755915,36.7605362987,-446.37104599986986,463.07289863104194,2377.894231731899
102203,-92.1562563229,34.6682474216,-308.20953332798234,592.8345734320006,2406.532214476587
102131,-92.1893311016,37.0562606672,-186.78006841470082,716.6250223910995,2439.9786660080304
304004,9.21896684193,52.6893128627,-470.6553725383534,442.2319038240095,2373.9236560212066
102076,-92.206256614,38.4229236753,-53.65414026107702,857.9437673621286,2485.158340189374
102136,-92.2104230934,35.9937565603,-368.7583071310773,534.0345069859017,2392.725918802435
102075,-92.2140714587,38.2689330805,-384.2507119991526,519.4195540655436,2389.506463896453
101793,-92.2187570071,42.4187576889,-250.19579614937072,651.1777671439689,2421.564979982963
304017,9.22263774623,52.9234759131,-412.7228891796448,493.1088260113931,2383.925498447386
301549,9.22283849125,48.8386895731,-406.9241373906094,498.4056207908631,2385.026756808654
101758,-92.2314479761,42.8449604752,-95.78512363625948,812.7596277520166,2469.9236183252465
102135,-92.2319796192,35.9188898561,-271.901951139589,629.1537637910542,2415.7356904988037
101720,-92.2479241435,46.0770915786,-341.5416965940766,560.1582272011177,2398.6916657541424
103303,-92.2481228815,30.1978591297,-296.7864989642255,604.1856413770804,2409.353597358328
101757,-92.2560490662,42.8352164213,-21.282086373444283,892.8939905625465,2497.439518034419
103315,-92.2562681062,30.4020784086,-768.4875328934263,301.6795478130041,2351.7982518545123
102276,-92.2643553608,30.285332712,-105.63741316319599,802.2482407377591,2466.484686273992
103301,-92.2932670642,30.0853908414,-393.87712122185155,510.4407367131038,2387.5707766584633
101779,-92.2938924883,41.8909647472,-82.30849959974714,827.1727479939406,2474.7038656940613
101794,-92.2979236776,42.2520909901,-220.03550265978572,682.1153134889607,2430.0670296832195
101732,-92.3059032503,45.4563388772,172.21529243165375,1104.9011619390556,2580.8430881228633
103322,-92.3185275323,30.6355777409,-158.27732742447904,746.4920062588658,2448.9170633701888
103317,-92.3431978144,30.4638832227,-115.39328299688769,791.8619298398836,2463.1260186573945
103300,-92.3598775567,30.0819166161,209.58537814057576,1146.3038989043687,2598.8376433514736
101733,-92.3640899221,45.3958008612,-332.8928178144504,568.5691543223462,2400.6697713563412
101736,-92.3813179185,45.1643539401,-164.59754480431755,739.8480484896803,2446.8999985106193
103079,-92.3851019148,45.9811697706,-157.51630447873137,747.2927936565479,2449.1612824206354
301523,9.23965061364,48.5897281465,-512.645552382618,408.19665130300785,2367.819455531243
301520,9.23999376267,48.8564169095,-647.3878174411215,324.38905659601994,2354.8190435565402
102250,-92.4104228829,31.5354223344,-442.35668554263987,466.5893464068587,2378.581528146063
101334,-92.4186172376,46.7033431314,-350.70597613039234,551.3018066879665,2396.6389277308126
101792,-92.4226949669,42.4519135616,-135.78011998864184,770.2329366427094,2456.2579759761666
102241,-92.4437562137,31.3145889531,-390.4436713162341,513.6338516179583,2388.255472386734
301332,9.24456825804,47.7313291175,-657.3864369750688,320.2900143538234,2354.2578790676384
101791,-92.447803929,42.5394179079,-242.9202326222144,658.606711171707,2423.5732437575916
102277,-92.4634845583,30.1980941027,86.47621422463396,1010.404357411978,2541.822462984855
102278,-92.4676173067,30.781061064,-21.502766764266056,892.6551128763016,2497.354123547857
102130,-92.4815561608,35.9809920622,-570.331878194515,366.69120989056415,2361.0181937605407
301550,9.24828275135,48.777211339,-341.4031125272701,560.2926023515021,2398.723049480098
101722,-92.4885099934,45.8854459527,-352.4199628271813,549.6519823533382,2396.259954504568
102275,-92.4899253375,30.4850862955,-246.8078550467526,654.634319685569,2422.496761683588
304011,9.25014260751,52.1600453749,-449.60252673716684,460.2563400982293,2377.3473382023712
102282,-92.5064783969,30.0815331361,249.60862937598728,1190.769214103232,2618.7546256022747
102079,-92.5102098732,37.585709404,-371.81577446003183,531.134739314416,2392.080387270435
301547,9.2513286446,48.910758465,-355.3832968833986,546.8045930783461,2395.60842603061
301481,9.2524501797,49.1768920271,-483.8682285690546,431.22905848700145,2371.898600012418
101742,-92.5310356059,44.9271752654,33.67088088980127,952.6177400242192,2519.4096583259607
101721,-92.5311271589,46.0104057861,-232.21831642252218,669.5743981377959,2426.5766714651472
101748,-92.5354240233,44.5687580038,-368.17003747073454,534.5932822754053,2392.8506943207453
102280,-92.5393682616,30.6646343643,0.1270295712370455,916.106512540434,2505.83231884663
103309,-92.543766789,30.3315773758,-178.65958298677862,725.1086076708524,2442.4837687844815
301548,9.25579317597,48.8650763723,-284.97798077052653,615.9942916634949,2412.341898491856
301425,9.25675990705,48.9562037868,-475.2320114222015,438.3924247403166,2373.211407761006
103323,-92.568507981,30.6903915485,84.90558958337175,1008.6806029955819,2541.137742570602
102078,-92.5726644604,37.2520196044,-671.159712451985,315.2433866096141,2353.576610322762
102129,-92.5769507057,36.0477236647,-492.6182185319035,424.0850737002876,2370.6101783280733
102281,-92.5937562021,30.189588712,168.90359547208834,1101.237885236685,2579.276904044591
103320,-92.6021718508,30.5351950506,-118.51339326942863,788.5449994337324,2462.061673473926
102279,-92.6226708175,30.6190818966,-49.55771203611779,862.3559332699523,2486.684986785253
103312,-92.6271007209,30.3598465281,-12.830263323013732,902.0488609000723,2500.727217292682
101726,-92.6313212592,45.7852379644,-122.97465831447461,783.8064546200849,2460.5481149860466
101729,-92.6477397756,45.6809048658,-420.2830910668572,486.2537131873851,2382.516976108628
101731,-92.6479241666,45.4067990231,-330.5206951672623,570.8846321928511,2401.2192176332524
101737,-92.6559757792,45.0270012917,-264.29509539091254,636.8473696556755,2417.7508225817305
102283,-92.6561584813,30.0731620144,-299.9007597678103,601.083797242735,2408.5776298813844
103321,-92.6717284605,30.5358943387,-107.72297853467055,800.0260160434738,2465.762781413426
101785,-92.6727103096,43.0648628353,-69.84808347445292,840.5333231932292,2479.2016326340895
101786,-92.677241849,43.1980774284,-137.38532408062443,768.5344425173664,2455.725892112709
301419,9.26853193903,48.0726607977,-533.2579520764482,392.58383307204224,2365.1779074409646
301519,9.26889604506,48.8943982767,-546.0661906360432,383.3003764401482,2363.654722339209
101727,-92.6981695267,45.7771574178,-351.76072194068047,550.2862949139113,2396.4055320891252
103307,-92.7060702894,30.2566255156,-137.91972938915796,767.9691297968359,2455.549032737524
101734,-92.7143572321,45.1599685777,-307.9966689105658,593.0454234646445,2406.5841647758016
101789,-92.7229238728,42.9104244016,-120.99668272793313,785.9067607025873,2461.2179717317435
101743,-92.7315436765,44.8311045815,-388.8419636996242,515.1270217858729,2388.577048460289
101747,-92.7321503215,44.5638639194,83.67153239506126,1007.3264321063308,2540.6005212699915
102128,-92.7437565715,35.9854232006,-384.0869822173658,519.5729667861153,2389.5398167162243
101730,-92.7688447286,45.5973052449,-280.802321205831,620.1873298424088,2413.416000600464
102127,-92.7728592639,35.9686072312,-646.9268218995544,324.58661866741215,2354.8462669302276
102284,-92.7768810142,30.152250069,226.19698089398844,1164.7445136077665,2607.024021722216
301468,9.2778236338,48.8680711455,-219.40998683178728,682.7607556433046,2430.248283057494
101741,-92.7897847733,44.9148169424,-285.578005255523,615.392500472743,2412.1883005883633
102066,-92.7938062146,39.543707836,-21.692061714678623,892.4502152115094,2497.2808921882115
101744,-92.8058833916,44.752450121,-8.426557646308083,906.823525234107,2502.453470851215
101790,-92.810211979,42.5939617054,-185.29350768164292,718.1764694458232,2440.4347787070546
101735,-92.8147619554,45.0774894899,-402.0513051698865,502.88186477973477,2385.966185381014
102243,-92.8186588657,33.5982276471,-243.35391435508419,658.1632566886974,2423.4527724534587
103306,-92.8315434038,30.2561561606,-112.49782657324948,794.9421380979747,2464.117990434115
101716,-92.8520908035,44.7479246756,-397.25595193605494,507.3087900814704,2386.9031560478543
101728,-92.8564499418,45.5481561388,-265.9217869260805,635.1998361274127,2417.317376695409
101723,-92.8640975655,46.1055130529,-717.2241593104759,303.8024032957153,2352.071505738194
102285,-92.8812562739,30.0704822252,-5.416447863620768,910.0889968417973,2503.638642062746
102125,-92.8856326382,35.9688981892,-447.3162502960569,462.2477439258738,2377.7336782368716
102286,-92.8941148639,30.7021126204,-468.9338161916859,443.68372402907386,2374.194540223187
101715,-92.9017059646,44.7811059734,-398.3669941062689,506.2812099872302,2386.6849669454527
101787,-92.9101395153,42.6944762807,-222.47444746014713,679.6000894081502,2429.3622104126107
102287,-92.9145896346,30.5023798349,-426.5627474964361,480.60492320810613,2381.370521374016
102074,-92.9229234163,37.6854235063,-316.499747281765,584.6433667334469,2404.527465869896
102126,-92.9270701707,35.7978192951,-304.7024502444538,596.311771016778,2407.391159764123
101725,-92.9339356352,45.8395992379,-117.13001493306497,790.0153509549647,2462.532989139796
102067,-92.9479235304,38.9479237297,-32.83972403361743,880.3945021253949,2492.997983799807
102073,-92.966855795,37.5937568207,-537.8073867988398,389.24793360097334,2364.626486714109
301452,9.29727479441,48.0689162934,-600.9053860923068,347.8279638538129,2358.1621573369316
101714,-93.0105465006,44.9435988028,-36.66033079607015,876.2676601111957,2491.543593841784
101784,-93.0199238914,43.6735813427,-20.08545564456428,894.1894380336921,2497.9029642778946
101745,-93.0562790064,44.668422142,-82.78132686019406,826.6664006831893,2474.534664512862
301467,9.30622867715,48.8644315172,-414.9241188387472,491.10688597583004,2383.5122070822626
101713,-93.0895908991,44.9437580228,-384.08773906606206,519.5722575758023,2389.539662508178
101778,-93.1227728459,42.3399170904,-62.08836484099062,848.8695496043462,2482.04028575339
101777,-93.1520905923,42.3145909483,-267.53710354064725,633.5650479255371,2416.888317198412
101776,-93.1690992537,42.323602358,-528.3171682817396,396.25310663113044,2365.7897185447623
102288,-93.1895896984,30.2937553817,-578.3489701848182,361.5094312571171,2360.218959491921
101775,-93.1910463355,42.3268063713,-716.4073009119359,303.9286549074832,2352.0878162031186
101670,-93.2142940284,45.3899827567,104.51169076201074,1030.2184074539728,2549.7636037315856
101746,-93.2310548448,44.2560379409,282.526661073653,1227.4266220211139,2635.6252731189697
102124,-93.2432403068,35.9525845669,-280.76703952260755,620.2227959445987,2413.425114741831
101678,-93.244678146,45.0935845902,-127.36369653444672,779.1494602652921,2459.068593856011
301324,9.32692588486,48.6359180923,-564.9177172891733,370.2794199275317,2361.5781411334137
101636,-93.2727232633,47.0020753271,-350.6791867389111,551.3276099601771,2396.644863420879
102065,-93.2729236833,39.6395904979,-85.90988141878685,823.3172536220865,2473.4178312547797
102119,-93.2730897253,36.364908357,-527.0267163063222,397.2192606475156,2365.9517342681866
101682,-93.2771030986,44.9060910687,-234.96175923001613,666.7583742146339,2425.8011454862954
101679,-93.281406768,45.0486995115,-523.0870501978881,400.1884724816448,2366.4520450168593
101677,-93.2977600163,45.126791644,-486.65514722102745,428.9409629210651,2371.483674312124
101671,-93.2979301274,45.3313997069,-241.14669011074594,660.4210389451162,2424.0669166792054
101712,-93.3019988037,44.8064381384,-333.4813815933099,567.9952115613295,2400.5339048249
101668,-93.306005366,45.6314082357,-971.8706535145936,392.9176794407261,2365.2333438107894
101680,-93.3105168384,45.0480711714,28.357687638927835,946.8236475943678,2517.2245604040154
102123,-93.3187852241,35.9146830617,-433.3113242895481,474.5818384357302,2380.1622611137923
101681,-93.3348723294,45.0021008606,-89.37448535617833,819.6108168248956,2472.1865542296064
301323,9.33533781756,48.0613968728,-643.2236709684837,326.20053366608585,2355.069267775647
102120,-93.3559864222,36.4565269416,-493.45324854244194,423.40950382205125,2370.4894169314734
102117,-93.3640845818,37.0070057391,-546.3418220556648,383.1043480112151,2363.6229414444215
101669,-93.3724614345,45.3277507266,-244.05719918430887,657.4442919374446,2423.2576142165344
102072,-93.3769683699,37.6691639779,-284.1279055742391,616.8471857710982,2412.559826916424
101666,-93.3972858136,45.1936222935,-762.9631947528396,301.3552641539532,2351.75667599575
101800,-93.4060510783,41.9522175123,-274.2938222153232,626.7403234286529,2415.108258622941
102122,-93.4062415643,35.9396050098,-242.30840871983702,659.2324563121141,2423.743364985779
101635,-93.414089618,47.1732847063,-219.75492944814422,682.4048063415166,2430.1483056750435
101711,-93.4224584787,44.8274715942,-238.46342319638364,663.1684964418041,2424.816884329653
101673,-93.4312410574,45.2941927788,-148.24394901958163,757.0628449782737,2452.1599905193543
101674,-93.4352513877,45.1647525611,-93.13915738646917,815.5863307538253,2470.8552225433546
101788,-93.4395026121,43.2480623595,-335.7791243474734,565.7567245548685,2400.0052373351887
101672,-93.4400077121,45.2822302708,96.64005400213534,1021.565997681723,2546.2799444438033
101710,-93.4647665732,44.8102342518,-207.29030645305613,695.2951097379936,2433.799448903473
101637,-93.4856497129,46.710917247,-407.93696853581145,497.47808704575016,2384.8331000193666
301413,9.35218324095,48.7059056961,-462.2873066920212,449.3266603964572,2375.2555474307
101634,-93.5302224116,47.2321743082,-116.32380052708777,790.8724669177874,2462.808097839925
101625,-93.547444183,48.3975703276,-333.4954292806497,567.9815156107057,2400.530664235039
101700,-93.547960317,44.027445834,-158.44184022749175,746.3189193647506,2448.8643076452913
101799,-93.5681883777,42.1400038288,-218.61875235918848,683.5774065880627,2430.4778416301074
101770,-93.5937574098,42.5479242906,-539.7945605012904,387.8039645828893,2364.3892198205203
301383,9.35961243656,49.3230918892,-406.9361209841754,498.3946406001228,2385.0244622720766
101769,-93.6096463022,42.5433965112,-339.76751551993965,561.8795111325405,2399.094215091984
101638,-93.6097267122,46.6518992031,-349.6885703300907,552.2821215634693,2396.8646206358694
101764,-93.6102530132,42.8644709618,-160.1486004173516,744.523667605305,2448.3177815556824
101765,-93.6229241082,42.7562576538,-106.58179940610603,801.2418467799394,2466.1575304283806
102115,-93.6229328632,36.2646303517,-489.9568133160602,426.2455350470217,2370.9976221002003
102116,-93.6232403453,36.4267730701,-400.0753050331679,504.70345517177105,2386.3507800655807
101708,-93.6395910226,44.6937579491,-257.49656579132005,643.7461886913383,2419.5771579579578
101659,-93.6646372957,45.3352869802,-165.16203818440434,739.2552105882606,2446.7208124833483
102071,-93.668828579,37.8357531547,-367.96977654808853,534.783564606365,2392.8932130018616
102070,-93.6847875264,37.4440433493,-339.4387738301257,562.1986855631878,2399.1689873592186
301423,9.3685332933,48.9311369827,-571.1174839718262,366.1764250255739,2360.9382969704634
301382,9.36858674831,49.3270011275,-418.59498696265484,487.7792992944451,2382.8288047355527
301552,9.36898539234,48.6779009038,-449.17500545741365,460.6282357987791,2377.419365503776
101667,-93.6933293331,45.7058777819,-549.8654289350079,380.6127229660839,2363.2203690601814
101639,-93.7074791472,46.5405210489,-403.68995389919047,501.3740540768704,2385.648844645573
101665,-93.7354335666,45.0898132169,-1.1816485490610695,914.6854901347024,2505.3131568169765
102289,-93.7399697539,30.3062649037,-328.6066372819946,572.7556284877966,2401.6647305195897
102239,-93.7604232946,32.5479224892,-418.2753632903861,488.0684842432981,2382.8880194354147
101663,-93.789409574,45.0939977632,-54.62575179888407,856.8977330882203,2484.7974148467342
102118,-93.7939659474,36.8190399946,-676.0418934856178,313.62704850150675,2353.36065944195
101633,-93.801487719,47.2521805148,-77.29909225519643,832.5401775820078,2476.503102187753
301521,9.3805532273,48.6770475787,-671.493443424226,315.1299784128423,2353.561422855108
101626,-93.8078744426,48.197484439,-339.7878116546004,561.8598080617313,2399.089600613626
304001,9.38107475234,51.7524968112,-352.157371122431,549.9046069662721,2396.3179139296217
102237,-93.8145900351,33.6062560297,-424.5414936397236,482.4185420344254,2381.737205813417
101692,-93.8480134389,43.5857955465,-125.88371583545495,780.719254380134,2459.566429681694
102114,-93.8554105325,36.2020591155,-292.108972084674,608.854397965539,2410.5286029788695
101701,-93.8725727739,43.8981462103,-233.80456963785238,667.9458097290733,2426.127793953136
102240,-93.8729203729,32.6479195494,-325.42604640738784,575.8698216932661,2402.4093155401965
301551,9.38736081586,48.7181052691,-352.98963614721913,549.1041031173414,2396.1343417925427
101702,-93.910424342,43.9937578252,-31.944270956966957,881.3621012091777,2493.339852748746
101627,-93.9133936823,48.6351096192,-349.2333574634844,552.7209777631409,2396.9657792961343
102064,-93.9353474281,40.7232635856,-256.48226695694484,644.7772468958337,2419.851682639218
101806,-93.9520514445,41.5352391558,-266.5494322455332,634.5644794639973,2417.1505014075346
101632,-93.9597010351,47.3277473051,-294.29910940135045,606.6669040554631,2409.9770124076954
102236,-93.9647351745,33.6911245978,-467.21783434809976,445.13489105219327,2374.466158758497
301453,9.3975273157,48.0732004507,-673.5097306675095,314.45389642134177,2353.4709942618465
102238,-93.9984396413,33.2395220744,-4.372822027338138,911.2214955572969,2504.0505349978384
102182,-94.0272557027,36.7772245171,-504.52252052204034,414.56016791165655,2368.9247773359593
101706,-94.0350156033,44.4852277789,-148.91674364695913,756.353127546469,2451.940970212498
101657,-94.0395523987,45.6608178441,-766.7959813308398,301.5660775535153,2351.783699022573
102234,-94.04345087,33.5521953273,-393.0127867224757,511.2435764939382,2387.7425452430157
101704,-94.0499783386,44.5149720613,-255.6376428582951,645.6361779619598,2420.08068918179
101703,-94.0686041751,43.9340971623,-123.66323760919487,783.0755173759795,2460.3153728274224
101691,-94.0856032955,43.6105185895,-312.3972036083983,588.6918684809353,2405.515035054418
101707,-94.0896824919,44.6230466673,117.06153944078571,1044.0270321735586,2555.3741236395135
102290,-94.0942371682,30.3567359269,-309.8948778164226,591.1661002816323,2406.121739642339
101690,-94.1265754949,43.5146555376,-564.0864098265813,370.83654554415534,2361.6655587462856
102069,-94.1437571123,38.0562568409,-250.14255721675062,651.2320459238256,2421.5795765358225
101655,-94.1477201647,45.5468175117,-200.95729408016368,701.8658275739953,2435.6847307838125
101705,-94.1502569029,44.4652506652,-131.8963995355692,774.3451556044276,2457.550587040952
101650,-94.1777795812,45.9271958492,79.996699941898,1003.2949801272605,2539.0047823912896
102183,-94.1813773075,36.6230937984,-436.29276281574886,471.93706651656,2379.6363299062186
101640,-94.1854924008,46.3768279934,-352.07615361664733,549.982751798158,2396.3358477335264
101652,-94.2021909152,45.7645474417,-182.71278848742784,720.8715291551786,2441.229245565399
102184,-94.2102205158,36.8111859369,-355.1507021109793,547.0278556958615,2395.6593962340503
301373,9.42326573183,48.7061798611,-491.8783159384203,424.68459789281764,2370.7175022648025
101654,-94.2349344499,45.5644206502,-115.7490863150967,791.483562762369,2463.0044047829665
102235,-94.2355567889,34.3771665375,-407.6306346400947,497.75851737820017,2384.8916137803467
101656,-94.2516746123,45.2897302154,-144.68668613495572,760.8173997565082,2453.3217448246646
102188,-94.2689940707,36.2522313907,-729.3878907112849,302.26167425376104,2351.8729956313473
101699,-94.2768417064,43.9978541735,-956.0335496616715,381.4742116444812,2363.3592706160994
101664,-94.2855307641,44.8395739042,-111.0330759604873,796.5011142365954,2464.6213690620757
101651,-94.2933849077,45.8440755203,-17.001622458668546,897.5290355693321,2499.100405655463
102202,-94.2978116141,35.3516320692,-324.49119750744967,576.7863668722866,2402.6291808905958
304007,9.4313368245,52.0012322967,-392.4986595426939,511.72144320263965,2387.8449077129517
101649,-94.3391297995,45.7604007294,-101.27812637107918,806.8964268150459,2468.000468286862
101647,-94.3604247263,45.8604247337,-200.54233453888094,702.2968520368897,2435.8089695701115
101645,-94.3721452962,46.1850982755,-253.78592151638776,647.5203754999189,2420.5840420330046
101694,-94.3826318051,43.7683114546,-362.659664060319,539.8404483520662,2394.028441254248
101631,-94.4255311007,47.4441285567,-830.1135130314767,314.1069896739979,2353.4246681845043
101646,-94.4303705961,45.9315994455,-128.15448926410986,778.3109051844676,2458.803028505201
101689,-94.4352697075,44.2398476166,-284.17852247070664,616.796390676822,2412.546840044611
101648,-94.4772723429,45.8271530669,55.05729933395304,975.9787296444936,2528.3352128576153
301440,9.44837957291,48.1059074094,-774.2409243008706,302.15889466972567,2351.859788653506
101698,-94.5184113263,43.9810817762,-663.1507133309628,318.09175386988727,2353.9598194823343
101696,-94.5598788248,44.052173191,-143.33642357903625,762.2434547881679,2453.764363630845
301407,9.45611297155,49.248247831,-622.0851246875617,336.29826623006534,2356.4891240416605
301466,9.45648914758,48.8063511174,-404.1250941037973,500.9740858600484,2385.5648183523735
102185,-94.5854237799,36.6270898967,-552.0183927743597,379.1035631430418,2362.9777780260724
301404,9.46059136492,49.2519139443,-488.3658267414452,427.542304458706,2371.231091639772
102181,-94.6062571616,37.1604233248,-610.2587061893407,342.5706893788318,2357.3924461316938
301422,9.46104006296,48.9732981112,-518.0986434226241,403.9896583796985,2367.0978247497565
102233,-94.6117238491,34.6395895272,-358.03868395418453,544.2585686123107,2395.0285713045687
101695,-94.6686331068,44.0566464294,-243.5303661443234,657.9828512907341,2423.403784029803
102190,-94.6935634918,35.9563652282,-528.956360085684,395.7757340776936,2365.7098088189136
102316,-94.7229234423,30.4645886978,-435.9617478577008,472.2302058185952,2379.694483572367
102056,-94.7229240563,39.3979237079,-40.31965197550457,872.3174690597945,2490.1570702837535
101630,-94.7310725529,47.4770750934,-671.5445426264512,315.112651571969,2353.55910294133
101662,-94.7394681296,45.2231654209,47.821642946967174,968.0681992081162,2525.2921625378967
102317,-94.7807933081,30.4816603292,-648.2534521095324,324.020101724851,2354.7682463841456
101661,-94.7836256043,45.3770913017,-187.8649121113985,715.4932808027702,2439.6465118396136
102068,-94.7900936468,37.8186451583,-262.91161841695913,638.2495391728838,2418.12053920223
102191,-94.8354625006,35.9228183204,-699.6083293246015,307.1510942071244,2352.506378849995
101644,-94.8395960739,46.2523700951,18.168762214708867,935.7237353790409,2513.0705077273474
102319,-94.8479234726,30.4270886857,-865.632954963079,328.07923840505737,2355.33022197095
102055,-94.8604241266,39.7533411384,186.94049724702563,1121.2013075446896,2587.863373498919
301341,9.48983205734,47.6639950119,-952.6561682849165,379.10228431244894,2362.9775728576433
101688,-94.9074377565,44.2773215957,-709.1124904699425,305.1820079711178,2352.2500984900744
102189,-94.9229238168,35.9229230844,-493.02784123648104,423.7535366616547,2370.5508911834277
102315,-94.9603373139,30.7155580356,-632.5961987136695,331.09271545332956,2355.751865983245
102063,-94.9645907483,38.9812569565,-213.70040761343006,688.65897768803,2431.911934138982
301454,9.49795448001,48.1772879714,-777.4989435652764,302.4941686713629,2351.9028870124425
102318,-94.985218444,30.5189861173,-497.5622937199595,420.1012773768877,2369.9007471012314
103232,-95.0327832639,44.6936519671,-432.2663040115535,475.51122209851104,2380.3477456453506
101642,-95.0477861141,46.3977858691,-739.543144365156,301.46672888160344,2351.770961739229
101653,-95.0849936822,45.864603615,-271.3102371313954,629.7512398335504,2415.891365920491
102180,-95.0979239723,37.3187566599,-412.094405589156,493.681301037056,2384.043979219117
101641,-95.1213973112,46.8141748096,-355.4952776248732,546.6971193644704,2395.5838971279404
102186,-95.1644239058,36.147605169,-395.2403573232688,509.17586039012417,2387.3006774726355
301486,9.51815574568,49.756420543,-447.05169466690836,462.47858955035207,2377.7785669926807
101629,-95.2226327086,47.326949657,-561.474171492851,372.5977532860767,2361.9427498589193
101628,-95.227090051,47.2560708241,-287.894473777299,613.0709536941388,2411.5970770675444
102187,-95.2311650133,35.8521819366,-343.1512249821599,558.5985434526743,2398.327917655284
102201,-95.2379441529,35.264589615,-331.5293767076968,569.8995917271615,2400.9852170532135
101687,-95.239183271,44.8399676462,-383.91662589062975,519.7326128143624,2389.5745346567714
101643,-95.2560081014,46.6765589792,-666.6364773799564,316.8223070273957,2353.7886145717175
301442,9.52776317048,48.1570441297,-695.8384462056335,308.03606617661177,2352.622087357603
102322,-95.3187568816,29.3687551191,-720.6475877945388,303.304355141945,2352.0072278174134
301479,9.53591577815,47.6735871187,-905.5942928740673,348.8821762497868,2358.3178837387613
102320,-95.4604236223,30.2479219619,-335.08292729650657,566.4346004661592,2400.1651244159307
101683,-95.468575531,45.139416078,-199.97897033376762,702.8821219100422,2435.9777801035143
101686,-95.481089511,44.872985514,-603.5640268908244,346.30775049840395,2357.9384058775895
104270,-95.5272802798,46.5270087138,-160.65569382340706,743.99044533889,2448.155683491726
104281,-95.5394937828,46.5760791899,-428.61931360787844,478.7641477673573,2380.9997011853416
102321,-95.5595036075,29.7604218585,-457.70482976591734,453.2513509666083,2376.0011058520863
102331,-95.5812569483,29.3479217724,-462.2492560386467,449.3591358637098,2375.2616910230045
101578,-95.6064612274,46.6434224234,7.248393590497752,923.8438624019471,2508.671351523557
102179,-95.6187573514,36.1623144232,-440.74568636670966,468.0059002580104,2378.8598089281327
102054,-95.6269030431,40.6334536622,-49.4733073937449,862.4468766591783,2486.7165264493765
104284,-95.6393936941,46.6643990072,-199.54964429278232,703.3282152967878,2436.1065342652496
102313,-95.6562570585,31.3383386381,-238.6511964449944,662.9761344556058,2424.7642818870004
101577,-95.6643041512,46.6727166679,-205.8896316908415,696.7471401104566,2434.214667014679
301401,9.56812624982,49.0566121841,-564.1415033125917,370.7995726530154,2361.6597534227785
304018,9.56852056885,51.3645241641,-386.1300634983162,517.6602729188448,2389.12465685985
102330,-95.7562570028,29.5812551487,-454.2226001221225,456.2518429222637,2376.5753116674514
301418,9.57716995556,48.2561316319,-620.847683842052,336.9343346548517,2356.5799824590276
102314,-95.7812570678,30.8854220806,-333.50431989078714,567.9728476771562,2400.5286133591035
101685,-95.7890264425,44.7105883035,-869.7415029488063,329.98353014135023,2355.5962298369027
102178,-95.843630071,36.5091653349,-616.4723247271575,339.22164898475694,2356.90810066859
102053,-95.844134546,40.6816339112,177.46250994996578,1110.7074316115538,2583.3341763106096
102312,-95.8850807924,31.5728642555,-653.4679794993596,321.8537177886955,2354.4711260730483
102332,-95.8979236945,29.3145884226,-626.6703507883699,333.9836578827431,2356.15991638726
301372,9.59223426581,48.7059115061,-517.1223005732198,404.7389698848782,2367.22582395528
101960,-95.9227741835,41.260342713,191.6634894695926,1126.4333946819697,2590.134486954689
101589,-95.9315740513,47.314573386,185.75197031005362,1119.8849661209133,2587.2933357470165
301465,9.59386559095,48.7936648714,-560.0101878734891,373.5917204882917,2362.099752651163
104324,-95.9396647839,47.327191028,-67.51612028911046,843.0372782327737,2480.0516769509877
102177,-96.0063151275,36.1438140807,-345.09654572099714,556.7158456417952,2397.8901143809617
301331,9.60243730265,47.6277302269,-887.7719059895908,338.9930912937002,2356.875216001505
304010,9.60634610698,51.4980455901,-300.04471725865426,600.9405425287159,2408.541883279589
102200,-96.0729241,35.6729229827,-639.8304319417807,327.7209787860881,2355.280345902329
102339,-96.1062570807,29.306255082,-480.98121424981736,433.6115748830728,2372.3329162935506
102308,-96.1106698051,32.135176394,135.30040843651852,1064.1247044732634,2563.6508839012367
102176,-96.1136167923,36.1270897293,-333.7441911512752,567.7390038230016,2400.4732958979603
301477,9.61463408666,47.8267337863,-917.1409450341238,355.7727526641951,2359.347095998285
102052,-96.1562579399,41.0145905527,-114.3824500100374,792.9370328014967,2463.4718601691648
101597,-96.1687962909,48.1267959132,391.22354796277233,1348.9391354664263,2694.3610112696833
101579,-96.1850700762,46.2096899686,40.67812166271574,960.2651830439352,2522.311180172598
102199,-96.205772876,35.264589569,-628.8810505092512,332.8917881959366,2356.0053927157232
301478,9.6235444264,47.8237451661,-814.9133973957273,309.58468883495385,2352.825354211043
102195,-96.243093478,34.9770895142,-396.01058239681396,508.461953620799,2387.148513632355
101590,-96.2440201041,47.2649362109,-132.45015460573094,773.7585808964429,2457.3658273379156
101598,-96.2726431705,47.8897739566,-226.09297887931106,675.872579580442,2428.3220980104766
102048,-96.2812151412,41.2937143928,-200.05777363544195,702.800247849871,2435.954157252374
102311,-96.2899827439,31.8485019693,-607.1310774863891,344.30020283037567,2357.644395901621
102309,-96.327288977,32.5146320944,-452.35534662078453,457.86710029423045,2376.8859352920426
101959,-96.4104248459,42.4895907647,-280.88355596582926,620.1056728429602,2413.395018091589
102050,-96.4517362423,40.9691277829,132.80646832615162,1061.3746000656909,2562.510587201912
101622,-96.4627853682,48.9814748619,-38.507963003018304,874.2728642430716,2490.8427306855538
102307,-96.4630488452,32.4265355741,-76.3513668598244,833.5562263684413,2476.844857954345
102306,-96.4852724481,32.6387499597,-203.15575029319103,699.5832579903483,2435.0279675432216
101580,-96.4935791938,45.8230953546,-73.68760905734916,836.4130130673541,2477.807739976145
101591,-96.5003550063,47.2638634078,-364.7129803384905,537.8824695832909,2393.587687748728
301485,9.65215512777,49.647920018,-417.70345342991857,488.58619213326256,2382.9941114070266
102310,-96.5230329482,32.1938645989,-325.09905227073796,576.1903512550823,2402.4861682716796
102045,-96.5231264652,41.7109403763,176.02921982787214,1109.1211943393723,2582.6525688892184
102047,-96.5354247702,41.5645906152,-128.06727451371086,778.4033797458654,2458.8323020200196
102232,-96.5634481705,33.8187559523,-239.38621378843024,662.2232946357828,2424.558549471543
101958,-96.5645915966,42.8395908077,-260.8743211113508,640.3159678449225,2418.666782864986
102341,-96.5646355756,29.0232604295,-726.9036587258054,302.5244396377636,2351.906780558155
102062,-96.5708805402,39.2395902408,-384.07482569279546,519.5843582087421,2389.5422936521695
104039,-96.5765392356,41.0568225482,513.7409996325705,1486.5917277586282,2765.8451570718244
101581,-96.5771496557,46.1521309208,39.635667356094444,959.1270622633347,2521.8781075664974
102061,-96.5854246194,40.0532483622,-301.13321439623627,599.8577303334376,2408.271945710879
102060,-96.5943163721,39.1019508525,-290.0518406154888,610.9113672277589,2411.048976372187
102305,-96.6061359911,33.2478010901,-385.4474079316868,518.29896279801,2389.2631254624876
104335,-96.6091039233,48.2144697544,135.91736728321357,1064.8051297112472,2563.9333907332048
101599,-96.6107526815,47.7728962469,-3.8777697557325332,911.7587657707096,2504.2460970952934
102304,-96.6226110254,32.618442704,1.1041459178492623,917.1676842264206,2506.2204669275484
102049,-96.6685564092,40.6605475084,-8.153739551969707,907.1194279887321,2502.5607134477054
102340,-96.689590549,28.9604216583,-742.8134118764976,301.30662985093454,2351.7504444667193
104031,-96.7189121724,40.9555645168,-42.39767837491818,870.0753402010572,2489.3725244493376
102173,-96.7270910001,36.5062564327,-489.69760293284776,426.4565440759724,2371.0355652841868
102043,-96.7275406211,41.839451438,-124.1017238676738,782.6101193026985,2460.1672842902913
102303,-96.7354240758,32.7080209144,9.621198282515401,926.4236327111074,2509.622524425322
104268,-96.7355966788,46.4979352784,-43.53941509932843,868.8437742519798,2488.9423400138676
102302,-96.7563633045,32.8896949805,-602.9119430569322,346.678734692577,2357.9929204612404
102040,-96.762157497,41.4520905829,-97.14342174091414,811.3091551798116,2469.4467018212526
101582,-96.7805383125,46.468961336,202.7955985409328,1138.7727975891362,2595.524600612807
101584,-96.7854255799,46.9270913639,77.96047145139856,1001.061837300819,2538.1231786415283
101592,-96.7936257986,47.2699274203,64.65596088338472,986.4830551090865,2532.4085937847076
101583,-96.7977003759,46.8023820836,121.37073941636555,1048.7723139484872,2557.3165299512975
101588,-96.798561761,47.07302256,-57.067988372989255,854.2692236654574,2483.8921825150273
102327,-96.822924013,31.1338936692,-588.6997054374908,355.0615270981297,2359.2399530108287
101593,-96.8476244421,47.3562649124,25.66850954171728,943.8925859383752,2516.1235426041217
301436,9.68971751188,48.2226173001,-634.0516635526216,330.40028850575897,2355.654647545342
102298,-96.9269699446,32.7479697157,212.19131246049687,1149.1953325835316,2600.1143013892784
102301,-96.9396161547,32.9641575286,113.52780360608207,1040.1371483647388,2553.7873355597976
102299,-96.9475154523,33.5566695996,-465.8902746934349,446.26032588337694,2374.6773983669486
102329,-96.9478421824,30.8355038755,-212.0541194439292,690.3618947507433,2432.3947076042405
102231,-96.9770908988,34.2354226768,-858.044355594038,324.7133412770162,2354.863737429528
101606,-96.9980788975,48.173443833,187.79253256665427,1122.1450449153194,2588.2723909367205
101587,-97.0015114378,46.6347009577,-65.53882713742756,845.1612576034184,2480.774479716178
101607,-97.0057942641,48.1937115517,123.54739122208386,1051.1699733941023,2558.300760431158
102351,-97.0147720679,28.7939363906,-686.1773298602211,310.5687887021237,2352.9550442737295
101600,-97.0292526531,47.9269315416,0.1065772466916961,916.084302416258,2505.8241991390305
102175,-97.0354243706,35.9604229865,-635.1450990515638,329.88472334983385,2355.5823905261477
101613,-97.0439355073,48.777149407,-531.60534042153,393.8058287245535,2365.3810472299624
102172,-97.0562577963,37.0562565112,-464.22034700203443,447.67937580791414,2374.944481747109
101615,-97.0562654803,48.8234218698,-506.7707402571742,412.78759773124983,2368.615221748357
101595,-97.0611413817,47.4142560622,-439.2720360355283,469.30434161593,2379.1155988973815
101608,-97.0687177664,48.3601321225,63.341423847703766,985.043799165149,2531.8482881347754
301484,9.71037374059,49.5730534398,-377.0868413693509,526.1531770394001,2390.979220647042
304013,9.71043654859,51.4060805085,-468.52172990768247,444.0318488498317,2374.259621576857
101610,-97.1054321054,48.414370042,-32.33242364749692,880.9426580717942,2493.191616115352
102059,-97.1197620406,38.9062568203,23.97939832850852,942.0520706787795,2515.43367468265
102297,-97.1237040889,32.497818306,-727.4239865494001,302.46718840652585,2351.8994170499363
102057,-97.1261219161,39.3562568935,-61.29296887239576,849.7247121587649,2482.332885474987
101604,-97.1395209072,48.1938298227,67.38084549883598,989.4671538513128,2533.572520455631
101612,-97.1475790259,48.572214599,-132.87294409679401,773.310787168064,2457.2248658614403
102230,-97.1564223336,33.7272539958,-549.4210405900249,380.92548382431016,2363.2707614837673
102300,-97.1812575607,33.3354225003,-714.2201054338495,304.2807192863677,2352.1333346531846
101605,-97.19794226,48.2981917474,-193.65821036934503,709.4561030822774,2437.882776110856
101621,-97.2144752734,49.0102224513,-47.38355146868882,864.6989474088845,2487.498489950761
301435,9.72283677062,48.2729764703,-651.7146927067814,322.57131092198676,2354.569327602653
301464,9.72324090665,48.789984299,-541.8551943719704,386.3151890581085,2364.145488998992
101620,-97.2396459315,48.9783164416,-112.1899399285898,795.2697882997131,2464.2237122549473
301455,9.72651968592,48.2637530735,-590.1354703436036,354.1894439440007,2359.108863545437
102039,-97.2687582939,41.5229238938,91.64825899009413,1016.0826747235151,2544.0849965617454
102356,-97.2770906716,28.2930267191,-873.0912861765632,331.57785674189955,2355.820099867313
102296,-97.2887957086,32.7520890531,-361.89114256095866,540.574114698391,2394.193985737002
104269,-97.342878169,46.5141421007,-567.551343340275,368.52522480096644,2361.3037308173393
104055,-97.3478280954,41.3774668407,-78.8931174351695,830.8316571554933,2475.9292619921566
301402,9.73557210767,49.1527935311,-461.15561269790487,450.2933543533565,2375.438606411894
102295,-97.3602139815,32.7312085853,-239.1879043912891,662.4263906444434,2424.6140292589885
102355,-97.3854240456,28.6520882408,-743.2538056857522,301.28864896594433,2351.74814082057
101602,-97.3854269656,48.0187991672,-256.7595946338677,644.495291112369,2419.7765698765043
102042,-97.4224779996,42.0022283684,-416.11730176823886,490.0237741593461,2383.2892747416654
102294,-97.4437436744,32.6686354422,-183.87428008221636,719.6583117108283,2440.871269336374
102350,-97.4485287238,29.4853756248,-609.0935165638666,343.21162937191275,2357.485671301823
102394,-97.4604239738,25.8729209909,-409.46530283322056,496.08035662850176,2384.5419241627824
301483,9.7480481307,49.5155687011,-501.43881288767943,417.0052741278727,2369.353892205161
102021,-97.4943224966,41.3645905227,16.64294342291678,934.0627884559071,2512.452538981643
101601,-97.5020926232,47.9395914367,-220.3040753215714,681.8382305446785,2429.9892675667484
102293,-97.5565155917,33.0857750257,1.7387218436226881,917.8569283191423,2506.472782361846
104333,-97.5848182031,47.9472203193,-77.26508522226601,832.576633025663,2476.51535786024
102349,-97.5853402921,29.8221108906,-496.0860094386193,421.2867374488901,2370.111175242126
104332,-97.5897216145,47.9404439638,-248.20350810676644,653.2098038356297,2422.112201299573
301371,9.76059969474,48.6812784931,-567.8835134473719,368.3051491177081,2361.269393932827
101956,-97.6350806602,43.1892461826,-336.4879374982133,565.0668941695808,2399.8427162511584
301456,9.76389800501,48.2781214357,-527.0191358313251,397.22494553826976,2365.9526887102293
102020,-97.6756983306,41.3355165823,-458.4175457147728,452.63914778076554,2375.8843965902424
104062,-97.6769070637,41.4766622239,25.45560165732763,943.6605715353452,2516.0365144662937
101586,-97.680878688,46.4439627669,-307.42681625139727,593.6100115707926,2406.7233562863757
104334,-97.6891977657,48.0267552309,247.38071890279656,1188.2909227822834,2617.6286568235864
102338,-97.6936645871,30.2479218849,-126.09125701399594,780.49908511713,2459.496552086617
102292,-97.6937576841,33.2312557917,-440.2319638177065,468.4582567443239,2378.94884479873
102393,-97.7019706028,26.1730637547,-738.0332556937731,301.55644047452864,2351.7824632922475
101594,-97.7063745141,47.5935962321,-194.57811411362096,708.4985034779816,2437.6042741363544
102038,-97.7236183265,41.4180636701,-256.00286002924213,645.264735363047,2419.9816211203806
301400,9.7770176871,48.9857016232,-498.13043882347245,419.645992743926,2369.8200832728453
102037,-97.8222282737,41.3937571711,-496.87816613148107,420.6501972962083,2369.998113151701
301408,9.7854570388,49.1723840537,-452.4927583462053,457.74808405198456,2376.8630116837917
301370,9.7855025478,48.6523127477,-524.2408855488808,399.31582519990184,2366.3046287645134
301398,9.78594250184,48.9853834022,-455.4777763621935,455.16853000600094,2376.36757648414
104057,-97.8936069746,41.3940467831,-113.09680820384088,794.3047720608081,2463.912445436293
101617,-97.9146227233,48.910429493,-161.83375240485978,742.7519744616737,2447.7795986207575
103270,-97.9273266474,29.5734179311,-905.2751719518096,348.69698279730375,2358.290493910626
102036,-98.0062584729,41.3937571591,-398.660429429705,506.01000773851547,2386.627452240675
301457,9.8036079123,48.281775146,-451.33595295008746,458.7507615240428,2377.056315920212
102328,-98.0387130996,30.9108767587,-730.634179942396,302.1399365225012,2351.8573530507974
104058,-98.0604870434,41.4104706275,-248.55911083094776,652.8469807733715,2422.014378190639
102348,-98.0889055898,29.9936543508,-887.8088125696634,339.01258771489574,2356.878020281583
102347,-98.1227900406,29.7103668074,-662.9973066532456,318.1486652002658,2353.9675106139407
102359,-98.1313682053,27.264461758,-527.3529965532057,396.9746747319459,2365.9106830638843
102358,-98.176882835,28.4312548396,-429.42153671465775,478.0473496798123,2380.8556731547537
102346,-98.1770288321,29.8648337122,-331.5993712641986,569.8312620837703,2400.9689991970463
101954,-98.2229253619,42.7395906794,-275.5015308494984,625.5227803370567,2414.7925825167436
102034,-98.2511275482,41.2770904584,-470.0807513278969,442.71603775368175,2374.013891690948
301462,9.82680500322,48.269218227,-664.7622529032046,317.4992050229462,2353.879821283891
102015,-98.2815630517,40.87326855,-100.09436425035845,808.1593911379597,2468.413674678894
102017,-98.2818530857,40.9314013018,-772.178873699095,301.9705186098749,2351.835594161888
301463,9.83131300259,48.2064892098,-622.9692807696639,335.8467473542835,2356.4247294504726
101955,-98.3188204808,45.6060044376,31.974826174927617,950.7677459697455,2518.710736593957
102041,-98.3393697775,42.2684517125,-492.85044914436327,423.89708039460885,2370.5765548963727
102354,-98.3523263966,29.2231570801,-563.5640692339425,371.18743920214627,2361.720682654646
102345,-98.3846599342,29.8605008168,-776.0098153839072,302.335213205523,2351.882447955533
104054,-98.3977003773,41.3521498336,-1162.643298724052,559.6818606690483,2398.5804662381565
102352,-98.4104243294,29.3562550181,-449.62716327493484,460.23491590826234,2377.3431905550297
102018,-98.41791724,40.9848829853,51.56419656028078,972.1589700044491,2526.863180074733
102028,-98.4476508574,41.2021946622,-208.47495909628265,694.0675678523664,2433.4490454089605
102033,-98.4503382707,41.2653217305,-671.1495232590477,315.24685579960425,2353.5770749964445
102035,-98.4518090988,41.718949888,-317.47342672162875,583.6839879965758,2404.294380000267
104072,-98.4978287546,41.1690373165,-148.81757916984992,756.4577262748265,2451.973237924542
102228,-98.5355287817,34.1063600781,-608.3629660729673,343.6155404784312,2357.544508066723
101953,-98.5520853181,43.0645838643,-10.91641962921996,904.1235364800144,2501.47633150394
102336,-98.5645911211,31.2175471551,-179.02869022346232,724.7225407976941,2442.369183599717
102229,-98.5647240731,34.6226276158,-476.9731083180234,436.93954946373947,2372.9434543922152
304019,9.85660749569,51.3436949173,-580.9819979409256,359.842835674199,2359.9642654589775
102027,-98.6059106515,41.1227187467,281.031908790956,1225.7604995974448,2634.849762364196
102326,-98.6562579117,33.0145890438,-411.5798026846787,494.15033715947635,2384.141150094118
102337,-98.6687707827,30.7520886156,-958.150947937383,382.97384662100825,2363.601792826569
102058,-98.6946066149,39.4312568107,162.36392840282028,1094.0068481232988,2576.1978673226863
101585,-98.7147725756,47.8060627866,186.30613017192417,1120.498705498442,2587.5590460665753
104056,-98.7270388176,41.3815769541,-129.20338076181798,777.1989080551581,2458.45126259184
102026,-98.7402943997,41.0356095184,-319.7088469436333,581.4835668178838,2403.7611375376982
102032,-98.7966464733,41.501934961,-131.84922993882412,774.3951244832912,2457.566332101898
102353,-98.8113341505,29.3229216643,-381.2822746272091,522.2044828158571,2390.1133842833187
102344,-98.8934875003,29.9687953418,-638.9636255118367,328.11568792546177,2355.335299383101
104067,-98.9644825282,41.5976253429,-240.80810835515473,660.7675560258867,2424.161345899589
301482,9.89801968011,49.4894705699,-375.58534720475575,527.5699031852563,2391.2913813678547
104071,-98.9814574926,41.6599762081,-164.51879826834056,739.9307565734678,2446.925007510583
102025,-98.9900157603,41.0398635558,-158.5818757604509,746.171591597724,2448.8194118727424
102014,-99.0856848442,40.6565764951,-124.3719345671752,782.3233485328261,2460.076073928791
102227,-99.0976399682,34.6351378219,-607.4559495825936,344.11921074107624,2357.617971397899
102013,-99.1400137917,40.5983959563,-246.5718924952549,654.8752444594386,2422.5618781907497
103938,-99.1936510902,40.5856853552,-459.416182422708,451.782451730275,2375.7213328900134
104048,-99.2605738687,41.2226220369,-429.7713807285202,477.73497986294024,2380.792972696687
102325,-99.2684672334,33.5811290947,-393.67194955411344,510.63125022401374,2387.6115139533526
102198,-99.2812583114,36.4354229518,-462.3592744829876,449.265242566032,2375.2439297965166
102174,-99.3188336685,36.847998332,-510.8710974835479,409.5770025718088,2368.057809449125
102343,-99.3225593258,30.068362345,-606.4644632519378,344.672555655537,2357.698801475583
301330,9.93526446119,47.6562790432,-858.3714060215805,324.8542897735266,2354.8831770263137
102030,-99.3770829314,41.7771010418,-502.032197839713,416.533542593028,2369.2709131634524
102226,-99.3770915204,34.4788954079,-548.7457751748764,381.4015556148955,2363.3475441590776
102342,-99.385111329,30.0647320067,-608.1439748969769,343.73692506530625,2357.5622031052826
102031,-99.3860366771,41.9470071499,-821.9074196735215,311.5519282220507,2353.0850116041624
102024,-99.3922310156,41.0447292372,-446.3661613474956,463.07716569398156,2377.8950627066056
104010,-99.4260631934,40.752216072,-381.98286648732704,521.5465283563335,2389.969717192631
102392,-99.4895911907,27.4979212793,-185.85878534552413,717.5864336770117,2440.261206849499
301338,9.95186003457,48.402321256,-478.6379626637448,435.55436907308774,2372.6887862245944
102012,-99.5395595288,40.6818370732,61.71897007906676,983.2677112807816,2531.1578101542045
101952,-99.5561233782,43.7483403709,-121.43074175755886,785.4457737072904,2461.070809889859
102335,-99.5731416886,31.493755389,-777.7941868571161,302.5268253670872,2351.9070874343593
301458,9.96087074631,48.366240055,-515.3476651433703,406.1053516135459,2367.4598253120253
104069,-99.6763360431,41.6478465541,-1017.0548333139786,428.15027230618074,2371.3407860392267
102357,-99.7040143204,29.4895122201,-736.9646708976657,301.62595415029455,2351.7913776681717
102011,-99.7106465809,40.644026113,583.2592351822002,1564.952880838394,2808.7402847364992
104024,-99.7681131717,40.8680527906,-636.00887579649,329.48026604299724,2355.5257828283366
104020,-99.7684329247,40.8447332067,-659.6492220577038,319.41248659529094,2354.138654465847
301376,9.98522098833,48.3810464452,-783.1380223036745,303.1830074657228,2351.9915824409836
102023,-99.9353119405,41.3106303422,-369.71518919039,533.1261828241792,2392.523353004096
SP-1,-83.1582457,41.30867614,-221.58063916783937,680.5215896389013,2429.6201558725056
SP-10,-111.093889,32.351111,-593.5169314534778,352.1575911358722,2358.804662716246
SP-11,-106.950572,38.923901,-104.04587740436594,803.9447436754381,2467.0370120329867
SP-12,-107.023765,38.907533,-72.22720572701418,837.97986222944,2478.33708711292
SP-13,-111.307607,32.471459,-572.7542967104225,365.10871625277184,2360.772933287111
SP-14,-84.379571,46.496146,-254.43052318760076,646.8642961060532,2420.4086195173873
SP-15,-91.191556,30.445667,-282.59466663007197,618.3864411398285,2412.953845070988
SP-16,-68.445497,44.640715,145.07906881313468,1074.913701634953,2568.147957929963
SP-17,-96.2461608,41.018166,-31.444033627934882,881.9027034479597,2493.53099964811
SP-18,-72.941264,44.381086,-153.65169682431124,751.3618883478074,2450.4059163981105
SP-19,-116.2028288,43.605091,-66.25295321049721,844.3940639611914,2480.513213653614
SP-2,-101.989284,41.293016,-49.35400795215206,862.5754203847263,2486.761111106004
SP-20,-121.167,37.58132,-112.40435613358505,795.0416061104258,2464.1500813270136
SP-21,-121.37615,38.311348,-438.3770683134851,470.0941331019736,2379.271519149124
SP-22,-87.657803,32.854756,-471.38052101707484,441.6215999507277,2373.8100398726774
SP-23,-121.53994,38.97338,-319.6924961543633,581.499650591037,2403.765028345071
SP-24,-84.224084,33.665688,-292.53279661687355,608.4308853262172,2410.4216664467913
SP-25,-84.358018,33.679069,-267.91537332358706,633.1823957206079,2416.7880366527324
SP-26,-76.88405,37.571283,-231.46071958792197,670.3525693043457,2426.791510416628
SP-27,-88.655746,33.430906,68.5700124172681,990.7697328702903,2534.081516334695
SP-28,-88.433519,33.453633,-120.85592321339426,786.0562625890217,2461.2657141829895
SP-29,-88.776194,33.289214,394.1273697992099,1352.194001532117,2695.9920410929853
SP-3,-99.161385,40.077165,197.56008512944786,1132.9682117784823,2592.9831154016047
SP-30,-90.117483,31.658917,-450.88341188335977,459.1434606361266,2377.1321345903766
SP-31,-89.834233,30.765533,-492.60348564002294,424.0970030031712,2370.612312423428
SP-32,-106.524518,35.868558,-223.389073333936,678.657442477188,2429.0986789521253
SP-33,-95.2857911,39.0926023,-828.1113399596696,313.45931643681166,2353.338312040646
SP-34,-82.2,29.9683,-588.7210343645005,355.04853141886355,2359.237997218588
SP-35,-82.2837,29.862,-1107.6166609270133,507.4903890482682,2386.9417594138413
SP-36,-82.1886,29.9435,-699.968939315856,307.06951472424015,2352.4957289504828
SP-37,-82.2433,29.9815,-76.89955607572438,832.9684944027808,2476.647124748481
SP-38,-82.2206,29.9046,-1116.7986844050313,516.0270229513045,2388.771306817224
SP-39,-82.2105,29.8763,-1683.9578827338735,1112.7207759033959,2584.2004552635494
SP-4,-79.04419,33.83207,-763.6114341280502,301.3864015173822,2351.7606661556524
SP-40,-82.3034,29.9264,-665.4225435001648,317.2592280166162,2353.8474643907966
SP-41,-82.3193,29.8933,-286.5440949241121,614.423955596959,2411.941389227503
SP-42,-82.2683,29.8909,204.70652479229253,1140.8919873907505,2596.455082367053
SP-43,-82.2105,29.9499,-239.5192928908313,662.0870124919144,2424.5213300706905
SP-44,-82.6819,29.8325,-1684.8038850587263,1113.6572740654121,2584.603836555244
SP-45,-83.2387,30.1553,-1487.0638499373058,896.8673226666756,2498.8628338355375
SP-46,-82.9548,29.6404,-1147.4003662838506,544.989283584823,2395.194728425975
SP-47,-82.7982,29.9365,-1651.8771721800679,1077.2558580053014,2569.1291620827515
SP-48,-82.9382,29.5861,-1240.1136821439602,636.5762421301512,2417.679420415748
SP-49,-94.526757,37.092542,-728.073105942927,302.39741061218353,2351.8904442601565
SP-5,-84.41527,33.68401,-367.04039309209213,535.6670496746125,2393.090816489083
SP-50,-94.526679,37.091254,-789.6138762536305,304.14270581077983,2352.115484697804
SP-51,-122.717501,42.179225,-601.4955817409467,347.4887413437229,2358.112146022306
SP-52,-122.712661,42.20135,-865.977279582261,328.2366449962211,2355.3521526463214
SP-53,-122.716415,42.214651,-591.1766575043083,353.56050358262615,2359.0145183001487
SP-54,-122.641465,42.170556,-539.5934996182681,387.94969684418845,2364.4131270018743
SP-55,-116.989642,32.844144,501.2460649648219,1472.5253308909869,2758.310228740214
SP-56,-117.110272,32.780475,218.69131226172522,1156.4097840955926,2603.3109796198564
SP-57,-117.104078,32.783567,347.3044552082454,1299.7626337708637,2670.0800310111035
SP-58,-72.16147,44.49125,-163.8628942015023,740.6197288197013,2447.1334353839907
SP-59,-121.7902816,42.2193114,-285.30769173023197,615.6635870181808,2412.257473869109
SP-6,-92.656935,45.456254,-425.52319910583594,481.53713524563534,2381.5588341415914
SP-60,-121.9288964,42.12792225,-364.1849080094842,538.3857141969726,2393.7008261494725
SP-61,-121.9277778,42.12805556,-354.19236458968567,547.948160206579,2395.869707252683
SP-62,-78.7934,38.1986,-140.62780122374613,765.1056016593562,2454.6549756631393
SP-63,-78.8105,38.1583,-125.03189970626599,781.6230138074962,2459.853451645198
SP-64,-78.3708,38.44461,-90.50180244576633,818.4053736588896,2471.78717196506
SP-65,-95.2725,30.05111111,-468.8994343471219,443.712760434368,2374.1999666476217
SP-66,-79.182578,33.436432,-239.01219007699285,662.6063597423305,2424.6632046179666
SP-67,-92.205328,38.752916,-390.20290181112796,513.8581612707304,2388.303723935006
SP-68,-92.327163,38.92475,150.07998994666283,1080.4349053195162,2570.4637815946903
SP-69,-111.564533,41.875846,-105.2532563829261,802.6576802607492,2466.6178908657193
SP-70,-111.580553,41.9502,-174.14974658527396,729.8290993128176,2443.889314609203
SP-71,-111.886928,41.720533,-151.3807107234796,753.7550118367687,2451.140772319356
SP-72,-111.795742,41.739034,-92.53529766903685,816.2316554149039,2471.068308072166
SP-73,-111.835096,41.721091,-327.85819333230114,573.487871218132,2401.8394630556777
SP-74,-123.448227,40.605435,-90.11609730443136,818.8177779795993,2471.9237491056897
SP-75,-73.66748,42.70242,-649.2224098726101,323.6102403381273,2354.71188375754
SP-76,-73.6675,42.7025,-404.5600516445072,500.57446594854275,2385.480929250316
SP-77,-73.631389,42.732778,-391.3583930045226,512.7821315963395,2388.072440765097
SP-78,-73.63141,42.73264,-511.4880752261113,409.0964288134675,2367.9747371805333
SP-8,-123.24984,44.550674,-483.1196117630941,431.84566832195975,2372.010781827461
SP-9,-123.275026,44.55593,-243.2176784214505,658.3025541036975,2423.490606665669
CM_001-1,-117.180494,46.732215,-107.22445564272283,800.5571129927295,2465.93514898923
CM_001-2,-117.180494,46.732215,-107.22445564272283,800.5571129927295,2465.93514898923
CM_001-3,-117.180494,46.732215,-107.22445564272283,800.5571129927295,2465.93514898923
CM_002-1,-77.388447,38.7819267,-403.0838970891067,501.9314238549721,2385.766045133169
CM_002-2,-77.388447,38.7819267,-403.0838970891067,501.9314238549721,2385.766045133169
CM_003-1,-77.1803039,40.1046605,-66.89289212665906,843.7066566677662,2480.279296845979
CM_003-2,-77.1803039,40.1046605,-66.89289212665906,843.7066566677662,2480.279296845979
CM_003-3,-77.1803039,40.1046605,18.87826412780572,936.4961876647327,2513.3582270277075
CM_004-1,-73.19778,42.72306,-213.91931770533108,688.4326123141944,2431.847842599332
CM_004-2,-73.19778,42.72306,-213.91931770533108,688.4326123141944,2431.847842599332
CM_004-3,-73.19778,42.72306,-213.91931770533108,688.4326123141944,2431.847842599332
CM_006-1,-119.8217832,38.9745676,-41.97507046737637,870.5312581387209,2489.531911676142
CM_006-2,-119.8217832,38.9745676,-41.97507046737637,870.5312581387209,2489.531911676142
CM_006-3,-119.8217832,38.9745676,-41.97507046737637,870.5312581387209,2489.531911676142
CM_007-1,-121.580361,39.007299,-182.39592852289746,721.2025751954154,2441.3270207667347
CM_007-2,-121.580361,39.007299,-182.39592852289746,721.2025751954154,2441.3270207667347
CM_007-3,-121.580361,39.007299,-102.1637471132385,805.9517606739676,2467.6917774290105
CM_008-1,-117.611779,33.94849,-1461.5557679737917,869.2954876618579,2489.1000608104428
CM_008-2,-117.611779,33.94849,-1410.6407751918157,814.6284636574941,2470.5392127343885
CM_008-3,-117.611779,33.94849,-1246.8492297337816,643.4102299226598,2419.4877953456207
CM_010-1,-79.8466751,33.666607,-211.414529231069,691.0237522627897,2432.582638688484
CM_010-2,-79.8466751,33.666607,220.93375940418207,1158.8994742082552,2604.41787337928
CM_010-3,-79.8466751,33.666607,-257.0577028640841,644.1922463918344,2419.6958730734405
CM_014-1,-77.4402867,35.3667814,-314.0882110399028,587.0219265951957,2405.1069020234463
CM_014-2,-77.4402867,35.3667814,-314.084619320009,587.0254717809842,2405.1077673104314
CM_014-3,-77.4402867,35.3667814,-416.0842947001436,490.0537168642652,2383.2954313869195
CM_015-1,-106.046835,39.480297,-211.58176256307638,690.8506823457351,2432.5334803769606
CM_015-2,-106.046835,39.480297,164.72350738006318,1096.6154330541326,2577.3067097009985
CM_015-3,-106.046835,39.480297,-280.3154015429273,620.676849863482,2413.5418413223624
S19S_0006-D,-76.717163,39.311369,-375.1135873895035,528.0154101027649,2391.389709178174
S19S_0006-M,-76.717316,39.31162,-81.93742435541489,827.5701629697236,2474.836730472339
S19S_0006-U,-76.717476,39.311813,-829.9449838449639,314.05187400051324,2353.4173126372034
S19S_0007-D,-119.195598,37.05255,-584.4256119203269,357.69012834793455,2359.6369838970663
S19S_0007-U,-119.195359,37.05229,-211.26299433184775,691.180584632509,2432.627194707446
S19S_0008-D,-119.027785,36.961112,-130.215128968449,776.1265550676277,2458.1124663730143
S19S_0008-M,-119.028281,36.961369,100.59084788868802,1025.9078035789048,2548.0249781549187
S19S_0008-U,-119.028254,36.961273,302.05153576005364,1249.2030693748943,2645.836876376346
S19S_0009-D,-108.3983,42.9877,72.96616736667758,995.586661565916,2535.9687041730717
S19S_0009-M,-108.3983,42.9876,-896.7523049808201,343.8589493188134,2357.5799975576483
S19S_0009-U,-108.3982,42.9875,-826.6586582259414,312.9991564344378,2353.2770639654723
S19S_0010-D,-81.840062,31.667875,-731.4878348345416,302.06044623687154,2351.8471423623814
S19S_0010-M,-81.839976,31.667835,-933.9917579057173,366.4598733745951,2360.982275801961
S19S_0010-U,-81.8403,31.667905,-690.5425255317374,309.37760006608386,2352.7981144330956
S19S_0011-D,-83.437674,33.955686,-520.7237035352374,401.9836305227444,2366.7562838335357
S19S_0011-M,-83.438589,33.957827,-382.8436144273477,520.7387327134849,2389.7935675713347
S19S_0011-U,-83.437673,33.95569,-556.8820107175017,375.7320489089405,2362.439214124798
S19S_0012-D,-72.33027,42.47179,-275.82614834320634,625.1956410949025,2414.7078617301404
S19S_0012-M,-72.33038,42.47157,-417.61919943805515,488.6624895039435,2383.009755856126
S19S_0012-U,-72.33105,42.47178,-226.91987412518236,675.0214915131063,2428.0853530841664
S19S_0013-D,-78.1476,38.8952,-403.91345274765627,501.1685979160054,2385.6056739105848
S19S_0013-M,-78.1474,38.8945,301.4922235027471,1248.578926163309,2645.5422511682564
S19S_0013-U,-78.1474,38.8944,172.03462756237008,1104.7012919192464,2580.75752681753
S19S_0014-D,-77.9808,39.0941,-16.060928359214046,898.5480628094383,2499.46656089572
S19S_0014-M,-77.9812,39.0942,-466.82534367026153,445.46737530525337,2374.5285111614544
S19S_0014-U,-77.9815,39.0944,-658.0767181092261,320.02033016487616,2354.2212044699872
S19S_0015-D,-84.439009,31.184396,-322.2955836159239,578.941134367333,2403.147374781625
S19S_0015-M,-84.437802,31.184508,-378.9884228668881,524.3616154912439,2390.5856127020147
S19S_0015-U,-84.437254,31.185895,-371.76446507461105,531.1833408790767,2392.0911791745607
S19S_0016-D,-96.6025,39.10445,-204.70242421523614,697.9784210243938,2434.5673833502715
S19S_0016-M,-96.60286,39.10429,-146.98586701913126,758.3903054818808,2452.570146459869
S19S_0016-U,-96.60276,39.10415,-121.66209743967056,785.2000843182776,2460.9924096328928
S19S_0017-D,-96.44355,38.94668,-516.8884797064212,404.9186759761083,2367.2565560182798
S19S_0017-M,-96.44379,38.94667,-177.3194285185536,726.5106987904192,2442.9003793266365
S19S_0017-U,-96.44389,38.94684,-589.286506420387,354.7044350088935,2359.186237682871
S19S_0018-D,-83.504941,35.6922935,-76.06111258538151,833.8674428620238,2476.9496119466244
S19S_0018-M,-83.5044488,35.692083,-229.0737689697944,672.805832882366,2427.4703204401526
S19S_0018-U,-83.5041467,35.6918387,-297.83605401920784,603.1396779795808,2409.0915173588974
S19S_0019-D,-84.278999,35.9563807,-363.6366353596996,538.9084360369187,2393.8184497344487
S19S_0019-M,-84.2789099,35.956601,-524.1145817304831,399.41122708471653,2366.3207297783197
S19S_0019-U,-84.2786976,35.9572803,-514.2263095371575,406.97164980274107,2367.6085807414297
S19S_0020-D,-88.15755,31.85294,-675.0722578369171,313.9407386321168,2353.4024847505707
S19S_0020-M,-88.1575,31.85302,-900.4696466336995,345.9432955953339,2357.8849063566786
S19S_0020-U,-88.15748,31.8531,-647.5921362975432,324.30173327271757,2354.8070158849473
S19S_0021-D,-87.79835,32.54069,-866.6933174103903,328.5652648922878,2355.397970864164
S19S_0021-M,-87.79828,32.54082,-898.5367152305466,344.85444446741434,2357.7253987108447
S19S_0021-U,-87.79821,32.54108,-676.5770399328312,313.4554852954005,2353.337801744377
S19S_0022-D,-87.40811,32.96161,-163.87758245030756,740.604298654598,2447.1287655215347
S19S_0022-M,-87.40821,32.96156,-284.4747201238886,616.4991765025622,2412.4708708056187
S19S_0022-U,-87.40828,32.96142,-284.4747201238886,616.4991765025622,2412.4708708056187
S19S_0023-D,-102.44896,39.75841,-128.38939387871636,778.061843391393,2458.72420169463
S19S_0023-M,-102.44896,39.75861,-118.89560726929159,788.138837966055,2461.9316188244884
S19S_0023-U,-102.44917,39.75854,-110.10537495165921,797.4887565028904,2464.94072638792
S19S_0024-D,-96.6227,34.44205,-906.9067925165648,349.6468684602122,2358.431131172016
S19S_0024-M,-96.62255,34.44223,-881.1487896211856,335.5628987219584,2356.384290996688
S19S_0024-U,-96.62259,34.44251,-884.4346266734328,337.24754046852047,2356.6247837552223
S19S_0025-D,-97.78275,33.37853,-361.2582700859112,541.1786207675635,2394.3305468195417
S19S_0025-M,-97.78307,33.37834,-386.3581060965691,517.4470068118785,2389.0784567937185
S19S_0025-U,-97.78338,33.37834,-476.8730332790389,437.0229404753235,2372.958810927611
S19S_0026-D,-105.54327,40.03489,-35.987474261342705,876.994260869424,2491.799229764547
S19S_0026-M,-105.54371,40.03496,94.27559879150242,1018.9683692246672,2545.2388896403536
S19S_0026-U,-105.54393,40.03497,68.17837874911811,990.3407294050484,2533.9138162486515
S19S_0027-D,-105.91125,39.89064,-67.66289343555678,842.8796477797216,2479.998098486882
S19S_0027-M,-105.91152,39.89078,-89.25319099415289,819.7405337173238,2472.2295626572472
S19S_0027-U,-105.91164,39.89071,-108.77605695029015,798.9043196722043,2465.3990711136785
S19S_0028-D,-111.507871,33.750675,-475.77074216767426,437.9424128222627,2373.128320341289
S19S_0028-M,-111.508001,33.750788,-434.0118970478377,473.9594727624143,2380.0382454234864
S19S_0028-U,-111.508141,33.750837,-450.655447354767,459.3413762804939,2377.170369961005
S19S_0029-D,-111.80126,40.78319,-153.44362526145287,751.5810899039436,2450.473138509884
S19S_0029-M,-111.79582,40.78466,-126.64363835721994,779.9131464275281,2459.3106724909253
S19S_0029-U,-111.79547,40.78464,-107.06357442000659,800.7285187771391,2465.990800599287
S19S_0030-U,-121.929928,45.792233,-53.996620114381344,857.5750340232605,2485.0310675798964
S19S_0031-D,-122.1650676,44.2602628,-70.08254975967134,840.2816246283743,2479.1163096041664
S19S_0031-M,-122.1647132,44.2602364,-106.48250172570714,801.3476545098815,2466.1919088436266
S19S_0031-U,-122.1642723,44.2605576,-108.1837198695724,799.5352210715938,2465.603584843128
S19S_0032-D,-119.02313,39.95545,-156.52396073678705,748.3372384731996,2449.4801673708193
S19S_0032-M,-119.02367,36.95503,-487.67380134952043,428.10756905682916,2371.3330762550063
S19S_0032-U,-119.02375,36.95497,-569.1679960110837,367.4566246379221,2361.137191873352
S19S_0033-D,-119.2554,37.0576,-338.7096388829008,562.9068607296667,2399.335033236044
S19S_0033-M,-119.2557,37.0582,-336.44899832034133,565.1047818613827,2399.8516375684317
S19S_0033-U,-119.256,37.0581,-342.725744509657,559.0106748201621,2398.423941345686
S19S_0034-D,-106.5233,35.8677,-120.55024942630087,786.3809381733372,2461.369425295533
S19S_0034-M,-106.5232,35.8678,-120.55024942630087,786.3809381733372,2461.369425295533
S19S_0034-U,-106.5233,35.868,-194.58742992317497,708.4888073816122,2437.601455948511
S19S_0035-D,-110.757838,32.42735,-207.1318097994285,695.4593826324128,2433.846383966897
S19S_0035-M,-110.758821,32.42728,-243.46214170150856,658.0526028290658,2423.422723329009
S19S_0035-U,-110.759543,32.327329,15.169627180391913,932.4593187162601,2511.856852791989
S19S_0036-D,-119.271902,46.372515,-21.93003483935338,892.1926356278648,2497.1888528755444
S19S_0036-M,-119.271921,46.372735,-24.307475467086434,889.6198452531343,2496.270806007532
S19S_0036-U,-119.271963,46.372753,-4.039178316235631,911.5835880641824,2504.182322812229
S19S_0037-D,-75.7830393,39.8577967,-248.05780843761764,653.358477576507,2422.1523007602914
S19S_0037-M,-75.7830477,39.8578837,-261.5105402665534,639.6704470090948,2418.4959682898166
S19S_0037-U,-75.7831181,39.8579143,-245.07480889187914,656.4043638842803,2422.975682251807
S19S_0038-D,-75.7839486,39.8594333,-310.3044887207815,590.7608382477416,2406.0222018644085
S19S_0038-M,-75.7840693,39.8595115,-216.30579870562434,685.9660023412791,2431.1507201786894
S19S_0038-U,-75.784143,39.8595761,-207.19125887755516,695.39776594677,2433.8287780246665
S19S_0039-D,-84.359197,35.966194,-269.30331786307215,631.7789509444422,2416.4207230351553
S19S_0039-M,-84.358455,35.966319,-272.6066345883662,628.4424381249348,2415.550530602433
S19S_0039-U,-84.357361,35.966243,-286.93968256805744,614.0275016682117,2411.84042603614
S19S_0040-D,-96.584725,39.087889,-406.9571881070093,498.3753377936515,2385.020428671046
S19S_0040-M,-96.584798,39.087692,-361.3743092262806,541.0677599875612,2394.3054919444257
S19S_0040-U,-96.58479,39.08766,-349.0113037742457,552.9351060416956,2397.015164605895
S19S_0041-D,-120.858196,44.299994,-108.48527372934339,799.2140241444689,2465.4994472208828
S19S_0041-M,-120.858255,44.300038,-103.2398545659263,804.8041495904647,2467.317204385223
S19S_0041-U,-120.85829,44.300082,-162.5926470044196,741.9543776909039,2447.5376945885796
S19S_0042-D,-80.96434,25.40976,-497.17990490644235,420.4079996306011,2369.9551375523306
S19S_0042-M,-80.96423,25.40979,-456.7983915604186,454.0309005332746,2376.149937713599
S19S_0042-U,-80.96423,25.40982,-252.21437354424546,649.1206740662813,2421.012622304466
S19S_0043-D,-89.472992,43.14501,-234.63791793441925,667.0906254348228,2425.892489456263
S19S_0043-M,-89.472023,43.145025,-217.96277119598716,684.2546377107849,2430.6684013015847
S19S_0044-D,-79.811134,33.131027,-816.2951071078868,309.95778000737147,2352.874474604283
S19S_0044-M,-79.810626,33.130966,-807.5422485115724,307.7253045288188,2352.581418549555
S19S_0044-U,-79.810168,33.130796,-864.5311550796198,327.5782622380783,2355.2604921214556
S19S_0047-D,-149.40333,68.64278,217.60444877578863,1155.2032276119364,2602.7752428787085
S19S_0047-M,-149.40339,68.64274,205.05217105890966,1141.275335669927,2596.62354985581
S19S_0047-U,-149.40346,68.6427,200.2415204906209,1135.9408247956035,2594.2833355851085
S19S_0050-D,-149.14198,68.66953,83.88056352669133,1007.555796187769,2540.6914708970176
S19S_0050-M,-149.14041,68.66967,36.737618152135155,955.9638352294534,2520.6767587542613
S19S_0050-U,-149.5972,68.62722,51.71519123604189,972.3240521346594,2526.9266966449277
S19S_0051-D,-147.50267,65.1531,116.81962046380399,1043.7606892546548,2555.2653177880834
S19S_0051-M,-147.50249,65.15298,110.44161011041207,1036.741000143219,2552.405996160337
S19S_0051-U,-147.80559,64.85568,103.44910764518924,1029.0500282884618,2549.2917503843623
S19S_0052-D,-74.69563,42.13187,-81.81637167370168,827.6998145369589,2474.880088174334
S19S_0052-M,-74.69546,42.13233,27.64640979125948,946.048292694422,2516.9330225429744
S19S_0052-U,-74.69548,42.13247,-14.387276126010146,900.3614439724977,2500.1190366959577
S19S_0053-D,-73.00222222,41.869567,-80.2066815109657,829.4241417225315,2475.4573061819187
S19S_0053-M,-72.796633,41.869617,-135.25964954026105,770.7838007281406,2456.430771530556
S19S_0053-U,-72.796767,41.869583,-107.737695955938,800.0103378525998,2465.757694609978
S19S_0054-D,-77.0237,37.57261,-314.3342670475493,586.779076682085,2405.0476404198657
S19S_0054-M,-77.0237,37.57267,-249.76510373863667,651.6169069729006,2421.6831050552864
S19S_0054-U,-77.02396,37.5728,-317.3508143669552,583.8047681154472,2404.3237043151266
S19S_0055-D,-117.180863,46.732428,-338.2290073806936,563.3738714207775,2399.4446413403493
S19S_0055-M,-117.180621,46.732323,-365.4632170365429,537.1678753335336,2393.4272067785196
S19S_0055-U,-117.180384,46.7322206,-362.94310003384106,539.5699806891821,2393.9674667626978
S19S_0059-D,-117.3915976,48.16874998,-243.42317092566748,658.0924467823568,2423.433542800229
S19S_0059-M,-117.3913007,48.16841972,-162.87728594848872,741.6552662629443,2447.4470375950614
S19S_0059-U,-117.3903992,48.16859001,-314.373435390163,586.7404220136033,2405.0382098174623
S19S_0060-D,-119.4768203,46.2531882,-788.7891457966919,304.0105178537163,2352.098395650779
S19S_0060-M,-119.4769597,46.253117,-772.71202139881,302.0174507596294,2351.8416206072693
S19S_0060-U,-119.4772256,46.2530248,-815.0333907053141,309.616784175509,2352.8295775300994
S19S_0061-D,-89.6407,43.1095,-157.05472397955708,747.7785734274221,2449.3095481654486
S19S_0061-M,-89.6405,43.1095,-106.00746364740398,801.8538682936035,2466.3564409782093
S19S_0062-D,-106.950417,38.544583,-118.5563409176026,788.499359135459,2462.0470562550813
S19S_0062-M,-106.950472,38.544667,-182.1664277064975,721.4423709849445,2441.3978705875984
S19S_0062-U,-106.950056,38.544778,-197.3685171761977,705.5955047440992,2436.7620901869686
S19S_0063-D,-97.709399,30.250335,-53.83853592518804,857.7452337071657,2485.089807995808
S19S_0063-M,-97.70953,30.250384,-156.31586855874545,748.5562918910719,2449.547098952579
S19S_0063-U,-97.709566,30.250278,-153.35896214056467,751.6702852544458,2450.5004969580773
S19S_0064-D,-78.00803,40.61043,-72.44056857640223,837.7509206365555,2478.259686329235
S19S_0064-M,-78.00808,40.64061,-46.772238398810565,865.3578955350164,2487.7276288255666
S19S_0064-U,-78.00688,40.61507,-72.44056857640223,837.7509206365555,2478.259686329235
S19S_0066-D,-106.643178,35.19845,-197.4718611455879,705.4880415588809,2436.7309750236827
S19S_0066-M,-106.643131,35.198511,-136.5379215544789,769.4310092375421,2456.0066257715152
S19S_0066-U,-106.643074,35.198601,-131.58544002910074,774.6745796020755,2457.65440453676
S19S_0067-D,-85.35412,42.3921,-602.5162865146553,346.9044285742212,2358.0261131763764
S19S_0067-M,-85.354,42.39201,-582.6593078080291,358.7904534167798,2359.8040294313214
S19S_0067-U,-85.35402,42.39193,-600.7181453298875,347.9357903449285,2358.1780641122573
S19S_0068-U,-122.257915,44.207269,34.56646239268774,953.5947684289749,2519.7792463294068
S19S_0069-D,-123.735151,39.362202,-269.40293074953956,631.6782607512251,2416.3943992988757
S19S_0069-M,-123.734753,39.362129,-266.28073216043686,634.836458247694,2417.221917114305
S19S_0069-U,-123.734848,39.362343,-231.38035401121115,670.4351308109035,2426.8143176771305
S19S_0070-D,-123.752414,39.339914,-294.1581231634789,606.8076428752053,2410.012444637796
S19S_0070-M,-123.752441,39.339892,-275.8869044825771,625.1344187195532,2414.6920112770317
S19S_0070-U,-123.752011,39.339682,-272.8624072400728,628.184313886407,2415.483388489811
S19S_0071-D,-105.458575,40.012917,-190.57881990590624,712.6637414981935,2438.818172046347
S19S_0071-M,-105.4589026,40.0128376,-197.054696128496,705.92185680066,2436.856609603071
S19S_0071-U,-105.4588818,40.0129961,-38.11134213317955,874.7010244391711,2490.9930449546055
S19S_0072-D,-71.1848201,42.5235645,-77.00579693907443,832.8545972313298,2476.608820138264
S19S_0072-M,-71.18851406,42.5235479,-41.880185369302,870.6336265598319,2489.5677093732575
S19S_0072-U,-71.1854501,42.5233858,-47.315966938582974,864.7717948923556,2487.5238139761855
S19S_0073-D,-70.9164986,42.7688065,-2.5876563250930857,913.1590817166782,2504.7562708533
S19S_0073-M,-70.9167967,42.7694593,7.261751032033239,923.8583825446092,2508.676698750802
S19S_0074-D,-119.272998,46.376172,62.18103455877879,983.7734960501876,2531.354333037572
S19S_0074-M,-119.272953,46.376303,41.889193796165756,961.5875804771958,2522.814924401961
S19S_0074-U,-119.272955,46.376327,13.852264737756066,931.0258515383028,2511.3250693786945
S19S_0075-D,-119.465555,46.694742,-92.7562453076288,815.9955267368257,2470.990321209654
S19S_0075-M,-119.465591,46.694842,-90.5631305160135,818.3398033495113,2471.765462499102
S19S_0075-U,-119.465706,46.694858,-76.7623725701035,833.1155675785132,2476.696593609914
S19S_0076-D,-119.462605,46.679191,-64.1776312819261,846.6238857921625,2481.273155428701
S19S_0076-M,-119.46257,46.679318,-43.691848392635194,868.6793658621311,2488.8849528517617
S19S_0076-U,-119.462645,46.679398,-79.93128979711841,829.7192005837442,2475.5561839058732
S19S_0077-D,-105.223141,40.66403,-15.843847561909964,898.7832410625721,2499.551116155103
S19S_0077-M,-105.223622,40.664282,-16.717655845029796,897.8366331122332,2499.210892985143
S19S_0077-U,-105.224786,40.664703,-14.663228321413873,900.062421489764,2500.0113660612224
S19S_0080-D,-106.681374,34.950811,-131.61281947287623,774.6455733905217,2457.6452616744373
S19S_0080-M,-106.681271,34.950833,-132.3943303421083,773.8177101271846,2457.3844461874014
S19S_0080-U,-106.681382,34.950903,-142.84928805254447,762.758055315078,2453.9242691667
S19S_0081-U,-76.9259674,38.9603293,-307.327582470502,593.7083476255091,2406.747612421688
S19S_0082-D,-76.5465418,38.8748619,-419.63000292610735,486.8435760490313,2382.6374326358364
S19S_0082-M,-76.5464751,38.8748139,-474.25486077690476,439.20970986873107,2373.3625169999327
S19S_0082-U,-76.5464942,38.8749661,-444.3280280920557,464.8601118205763,2378.2429210278583
S19S_0083-D,-88.3227,40.31083,-226.6484449089545,675.3008327176263,2428.163026348602
S19S_0083-M,-88.3227,40.31083,-166.29144535930064,738.0693773050419,2446.3627845380443
S19S_0083-U,-88.3227,40.31083,-182.78429852187955,720.7968220007892,2441.2071863042925
S19S_0084-D,-71.722778,43.954722,-9.955465410718645,905.1654697942151,2501.853112307968
S19S_0084-M,-71.722778,43.954722,12.102290504292668,929.122043509755,2510.619891499513
S19S_0084-U,-71.722778,43.954722,8.438654349748603,925.137835972774,2509.148158918813
S19S_0085-D,-115.9902503,43.6479639,-70.30569211250514,840.0420925721947,2479.0351318911066
S19S_0085-M,-115.98908,43.64815,-89.32262028420415,819.6662829513842,2472.204943621103
S19S_0085-U,-115.98891,43.64819,-88.0209271980517,821.0585456057307,2472.6669009734164
S19S_0086-D,-111.8064,40.7797,-265.9166269642067,635.2050602497077,2417.3187494461954
S19S_0086-M,-111.8054,40.7799,-200.7120325606093,702.1205770454058,2435.758151493669
S19S_0086-U,-111.8054,40.7801,-187.37340877978886,716.0059842581156,2439.796925432671
S19S_0087-D,-116.7743431,43.1233451,-408.5276818498069,496.93758248477997,2384.7204089249335
S19S_0087-M,-116.7744702,43.1233625,-361.14867168120554,541.2833375875239,2394.354217614255
S19S_0087-U,-116.7745057,43.1231912,-340.223593098452,561.4368275908905,2398.990575061229
S19S_0089-D,-80.44539,37.21008,-593.1205635435355,352.3941473270226,2358.8399909547957
S19S_0089-M,-80.44529,37.21012,-614.4917163831251,340.2764565435631,2357.06014660957
S19S_0089-U,-80.44513,37.21014,-565.649955779955,369.790039736513,2361.5014591030035
S19S_0090-D,-75.930606,37.291383,-135.76940309790209,770.2442786460164,2456.2615326231453
S19S_0090-M,-75.930615,37.291374,-121.82183009973178,785.0304631093023,2460.9382958267943
S19S_0090-U,-75.930807,37.291396,-90.79099265905407,818.0961865344805,2471.684817746701
S19S_0097-D,-111.8865,41.720847,-610.1974638537276,342.604276572382,2357.3973271773616
S19S_0097-M,-111.886477,41.720805,-610.1974638537276,342.604276572382,2357.3973271773616
S19S_0097-U,-111.88642,41.720744,-610.1974638537276,342.604276572382,2357.3973271773616
S19S_0098-D,-111.580533,41.950204,-171.2767477952006,732.839574375697,2444.790033853303
S19S_0098-M,-111.580451,41.950345,-171.2767477952006,732.839574375697,2444.790033853303
S19S_0098-U,-111.580465,41.950373,-171.2767477952006,732.839574375697,2444.790033853303
S19S_0099-D,-84.7119066,39.2385932,-238.2445944593973,663.3926911233009,2424.878209414464
S19S_0099-M,-84.7121004,39.2386399,-245.82969346013644,655.6332065281958,2422.7668829996264
S19S_0099-U,-84.7123967,39.2386771,-231.85665260365334,669.9458552513006,2426.6791952843046
S19S_0100-D,-106.950961,38.92352,128.35430838897736,1056.4666912564555,2560.481661248845
S19S_0100-M,-106.950743,38.922712,101.25196519523266,1026.6345218340755,2548.3176625528386
S19S_0100-U,-106.95145,38.922389,85.43762823070867,1009.2644811385633,2541.3695639841867
