,target,predicted
0,-1.38,-44.879428525227475
1,-694.32,-680.1298009657805
2,-2717.18,-2752.29274549974
3,-15.42,-60.706147110179536
4,-3.77,-12.85944134799303
5,-3.11,-13.321260206503755
6,-3.14,-10.252942093693626
7,-9.01,-9.166909355458355
8,-6.94,-27.97443802695664
9,-1739.12,-1803.2660541588962
10,-655.72,-680.1298009657805
11,-1599.21,-3388.3967169988487
12,-3114.61,-2406.227096561068
13,-1388.85,-30.044019303182218
14,-7.45,-53.73195161029509
15,-1.22,-9.95445372675902
16,-3.66,-12.369710861477618
17,-2907.84,-2377.2744522831285
18,-1.72,-27.30811676874327
19,-7.86,-53.73195161029509
20,-21.96,-27.30811676874327
21,-3555.34,-3828.5034588772055
22,-3601.52,-3539.4208763762676
23,-78.34,-60.94191377646955
24,-3.53,-15.615396920495858
25,-17.33,-43.0519643523329
26,-5.6,-11.332492353708558
27,-0.75,-34.34668559138564
28,-2.15,-9.747095997785452
29,-47.19,-10.252942093693626
30,-1.94,-9.747095997785452
31,-12.07,-14.733308553864608
32,-29.48,-105.96214189248047
33,-1776.15,-1902.9640407552238
34,-3019.19,-2406.227096561068
35,-1542.53,-1902.9640407552238
36,-2.71,-10.427653915931206
37,-2.66,-15.615396920495858
38,-1590.24,-1882.9580268320242
39,-2.28,-58.27542035671048
40,-3685.4,-3828.5034588772055
41,-45.43,-184.54142953977063
42,-3.56,-12.85944134799303
43,-4.87,-11.332492353708558
44,-2785.54,-934.6455689423694
45,-3564.45,-3388.3967169988487
46,-5.97,-13.837191963765175
47,-2.32,-11.938259160347723
48,-11.52,-88.54499986170501
49,-12.94,-30.044019303182218
