,target,predicted
0,-9.84,-15.902109253286847
1,-3.29,-4.704266805875015
2,-37.03,-66.62261386202343
3,-38.69,-32.91708960230698
4,-2.51,-4.82981803311055
5,-2.07,-4.82981803311055
6,-82.36,-12.801004966236377
7,-77.62,-12.801004966236377
8,-35.91,-33.56539571389605
9,-0.77,-3.5032673501653986
10,-105.08,-75.78768793543527
11,-1.22,-3.7537658075408222
12,-21.22,-5.87624834350464
13,-5.02,-6.745878596821467
14,-51.65,-64.9533585251983
15,-27.73,-18.570173450150296
16,-5.3,-6.745878596821467
17,-0.94,-3.7537658075408222
18,-34.83,-66.62261386202343
19,-1.65,-3.869335500616187
20,-2.58,-7.7506654618666335
21,-65.41,-20.94661116274491
22,-7.5,-16.836481693373408
23,-2.76,-6.0873940726646225
24,-3.78,-9.337311181548184
