,target,predicted
0,-5.57,-14.733315132138575
1,-5.86,-5.607202001903784
2,-3.32,-4.0316346989691
3,-6.7,-10.689887521859884
4,-3.43,-5.909275021562295
5,-14.69,-10.401318104046222
6,-21.52,-34.566152778182314
7,-3.29,-8.310077952965417
8,-48.59,-18.929560736429192
9,-2.8,-5.74064622591836
10,-33.13,-37.91552253603837
11,-12.93,-31.4624192884077
12,-7.19,-16.021997054519552
13,-3.59,-11.274076839044039
14,-2.26,-6.169332465751584
15,-1.97,-3.758351400423467
16,-10.1,-36.106119163644756
17,-13.61,-47.02755857037096
18,-10.77,-47.349023153467535
19,-1.22,-3.296890707934735
20,-0.74,-3.758351400423467
21,-15.94,-31.72588945312612
22,-5.3,-12.285026170392861
23,-8.47,-16.021997054519552
24,-29.9,-31.4624192884077
25,-3.76,-6.803554314581355
26,-38.66,-42.75372224113464
27,-3.22,-10.386705584197157
28,-6.95,-10.689210196201227
29,-56.24,-57.65646229397813
30,-8.33,-36.106119163644756
31,-37.03,-49.592672666936636
32,-0.71,-3.3569701303749504
33,-79.25,-34.24446886770203
34,-13.24,-17.572189087001515
35,-6.74,-8.62372731175451
36,-19.66,-31.397300750701724
37,-2.37,-12.402039847729842
38,-8.93,-14.733315132138575
39,-13.97,-14.629344955427092
40,-4.99,-6.964341542861997
41,-4.16,-42.65826855569002
42,-19.51,-31.539480744539308
43,-1.58,-3.720909976833656
44,-8.79,-13.587910790533783
45,-18.69,-31.539480744539308
46,-10.77,-36.106119163644756
47,-28.09,-35.41297032528535
48,-6.64,-42.65826855569002
49,-4.31,-9.361590850655965
50,-7.34,-10.476531716897998
51,-27.73,-31.397300750701724
52,-9.31,-9.339464839087904
53,-0.73,-3.576540427582106
54,-5.72,-7.8935220602836855
55,-3.47,-5.909275021562295
56,-19.26,-43.51270406526496
57,-6.16,-10.689887521859884
58,-1.8,-8.894670164560866
59,-3.65,-11.085622772343699
60,-2.56,-8.894670164560866
61,-1.31,-5.975015789521862
62,-17.87,-12.102215771543278
63,-3.3,-6.964341542861997
64,-1.55,-4.0316346989691
65,-2.58,-6.8365235888512155
66,-20.53,-17.734180783951004
67,-14.12,-10.401318104046222
68,-19.99,-14.629344955427092
69,-29.63,-17.734180783951004
70,-1.21,-5.975015789521862
71,-5.69,-42.65826855569002
72,-18.49,-22.14809638105941
73,-10.78,-21.60357450266465
74,-0.68,-3.2372378161657696
