,target,predicted
0,-5.72,-8.142953939712717
1,-8.88,-11.876922709561526
2,-3.3,-6.1845919630185815
3,-5.17,-9.596074309705791
4,-0.73,-7.779426154523655
5,-42.7,-42.90103774373783
6,-81.84,-41.79900038350192
7,-19.51,-26.783605663790222
8,-32.54,-50.070126930855956
9,-2.07,-5.107756156465128
10,-3.29,-8.890204788710369
11,-6.87,-10.706970829161918
12,-5.01,-8.916686842268962
13,-21.52,-37.14890219527777
14,-124.31,-71.93546677871942
15,-3.29,-4.638773523397244
16,-9.74,-21.36874394281648
17,-15.94,-47.773689690593294
18,-0.51,-7.779426154523655
19,-15.34,-47.773689690593294
20,-9.38,-21.265376374216153
21,-28.09,-44.74714017339772
22,-3.47,-6.372941371359431
23,-2.46,-7.633497634480566
24,-10.57,-13.617221931175191
25,-0.36,-3.5128869762597583
26,-2.41,-7.661777821655974
27,-56.24,-61.62039843069532
28,-1.54,-7.269090322699766
29,-4.99,-6.879422076822698
30,-1.11,-2.8521365337775535
31,-9.44,-6.595148028301531
32,-1.16,-3.2889358696759983
33,-5.02,-8.740475798536133
34,-2.86,-6.565752315543552
35,-105.08,-91.36969573820537
36,-9.42,-6.595148028301531
37,-4.84,-8.142953939712717
38,-0.52,-7.779426154523655
39,-6.06,-7.269090322699766
40,-6.41,-12.887822050073142
41,-9.31,-6.595148028301531
42,-20.56,-37.770914361608256
43,-47.2,-61.62039843069532
44,-7.22,-20.808419782350953
45,-2.89,-6.372941371359431
46,-5.3,-11.876922709561526
47,-51.65,-72.17042826342394
48,-6.7,-11.59580033877107
49,-1.39,-5.409336429528384
