,target,predicted
0,-5.3,-21.484852543986555
1,-38.66,-120.3504017680971
2,-28.74,-55.67490046273579
3,-2.39,-25.269429390759832
4,-8.79,-39.333065146299674
5,-6.65,-30.37258161590633
6,-45.06,-120.3504017680971
7,-2.86,-20.170144495770863
8,-2.07,-16.348562921796358
9,-21.52,-54.19648783013871
10,-7.5,-35.49964665876553
11,-65.41,-54.19648783013871
12,-49.41,-72.71807506170313
13,-1.65,-15.247422504404199
14,-51.65,-105.34971655926233
15,-3.04,-19.19042724177765
16,-9.84,-39.11965008591058
17,-2.51,-16.348562921796358
18,-58.05,-108.54378766716201
19,-81.84,-85.21665693880188
20,-9.91,-39.019222283841074
21,-6.7,-26.986233103247862
22,-83.28,-90.70864650044592
23,-8.2,-26.986233103247862
24,-105.08,-120.76915762864269
25,-3.59,-29.591775747609393
26,-3.29,-22.456276964121294
27,-85.25,-105.34971655926233
28,-20.56,-72.71807506170313
29,-1.23,-18.123687118157434
30,-3.28,-125.20386459013838
31,-74.17,-110.84931241000652
32,-1.16,-15.247422504404199
33,-1185.05,-427.8382079354386
34,-35.91,-108.54378766716201
35,-1694.52,-1537.3621720417332
36,-6.16,-26.986233103247862
37,-3.29,-32.07346322544949
38,-2.5,-19.19042724177765
39,-3.78,-32.07346322544949
40,-4.93,-21.484852543986555
41,-2.76,-20.170144495770863
42,-0.77,-16.155171507487804
43,-3.73,-25.269429390759832
44,-22.17,-54.19648783013871
45,-21.22,-31.121416698010126
46,-23.47,-72.71807506170313
47,-45.05,-120.3504017680971
48,-3.3,-19.19042724177765
49,-47.16,-427.8382079354386
50,-1138.3,-427.8382079354386
51,-10.78,-29.591775747609393
52,-1.16,-22.37241424171659
53,-6.67,-39.019222283841074
54,-5.13,-32.07346322544949
55,-29.9,-55.67490046273579
56,-1575.97,-125.20386459013838
57,-16.54,-68.95248116857681
58,-1.17,-16.348562921796358
59,-7.22,-39.11965008591058
60,-1671.03,-1537.3621720417332
61,-82.36,-106.30290612539187
62,-0.37,-16.155171507487804
63,-34.83,-85.21665693880188
64,-5.02,-21.484852543986555
65,-14.12,-35.49964665876553
66,-173.76,-90.70864650044592
67,-82.29,-120.76915762864269
68,-2.58,-25.269429390759832
69,-24.54,-110.84931241000652
70,-1.39,-22.37241424171659
71,-17.87,-39.11965008591058
72,-47.48,-125.20386459013838
73,-12.93,-55.67490046273579
74,-3.65,-31.121416698010126
