,target,predicted
0,-3.35,-187.51347257366083
1,-2448.32,-2580.632642692996
2,-1740.84,-1675.4343736783283
3,-2199.18,-387.54010786624485
4,-2228.76,-2160.1055896497483
5,-47.31,-264.42430727286774
6,-8.0,-233.75101789757002
7,-3462.55,-3339.318189865196
8,-1515.51,-373.5238227829678
9,-694.32,-783.0869741565125
10,-1821.88,-1106.6549499316575
11,-2.71,-180.2859161883717
12,-2084.19,-1675.4343736783283
13,-38.07,-322.34139761973523
14,-2741.44,-1685.0093811264219
15,-2.95,-208.60565587298476
16,-49.64,-219.40723703925335
17,-3.11,-147.36117554846084
18,-1.94,-195.79678504401457
19,-3800.03,-3259.1665299153556
20,-47.08,-383.6620647976395
21,-1599.21,-3232.01396828615
22,-1.22,-191.12668249461876
23,-3.81,-180.09449432193816
24,-2196.81,-387.54010786624485
25,-347.97,-515.0138258128959
26,-22.89,-323.9986933608156
27,-37.43,-322.2876277239092
28,-8.92,-329.68956856791266
29,-5.53,-238.13558270325046
30,-13.12,-217.68396624704727
31,-3657.26,-387.54010786624485
32,-3840.88,-3339.318189865196
33,-16.87,-254.5263323823461
34,-3.26,-237.08190605305526
35,-2236.81,-3259.1665299153556
36,-2289.87,-2160.1055896497483
37,-3263.52,-2550.2719697650223
38,-1.84,-177.22432032994766
39,-1906.69,-1283.6822318349434
40,-2.85,-276.3058877133275
41,-3.53,-237.08190605305526
42,-3.6,-235.3194218276744
43,-16.93,-217.68396624704727
44,-5.6,-197.19309834171872
45,-2.66,-237.08190605305526
46,-2260.74,-1106.6549499316575
47,-1752.9,-295.32988949832225
48,-3048.94,-2550.2719697650223
49,-25.26,-263.3899876459668
50,-13.61,-263.6352958522654
51,-3.21,-267.2632039200737
52,-3019.19,-1935.9010540591191
53,-2757.22,-2654.085181337894
54,-132.3,-557.8541271923872
55,-1.98,-199.62070021629657
56,-42.78,-274.2058228150041
57,-4001.81,-3604.7003491582464
58,-12.27,-196.7979649665557
59,-10.54,-196.7979649665557
60,-2610.28,-271.71683476262945
61,-1941.4,-2977.70974976743
62,-45.43,-306.85853185739234
63,-3.56,-187.51347257366083
64,-7.65,-160.3778440550756
65,-1842.39,-1726.2504650579983
66,-3114.61,-1935.9010540591191
67,-4.77,-233.7554835643923
68,-1.78,-261.20571951396954
69,-436.09,-460.2643448536379
70,-3.16,-208.60565587298476
71,-37.2,-312.9788973103457
72,-57.26,-323.34145143214164
73,-16.39,-218.63783957941567
74,-5.38,-233.7554835643923
