,target,predicted
0,-35.81,-538.7896731414032
1,-4.84,-93.17781382745581
2,-2.02,-78.29414267045104
3,-1953.6,-1027.2221602316133
4,-11.18,-88.51405533311328
5,-30.43,-113.08134291457041
6,-15.94,-96.66804212058051
7,-3.59,-92.4138685972372
8,-26.52,-90.83391464758245
9,-3.99,-77.42113536151768
10,-5.57,-88.32914960181148
11,-11.61,-79.36518309987521
12,-43.36,-191.17359070198177
13,-31.19,-103.08953252687665
14,-7.37,-98.83774039473387
15,-17.66,-126.30983697757537
16,-29.51,-114.89398601247383
17,-16.99,-84.97282759640842
18,-4.55,-94.269336782157
19,-23.78,-298.9935810132301
20,-2.71,-88.11667454917229
21,-54.61,-169.22654177357154
22,-15.13,-95.89061883867109
23,-3.91,-84.37251053761489
24,-19.87,-252.94905687540432
25,-11.67,-77.13980153364315
26,-4.28,-88.57889023810644
27,-9.12,-108.20682516836192
28,-2.71,-78.31869441842794
29,-9.6,-83.23729226780357
30,-1821.88,-1321.736660309512
31,-5.77,-84.97282759640842
32,-9.01,-75.47270310918684
33,-8.86,-83.23729226780357
34,-8.93,-88.32914960181148
35,-17.33,-114.89398601247383
36,-11.39,-79.36518309987521
37,-14.69,-92.20558903565977
38,-16.41,-85.09725521077029
39,-40.96,-88.57889023810644
40,-1752.9,-108.20682516836192
41,-47.58,-191.17359070198177
42,-2610.28,-88.11667454917229
43,-50.32,-103.08953252687665
44,-1515.51,-186.80471175513287
45,-12.07,-79.36518309987521
46,-167.81,-245.4524299752686
47,-44.62,-191.17359070198177
48,-22.07,-77.13980153364315
49,-15.42,-77.13980153364315
50,-1.38,-87.81498237544673
51,-1.4,-76.13085180671524
52,-2.08,-91.06867997991898
53,-11.12,-1143.4185855978926
54,-33.5,-125.23617493941823
55,-1890.34,-116.60410622560904
56,-3.94,-91.06867997991898
57,-6.63,-79.5604459586116
58,-5.69,-104.03939579862387
59,-42.03,-90.83391464758245
60,-1388.85,-89.54709676132666
61,-2.89,-81.78363779394286
62,-1.55,-77.5942842958054
63,-2086.43,-88.11667454917229
64,-10.36,-85.09725521077029
65,-10.78,-92.4138685972372
66,-2738.74,-272.54415521684723
67,-24.54,-169.35949320946236
68,-37.43,-127.43316984729529
