,target,predicted
0,-2.76,-78.61536310772367
1,-3235.01,-898.3987789609942
2,-31.82,-108.09998386315085
3,-17.58,-147.96082078703725
4,-988.01,-1781.575617520196
5,-8.33,-113.56758621756339
6,-54.98,-249.69541346330365
7,-3023.27,-2891.6328914962023
8,-13.09,-122.57908483188297
9,-48.64,-113.5868013189076
10,-173.76,-164.1793159380917
11,-2.7,-81.31117033901961
12,-75.22,-132.16892158933777
13,-93.9,-208.9945343001815
14,-47.48,-899.6115309913824
15,-2.2,-101.72648072354217
16,-9.91,-91.23878673557826
17,-9.31,-79.5558277958072
18,-3.78,-86.66822136817616
19,-1740.84,-1897.3465239786933
20,-8.93,-103.81160650015866
21,-28.74,-127.34270293336185
22,-2.54,-80.28877275165674
23,-58.05,-152.34879975267057
24,-22.89,-167.8344458775219
25,-1691.56,-898.3987789609942
26,-26.32,-86.02844532119259
27,-7.06,-94.70740974644356
28,-11.12,-1198.6039324300084
29,-6.65,-82.30912902356837
30,-47.31,-249.69541346330365
31,-1821.88,-1781.575617520196
32,-16.54,-108.17992090085963
33,-6.41,-107.42089643824332
34,-2.5,-80.28877275165674
35,-2.5,-77.53202803507965
36,-0.73,-75.45695342151267
37,-59.89,-170.9461560319765
38,-33.5,-167.8344458775219
39,-79.59,-167.8344458775219
40,-2.8,-76.50300078816015
41,-4.09,-82.7467038023081
42,-9.74,-91.45795817140231
43,-3.79,-105.83263764032282
44,-15.94,-112.55595028810717
45,-20.56,-134.90829411716842
46,-4.93,-83.89053228411943
47,-2936.54,-898.3987789609942
48,-11.88,-99.65541625108195
49,-3.54,-76.50300078816015
50,-5.17,-90.00130696281978
51,-81.84,-139.82555281972066
52,-16.97,-147.96082078703725
53,-1.8,-79.4766228080704
54,-6.87,-81.59136650469796
55,-0.87,-73.9391796316056
56,-9.31,-107.42089643824332
57,-2741.44,-1594.7078363325936
58,-8.15,-82.30912902356837
59,-5.38,-96.5108957329999
60,-3.28,-899.6115309913824
61,-3.04,-77.53202803507965
62,-2.11,-76.8670022991659
63,-44.74,-249.69541346330365
64,-4.6,-100.14986402123154
65,-5.88,-107.42089643824332
66,-2228.76,-2650.811172642744
67,-73.38,-135.58937008579036
68,-3.73,-88.37863974684248
69,-45.05,-156.95974942565698
70,-0.94,-73.2092711962419
71,-17.87,-91.41024815518163
72,-98.57,-142.30929966774215
73,-1.68,-89.91077712191287
74,-47.2,-135.58937008579036
