,target,predicted
0,-3.29,-9.337311181548184
1,-45.06,-43.630184789657775
2,-82.29,-75.78768793543527
3,-8.79,-13.360069819710551
4,-14.69,-16.836481693373408
5,-24.54,-43.189487004122014
6,-38.66,-43.630184789657775
7,-1.16,-3.869335500616187
8,-3.59,-10.704593805729427
9,-12.93,-25.016559350510143
10,-83.28,-95.0699992578188
11,-19.66,-18.570173450150296
12,-33.77,-32.91708960230698
13,-2.86,-6.0873940726646225
14,-3.73,-7.7506654618666335
15,-45.05,-43.630184789657775
16,-1.21,-4.442994905780263
17,-0.81,-3.459987703033032
18,-1.39,-5.437036237736066
19,-9.91,-12.877953132153921
20,-28.09,-32.91708960230698
21,-6.41,-12.357732674851626
22,-22.17,-20.94661116274491
23,-85.25,-64.9533585251983
24,-3.46,-5.87624834350464
25,-8.2,-9.919015823869655
26,-3.65,-5.87624834350464
27,-1.17,-4.82981803311055
28,-7.22,-15.902109253286847
29,-21.52,-20.94661116274491
30,-5.88,-12.357732674851626
31,-8.08,-12.877953132153921
32,-6.7,-9.919015823869655
33,-2.86,-6.0873940726646225
34,-49.41,-38.417317820046414
35,-23.47,-38.417317820046414
36,-1.33,-3.7537658075408222
37,-2.39,-7.7506654618666335
38,-3.04,-6.13893749524461
39,-74.17,-43.189487004122014
40,-1.16,-5.437036237736066
41,-10.78,-10.704593805729427
42,-3.3,-6.13893749524461
43,-9.31,-12.357732674851626
44,-1.31,-4.442994905780263
45,-8.82,-13.360069819710551
46,-4.93,-6.745878596821467
47,-7.06,-10.704593805729427
48,-2.07,-4.704266805875015
49,-1.63,-4.704266805875015
50,-6.67,-12.877953132153921
51,-0.61,-3.459987703033032
52,-17.87,-15.902109253286847
53,-5.29,-7.753017062307434
54,-1.58,-3.869335500616187
55,-2.5,-6.13893749524461
56,-6.16,-9.919015823869655
57,-2.2,-5.437036237736066
58,-0.37,-3.5032673501653986
59,-58.05,-33.56539571389605
60,-29.9,-25.016559350510143
61,-0.87,-3.5032673501653986
62,-5.01,-7.753017062307434
63,-81.84,-66.62261386202343
64,-173.76,-95.0699992578188
65,-8.15,-12.429737677479713
66,-93.9,-75.78768793543527
67,-28.74,-25.016559350510143
68,-14.12,-16.836481693373408
69,-59.89,-64.9533585251983
70,-5.13,-9.337311181548184
71,-13.61,-33.56539571389605
72,-0.71,-3.459987703033032
73,-1.23,-4.442994905780263
74,-4.09,-7.753017062307434
