,target,predicted
0,-1.65,-40.97901982206915
1,-9.45,-64.38630024119801
2,-3.29,-42.86902522959684
3,-3.46,-43.43591687687831
4,-8.2,-47.278752207962846
5,-8.08,-51.50905813003579
6,-33.33,-64.38630024119801
7,-1575.97,-106.79743124744579
8,-81.84,-92.89904281664761
9,-83.28,-151.06490462176134
10,-38.66,-82.14609565192116
11,-4.93,-44.75839758011891
12,-7.22,-53.08226945767479
13,-74.17,-89.18048750944689
14,-17.87,-53.08226945767479
15,-105.08,-134.35722416848785
16,-3.04,-43.566993027394794
17,-2.07,-42.86902522959684
18,-1138.3,-1097.8165860013514
19,-3.28,-106.79743124744579
20,-21.52,-73.75842063488989
21,-8.15,-49.88797351273804
22,-1694.52,-1599.2621154199699
23,-13.61,-75.20646823675885
24,-58.05,-75.20646823675885
25,-7.5,-51.02086542820688
26,-65.41,-73.75842063488989
27,-5.59,-49.88797351273804
28,-1.58,-40.97901982206915
29,-3.65,-43.43591687687831
30,-1.16,-40.97901982206915
31,-2.86,-42.56193070531486
32,-5.02,-44.75839758011891
33,-13.24,-63.86024983992531
34,-49.41,-79.02032520249172
35,-1185.05,-1097.8165860013514
36,-1.39,-45.72905240911154
37,-1.31,-41.44607920371293
38,-9.84,-53.08226945767479
39,-93.9,-134.35722416848785
40,-47.48,-106.79743124744579
41,-14.12,-51.02086542820688
42,-2.86,-42.56193070531486
43,-0.77,-42.898960414037965
44,-173.76,-151.06490462176134
45,-34.83,-92.89904281664761
46,-9.91,-51.50905813003579
47,-14.69,-51.02086542820688
48,-6.16,-47.278752207962846
49,-2.39,-43.42554010972914
50,-3.29,-45.688887993771175
51,-8.79,-50.4836427556159
52,-3.78,-45.688887993771175
53,-24.54,-89.18048750944689
54,-1.21,-41.44607920371293
55,-20.56,-79.02032520249172
56,-2.58,-43.42554010972914
57,-29.9,-63.330349472476115
58,-12.93,-63.330349472476115
59,-3.73,-43.42554010972914
60,-2.07,-41.1892398186762
61,-16.54,-64.38630024119801
62,-5.13,-45.688887993771175
63,-8.82,-50.4836427556159
64,-37.03,-92.89904281664761
65,-1.17,-41.1892398186762
66,-1.63,-42.86902522959684
67,-77.62,-114.37907174196944
68,-82.36,-114.37907174196944
69,-28.74,-63.330349472476115
70,-82.29,-134.35722416848785
71,-11.88,-50.4836427556159
72,-6.67,-51.50905813003579
73,-35.91,-75.20646823675885
74,-2.76,-42.56193082625314
