,target,predicted
0,-45.05,-82.14609565192116
1,-47.16,-1097.8165860013514
2,-51.65,-82.81630779574282
3,-21.22,-43.43591687687831
4,-6.7,-47.278752207962846
5,-0.87,-42.898960414037965
6,-45.06,-82.14609565192116
7,-22.17,-73.75842063488989
8,-11.12,-1599.2621154199699
9,-2.51,-41.1892398186762
10,-1.23,-41.44607920371293
11,-2.5,-43.566993027394794
12,-5.3,-44.75839758011891
13,-23.47,-79.02032520249172
14,-3.59,-50.555586301108804
15,-85.25,-82.81630779574282
16,-6.65,-49.88797351273804
17,-7.06,-50.555586301108804
18,-1671.03,-1599.2621154199699
19,-10.78,-50.555586301108804
20,-0.37,-42.898960414037965
21,-3.3,-43.566993027394794
22,-59.89,-82.81630779574282
23,-1.16,-45.72905240911154
24,-2.2,-45.72905240911154
