,target,predicted
0,-2.71,-2331.364506725015
1,-20.32,-181.34620503224275
2,-41.53,-215.36725813195233
3,-2727.43,-1176.1041618781974
4,-3293.85,-1936.4144879469295
5,-3.16,-99.73414601302991
6,-1739.12,-1875.9800540360054
7,-22.83,-207.2174026860974
8,-2084.19,-1676.2355962782342
9,-47.48,-232.93093142600844
10,-3.6,-230.78093863729464
11,-15.32,-78.99557025330306
12,-3800.03,-3559.087146635838
13,-333.94,-480.37915625829805
14,-16.74,-159.46724134893623
15,-3114.61,-2470.471426289339
16,-2717.18,-1936.4144879469295
17,-46.77,-141.64343831508506
18,-2236.81,-3559.087146635838
19,-1906.69,-1946.4731636220854
20,-9.82,-132.65108260488995
21,-3.73,-141.64343831508506
22,-260.35,-480.37915625829805
23,-209.54,-262.4948462917634
24,-1691.56,-2938.1638231159327
25,-35.76,-181.34620503224275
26,-2756.74,-2916.1470100986294
27,-35.0,-207.2174026860974
28,-2289.87,-2570.5304464605465
29,-2.98,-192.89223065363507
30,-1841.16,-1875.9800540360054
31,-5.14,-96.1059480197417
32,-1.64,-163.83224444059047
33,-1.22,-94.3758293313469
34,-2228.76,-2570.5304464605465
35,-2675.86,-2628.1914772582622
36,-10.64,-78.99557025330306
37,-3685.4,-3479.1160486276694
38,-8.56,-168.44174025193888
39,-1.98,-96.80423147614741
40,-3.21,-181.34620503224275
41,-8.26,-124.42075584983665
42,-7.65,-86.36333902036725
43,-3.43,-230.78093863729464
44,-173.48,-1248.5179699099995
45,-1542.53,-1846.317655854176
46,-33.64,-1176.1041618781974
47,-13.69,-169.32329357256
48,-1531.16,-202.70577334136382
49,-4.01,-95.38793122421768
