,target,predicted
0,-1531.16,-165.0945556442336
1,-47.82,-170.50079382419554
2,-61.3,-195.050721534365
3,-3.65,-133.8318811514992
4,-3.94,-106.6036075551752
5,-47.08,-195.050721534365
6,-1482.57,-2447.89923644629
7,-29.51,-145.20679430137773
8,-17.53,-350.10776133392756
9,-23.85,-223.91903013507275
10,-991.01,-164.0971890610577
11,-35.25,-194.13396840694924
12,-7.46,-98.98269284116472
13,-41.92,-2447.89923644629
14,-58.67,-165.0945556442336
15,-33.71,-277.8650186783292
16,-41.22,-118.40055868424238
17,-1515.51,-277.8650186783292
18,-43.22,-154.8087387433988
19,-60.88,-161.9831183827541
20,-7.22,-116.97903703590833
21,-9.01,-116.09004044051568
22,-2.46,-112.53211836050856
23,-27.46,-219.02275752574354
24,-47.16,-1127.6900511177273
25,-17.98,-93.16188030549972
26,-17.87,-116.97903703590833
27,-4.16,-162.36519360606894
28,-4.55,-137.0646895217368
29,-9.45,-152.50734893042733
30,-11.67,-125.12974948643252
31,-1.77,-106.6036075551752
32,-79.59,-178.32698269594576
33,-4.29,-131.41873013757365
34,-6.06,-95.76151064793142
35,-3.11,-93.16188030549972
36,-56.28,-196.77504311458011
37,-3.21,-148.9407385747036
38,-3657.26,-2234.915276488559
39,-1.09,-97.33659669855791
40,-3.32,-97.4476003870365
41,-2505.5,-160.18782161758057
42,-3.09,-138.7009201135663
43,-3.73,-142.2786111958642
44,-2907.84,-2300.0977516882804
45,-3.59,-125.8644372186522
46,-1.38,-132.198498145326
47,-1.84,-100.60929585500665
48,-1788.7,-1751.857409236548
49,-23.78,-160.18782161758057
50,-3.99,-107.98753696997204
51,-1.55,-97.4476003870365
52,-3.91,-116.65396410497473
53,-14.63,-223.91903013507275
54,-22.89,-178.32698238298494
55,-74.17,-153.95149421995058
56,-8.0,-219.02275752574354
57,-42.78,-322.9742390206244
58,-47.19,-105.62524336050554
59,-1890.34,-161.9831183827541
60,-29.12,-165.0945556442336
61,-0.99,-97.33659669855791
62,-9.91,-113.5467373705889
63,-1821.88,-1092.796696466964
64,-15.94,-118.68294010376414
65,-15.32,-98.98269284116472
66,-0.86,-130.35266723391572
67,-32.54,-196.77504311458011
