,target,predicted
0,-4.71,-8.917732826561068
1,-15.66,-2.0311062213185167
2,-39.84,-15.22946230490562
3,-0.67,-2.7119590776931544
4,-1.07,-7.291268012343417
5,-1.23,-1.5171327783596176
6,-23.77,-9.338602403980502
7,-3.41,-9.864290939261341
8,-7.06,-4.500767280700064
9,-1.43,-7.756755051760791
10,-28.35,-2.0311062213185167
11,-16.33,-2.0295017407913556
12,-1.23,-2.7119590776931544
13,-12.08,-5.1054219277655655
14,-0.33,0.6559567296635906
15,-6.42,-18.64567153871667
16,-13.76,-5.12449237312836
17,-9.65,-24.09671321497479
18,-2.24,-7.217515103784978
19,-37.92,-8.361386074293367
20,-0.39,-1.089444709186922
21,-25.2,-15.951230034607097
22,-5.04,-4.500767280700064
23,-1.14,-14.54590883329447
24,-1.1,-7.212015914267541
25,-1.84,-10.644626370596557
26,-1.48,-11.447504350129279
27,-4.62,-19.163277096025315
28,-2.89,-1.0681180016877565
29,-0.94,-2.0295017407913556
30,-2.87,10.2395197716491
31,-0.99,-6.84439452587497
32,-11.32,-18.82448713840682
33,-11.56,-14.923062901982334
34,-6.27,-20.04438002560417
35,-1.12,-10.644626370596557
36,-13.31,-4.602115180030796
37,-0.85,1.4334408902247513
38,-3.18,-8.918752415390621
39,-4.16,-13.824907030150598
40,-2.77,-5.405250104707118
41,-11.47,-7.756755051760791
42,-10.69,-8.731489875621799
43,-20.8,-12.719082348066685
44,-0.83,-12.364940222671033
