,target,predicted
0,-5.64,-49.716283902024216
1,-12.07,-54.94183305820241
2,-12.66,-54.90306262473987
3,-1.29,-42.225195041635985
4,-3293.85,-3092.103842281854
5,-2727.43,-2250.5620171862247
6,-1776.15,-1883.5251841973209
7,-694.32,-884.0416726043146
8,-1590.24,-1552.4590263932205
9,-17.98,-49.716283902024216
10,-3.41,-47.5399292365399
11,-3555.34,-3727.0735843087155
12,-5.69,-121.23684809320895
13,-10.64,-50.71687907275871
14,-1.25,-46.86240568124206
15,-3.16,-45.783144971427774
16,-5.14,-46.03117331765518
17,-12.27,-49.63033293598554
18,-1542.53,-1883.5251841973209
19,-3019.19,-2823.6364647937257
20,-3.56,-48.291930344109474
21,-2328.29,-2823.6364647937257
22,-7.65,-54.90306262473987
23,-3685.4,-3727.0735843087155
24,-15.32,-50.71687907275871
25,-2199.18,-2146.5914567753816
26,-11.39,-54.94183305820241
27,-2.66,-45.509881414339844
28,-29.64,-244.5160254256995
29,-1599.21,-1933.047523836732
30,-2.43,-44.42041783786456
31,-2448.32,-2248.968655738424
32,-1175.43,-2250.5620171862247
33,-1.22,-43.111964932030574
34,-2196.81,-2146.5914567753816
35,-76.63,-244.5160254256995
36,-3564.45,-1933.047523836732
37,-3800.03,-3344.456711464881
38,-3890.98,-3485.0820148248736
39,-3631.26,-3727.0735843087155
40,-9.01,-48.9751430302356
41,-2128.42,-1552.4590263932205
42,-10.54,-49.63033293598554
43,-2236.81,-3344.456711464881
44,-7.84,-49.63033293598554
45,-4.87,-46.03117331765518
46,-1842.39,-1883.5251841973209
47,-3976.99,-3485.0820148248736
48,-3971.85,-3802.254612650826
49,-3855.6,-3572.877165463762
50,-46.77,-71.7337628427322
51,-3.66,-47.5399292365399
52,-3.35,-48.291930344109474
53,-2.32,-44.42041783786456
54,-2756.74,-2913.0992756025917
55,-3601.52,-3572.877165463762
56,-3.11,-49.716283902024216
57,-11.61,-54.94183305820241
58,-1.15,-42.225195041635985
59,-1622.5,-1552.4590263932205
60,-2.15,-43.8581705771141
61,-7.46,-50.71687907275871
62,-3860.77,-3579.224585779343
63,-1.84,-42.225195041635985
64,-3840.88,-3579.224585779343
65,-3.19,-43.8581705771141
66,-2289.87,-2280.3683781846926
67,-2.95,-45.783144971427774
68,-3.73,-71.7337628427322
69,-2.74,-46.86240568124206
70,-3462.55,-3579.224585779343
71,-3827.24,-3344.456711464881
72,-3824.62,-3485.0823248267675
73,-3114.61,-2823.6368468290634
74,-5.97,-45.783144971427774
