,target,predicted
0,-5.6,-46.03117331765518
1,-2719.07,-2913.0992756025917
2,-3.26,-45.509881414339844
3,-39.93,-244.5160254256995
4,-3049.36,-1933.047523836732
5,-2228.76,-2280.3683781846926
6,-3657.26,-2146.5914567753816
7,-2.85,-113.81086860293003
8,-1.98,-44.42041783786456
9,-1941.4,-3092.103842281854
10,-2718.25,-2280.3683781846926
11,-3664.98,-2913.0992756025917
12,-3.53,-45.509881414339844
13,-2717.18,-3092.103842281854
14,-33.64,-2250.5620171862247
15,-8.26,-113.81086860293003
16,-4007.87,-3802.254612650826
17,-1.55,-43.111964932030574
18,-4.01,-47.5399292365399
19,-6.06,-46.86240568124206
20,-1.27,-43.111964932030574
21,-4001.81,-3802.254612650826
22,-1.94,-43.8581705771141
23,-3105.59,-3572.877165463762
24,-3.77,-48.291930344109474
