,target,predicted
0,-28.09,-71.8771680932187
1,-1.11,-9.457251209419987
2,-2.07,-27.997218268451803
3,-4.29,-72.87146842247056
4,-47.2,-89.26485198766282
5,-5.01,-19.49444616447858
6,-82.36,-135.21374890178691
7,-3.73,-153.4335860686607
8,-14.12,-37.216224809660645
9,-1185.05,-992.8003581221066
10,-56.24,-89.26485198766282
11,-20.56,-95.06530531292626
12,-2741.44,-1357.1782066386422
13,-0.74,-11.408725736672537
14,-8.93,-72.87146842247056
15,-37.03,-89.30268303195164
16,-21.52,-38.31806192962113
17,-3.28,-1500.481200833908
18,-2.2,-40.09209483469009
19,-8.2,-28.33796971445753
20,-21.22,-47.16420695497051
21,-1.23,-33.67305629182641
22,-3.65,-47.16420695497051
23,-10.1,-149.73439462703283
24,-5.3,-48.51419779785005
25,-11.88,-52.28269753973745
26,-10.77,-149.73439462703283
27,-1.31,-33.67305629182641
28,-3.29,-36.880962787666036
29,-5.88,-48.099123111612045
30,-85.25,-121.07502281233094
31,-3.29,-27.997218268451803
32,-2420.28,-2320.2379771987385
33,-9.91,-50.91000011378149
34,-5.02,-48.51419779785005
35,-47.16,-992.8003581221066
36,-2757.22,-2320.2379771987385
37,-65.41,-38.31806192962113
38,-105.08,-119.61026600650162
39,-43.06,-76.97865657577664
40,-42.7,-211.28955889419458
41,-26.32,-25.492460066187252
42,-1.97,-11.408725736672537
43,-4.78,-153.4335860686607
44,-15.66,-76.97865657577664
45,-49.18,-211.28955889419458
46,-6.67,-50.91000011378149
47,-2.86,-24.223817017464892
48,-3.46,-47.16420695497051
49,-47.48,-1500.4812008339093
