,target,predicted
0,-1.55,-10.745039446884032
1,-79.25,-22.27077464409539
2,-1694.52,-21.86086667377645
3,-2.37,-25.85586753846581
4,-14.92,-17.241200547185656
5,-1671.03,-21.86086667377645
6,-5.64,-12.854040545123656
7,-50.95,-17.467858216898748
8,-1.45,-13.064715162473533
9,-58.67,-32.396224581391465
10,-1.09,-9.771340944310477
11,-4.24,-12.491396404368484
12,-15.32,-14.653793049856644
13,-11.18,-19.299297710747553
14,-52.27,-17.241200547185656
15,-5.57,-17.42420764346673
16,-16.41,-13.640651585384166
17,-8.65,-17.473635086414543
18,-61.3,-32.042886456399906
19,-0.77,-13.779790698964316
20,-6.06,-10.08030642807371
21,-21.96,-11.732769525177584
22,-115.73,-17.824792345707674
23,-24.5,-22.931698347271123
24,-7.65,-13.734964441275116
25,-42.8,-22.340958543980005
26,-1.29,-10.758676110573358
27,-10.64,-14.653793049856644
28,-2.89,-12.99206535708393
29,-9.4,-19.077803863094164
30,-20.32,-15.943341042473914
31,-3.46,-17.60641140125245
32,-3.65,-19.617651754809977
33,-10.78,-18.009419228982164
34,-3.79,-25.645671063777748
35,-7.5,-18.96401334589397
36,-12.66,-13.734964441275116
37,-240.66,-19.85660964432062
38,-19.87,-21.138135738670883
39,-41.22,-14.105472075273212
40,-29.12,-32.396224581391465
41,-35.76,-15.943341042473914
42,-31.19,-25.9952724705161
43,-82.62,-23.024539333224883
44,-3.14,-22.05403719231009
